min_x,min_y,max_x,max_y,name
37.588622157179046,55.567250174459396,37.594245991321344,55.57112307697716,Коктебельская улица
37.59599166261788,55.573780254876155,37.59842033165624,55.574847842188625,Варшавское шоссе - МКАД
37.91152166965047,55.25108964540332,37.91432952812146,55.252024154910764,Агрострой
37.75993122046587,55.51810113053568,37.76215498320602,55.519296668995445,Теплицы
37.57532036349976,55.580657758798694,37.5793108561484,55.58293903500416,Метро «Лесопарковая»
37.62035604147404,55.54341494937675,37.621940358969006,55.54431325058713,Лесничество
37.54045338418666,55.31219054781813,37.54202841627554,55.313088852145334,Лаговское
37.57301547423204,55.43865112616543,37.57473991861643,55.439687973823176,ПЭССК
37.67580494221389,55.322917719362394,37.677572149320056,55.32443898005248,Валищево
37.72693119998987,55.33205298564103,37.7293658913002,55.33305061537939,Долматово 2
37.907250896003625,55.573153295159685,37.90959670886735,55.57440810432269,Музыкальная школа
37.64448485354907,55.61767375761847,37.64628875368811,55.61874834244651,Улица Бехтерева
37.98073463051,55.60330379463886,37.982321569818495,55.60420220532639,Новые Островцы
37.65733580556899,55.5793698451397,37.65892159486311,55.58026815482437,Булатниковская улица
37.56737041672311,55.573230223756795,37.56965147084128,55.57461617656819,МФЦ Северное Бутово
37.4921866281788,55.429854228109654,37.49652935235571,55.43201518379914,Юбилейная площадь
37.51505288468103,55.487770847564924,37.516718919059585,55.48900485214064,Рязановское шоссе
37.91073295733918,55.5806992963124,37.91236744486974,55.581767702689305,ТРЦ Весна
37.81376342585235,55.400356394076404,37.81551257579724,55.4016301048424,Школа
37.88444130530915,55.59573177816418,37.886462199904145,55.596718620010094,Петровская столовая
37.91908821989191,55.61270900982296,37.92119357185743,55.61366609077312,Животноводческий комплекс
37.54149223942095,55.350892158528374,37.543163455750815,55.351796240649534,Административный корпус
37.58802584874571,55.518277690627016,37.59049654999054,55.51950860790268,
37.66352793604426,55.530274542801536,37.669070169096145,55.53210794642567,Подсобное хозяйство
37.84674883208458,55.51056570771438,37.84833196828503,55.51146409225041,Санаторий
37.58042986365392,55.53266928987352,37.582850854715744,55.534241410856396,Новоникольское
37.598555900600566,55.59349523484758,37.605264849674555,55.59657653411016,Метро «Улица Академика Янгеля»
37.585168633448504,55.47168357793642,37.58680308749611,55.472952271877055,Сады ЖБК
37.70038646888546,55.54413780013797,37.70273362133362,55.545135000880364,Проспект Ленинского Комсомола
38.02896145653455,55.57183914043713,38.03063964655515,55.57306565916708,Заозерье
37.53532019993876,55.40805211802655,37.53693410235641,55.40910118109135,Физкультурная улица
37.63821231405256,55.53453524537191,37.639796286384524,55.53543355459205,
37.733036733671995,55.58758913790116,37.73532270604954,55.5896262255471,Совхоз имени Ленина
37.769873108651545,55.3777267104383,37.77145089173956,55.37862508952614,Санаторий Подмосковье
37.71603779010126,55.5394655316457,37.717622010310954,55.5403638683186,"Берёзовая улица, 10"
37.50125143708517,55.36061515933651,37.50282836339082,55.361513440626794,
37.586902129950126,55.57492530119696,37.58925886461491,55.57619969828599,Молодёжный комплекс
37.4207711512345,55.405920184545856,37.42306543105477,55.407446016130855,Сады «Нефтяник»
37.81734497865779,55.25001710263812,37.819736744350536,55.251730798362914,Уварово
37.69787482309798,55.55302433586006,37.69945957732041,55.55392266410416,Социально-экономический институт
37.85033412143121,55.56104878879458,37.855682169313035,55.56214251319724,Ново-Молоково
37.881599709938435,55.59816522647211,37.88362628429811,55.59913827157602,Петровское
38.16253859489873,55.4537255605057,38.16411960536872,55.45462403946002,
37.75052877840999,55.43471281793248,37.752108821988635,55.43561118203189,Налоговая инспекция
37.97459759261876,55.610208896006434,37.976184807711846,55.61110730395881,Фабрика Октябрьской Революции
37.528300696060896,55.41015487791866,37.530355999009025,55.41131902196795,Залинейный тупик
37.763551827929035,55.447055316629,37.76513237246572,55.44795368333546,"ПШО ""Орёл"""
37.83498156210524,55.415951754477014,37.83836420713633,55.417597590351384,Торговый центр
37.56110920045138,55.429471641309256,37.56792281843381,55.43365565369086,Станция МЦД Подольск
37.707679199754146,55.47156529705331,37.71004750871078,55.47289790285561,ЖК Домодедово-Парк
37.506419783712936,55.43149387117232,37.50860493161361,55.43290972936341,Ателье мод
37.65960807712744,55.528529967125486,37.66142063025764,55.52961413295237,Суханово
37.68434331228969,55.42769527804152,37.6860198916952,55.42895442161324,Овчинки
37.637615822168435,55.52254185545894,37.640191273818346,55.52368274169949,ЖК «Суханово-Парк»
37.576565236810715,55.33095096994192,37.57984914721997,55.33211123276882,Михалицы
37.55360714281512,55.437110343696475,37.555746151480506,55.43805685678539,Дом-музей Ленина
37.67896555596804,55.6062738431806,37.68055244445779,55.60717215678355,З-я Радиальная улица
37.578374803128845,55.57382453845723,37.58016320318896,55.575264760838444,"Бульвар Дмитрия Донского, 1"
38.13837488924728,55.47620617567054,38.14066551506121,55.477436123820134,
37.56241803674184,55.569477662468486,37.56400336372053,55.57037593749516,"Улица Грина, 42"
37.87881763839975,55.552879711574676,37.880479670676934,55.55390358818783,Орлово-2
38.065064690841524,55.329464063137465,38.066640709454845,55.33036253682793,Нащёкино
37.74646417569298,55.47220066632739,37.74847587105718,55.47351543534909,32 км
37.71847643655665,55.606080914581995,37.72075247101197,55.607049286176874,"Каширское шоссе, 122"
37.70135377945012,55.55451147164566,37.70350952689481,55.55572822830244,Школа №2
37.70801465911987,55.601523147145116,37.709608844951404,55.6026369528068,"Шипиловский проезд, 63"
38.0023295892483,55.576333417795745,38.0046954162812,55.57760688174188,
37.73275651159366,55.44364266173645,37.73484969706462,55.44487923844439,Храм
37.87104277989891,55.5601868471731,37.873017325673764,55.56111595313645,Правление
37.55504262087706,55.546013784416324,37.55668086813412,55.54751181546344,1-й микрорайон Южного Бутова
37.70106139659614,55.622385068628816,37.70342250375761,55.623285931409406,Школа № 548
37.9034216659583,55.58269700431173,37.90500773439467,55.58359539565326,Администрация
37.591239617834376,55.57590251330441,37.59301208782077,55.577306586017265,Симферопольское шоссе
37.67562099814772,55.57940186767448,37.67825431491214,55.58141063038742,Ягодная улица
37.5824866816029,55.61243277786338,37.58861577966805,55.61387270889149,"Улица Красного Маяка, 11"
37.90942725848126,55.58752159502834,37.912251029269335,55.589146584748605,Военкомат
37.83754436006556,55.22513023963419,37.83994472972524,55.22614096151273,
37.59557333965273,55.564921511461726,37.59790076360531,55.56585398892716,Ботанический сад
37.77345784827641,55.433163865883856,37.77512585827747,55.43450243390953,Котельная
37.561563490853985,55.413693645922535,37.56316681963038,55.414716853617655,Сады
37.59740019866168,55.487264060070586,37.59935288686698,55.48856784026171,Дом отдыха Колос
37.824708212656965,55.49688621021634,37.82629078771939,55.49778458974835,Мещерино
37.640318150339354,55.61726094951266,37.642074644014016,55.61865564982422,Котляковское кладбище
37.64817743465607,55.57395784329636,37.652643869511046,55.57520765318254,Бирюлёво-Западное
38.088258604224166,55.51891957420881,38.089842196068155,55.519818025756734,РАОС
37.57800424538771,55.41394596060465,37.57968904765164,55.41532733909559,4-я проходная ЗИО
37.596725118269994,55.5549070547246,37.59830988218095,55.555805345239186,
37.62035610053786,55.573801145216926,37.6220153154706,55.575536754666864,Южная ТЭЦ
37.7821157520019,55.410510210810955,37.78369484838608,55.41140858915355,Магазин Дачник
37.75927161407136,55.562473525873955,37.760856786327544,55.56337187409052,
37.71876176193957,55.60014968164321,37.72054555364997,55.601402418306975,МФЦ Орехово-Борисово Северное
37.56542334515906,55.49937250265604,37.56763704329694,55.50036869832364,Дом культуры
37.57617548454576,55.31154844072182,37.57775051590512,55.3124467592418,Романцево
37.597986095315676,55.3340951964489,37.59978080379406,55.335397701895374,
37.53629429092839,55.412699279969544,37.539675795377285,55.41382692242028,Магазин «Руслан и Людмила»
37.81884232114147,55.5264452133439,37.820426079237464,55.52734358662077,
37.76515348837346,55.43900161576317,37.76673371202059,55.439899984201276,Советская улица
38.00097289207942,55.5889469270827,38.00948605507331,55.591305081871404,Островцы-2
37.72903660775771,55.486272054664546,37.7342699949141,55.49043268845084,Ленинская
37.80030806027883,55.33946310254793,37.801884340101736,55.3403614974166,ДРП-4
37.95774267398589,55.28430175098121,37.95968891660271,55.28549754923403,Уварово
37.438477131088476,55.39758424511973,37.44113926711532,55.39879545237179,Ознобишино
37.60030294201715,55.54372265321337,37.60188725843235,55.544620946750435,Лесной питомник
37.5873732492755,55.59805897703841,37.5895576423547,55.59972062915541,Поликлиника
37.8261350107127,55.27092089328011,37.827708589658144,55.271819306684485,
37.64929347988202,55.60686927525889,37.65404962617874,55.60792578462797,"6-я Радиальная улица, 20"
37.59048677723512,55.54429439978858,37.59213852410386,55.545440499815726,Варшавское шоссе
37.54697702437532,55.39536408944909,37.54952959007493,55.3968891108913,Кутузово-2
37.669151410137175,55.57125647813524,37.670884883248,55.572664721371986,5-й микрорайон Загорья
37.58068707134708,55.57821973904979,37.58453973142372,55.5791624615571,Качалово
37.59785351100039,55.52175116085382,37.60032101500523,55.52356404031995,"Южная улица, 25"
37.55340326498731,55.55058254613692,37.555701022099655,55.551986054215256,Детская поликлиника
37.96646269086657,55.367874429713154,37.96872810075625,55.36885277110594,Сады
37.59823059686532,55.58865123786674,37.60069471056092,55.58973408676185,Улица Кирпичные Выемки
37.65742961482847,55.58056056622483,37.6632237908903,55.58491018704546,Платформа Бирюлёво-Пассажирская
37.57366090411773,55.56679325715429,37.57560760180802,55.567748640988285,Улица Грина
37.57553406674061,55.51674805471101,37.57831371145433,55.518534846083654,Щербинка
37.73951624129819,55.584641152625736,37.74154627263455,55.58595544775501,Строительный рынок
37.50558754557795,55.429079944477714,37.50777416397278,55.4303698557199,Горэлектросеть
37.76547473098706,55.4218363144406,37.76705426940648,55.42273468552385,Микрорайон Дружба
37.59648190246794,55.60383825149428,37.59863489483496,55.60499734798106,Кировоградский проезд
37.76369958028715,55.28542463548512,37.76564081504681,55.286955162576234,
37.7862418917331,55.38700919360302,37.78855222958579,55.38863740726408,Магазин
37.64403198393675,55.58639532326404,37.64797994041838,55.588092138024,Медынская улица
37.82005400617231,55.55812782455224,37.8223412961679,55.55923817366789,Загородная улица
37.559574697066935,55.312530894619314,37.56241749577557,55.31353560646252,Алтухово
37.84993933479822,55.62997419764635,37.85191626661766,55.63105000201459,Площадь Дмитрия Донского
37.99411309046616,55.59313607293681,37.996344488329584,55.59472922786651,По требованию
37.79397238135768,55.60075995308294,37.79676369798988,55.60202261179358,Дроздово
37.6005297283944,55.5901545715187,37.60458562379099,55.5928117866652,Улица Газопровод
37.67560195396552,55.57673025578316,37.67721005439072,55.578065744149725,МФЦ Бирюлёво Восточное
37.72248540798664,55.42689535096002,37.72449289133531,55.427954248314,Авдотьино-1
37.72424045140723,55.595638774357006,37.727084192992834,55.59823341208975,Каширское шоссе (МКАД)
37.747736885033646,55.468933327449854,37.749490920248874,55.470314271912144,Железнодорожный посёлок
37.70722123339743,55.545331385184,37.70961977532049,55.54632081580721,Гастроном
37.73744454036199,55.610240526032335,37.73953196298422,55.611279272460884,"Воронежская улица, 30"
37.908856842612664,55.57882260321244,37.91044275773848,55.57972099675258,Дом культуры «Мир»
37.75884496280676,55.624513030520255,37.76043263759377,55.625411369444215,Гипермаркет «Ашан»
37.51985467782883,55.433531060933184,37.521434522643325,55.43442933903024,Посёлок Володарского
37.90969721646911,55.304776551510436,37.91137217229918,55.30586844829468,Успенское
37.83825477458459,55.33051145119266,37.840081524624765,55.33141474881841,БКЗ
37.81246462215604,55.38076443420177,37.816406695298625,55.38386925593089,Востряково-2
37.76024275486154,55.620048133491494,37.762622734089234,55.62143826662934,"Задонский проезд, 40"
37.7476767095059,55.621588064696496,37.75192356277218,55.62330464145544,"Шипиловская улица, 60"
37.76475640161754,55.44143653875635,37.766898680024795,55.44359535964257,Завод Кондиционер
38.090583480393384,55.33759990810618,38.09289802718109,55.33857429270694,
37.8037826174367,55.393485608001505,37.80840947446235,55.396564660574136,Платформа Взлётная
37.66200490415096,55.60724940368023,37.66375920454842,55.6083196962989,Дуговая улица
37.48462739558588,55.42202132334639,37.486678496027764,55.42297407719624,"Улица Академика Доллежаля, 7"
37.58006994283244,55.45655903745644,37.581788047766324,55.457629662481764,Аптека
37.753009513991245,55.471754406478645,37.754758082126656,55.47309279271203,37 KM
37.61651739303324,55.61040295504195,37.61810440741283,55.61130124492196,17-й автобусный парк
37.63433825581385,55.46269014079178,37.63591934462256,55.46358845917215,Посёлок Стрелковской фабрики
37.80753709083742,55.472102122594265,37.81009331153065,55.47302977774862,Камкино
37.760429362265846,55.45038701740412,37.762010038129986,55.45128538256028,Улица Лесная
37.56034133858523,55.41931710045361,37.562419865026925,55.42046449930497,Проходные ЗИО
37.94629835629188,55.628178470918435,37.94942291563469,55.630231330209774,Север
37.654093551447396,55.54230891386595,37.65670294315977,55.543278986858105,
37.66522972032954,55.47642546622216,37.666845382652845,55.47755613366617,Ворыпаево
37.6708195711046,55.589090683299865,37.6729471320209,55.59014431514001,Ряжская улица
37.8884555577664,55.588675195179746,37.8902883395546,55.590047603318624,Кладбище
37.524792204155055,55.35507991012511,37.52866670319116,55.35883544853623,Станция Гривно
37.512924138557445,55.454611947599304,37.51624915232255,55.45624965045096,СНТ «Десна»
37.94719774184153,55.622286969142024,37.94958045753467,55.62344932929557,
38.00778202744334,55.54853968687761,38.00936677287539,55.549438113087696,"Коттеджный посёлок ""Белый берег"""
37.53066169138843,55.416199828478916,37.53243301344953,55.4175846707453,Улица Свердлова
37.91717336506629,55.45305529269266,37.918754235279536,55.45395370727232,Истомиха
37.59506133901693,55.543960154236885,37.596645661434245,55.544858445726916,Лесной питомник
37.80557220524859,55.5890651622101,37.80879089886654,55.59002663854969,Сады Дружба
37.77719451182152,55.39252781030368,37.77877288856761,55.393426189660815,
37.73720850633696,55.44420586298349,37.7388246948404,55.445263336449855,Улица Речная
37.59504022085684,55.4550938476816,37.59662097959193,55.45599215228217,Цемзавод
37.45466149230115,55.435419020218,37.45636230303529,55.43631557973916,Кутьино
37.671953683605004,55.54395806191854,37.674230710640515,55.5449899355065,Хлебозавод
37.51494454833002,55.40000325945219,37.516523052142766,55.40090154051118,
37.480154809020966,55.418881434144105,37.48204820933141,55.42027536607559,"Улица Академика Доллежаля, 19"
37.71975853467466,55.620157264584925,37.722228165329625,55.621057835357625,"Шипиловская улица, 25"
38.08347489040245,55.36861580446411,38.08643870456936,55.369593196336595,Ганусово
37.53322797051833,55.503239625411815,37.53508832067662,55.504375774733255,Барышевская роща
37.60093116867888,55.33999987040578,37.60404185058881,55.341814629815296,Ферма
37.81375680722398,55.502299612385606,37.815339593156,55.50319798757904,
37.89803191145279,55.5854717053271,37.89961808890198,55.58637009463788,Магазин Автозапчасти
37.519677406878074,55.481819740226086,37.52239847834321,55.48341215987703,Ферма
37.78097363082905,55.50659380275855,37.78286857549991,55.50752849538049,Экспериментальная база
37.84775789663394,55.62852209577088,37.849498997324304,55.629914003680014,Больница
37.66147906739995,55.61164619870528,37.66313983866765,55.612946001122054,Царицынский путепровод
37.56872045752049,55.510842934652175,37.571543539656915,55.51178596574779,Школа
37.75788277053029,55.61055752820126,37.761601718704384,55.61233116927223,Парк «Шмелёвский ручей»
37.74143911690196,55.594161653898645,37.7453925579557,55.59551975086361,Старый посёлок
37.75924355610508,55.60840834671876,37.76150894048616,55.609342953629174,"Гурьевский проезд, 35"
37.49428076686273,55.43279259673466,37.49640462442787,55.434280019097805,Почта
37.56359584416208,55.411319372879724,37.56597944970406,55.41262012664502,Стадион
37.74606621432835,55.612253931798456,37.747653386076,55.61315226816596,Международный автовокзал Красногвардейский
37.71283429591477,55.534250331824516,37.71441830449835,55.53514866813974,Брусника
37.79734523808207,55.47279269172684,37.799155860430865,55.474118506670514,Киселиха
37.84190734279724,55.495914644263586,37.8439873595267,55.497041455331726,Река Пахра
37.73601588563447,55.621267992630244,37.738010415645675,55.62234800698453,"Шипиловская улица, 41"
37.71673403012844,55.59556827454763,37.71835807380591,55.59673752534673,6-й микрорайон Орехово-Борисова
37.74409128231073,55.43696985835564,37.745764823763054,55.437856740417544,Больница
37.569296677393744,55.49763822859777,37.5727277525174,55.49877514684043,Обводная дорога
37.60300293334235,55.599356273434516,37.605283268585445,55.600274026789336,"Варшавское шоссе, 150"
37.63411246793113,55.58854112812398,37.635979008330786,55.590757771390464,Ступинский проезд
38.16087768387838,55.435791444818534,38.16406661260819,55.43674975576623,Пионерский лагерь
37.57453723053029,55.419852067151965,37.576657078069516,55.42081353349879,Почта
37.924095778872264,55.341858883449845,37.925672221469064,55.342757316515105,Красный Путь
37.587539515748844,55.4555238264956,37.5896203844543,55.456616172653916,Поликлиника
37.77760669052283,55.39359101031331,37.77918510986618,55.39448938965117,
37.55158887447184,55.54700121890331,37.55616625477348,55.54963414111069,Метро «Улица Скобелевская»
37.78036941004698,55.620721642664854,37.788113865133376,55.62311490599493,Южные Ворота
37.714732299052194,55.60015681720037,37.716425604922115,55.60142568240076,"Домодедовская улица, 46"
37.78433464760951,55.48115169981355,37.78653425521676,55.48223079850352,Плотина
37.78357459410051,55.61031916814975,37.78523973461497,55.61266403170415,Иновационно-промышленный комплекс
37.779295301508725,55.49603044923335,37.781304641818885,55.49921225026432,Поворот на Школу
37.883931297386006,55.27468103188449,37.88618810360487,55.27581266668289,Улица Дубки
37.79680371814493,55.56001083566592,37.79942986867825,55.561072766024594,Городок
37.585890929737076,55.55948975715136,37.58747587071747,55.56038804281238,Новобутовская улица
37.519831266797354,55.35862896205808,37.52226422160516,55.36100944774033,ДК КМЗ
37.66497225431888,55.61632168964424,37.672356781329405,55.623471925144166,Метро «Царицыно»
37.57391198991543,55.49965805313077,37.576587515077776,55.50062104761912,Захарьино
37.57208262905374,55.50578637674011,37.57532220653387,55.50809972511297,улица Маршала Савицкого
37.59722661129202,55.50336544550114,37.60069097615638,55.50511925287354,МФЦ «Щербинка»
37.62602158279782,55.43843872260869,37.628551204597834,55.43948607891631,Покров
37.74723186993829,55.43745926059834,37.75058611660187,55.43899675354733,Улица Кирова
37.53535037827426,55.4826811505298,37.539199239594986,55.48389105295254,СНТ «Родничок-2»
38.00740351863337,55.50639970141051,38.00911739215265,55.507948698341764,Жуково
37.62972537940222,55.58607845076002,37.631311421038944,55.58697674920393,Мелитопольская улица
37.572121918864006,55.40833767293666,37.574640778175436,55.409618025795965,Профессиональное училище N27
37.48195357121125,55.47001823078637,37.48494682119809,55.471529667727445,Тарасово
37.56597224740642,55.44425685252844,37.56755255305134,55.445155147435166,
37.75677342568565,55.572946644591546,37.75909196522375,55.57427715540017,Апаринки
37.71025502182243,55.43315552481529,37.711834978589,55.43405387514894,ГПЗ Константиново
37.64271335200821,55.531310092962364,37.644377750171685,55.53241630571424,
37.74933137649267,55.441851494572546,37.75473840373961,55.44316180977184,Центральная улица
37.48894223437296,55.41622246598217,37.49052136610857,55.4171207339811,Улица Генерала Смирнова
37.7431670665785,55.44322165654205,37.74500303893795,55.44429474352859,Улица 8-го Марта
37.737691354707415,55.35775591195596,37.739383255227544,55.358822587877405,Одинцово
37.72458250000297,55.61187046275434,37.727386500361845,55.61277143730915,"Ореховый бульвар, 21"
37.54895935386905,55.551439644680876,37.551055752963556,55.55238675583221,Скобелевская улица
37.532412973693674,55.536977501357164,37.53568712957794,55.53918554548695,Южнобутовская улица
37.61395604494459,55.60822573791658,37.618055956425785,55.60980645592072,Старопокровский проезд
37.840885574682254,55.6228132641047,37.84247642029384,55.62396973584303,Площадь Святителя Николая
37.84016819508884,55.256329389958566,37.84174120527723,55.257227810006086,Купчинино
37.57235101930583,55.417222386519214,37.5741393766404,55.41860631242752,Северный район
37.71270041199933,55.60366355287789,37.71431237431079,55.60526274702935,Детская поликлиника
37.68210121126955,55.54659459774212,37.68882944308048,55.54988410638974,Станция Расторгуево
37.56357622710616,55.538937619424075,37.56597937875612,55.539899381287356,1-й Миргородский переулок
37.755055971666074,55.60731050483088,37.75766034086061,55.60835819677436,"Гурьевский проезд, 27"
37.58134362085357,55.4272807049832,37.58431265312382,55.42924719607458,Кабельный завод
37.91473340646035,55.602480908745314,37.91731362029462,55.60519398857153,Волкуша
37.7525114461801,55.588713605623774,37.75450405434036,55.589615394402244,Почта
37.515395923108585,55.47659092340645,37.51878299317896,55.47775107948599,Подольские кварталы
37.56933095277924,55.345901903030224,37.571538545664886,55.34706459613722,Мотовилово
37.89865892010194,55.256562422166766,37.90045185266928,55.258935677500524,Новослободская улица
37.76656953088633,55.529507638229205,37.7685262563946,55.53076836207014,Подсобное хозяйство
37.668733238558666,55.574075604991144,37.67045554758425,55.5752526948778,Бирюлёвские пруды
37.66056188897475,55.594107421400764,37.66390388840168,55.595910321738394,Кинотеатр «Керчь»
37.77708862066469,55.55594253421439,37.78105095746208,55.558057664732026,Поворот на Молоково
37.84815266839289,55.487247863816556,37.850483431954814,55.488408834726904,Колычево
37.563347397030945,55.54586667899794,37.56688232874215,55.547956821463565,Ливенская улица
37.62214307385757,55.38682653747602,37.62372112658075,55.38772486248781,ЖК Каскад парк
37.55203940135202,55.496765159153426,37.55362179911164,55.49766344081016,Майская улица
37.89807069533994,55.461792996193715,37.899651905012185,55.462691403771196,76-й участок
37.700105374955506,55.47067272938504,37.701686825460094,55.471571070579174,
37.68360415672845,55.21493413269437,37.68568703434707,55.216183367486785,Талалихино
37.51900823498796,55.4168228784106,37.520913134608,55.419381521071394,Реабилитационный центр Кораблик
37.64590267198975,55.5840109788746,37.647692737529965,55.5851166211589,"Медынская улица, 12"
37.81439994140791,55.233169597509274,37.81662636123487,55.23426210075403,
37.55967378831871,55.46562366078569,37.56199403827028,55.46668712680929,Поворот на цементный завод
37.9822337370764,55.28088590623805,37.98712566905788,55.281901695186626,Караваево Озеро
37.52418199690835,55.501737433086326,37.52793302072798,55.50367566575744,Улица Руденко
37.63694364297967,55.30252472846446,37.638518357451744,55.30342307149941,
37.72009005479195,55.54613283142662,37.721674545619145,55.547031168537664,
37.51139325287879,55.36520038496962,37.513352051129885,55.36619631365012,Детский сад
37.613161121057985,55.58876313351889,37.61666796009878,55.59192005048147,Красный Строитель
37.87937349255087,55.42652815465493,37.88635127304994,55.43024214798586,Космос
37.94748942980673,55.5574036048186,37.94958956432971,55.55839219300803,ЛМЗ Сатурн
37.81953009324105,55.56332868113913,37.82202069910229,55.564317219797466,Мисайлово-1
37.74867660671336,55.364051272790434,37.75050669340458,55.36506282688359,Судаково
37.54217653216277,55.3852677528787,37.54375446830093,55.386166047084785,Глобус
37.565160073927004,55.483137211997274,37.567227133487314,55.48433988811624,ЖБК
37.59857451820888,55.55487895436758,37.60015928224147,55.55577724559621,
37.66172809428976,55.59916151280943,37.6637092117999,55.60074238540366,"Бирюлёвская улица, 5"
37.55958986920344,55.55188627338973,37.56201071743056,55.553343926909704,"Изюмская улица, 22"
37.71768890827112,55.48050628444371,37.720411120499726,55.48338821244489,Вокзальная улица
37.97217926807163,55.53539387778989,37.97489751862397,55.53646642402076,Нижнее Мячково
37.57589986519992,55.57776196043924,37.57748553525835,55.57866023952447,"Старобитцевская улица, 21"
37.61675578948805,55.451296143257736,37.618336410953674,55.4521944567061,Ивлево
37.6947511632381,55.58559452800409,37.69732904151183,55.58691557101613,Загорьевская улица
37.675388011651286,55.60731851884277,37.677125080368796,55.60877788071921,Центр реабилитации
37.89214375315294,55.585420417063716,37.89386004233774,55.586738582401566,Новые дома
37.57346840633808,55.47235657107008,37.57507269575062,55.4734336288396,Ремзавод
37.55967495479246,55.393868950044,37.5612532456659,55.39476724991957,
37.52776366280563,55.31483666481041,37.529635540719816,55.31626913361401,Больница
37.99517485355468,55.53247078741449,37.99675894676777,55.53336921255076,Тяжинский Карьер
37.627259668733366,55.24872477291681,37.62897272242385,55.24978932703666,Больница №5
37.63464606844997,55.60285082079494,37.63639884425131,55.60400617910992,МЦД Покровское
37.642417738672876,55.23629985332849,37.64410194701522,55.238007846463084,Совхоз
37.67307231455514,55.588593742945115,37.674658485872136,55.58949205701904,Обменная
37.89405662715726,55.41426143598949,37.89884708129216,55.41783423931307,Аэропорт Домодедово
37.814756955235104,55.30207613685639,37.81654224792249,55.303428662042684,
37.63325186986176,55.2961779286844,37.63482633057067,55.29707627127946,
37.85629226861859,55.62969657620283,37.86054493511469,55.630659624627135,"Лесная улица, 13 (АТС)"
37.90937441510741,55.57025440250326,37.91095998524338,55.57115279746173,"Стадион ""Полёт"""
37.88037702729073,55.619604110527014,37.88196457307047,55.62050248943791,Лес (НИИХТИ)
37.51696676705777,55.502170521358316,37.52070714681174,55.504013176840544,Аэропорт «Остафьево»
37.692510924065324,55.582476884559284,37.694910270223744,55.58376971488718,Фруктовый сад «Загорье»
37.56021497998888,55.56700916601446,37.56232561931626,55.568095733045794,Улица Академика Глушко
37.513146781481154,55.49345436672007,37.51472901899486,55.494352633243324,
37.89459981472137,55.53945691317933,37.89626208316313,55.54055878558331,Поворот на Богданиху
37.575280509766266,55.535777374334884,37.5778281665639,55.53754682671711,Поликлиника
37.64652012736215,55.58166344758942,37.64870215572165,55.58311825300771,Управа района «Бирюлёво Западное»
37.86724097565079,55.62878140497918,37.87015572800821,55.629731595634205,Профилакторий
37.634785785994616,55.58566844978255,37.63637181444491,55.58656675018141,Мелитопольская улица
37.612280924247194,55.569252852811644,37.61386627619913,55.570151147152245,МЦД Битца
37.99947606063947,55.57152931596556,38.001288855812945,55.572823184061484,
37.65004714937584,55.53192938459774,37.65215104231188,55.53368341307524,Лопатино
37.67049298552275,55.58102215634659,37.67215631123987,55.58223744331484,Институт садоводства
37.570918009538,55.432403456453656,37.572898782203254,55.43358994371818,Трикотажная фабрика
37.89554967466561,55.46285989665312,37.897130925687335,55.46375830331179,94-й участок
37.58300409290468,55.56229505721651,37.58490144902128,55.563672850574314,Управа района Северное Бутово
37.78603673853372,55.3997694737936,37.78796367027943,55.400938126393484,Сады Маяк
38.03308193637441,55.28764146647799,38.03558877297814,55.28864943470184,Вертково
37.74362697967518,55.60905443198161,37.74521402072988,55.6099527679828,"Ясеневая улица, 43"
37.80935830708921,55.393153314856335,37.81107248812349,55.39415618514608,станция Взлётная
37.63646916226493,55.586507819859314,37.64124671640888,55.58850942737365,Харьковская улица
37.53242325015828,55.37378971030762,37.534595865960654,55.37522369025854,Сергеевский поворот
37.73374717997792,55.319301712288095,37.73532262042327,55.3202000876762,Городок
37.72855483431998,55.407366224588706,37.730724153489795,55.408710075768404,Никитское
37.57913075680077,55.52815576319633,37.58129194074932,55.52922593537509,"Варшавское шоссе, 261"
37.488820369331485,55.4395236677288,37.490400431150746,55.44042193223448,Дубровицы
37.68755487700752,55.58508976215571,37.692440129517564,55.58622025736621,6-й микрорайон Загорья
37.76527627193311,55.33372893572452,37.76743573029291,55.334883163704454,ДОЛ «Кристалл»
37.954652590345866,55.24927166426234,37.957587910495434,55.250180835886226,
37.559818538950886,55.43522674867162,37.56275075784125,55.43647174780336,ПКиО
37.75059326744886,55.3279170329968,37.75222862553815,55.329250266853684,Калачёво
37.75188745807725,55.62485073173021,37.75347514232554,55.62574906823424,Улица Красный Луг
37.58924171163874,55.50468995292723,37.59217778285533,55.50567354792556,"Улица Маршала Савицкого, 22"
37.58352655942928,55.51825225456718,37.58510984102489,55.51915054539654,Тепличное хозяйство
37.613456678842546,55.60122765289121,37.61540781851624,55.6023138469142,"3-й Дорожный проезд, 6"
37.56059154083549,55.39174428636697,37.56316114599617,55.39280341527312,ЖК «Весенний»
37.67377885994832,55.39170352828158,37.675357140473686,55.39260187168249,СТ «Батина Лощина»
37.86655848838877,55.38350188522222,37.86930769440869,55.38516531513519,Лямцинское кладбище
37.70167923941631,55.46592554129142,37.70428188471465,55.46772045981447,село Домодедово
37.514890891726836,55.49291196632533,37.51647310874861,55.49381023363808,
37.889893753385884,55.45900019722507,37.89147484696879,55.45989860273981,47-й участок
37.90766578441195,55.33675828551009,37.90924201593449,55.337656714454845,СНТ Житнево
38.096903343368695,55.34157776002997,38.09847985691779,55.34247623993554,Рылеево-2
37.504354402682786,55.36006719610252,37.50724276694525,55.36140787491564,Магазин
37.62156772873526,55.35218201173704,37.62450466610035,55.353383484198645,Парники
37.72163025354203,55.53767687256618,37.7240613413034,55.53863622804916,"Завидная улица, 24"
37.57929602534545,55.50507225441588,37.58087877510971,55.50597054554782,Улица Маршала Савицкого
38.002030908294614,55.55453048810269,38.00361589202606,55.5554289118626,Белый Берег
37.53316859502465,55.532290565539036,37.53475240544606,55.53318883442448,"Чечёрский проезд, 44"
37.811479082867784,55.50354651284777,37.81306191751296,55.50444488711687,
37.75701821949826,55.418062364938095,37.7586100948736,55.419685834978075,Лесопарк
37.621202070284916,55.58171035204135,37.62278793015888,55.58260864792258,Промзона Бирюлёво
37.73024145380622,55.62115499222559,37.73290296085992,55.622234109688385,"Шипиловская улица, 44"
37.57029975809356,55.500215417113516,37.573688070968124,55.50236308395302,Железнодорожная улица
37.600270194076685,55.46960106228319,37.60192770041369,55.47057413762864,Борисовка
37.59324901895177,55.49955427287217,37.597673878353085,55.500512427598714,"улица Брусилова, 31"
37.91459396396928,55.58415705805978,37.9165320483244,55.58592724096314,Квартал 3А
37.69514571471446,55.5534837363808,37.696730485704826,55.55438206358342,Детский сад
37.74195003598418,55.59922964487446,37.74420126182625,55.60032755354079,Гурьевский проезд
37.89756523842151,55.27418102750636,37.899753565930865,55.275119772927276,
37.521157571138836,55.34847645438256,37.5227340293305,55.34937474558084,
37.51202355266311,55.49491226705635,37.51360584781331,55.495810532907036,Улица Дорский Ручей
37.56327447296091,55.571077304081946,37.56618226421987,55.573373197913114,"Куликовская улица, 3"
38.08760788145425,55.33414079720877,38.089585631210625,55.3354139031072,
37.89318603306219,55.418369779332586,37.89516185317705,55.42024251949965,Гостиница
37.715950340080596,55.33152590967962,37.718992549253905,55.33258939203693,Долматово 1
37.79084247038099,55.60384513677378,37.793033318895816,55.604830064100916,Мильково
37.72686771240094,55.62254033587632,37.72845528800987,55.62343866408804,"Борисовский проезд, 26"
37.74485293660715,55.33308205094577,37.747051963158434,55.334205547977675,Поворот на Городок
37.761632806006475,55.48309900915561,37.76608076568078,55.48455049657118,По требованию
37.58996749160944,55.38640898255418,37.59209298410675,55.38808951824936,Огоньки
37.6082553010717,55.56972337441037,37.61315670382595,55.57274665329796,Битца
37.59878964082576,55.57513517580823,37.60110997129853,55.57652202450475,33-й километр МКАД
37.55774410189785,55.513887845286284,37.56086815185606,55.515507104163724,
37.503727769639184,55.47073442487715,37.50750105497516,55.47206607973819,Река Десна
37.606092141919525,55.26064996439376,37.60877687590394,55.262306036164176,Ботвинино (по требованию)
37.53954802093926,55.449203195601186,37.54272027302816,55.450202005402566,Магазин
37.568447412364016,55.539185298180335,37.57297478353554,55.54297432850806,МЦД Бутово
37.66302123263357,55.59080223949447,37.664998357016486,55.59201996075558,Мебельная фабрика
37.938079574829786,55.50254666326303,37.93970532437328,55.50364323642586,Школа
37.75538763839603,55.42160952742209,37.75711737304576,55.42320337229844,Парковая улица
37.61263833004511,55.536954044163416,37.61443285622476,55.538164055887954,
37.54574435241362,55.40084096851391,37.55106931724155,55.40637042878751,Платформа Кутузовская
37.48002110507311,55.413676268456,37.48160508629909,55.41501723147878,"Улица Генерала Смирнова, 16"
37.802638789324256,55.62750922343384,37.80422661106221,55.628407576530805,"Агрофирма ""Нива"""
37.94256982676837,55.293809577197266,37.94414437356613,55.29470802276774,Лобаново
37.77659568970947,55.5385730211898,37.77817991068329,55.53947137877473,Военный городок
37.71389904263553,55.55479567331047,37.716297053198716,55.555743227174354,Заводская улица
37.57327604498869,55.510324697503926,37.57669191403935,55.512526798221366,Поворот на Милицейский посёлок
37.73294563420353,55.60348841228286,37.736540721304586,55.60489701931287,Елецкая улица
37.66618562874724,55.586512620111584,37.6684228777967,55.58752387710757,Травмпункт
37.75897063297043,55.291002305865916,37.760544967422106,55.291900694098445,
37.487255900971924,55.424834419909025,37.488888089498616,55.426268779969426,Улица 43 армии
37.75779872036088,55.58959176721677,37.759855486965385,55.59078603289463,Храм Иосифа Волоцкого
37.75515059876679,55.62278863102161,37.756738201634874,55.623686968942856,"Шипиловская улица, 64"
37.536553162058574,55.449177626924524,37.53837653906376,55.45019587292475,Поликлиника
38.0078856747304,55.58095348925448,38.0094717255889,55.58185191071083,
37.94229877861147,55.62044406247349,37.944154934871115,55.62166933765701,
37.95517881600463,55.63307749596293,37.95730918375567,55.634188503177654,Пехорская фабрика
37.78390952659016,55.590748480483754,37.78802917455673,55.592338713370374,Картино
37.86666353548972,55.56003420284642,37.868347455773645,55.561067497016076,Магазин
37.61827456445899,55.27648303004361,37.61984823597765,55.277381369920164,
37.59223640903362,55.52559465342566,37.593819991417966,55.5264929465381,
37.77833778088753,55.286970879683764,37.78024183231479,55.288225220550686,Зелёная Роща
37.60873665496004,55.41831108048934,37.61144884109553,55.419267320066865,Поворот на Александровку
37.99074446846859,55.36335104587481,37.99243063099777,55.3645390532493,Пестово
37.58562529541353,55.499671778633626,37.589499398228554,55.5013857175495,"Улица Брусилова, 21"
37.741489525736,55.604826285819605,37.74566635617665,55.606465216424446,Тамбовская улица
37.889080423998756,55.53804587051316,37.89095388022388,55.539013728302926,
37.72309041073495,55.5979181347206,37.72467698967647,55.59881646524373,"Каширское шоссе, 140"
37.667606519621536,55.604600461682296,37.669683588985784,55.605824438501585,Финансовый колледж
37.55102361222855,55.44565178352237,37.5530259974365,55.44686831671967,Дворец пионеров
37.76243485361905,55.44015638903804,37.76494394933277,55.44109051137483,Универмаг
37.578180498944455,55.42153642371923,37.580556912996244,55.42255627754875,Общежитие
37.80537968811894,55.325800488536665,37.80715392692626,55.32704581142438,СНТ Матвеевка
37.72222857811061,55.588133347200284,37.72465314133495,55.59047395023558,25-й километр МКАД
37.58065705752601,55.52340841614718,37.582826456988435,55.52479468434252,
37.71583132364117,55.533844085294646,37.717461676055876,55.53493861430522,Сапроново
37.61891728889369,55.5970630203019,37.621287924990504,55.59850558012063,Детская поликлиника
37.88099238814706,55.48582954307904,37.883641215799905,55.48677915750901,Семивраги
37.83339817965531,55.47773554382686,37.83556761438573,55.47873845378952,Котляково
37.96850539718911,55.60412927106545,37.970307902519984,55.605130028719216,Улица 60 лет Победы
37.850230394741935,55.62318577687866,37.85266581462332,55.62455422304271,Водники
37.81845643460634,55.55562451555913,37.82004136577336,55.55652288440555,Пригородное шоссе
37.71334744612892,55.535702701959856,37.71608206638936,55.5367626997966,
37.84707810291359,55.630841599659966,37.84930109346016,55.63177620069245,Рынок
37.75542573687834,55.58621692827891,37.75701186352237,55.587115271685555,"Развилка, 38"
37.72497908780417,55.55932833154526,37.726564112605665,55.560226668419084,
37.74139172322942,55.44995508951239,37.74357276977125,55.450914011103414,Улица Северная
37.89301500895076,55.461179896912576,37.89459619140297,55.46207830305235,70-й участок
37.8502300712982,55.28109814999114,37.8531801227478,55.28228524567426,ПМК-286
37.704909340679485,55.6035634159296,37.70655905702723,55.60472998375122,Почта
37.76287290368146,55.431632349665634,37.76672811776424,55.43291035446048,Узел связи
37.90564939606988,55.581173903865455,37.90723540428235,55.58207229609953,Гимназия № 1
37.667553962050135,55.57737786731909,37.669210436326054,55.57847863167287,Михневский проезд
37.90365676450242,55.34246998370149,37.90569252658092,55.34342391684649,Агрофирма Русь
37.817708712020895,55.60141571905682,37.81929548836012,55.60231408090787,Слобода
37.7082465284808,55.58239043618485,37.709832471935,55.58328876377943,"Торговый комплекс ""Конструктор"""
37.71465569583986,55.43300170434659,37.71673861506787,55.433972196357544,Дом культуры
37.64484421004936,55.59551160790861,37.647144285291034,55.59657208977366,"Харьковский проезд, 1"
37.60652732076585,55.59900561832351,37.60890880894694,55.60092388291895,"Россошанский проезд, 3"
37.719416127705735,55.54251713127797,37.72100047270548,55.543415468686334,6-й микрорайон
37.555537072376985,55.540397339191514,37.55739471239079,55.54167806099184,Венёвская улица
37.751275941443204,55.61021856499182,37.753531654569024,55.6111579354108,Школа № 949
37.510514178140205,55.33277967719119,37.51234971318809,55.333906522937426,ДСР-13
37.663050827718095,55.57888692904199,37.66499216987857,55.579898170069875,Загорьевский проезд
37.77561025512762,55.48268706171581,37.778884931562004,55.48406684426069,Новленское
37.84410008428401,55.582589113446424,37.84568611608806,55.58348748651835,Остров
37.85362556012683,55.563801410560316,37.855210840241746,55.56469978940449,Солнечный проезд
37.78783824884925,55.291800363729536,37.79031055078443,55.29299613452473,Сонино
37.772545660860665,55.361108589660724,37.7749266515927,55.36253251063559,Дачи
37.770402710889435,55.54742825874578,37.775387657449826,55.54976097098418,Петровское
37.65661505189315,55.617401990268164,37.658754542205095,55.61834851021895,"Бакинская улица, 29"
37.638095589158446,55.588495907429284,37.63973051997178,55.58989499247818,"Харьковский проезд, 9"
37.554860681419484,55.561883840505736,37.5580064396246,55.56374195988751,Пожарное депо
37.68523482752712,55.61909893195111,37.687324758438926,55.62044386848092,Дольская улица
37.568354065557024,55.562476531715674,37.56998022979875,55.56368526815538,Бутовский лесопарк
37.56304614445002,55.44445545311801,37.564626456008675,55.4453537468456,
37.911671086075195,55.57380982612023,37.91345641579495,55.57511467262622,"Дом культуры ""Луч"""
37.66407585947808,55.60789562625148,37.666243248326616,55.61029798611375,6-я Радиальная улица
37.84381424993606,55.34271005549656,37.84638914644102,55.34386194173515,Железнодорожный переезд
37.54991999377521,55.33171344737751,37.55149580668454,55.33261175258599,Сады-1
37.54072088228748,55.37852700697363,37.54279673417,55.37993329352682,Гастроном
37.66600278599139,55.60030710739839,37.67201874746651,55.60417572671928,Элеваторная улица
37.60494930810947,55.59513937140608,37.60657740730034,55.59682462850059,Россошанская улица
37.59740584997539,55.525142178974995,37.59995185607757,55.52611302184723,
37.83761213757541,55.32495529544494,37.83918786279299,55.32585370451972,Госфильмофонд
37.58612108017852,55.61471258420712,37.588502420301815,55.615614815851764,"Днепропетровская улица, 18"
37.61296490297382,55.59252481129514,37.6169111676779,55.59441571227414,Дорожная улица
37.71218286042358,55.547545084385746,37.71451314232477,55.54847261594559,Магазин «Всё для дома»
37.68069815290413,55.58270633142924,37.68287876094532,55.58469086662956,"Липецкая улица, 7"
37.589172431420934,55.605452084005286,37.59124627267642,55.606763241339856,Кировоградские пруды
37.621298064489764,55.271362463886334,37.62293212418821,55.27289093598371,Мещерская школа
37.82127511285609,55.40575487502481,37.82290488855788,55.40687632469532,Три Столба
37.62152817911747,55.60210413120886,37.62398375682824,55.60428317033597,"Дорожная улица, 7"
37.83413471306577,55.40776509743837,37.83669889067809,55.408918199710236,Скрипино
37.7573108162802,55.56239302620119,37.75889598411931,55.563291373763256,
38.112980603074305,55.355178508388256,38.11482290878179,55.35687969096,
37.72345555219705,55.55202833970188,37.72606437091728,55.55397860606331,Поликлиника
37.864982732964144,55.23328976554482,37.866615570072604,55.23447203423033,
37.74291326077857,55.61656428899669,37.744631153461626,55.61825651080229,Улица Мусы Джалиля 38
37.8950220695465,55.35048739561811,37.898718114006215,55.35204277417871,Проводы
37.54909251788233,55.411362906930336,37.55094275438209,55.41377239264011,Водоканал
37.5574466161638,55.56561936316377,37.55903178430006,55.56651763679984,"Улица Поляны, 8"
37.87770374843933,55.27744677385917,37.87972454990582,55.27855102569972,ЦОС ВИУА
37.764076897208724,55.6080893225622,37.76725021253223,55.60913527912216,Зябликово
37.97058544186388,55.631642858180264,37.972910454761355,55.63286734106771,Пехорка
37.96652841641434,55.60912999706357,37.968115583918845,55.610028402901655,"Мкр. ""Западный"""
37.608851840447194,55.543657451575896,37.61043615999956,55.544555748387936,
37.541178356120724,55.47210528497982,37.54419023536514,55.47313481637414,Институт механизации животноводства
37.863640386848026,55.631725814003794,37.86522841351885,55.63262418596107,
37.497821282698254,55.492970902469594,37.50033771300176,55.49392509807511,Остафьевское кладбище
37.51481988572164,55.42067906980786,37.52043675722656,55.4238363149711,Сквер Подольских Курсантов
37.89878787378689,55.317247685398954,37.90036332656196,55.318146114565934,
37.72524239938435,55.6018553789272,37.72822589410252,55.603211550245284,"Ясеневая улица, 17"
37.49307518137204,55.358488289793726,37.49481462357079,55.359411309142814,
37.5293520729996,55.53106670049017,37.53275804245436,55.532213102274206,Микрорайон Чечёра
37.47883230900234,55.41624640312637,37.48078640380243,55.41805559586144,"Улица Академика Доллежаля, 23"
37.66079815682823,55.60450492980514,37.66265032756572,55.605790870360565,Жилой комплекс «Царицыно»
37.52606239260838,55.47816942337819,37.52816520113448,55.479115977105955,СНТ «Берёзки»
38.141223213084686,55.478019364773644,38.14280518718998,55.478917835192014,
37.68356286715148,55.560199496894114,37.68535283800946,55.561107103165114,Ленинский
37.72300354600916,55.42085118536051,37.72495684571643,55.42202561481255,Авдотьино
37.499114486719144,55.434518028664314,37.50154860311056,55.43570886724726,Беляевский проезд
37.6574605287106,55.53405821715403,37.65934435267231,55.535455783101106,Типографские дома
37.63025701898477,55.33081475267705,37.632907170812615,55.33184664870128,Сады Родина
37.487924496853154,55.41326216663205,37.49057770857698,55.41423033417355,Подолькие просторы
37.54291754946997,55.50889934947078,37.54521365902474,55.50987795139405,Никольское
37.6910457476926,55.5532588101085,37.69513405068049,55.55419399013404,ВНИИКОП
37.535891320242065,55.381686018738634,37.53824411544435,55.38454858347419,Станция Весенняя
37.95286201770959,55.62282703576983,37.95702703045434,55.625880266957594,"Птицефабрика ""Мирная"""
37.54619588858567,55.51047681205618,37.549513797068464,55.51223318693489,Староникольское
37.82772372201391,55.51339525005562,37.829878586977905,55.51436275066048,Центр реабилитации
37.80643900761091,55.50950075719826,37.808747682937614,55.51083684284184,Поворот на Санаторий
37.61643452932759,55.505285637901856,37.61873906606771,55.50652956155643,Щербинское кладбище
37.71886324846762,55.6146210887463,37.72107732710602,55.616313812157955,"Улица Генерала Белова, 25"
37.58274005527672,55.54029062472992,37.58467752505278,55.54174217564689,1-я Мелитопольская улица
37.57934725252176,55.50086898392419,37.58367087337404,55.502781840435546,Улица Брусилова
37.76667081635875,55.43111337597555,37.76921067125345,55.43259382409619,Дом быта
37.74280562928696,55.43933651880789,37.744730862039575,55.44027058153069,Поликлиника
37.658826207915645,55.578013584082825,37.66064368836553,55.57940481467158,Детская поликлиника
38.056796618716675,55.55457675698198,38.05872227688507,55.55607404119805,Чулково-1
37.527339361466524,55.51412229149679,37.53045773284424,55.51511390943218,Дорожная улица
37.86332084899634,55.233006384592564,37.864892951361945,55.23390481537218,
37.560906703532815,55.50148995775027,37.56248929692814,55.50238824221333,Школа
37.756150885117464,55.587860990040866,37.758047411549995,55.588845608977195,Школа
37.53445557054918,55.55120813671374,37.53716663275635,55.55409822965058,Река Корюшка
37.98028265966443,55.54726999056932,37.981867340663094,55.54816840939591,Верхнее Мячково
37.59010402051992,55.489946753484716,37.59263696641954,55.491438146666724,Захарьино
37.50988233081202,55.47431658379074,37.514373671658916,55.476068510235464,Алхимово
37.54953987547605,55.49913540398629,37.552808735408846,55.50020339794895,Улица Энгельса
38.16773400206126,55.43620514661149,38.170480392259975,55.43718405421979,Дьяково
37.702531894864855,55.61649086353921,37.706482967293184,55.61847675480582,Шипиловская улица
37.741828116758036,55.623084155819676,37.743556199685216,55.62488064397717,Школа народных искусств
37.56852955044086,55.566982015546834,37.570638542505776,55.56819758447737,"Улица Грина, 9"
37.9225321670455,55.55260109924923,37.92411703330068,55.55349950071582,Андреевское
37.72580368956847,55.43963284598158,37.72750240672916,55.44091505348374,КШФ
37.707904569830966,55.550545133896726,37.70948923058414,55.55144346606753,Советская улица
37.78608935481707,55.36812872073841,37.78840633347338,55.37048718569375,3-й участок
37.53278577632829,55.507732480201675,37.53681621467133,55.50880192154354,Гарнизон «Остафьево»
37.77012451811467,55.427058923882946,37.771733793436866,55.42855767603742,ДК Мир
37.58583017430463,55.43509237611069,37.58849451268645,55.436158425614394,Овощная база
37.81104802122794,55.5323221650515,37.813388577395244,55.53323833508009,Коробово
37.61175091228029,55.25120811293736,37.61368799279543,55.252326487094905,Троицкое
37.560832591900656,55.427160440395035,37.56249440578117,55.42835765916679,Курская улица
37.84710868917264,55.33145346430668,37.85287812585161,55.33504894652433,Станция Белые Столбы
37.8020126251202,55.55777826147084,37.80381096057466,55.55954293806771,"Пригородное шоссе, 4"
37.67289581658774,55.57340063272328,37.67600859195704,55.57495106583903,Герценский парк
37.89033855195213,55.58852460671639,37.89192484840519,55.58942299324855,
37.78394158943148,55.61867995667682,37.786314097880954,55.620102343605446,Южные ворота
37.536332481598556,55.40297125535563,37.537911118867505,55.403869544607865,Улица Чайковского
37.49905302968835,55.41627356390186,37.500632170789956,55.417171836061435,Фетищевская улица
37.98527387292782,55.25208162584702,37.9871927251244,55.253097673366575,Ляхово-1
37.577301294302714,55.40758490883215,37.58000113801032,55.40863771693389,Улица Машиностроителей
37.76624851552695,55.498528204576736,37.76797128257749,55.49943059543468,Школа
37.70345079553961,55.60846834899407,37.70663940915591,55.60943805186285,"Ореховый бульвар, 7"
37.65616738509904,55.619039993900145,37.65809522419741,55.62069010496352,Больница имени Буянова
37.76453489378854,55.39769970326522,37.766570193892015,55.398991397084636,
37.50338107698575,55.365897250722504,37.50503703248849,55.36693194902337,Улица Школьная
37.737544917250034,55.59220770050599,37.73927308258914,55.59340969825291,ВНИИГаз
37.7501574605228,55.59008242946311,37.75174373987969,55.59098077050132,Дом 3А
37.66614225034419,55.5649684796232,37.66987457936286,55.567765877029274,Булатниково
37.591855231326356,55.510748381354574,37.59361726215744,55.511795918683674,Садоводческое товарищество
37.60162585431584,55.50143157253474,37.60322577062269,55.50357572734551,Молодцовский проезд
37.994608374624626,55.25348977341769,37.99651833204504,55.25462002669895,Ляхово-2
37.961147935694335,55.477037277562765,37.96283717340411,55.47808132227895,
37.59973091208479,55.60458040492089,37.60141948898083,55.60572809389199,"Кировоградская улица, 19"
37.47723753150135,55.44744493499578,37.479038369865016,55.448456364899705,Дубровицкий лес
37.575838750536995,55.51384435573632,37.57742184991952,55.51474264422736,Храм Моисея Мурина
37.61307070014043,55.41541403925441,37.61485810293331,55.41637626002695,Александровка
37.58416202525879,55.50997845383345,37.58574497519495,55.510876746130286,Милицейский посёлок
37.89626741502377,55.58451327142594,37.89792728355652,55.58562082759175,"Магазин ""Автозапчасти"""
37.66127905148704,55.54224884167837,37.662863348942835,55.54314715828567,По требованию
37.74135634437081,55.548648956512366,37.74337746327453,55.549591843936575,Таболово
37.82997311388768,55.53162671193552,37.831557086487784,55.5325250880292,
37.75358441398128,55.42627585568859,37.75519820316514,55.4280493442141,улица Лунная
37.535574555713865,55.534138944668335,37.53868138152558,55.535769195742915,Храм
37.70593764098862,55.613622438373916,37.70762676608429,55.6149922613878,Детская библиотека
37.53511038456036,55.31226634889307,37.536685415903555,55.31316465107039,Лаговское
37.72337752644194,55.357422616912565,37.724954473963436,55.35832098305168,Бор
37.57013929194314,55.38692738995986,37.572904903913454,55.388111806679426,Новое Коледино
37.644530032768145,55.5633324463214,37.64611516766765,55.5642307536426,Посёлок Измайлово
37.771001988473145,55.276683959922494,37.772760505830455,55.2775958387637,СНТ Криптон
37.99499216844797,55.41544770286125,37.99780042005654,55.41650609881171,Вишняково
37.55523738809563,55.491094245617965,37.557309224987314,55.49298685287735,Южный квартал
37.55228762255176,55.484095865824415,37.55717602149132,55.487470105087716,МЦД Остафьево
37.66430510603904,55.57341696516305,37.66653178528585,55.574706334889996,"Загорьевский проезд, 7"
37.71700930005591,55.54964587039727,37.71953831432771,55.55070843131095,Троллейбусный парк
37.964617565007806,55.526806091474384,37.96681656034553,55.528529309403716,Щёголево
37.60897155505285,55.60191669630829,37.610945342988764,55.60300240338825,Россошанский проезд
37.66219692487473,55.575852344113585,37.663889178506814,55.57710365544374,"Загорьевский проезд, 5"
37.657152590703085,55.60446534546449,37.658823207570585,55.60557905337348,Проектируемый проезд № 6631
37.863134993412054,55.62917385414591,37.86599731463942,55.630183047110556,Лесная улица
37.517959298263825,55.42618836775283,37.52004890488893,55.42733223193539,Парковая улица
37.59596181547292,55.583932283910755,37.598832404627785,55.58521385097462,Метро «Аннино»
37.707131819100915,55.46899185127827,37.70874698376113,55.47011834860746,
37.730775019985636,55.623841913618406,37.733171485865654,55.625129185919974,"Ореховый проезд, 17"
37.78019717901796,55.414198111403536,37.781776421370715,55.41509648856094,Ресторан Казахстан
37.609235315911775,55.58860752886675,37.61150798848854,55.589673368874664,Центр детского творчества «Виктория»
37.527336876102574,55.48086167051861,37.53114473488293,55.48194893168184,Сады «Берёзки»
37.54058700895847,55.49952299274933,37.54239809253044,55.500538907146236,Школа
37.753992595240454,55.614595491367986,37.75641110536605,55.615499608707864,Роспотребнадзор
37.68230653736264,55.50705194885659,37.68455056187695,55.50817564987633,
37.73520516194589,55.431807714034925,37.737925224311525,55.43288828784138,Улица Заречная
37.546383422278154,55.49532465162188,37.548373780357544,55.49635094726281,Московская улица
37.9083885181986,55.58004010337217,37.90997448215273,55.58093849659285,Проезд Горбачёва
37.58426332628863,55.54584242022707,37.58664835687584,55.54737008037762,Большая Бутовская улица
37.96394209604877,55.565835132166335,37.96640030131771,55.56676746814937,СНТ «Взлёт»
37.57927110368208,55.472706914560774,37.580845599017906,55.47367038499746,Сады завода имени Тельмана
37.72505974203726,55.53936055553972,37.72692297178642,55.54060104460784,Школа № 10
37.670851509478126,55.50160369954056,37.67316498643776,55.50254720090116,
37.57132142275252,55.57498376112819,37.572906977707135,55.57588203883551,"Ратная улица, 14"
37.60630107240622,55.60478809797579,37.60842518005108,55.607093353575976,Поликлиника №170
37.550741626967735,55.541619337703224,37.55261615848768,55.54288826250798,"Венёвская улица, 23"
37.474817411195644,55.4668002547214,37.47809858230221,55.46836564292125,Студенцы
37.807178724712664,55.320890870955836,37.80887524801131,55.32321722884055,Госфильмофонд
37.55319497276241,55.46866742921257,37.556514923932234,55.4721271673931,Силикатная
37.51899260783334,55.42927236316689,37.52126877243617,55.432154379263686,Магазин
37.50913299344124,55.44888576105932,37.51322720690889,55.44978483875038,Ерино
37.97441237354279,55.61115579610222,37.975999626787896,55.61205420386301,Текстиль-Профи
37.48470984360503,55.405886589131626,37.486505861157326,55.40693131091428,Коттеджный посёлок Кузнечики
38.11715521760374,55.3713775755341,38.12008177610787,55.372371825456824,Поворот на птицефабрику
37.593025699471774,55.59518176418268,37.59498040389731,55.59618513463837,Кировоградская улица
37.85557490336689,55.453890417560636,37.85759310607168,55.45484208295768,Шишкино
37.900492542816735,55.58679061742695,37.90364714409255,55.58862665128277,Автостанция Лыткарино
37.521560237639214,55.355189554797505,37.5231369628302,55.35608784516587,
37.611695763557535,55.531714270660174,37.61354113147743,55.53265902806902,Восточное Бутово
37.70052610598266,55.552058650306606,37.70315068669704,55.5534541489492,Кинотеатр
37.707025647803334,55.61153451232275,37.708723052717936,55.61271888683282,Поликлиника №166
37.89700316385032,55.36602876476341,37.89944793330352,55.3672854341208,Школа-интернат
37.82602178158853,55.272395793407526,37.827595418782366,55.273294206557075,
37.55318036451217,55.55817377420865,37.556123308500815,55.560805634023914,Старокрымская улица
37.57122995943827,55.456606658569704,37.57379653430372,55.457585642249846,Шамотный завод
37.91568360671935,55.28001098011588,37.917257593623376,55.280909419849046,Гальчино
37.93298857516605,55.63507757102773,37.93460112056723,55.63624102888764,Чкалово
37.67234008549155,55.619473675557416,37.67445371276992,55.620542923291104,МЦД Царицыно
37.9019592382885,55.32777107931472,37.90441838615593,55.32954502178694,СНТ Петух
37.97867298413213,55.486295986293605,37.9802552161947,55.48719441367162,Константиново
37.691744769201634,55.543382567211204,37.693478642693385,55.54451033266646,Улица Донбасская
37.62788845611745,55.281800928625486,37.629462344316295,55.28269927133834,Мещерское
37.75253258001848,55.62375543153934,37.75412022038407,55.624653768425134,Сквер «Лесная сказка»
37.992816548233,55.49351793399954,37.99609487045904,55.49471206916361,Птицефабрика
37.58446499856829,55.533086519371714,37.58886975390182,55.5360578825654,Берёзовая аллея
37.74799183143254,55.45070576131367,37.74973656732472,55.45169323860975,Улица Партизанская
37.56243051892723,55.4084977773004,37.56735089634338,55.41095632307828,Южный посёлок
37.610741499361865,55.615444548792276,37.61350838679009,55.616976244049525,Институт генетики
37.610567346180346,55.609194995292995,37.61220804911251,55.61042470453676,Варшавское шоссе
37.68268300572832,55.5148970993554,37.68428440216343,55.51620730058086,
37.7285788753326,55.612284987487456,37.73190345231846,55.614139886720544,Бассейн
37.93700573770841,55.5672315545561,37.93871376576824,55.56850494491204,Колхоз имени Ленина
37.5935585990705,55.25156715246855,37.59517729901066,55.25269684729061,Троицкий поворот
37.597537202293175,55.60850038702729,37.61041684379534,55.61352784191136,Метро «Пражская»
37.547645118590204,55.49099255959948,37.5492272818747,55.491890840364086,Новомосковский
37.57514272462164,55.568100009387265,37.581270818994106,55.572424949606344,Метро «Бульвар Дмитрия Донского»
37.6271685803171,55.351220033897235,37.62874522011869,55.352118366066605,Сынково
37.60986032721249,55.61359486895822,37.61211628065723,55.61456373180334,Типография
37.838580263472615,55.570461669727266,37.84026692400627,55.572066430076404,Солнечный Остров
37.75157307020393,55.47724463626745,37.75333583879695,55.47832966373227,Больничный проезд
37.556435870175406,55.495755472588996,37.55852143804216,55.49748312532469,Заводская улица
37.8824089919277,55.621327010342966,37.88399660843289,55.62222538962197,Кладбище
37.89486654199168,55.32394658648668,37.89644225835854,55.32484501347818,Городок
38.10897854649527,55.43828515862866,38.1111274524848,55.43941784059226,Денежниково
37.938650727629884,55.62385540188143,37.94062106592444,55.625448196335405,Улица Академика Северина
37.59343093625941,55.519238352726596,37.59501426419163,55.52013664723719,"Южная улица, 21"
37.94553552947277,55.2874483791566,37.9472991682665,55.28876231967409,Сады
37.6933144420563,55.611765089953934,37.696617302131195,55.615095516225274,Метро «Орехово»
37.542759638315516,55.4295868195543,37.54689613920075,55.43131407965955,Площадь Ленина
37.584261285855035,55.24783295794903,37.586074520554526,55.2489118421325,Сады
37.56239898169498,55.399348856742165,37.5649002425533,55.40056233120542,Кутузово
37.64755169989488,55.44009462561018,37.65156389750847,55.441610268347716,Щербинка
37.550473495787486,55.40316938423155,37.55445268401735,55.405660860553176,Кутузово-1
37.52724063453688,55.44927077817872,37.530097172361536,55.45026512292729,Стадион
37.759015372847614,55.61653721731881,37.76143392831633,55.61774308140112,Федеральный клинический центр
37.58280528659792,55.5761063134058,37.58464131337171,55.57711498631207,"Старобитцевская улица, 17"
37.90941726544894,55.57768210304468,37.911003134901996,55.578580496920345,Горячий хлеб
37.81165105560234,55.5844680187899,37.813237144780224,55.58536638117475,Мамоновское кладбище
37.56442894682812,55.43930695246587,37.56600905362998,55.44020524749773,Мраморная улица
37.56862687673544,55.57667748991854,37.5706114577145,55.57854501108697,"Ратная улица, 16"
38.043389026940304,55.562470293756576,38.04659293631166,55.564820708155665,Новые Дома
37.45685713087417,55.40356217652098,37.45935736901232,55.40446492343323,Пищекомбинат
37.63504338373574,55.59576895876434,37.637222434872655,55.59726214188656,Покровское кладбище
37.549368749286884,55.42943015471079,37.55094845117576,55.43032844525274,Комсомольская улица
37.83824159111816,55.26162019065645,37.83981480924864,55.26251860930818,По требованию
37.93042530559142,55.27481877755876,37.93199909474654,55.27571722240621,Южная улица
37.648658905844364,55.542272459475605,37.650366895631656,55.5432407404936,
37.79762305527553,55.33513440652219,37.80314186964555,55.33871036386901,"Каширское шоссе, 52-й километр"
37.557860455759375,55.42604932286152,37.55978433224004,55.42728317739796,ТРК Кварц
37.957998209420495,55.559246244801486,37.96001098718917,55.560169055428304,Военная часть
37.70776569021418,55.60797077100889,37.71107166190302,55.61061654336715,Домодедовская улица
37.538599388849306,55.514141535496165,37.540732309759846,55.515054664607305,Поворот на Новокурьяново
37.71182259161628,55.59830928602043,37.714224482967815,55.60008741509099,Ясеневая улица
37.59213064514964,55.50746640938846,37.59376026587395,55.50851529021001,Клубничные поля
37.53565100532544,55.37990177390055,37.53726920171056,55.38120342601491,Стадион «Весна»
37.621210198757964,55.53557624863724,37.62279420168459,55.53647455132664,
37.57784858102654,55.57197925963331,37.579434019430934,55.5728775403304,Парк «Битца»
37.760724361572876,55.452327727127006,37.76249495139018,55.4535055728348,Торговый квартал
37.8271908787959,55.41024217484975,37.831461609347926,55.412749515512196,Проспект Туполева
37.67127056149182,55.595035573828646,37.67288588276082,55.59812932598391,Педагогическая улица
37.66552954880585,55.58489548440027,37.668236137253274,55.58645891562508,Школа
37.811041504172856,55.60189932017423,37.81262829621031,55.602797679790434,Сергиевская улица
37.635470900505965,55.28665078101131,37.63757809533504,55.28767711724366,
37.53887785583374,55.35899835159542,37.540454744630274,55.35989664836803,Микрорайон Дубки
37.836295586321604,55.32691639426762,37.83787451034153,55.32791490484495,Улица Авенариуса
37.71664815701171,55.537215827813306,37.71875294564448,55.53827237078872,Ермолино
37.86501995445304,55.4313602889273,37.86693693900849,55.432489411174394,Строитель
37.90792260056418,55.35404291731975,37.91188628192637,55.355694865133344,Образцово
37.62421005572355,55.60717065335123,37.62579694471996,55.6080689466127,Улица Подольских Курсантов
37.522390947751134,55.36738779557816,37.524404363996055,55.36920000306181,Проходная КМЗ
37.942159387828404,55.622322505123684,37.94423581255117,55.623415994196925,
37.78916509225806,55.26717008347248,37.791750006304,55.26809081669268,Петровское
38.010160170421926,55.285712367129626,38.01173442989103,55.286610832835585,Введенское
37.556561584773114,55.50022344496594,37.55867710928837,55.501213452800975,Улица Чехова
37.693658388176736,55.58461713894252,37.69524441224381,55.585515461021686,Детский сад
37.49002532600323,55.493201278809266,37.49211746861987,55.4943846210779,Петровская Слобода
37.62629669807388,55.350340633996076,37.627873302362154,55.351238965967774,Сынково (Подольск)
37.74776251789554,55.60389171624517,37.75029807767889,55.60501358090999,"Гурьевский проезд, 15"
37.47480845331064,55.47134488704951,37.477884637073814,55.47292501164194,Горелый пруд
37.54473969968245,55.54363538387367,37.547929383836966,55.54539733084351,3-й микрорайон Южного Бутова
38.06172517613574,55.550464979895,38.06331002416568,55.55136342007047,Совхоз имени Тельмана
37.57773234573154,55.37894294540324,37.57931005472067,55.37984125456039,Коледино
37.52777905088091,55.32212890672215,37.52952716314954,55.32385279299404,Московская улица
37.90128268279537,55.57692810420759,37.902868517558176,55.57782649575739,Больница
37.793898918876906,55.58975783409654,37.79572808296593,55.59074586534335,Картино-2
37.646235690953326,55.59060850972163,37.648617505916484,55.591544590632836,"Медынская улица, 4"
37.78934076319114,55.59923919896205,37.79177764667783,55.600242702175386,Садовая улица
37.832915677030925,55.41420392330608,37.835244723165076,55.41537047541011,Микрорайон Авиационный
37.75306377430346,55.45133960042541,37.75534193352078,55.45231170036718,Школа №4
37.55308257709746,55.4305688543311,37.55770314820496,55.433184059329356,Площадь Славы
37.530727934891274,55.41481799641051,37.53234306770063,55.41586650259015,Шепчинки
37.59926641338922,55.48038224873754,37.60084818705889,55.48128055122623,ЖК Новая Щербинка
37.74216495702281,55.430838986708025,37.74381094533546,55.431926912050706,Поле Чудес
37.52210437348477,55.353375654553275,37.52368102698441,55.35427394541009,
37.528976371224616,55.420866812373646,37.53065121682215,55.42244818743486,Стадион «Труд»
37.96211831133311,55.618398393081584,37.963717779360344,55.619773406847074,Мирный
37.8906804063383,55.45634209690927,37.89226139401607,55.45724050305562,24-й участок
37.53516279236663,55.516406768093916,37.536904997228525,55.51797143151544,Поворот на Щиброво
37.72683230443755,55.51867462822276,37.72841569597069,55.51957297174156,Калиновка
37.578198351214,55.60527304244101,37.58005515962268,55.60692795685092,Красный Маяк
37.67983945548381,55.57679776603658,37.68290623738017,55.57780823511756,"Загорьевский проезд, 15"
37.60423732506207,55.61394999335347,37.60592146852926,55.615297206360935,Школа
38.06576112296638,55.54809167920286,38.067345877333686,55.548990120762625,Совхоз имени Тельмана
37.54936959335526,55.448929996546546,37.553211167488875,55.45053811096825,Красная Горка
37.53890700639529,55.5426797782346,37.54121820264379,55.543664122689975,Центр социальной реабилитации
38.04266487755035,55.36536623606686,38.04629931833763,55.366341564680454,Жирошкино
37.71404103658304,55.615134575645925,37.71616405963398,55.61616952270843,"Каширское шоссе, 94"
37.74164618315712,55.59670290514912,37.7438347046146,55.598047795202554,Посёлок «Развилка»
37.76560905201332,55.43522670709815,37.767484073600926,55.437534792494134,Площадь Победы
38.0660340616165,55.36719594549881,38.06932463345978,55.368179255354235,с/т Ромашка
37.49140642432239,55.41668146550687,37.492985576158354,55.41757973445639,Бани Алексеева
37.564669029558765,55.550082899241765,37.566487360146986,55.5512234008621,"Новобутовская улица, 13"
37.62444534151008,55.277540428957515,37.62601905892463,55.2784387710063,Больница имени Яковенко
37.63321648595245,55.580735149712204,37.634802314487445,55.58163345025177,Главный корпус ТЭЦ № 26
37.753497573964616,55.43744589704746,37.755215021010855,55.43845190295512,Улица Красноармейская
37.637709425593535,55.30338992838567,37.63928417483767,55.304288271578194,
37.76104609506805,55.49868802086626,37.76262870532873,55.4995863790982,Дом-музей Ленина
37.96742299315824,55.61522189738618,37.96901040717479,55.61612030257906,Кладбище
37.762667256459494,55.425612615194495,37.76424694393503,55.42651098476991,ЖСК Маяк
37.66760039997289,55.46383745455159,37.6696284032534,55.464864244100866,Макарово
37.57719316898724,55.564372149236426,37.579312517375094,55.56572235119228,"Улица Грина, 20"
37.710033723367026,55.54949035585373,37.71375895757391,55.550724047662186,АТС
37.81262613729483,55.55557381650045,37.814211063086745,55.55647218346424,"Литературный бульвар, 2"
37.81812339438741,55.52778731355917,37.81970720599176,55.52868568640548,
37.85018204954345,55.33193539547818,37.85266359046699,55.3338987383063,Белые Столбы
37.713748134164796,55.601856236649425,37.71533486624972,55.60275456331486,"Домодедовская улица, 42"
37.73277951861545,55.60600719493543,37.73448218356444,55.60723660443842,Поликлиника №214
37.74357577027047,55.354065903812625,37.745156932397485,55.355109796144475,Ферма
37.49670401899019,55.469893895990005,37.50073427491256,55.47091170517011,Рыбино
37.56842976038234,55.49343766453306,37.570303130859635,55.49504593442371,Пожарная часть
37.678384919667884,55.58355203209883,37.680176765073405,55.585351367478566,"Липецкая улица, 40"
37.61379794907481,55.52821784949681,37.61538165136993,55.52911615046705,
37.63635839832046,55.53394439693567,37.63828935034802,55.53607536518958,ЖК Государев Дом
37.57587354368739,55.573866660157165,37.57745905677078,55.574764939806535,"Ратная улица, 10"
37.54871117343241,55.42786715652264,37.55122112616892,55.429069241655455,Рынок
37.9676012863792,55.605651396655475,37.969188313953566,55.60654980330974,
37.59572790207431,55.43518083718293,37.59870259721229,55.436094362870115,Сельхозтехника
37.75092325194355,55.43003970709664,37.75365608160052,55.43236816424845,Апрельская улица
37.59661461232617,55.567271133941034,37.601266396826034,55.569223261200456,Северное Бутово
37.69795516258068,55.60790163553215,37.69957433138297,55.60915266437388,"Шипиловский проезд, 49"
37.61674623888445,55.524801612323074,37.61847567478136,55.52597528751126,
37.86655061681288,55.22507212387479,37.868409997630636,55.22634197629223,
37.77215388954301,55.42433020279534,37.77387781448312,55.42564429660839,Улица Талалихина
37.858299682483825,55.485628223563154,37.860537919915764,55.486807175747295,Деревня Колычёво
37.84922763640944,55.38829563515933,37.85110345972362,55.38937066482013,Дачи
37.51334127876397,55.52208482538914,37.517181814461,55.52311077587981,Новое Бутово
37.654701625211175,55.588167322538595,37.656420563779605,55.58973247716745,"Булатниковский проезд, 10"
37.51590569494657,55.497722066474175,37.5174881055287,55.49862033348924,Улица Красовского
37.64737368852665,55.59657879537444,37.64933631696349,55.59750610491667,Харьковский проезд
37.600850405649744,55.60672002808812,37.60251338415923,55.608200471749214,Сквер «Родная гавань»
37.66986783068113,55.57998233723961,37.672126774464815,55.580929563299875,"Бирюлёвская улица, 58"
37.96605188612663,55.61063579724197,37.96763911420674,55.61153420272324,"Западный, дом №4"
37.714850399345984,55.62337043804117,37.71643800106871,55.62426876192315,Колледж управления
37.6344320469386,55.572973767100166,37.63738064400879,55.57450093177518,Посёлок Дубровский
37.74846495715451,55.48702248744905,37.75107907209242,55.488983713971464,Пахра
38.02415513747012,55.53770173099739,38.02645746615824,55.538921468377694,Еганово
37.542771681058426,55.548417475903555,37.54737373116668,55.55110873482336,2-й микрорайон Южного Бутова
37.604259668037145,55.60193314272882,37.607259116951916,55.603921453592264,3-й Дорожный проезд
37.90073428952993,55.251770153489815,37.90243921015128,55.25296074530892,Переезд
37.918175644763316,55.27805467960165,37.91974955557858,55.27895312036327,Гальчино-1
37.9004838227789,55.57495430418218,37.90206957757484,55.57585269578279,По требованию
37.523732572593076,55.51609921623356,37.525795045397025,55.517122890250945,
38.023713361572554,55.57531183045292,38.02531264596805,55.57659926948488,Сельцо
37.606958873211134,55.593886437181446,37.61079370111006,55.59524856757997,МФЦ Чертаново Южное
37.56110158897913,55.42249839584009,37.56295662282933,55.42369070430152,Улица Орджоникидзе
37.64265475672764,55.53471313605409,37.645155844951944,55.535952862576345,ЖК Видный город
37.79542124394055,55.244459564208995,37.798931470154585,55.24614766171053,Матчино
37.67575549765719,55.318821974286095,37.67786430175226,55.31972762573261,Ферма
37.659108789815264,55.575160244503714,37.66069441061616,55.57605855546035,"Востряковский проезд, 25"
37.683001681904436,55.5784946096282,37.68624383167794,55.579602192709515,Загорье
37.751549820374684,55.50503963566834,37.75387568031676,55.5062128631615,Горки - 2
37.6862044306518,55.53228017082246,37.687993357789445,55.53343292922678,Расторгуевское кладбище
37.49255077484901,55.48373057710501,37.49524272027103,55.4846981235779,Тарасово
37.57087690323761,55.433762291331185,37.57252608790526,55.43518300851141,Аккумуляторный завод
37.74581194933136,55.601443220254524,37.747447159622205,55.60283417965179,"Гурьевский проезд, 11"
37.51165558009606,55.35933858012599,37.513703717650934,55.36046021946433,Аптека
37.55378378410293,55.47263535702658,37.555365216359505,55.473533642937,МЦД Силикатная
37.63422885397661,55.2969641285599,37.635803346455525,55.297862471403974,
37.816022156301976,55.33941068044429,37.81796713552312,55.34058201972539,Храм
37.554849920526955,55.40571025187194,37.55642867993329,55.40660854809161,Платформа Кутузовская
37.74517234479784,55.48646662267276,37.74675445560374,55.48736497729161,Магазин
38.11266013355604,55.47230316776349,38.11424186672766,55.473201632202084,
37.817871841056494,55.29478059637875,37.81944635931747,55.29567900358583,
37.62661156243997,55.61416811667051,37.62831184137046,55.6154391828862,1-й Дорожный проезд
37.75837328671659,55.62219767601374,37.76137008392966,55.62425642533383,Бесединское шоссе
37.640172328083736,55.593541437971744,37.64253678526663,55.59457136337918,Культурный центр «Дружба»
37.53292828428653,55.4186646207058,37.53720605657212,55.42046654632977,Площадь генерала Еремеева
37.73782694996192,55.449468998658126,37.73975024045623,55.45040550169704,Улица Энергетиков
37.66384569483675,55.58725096776622,37.665813484017335,55.58876073268249,Лебедянская улица
37.982186926134844,55.365634363134994,37.986083547642856,55.36701844182627,Поворот на тайгу
37.83097226868864,55.25779609153267,37.83254533168037,55.258694508431944,
37.54544945446167,55.423815445312336,37.547507629982334,55.42581345325822,ПМЗ 2-я Проходная
37.762193383464044,55.449300217024806,37.763774016931194,55.45019858293962,ПШО Орёл
37.88501061488252,55.59129486840766,37.88706186292056,55.592865732203855,Микрорайон 4А
37.53298488409212,55.38374672011895,37.53621363535968,55.386804327661764,Весенняя
38.100820165204325,55.44055501966365,38.10257042393304,55.441674480313914,Интернат
37.7308193394197,55.435265300374716,37.73262946030168,55.436264399344914,Училище
37.711564288952104,55.47336448534943,37.714236129012285,55.47501001522434,Домодедово-Парк
37.73746527399559,55.604290550717806,37.73972251786486,55.6052639500553,"Ясеневая улица, 30"
38.04958945118621,55.42509472403132,38.052060256204875,55.42607767689355,Воскресенское-2
37.61271142355407,55.47063746412987,37.61486717413102,55.47155923607278,Быково
37.589584636185634,55.6111977485976,37.594818370692785,55.61397360468695,Чертаново-Центральное
37.521615668504126,55.479502183769,37.52639405616348,55.48087712154813,Рязановское шоссе
37.545637456159824,55.49793681312972,37.547626527134234,55.499931385801645,Школьная улица
37.555012341222394,55.39953575920756,37.559034951869585,55.40056854212228,Бородинская улица
37.52123475412641,55.4935251544828,37.52336526932047,55.495163646242084,Молодцевская улица
37.66653361401843,55.58957683398015,37.66915768904178,55.590757963205846,Поликлиника
37.59543311061046,55.579798127327685,37.59836114347751,55.58361570722577,Аннино
37.66130178350957,55.5861036908226,37.66356481512222,55.58722010774646,"Лебедянская улица, 4"
37.75500275279471,55.470938619844624,37.756584247603364,55.4718369801198,V/Ch Yam
37.4883672034982,55.4664499268466,37.49623991509921,55.47036764062972,Армазово
37.81793627030232,55.2933022962589,37.819510730071606,55.2942007037057,
37.672951176550576,55.61570005269705,37.67498871194955,55.61751714569396,Театр РОСТА
37.61397316025146,55.47443337725615,37.61721808571268,55.47650121818411,Быково
37.80728770999997,55.56244651961734,37.80932309384651,55.56337198066584,Мисайлово
37.597697159666794,55.38292664183868,37.59927504077919,55.383824958125075,Бережки
37.66688961105337,55.31374192376931,37.66846478936885,55.3146402761947,Лесные поляны
38.03590219848923,55.53970388246191,38.03748660182029,55.54060231750348,Поворот на Еганово
37.843622242393174,55.39959065772866,37.845200054351665,55.40058184148202,Ловцово
37.51885487682786,55.44952943373616,37.520998113108895,55.45050496703747,СНТ «Десна»
37.73028223151387,55.60933826289011,37.73355658895284,55.611410311988266,Ледовый дворец
37.769741931071735,55.59585491609215,37.77248926434014,55.59681928456629,4-й Берёзовый проезд
37.4907908246125,55.37149176229403,37.492368175867135,55.37239003766924,Жилгородок
37.58277931420349,55.520517754879265,37.584362686250984,55.521416045084464,
37.56338824874603,55.568179754638294,37.56565554552975,55.56942994503781,3-й микрорайон Северного Бутова
37.86914667314591,55.28041620614431,37.8710178187569,55.28155259400128,Улица Агрохимиков
37.557815142149906,55.459537541108666,37.56008203548474,55.46172876670458,АТП-6
37.50183616491069,55.42738714987955,37.50466903840564,55.42833115067643,Магазин «Маяк»
37.52521705945776,55.50640258550183,37.52728323466271,55.50738221240668,Троицкая улица
37.69779450630243,55.620913572600244,37.69981010198258,55.621857827857376,Улица Маршала Захарова
37.86630917900472,55.62492614833458,37.86845871516558,55.6259265493921,Арка
37.551118592436325,55.48724645863334,37.552700608027386,55.48814474133027,Новомосковский
37.96927463235686,55.24259336958887,37.970847167968195,55.24349183037621,Тишково (в/ч Ильинское)
37.59863637111071,55.602332076465416,37.60037502708397,55.60359612254023,Университет спорта и туризма
37.742169832471404,55.61004344100839,37.74719450121584,55.61424597885484,Метро «Зябликово»
37.585852341457944,55.549295770265786,37.58776574323851,55.55118082890224,"Варшавское шоссе, 190"
37.74359068960913,55.38410261538173,37.74516871079049,55.38500098458259,Битягово
37.514683496102656,55.52331310598305,37.516452324914,55.525347693774286,"Чечёрский проезд, 126"
37.516673623071696,55.500327332512775,37.52022108690863,55.50202706537764,Апраксинский переулок
37.693589700938496,55.529323134876385,37.69517349948067,55.53022146508778,Петрушино
37.87010814347392,55.627637179741384,37.87213172497155,55.62915007425808,Областная больница
37.56872335661795,55.348370144901835,37.570299843836295,55.34926845506177,д.Гривно (Подольск)
37.581492328874546,55.569541458745235,37.58307767158169,55.57043974121848,"Старокачаловская улица, 3"
37.57561451159117,55.430438067410556,37.57770297898206,55.43169223279924,Мясокомбинат
37.699892560983834,55.27533101497916,37.70146623942699,55.27622938498498,Столбищево
37.75217821224325,55.59206521801339,37.753919997773004,55.593153481916964,Развилка
37.697980466282566,55.460152630642085,37.69980903816054,55.461105968218,Школа
37.58471235496082,55.568465503805584,37.587483435216,55.56995799554759,"Старокачаловская улица, 1"
37.54240038694543,55.428260383428515,37.54492940085015,55.429733916631804,Лицeй
37.62096206148915,55.607347041562456,37.62385984070273,55.608275158816845,"Улица Подольских Курсантов, 18"
38.06160994199179,55.43092407823967,38.064952465582714,55.432519719609516,Воскресенское-1
37.581143708983646,55.50393799587722,37.58536823879197,55.50579427708403,Ледовый дворец
37.7744731382727,55.39626021103552,37.77605166211738,55.39715858892896,"Улица Курыжова, 21"
37.72247547118083,55.60816876580423,37.72498333582431,55.609750527660864,Культурный центр «Авангард»
37.77062443729118,55.43812336229564,37.774714698110905,55.44280221290172,Домодедово
37.93743811647862,55.55983056529585,37.939401927024065,55.562180797363325,Столовая
37.79720602503264,55.626359698251385,37.80033678160596,55.62735790291125,18-й километр МКАД
37.68498184990165,55.511192156135905,37.686678542716535,55.51259564354834,
37.81523524922676,55.558529752823915,37.817386050878994,55.559642646198355,ЖК «Пригород Лесное»
37.56655599240524,55.53453726073385,37.568310419829835,55.53568443918847,Река Гвоздянка
37.612879278429915,55.33079055277727,37.615081018295946,55.331857545474776,поворот на Романцево
37.54396248246565,55.433841603983524,37.547657122773465,55.43482749709545,Детская поликлиника №1
37.87783011457204,55.37890383904663,37.87947518390088,55.38005896054186,Лямцино
37.6228255036378,55.60501118473651,37.62504293211438,55.60722219370621,"Дорожная улица, 5"
37.60768633566111,55.345694125616056,37.60972136705753,55.346613174601174,По требованию
37.5684763441958,55.47259364210474,37.57019175397711,55.47354315758846,Магазин Ландыш
37.77735548975521,55.37666878777976,37.77894672046198,55.378089912150344,Объездное шоссе
37.752391862925336,55.249111903884554,37.753964537468285,55.25001029607977,Юсупово
37.944968661189876,55.61898423040354,37.9477283234337,55.62008637170056,
37.94911749944537,55.30015627672251,37.950692300887184,55.30105472324254,Церковь (Лобаново)
37.5279026644826,55.3487475828206,37.5301090617392,55.350516918098876,Фабрика игрушек
37.588238250692,55.60167372302356,37.5904843620715,55.60334340803748,"Чертановская улица, 53"
37.568461488660596,55.46031258555416,37.57011471312015,55.46141571333212,НИИ Цемент
37.78513960499896,55.3944927855985,37.7902194772792,55.39628586205846,Заборье
37.796497228363094,55.544617336508,37.79813498134534,55.546048563392766,Петровское
37.687538948792486,55.399605617903276,37.69004854711931,55.40055738261729,СТ «Лесные дали»
37.5262742049951,55.33133650992152,37.53155330894303,55.333821355495104,50 км
37.85480239535086,55.62440582952625,37.857177604771415,55.62558016908607,Родник
37.68112946419064,55.58029517425276,37.683054836669385,55.58228831636443,"Липецкая улица, 46"
37.541482794159805,55.40570478498314,37.543876097300874,55.40705611483766,А/к 1788
37.99680046175926,55.532042887159584,37.998384538562675,55.53294131280569,Тяжинский карьер
37.56180569217549,55.44208825318722,37.56338590828353,55.442986546776396,Детский сад
37.50874569621829,55.497703304569725,37.51089800327811,55.498805894428074,Остафьево
37.5841795233054,55.52004055457258,37.5857628771486,55.52093884539112,
37.65117513173849,55.58616181895575,37.65422935401849,55.5872741832831,"Харьковская улица, 3"
37.77156476951746,55.559536923580346,37.77314983087742,55.560435276384176,
37.52893926428092,55.414003057655655,37.53051833618779,55.414901342307786,ЗАГС
37.562675244739154,55.42626977392429,37.5643310627186,55.42714842578879,Гиредмед
37.8958173818768,55.412433292886874,37.89739661847499,55.41333170707803,
37.55995192201088,55.44062695344442,37.56153207844869,55.44152524651919,
37.7413573241091,55.61970871917207,37.74509422193805,55.62310323348878,Метро «Шипиловская»
37.53741982504096,55.54982424657094,37.540638261110026,55.55230514992472,Аллея Витте
37.78028822617138,55.618604076845166,37.783737263067025,55.62039254244457,ТК «Южные Ворота»
37.551908689034455,55.4635314318498,37.55422980976159,55.464719667011394,Профсоюзная улица
37.825812755015384,55.52963831245612,37.82739664536137,55.53053668750856,
37.77321143600643,55.4964657186496,37.774793964386426,55.49736408131487,Центр образования Горки
37.54717997565869,55.46425885947941,37.54900191633681,55.46536284062448,Сады ЗиО
37.70628356098974,55.515048172336,37.7100902152331,55.51797772523405,Калинина
37.635640495810215,55.599295974173444,37.63772671272086,55.60052242600279,"Улица Подольских Курсантов, 22"
37.59607750786906,55.530566153053414,37.59766129258143,55.531464446910356,Бутовский полигон
37.7687879551753,55.536176684862625,37.77122047779085,55.5382365165623,Поворот на Гипсобетон
37.701692333613636,55.33132361874606,37.70411036206092,55.332421878695044,Тургенево
37.557091316407735,55.54253253267313,37.55880900605005,55.544606167154804,Ветеринарная лечебница
37.753433209238075,55.50770461363135,37.75563369366028,55.5088796858311,Горки - 1
37.86181960061119,55.56111736153113,37.86369259556827,55.562186338450935,Молоково
37.704155744636736,55.402029923594334,37.70573445577588,55.40292827636985,Поворот на Юсупово
37.79443233835977,55.35182506431661,37.796529514258594,55.35526843492768,АБЗ
37.96434941371604,55.47343233114141,37.96607757927104,55.474854568400524,
37.97951108205078,55.4449670853648,37.98128931084489,55.44644011394554,Ждановское
37.55164707098933,55.34510033666679,37.556404443751,55.347110796852995,МИС
37.57259053797748,55.57852839358828,37.57504886386462,55.57944760666492,"Старобитцевская улица, 23"
37.74319593438457,55.60693382852263,37.74537637623016,55.60880076919393,14-й микрорайон Орехово-Борисова
37.53011328484343,55.36687449665921,37.532171823505834,55.36809340351827,Сельхозтехника
37.8130734690674,55.30340420420034,37.81510012399627,55.30434759624645,Поворот на Зелёную Рощу
37.550199568315456,55.507678215574366,37.55399759871451,55.50900104077594,Улица Степана Эрьзи
37.600568458358744,55.25613587662942,37.6024470602471,55.25754282357519,Зыкеево
37.81134134031512,55.30989546239881,37.813260415577254,55.31312433712817,Шебанцево
37.57890036980614,55.543824101853524,37.58080462814534,55.544735098244026,Школа
37.54004941663191,55.43112195993741,37.542456888584994,55.43240503948772,ул. Б. Зелёновская 58
37.769758316930975,55.422477013765466,37.771337883461214,55.423375386199,Музыкальная школа
37.53218248951983,55.51351440242393,37.53508421406438,55.5147536939032,Улица Авиаторов
37.507862579269975,55.419347626874185,37.510251887174746,55.42172964038055,Архив Министерства Обороны
37.72153898287104,55.58494353371909,37.724224747530315,55.587859563435664,ТРЦ «Вегас»
37.73627147435416,55.49510632484458,37.737853926050484,55.49600467511977,
37.70523890896422,55.397287502873496,37.707882463290105,55.40011709400131,Юсупово
37.99831268691974,55.5309868550964,38.00054019222406,55.53257174569399,Поворот на Зелёную Слободу
37.72363623480148,55.60597378981553,37.72531326829502,55.60719630980868,"Улица Генерала Белова, 45"
37.65258083441926,55.59885006751248,37.65451986832002,55.59985893149152,Касимовская улица
37.76903430179934,55.28737340389489,37.77060849858992,55.28827179606949,"Дом отдыха ""Москвич"""
38.01740647026284,55.53664088786544,38.01957852323655,55.53759461270009,Тяжино (РГОК)
37.86297181713622,55.22627796566618,37.86537067697178,55.22724523503093,
37.72088807236347,55.60158425695896,37.72301463694742,55.60284114324943,Ясеневая улица
37.643132833776235,55.57527968760827,37.64478157416208,55.576642712271,"Востряковский проезд, 15"
37.5640666507838,55.46312197243271,37.56606804576314,55.46424182737925,Завод ВМС
37.561646359766115,55.528570759603035,37.56323004069537,55.52946904036058,Бутовское кладбище
37.851637037503714,55.32476269321306,37.85321276286024,55.32566110675163,Пролетарская улица
37.54381208935984,55.33204344861673,37.545387911101855,55.33294175134676,Сады-1
37.56369936021401,55.478608126083216,37.56578485255236,55.47992257430371,Школа «на Силикатной»
37.54125802455579,55.54384371780754,37.54821505552922,55.54771319272377,Бульвар Адмирала Ушакова
37.7768389725192,55.59529463887357,37.77869252971136,55.5962854604411,Поворот на Картино
37.768643208494396,55.427926614355975,37.77022299189828,55.428824985608465,Улица 25 лет Октября
37.79723757122055,55.22960564542327,37.79953073718394,55.23058625544997,
37.486738003485215,55.42816080530612,37.48936588383341,55.42915037284693,Красногвардейский бульвар
37.54136088288238,55.41285065508009,37.542939917582345,55.413748944883416,Больница №3
37.96566475182879,55.55325338117785,37.96757514282084,55.5543589188694,Кладбище
37.55298248634615,55.38740195442363,37.55758880814424,55.38928273974284,Лесхоз
37.646596227975394,55.5797248917493,37.65018826790257,55.58150884010347,Районный центр «Бирюсинка»
37.76349504915445,55.4459941165602,37.765075551240294,55.446892483404234,Метако
37.75241509480842,55.298080507506235,37.75398970558634,55.298978892458095,Акулинино
37.75292987664933,55.54788863492285,37.75471063326387,55.54945406460642,Видное(МКГЗ)
37.904131305650786,55.58567910442517,37.90571749470202,55.58657749553982,Техникум
37.52860024612707,55.47405090047481,37.53130015803681,55.475396398183406,Алхимовская улица
37.543900124510145,55.540390546297665,37.54556506372865,55.541946953538734,"Чечёрский проезд, 10"
37.695455547058,55.61790919374738,37.69750046554616,55.6191979066069,Шипиловский проезд
37.95974633848536,55.567195760192305,37.961412351313356,55.56868093963894,Детский Городок ЗИЛ
37.71526707945041,55.53503203145405,37.71685112096195,55.53593036851022,
37.76325119652699,55.56328582525921,37.764836403870646,55.564184174705254,Заводская
37.54461677374372,55.468107881740224,37.546469734059585,55.46922111837888,Микрорайон «Родники»
37.777562218120835,55.427378367683765,37.77935708134214,55.42867226477998,Депо
37.766076573460275,55.43973441566136,37.76765682693351,55.44063278430308,Улица Советская
37.49224133916518,55.40589126453719,37.493820061314985,55.406789535426064,Московская областная детская больница
38.009179235130105,55.58416810047916,38.011779537407484,55.586939596602065,Островцы-1
37.847196580758435,55.327685294128514,37.84877241960699,55.328583705836145,Улица Геологов
37.54592539286885,55.41906779630417,37.54782528166612,55.420629063168036,Детский Мир
37.47523057578604,55.408948360098435,37.47754931941083,55.409899640424015,Кузнечики
37.74242318576311,55.61339422706736,37.750182560345124,55.61527552043698,Метро «Красногвардейская»
37.97052804829136,55.61290145450447,37.97244355697916,55.614004245548564,Красное Знамя
37.62585241356376,55.58109086417976,37.62778236409131,55.583280835147306,Ремзавод
37.641330670068754,55.57977623720804,37.64384722633149,55.581710488785994,Востряковский проезд
37.57955968999121,55.438475681906496,37.58238670876505,55.43939621823523,ПДСК
37.4821336759176,55.35901006316453,37.48371052456444,55.359908336798675,Сертякино
37.53613646024672,55.364660714681044,37.538028035675886,55.36557898550128,Улица Циолковского
37.65734562148402,55.60337304690747,37.658932378948705,55.60427135305658,Проектируемый проезд № 892
37.75895483661501,55.440667329669324,37.76085375742175,55.44177947040999,Рабочая улица
37.69547331989387,55.58251087287269,37.69884369741762,55.58433662663302,"Загорьевская улица, 29"
37.57343407688011,55.5722605605146,37.575019523578796,55.573158839449086,Улица Знаменские Садки
37.750271793224464,55.48128230016667,37.75194221152457,55.482555499564725,Ул. Центральная (Ям)
37.50290319050696,55.49270969646343,37.5052539776717,55.494720304881994,Музей-усадьба «Остафьево»
38.072347750773226,55.51677697605292,38.07393124952417,55.5176754239126,В/ч
37.77035737224833,55.560826988596645,37.77202012601704,55.56193411029382,Поворот на Молоково
37.74049347471563,55.523410641888255,37.74241512394386,55.52447045781745,Пуговичино
37.58566386693478,55.526355564401925,37.588356129573135,55.52769303404159,
37.617623547741324,55.46182466471011,37.62072775566343,55.462773635913535,Поворот на Стрелково
37.68752776173728,55.56627624903131,37.689314141474235,55.56723465024366,Гипермаркет «Лента»
37.522905155521514,55.52946076739791,37.524488844952415,55.53035903256554,"Чечёрский проезд, 82"
37.58242897698054,55.42395012054146,37.58454851919239,55.42498477778837,Рощинская улица
37.60640777420242,55.588739755287854,37.60905762894733,55.5899255418073,"Улица Газопровод, 11"
37.53841372971632,55.545397865454845,37.53999807075308,55.54629613450869,Гавриковские пруды
37.545098262416225,55.42097667785567,37.54717513770641,55.42206972131327,"Магазин ""Ашан"""
37.54051952570981,55.389015063012984,37.543165684638545,55.39047783672701,Железнодорожный
37.53154689562156,55.505425149406065,37.53473600826686,55.506382251320275,Остафьевское шоссе
37.92555312341031,55.62709972699036,37.927889290113754,55.62916667026468,Токарёво
37.492633606007175,55.42456790422288,37.49511920172145,55.425554596758225,Ленинградская улица
37.49902624887468,55.48545972735132,37.501519159082605,55.48644877365658,Стадион
37.58982175702369,55.608275357338,37.592014773531446,55.61000227548411,"Чертановская улица, 44"
37.55957760412416,55.54323321222119,37.56174629016545,55.54424038548839,Изюмская улица
37.89969643295836,55.311864431718774,37.90176455918572,55.31308456839907,Шахово
37.570630287391985,55.5805864925277,37.57477821215457,55.581500507457555,Северное Бутово
37.59052487119646,55.403652391202066,37.59323692681186,55.404966806889,Поливановский поворот
37.907456988652854,55.33882699742169,37.90911690981312,55.34000640205139,Поворот на Городок
37.5115196038912,55.49733047767376,37.51454300014178,55.4987586202332,Школа
37.838280605940426,55.276569792501704,37.8405926990612,55.27752050807117,Заря Подмосковья-2
37.56066366265527,55.40561309472664,37.56294945475994,55.40712040594266,Школа №4
37.569129163854306,55.419221971840514,37.571080534515836,55.42024962738541,Завод им. Орджоникидзе
37.89460216339708,55.58294050565846,37.896188236958736,55.5838388943065,Прокуратура
38.11853616563116,55.435677798461796,38.1201331355566,55.43671460144401,Хлыново
37.655970276479614,55.57477494156575,37.65902112894916,55.575753259379155,МФЦ «Бирюлёво-Западное»
37.78809693444575,55.524801128520664,37.78973875682988,55.52620167134621,
37.998361216372786,55.361901974520336,38.00109619640436,55.362968627282235,Шубино
37.70984560354195,55.43908422532558,37.711425796869754,55.43998257463866,Константиново
37.54038245742078,55.53621704449653,37.54262745544403,55.537226356616316,"Чечёрский проезд, 24"
38.05064543396037,55.55719405366727,38.05494061869622,55.56012954840892,Чулково-2
37.69245665305504,55.54664853635729,37.69404114736494,55.5475468636069,
37.636567887971324,55.53062102560687,37.63979754180733,55.532596438190225,Сухановская улица
37.500453262491206,55.435442087068836,37.50265902074607,55.436909113537816,Беляево
37.86892550662195,55.30975477392701,37.87254160792447,55.312774340823886,Данилово
37.82173106200662,55.529348013091735,37.823314938371425,55.53024638687296,
37.61860030702321,55.455390143211154,37.62018109341805,55.456288456752695,Ивлево
37.61795733512658,55.613246754979045,37.6195444653191,55.61414504498487,Промзона Чертаново
37.960216887234616,55.575628397963094,37.962335621403525,55.57687110220122,Дачи
37.74490130774783,55.48411741062336,37.7487341995594,55.48582798605678,Южная улица
37.725168062543354,55.43164090118877,37.72859538365621,55.43355643816157,Река Рожая
37.75535829539916,55.56842562697844,37.756943705001135,55.569323972986005,
37.643838874010235,55.3308493670505,37.64543392750735,55.33187143248901,Сады Аина
37.535776412319336,55.4279659601996,37.5381817877469,55.42886593973217,Больница
37.681795596367685,55.62066389659401,37.683451202271804,55.621815602965135,Новоцарицынское шоссе
38.0015094188983,55.524140620429804,38.003357176265396,55.52505527971592,Зелёная Слобода
37.53938808439678,55.41812281227655,37.54202830787304,55.41912348877434,Школа-интернат
37.747540318367584,55.44276981903936,37.749120682032185,55.44366818092501,Дачная улица
37.80942060892317,55.31585350004243,37.811179395170285,55.31720939914499,Шебанцево-1
37.539555007699015,55.50660125808951,37.542754789109495,55.50755604241751,По требованию
37.49208515245304,55.41918575336551,37.49408483086435,55.42119224551111,Улица генерала Варенникова
37.77580102902872,55.41907466961912,37.77761785479701,55.420941529890875,Парк Ёлочки
37.85003221646338,55.33088649391857,37.851608183901206,55.331784906046146,Поликлиника
37.448659259138694,55.40071792710315,37.45114744359232,55.401648573281754,Северная улица
37.76945627420374,55.397573639387204,37.77218491217258,55.39968237069873,Новое Домодедово
37.85221233651184,55.4714011592238,37.854372669869704,55.47262274071815,Воеводино
37.50249967644406,55.4892332263472,37.50511352770256,55.49038977056717,Фабрика имени 1-го Мая
37.710941910911096,55.62122570551549,37.713170686419055,55.6221522947421,7-й микрорайон Орехова-Борисова
37.63981521176148,55.582634153776056,37.64194264914142,55.585670045325976,"Востряковский проезд, 3"
37.940862529668784,55.632927829223505,37.948838202043994,55.634183974259486,Жилино
37.57144388492727,55.503573552678,37.57425550814924,55.50457194834591,Захарьинские дворики
37.53663222160201,55.501928786945804,37.53857647276583,55.50305531309876,Барышевский пруд
37.57794632040017,55.57681034449282,37.57982317425899,55.57775565405797,4-й микрорайон Северного Бутова
37.914627708983666,55.33742811897836,37.91687540624926,55.338870081566895,Садовая улица
37.82463850555231,55.231254935655606,37.82640237889504,55.23307336397152,Косино
37.76285884952899,55.59534253863703,37.764625954965865,55.5963645613906,Гаражи
37.734667948756346,55.61302795351802,37.736298040814695,55.614061046145544,Ореховый проезд
38.081492892082814,55.43686742984077,38.08430922471393,55.43799537254948,Ильинское
37.59314072852825,55.31912913799628,37.59471607191749,55.32002746196741,Матвеевское
37.78219830828963,55.37791364739504,37.784300991559995,55.37901935176522,Поворот на санаторий Подмосковье
37.64522525596024,55.542286044640065,37.646809544474785,55.54318435532394,
37.529208811904155,55.54099329566591,37.53360190384057,55.54331215107567,Метро «Улица Горчакова»
37.53022083573014,55.3614078079514,37.5322114825376,55.36346299116844,Хамелеон
37.558589403576384,55.50228796357005,37.56049760332168,55.50384703514205,МФЦ Щербинка
37.902977990309836,55.57156940355769,37.904563610043034,55.572467796407295,
37.589682326417815,55.554621056059496,37.59126707403539,55.55551934390426,
37.77451660435068,55.39442384652058,37.77625448443651,55.396025153113676,
37.609734095737046,55.6103817563279,37.61132110471121,55.61128004363598,"Улица Подольских Курсантов, 1"
37.52235525379824,55.497531354110095,37.524496869994316,55.499184846639494,Улица Логинова
37.66148630454307,55.539405246686954,37.663900894182966,55.541814727878226,Петровский проезд
37.672024141453555,55.59202192760036,37.673888174961526,55.59390567187729,Бирюлёвский дендропарк
37.54719581323456,55.41497780584411,37.54891369131547,55.41630179364169,Автоколонна №1127
37.63912051426525,55.24576132162462,37.64152396947744,55.247276047870585,Троицкая школа
37.8342913779204,55.421436452979606,37.8388469387023,55.42445976312749,Авиационная
37.96140564273813,55.248907288560105,37.96367375816056,55.25007291041085,
37.51406990987944,55.48658636672195,37.51608358480063,55.48751953362031,Микрорайон «Гора»
37.61486723219831,55.43417454235078,37.616447168243575,55.43507285761307,Домодедовское шоссе
37.49403275398276,55.41514656485164,37.49561184649711,55.416044835111634,Фетищевская улица
37.80944591974984,55.55904065509135,37.81145077767956,55.5601468446267,"Молодёжный бульвар, 2"
37.525297609912556,55.51007980688241,37.527404683353105,55.51129089311478,Флотская улица
37.697714974520316,55.57927549326075,37.69976901307097,55.58057010709422,Ближние Прудищи
37.89788053120631,55.46000259609017,37.899461669145836,55.46090100387476,Мусульманское кладбище
37.83152710400559,55.27402551515541,37.83365728865939,55.274983085440816,Заря Подмосковья-1
37.93329701087272,55.28462637786516,37.93487118946453,55.28552482209982,Сады МГУ
37.76221790002397,55.436020848344235,37.76533180542603,55.43700205262634,Новая улица
37.84037150983766,55.56097879961832,37.84281352762907,55.56240772667666,Поворот на Остров
37.77247153101997,55.28055989816776,37.77451838937123,55.282081902384505,Поворот на Акулинино
37.518637175846344,55.528430483904664,37.52215062505105,55.53057861973051,Бунинская аллея
37.53533707194155,55.510807381677914,37.5372041378482,55.511960618470205,Улица Космонавтов
37.88278866318171,55.53839980416954,37.88437293717694,55.539298195795354,Богданиха
37.66176010517161,55.57744468902069,37.663422393298376,55.578553509943575,"Загорьевский проезд, 3"
37.82980716677474,55.41910940365318,37.831386633598235,55.42000779631149,"Платформа ""Авиационная"""
37.87920019773153,55.24556203944324,37.881481615450944,55.24697156096996,Кузьминское
37.56576065083887,55.48582486207821,37.568329460434846,55.48728023789384,"Симферопольское шоссе, 20"
37.572157424775945,55.53896363570407,37.57408189480119,55.54040326457875,2-я Мелитопольская улица
37.58604620091863,55.56533657308493,37.58822259359687,55.56635032467368,"Коктебельская улица, 4"
37.95311631100118,55.50522519130763,37.95469928933423,55.5061236086575,ЖК «Ольховка»
37.59597512555285,55.33107948093851,37.60031403090847,55.332629034028166,Подстанция
37.64463361156935,55.58867532792713,37.646509299049804,55.5898462722324,"Медынская улица, 8"
37.88844793350189,55.25954004582432,37.89011156366113,55.26076375373838,Школа
38.11716485204943,55.36584260224024,38.11927816376464,55.36724789827627,Починки
37.812463585760185,55.5588195086129,37.814882222468924,55.55980579234854,Литературный бульвар
37.660031310965,55.536588666049646,37.66227030239852,55.53797443438353,Магазин
37.597152086539545,55.59963033764134,37.59934842791058,55.601022162849546,Техникум креативных индустрий
37.656009957279664,55.585743841835814,37.65777802778675,55.58751295780072,ОВД «Бирюлёво Западное»
37.97715099844438,55.605384068322486,37.97903247673679,55.60765393118196,Октябрьский (Школа)
37.75305644939142,55.33337312908127,37.75533974835323,55.334481269210805,Зиновкино
37.65163448814813,55.59118121888379,37.6576083675298,55.596443697245114,Станция Бирюлёво-Товарная
37.75188369876128,55.606006087150675,37.754066112069495,55.60698891371103,"Гурьевский проезд, 19"
37.890356126317734,55.2628412306435,37.89226077087344,55.26383976842862,Улица Чкалова
37.75553357678516,55.424701016338624,37.75711322361162,55.42559938362575,Микрорайон Дружба-2
37.52489419763949,55.5297745426952,37.52816920655811,55.53126995465997,"Чечёрский проезд, 72"
37.93076358959338,55.46165269132658,37.93234481074829,55.46255110863847,Новлянское
37.56501494604941,55.43749416817121,37.56747504486215,55.4384968329036,Рабочая улица
37.971208977140925,55.5663880932514,37.9727944231899,55.567286506713806,Новое Лыткаринское Кладбище
37.520825101344975,55.53447966300907,37.52315668504981,55.535511438322395,Поликлиника №121
37.62897601750274,55.60079736326298,37.63377954714816,55.604323395596495,Покровское
37.76361376168424,55.5665104393453,37.765693622047344,55.56853855920482,Аммиачный завод
37.95946367537485,55.516069638814585,37.961074639422506,55.51772076109623,Прудки
37.53033819217106,55.35645361972067,37.53299544848069,55.358482344517796,Cтанция Гривно
37.78569343091175,55.60831866408754,37.78733536681624,55.609392634854814,Беседы
37.75614069837119,55.45917450234791,37.758752568835526,55.46218639498208,Карусель
37.92595874305602,55.45404189146901,37.92753965728703,55.45494030849601,д. Истомиха
37.472589194036374,55.408515268813055,37.47416800645012,55.40941353115013,Поселок Кузнечики
37.71726875762259,55.52613283044575,37.71885244278891,55.52703116951854,Жилой комплекс «1-й Донской»
37.82142812416514,55.393333510803245,37.82401866639107,55.39435079043026,Амбулатория
37.91066981173722,55.296281133198924,37.91310104911439,55.299495265047995,Коттеджный посёлок
37.72620767354904,55.4114172633181,37.72785111696631,55.412860836540105,Никитское-1
37.62028829730053,55.59963941319845,37.62755438445281,55.60168267858581,Покровский парк
37.98927221102284,55.58442741888562,37.992065104735936,55.58553508332696,Кладбище
37.70144647983875,55.60531196102448,37.703459103603414,55.606690839415286,"Шипиловский проезд, 55"
37.880963236881776,55.549329900815344,37.882603853524934,55.55076569905994,Конный клуб Русь
37.44500861622344,55.43464726644601,37.446596183471925,55.43562743344482,Центр Юна
37.74313448237279,55.36939631437282,37.74471191802662,55.370294685591496,Лесное
37.74234055833219,55.410787017569284,37.74391964206847,55.41168538239505,
37.71449149397751,55.47633173583134,37.71615669899149,55.47769026394911,Пепси
37.86251082611338,55.234177884805405,37.86408297424518,55.23507631515932,
37.50022864398758,55.42556006434659,37.501808156490604,55.42645833561674,Магазин «Современник»
37.8940398868155,55.26691974161106,37.89745732589234,55.271919584119125,Станция Барыбино
37.714425338387265,55.6088239292328,37.72253848930217,55.61273528203568,Метро «Домодедовская»
37.83797830786157,55.2708972913853,37.83955189250554,55.27179570857933,Больница
37.52612868770589,55.535133083026274,37.53004873920376,55.536515922111526,"Южнобутовская улица, 62"
37.6117682790692,55.47189714572503,37.613349721374675,55.47279545423879,
37.536957264887675,55.3689958130051,37.53886283141849,55.36991398717469,Больница
37.87826481166609,55.55629690776913,37.88035079377849,55.55723519265164,Орлово
37.58773058203155,55.33101048550026,37.5896144241785,55.332119014599954,Сады-1
37.75278033444084,55.618078222778884,37.754420343785256,55.62008357708801,Управа района Зябликово
37.58780976277133,55.59983556366007,37.59001607824901,55.601493168355915,ОВД «Чертаново Южное»
37.55975540446748,55.5068135221542,37.56639863316929,55.51244119448982,МЦД Щербинка
37.840562637810464,55.34209439028957,37.84212337107458,55.343055209181486,Переезд
37.945807717021765,55.501127136914654,37.94767158900075,55.502060361404126,Посёлок Володарского
37.53149751914577,55.545694864007025,37.53500956127504,55.54692563944359,Физико-математическая школа
37.90659077526475,55.45268399424105,37.90817162508446,55.453582405723914,Истомиха-1
37.67381796721197,55.33097002378316,37.6753938332085,55.33186837618088,Лесные Поляны
37.752208380582296,55.6153088952297,37.753951234562095,55.617058104528866,Кустанайская улица
37.660283217817835,55.61577837634712,37.66261328795804,55.61673492429975,Центр крови
37.716265939591096,55.61908405586125,37.71938010393751,55.62116528747911,"Улица Генерала Белова, 17"
37.58680760317723,55.59520640563406,37.59067714982546,55.597000486377844,Чертаново Южное
37.5352327901974,55.473287140437826,37.53771711309905,55.474430157028,Знамя Октября
37.90474039737622,55.27690732060434,37.907324517882046,55.27799258130945,Школа
37.614219254608045,55.26583480005057,37.616347940811266,55.26685799803554,Томарово
37.92079580830646,55.25075358990801,37.92342927966964,55.25180701168679,
37.759002211419016,55.4306606782917,37.76079079076179,55.43163382116251,Рабочая улица
37.490533736090946,55.3332669586314,37.49252575560373,55.33446254154203,
37.89650426913998,55.45812439615913,37.89808533121255,55.45902280380579,12-й участок
37.88530073011264,55.53503620353774,37.88688487024515,55.53593459642717,
37.957199739181696,55.42336079172444,37.95961235189296,55.42435740929222,Сельвачёво
37.76727558308854,55.26734276012569,37.77144747477333,55.26897788516654,Шишкино
37.520473179686405,55.414728509375344,37.52216613281696,55.41633889044654,Школа №17
37.71063431072771,55.61773769591203,37.714874753196106,55.61965345160943,Юридический колледж
37.914255736898404,55.516727404095434,37.91588595998565,55.517891495719134,Григорчиково
37.834811495148685,55.6295806031447,37.83684810891247,55.630592895305355,Университет Дубна (филиал Угреша)
37.52236019202982,55.4107187762937,37.52499958877402,55.41321131984704,Высотная улица
37.50572692755046,55.42294413365121,37.507447864196656,55.42441066595499,1-й микрорайон
37.616946753879645,55.52792624887859,37.61853044656408,55.528824551085286,
37.80307245454903,55.6026217856252,37.80586364226641,55.60397751253984,По требованию
37.61289347439654,55.54359161273454,37.61594852219887,55.54486008339449,Жабкино
37.67235300170387,55.58611038725238,37.67478030483122,55.58716690949032,Спортивная школа
37.57095039881696,55.56345127566346,37.5733915076419,55.564765323885005,7-й микрорайон Северного Бутова
37.59600783258741,55.59727183966229,37.59819397511697,55.59852216038318,Гуманитарный университет
37.76336568292857,55.54787003329419,37.765385815720144,55.54896456624079,Заводоуправление
37.561789344742145,55.47242043187086,37.56486528279308,55.47472967225412,Новосырово
37.67462562855788,55.45382523269448,37.677415400106,55.45555517171115,Заболотье
37.59174196774621,55.61565414007202,37.59398060047287,55.61735828839192,Детская стоматологическая поликлиника
37.68283549271488,55.58547954339346,37.685126112247076,55.58653795415071,"Лебедянская улица, 22"
37.732150797840745,55.48900782510819,37.73373300256507,55.48990617485614,Станция Ленинская
37.75783320677836,55.59335811538258,37.76038388740972,55.59445258135284,
37.74916204471689,55.484541104338,37.752471541741535,55.486425121146844,Ям
37.61918468581749,55.27538752979045,37.620758314618826,55.27628587017333,
37.892410423212155,55.370014010499375,37.89458276624349,55.371899587071745,Кутузово
38.00470403560775,55.55112240192696,38.0067786532368,55.55239979837923,
37.69746192458885,55.616933553366074,37.70008567092112,55.61789274723873,"Шипиловская улица, 5"
37.832752107563074,55.391883734863015,37.83450569225428,55.39312986365435,Старые дачи
37.66772584434992,55.251379119000184,37.66929855607046,55.252277480963805,Сидориха
37.72855735403397,55.35736998896133,37.73084584698531,55.35827861115767,Церковь
37.82026873061173,55.33563239901451,37.82184486976241,55.3365308009501,
37.61923348702299,55.600409511110215,37.62114290988134,55.601400987933566,"3-й Дорожный проезд, 10"
37.85964608084217,55.62428754175264,37.8622773028246,55.62538846029844,Аптека
37.69284142410759,55.616375402943866,37.695843787772205,55.61787180105443,Шипиловский ЗАГС
37.55468167135982,55.55193190432621,37.5570069323053,55.55286839610721,Скобелевская улица
37.51423011502143,55.31073185317772,37.51705939278659,55.31402138097011,Львовская
37.66902959850364,55.60959123716737,37.6734779081608,55.610609564316356,Спортивная улица
37.831227791293706,55.532733511816396,37.83281180908137,55.5336318881483,
37.50478859415,55.433968497660416,37.50730097356348,55.435082625300346,Пенсионный фонд
37.5609966023007,55.50330209536671,37.56267878192098,55.505057104451716,Администрация городского округа «Щербинка»
37.727491603655125,55.61643477977508,37.7291674106675,55.618100920090335,Школа № 438
37.75684005873291,55.62141974950631,37.759321024262015,55.62298035106714,"Задонский проезд, 24"
37.66642503725354,55.54069865506053,37.66993438692074,55.54200374920372,Школа милиции
37.830913241654955,55.25916559164354,37.832486358714114,55.26006400832108,
37.67467735922931,55.44208722895272,37.67676793151487,55.44333847124585,Заболотье
37.75743630024335,55.292678906250785,37.7590107001497,55.293577293713575,
37.605151440937306,55.616195793518436,37.60718006700589,55.6173877066427,Парк 30-летия Победы
37.98347938763732,55.59866146993168,37.9857000895434,55.60030233092176,Тепличный комбинат
37.83834448968914,55.252087036005015,37.84028739152992,55.253526464390596,
37.62046399953036,55.52928321761545,37.62218890397785,55.53057708175676,
37.66402211959083,55.618836834495184,37.665711980579694,55.620002264531124,Товарищеская улица
37.634452797665936,55.592076906859205,37.636767221521396,55.59434259104977,"Улица Подольских Курсантов, 26"
37.54295083098395,55.48504804771749,37.54632316421388,55.48603175310547,Старосырово
37.71806590038718,55.61666254089458,37.719695583010115,55.61841305899264,Поликлиника
37.994542324982895,55.548820788707914,37.99612707534009,55.549719211257354,
37.70892846944559,55.55616790559509,37.71062093106043,55.557332493310696,Площадь
37.60252746486794,55.435529460653655,37.604128532489845,55.43655523852941,Сады
37.638086533367705,55.59122711813001,37.639869268535165,55.592529180653045,"Харьковский проезд, 7"
37.4759033513134,55.35703825526003,37.47773934169884,55.358562343712286,Сертякино (церковь)
37.916821676707315,55.58694880262674,37.91840792364144,55.58784719733828,Заводская
37.514658849471324,55.525826069365245,37.51955992681031,55.528048527040404,Остафьевская улица
37.52483980911309,55.372697020492254,37.526891306116205,55.374061279952265,Сергеевка
37.60489671873992,55.25045203601107,37.60779018495564,55.25140346462256,
37.88987184661623,55.27388160242369,37.89163804716126,55.274934497625516,cовхоз Барыбино
37.53616731130654,55.539854499154465,37.53844090562399,55.54133830148122,"Южнобутовская улица, 38"
37.75754030204755,55.514142846983006,37.75953270581753,55.51532125318011,"ЖК ""Май"""
37.654990742605115,55.51790404103693,37.65657405782614,55.51880235892707,Суханово Магазин
37.82331534036027,55.561577755954026,37.82505925360981,55.56297584346951,Мисайлово-2
37.616108400300455,55.44756837457964,37.61892830687775,55.44901202435464,Покров
37.659048407456524,55.601567954613024,37.66076289220827,55.60277164430938,Детская музыкальная школа
37.65563478811747,55.60631814719571,37.6590970034122,55.60807898162724,Завод «Огонёк»
37.525057325815204,55.4242387535492,37.528815372007045,55.42591193231233,Бульвар Льва Толстого
37.671134262177056,55.33126692429272,37.67271013824426,55.3321652756713,Поворот на Лесные Поляны
37.56135388996571,55.40211295032254,37.56293251049235,55.40301124964104,Улица Багратиона
37.83520687648515,55.26820809761549,37.83716292639297,55.26912520257024,Растуново
37.65105161768571,55.579485005673234,37.6533521857391,55.580577592248666,Ледовый дворец
37.78152841213289,55.33561842916025,37.78394658999711,55.33684816972049,Вахромеево
37.9306556347301,55.50614528735599,37.93266284675679,55.50758451311929,Поворот на Большое Саврасово
37.89214808950186,55.452494486852714,37.894312772632105,55.45452277626844,Домодедовское кладбище
37.763728104152676,55.26192565836156,37.76531899777749,55.26298544156249,
37.591345197543006,55.57222667774894,37.59313509168634,55.573840721708976,Ратная улица
37.73424040602549,55.44687023572016,37.73613417086985,55.44908556370996,Набережная улица
37.60878451279469,55.5743547649546,37.61207402486005,55.57594409180519,МЦД «Битца»
37.96031103792945,55.55991209551584,37.96284391042397,55.561441205872775,Карьер
37.93593210970975,55.24831610286439,37.941442062398885,55.249805903338654,Сырьево-1
37.519799662949524,55.36292094411902,37.523242466640866,55.36510302641036,Заводоуправление
37.966579898539585,55.60685127414577,37.96917751191476,55.608295125672036,Улица Текстильщиков
37.50796494970394,55.34475735678972,37.50954125076948,55.345655643173615,Фабрика игрушек
37.69600425572874,55.609752202598166,37.69765424821196,55.61096239720625,"Шипиловский проезд, 39"
37.700656115095796,55.46181449649836,37.702456697493496,55.46299710353432,Церковь
37.666003721217514,55.487495763334366,37.66830099379931,55.48960153427508,Брянцево
37.7473641581765,55.44092449007157,37.74935462714876,55.44225151031044,МФЦ
37.807518810455754,55.55819525030053,37.80934058300449,55.55910734981601,
37.539161305472184,55.37452923280738,37.54111608927858,55.37549606554309,Площадь 50-летия Октября
37.56460466764019,55.564433005979126,37.56665292520419,55.56562589410197,Улица Академика Глушко
37.527049749867075,55.311966095694714,37.5286633522,55.313022003455956,Магазин
37.50582160726908,55.36460889128026,37.508026071145224,55.36658780874656,Улица Красная
37.72670936641973,55.62023001967798,37.72870055470587,55.622385179554655,Шипиловская улица
37.71900141226442,55.543918435021574,37.72086440878126,55.5460048645478,"Берёзовая улица, 3"
38.01088606579369,55.57143608814586,38.01247173452446,55.57233451181946,Сельцо
37.72391241916746,55.48806962647304,37.72549458124096,55.488967973491256,Павловское
37.822672465663324,55.4743042088767,37.824254134713165,55.475202591087964,АБЗ
37.92196375456958,55.35716104677919,37.923584934525365,55.35821105286993,Дубки
37.80563214225711,55.23309388143038,37.80831816338563,55.234067719421105,Голубино
