min_x,min_y,max_x,max_y,name
-2.1429939056821583,53.2592141734605,-2.141304998027973,53.260245326562746,"Macclesfield, Chester Road / Kershaw Grove"
-2.0717952954780876,53.44934480503974,-2.069833365072485,53.451294128751705,Lumn Road/Mottram Road
-2.126215952208764,53.25746647185043,-2.1240570957690132,53.25907027634018,"Macclesfield, Queen Victoria Street / ent Bus Station"
-2.0262703908689463,53.46615081492898,-2.0239521209434894,53.46719238643754,Mottram Road/Waggon and Horses
-2.126683715374322,53.24489833465419,-2.1233645572237494,53.246596793423414,"Macclesfield, London Road / Sherwood Road"
-1.6380517458775916,53.14186217616049,-1.6363731503000727,53.14289392386305,Leacroft Road
-1.9859604514773406,53.46654748893712,-1.9841830486073673,53.467446311029406,Manchester Road/Millbrook
-2.0770790834863284,53.443984374679694,-2.0754825178574294,53.44511782414799,"Hyde, Dowson Road / opposite Grosvenor Road"
-2.1138324639080297,53.37367061075851,-2.1123295363429504,53.374569389206314,"Hazel Grove, Macclesfield Road / Hazel Grove Park & Ride (Stop D)"
-2.1592606718072838,53.25433082429609,-2.157406341572114,53.25624017485881,"Weston, Earlsway / Shops"
-1.5371731530683284,53.375130908408245,-1.5354183462122744,53.37615779136474,Sandygate Road/Sandygate Park Road
-2.1401711264087284,53.267950207164425,-2.13851797543706,53.268908992435136,"Macclesfield, Westminster Road / Shops"
-1.6856981165888356,53.17539234976895,-1.6841087872531468,53.17636805018869,Church
-2.063832281878134,53.440734946116926,-2.06112251723146,53.442010251286206,Werneth Avenue/Shaw Avenue
-1.5267064998511644,53.36768340526789,-1.5252041005656987,53.368581994694964,Nethergreen Road/Hangingwater Road
-2.0676608278801476,53.46283532326579,-2.06615477238524,53.46373407669894,Talbot Road/Bluebell Close
-1.5116952030682744,53.37165544753762,-1.5101544952629975,53.37271365173847,Endcliffe Vale Road/Woodvale Road
-1.6574831430137689,53.27534073217106,-1.6559911648928183,53.2763088673509,Stoney Middleton (Toll Bar)
-2.08194189510108,53.46068135354696,-2.0787687406932713,53.46247225936933,"Flowery Field, Bennet Street / Flowery Field Station (Stop B)"
-1.969294558063849,53.33575350921183,-1.9678013490035222,53.336701590356505,Buxworth Saint James Church
-2.121725767722692,53.288405544818254,-2.1198676299319357,53.28941955424673,"Bollington Cross, Bollington Road / Princess Drive"
-2.107617385432301,53.416350533372764,-2.105039317777679,53.41767402593876,"Bredbury, westbound Bents Avenue"
-1.8188268558825573,53.36410485463386,-1.8159305723872372,53.3654418736632,Railway Station
-2.1177632376223423,53.44644418211435,-2.116113772769297,53.447572017778356,"Circular Road Estate, Circular Road / at Cannon Walk"
-1.6449529007433614,53.18858249204099,-1.6416086948145052,53.189575108782236,Picory Corner
-1.8425609770360722,53.223944237417115,-1.8410634232888565,53.22484296254686,The Ditch
-2.141005756376794,53.24746729794144,-2.1395072438647578,53.24836610202339,"Macclesfield, Craig Road / Harewood Way"
-2.0893484118618435,53.46167072043717,-2.0878423883973602,53.462569479527595,"Flowery Field, Dukinfield Road / opposite Broadway"
-2.1247795132035927,53.455683415645616,-2.1232736870454536,53.456582184319274,"Denton, Manchester Road South / near Seymour Street"
-1.8773337304369715,53.28371003651379,-1.875834069879278,53.28460876345033,"Peak Dale, Batham Gate Road / adjacent Longridge Lane"
-1.9004135178194819,53.4814158479697,-1.898906882493784,53.482314551994556,Torside
-2.065870422745469,53.473865524329526,-2.064363977520594,53.474764275635216,Fir Tree Lane/Fir Tree Crescent
-2.097663693779053,53.238656202507734,-2.0961655064745446,53.23955499745699,"Sutton Lane Ends, Langley Road"
-1.678197621963867,53.28640527008703,-1.6766979784084632,53.28730392987638,Eyam (Coach Park)
-2.1222331064641904,53.44984518628499,-2.1206913988092557,53.45072071274358,"Denton, City Avenue / opposite Shoecroft Avenue"
-1.678681284776955,53.21557816462896,-1.677184115593743,53.216476835334454,Bakewell (Fire Station)
-2.132524899285264,53.37239007595929,-2.130871799160258,53.3733790239958,"Hazel Grove, Lyndhurst Avenue / opposite Moorfield School"
-1.5073863422508018,53.37046660940604,-1.505883858171588,53.37136519055671,Endcliffe Vale Road/The Glen
-1.6884082901684614,53.28840851081777,-1.6869722054246379,53.289301788519964,Eyam (Town Head)
-2.1371276487795305,53.266717345454076,-2.135618249950089,53.26774385447684,"Macclesfield, Westminster Road / Abbey Road"
-1.599273675419496,53.153239174715296,-1.597778724972067,53.15413782524778,Three Stags Heads
-2.1201005302572473,53.247926989361154,-2.1181587620614355,53.24888131114474,"Macclesfield, Byrons Lane / Laburnum Road"
-1.527781095700091,53.36888010548092,-1.5257397083118756,53.36991379265738,Fulwood Road/Ranmoor View
-2.1064149462792305,53.38979151288463,-2.1049114539740805,53.39069028708018,"Bosden Farm, Shearwater Road / opposite Sanderling Road"
-2.156057258239461,53.24740629617922,-2.154558741997864,53.24830510378568,"Weston, Kenilworth Road / Appleby Close"
-2.06760502513946,53.4702593435861,-2.065195561603937,53.47133425806051,Yew Tree Lane/Water Grove Road
-1.993718949095747,53.461910000739,-1.9911885405930516,53.463410999083,Market Street/Wood Street
-2.0020632098486986,53.459426342608545,-1.9983041960349905,53.4603725311161,Mottram Moor/Carrhouse Lane
-2.1195635134991475,53.43313021456654,-2.1180584867510595,53.434028985398314,"Castle Hill, Ashton Road / opposite Bredbury Parkway"
-1.551560540064159,53.36949640042804,-1.5500580603457252,53.3703949995349,Barncliffe Road/Winchester Road
-1.849121908366998,53.2485555382455,-1.847623491956543,53.249454261718526,Topley Pike
-2.1160355143140834,53.42189061414252,-2.1145308859369605,53.42278938582235,"Bredbury, Stockport Road W / Lower Bents Lane (Stop A)"
-1.5270179186855357,53.38011280614616,-1.5255150817315382,53.38101139381669,Manchester Road/Den Bank
-1.9831054266518497,53.469485335068875,-1.9815991736376874,53.470384064895605,Arnfield Towers
-1.520797056586513,53.354345651772974,-1.5189217470967395,53.35546154817373,Hoober Avenue/Knowle Lane
-2.1035144277965276,53.422677667366756,-2.101941678100497,53.42400293247861,George Lane/Reformed Church
-2.0311353965518926,53.358645948569986,-2.029205702953626,53.359713850724894,"Danebank, Buxton Road / White Lion PH"
-2.14576528639897,53.35184680529456,-2.1442631138426744,53.35274559467034,"Poynton, Woodford Road"
-2.0415819972532803,53.47129708390669,-2.039276425662988,53.47390281412305,Mottram Road/Woodlands Road
-2.0905409294050297,53.4521488914558,-2.0872958416778324,53.453585668997,Mill Lane/Manchester Road
-1.5821946845738486,53.39984649670778,-1.5806911158280725,53.40074510325532,Sykehouse Lane/Sykehouse Cottages
-1.9201003842436786,53.31153652113707,-1.9171107167314039,53.31259603246518,Chapel-en-le-Frith
-1.634076377419584,53.34166538240275,-1.6325748229663681,53.34256401756053,Stanage Hook's Car
-2.1237886225047182,53.37120390936855,-2.1222857777434108,53.37210269059629,Cavendish Road/Chester Road
-2.148873345023129,53.349458304750144,-2.1473712552176063,53.35035709521476,"Poynton, Chester Road / Highfield Road"
-1.7882439645522261,53.13785163970594,-1.786749435786275,53.13875036025785,Heathcote Mere
-2.006505233591398,53.4258252470552,-2.0046209608310015,53.42675955326687,"Chisworth, Marple Road / opposite 91 Marple Road"
-2.1063723219339114,53.42393545058771,-2.1035063719219425,53.424942150447414,"Bredbury, Stockport Road E / opposite St Mark's Church"
-2.116332289794065,53.443897639052736,-2.1148052186738506,53.44489876055249,"Denton, Stockport Road / opposite Fletchers Arms"
-1.5961776450249439,53.159671335932195,-1.5930837789780292,53.16157341056855,Darley Dale
-1.907552933673016,53.23784274743256,-1.9059688624167308,53.23873595248514,St James Church
-2.123584901274986,53.25023500022441,-2.1220862989714995,53.2511337997404,"Macclesfield, High Street / Byrons Street"
-1.6527331909416545,53.19147064268106,-1.6504911075735875,53.19260975568745,Haddon Hall
-2.135929533825945,53.318737385859755,-2.1325542928323915,53.32111684473502,"Adlington, Railway Station"
-1.7420671503016183,53.331154209286254,-1.7405323554969743,53.33242949063456,Bradwell Batham Gate
-2.0620351591719226,53.47195645453386,-2.060404547700894,53.47299204539632,Lyne Tree Road/Guildford Road
-2.09372324186099,53.42861905540732,-2.0917557027292726,53.43015568306231,Woodley
-1.6159142663178163,53.18889258538804,-1.612349651931684,53.19015541826886,Peak Village
-2.0245934927815683,53.45035707714761,-2.0215264794511545,53.45184349299215,"Hattersley, Ashworth Lane / near Garnett Road"
-1.9939844826707482,53.36484732563855,-1.9924819176139887,53.36574607432594,"New Mills, Church Road / adjacent Marsh Lane"
-1.9849268764256758,53.44400833288724,-1.9834215238629227,53.44490706707727,"Gamesley, Glossop Road / adjacent Samas Roneo"
-1.5078310959906163,53.37504378427398,-1.506320796029884,53.37602641535788,Fulwood Road/Endcliffe Crescent
-2.1252387856635817,53.39443905676706,-2.1230599130487646,53.39535564335881,"Offerton, Lisburne Lane / near Alfreton Road"
-2.1080073501003187,53.34723773152604,-2.105997442660348,53.34819786904515,"Hockley, Coppice Road / Post Office"
-1.549364069417067,53.3646142655777,-1.5473625328960645,53.36575493404536,Crimicar Lane/Outside No 72
-1.6835715040324426,53.17639826077224,-1.6820756963360664,53.17729693919118,Alport Lane
-2.1252378436412864,53.28369769472354,-2.1235607511694234,53.285120704601184,"Tytherington, Tytherington Lane / Tytherington Business Park"
-1.50955695045208,53.36304175613975,-1.5067376385237004,53.36613095640664,Ecclesall Road/Carrington Road
-1.5488278240086788,53.39242079309468,-1.5469844765352514,53.39346280633441,Uppergate Road/Bankfield Lane
-1.915400635300072,53.25548933953611,-1.9133241041264089,53.256838082480826,"Buxton, Terrace Road / Market Place (Stop C)"
-2.062450738643567,53.45092573447545,-2.0601843559504514,53.451892566169676,"Godley, Mottram Road / opposite St. Pauls Hill Road"
-2.00187260804819,53.35687638572219,-1.9999400919226447,53.357776514237095,"Newtown, Buxton Road / adjacent Redmoor House"
-2.104207848400515,53.36901551908236,-2.1022668525888903,53.370112880441326,"Hazel Grove, Buxton Road / near Mill Lane"
-1.7073076007376906,53.22392821129296,-1.704528744437752,53.2250645108894,Ashford-in-the-Water (Ashford Arms)
-1.6131262443934835,53.38564958968678,-1.611623155999364,53.38654821027642,Manchester Road/Surrey Farm
-2.041395740949002,53.40779280921039,-2.039852056951104,53.408849789893466,"Lane Ends, Glossop Road / opposite Lane Ends Inn"
-2.0298791897967217,53.44343211762985,-2.0266808282931277,53.44497665663365,Clough End Road/Chapman Arms
-1.516463482128853,53.32992357658209,-1.5146019085680977,53.33114432364827,Abbeydale Road South/Ecclesall Wood
-2.131061587270144,53.389189901435905,-2.1294317050286224,53.39024559849986,"Great Moor, Dialstone Lane / near Dial Road"
-1.5324923672261594,53.379709208493324,-1.530243421293847,53.38074179274805,Manchester Road/Hagg Lane
-1.63919230373072,53.29197485722517,-1.6375612914260658,53.292872242736095,Grindleford (Goatscliffe Cottages)
-2.046130511679346,53.376474773316765,-2.04433379098541,53.377542126612646,"Strines, Strines Road / opposite Royal Oak"
-1.528958502538465,53.315843322814146,-1.5245677103110034,53.317747759249045,Baslow Road/Marstone Crescent
-1.8314899401851514,53.35904714942309,-1.829987660145411,53.3599458505409,
-2.11232978024042,53.3914753728827,-2.110450213719988,53.393094925447556,Bean Leach Road/Brooklands Farm
-1.556525932390052,53.368966699403714,-1.5550234680184185,53.36986530055925,Crimicar Lane/Winchester Road
-2.1135882332964098,53.34736796438902,-2.111988472424552,53.34836883552367,"Poynton, Park Lane / School Lane"
-1.6406908774751578,53.32276875885207,-1.6388237344500272,53.3240530414299,Hathersage (The Millstone)
-1.513920655494043,53.34834290639656,-1.5124189449259715,53.34924149356621,Silverdale Road/Derriman Grove
-2.089187429007773,53.43143730769641,-2.087380974203897,53.432353992459,"Woodley, Hyde Road / opposite Pennine Road"
-1.6010106252063196,53.15031577416008,-1.5995157751846911,53.151214425803005,Cross Green
-2.1035841173961822,53.3881850131104,-2.102080682857907,53.38908378685441,"Bosden Farm, Sanderling Road / near Dunlin Close"
-1.7426190628333822,53.3284528876702,-1.7409176433880502,53.32936101236792,Bradwell (Memorial Hall)
-1.5538535760828467,53.33862708967928,-1.5522882194898722,53.339590110236685,Long Line/Holt House Farm
-1.5101783178349888,53.37621084173678,-1.5084563866807288,53.37726645831158,Manchester Road/Tapton House Road
-2.1064449858171277,53.29683733634364,-2.104926320256616,53.29778776336453,"Bollington, Wellington Road / Adlington Road"
-1.9507747250759284,53.4007415312982,-1.9492837695082612,53.40159966781658,Carr Meadow
-2.069880148555152,53.47789162416362,-2.0675299685142736,53.4793891371179,"Stalybridge, High Street / near Tame Street"
-2.0198130935426297,53.31409797803542,-2.018074908291343,53.31500592203095,"Kettleshulme, Macclesfield Road / Bull's Head"
-2.129699691154789,53.40582049164861,-2.127871212807197,53.40674190855292,"Little Moor, Bideford Road / near Ilfracombe Road"
-1.9504875794292649,53.42199433609558,-1.9489830208687386,53.42289306386879,
-2.0785749851351842,53.4143176628564,-2.076562204327783,53.41530203791289,"Romiley, Compstall Road / opposite Birchvale Drive"
-2.0848602056310783,53.454033441100975,-2.083187889624281,53.45495045780147,"Hyde, Dukinfield Road / near Newton Street"
-1.9689580019954882,53.46262993653649,-1.9674519982979566,53.46352866342799,Masons Arms
-2.0227766415873325,53.367838452271215,-2.021269259049881,53.3688071475996,"Hague Bar, Hague Bar Road /opposite Waterside Road"
-1.5368776195920881,53.36534230874751,-1.5342848691979416,53.3668919910878,Fulwood Road/Stumperlowe Park Road
-1.5152604836129309,53.35375498849803,-1.5131969388270807,53.35512401291169,Knowle Lane/Ecclesall Road South
-1.5373059835926388,53.392845586988365,-1.5354148103597671,53.393783213365246,Stannington Road/Wood Lane
-1.6902601229924397,53.348971672652,-1.6887582773778116,53.3498703273115,Bamford (Institute)
-2.1518687185203813,53.257196421179906,-2.148898723889616,53.25864857077819,"Weston, Ivy Road / Earlsway"
-1.8105484142190305,53.14036193622496,-1.8090537861132971,53.14126066373891,Square
-2.1228240031327257,53.344217005415,-2.118750983995057,53.34529939896526,"Poynton, Dickens Lane / Copperfield Road"
-2.1593347163146555,53.25680422402542,-2.1563752743856943,53.257860476641895,"Weston, Earlsway / Library"
-2.1282583503532546,53.27087927164766,-2.1251033517645466,53.272501707928754,"Tytherington, Badger Road / Manchester Road"
-2.071165559494058,53.41427589090079,-2.069207936143682,53.41527420740996,"Cherry Tree, Compstall Road / near Waterloo Road"
-2.138791418581502,53.3737255360923,-2.137150069908175,53.37488776380412,"Hazel Grove, Bramhall Moor Lane / opposite Penmoor Chase"
-1.7813901886201138,53.23531658980343,-1.779896010037684,53.23625361006823,
-2.055167276256456,53.40102092805481,-2.0528105651904127,53.40276861348096,"Marple Bridge, Brabyns Brow / Marple Bridge"
-1.508475321886965,53.354818352792655,-1.5066297768342727,53.35572814727089,Carter Knowle Road/Button Hill
-2.136530226706414,53.4232024076891,-2.134043768242603,53.424563791402356,"Brinnington, Brinnington Road / opposite Manor Road"
-2.085888967425814,53.468563838585794,-2.08328661770257,53.46968646351612,"Dukinfield, Dewsnap Lane / opposite Richmond Road"
-2.1152920970826976,53.27098900068773,-2.1132771059936926,53.27191769960226,"Hurdsfield, Hulley Road / Charter Way"
-2.117755295639285,53.4499422861387,-2.114640328180132,53.45134155489506,"Denton, Town lane / opposite Merlyn Avenue"
-2.0251279943323617,53.392599615020345,-2.023622107518523,53.39361098493792,"Mellor, Longhurst Lane / opposite Devonshire Arms"
-1.5075579540991288,53.35071264666279,-1.5058681467359383,53.351991452036714,Springfield Road/Springfield Glen
-2.1275491154498476,53.26361993372674,-2.125960689975921,53.264953266043115,"Macclesfield, Beech Lane / Coare Street"
-2.117559151633288,53.27034530247615,-2.1160598486151714,53.27124409748865,"Hurdsfield, Queen's Avenue / Snape Road"
-2.1458352425338574,53.374549975739235,-2.144331262075681,53.37570952420772,"Bramhall Green, Dean Moor Road / opposite Denbury Green"
-1.987475383790375,53.33085402396404,-1.9859740164956472,53.33175277600044,Jodrell Road
-1.7375967690068954,53.34579016147121,-1.7359982340035864,53.34671633803191,Hope (Aston Lane)
-1.52291139493535,53.34746998102958,-1.5213877176705255,53.34909681888528,Ecclesall Road South/Parkhead Crescent
-2.122550448281192,53.39539421134948,-2.121046751967629,53.39629298861535,"Offerton, Crosswaite Road / opposite Otterburn Place"
-2.0775570935863037,53.43815532013951,-2.076051906675901,53.439054079825254,"Gee Cross, Dowson Road / near Knott Lane"
-2.113006179453197,53.4513826684991,-2.110824138182424,53.453116091284755,"Denton, Stockport Road / outside St Lawrence's"
-2.127311115790864,53.27395223082448,-2.1247193078467954,53.27602766917157,"Tytherington, Tytherington Drive / Shops"
-1.77229660179113,53.264347365180555,-1.7707603973315187,53.265441634567736,Tideswell (Dale Car Park)
-1.5111222751985387,53.35276460489478,-1.5089617357454057,53.35377569615929,Woodholm Road/Woodholm Place
-2.078707184561121,53.46986254775052,-2.077020112547805,53.47081495160959,Dewsnap Lane/Clinic
-1.5113050789095666,53.31670061000676,-1.5095612215084926,53.31770988963482,Bradway Road/Prospect Road
-2.1424113026125378,53.2506705800903,-2.14071069989126,53.25163701927609,"Macclesfield, Congleton Road / The Flower Pot"
-2.122356901826441,53.46603128535285,-2.120815792959454,53.466905813720885,"Audenshaw, Corporation Road / near Leech Brook Avenue"
-1.5379171315063649,53.35220750184041,-1.5364152689069686,53.35310609812248,Ringinglow Road/Common Lane
-2.1363524146241444,53.39900180997496,-2.1348485856208175,53.39990058998994,"Offerton, Dialstone Lane / opposite Britannia Hotel"
-1.9209208049211177,53.321570032804196,-1.919419795383525,53.322468767160075,"Chapel en le Frith, High Street / adjacent New Inn"
-2.1157889763489957,53.288004167576815,-2.1128926172820095,53.28901693351336,"Bollington Cross, Crossfield Road / Kent Avenue"
-1.5713943788554607,53.329293210077104,-1.5698473279022565,53.33027468966692,Hathersage Road/Whitelow Lane
-1.6274139699603505,53.305014129044075,-1.6242333266557891,53.30607910203746,Grindleford
-2.016286855911336,53.425430953750066,-2.0147849425304547,53.42638544605082,"Chisworth, Marple Road / opposite Sandy Lane"
-2.1140224950239004,53.446136060984955,-2.112490200751502,53.447329938925755,"Circular Road Estate, Circular Road / near Kedlestone Walk"
-2.084564266862729,53.41652045497152,-2.0828939352839684,53.41742534505823,"Romiley, Sandy Lane / opposite Marsden Road"
-2.1171530481116223,53.26443090207685,-2.1156539521368702,53.265329697887964,"Hurdsfield, Queen's Avenue / Brocklehurst Avenue"
-2.042080637922559,53.47389401452166,-2.04052886305999,53.47497268484676,Mottram Road/Early Bank
-2.01190321040141,53.440384718609735,-2.0096699969594103,53.441367482227456,Market Street/Mill Brow
-2.106656743079406,53.33917476500107,-2.1047759522700518,53.340147533401044,"Wardsend, Dickens Lane / Moggie Lane"
-1.909075953556971,53.259140981403085,-1.907511041835541,53.26041601839361,"Buxton, Bridge Street / Sylvan Park"
-2.083699980051171,53.30705470835369,-2.082200816383509,53.30794169127384,"Pott Shrigley, Shrigley Road / Spuley Lane"
-2.0503074236076597,53.45294126081957,-2.048329282485352,53.45388803963929,"Godley, Mottram Road / near Longlands Drive"
-2.0627257128253813,53.47331611989797,-2.0609229960253894,53.474247480349625,Fir Tree Lane/Rowan Crescent
-2.078636822762459,53.45948391236743,-2.0770677786623293,53.46058248669968,Lodge Lane/Hyde Park
-1.9865400640870694,53.372128658885806,-1.9848185393979731,53.37308504021121,"New Mills, Hayfield Road / adjacent Ellescroft"
-2.1274302475518283,53.41797801247392,-2.1259257526959305,53.41887678749095,"Lower Bredbury, Stockport Road W / Stockport Road West"
-2.1141644063851777,53.364146193935895,-2.1124867111767203,53.36507244762967,
-1.970398239507208,53.45907883606431,-1.9688923607857667,53.459977563900146,
-1.955171904065129,53.20759197282743,-1.9530201989305351,53.20880072661767,Travellers Rest PH
-2.08905757268147,53.459459720306185,-2.0875516275777826,53.46035847965859,"Flowery Field, Dukinfield Road / opposite Dunkirk Lane"
-1.699372574163021,53.362131365988176,-1.6978458323792296,53.362997433610666,Yorkshire Bridge Hotel
-1.5700230945548563,53.37233937790818,-1.5680595055116824,53.373429821347976,Redmires Road/Lodge Moor Housing Estate
-2.121587215869903,53.416249213044544,-2.1200827843794863,53.417147986920305,"Lower Bredbury, Osborne Street / opposite Yew Tree"
-1.5175058411172622,53.34745530559989,-1.51600415930172,53.34835389436292,Dobcroft Road/Cortworth Road
-2.0883419845237237,53.42849633186889,-2.0867996203997534,53.429444267951105,"Woodley, Pennine Road / opposite Clough Meadow"
-2.0474209291040832,53.395511923907534,-2.045863377904783,53.3968725759818,"Marple Bridge, Longhurst Lane / near Highfield Road"
-1.7370870941697196,53.334663879536016,-1.735556505946214,53.335720820160205,Bradwell (Stretfield Cottages)
-2.0738804351909175,53.36339905147081,-2.069640810690657,53.364843437906046,Alderdale Drive/Buxton Road
-2.067742243537664,53.39451587422682,-2.06494166200303,53.39550582673476,"Marple, Stockport Road / outside Marple Post Office"
-2.0345436123745,53.444895923740596,-2.031899477347968,53.44595357779638,"Hattersley, Hattersley Road West / opposite Sandy Bank Avenue"
-2.10637448990012,53.446205882140724,-2.104614514587125,53.44712141799342,Two Trees Lane/Moorfield Avenue
-2.0806636376040646,53.47371303176641,-2.0778046854182217,53.47524697479218,"Dukinfield, Birch Lane / opposite Boyds Walk"
-2.0657965594465892,53.45406215708435,-2.064060945240474,53.454999441648496,High Street/St. John's Church
-1.5192915538886689,53.34814770528966,-1.517789846529825,53.349046294673165,Dobcroft Road/Dobcroft Close
-1.9866236589378483,53.342964116081006,-1.9848706479183356,53.34407468401893,"Furness Vale, Buxton Road / adjacent Crescent Drive"
-2.1203938408769116,53.339637837562556,-2.1186350531686338,53.340555962595246,"Midway, Vernon Road / Graymarsh Drive"
-2.1472186838108214,53.245055135777,-2.14557641608002,53.24602596408021,"Weston, Congleton Road / Penningtons Lane"
-2.0811406468197697,53.43996208963847,-2.0789637504658343,53.441054308589955,Knott Lane/Primrose Avenue
-1.6903462798425941,53.34733606303848,-1.6886833185883692,53.34829863661591,Bamford (Derwent Hotel)
-1.9963011104199526,53.462745032730915,-1.9947950898657199,53.46364376723363,Longdendale High School
-2.120486585063847,53.36752356779321,-2.11757162436234,53.36858213385113,"Hazel Grove, Dean Lane / near Matlock Drive"
-2.0418449098195794,53.452971217287505,-2.0397301930892455,53.45416118221994,"Hattersley, Mottram Road / near Hattersley Road West"
-1.5211706845668598,53.31567780244877,-1.5196701158503327,53.316576397514034,Longford Road/Longford Drive
-2.11324678289225,53.3747559109119,-2.1117438173589105,53.37565468905291,"Hazel Grove, Buxton Road / Rising Sun (Stop C)"
-2.0032366528366228,53.36487816784723,-2.001033835095121,53.36597379523408,New Mills Bus Station
-1.7913845817034377,53.235992702769686,-1.7895246249419696,53.23692879756135,Marlborough House
-2.1421430376367985,53.372803173730496,-2.140645865050508,53.37377972569452,"Bramhall Green, Bramhall Moor Lane / opposite Dorchester Road"
-1.9496745504331827,53.38265886628804,-1.9480967557022584,53.38354033347472,Hill Crest
-2.1322828626633905,53.43010761281312,-2.130777937583161,53.43100638715177,"Brinnington, Middlesex Road / opposite Shropshire Avenue"
-1.5246998250934105,53.37026988924838,-1.5224632670410647,53.37126171163048,Fulwood Road/Bulls Head
-1.542299207071576,53.39129027966241,-1.5406761894229593,53.39218952031809,Oldfield Terrace/Oldfield Road
-1.6753412855848606,53.210074407377974,-1.6724944701398214,53.212368662120056,The Manners
-1.6008946788565304,53.255338828122014,-1.599310722956661,53.256293471856765,Baslow (Cupola Cottage)
-2.0766872250194033,53.439944620385006,-2.075181975243075,53.44084337957972,"Gee Cross, on Dowson Road"
-1.5464646616934445,53.363582782405864,-1.5439874556001554,53.3647940865299,Crimicar Lane/Brooklands Avenue
-1.543668544042737,53.3300370990106,-1.5421674563684549,53.33093570095229,Causeway Head Road/Causeway Gardens
-2.109453777025306,53.295196421530655,-2.1076333201586896,53.296657076613364,"Bollington, Wellington Road / Hawthorn Road"
-1.6298844746741143,53.260374103253596,-1.6283773118036209,53.2620567966533,Calver (Cliff College)
-1.5248004407576834,53.351038600511394,-1.5232719564832284,53.35216969938116,Bents Road/Haugh Lane
-2.1091777392853333,53.366642610793335,-2.1076750609668617,53.367541389171514,"Hazel Grove, westbound Mill Lane"
-2.1218488499948727,53.2909486361588,-2.118795860798971,53.29220510365329,"Bollington Cross, Henshall Road / St Oswald's Church"
-2.107490541185276,53.461633496899275,-2.105909655225104,53.46259510305291,"St Annes Estate, Sandbrook Way / near Sandheys"
-1.5540592819369683,53.3629973064235,-1.5521468178898086,53.36406439297507,Brooklands Avenue / School Green Lane
-1.6256045930396759,53.18871279198227,-1.6241170093939246,53.189672007606895,Wye Farm
-2.0102998365056495,53.426080285713816,-2.007375363761814,53.426980814338854,"Chisworth, Marple Road / opposite The Hunters"
-1.5179061328759313,53.37278660313651,-1.51639447413301,53.37374559648411,Fulwood Road/Tapton Park Road
-2.1156945728260466,53.36278940970823,-2.1141920274242527,53.363688190256596,"Poynton, London Road North / Towers Road"
-2.1300862531422036,53.247405599231314,-2.128587747102415,53.24830440073352,"Macclesfield, Fir Grove / St Edwards RC Aided Primary"
-2.0640499145928874,53.442304585668175,-2.06197798004506,53.443307412062886,Grange Road South/Backbower Lane
-1.5169907857052878,53.36395242697441,-1.5152404141982718,53.36496997272923,Greystones Road/Greystones Drive
-2.1327661978560353,53.25696112348151,-2.130981291594922,53.258175576701596,"Macclesfield, Bond Street / Henderson Street"
-1.9867790858181973,53.444515332668054,-1.9852737144698858,53.445414067296454,"Gamesley, Melandra Castle Road / adjacent Youlgreave Crescent East"
-2.09502870969043,53.44847933165874,-2.0935209881115395,53.44946906785745,"Haughton Green, Mill Lane / near Northstead Avenue"
-2.0875114520855336,53.39601801569704,-2.0860077481732224,53.396916784267724,"Rose Hill, Stockport Road / near Hilltop Drive"
-1.5576394915116567,53.38216166411109,-1.5556476089890041,53.38326603524673,Rivelin Valley Road/King Edwards Hospital
-1.5056736081063196,53.36287902457301,-1.5035440884574274,53.36409187492868,Psalter Lane/Brincliffe Gardens
-2.0546917355055934,53.357259652982066,-2.053175159469809,53.358472746951286,"Disley, Buxton Road West / Lyme Park"
-2.1041426997982104,53.23813689305137,-2.1026153073663965,53.23911580663302,"Sutton Lane Ends, Langley Road / Church House"
-1.514640889631376,53.35027170639596,-1.51313911078848,53.35117029356681,Silverdale Road/Silverdale Glade
-1.58222901231188,53.407091597249554,-1.5807251880901998,53.40799020271352,Main Road/Sidling Hollow
-1.8720274771769354,53.15457142753636,-1.8705323231384885,53.15547017242769,Lea Holme
-2.116680667497356,53.36738261250032,-2.1149118404990834,53.36830548767238,"Hazel Grove, Dean Lane / near Cavendish Road"
-2.0723369850899465,53.46942398493642,-2.070613815075891,53.47042541479132,Yew Tree Lane/Precinct Shops
-2.0430993185637885,53.47560596692755,-2.041547475959628,53.47656783290643,Mottram Road/Bower Fold
-2.160383555444531,53.262178688341336,-2.1588258434209284,53.26332011128626,"Broken Cross, Fallibroome Road / Fallibroome Close"
-2.0777620125283205,53.46863666637261,-2.0725363447735683,53.47206286396528,Cheetham Hill Road/Yew Tree Lane
-1.5293421670357334,53.36736138316965,-1.5270801529329192,53.36882689190048,Fulwood Road/Nethergreen Road
-2.079435966751621,53.4547161798572,-2.0760304730260226,53.45582687798336,Clarendon Road/Park Road
-1.638018519577086,53.293648282252015,-1.6365177781955527,53.29463551726929,Grindleford (Mount Pleasant)
-1.4984948025970406,53.368302394605465,-1.496016900878205,53.36946310258417,Ecclesall Road/Wadbrough Road
-2.1250152728912304,53.46129728273011,-2.1235084317507273,53.462456817216925,"Denton, Corporation Road / near Egerton Street"
-2.0431979726587657,53.37332225701524,-2.041388442542188,53.374683643203085,"Strines, Strines Road / near Station Road"
-2.1327619882708535,53.263812636023644,-2.130927019579971,53.264749064292275,"Macclesfield, Westminster Road / The King's School"
-1.9487992481006535,53.442890437920354,-1.9472939521981851,53.44378916204401,"Glossop, High Street East / adjacent Howard Arms"
-2.1111650188767905,53.464412343899376,-2.1096164703909523,53.465957755993735,"Hooley Hill, Cemetery Road / opposite Audenshaw Cemetery"
-2.0349610032022287,53.35571277830392,-2.0334585968570464,53.356800621648404,"Disley, Buxton Old Road / Plough Boy PH"
-2.070359583269953,53.45542384866794,-2.0660208875298216,53.457368226238906,Commercial Brow/The Railway (Stop C)
-1.524832061624395,53.34361746040051,-1.522622136425524,53.34482703869188,Ecclesall Road South/Little Common Road
-1.8882709086676794,53.333644938622875,-1.8867694916463826,53.334543661341286,Slack Hall Farm
-1.5648502718370791,53.34925213793769,-1.563144635273662,53.3501607620942,Ringinglow Road/The Norfolk Arms
-1.5011794907804512,53.36585028856326,-1.4993276085095801,53.36688861086492,Junction Road/Penrhyn Road
-2.0577369339041667,53.46934646842295,-2.0554236673846162,53.47026183175135,Tennyson Avenue/Yew Tree Lane
-1.698067069763123,53.37051706511096,-1.6965010351491763,53.37148323476172,Ashopton/Heatherdene
-2.043953086767388,53.482029142239085,-2.041993021614682,53.48326585797345,Illingworth Avenue
-2.1166983991579835,53.45974912793306,-2.1151280989242025,53.46092067173312,Ashton Road/Tame Street
-1.5464754215697836,53.33255780356614,-1.5446946898629506,53.333786896586865,Cross Lane/Brickhouse Lane
-2.0746332506037874,53.45120650294059,-2.071900538426757,53.452281398766736,"Hyde, Mottram Road / opposite Morrisons"
-1.9696425493297807,53.31833437991639,-1.9679851456889603,53.319235920081425,"Whaley Bridge, Chapel Road / adjacent Cadster Farm"
-1.9840706438955864,53.44783643329617,-1.9825651563933182,53.448735166668314,"Gamesley, Melandra Castle Road / adjacent Edale Crescent"
-2.144988066207776,53.26580509145831,-2.143378226338756,53.2668471084503,"Macclesfield, Prestbury Road / Silvan Court"
-1.9886812395498468,53.4412569409055,-1.9870175602427989,53.44223785894939,"Gamesley, Glossop Road / adjacent St Margarets School"
-1.5409831798007574,53.33681072857949,-1.5390155142642534,53.33801047144212,Hathersage Road/Sports Club
-2.10080840521525,53.40957942381663,-2.099008296024421,53.411473810730094,"Bredbury Green, NW-bound Hatherlow"
-2.070361767844335,53.47521162949495,-2.0685103297649676,53.47629857033175,Cheetham Hill Road/Listons
-1.8820334993559202,53.281865635652046,-1.8805339009589759,53.282764364312065,"Fairfield, Batham Gate Road / SW-bound Batham Gate Middle"
-2.0552409532522873,53.41358508334242,-2.0536559572482855,53.41514631651963,"Compstall, Andrew Street / Compstall Village"
-2.123809374072564,53.248675400079144,-2.122310826173836,53.24957419988566,"Macclesfield, Maple Avenue / Cow Lane"
-1.5295988500305242,53.35342040360417,-1.5280969503851864,53.35431899635867,Ringinglow Road/Hammer and Pincers
-1.5169093079929659,53.37969990816296,-1.5154064924269546,53.380598491799844,Lydgate Lane/Headland Road
-1.5637493848107609,53.38031653489816,-1.5617999086901782,53.381264165552096,Manchester Road/Rails Road
-2.0944242643942816,53.27119542490367,-2.092914033454617,53.27220507450716,"Higher Hurdsfield, Rainow Road / Kerridge Road"
-2.132948458252233,53.33377960232621,-2.131317948808605,53.334822997608406,"Hope Green, London Road / Adlington Park"
-1.5551561499875568,53.36999269975259,-1.553653650421323,53.37089130021037,Barncliffe Road/Barncliffe Crescent
-1.6717578194602662,53.177490162996754,-1.6702619809115673,53.178388836966604,
-2.0254223701552254,53.44639828903159,-2.0235872373934547,53.447331911263404,Clough End Road/Broadbent Grove
-2.0179989524763386,53.45363747241372,-2.0160351367417655,53.45493562790768,"Hattersley, John Kennedy Road / near Longdale Drive"
-2.0355655277979925,53.44142532652941,-2.033220667031625,53.442394274134145,Mottram Old Road/Apple Street
-2.1041990220833635,53.29267131287559,-2.1026829784431724,53.29369728700855,"Bollington, Grimshaw Lane / Beechway"
-2.099119357999425,53.44775867724081,-2.0971520347984085,53.448978922883505,Moorfield Avenue/Grange Avenue
-2.108064406632922,53.25644360257718,-2.106565593618012,53.25734239738758,"Macclesfield, Buxton Road / Monsall Close"
-2.105609023477583,53.410443538573276,-2.1037647838887237,53.411378461737826,"Bredbury Green, Bredbury Green / near The Ridgeway"
-1.5791712177537942,53.151626841930366,-1.5762236986039364,53.15342565820653,Old Hackney Lane
-2.017786603108252,53.440294293248606,-2.0145751157741247,53.44170102959364,Mottram Road/Broadbottom Station (B)
-2.059030789937688,53.48029186700293,-2.056893115422483,53.4813159305186,High Street/Forester Drive
-2.042434864984546,53.35926365576331,-2.0407689343140363,53.36025154412727,"Disley, Jacksons Edge Road / Leafield Road"
-2.108566988710567,53.460530371165106,-2.105168549671271,53.46168261193229,"St Annes Estate, Sandbrook Way / near St. Anne's Road"
-1.533702464935137,53.39168852192479,-1.5316761354065427,53.39258947810172,Oldfield Road/Stannington Road
-1.5532049933634917,53.374085227246965,-1.5510711042230312,53.375278872086405,Redmires Road/Golf Course
-1.5570025123975513,53.373091486830496,-1.5545811903808082,53.37425441069215,Redmires Road/Crimicar Lane
-1.615223040502375,53.245212745370004,-1.6134696626428053,53.24626915462394,Baslow Nether End
-2.0728534201051723,53.473147224915245,-2.070072899252132,53.474906429209284,Cheetham Hill Road/Lodge Hotel
-2.1061635963317875,53.43919870348601,-2.104061014532516,53.440199497454714,"Haughton Green, Mancunian Road / opposite Wordsworth Road"
-2.069660463630324,53.442214021449836,-2.068155136634184,53.443112778514895,Stockport Road/Lilly Street
-2.1520556124753654,53.28486039948359,-2.1505557877635915,53.28575920048131,"Prestbury, Macclesfield Road / Broadwalk"
-2.0758601874603477,53.462035396093995,-2.0731663153057305,53.46326670078163,Ashton Road/Cheshire Cheese
-1.6697741942092899,53.206694505614614,-1.6681227064776085,53.20759579438489,Burton Close Drive
-1.611118593921376,53.17977770860585,-1.60948610317804,53.18068009140272,Harrison Way
-2.0483275250991624,53.47969872991208,-2.04604948261634,53.48104506998999,Mottram Road/Grey Street
-2.1149673665957645,53.29157749473394,-2.1134168341628907,53.29266780463899,"Bollington Cross, Henshall Road / South West Avenue"
-1.9811821043809128,53.44563933353283,-1.9796766959087777,53.44653806643163,"Gamesley, Cottage Lane / adjacent Cottage Lane South End"
-1.5437553062167337,53.39611890399765,-1.5422518941959826,53.39701749596525,Acorn Drive/Friar Close
-1.9635386678409228,53.443807535880254,-1.962033332453746,53.444706264084196,"Glossop, High Street West / opposite Grapes Inn"
-2.103463470986581,53.39403662953583,-2.1019590274916577,53.39500767021824,"Offerton Green, Turnstone Road / near Shearwater Road"
-1.6257093642133118,53.24741890403898,-1.623191357498757,53.2483547485843,Baslow (Church)
-2.1171223782990505,53.44788982089183,-2.1149287205326988,53.449074678111415,Circular Road/Capesthorne Walk
-1.6060081432113438,53.20300817720163,-1.6045114571794377,53.203906822761496,Chatsworth Road
-2.119040953846545,53.34581431427466,-2.117332648452296,53.346721985785045,"Poynton, Clumber Road / Vernon Junior School"
-2.0421256896596507,53.448773749127845,-2.040360205636913,53.45025054967953,"Hattersley, Hattersley Road West / near Porlock Avenue"
-2.1205501895681245,53.393223923427875,-2.1190276968313544,53.394910676474304,"Offerton, Crosswaite Road / near Withens Green"
-2.165509586037143,53.26244346396154,-2.1640015117897855,53.26344933546429,"Broken Cross, St Austell Avenue / Tintagel Close"
-1.5300544619498333,53.3767801144535,-1.5252491682571687,53.378632941122895,Sandygate Road/Ringstead Crescent
-1.7710970992960136,53.1259913153063,-1.7695474863082767,53.127761284564535,Woollaton Lane
-2.0636732601853103,53.1912526031966,-2.062176740077122,53.19215139676804,"Wincle, Grounds / Primary School"
-1.651461739195392,53.272838060583,-1.6498852684334293,53.27385893920947,Stoney Middleton (Ferndale House)
-2.1244475525380633,53.3721499907974,-2.1226403345192275,53.37343870943419,"Hazel Grove, Chester Road / near Shepley Drive"
-2.040574438703932,53.30635205120184,-2.038824461963606,53.307254748814415,"Rainow, Macclesfield Road / Charles Head"
-2.1194113041565763,53.25287986491429,-2.117290093158928,53.25381113536693,"Macclesfield, Windmill Street / St Peter's Institute"
-2.1184788266021997,53.288687515,-2.116776876260614,53.289648684287826,"Bollington Cross, Heath Road / Leisure Centre"
-2.0725908194695037,53.45664822216898,-2.071084980794388,53.457546977795765,Clarendon Road/Duke of Sussex (Stop A)
-1.6764518710890792,53.23203246628115,-1.674954129282592,53.232931133682264,Hassop (Old Station)
-2.090965018428521,53.2401025626383,-2.089458181283132,53.24109073723791,"Langley, Cock Hall Lane / Methodist Church"
-2.0965615217050315,53.39451001785835,-2.0945321732800286,53.39571478201606,"Offerton Green, Marple Road / opposite Offerton Road"
-2.178130050455563,53.258650331279036,-2.17556124093164,53.25968036998598,"Henbury, Chelford Road / Church Lane"
-1.7070947601633173,53.23607564971462,-1.7042235153089933,53.23710165389127,
-2.097835226786254,53.34386077251092,-2.0961536774138345,53.344891727516355,"Newtown, opp 197 Coppice Road"
-2.0757928210750474,53.476751857461025,-2.073661778244159,53.47790704158759,"Dukinfield, Oxford Road / opposite St John Street"
-2.129469558241592,53.25342799976164,-2.1279708420032852,53.254326800203174,"Macclesfield, Park Lane / Brown Street"
-2.129224962111535,53.24220349893956,-2.127726638133252,53.24310230102526,"Macclesfield, Moss Lane / Cornbrook Road"
-1.9772834697213895,53.45504193479007,-1.975777730569562,53.455940665174396,Thorncliffe road
-2.05800996525916,53.39842393591477,-2.056467433241961,53.39953676387449,"Marple, Arkwright Road /near Brabyns Brow"
-1.5391021995947707,53.39583140490623,-1.5375988008192563,53.39672999505667,High Matlock Avenue/Riber Close
-2.0193685988051664,53.44443982598282,-2.0178198078991474,53.44531047366631,Broadbottom Road/Woodlands Close
-2.0993399910639634,53.44027249582485,-2.09755959393011,53.4416152043685,"Haughton Green, Haughton Green Road / outside Post Office"
-2.033690640395289,53.392148955964956,-2.0320536640737994,53.39306454307509,"Mellor, Longhurst Lane / near Damsteads Farm"
-2.1147564594410952,53.34161827717372,-2.113069037437338,53.34252542287905,"Midway, Dickens Lane / Vernon Road"
-2.032065449511356,53.47178328718638,-2.0305588522880753,53.47278091277279,Stalyhill Infant School
-2.105585990505659,53.408080397977,-2.1040763099289754,53.40905670196575,"Bredbury Green, eastbound The Ridgeway"
-2.0860841533269934,53.46338392483405,-2.083997997990921,53.465314435771845,1
-2.1132124684087796,53.45893641728926,-2.1117065318436006,53.459835182675604,"Denton, westbound York Road"
-1.9114104252319815,53.24841500992327,-1.9094730819294157,53.24962329022781,"Buxton, London Road / White Knowle Road"
-1.9891376196634196,53.43842386956582,-1.987606386679201,53.43971513036204,"Gamesley, Glossop Road / opposite Hargate Hill"
-2.1286214452727057,53.36808713960983,-2.1269033477368744,53.368998260471855,Jacksons Lane/Arundel Avenue
-1.942649256210379,53.24994362419188,-1.9411507440869211,53.25084237577245,"Burbage, Macclesfield Old Road"
-2.1217723817110343,53.24913600035914,-2.120273818535945,53.25003479960567,"Macclesfield, Cross Street / White Street"
-2.122273043061078,53.34964630791775,-2.120770957187176,53.350545092047085,"Poynton, London Road North / St George's Church"
-2.109377597906181,53.467256660210126,-2.107048505170376,53.46819604020952,"Hooley Hill, Shepley Road / opposite Broomstair Road"
-2.1373427428262852,53.39990948585482,-2.1339764000273433,53.401841276435555,"Offerton, Hempshaw Lane / opposite Finger Post"
-1.5472694416235142,53.398061603444084,-1.545765958788252,53.39896019651886,Acorn Drive/Golden Oak Dell
-2.087211154461646,53.469753121315975,-2.0857048457982876,53.47065187864881,Inverness Road/Montrose Avenue
-1.9278192854429248,53.32036303169532,-1.926318314859749,53.321261768268975,"Chapel en le Frith, Manchester Road / opposite Crossings Road"
-2.076495550235807,53.46055761588707,-2.0746488478146357,53.461471184223754,Lodge Lane/Ashton Road
-2.063340423266957,53.46042498459395,-2.060361658943322,53.46163761836986,Victoria Street/Newton Hurst
-2.096452263758382,53.446133090491465,-2.0949327343463935,53.44714790897545,"Haughton Green, Mill Lane / opposite Manor Road"
-1.9192392371449847,53.257811294332534,-1.9177393644605736,53.25878270539229,"Buxton, St Johns Road / Pavilion Gardens"
-1.565906730427484,53.394136826582546,-1.5640584651435316,53.39510487198511,Stopes Road/Griffs
-1.9147714476501572,53.323252674166824,-1.9125827426403268,53.324258026831316,"Chapel en le Frith, Market Street / adjacent Town Hall"
-1.8894179326152618,53.10562462115106,-1.8879244676944464,53.10652337881305,Bartholomew's Church
-1.9457672357892655,53.248731623648574,-1.9442687645071401,53.249630376315736,"Burbage, Level Lane"
-2.080100067310352,53.44975808847634,-2.078031746714498,53.45147742847128,Market Street/The Clarendon
-2.0969483940532005,53.44791596029924,-2.0947157157705782,53.4489243407613,Moorfield Avenue/Mill Lane
-1.9530512680568475,53.408707533355965,-1.9514924373607274,53.40967406647829,Monks Road
-2.1182059545815415,53.25884534515908,-2.1167170485034292,53.25982005412441,"Macclesfield, Buxton Road / Fence Avenue"
-1.4993284783552867,53.37267561122642,-1.4978259220694357,53.373574188736306,Clarkehouse Road/Botanical Gardens
-1.7565433109871662,53.27269930639078,-1.754751184675077,53.27365589232088,Litton (School)
-2.0191226037847296,53.461850137388815,-2.0163794174167116,53.4637204635157,Roe Cross Road/Roe Cross Hotel
-1.9888317865485876,53.45018623281235,-1.9873262137390042,53.451084967152184,"Gamesley, Melandra Castle Road / adjacent Eyam Lane"
-2.057491963787208,53.44027966279,-2.05579362902643,53.4411859372434,Mottram Old Road/Alder High School
-1.678930845242178,53.38287198030011,-1.6770009589502954,53.383802820008654,Ashopton/Cutthroat Bridge
-2.013824013615948,53.456670103205916,-2.0108297894164147,53.45762099737239,Market Street/Mottram Junction (Stop D)
-1.6739928523690193,53.21833065545779,-1.6723923423781175,53.21968064421327,"Bakewell, Baslow Road / Newholme Hospital"
-2.03473150544346,53.35949195761791,-2.032471800163761,53.36045874306992,"Danebank, Buxton Road / The Albert Hotel"
-2.1279371925176362,53.37244207319634,-2.1261256053960635,53.37335502690953,"Hazel Grove, Lyndhurst Avenue / opposite Arundel Avenue"
-1.889046363447922,53.29684483571593,-1.887546236865266,53.29774356424824,"Dove Holes, Buxton Road / opposite Methodist Church"
-1.5477362363009346,53.23759542542945,-1.5461113614053263,53.23857887455795,Northend Farm
-2.1209318199558855,53.450446575465776,-2.1190658806044107,53.45134962455884,"Denton, eastbound Shoecroft Avenue"
-2.0343213882960667,53.411205734738076,-2.0323249139281034,53.41226396399834,"Ernocroft, Glossop Road / near Sandhill Lane"
-1.9518315943210856,53.43414573682209,-1.9503266059767443,53.4350444631423,Fire Station
-1.5509470644103494,53.333201840848794,-1.549175740075559,53.33428335920335,Hathersage Road/Brickhouse Lane
-1.730198204068366,53.26843488121116,-1.728653899262567,53.26934051834178,Wardlow (Church)
-2.1336212229744067,53.43350711291131,-2.1321161772718145,53.43440588705358,"Brinnington, Holtwood Walk / near Blackberry Lane"
-1.5209286796439507,53.37155133851637,-1.518310072787283,53.37268126129513,Fulwood Road/Notre Dame School
-1.5470806431530215,53.369756601338615,-1.5455781572581369,53.37065519862433,Hallam Grange Crescent
-1.5346595742413733,53.32053160009455,-1.5331588261721318,53.321430199868324,Furniss Avenue/Durvale Court
-2.1085114350733507,53.45210566013516,-2.106809164265594,53.45310773971329,"Denton, westbound St Lawrence Road"
-1.5418107555238807,53.36487500202041,-1.540308444888651,53.36577359794245,Fulwood Road/Canterbury Avenue
-1.9248849050740735,53.33861293351013,-1.9233832952297456,53.33951166645416,Chinley Junction
-1.5410344147554984,53.39249358255533,-1.5382981811354344,53.3936487666273,Oldfield Terrace/Stannington Road
-2.086034808371146,53.450121710841465,-2.084059504997291,53.45236887609486,Hyde Central
-2.1543707936181486,53.267304464541134,-2.1527164106592647,53.268322835471935,"Upton Priory, Kennedy Avenue / Millbank Drive"
-2.0493178803949594,53.28497394973383,-2.047716725373471,53.28597825018321,"Rainow, Smith Lane / Blue Boar Farm"
-1.6911535566853062,53.173545159191285,-1.689657843681022,53.174443840772156,Grove Place
-2.1087568982248985,53.44418586296654,-2.1067548121868382,53.4454880373507,"Haughton Green, Lancaster Road / near Leicester Avenue"
-2.097821687130707,53.41283285493862,-2.09583361222209,53.413915444203816,"Romiley, Stockport Road / near Duke of York"
-2.108036585120446,53.41420901186471,-2.1065245154938874,53.41519358797422,"Bredbury, eastbound Highfield Avenue"
-2.122184313619583,53.28195771880201,-2.120336685398084,53.28299228056779,"Tytherington, Springwood Way / Springwood Close"
-2.0905466828451016,53.352279112005014,-2.0890445174121517,53.35317788795974,"Middlewood, Green Lane / Bus Shelter"
-1.5018449710593929,53.34905602120985,-1.5001383236878016,53.349965178867215,Springfield Road/Stowe Avenue
-1.503812399328158,53.36648915978643,-1.5010826129793589,53.367580542153966,Junction Road/Hunter House Road
-2.1046406685024612,53.34393472865477,-2.102788829916405,53.344846471435126,"Newtown, Waterloo Road / Trafalgar Avenue"
-2.113716004827755,53.37031501051849,-2.1122131954232106,53.37121378944632,Macclesfield Road/Chatsworth Road
-1.5519778382447988,53.36528383111906,-1.550092659794488,53.36619956900652,Crimicar Lane/Castlewood Road
-2.1522518273280644,53.26929875615119,-2.1501696493639373,53.27096552135585,"Upton Priory, Kennedy Avenue / Prestbury Road"
-1.691930616764089,53.350218963709615,-1.6896438032196668,53.351915337191336,Bamford (Greenhead Park)
-1.5405404887597498,53.37432504938275,-1.5385731161017515,53.3753198486905,Redmires Road/Pitchford Lane
-2.1254328355290517,53.234996698846736,-2.1239347647167013,53.23589550111804,"Lyme Green, Robin Lane / Lindrum Avenue"
-2.064845915431806,53.38458057921038,-2.0633420899966977,53.38578502073327,"Hawk Green, Upper Hibbert Lane / opposite Goyt Mill"
-2.0906529033534986,53.41327558597333,-2.0869785751760688,53.415027790513946,"Romiley, northbound Guywood Lane"
-2.10596950559172,53.26628584103995,-2.1035020927987396,53.26756535742184,"Higher Hurdsfield, Rainow Road / Three Crowns"
-2.135471769698277,53.259736799525975,-2.1339728305449985,53.26063560043885,"Macclesfield, Chester Road / Langford Street"
-1.6346518244952772,53.26601118209167,-1.6316538910272056,53.26718132059871,Calver Bridge
-2.0786725122511216,53.47214217992905,-2.0768976965684764,53.473299420203645,Birch Lane/All Saints College
-2.062345390219913,53.47034616995559,-2.0596898781653468,53.47157302628189,Yew Tree Lane/Lyne Edge Road
-2.1436828482560073,53.26703012451009,-2.141982448769461,53.267938675555804,"Macclesfield, Bollinbrook Road / Huxley Close"
-2.1485612983674693,53.30692560156346,-2.14706070187277,53.30782439840144,"Prestbury, off Bonis Hall Lane / McCanns"
-2.029740426034022,53.470581934463674,-2.0279558763266627,53.47149376564427,Stalyhill Drive
-2.150672120318866,53.29674290054542,-2.1491718799206425,53.29764169941947,"Prestbury, Butley Lane / Turning Circle"
-1.5312842305531242,53.36688201859182,-1.5294208697322418,53.36778218141488,Fulwood Road/Tom Lane
-2.0266505129053507,53.424730761555765,-2.024892485925257,53.42563703848062,"Ernocroft, Glossop Road / opposite Lower Stirrup Farm"
-2.1322196081383193,53.34935695251735,-2.130712092763438,53.350333647304616,"Poynton, Chester Road / Hazelbadge Road"
-1.5167932120313457,53.37713507560125,-1.5145145928012604,53.378419323921136,Manchester Road/Vernon Terrace
-1.5227719686530274,53.36033367289249,-1.5210664290973506,53.36130152655685,High Storrs Road/High Storrs Drive
-1.9075931150026109,53.24061748495218,-1.905999880785796,53.24152411427735,Fernway
-1.64505219020019,53.26678305459128,-1.6428078821377385,53.268792446654714,Calver Hassop Road
-2.1275568815631134,53.45570452204551,-2.125438003583088,53.457177578515484,"Denton, Manchester Road North / near Holland Street"
-2.1106493443559415,53.378600801056905,-2.108424453147592,53.37982439811927,"Torkington, Torkington Road / opposite Avondale Road"
-1.9411815939720862,53.31632718383682,-1.9396799043756932,53.31732761612163,"Turnstead Milton, Manchester Road / adjacent Hanging Gate"
-2.1318392903156735,53.262690597452234,-2.130088108477302,53.26359710258648,"Macclesfield, Westminster Road / Sainsbury's"
-1.5508177795013394,53.23745749838307,-1.5491775191337336,53.23844140156664,Sheeplea Cottage
-1.9077277012934024,53.270175030872444,-1.9062284990140599,53.27107376909176,
-2.1460179435908,53.26276640705416,-2.144515259502814,53.26376669202635,"Macclesfield, Victoria Road / The Whitfields"
-1.9937973399288171,53.432422851250095,-1.992254358495933,53.43353624854766,"Charlesworth, SW-bound Glossop Road"
-2.0211605015994936,53.450889325532366,-2.018631254272201,53.45297718827425,"Hattersley, John Kennedy Road / near Lowry Grove"
-1.6188151797865813,53.188480904148555,-1.6173079222737416,53.18953549579891,Peacock Hotel
-2.135280357311177,53.41588673775801,-2.1336543372088523,53.41677716100585,"Lower Bredbury, Stockport Road W / opposite Welkin Road"
-1.6409206718542153,53.23414418529656,-1.6393842222567636,53.2350169144235,"Pilsley, B6048 / School"
-2.0159450019037193,53.45309285193423,-2.0141580916138495,53.4540156482695,Ashworth Lane/Day Grove
-2.1173371728128143,53.269112293000916,-2.1156868344719073,53.270009006909675,"Hurdsfield, Brocklehurst Avenue / Hawthorn Way"
-2.0748555003427063,53.4360123802771,-2.068558709168514,53.43857135785015,Stockport Road/Grapes Hotel
-2.135056813053881,53.40232049773613,-2.132586485707001,53.40352530014918,"Woodbank Estate, Offerton Lane / opposite St Alban's Church"
-2.09138965642933,53.43022651780273,-2.0898847438288297,53.43112528216203,"Woodley, Hyde Road / near Ashton Street"
-2.091656452788453,53.4704241082351,-2.0894285384526654,53.4717814918073,"Newton Wood, Thorncliffe Avenue / near Inverness Road"
-1.6723976651251937,53.20882216525744,-1.6709007352471237,53.209720834705955,Holywell
-2.122216604089745,53.25201292777268,-2.120545892282253,53.25295097142429,"Macclesfield, Mill Lane / The Macc"
-1.5014490611609201,53.371657010713385,-1.499946539263178,53.37255558924935,Brocco Bank/Westbourne Road
-2.034655254063183,53.373657205314935,-2.032056880902622,53.37556172270749,Strines
-2.0536011514018315,53.383190674252155,-2.0518054406914223,53.38434552589909,"Marple, Strines Road / at The Dingle"
-2.0692997421700077,53.38950640387311,-2.0677446536073596,53.390741995965946,"Marple, Hibbert Lane / opposite Cotefield Close"
-1.907026349396047,53.236273345079184,-1.904678352356243,53.237515453748784,Parks Inn
-1.5334717929459711,53.23439537529058,-1.5319793003981266,53.2353406243572,Baslow Road
-2.0736025521464176,53.41320061875172,-2.0720982481165335,53.41409938121301,"Cherry Tree, southbound Cherry Tree Lane"
-2.1182536486773063,53.45280412174974,-2.1165420483286805,53.45383577824424,"Denton, eastbound Cedar Grove"
-2.0391786941988923,53.47678907243335,-2.0373600010131105,53.47771232778069,Mottram Old Road
-1.6510189435779594,53.32948414536318,-1.6494169563190406,53.33066095375587,Hathersage (Crossland Road)
-2.137226052460966,53.29588363213794,-2.1355143457599097,53.29690496778545,"Butley Town, London Road / Well Lane"
-1.7147900373065934,53.28729077090125,-1.7131934641543665,53.28824972907511,Foolow Bull's Head
-2.1110188752999552,53.41973811458941,-2.109514324952483,53.42063688537544,"Bredbury, Lower Bents Lane / outside The Queens"
-1.7738737486579532,53.25822145977985,-1.7723088565200191,53.25910583918823,Miller’s Dale (Ravenstor Youth Hostel)
-1.9855602722038077,53.32935039435004,-1.9832298319222275,53.33142140390565,Platform 1
-2.1066617350097303,53.44113447753356,-2.105171961759017,53.44210142176517,"Haughton Green, Mancunian Road / outside Manor Green Primary Academy"
-2.0193015385538486,53.44657484055269,-2.017677963934031,53.44755295943716,Broadbottom Road/Bucklow Close
-2.127318644168883,53.383754509895816,-2.1258153560784243,53.384653290069046,"Stepping Hill, Buxton Road / outside Sainsbury's"
-1.7041639282147736,53.24262308168641,-1.702599475021062,53.243536617836455,Great Longstone (Village Green)
-2.1415973815259024,53.35022652837267,-2.139443316750527,53.35114787180458,"Poynton, Chester Road / Deva Close"
-1.563745358619968,53.38168569894188,-1.562242441786757,53.38258430102115,Rivelin Valley Road/Rails Road
-1.5869514696451668,53.4102557965728,-1.5854475307556457,53.41115440339031,New Road/Oaks Lane
-1.5042323139514122,53.34011543608481,-1.5026842178394804,53.342224690540334,Abbeydale Road South/Dobcroft Avenue
-1.7371773309107579,53.245888156565854,-1.7356790694441615,53.24678684339778,Upperdale
-1.5295502734473923,53.31914842438845,-1.5279934313720327,53.32040967548012,Totley Brook Road/King Ecgbert Road
-2.04916615118736,53.439357252666554,-2.047346750501806,53.44037194661214,Mottram Old Road
-1.5426423585203468,53.32812376583705,-1.5406389095073765,53.329875913378594,Causeway Head Road/Heather Lea Avenue
-2.1281177535897284,53.34196002960702,-2.1264697533949293,53.34285597029957,"Midway, London Road South / Vernon Arms PH"
-2.1286401546435805,53.345294637607076,-2.1264492553797725,53.34666706262394,"Poynton, Clifford Road / Queensway"
-2.0060325203045104,53.36114472370607,-2.0045300799767634,53.36204347625845,"New Mills: Albion Road, Victoria Street"
-1.9517098412140146,53.442831362242174,-1.948372266329976,53.44553952525494,Glossop
-2.1134181077778944,53.46915931948845,-2.1117859035169557,53.47030328033966,Guide Lane/Hooley Hill
-2.0631814025896715,53.38782641816167,-2.0616779976758526,53.38872518180302,Waterside/Goyt Avenue
-2.052664697795541,53.35358781692691,-2.051162502472434,53.354486583037755,"Lyme Country Park, Lyme Park Drive / Admissions Kiosk"
-2.1008323907196473,53.34358457497094,-2.099165507579936,53.3445824249825,"Newtown, opp 151 Coppice Road"
-1.6542676633013145,53.32653616846724,-1.6526428343060395,53.32751833152181,Hathersage (Railway Station)
-1.988979343243198,53.36835602659647,-1.987476657043013,53.36925477336803,"New Mills, Low Leighton Road / adjacent Cale Road"
-2.1426885234622786,53.39600271154511,-2.140299078336014,53.396926388714625,"Mile End, Nangreave Road / opposite Windermere Road"
-1.5945716112609711,53.37973096635664,-1.5928390870462634,53.380759733539776,Manchester Road/The New Norfolk
-2.040298208671165,53.482684241127515,-2.0384555823435373,53.48388245907595,Demesne Drive/Wild Bank School
-2.146155574002305,53.37619453149543,-2.144628810523995,53.37798986839719,"Bramhall Green, Ringmore Road / opposite Hendham Close"
-2.1445828675974945,53.251012366066874,-2.1424083397928313,53.2519918347223,"Weston, Ivy Lane / The Flower Pot"
-1.7167217243278552,53.241829536130965,-1.7151307740552835,53.2427662636401,Little Longstone (Packhorse Inn)
-1.9652673943795875,53.37824488405886,-1.9629561953456487,53.37927101714658,"Birch Vale, New Mills Road / adjacent Birch Hall Close"
-2.0764812723171127,53.44262342061385,-2.074975927945466,53.4435221793509,"Hyde, Dowson Road / near King George Road"
-2.0776431946107294,53.462372847312814,-2.075231691554187,53.46392455307038,"Floewry Field, Bennett Street / adjacent Smith Street"
-2.1169272469255414,53.342880881175915,-2.1152104483586824,53.343791718913224,"Midway, Dickens Lane / Yewtree Lane"
-2.130756624455795,53.26051050847309,-2.1261486232803937,53.261923759016135,"Macclesfield, Churchill Way / King Edward Street"
-1.9872138026168402,53.3452432373711,-1.9855353998530152,53.34614916266862,"Furness Vale, Buxton Road / adjacent Hollins View"
-2.1213077722240508,53.351109615261514,-2.1194832298209456,53.35212098392364,"Poynton, London Road North / Sports Ground"
-1.9526242496402595,53.43726633694441,-1.9511191506574006,53.43816506301999,
-1.5413074177564559,53.31370607408779,-1.539338672787197,53.31468672258593,Baslow Road/Totley Hall Lane
-2.0465997269324685,53.48184112415784,-2.044187081105699,53.48284617691754,Stocks Lane/Hawke Street
-2.156132390868054,53.27215299804717,-2.1546330093695842,53.273051801917724,"Upton Priory, Prestbury Road / Berwick Close"
-2.0077617492377415,53.364303484709154,-2.0045433832718484,53.36538438627497,New Mills Central
-2.1175365036482128,53.46420831205128,-2.1160165905892265,53.46545748788129,Denton Road/Post Office
-2.080821848515518,53.27845707917403,-2.0791878467048637,53.27936431978616,"Rainow, Tower Hill / Tower Hill Farm"
-2.003255834603469,53.361993724149364,-2.0017533656786024,53.362892475815165,"New Mills, Albion Road / outside Newton Station Forecourt"
-2.137416992602215,53.387979068217085,-2.13485721808053,53.38903273332485,"Great Moor, Buxton Road / opposite Cherry Tree Lane"
-1.8111406652044573,53.19506984261324,-1.8096201331561608,53.196153357263306,"Pomeroy, A515 / Bull in the Thorn"
-2.0548238825802523,53.47173172559141,-2.053317517688924,53.4726304743733,Tennyson Avenue/Shelley Rise
-1.5777272080198077,53.41339262049229,-1.575897589288095,53.41438997858284,Loxley Road/Damflask
-2.0635101629420665,53.379010781308125,-2.0619701397851604,53.38015611856601,"Hawk Green, Windlehurst Road / opposite Windlehurst School"
-2.0534098344020824,53.4397432641133,-2.0518955659377935,53.440737235805436,Mottram Old Road/Green Lane
-1.6515656376483103,53.15853157563784,-1.6499491627084317,53.159491724212,Cratcliff View
-2.139949652557723,53.4048160177891,-2.1381296831838497,53.406373462593336,"Woodbank Estate, Hall Street / near Turncroft Lane"
-2.1230917080489484,53.428544978792104,-2.120165090029163,53.43005040241037,"Castle Hill, Lingard Lane / adjacent Ashton Road"
-1.6968794619336953,53.354005413616726,-1.6953206413203632,53.355204586203826,Bamford/Old Road
-2.1142643940139707,53.418639466626814,-2.1119282942824245,53.42010973361108,"Bredbury, Kingsway / adjacent Highfield Park Road"
-2.0738255436345048,53.282315528227706,-2.0720554389262396,53.28325663834407,"Rainow, Church Lane / The Robin Hood"
-2.1231457105289495,53.393245211115165,-2.121642089719673,53.3941439888497,"Offerton, Alfreton Road / near Lunedale Green"
-2.0893761921444516,53.46055602034936,-2.0878702081147282,53.461454779615416,"Flowery Field, Dukinfield Road / near Dunkirk Lane"
-1.9499228900384091,53.39027511664722,-1.94845880523391,53.39115428285974,
-2.051080724900636,53.39767995927036,-2.0495938720034435,53.39864054012416,"Marple Bridge, Longhurst Lane / opposite Towncliffe Lane"
-2.103453587876478,53.333832311666924,-2.1017610114030614,53.334832888193915,"Wood Lanes, Wood Lane West / Joyley"
-1.5116584082327398,53.35696567576723,-1.5092173877327761,53.358293223213856,Ringinglow Road/Ecclesall Road South
-1.5347660995694252,53.39023650535229,-1.5332629008456973,53.39113509461059,Hall Park Hill/Town End
-1.61703892333568,53.3121265591032,-1.6154866766397076,53.31323184041531,Longshaw (Yarncliffe Lodge)
-2.056244686798216,53.38956739936355,-2.054472521396953,53.39071270076512,"Marple, Strines Road / near Rose Tor"
-2.074971256182429,53.414804472998476,-2.0725055335186915,53.415846928380034,"Cherry Tree, Compstall Road / opposite Cherry Tree Lane"
-2.1186823342827323,53.346756568276824,-2.116381665262014,53.347934430190335,"Poynton, Clumber Road / St Paul's Church"
-2.1112743099524933,53.238697710989214,-2.1090020936349583,53.239801386691255,"Sutton Lane Ends, Gonville Avenue / Selwyn Drive"
-1.949299200741548,53.378131680863596,-1.9465317086344682,53.37969541827387,Hayfield Bus Station
-2.1316358650012037,53.427758284315075,-2.1288620796716917,53.42923591525382,"Brinnington, Middlesex Road / adjacent Brinnington Hall"
-1.9733014479723034,53.31972904764633,-1.971604853289519,53.320735752267524,"Whaley Bridge, Chapel Road / opposite Ollerenshaw Cottages"
-2.111673419177411,53.393867712550836,-2.1101697810744704,53.394766487414,Bean Leach Lane/Tarnside Close
-1.6094395539195594,53.146055572225,-1.6079448464690036,53.14695422773809,The Square
-1.5259856605691935,53.354089304384004,-1.5244837398475524,53.35498789557883,Knowle Lane/Harley Road
-2.112898235921824,53.343657208598444,-2.1113963643289937,53.34455599136638,"Poynton, High School"
-1.518292429749395,53.35208929150736,-1.5163909591338,53.35337240880262,Ecclesall Road South/Cortworth Road
-1.5104082470662754,53.344638007706955,-1.508531459850058,53.34557669265131,Dobcroft Road/Whirlowdale Crescent
-1.6258995320677372,53.22622811043828,-1.6244029696217623,53.227191789296874,"Edensor, B6012 / Gates"
-1.9859107341159208,53.32293800534186,-1.9842767533365278,53.324655594403794,Horwich End opposite White Horse
-2.111921333140747,53.266197927256556,-2.1101956684869263,53.26753707132997,"Hurdsfield, Brocklehurst Avenue / Dunster Road"
-2.1109700535587512,53.29302716830409,-2.1091438258576862,53.29464377604172,"Bollington, Wellington Road / Waggon & Horses"
-2.0303957561869335,53.447134489047876,-2.0256505731010277,53.44911206429246,"Hattersley, Hattersley Road East / opposite Fields Farm Road"
-2.1282002573782743,53.34908638522406,-2.12633733966534,53.3500897136903,"Poynton, Chester Road / Hilton Grove"
-1.769202366809309,53.27956348467932,-1.7673714255933326,53.28073371548372,Tideswell (Whitecross Road)
-2.1010953031927855,53.269248620634386,-2.099507692673264,53.2701549786323,"Higher Hurdsfield, Rainow Road / George & Dragon"
-2.069786837514551,53.47348975040619,-2.0658727275615347,53.47455648186891,Gorse Hall Road/Fir Tree Close
-2.0720216557424544,53.3898938218851,-2.069825102283988,53.39094315769225,Marple Sixth Form College Stand 1
-2.1065893494991075,53.38008168409083,-2.104944453940524,53.38098411590669,Offerton Road/Torkington Road
-1.6015743089667422,53.14937017398022,-1.6000794914240928,53.15026882598286,
-2.1510961971537736,53.24171474920753,-2.1496099100506054,53.24266405034364,"Gawsworth, Congleton Road / Rising Sun PH"
-2.0821396205153,53.459153336824365,-2.0805078891398874,53.46071056293779,"Flowery Field, Old Road / opposite White Hart Street"
-1.788103001672349,53.23595202772314,-1.7866217958738622,53.23688197200421,
-2.121757133601781,53.28069640275418,-2.1202574666456444,53.28159519721065,"Tytherington, Springwood Way / Larkwood Way"
-1.5337179264860685,53.38872017093933,-1.5301194279030765,53.3906056149072,Liberty Drive/Liberty Hill
-2.054113177657931,53.40907067188753,-2.0524404313459828,53.410177728085046,"Compstall, Compstall Road / at Northumberland Arms"
-2.009833586700614,53.45864769796821,-2.0083300207772687,53.459608001601104,Back Moor/Mottram Moor
-1.914417754972116,53.25987779330147,-1.9106506298607686,53.2620769923199,"Buxton, Station Road / Railway Station"
-2.062351265210664,53.38571451810842,-2.0608479350550635,53.38661328185628,Thornholme Road/Telford Road
-2.1337340806026517,53.37408674937053,-2.1321985206709995,53.375140250053995,"Hazel Grove, Mostyn Road / near Boscombe Drive"
-2.132184180355714,53.24237618998361,-2.130492621493943,53.24328221005936,"Macclesfield, Parkgate Road / Moorhill Road"
-1.7640489007016298,53.517452380335826,-1.7625002920410842,53.51881451955763,Car Park/Dunford Road
-2.114077393181853,53.46677899894498,-2.1121239044864075,53.46790490072281,"Hooley Hill, Shepley Road / St. Anne's Road (Stop F)"
-1.523140435146654,53.345453381149866,-1.5211593748282422,53.34673821914957,Ecclesall Road South/Abbey Lane
-2.111128012358115,53.45579191730506,-2.109622187894814,53.45669068265978,"Denton, Hyde Road / Broomhouse Inn (Stop H)"
-2.1210014475844576,53.44636051539446,-2.119495952665529,53.44725928457038,
-1.7636249885223025,53.346960866618396,-1.7620313087995982,53.347926333363304,Hope (Warehouse Lane)
-1.6784541897741618,53.333685257160354,-1.6769428109963744,53.334680242628124,Hathersage (Cunliffe House)
-1.6989313300684854,53.339605393130746,-1.6959079713240723,53.34102070409043,Bamford (Shatton Lane)
-2.1273303580204654,53.392409457155175,-2.1250178298473714,53.3943079927057,Lisburne Lane/Dialstone Centre
-2.1198364757473214,53.46779694866615,-2.117948729515352,53.46894255138443,"Audenshaw, Stamford Road / outside Audenshaw School"
-2.0294734711456024,53.39213592289607,-2.02796992912953,53.39303467706852,"Mellor, Longhurst Lane"
-1.9158112389606559,53.252473873911455,-1.9134588060688809,53.25363712519099,"Buxton, London Road / Five Ways Junction"
-2.0725965852912176,53.44587423752161,-2.070786907719459,53.44680216272957,"Hyde, Market Street / opposite Ring O'Bells"
-2.078571914481421,53.36559391451689,-2.0770692857794133,53.36649268544781,"High Lane, Windlehurst Road / near Horse Shoe Inn"
-2.122561261540321,53.36775340925478,-2.1210585387081045,53.36865219071007,"Hazel Grove, Dean Lane / opposite Bowerfield Avenue"
-1.9526644929124228,53.43971483712395,-1.9511593073852629,53.44061356284045,
-2.0825184506256673,53.39599461632176,-2.0810147496344995,53.396893383643004,"Rose Hill, Stockport Road / near Oak Drive"
-1.7495163869058727,53.30820501654748,-1.7479276178408498,53.30909568331655,Little Hucklow (Cop Low)
-2.109840683025922,53.45599265107286,-2.1071251942408744,53.46028749855214,Edward Street/Hyde Road
-2.1338747441469175,53.40624288051038,-2.13213795571945,53.4072542192288,"Little Moor, Ludlow Road / opposite Beverley Road"
-1.9975393720083356,53.363756348743536,-1.9948174261086495,53.36511304918301,"New Mills, Church Road / adjacent Jubilee Street"
-1.9485672001016203,53.42885553689155,-1.9470624001970431,53.42975426307284,Chunal Cottages
-1.7959150857992192,53.25476447733433,-1.794413513524936,53.255732322619544,Miller’s Dale (Wormhill Road)
-2.1000047955267993,53.23872870222392,-2.0985066047261456,53.23962749774082,"Sutton Lane Ends, Langley Road / Oaklea House"
-1.5485771188792514,53.39107060265454,-1.547073881531982,53.391969197308406,School Lane/Church Street
-1.7994719172816664,53.21241651907877,-1.7978050857530081,53.21336538024164,Post Office
-2.0756487406852435,53.37371738029239,-2.0735803562021644,53.374901019282674,"Windlehurst, Windlehurst Road / opposite Higherfold Farm"
-2.0388331907873525,53.35759988696256,-2.0373538040643093,53.358505212706234,"Disley, Buxton Old Road / White Horse PH"
-2.110858734477856,53.23556320673785,-2.109276870145744,53.2365409931852,"Sutton Lane Ends, Walker Lane / Hollin Lane"
-1.891575571439756,53.27830184168899,-1.8894528431063236,53.279970976607196,"Fairfield, Batham Gate Road / westbound Tomthorn"
-1.8427901289635695,53.13030593538258,-1.841280772546941,53.13132116417519,Manifold Valley Hotel
-1.688796412172127,53.17418355295082,-1.687016982086225,53.17510584725015,Holywell Lane
-1.5141389081084564,53.363649612345505,-1.5118326953217773,53.36459218812426,Greystones Road/Louth Road
-1.611710496884698,53.22892857808017,-1.6102129035050612,53.22982722188298,Chatsworth House
-2.109165131889195,53.3897539576263,-2.106927766258926,53.390678642581996,Shearwater Road/Kingfisher Road
-1.5224577993647523,53.367781497319775,-1.520495203918377,53.368708302957835,Oakbrook Road/Westwood Road
-2.02769571971883,53.39250700925933,-2.025988785385591,53.39342858940191,"Mellor, Longhurst Lane / adjacent Mellor Terminus"
-2.113473694695734,53.23451105776427,-2.1117851017331275,53.235542542253114,"Sutton Lane Ends, Walker Lane / Post Office"
-2.1143076767016975,53.455014836989086,-2.1113513552014136,53.45672328666087,"Denton, Saxon Street / Morrisons (Stop J)"
-2.1281516954697737,53.40291418402557,-2.125883615988892,53.404348716278434,"Little Moor, Woodlands Park Road / near Montagu Road"
-1.6435315737084197,53.38942699188786,-1.6420775306594748,53.39034950722171,Moscar/Manchester Road
-1.7575861156267019,53.347432860757266,-1.75608428472451,53.34833153920644,Hope (The Marshes)
-2.0452595589194424,53.47755373503443,-2.043534748811616,53.47846566502896,Mottram Road/Cheetham Park
-1.9822784712675507,53.14360372225108,-1.980703738615771,53.14468537747826,Old Buxton Road
-1.8878297948195473,53.299428920244246,-1.886189904642728,53.30039387957879,"Dove Holes, Hallsteads / adjacent Bus Depot"
-2.115165503210463,53.31898430645334,-2.1136644970393594,53.319883093511464,"Adlington, Brookledge Lane / Meadowside Church"
-1.9541779513092952,53.317164517805814,-1.9524421471918614,53.31819338207084,Milton Lane
-1.9571826086602562,53.46316503825114,-1.9556765916365466,53.46406376171328,
-1.7942071536155146,53.211878744335515,-1.7927100467227408,53.21277745562831,The Plough
-2.0914323522691323,53.467580117803095,-2.08935435942735,53.46894488258742,"Newton Wood, Victoria Road / near Duncan Street"
-1.5406467901674037,53.32099587293124,-1.5385601699036968,53.32231180178222,Totley Brook Road/Furniss Avenue/School
-1.6620980408858421,53.228662509078525,-1.6585076420677363,53.22991209427669,"Bakewell, Baslow Road / Birchills Lodge"
-2.147613856970025,53.350152004949834,-2.1461117432710752,53.351050795015084,"Poynton, Chester Road / Woodford Road"
-1.5817723595361861,53.39843369668292,-1.5802688408658225,53.39933230328015,Hill Top Road/Sykehouse Lane
-2.009161873149855,53.36500575422657,-2.0073532294565735,53.3660776456869,"New Mills, Hague Bar Road /adjacent Council Depot"
-1.5435478112271392,53.39321801040969,-1.541538288948757,53.394117089596364,Stannington Road/Manor House
-2.114861270057863,53.24282350071601,-2.1133629301909678,53.24372229924878,"Gurnett, Byrons Lane / Ye Olde Kings Head"
-1.5787966547397114,53.3982164972456,-1.5772931456631365,53.399115102717474,Hill Top Road/Hill Top Farm
-2.125245204485254,53.38152470997538,-2.1237419957626082,53.38242348998948,"Hazel Grove, London Road / opposite Commercial Road"
-2.117317491264398,53.360131708236636,-2.1155601035102967,53.36104859191168,"Poynton, London Road North / Anglesey Drive"
-2.0977748565411543,53.33191747289451,-2.096206937020407,53.332910226948364,"Wood Lanes, Wood Lane West / Wood Lanes Church"
-2.1123561587998236,53.39043331220761,-2.1108526414518143,53.39133208775721,Shearwater Road/Dunnock Close
-2.1235627618366775,53.348135755130826,-2.121733441599362,53.3496160431617,"Poynton, Chester Road / St George's Church"
-2.0883583170477604,53.45632312015622,-2.0868524832116475,53.45722187980854,"Flowery Field, Dukinfield Road / near Throstle Bank Street"
-1.5636579510612347,53.34313205280777,-1.5620256483124833,53.34403324717925,Sheephill Road/Long Line
-2.1304484850122156,53.27959070637379,-2.1259925963683832,53.28154342495665,"Tytherington, Manchester Road / Dorchester Way"
-2.0329262922016227,53.4510786019455,-2.030288813135945,53.452059398916,Underwood Road/Camborne Road
-2.1173772054362536,53.46098141693873,-2.115871194814972,53.46188018302615,Ashton Road/Dog and Partridge
-2.084458010698477,53.308967992469206,-2.082914981814392,53.30996430727288,"Pott Shrigley, Shrigley Road / Saint Christopher's Church"
-1.6227088235994207,53.38567841750301,-1.6212240732722731,53.38663658189788,Manchester Road/Holme Farm
-1.6521321945594245,53.25670737260553,-1.6506336058195967,53.257606027357795,Hassop (Bleaklow Mining)
-1.532561683717275,53.3400523084759,-1.530399712051088,53.34100159198088,Ecclesall Road South/Whirlowdale Road
-2.10134866262356,53.439168771433096,-2.099790438884131,53.44025252770931,"Haughton Green, Haughton Green Road / opposite Jolly Hatters"
-2.010288223404525,53.35806378010123,-2.0064606761262227,53.36065714849017,Newtown Station
-1.8995685279131551,53.323183936116905,-1.8980674723975353,53.3240826638473,"Chapel en le Frith, Buxton Road / opposite Jolly Carter"
-1.571124782257302,53.378220183174484,-1.5689724191413843,53.37934141536225,Manchester Road/Pump House
-2.1251782909068333,53.36794945864933,-2.1228025175699776,53.36935064121099,"Hazel Grove, Chester Road / near Dean Lane"
-2.0048816111998926,53.31826694154045,-2.0032696939159633,53.319268158411155,"Kettleshulme, Macclesfield Road / Beech House"
-2.146564843523233,53.372534374373195,-2.1446284058053733,53.3743840575972,Bramhall Moor Ln/Dean Moor Road
-1.6109549192224497,53.17361853654314,-1.6087976627264002,53.17633391091391,Rowsley South
-2.129879767862033,53.40383044247043,-2.1282511389627077,53.404866157462045,"Little Moor, Ilfracombe Road / near Clovelly Road"
-1.5381791028082223,53.38035660005535,-1.5367030938898316,53.38129739939636,Manchester Road/The Bell Hagg
-2.138262299692681,53.25207932082951,-2.136625504571896,53.25308747916976,"Macclesfield, Park Lane / Macclesfield College"
-2.124733091627072,53.376911094180386,-2.121264810626838,53.37888170857258,Platform 1
-1.5127936459480185,53.36745083667913,-1.510679649656269,53.3683985637654,Rustlings Road/Endcliffe Park
-2.1617574177550134,53.25647259620929,-2.160258582480833,53.25737140375562,"Weston, off Parkett Heyes Road / Broken Cross School"
-1.6427740262320452,53.279640725030724,-1.6412609663436633,53.28061577463879,Froggatt (Stoke Bar)
-1.986787530098068,53.32210612339667,-1.9852864701880069,53.3230048765678,Whaley Bridge Lower Macclesfield Road
-1.7096226588040706,53.34116857583947,-1.7079654426118118,53.342132923823485,Bamford (The Rising Sun)
-1.5526382782026176,53.40003580252636,-1.5511347222076746,53.40093439743659,Rowel Bridge/Spout Lane
-1.5665928620151552,53.398855899681756,-1.565089338391161,53.399754500281276,Lee Moor Lane/Storrs Lane
-1.610611795325288,53.42261609296361,-1.6091074050690994,53.42351470699956,Fair House Lane/Annet Lane
-2.092440929094554,53.473084210003925,-2.090292726636847,53.474537295164346,"Dukinfield, King Street / opposite Boyds Walk"
-2.0753418436066737,53.39583883405751,-2.0738175582481833,53.39691496585498,"Rose Hill, Stockport Road / The Drive (Stop A)"
-2.1201902302067195,53.41707761327569,-2.1186857700430815,53.417976386689176,"Lower Bredbury, Osborne Street / near Dell Side"
-1.6070646954764747,53.42268879364556,-1.6055603049189198,53.423587406317615,Fair House Lane/Smithy Bridge Road
-1.9332120421312942,53.25377387824577,-1.9311787384781585,53.255475640750355,"Buxton, Macclesfield Road / Cavendish Avenue"
-1.9925285918730922,53.365389525880595,-1.9910260084120688,53.366288274083885,"New Mills, Low Leighton Road / opposite Marsh Lane"
-2.053394873294812,53.40582173347973,-2.0508031798953077,53.40764627088679,"Cote Green, Glossop Road / opposite Windsor Castle"
-1.5507670250836207,53.38316554884181,-1.5459781418433212,53.38468336636667,Rivelin Valley Road/Tofts Lane
-2.0187288270468247,53.35832218980352,-2.0166882732420577,53.35922321021103,"Newtown, Buxton Road / Overdale Road"
-2.11323020094481,53.257259945456894,-2.110960673922324,53.25907570213371,"Macclesfield, Buxton Road / Black Road"
-1.5137074579644452,53.33340172608278,-1.5113577323233895,53.33483207390758,Abbeydale Road South/Sherwood Glen
-2.066477407119151,53.45954813017966,-2.0642106886230733,53.46082086921087,Victoria Street
-2.0764352311036887,53.371500241720994,-2.074875168927846,53.37261335774388,"Windlehurst, Windlehurst Road / outside Methodist Church"
-2.1222837469599667,53.42489889269048,-2.1204186231784905,53.42763440675376,Ashton Road/Oldmoor Road
-1.729857614800639,53.290686729917034,-1.7283608869453422,53.291641769838684,Great Hucklow (Grindlow Lane End)
-2.070095785117089,53.44576613861152,-2.0664762407417636,53.44702719266755,Mansfield Road/Lumn Road
-1.6611434208769082,53.32890785191956,-1.6588005749595267,53.329865648615545,Hathersage Bridge
-1.5047713710905752,53.370706459176986,-1.5027773194552183,53.37167994150335,Endcliffe Vale Road/Oakholme Road
-1.5012887417184047,53.37055511066287,-1.4997862587057145,53.37145368929985,Brocco Bank/Endcliffe Terrace Road
-2.1301928816591653,53.34924658575751,-2.1284002160744886,53.35024201348255,"Poynton, Chester Road / Clifford Road"
-1.9924866650122213,53.45834007511883,-1.9900576313788432,53.45947522226248,Wooley Lane/Earnshaw Street
-2.0875439201689843,53.35016209168002,-2.085894474888188,53.35118530832966,"Higher Poynton, Green Lane / Carleton Road"
-1.6731486119474046,53.223753574790045,-1.6715205832714757,53.22476532520647,"Bakewell, Baslow Road"
-1.5452179851053298,53.39489310361304,-1.543714615306943,53.3957916963499,Greaves Lane/Greaves Close
-2.0888424363825457,53.45741042017801,-2.0873365638767387,53.458309179786795,"Flowery Field, Dukinfield Road / opposite Throstle Bank Street"
-1.8045953708973606,53.18973048069207,-1.803097826112067,53.19080831926079,"Sparklow, Tagg Lane"
-2.084194556678728,53.47556192213369,-2.0826880435821487,53.4764606778311,"Dukinfield, Jeffreys Drive / near Victoria Street"
-2.1323287218362372,53.39154927313615,-2.129980460249927,53.393393663719195,"Great Moor, Dialstone Lane / outside Cherry Tree Hospital"
-1.9933972237521702,53.14979520941187,-1.9919021765292773,53.15069399055256,Paddock Farm
-2.089422813095894,53.46484023015514,-2.08775259634656,53.46642016949459,"Newton Wood, Dukinfield Road / near Junction Street"
-1.6351930926314668,53.38799338570228,-1.6336899077551887,53.38889201426101,Manchester Road/Rosary Cottage
-1.692577437434583,53.342288675298676,-1.6909956583155825,53.34326082464611,Bamford Station Road
-1.759621216110523,53.272024761772784,-1.7580288860794218,53.272986438208356,Litton (Dale View)
-2.017767502609662,53.448345147039895,-2.0161267023308382,53.44925275185062,Broadbottom Road/The Waggon
-2.1505379061427514,53.28988054107553,-2.1481951940663713,53.29108185728522,"Prestbury, New Road / Bridge Green"
-1.7401303105832984,53.32511702163839,-1.7386193843278421,53.325986277534604,Bradwell (Church)
-1.934461929795775,53.33988683220116,-1.9329602705053632,53.340785567763156,Alders Avenue
-1.5352558973826755,53.33893150136869,-1.533754503031096,53.339830098594184,Whirlow Bridge/Limb Lane
-1.9981551895453755,53.42882173352002,-1.9956472044775457,53.43021176568301,"Charlesworth, Marple Road / opposite Lee Head"
-2.137339836410332,53.36895526243132,-2.1338107650462876,53.37051384568746,Hazel Grove High School
-2.1340232763533344,53.272955096525266,-2.1320927318198626,53.273909403975374,"Tytherington, Dorchester Way / Freshfield Drive"
-2.106378984288171,53.38816684997907,-2.1041132205428204,53.389448249548366,"Bosden Farm, Sanderling Road / near Grebe Walk"
-1.938493314151814,53.25044763439243,-1.9368944856607677,53.251398165510366,"Burbage, Leek Road / Holmfield"
-2.103459006913157,53.414849607596544,-2.0996962130312933,53.4169848302205,George Lane/Bredbury Library
-1.5210212529482052,53.37886059500607,-1.5193045586330718,53.38045530317512,Sandygate Road/Post Office
-2.171674747984212,53.262729243994954,-2.169801451651202,53.26363215599931,"Broken Cross, Whirley Road"
-1.6258907347285099,53.24629793804491,-1.6241682652511056,53.24730216171341,Baslow (Bubnell Lane)
-2.067068741372768,53.45109712572732,-2.064767456865648,53.45202187447814,"Godley, Mottram Road / opposite The Bankfield"
-1.775074342002414,53.34358025981838,-1.7734828618580716,53.34449333949967,Castleton Bus Station
-1.610547322368531,53.24672331048111,-1.609047576222119,53.247715189477525,Baslow (Golden Gates)
-2.1214852592462563,53.253576800730514,-2.1199865410008663,53.254475599234304,"Macclesfield, Windmill Street / Pool Street Industrial Estate"
-1.6358514761062823,53.29600100149278,-1.6342001285976122,53.29690249848617,Grindleford (Playing Field)
-1.626296983544168,53.302830684548745,-1.6223320835517006,53.30544831629541,Grindleford Padley Hill
-2.1224395425921845,53.44606171519865,-2.120934057657388,53.44696048476623,"Denton, SE-bound Ruskin Avenue"
-1.5139742240829743,53.3528726808273,-1.511317964339584,53.35452170517755,Woodholm Road/Millhouses Lane
-2.1065952137283896,53.455921817868806,-2.105089386525826,53.45682058209602,"Denton, Hyde Road / opposite The Angel"
-1.5091158423713738,53.360397619783285,-1.5065219802208334,53.36262262618925,Ecclesall Road/Huntingtower Road
-2.043958126561864,53.39358018095041,-2.0424397747991465,53.39462201897362,"Marple Bridge, Longhurst Lane / outside Royal Oak"
-2.1009998589140495,53.4251823348769,-2.099470241007807,53.426230564884854,"Woodley, Hyde Road / at Woodley Precinct"
-2.127119388409796,53.243136652966825,-2.124525421794504,53.24453852142973,"Macclesfield, London Road / Co-op"
-1.5054970747126684,53.375739126418,-1.5027946727367767,53.37724101873407,Fulwood Road/Manchester Road BH7
-1.7094411206563709,53.165408855315235,-1.7079456797046806,53.166307544648284,"Middleton by Youlgrave, The Square"
-2.12336153088941,53.44733194915166,-2.1205335764035653,53.44835075209931,"Denton, northbound Auburn Road"
-2.131296325084729,53.38624839553641,-2.129555265500088,53.387406904573105,"Stepping Hill, Dialstone Lane (Stop D)"
-1.539779944822451,53.318756698933335,-1.5382792555895726,53.31965530102954,Totley Brook Road/Wessex Gardens
-2.141763539634136,53.37097753572415,-2.1397955595781046,53.37188536431859,Jacksons Lane/Three Bears
-2.102475315164123,53.34828801022471,-2.1009732850897014,53.34918678974007,"Poynton, Middlewood Road / Woodland Rise"
-1.9811259255958251,53.32054351412551,-1.9789296823060092,53.321869185896865,Horwich End opp Drum and Monkey
-2.136244070872262,53.37562319027756,-2.133747808903712,53.37714333551505,"Hazel Grove, Bramhall Moor Lane / opposite Rutters Lane"
-1.5852843884696382,53.244970351101955,-1.5832601089359615,53.24589734913074,Robin Hood
-1.8162275607407798,53.344953622769786,-1.8147213395967512,53.345917377135976,Mam Nick Car Park
-1.9172583195044404,53.32245283341388,-1.9157572808012484,53.32335156655036,"Chapel en le Frith, High Street / opposite Kings Arms"
-2.0342968831150583,53.41514268260632,-2.032777716888139,53.41615731724594,"Ernocroft, Glossop Road / near Ernocroft"
-1.9953865251430174,53.35068861845807,-1.9933729760697994,53.3518144809656,"Furness Vale, Buxton Road / adjacent Dale Farm Dairy"
-1.997816043486809,53.46019338788201,-1.9963099565747449,53.46128991206976,Mottram Moor/Gun Inn
-1.5812618388778605,53.402944397123655,-1.579758161524395,53.403843002839416,Yews Lane/Sykehouse Lane
-2.1250559609875,53.45896796307065,-2.1231826383320174,53.46001343631429,"Denton, Taylor Lane / at Denton Community College"
-2.1297685207839883,53.24553987757643,-2.1280692837055617,53.24695342161147,"Macclesfield, Parkgate Road / Lyme Avenue"
-2.086421771587307,53.34658945786317,-2.0847369291791553,53.347491642143815,"Higher Poynton, Shrigley Road North / Boar's Head"
-1.5278274020267861,53.3546184343002,-1.5261439025446584,53.355524565729795,Ringinglow Road/Trap Lane
-2.0664299320645645,53.441771405027445,-2.0649107748468363,53.44273219462382,Backbower Lane/Richmond Hill
-2.07013654999972,53.44336883339079,-2.068586244523789,53.44433056644172,Stockport Road/Hyde Cemetery
-1.546470723162823,53.39314647032525,-1.5448499718336048,53.39404472862035,Uppergate Road/Stannington Road
-2.1681447783436805,53.258827703772,-2.1665198261180914,53.25983079621309,"Broken Cross, Chelford Road / Gorseyknoll"
-1.5810188073825013,53.15374498112288,-1.5792466872554871,53.15467381729941,St Elphin's
-1.9137310468378022,53.258025593605495,-1.9120051514038248,53.25893340644879,"Buxton, Terrace Road"
-2.161029308152235,53.25020859581796,-2.1595306920837305,53.251107404146936,"Weston, Chatsworth Avenue / Warwick Road"
-1.625862513847903,53.3858291592748,-1.6242824832368765,53.38678694069531,Manchester Road/Old School House
-2.1215616614310964,53.36997588497654,-2.118900334940474,53.371170211820534,Cavendish Road/Rutland Road
-1.6040577876357702,53.148096073407835,-1.6025630127543407,53.148994726555266,Oker Road
-2.101845650882014,53.455398576996174,-2.0999420518682124,53.45631872320246,"Denton, Hyde Road / opposite St Anne's Road"
-2.0980197646889334,53.44253066535047,-2.0963452430703553,53.44361083464392,"Haughton Green, Haughton Green Road / near Two Trees Lane"
-1.8725198624901838,53.28561173740053,-1.8710201378274542,53.28651046256357,"Peak Dale, Batham Gate Road / adjacent School Road"
-2.04140170927107,53.445823367881424,-2.0379169146751197,53.44714731692548,Hattersley Rd West/Hattersley Station B
-2.1605825115578137,53.264769651946175,-2.1582994033263434,53.266308148633144,"Upton Priory, Priory Lane / Keats Drive"
-2.1020510604873937,53.345166662114146,-2.1004178333252717,53.34619823786024,"Newtown, Coppice Road / Waterloo Road"
-1.5186696728689595,53.35412221427558,-1.5165314270279513,53.355271184619596,Knowle Lane/Hoober Avenue
-2.133227696739691,53.386428220248504,-2.131655203996274,53.387573379277356,"Stepping Hill, Buxton Road / The Crown (Stop B)"
-1.7507308140753997,53.34738337753403,-1.7478424742039282,53.34848442440998,Hope (College)
-1.9690274737103997,53.444065935121834,-1.967522126582715,53.44496466484261,"Dinting Vale, Dinting Vale / adjacent The Junction"
-1.7349487489649154,53.29678970027971,-1.7332293561906866,53.29771419831366,Great Hucklow (Old Chapel)
-1.5150794443112736,53.35718773115582,-1.5127521508051278,53.35815356946052,Ringinglow Road/Falkland Road
-1.6286469184390913,53.30139126568463,-1.6271313872239632,53.30233243403079,Grindleford (Maynard Arms)
-2.1095581670930037,53.41929001473369,-2.1080536331598427,53.42018878523113,"Bredbury, Higher Bents Lane / opposite The Queens"
-1.5205325867297579,53.35052784215157,-1.5182825095896912,53.352200937114816,Ecclesall Road South/Harley Road
-2.141947074452888,53.26249945942853,-2.1369700331233314,53.26409900513198,"Macclesfield, Victoria Road / Prestbury Road"
-2.1140726839266324,53.272231603041945,-2.112573316322837,53.273130396922866,"Hurdsfield, Charter Way / AstraZeneca"
-1.5480107198158846,53.37914994155948,-1.5464882823466943,53.38017565773059,Manchester Road
-1.656794157836698,53.32901123689757,-1.6537846801632183,53.33079301679682,Hathersage (George Hotel)
-1.64432015248802,53.27160402966361,-1.6426385360673712,53.272790470347886,Calver (Shaldon)
-1.6845523853070496,53.2103179951536,-1.6829388186145722,53.21121620479401,"Bakewell, Monyash Road / Pickford Villas (Hail & Ride)"
-2.0595851604978357,53.38363789667736,-2.0578051474559063,53.38478260345665,"Hawk Green, Ridge Road / opposite Hawk Green Road"
-1.5504770309342588,53.39739450275553,-1.5489735694765838,53.39829309720742,Acorn Drive/Flask View
-2.0958921252903786,53.36710788454883,-2.093876169710518,53.368106213420376,"Hazel Grove, Buxton Road / opposite Norbury Hollow Road"
-1.520629905058376,53.32382955470496,-1.5187819850371198,53.32505794553414,Abbeydale Rd South/Five Trees Dr
-1.5502634589645294,53.36297869037805,-1.5484898393613993,53.36397670903568,Brooklands Avenue/Brooklands Drive
-1.9518214831133796,53.39383483377178,-1.9503179171837701,53.394733566192585,Rhododendrons
-2.1339784462856257,53.42543481707345,-2.1317190406567375,53.4269120833472,"Brinnington, Brinnington Road / outside Brinnington Shops"
-1.7049870142269554,53.221513309632066,-1.701777279952876,53.22252839143828,Ashford-in-the-Water (Ashford Mill)
-2.086667091951351,53.41377053880889,-2.083527493356033,53.415283251393035,"Romiley, Compstall Road / opposite Sandy Lane"
-1.5359775383748737,53.38914699413508,-1.533713666605947,53.390106106493135,Liberty Drive/Long Lane
-2.1170938780931747,53.45566006533318,-2.1155636221158973,53.45670723446275,"Denton, Manchester Road / Crown Point (Stop C)"
-2.114253708255034,53.26790350269175,-2.112754491994324,53.268802297273,"Hurdsfield, Brocklehurst Avenue / Shops"
-1.7440759553497525,53.39982586242217,-1.7423538388566697,53.400737237673226,Fairholmes
-1.5553558028303225,53.36730839950978,-1.5538533975784408,53.368207000453175,Crimicar Lane/Opp No 207
-2.0926789110679542,53.4163126165889,-2.091174489189635,53.41721138337587,"Romiley, westbound Sunfield"
-2.0029640180248434,53.42588529337548,-2.000909677497345,53.42708880640298,"Chisworth, Marple Road / opposite Holehouse"
-2.055195521801711,53.46287254103064,-2.053660978963559,53.46393995878883,Talbot Road/Bay Horse
-2.0153894639956986,53.39275218387136,-2.013808933210701,53.3937090160988,"Mellor, Moor End Road / Moor End"
-2.146161492976393,53.378695000818404,-2.14448330542472,53.37959979920769,"Bramhall Green, Ringmore Road / near Hexworth Walk"
-1.9742869823829496,53.44668182673716,-1.9723042244160167,53.44763357376629,"Dinting Vale, Dinting Vale / opposite Glossop Road"
-1.564811359041393,53.37228131645604,-1.5630729456076962,53.37322128226171,Redmires Road/Blackbrook Road
-2.0385182596155644,53.45124436938597,-2.036186733548471,53.45223193146512,Underwood Road/Honiton Avenue
-1.9728366613951247,53.471584036666684,-1.9713303388973669,53.47248276329779,New Road
-2.060265739954058,53.464026399161234,-2.058460564909308,53.46497799934256,Talbot Road/Clarence Hotel
-2.0776640467648866,53.4637821220654,-2.0761579534976713,53.464680877899355,"Flowery Field, Ashton Road / near Markham Street"
-1.9048364655959065,53.3241860679224,-1.9026875432298072,53.3255145322372,"Chapel en le Frith, Buxton Road / adjacent Netherfield Road"
-2.1207709670325543,53.23484581902304,-2.119262233747208,53.23585638090324,"Lyme Green, Robin Lane / Leek Old Road"
-1.581156910384744,53.404212143585774,-1.579551889467926,53.40516295632169,Yews Lane/Yews Fold
-2.1230415268638265,53.24760715479454,-2.1214993735639047,53.2487025448804,"Macclesfield, Cross Street / Sutton Close"
-2.123517505500598,53.285495672257554,-2.1220106977396136,53.28659562769257,"Bollington, Bollington Road / Clarke Lane"
-1.5157490899705184,53.37317627022616,-1.5129795983153078,53.37426823161885,Fulwood Road/Endcliffe Vale Road
-2.032585073446254,53.35434291782503,-2.0309345240348247,53.35533968216578,"Disley, Buxton Old Road / Elizabeth Avenue"
-2.0967303486709388,53.297361800988526,-2.094652760168963,53.298342499784475,"Bollington, Palmerston Street / High Street"
-2.1287474875971557,53.24677240676775,-2.1271496117707644,53.247960092478706,"Macclesfield, Coppice Rise / Fir Grove"
-1.9250293204652609,53.256914279138606,-1.9233670788680124,53.25790212074889,"Buxton, St Johns Road / Park Road"
-1.966714273022768,53.44405803544859,-1.9652089272710032,53.44495676451584,"Dinting Vale, High Street West / opposite The Junction"
-2.0547488038807176,53.48105211002698,-2.0528600909243795,53.482199490003076,"Stalybridge, Acres Lane / Park Street (Stop F)"
-2.0774617837816245,53.39521158139623,-2.0756097402313523,53.3968713858504,Rose Hill Marple
-1.5089968411346455,53.359000408208395,-1.5074947592870136,53.35989899175435,Ecclesall Road South/Brincliffe Edge Road
-2.112242456223666,53.26937410925943,-2.110677236126455,53.27039059053928,"Hurdsfield, Hulley Road / Delamere Drive"
-2.0856610449012516,53.43310709554797,-2.083313946667364,53.4345009043012,"Hyde, Stockport Road / opposite Bluebell Centre"
-2.0049549416537067,53.45874613124247,-2.0034490586294407,53.459644868722066,Mottram Moor/Fern Cottages
-1.5932062763467512,53.39430505088292,-1.5915784228384369,53.39526094893584,Game Lane/Beeton Green
-1.9892878204135618,53.45846024853729,-1.9864128752623116,53.4594372521854,Wooley Lane/Wooley Close
-1.879005957693029,53.296662637238406,-1.877505842622983,53.29756136272572,"Dove Holes, Dale Road / adjacent Quarry"
-1.623659960813436,53.316639960952,-1.6220699452632574,53.317525138845326,Surprise View
-2.151436928289048,53.25482859205546,-2.149595467014169,53.255951707968336,"Weston, Ivy Road / St John's School"
-1.6148185101440315,53.31538648404329,-1.613317890246771,53.3162851159199,Longshaw (Granby Wood)
-2.1281773855624175,53.42800294128751,-2.1266539139608476,53.42903885856203,"Brinnington, Lingard Lane / near Essex Road"
-1.6836904048690928,53.21695407090947,-1.6816303882953234,53.217918729703065,Bakewell (Lumford Mill)
-2.0594406679441803,53.45196118887237,-2.057550531682973,53.453017210533126,Sheffield Brow/Vale Avenue
-2.1450739769666995,53.35044797662187,-2.1417989475551096,53.35154881565594,"Poynton, Chester Road / Tern Drive"
-2.162050948144132,53.26843481497067,-2.159001640761062,53.27063291500917,"Upton Priory, Priory Lane / Fallibroome High School"
-1.8933845506086766,53.23313943022612,-1.8918866497021647,53.23403816973803,"Rail Bridge, Burlow"
-1.6756042818520593,53.28348133209878,-1.6740394123578335,53.28436136769113,Eyam (Church)
-2.163147278263078,53.257829704583685,-2.15907209176536,53.260607813984315,"Broken Cross, Princes Way / Gawsworth Road"
-1.5247624584386723,53.32067256927745,-1.5232121347508696,53.32202803059604,Abbeydale Road Sth/West View Close
-1.9185452581873408,53.12813221315926,-1.9169822468999853,53.12901818582569,Grove House
-1.5492406541906907,53.37448677455851,-1.5476351496139478,53.37546712541111,Redmires Road/Hallam Grange Road
-2.069237346547326,53.44125252143105,-2.067732053717287,53.44215127853368,"Hyde, Stockport Road / opposite Lilly Street"
-1.503283764564316,53.3637396844041,-1.5012901298466936,53.36494301556185,Psalter Lane/Stretton Road
-2.086079092627152,53.27217036781012,-2.0844252051425403,53.273123231738616,"Rainow, Rainow Road / Calrofold Lane"
-1.9829638175677697,53.336940824671366,-1.9814182778723526,53.338180275197494,"Whaley Bridge, Buxton Road / opposite Bridgemont"
-1.5114907254121963,53.335056179758965,-1.5080734362738737,53.337324676493786,Abbeydale Road South/Abbey Lane
-2.0817083902246205,53.45158122279176,-2.0781947525253295,53.45339888506567,Hyde Bus Station
-1.602276895586347,53.31777092554659,-1.6001200367949815,53.31921671857383,Owler Bar Road/Hathersage Road
-1.663922960522355,53.38500670834708,-1.6624097389609334,53.386010991562756,Ashopton/Strines Turn
-1.6014550011939592,53.16665155986457,-1.598845600079538,53.16795633828674,Grouse Inn
-1.561990059913122,53.29769278413903,-1.5587478361273455,53.298673816569014,Owler Bar (Peacock Hotel)
-1.773645647200644,53.27299431181868,-1.7720863586588196,53.273873487920056,Tideswell (Buxton Road)
-1.8341399850974558,53.1491930162838,-1.8326263111983132,53.150084383261344,Post Office
-2.068021480285209,53.39122569276693,-2.0662319169693846,53.39265580557559,"Marple, Hibbert Lane /outside Brindley Avenue"
-2.1198298548795433,53.35348259927842,-2.11805954397471,53.354389200760814,"Poynton, London Road North / Vicarage Lane"
-2.0953452469838565,53.46847000404056,-2.0925172985713343,53.46990399102634,"Newton Wood, Globe Lane / near Broadway"
-2.1316209653038625,53.4002953129731,-2.1280617024515056,53.401902844453524,"Offerton, Offerton Lane / opposite Offerton Fold"
-2.151499816363627,53.259501990881354,-2.146704187604123,53.26048601010509,"Macclesfield, Chester Road / Ivy Road"
-2.0837679113501664,53.42142212264139,-2.0818941982356725,53.42264767759574,"Greave, Greave / opposite Foresters Arms"
-2.1337908347556,53.28062520130934,-2.1322911654884393,53.281523998655494,"Tytherington, Dorchester Way / Tytherington Club"
-2.1218178234205314,53.34853400788828,-2.120315776827834,53.34943279207654,"Poynton, Park Lane / St George's Church"
-1.9512216654589565,53.40385435675798,-1.949625167766051,53.40476956869882,Tom Heys
-2.1055709183174884,53.376857312008525,-2.1040678819358756,53.37775608795628,"Torkington, Chepstow Drive / near Highfield Road"
-2.0387075195055675,53.35897693648284,-2.036835178678938,53.35989096362989,"Disley, Market Street / Dandy Cock PH"
-1.749903391820634,53.3040084590203,-1.7483271048098186,53.30490244090681,Little Hucklow (Village)
-1.805166006489051,53.34615715271139,-1.8036641938487006,53.347055847252506,Blue John Cavern
-2.027359672042287,53.453756310715924,-2.02549862664682,53.454831388969296,Mottram Road/Stockport Road
-2.086007046879728,53.39574051586443,-2.084503353379448,53.39663928410034,"Rose Hill, Stockport Road / near Marina Drive"
-1.5339084911664012,53.378417704629776,-1.5324057092486811,53.37931629533311,Coldwell Lane/Westover Road
-1.545521630211666,53.39744710374583,-1.5440181702005793,53.398345696217106,Acorn Drive/Robin Hood Chase
-1.9529612875396054,53.39786150428992,-1.9501351801813185,53.399799185610775,Brookhouses
-2.149298177989565,53.247549902643264,-2.1475684761378724,53.2493428081203,"Weston, Thornton Avenue / Thornton Square"
-2.124785349522076,53.34500653252299,-2.1227314739621708,53.34683250865807,"Poynton, London Road South / Johnson Cleaners Ltd"
-1.4992942201053696,53.36375703547052,-1.4962970014782715,53.36579921556315,Psalter Lane/Kingfield Road
-2.084703085049512,53.47359308505267,-2.083060816430705,53.47457271491298,"Dukinfield, Boyds Walk / corner Armadale Road"
-2.0190762061129184,53.366741545197115,-2.0174923974555465,53.36765585421913,"Hague Bar, Hague Bar Road / opposite White Gate House"
-2.118403767004076,53.44187317646234,-2.116217115898586,53.443441224238754,"Denton, Stockport Road / near Wakeling Road"
-1.9597908658942889,53.44293915534767,-1.958024334438614,53.44396204439151,"Glossop, High Street West / adjacent Sunlaws Street"
-2.0392167338606453,53.44694165093744,-2.037016663620491,53.44815654829559,Fields Farm Road/Waterside
-1.5237955483379855,53.28502099959401,-1.5222960520777422,53.28591960036881,
-2.131076149989572,53.25293749953283,-2.1295774502548475,53.253836300432,"Macclesfield, Park Lane / Park Road"
-2.1130903923233033,53.46028951740649,-2.1115844079291297,53.461188282558375,"Denton, eastbound Tame Street"
-1.5192940777965254,53.36823900046654,-1.517656914964919,53.36913139943856,Rustlings Road/Oakbrook Road
-2.09544840786055,53.312912262491245,-2.0939806956489613,53.313836536976005,"Pott Shrigley, Shrigley Road / Long Lane"
-1.6664835342917848,53.14465770115176,-1.66501187192346,53.145578698407704,
-1.5508565879776806,53.39494960249504,-1.5493532124329983,53.39584819746792,Acorn Drive/Spoon Glade
-2.1241321920394327,53.380830610056414,-2.122629008208733,53.381729389908436,"Hazel Grove, London Road / near Commercial Road"
-2.146050739291655,53.37190700678074,-2.144547860950187,53.372805793184156,Jacksons Lane/Bramhall Moor Lane
-1.9483885276763415,53.31641698954891,-1.9468902740522,53.317374910201394,"Turnstead Milton, westbound Tom Lane"
-2.1038768491411544,53.3463639800768,-2.1023329486257616,53.34750641973707,"Newtown, Coppice Road / Hepley Road"
-1.7495052445709505,53.232209375233616,-1.7455418765631339,53.23355472924954,White Lodge Car Park
-1.6919606578170863,53.34511974951293,-1.6900453289503348,53.34646765086891,Bamford (Victoria Road)
-2.0377896727562748,53.44540274337806,-2.035068236250906,53.44644265807123,"Hattersley, Hattersley Road West / Beaver Walk (Stop D)"
-2.1730624482601115,53.258730400207575,-2.1715451512302706,53.25976649964659,"Henbury, Chelford Road / Cock Inn PH"
-1.7043605237308943,53.34128544609523,-1.7028433822508597,53.34223145360406,Bamford (Thornhill Lane)
-1.7449149071669519,53.215745152944194,-1.7434176931851904,53.21664384701946,Rose Farm
-1.586014957745539,53.26151638548673,-1.5845162426521582,53.26241501447633,Baslow (Bar Brook Bridge)
-2.10686562119838,53.454065182460276,-2.1051875818939667,53.45501401685091,"Denton, eastbound Fir Road"
-1.907708729039378,53.24255636196823,-1.9060430606885368,53.24419263764553,Trent Avenue
-2.0728924991031263,53.477243973044374,-2.071274992316471,53.47830802683966,"Dukinfield, High Street / near Pine Road"
-2.0681624514177863,53.44683514383556,-2.066581454926314,53.4477159559206,Mansfield Road/Welbeck Road
-2.0309089129444975,53.35325132039776,-2.029303287208462,53.35442827875884,"Higher Disley, Buxton Old Road / Methodist Church"
-1.9738994271136427,53.37609414459747,-1.9713260679349218,53.37707165614092,"Birch Vale, westbound Hayfield Road"
-1.706867394307422,53.24345637337116,-1.7052917085255874,53.2444130265925,Great Longstone (Moor Road)
-1.9576511731182105,53.379461690186545,-1.9561478257814642,53.38041660967297,"Hayfield, New Mills Road /adjacent Quarry"
-1.5533945658938066,53.30829399542805,-1.5518942345141362,53.30919260453487,Gillfield Wood Terminus/Baslow Road
-2.047926022671391,53.406388217211635,-2.0457020748749706,53.407319883069555,"Cote Green, Glossop Road"
-2.068978370496633,53.476524424133245,-2.067471829768585,53.4774231758315,Cheetham Hill Road/Mostyn Street
-2.1170030310536982,53.4358874910438,-2.1155084614649393,53.43684400853711,"Castle Hill, Ashton Road / outside Arden Arms"
-2.08003732126499,53.47601262331885,-2.077202234783737,53.47721937585958,"Dukinfield, Oxford Road / opposite Lodge Lane"
-2.1680376977302767,53.262659370927736,-2.166497103615366,53.26377122885515,"Broken Cross, St Austell Avenue / Newquay Drive"
-1.5290338198848659,53.38014230574164,-1.527530980531635,53.38104089422123,Manchester Road/Barnfield Road
-1.5190054722832456,53.35658507294827,-1.5163950311929102,53.35778012390852,Ringinglow Road/Edale Road
-2.1630064652269376,53.25473096968661,-2.1612162446177945,53.25643652951699,"Weston, Gawsworth Road / Bostock Road"
-2.062688948255328,53.39042451842171,-2.0611854520103736,53.39132328154299,Waterside/Waterside Avenue
-1.6046233016882856,53.317105814459396,-1.6026052010180794,53.31816208408526,Longshaw (Lodge)
-1.5330378224550463,53.3153620844144,-1.5313548840346336,53.31642721561236,Baslow Road/Mickley Lane
-1.5484163846495462,53.37208980124938,-1.5469138157612896,53.37298839871356,Hallam Grange Road
-2.1450602806302634,53.38562520793582,-2.1435569196120485,53.38652399202909,Crossway/Moorland Road
-1.5360946194256833,53.314346008362755,-1.53458538276762,53.31539729158986,Baslow Road/Main Avenue
-1.8629064095628414,53.28844243910755,-1.8614065907575534,53.28934116085652,Small Knowle End
-1.5607406696511381,53.37227784626293,-1.5583010310832426,53.373494651727874,Redmires Road/Worcester Road
-2.081872244720627,53.27676599505198,-2.080203751744918,53.277704704177864,"Rainow, Hawkins Lane / The Rising Sun"
-1.641803845112375,53.141178168796294,-1.639733463020121,53.142153231930806,Hall
-2.123051072015953,53.46467911653399,-2.1215449282337118,53.46557788343088,"Audenshaw, Corporation Road / outside Hawthorns School"
-1.5302671013339588,53.24042197431454,-1.5287582063308738,53.24139772527778,Wigley
-2.1512113731222287,53.26314369292154,-2.149504223770215,53.26417870707737,"Upton Priory, Victoria Road / Pavilion Way"
-2.1165174095897914,53.37591305664419,-2.113801502581572,53.37835703241741,"Hazel Grove, London Road / Norbury Church (Stop B)"
-1.954031445776934,53.4429273465027,-1.9511663646173985,53.44399755525844,"Glossop, High Street West / opposite Arundel Street"
-1.9855461271568784,53.325499761090676,-1.9840229611095945,53.32708823881633,"Whaley Bridge, Buxton Road / opposite Primary School"
-2.0440493198575673,53.44005082459836,-2.04254408041418,53.440949575366304,Mottram Old Road
-1.517706078469003,53.291935204233,-1.515998120063085,53.29291529534787,Telephone Exchange
-2.1366879033816986,53.275480300538696,-2.135009397979938,53.27676889831405,"Tytherington, Dorchester Way / Sandwich Drive"
-2.0725444075623183,53.46232657407988,-2.070442587673225,53.46327572639034,Talbot Road/St. Marys Road
-1.8865838890973623,53.30929632166942,-1.8850418160545306,53.310174977375176,"Dove Holes, Higher Hallsteads / adjacent Platting Farm"
-1.8879568601892234,53.27954153457031,-1.8864573401239622,53.28044026539386,"Fairfield, Batham Gate Road / adjacent Waterswallows Lane"
-2.1578297853721846,53.288959799125195,-2.1563298148652006,53.289858600839736,"Prestbury, Castle Hill / Castlegate"
-1.6994033928258614,53.360104056578415,-1.6978337090507132,53.36120114229098,Yorkshire Bridge/Lydgate Lane
-1.515273329313311,53.36796744449507,-1.5128634745969731,53.368919556080044,Rustlings Road/Wragby Road
-2.059414904743249,53.39500286727444,-2.057543289126794,53.396161132822364,"Marple, Oldknow Road / near St Martins Road"
-2.0934624884511956,53.29814043260424,-2.0915301995183353,53.299122343481244,"Bollington, Palmerston Street / Cotton Tree"
-1.6748383661077946,53.27811536862048,-1.6733407324785425,53.279070631200376,Stoney Middleton The Dale
-1.5719944485467503,53.39527320742914,-1.5704976536650233,53.3962301922283,Brookside Bank Road/Brookside Lane
-1.5235700573744866,53.37669590658442,-1.5220673430434823,53.37759449337841,Watt Lane/Darwin Lane
-2.1301934213832405,53.36210740895453,-2.1287291748054007,53.36303829036217,"Poynton, Woodford Road / Mill Hill Avenue"
-1.9349230150486552,53.252699430729535,-1.9332567773736744,53.25377976928415,"Burbage, Macclesfield Road / Burbage Way"
-2.035443206031449,53.47015984793837,-2.0339618977117615,53.471115551211625,Mottram Road/Woodend Lane
-1.7313791516789285,53.27633248404621,-1.7282842440512347,53.27760649039393,Wardlow Mires
-2.0637072566847556,53.44366973554532,-2.0621891429746433,53.444674964287074,Grange Road South/Wild Clough
-2.0008642402388706,53.24354598638759,-1.9989826603901835,53.2444498136477,Cat & Fiddle PH
-1.7984538158196133,53.23830904563944,-1.796955784517958,53.239207754324404,Hollow O The Moor
-2.0276717640264046,53.36756679701907,-2.0258372434232688,53.36850070327887,"Hague Bar, Lower Hague / adjacent Primary School"
-2.089719328866268,53.46262732046327,-2.088213271392845,53.46352607950153,"Flowery Field, Dukinfield Road / near Broadway"
-1.5382178039080412,53.32215479950364,-1.5367169965045022,53.32305340045922,"Totley Brook, nr King Ecgbert Road"
-1.6724557882308477,53.22551574786052,-1.6707972120523005,53.226497252015065,"Bakewell, Baslow Road / Pineapple Farm"
-2.0913717905796094,53.45136987437493,-2.0898275057112756,53.45256172549704,Mill Lane/Layton Avenue
-1.6772647084017307,53.21280116314276,-1.6737629226678665,53.214019238674716,Square (Stand B)
-1.5255638224793757,53.38035620645833,-1.5240609779381151,53.3812547935045,Manchester Road/Den Bank Drive
-2.113899425110038,53.37146541058335,-2.112396575140891,53.37236418938148,"Hazel Grove, Macclesfield Road / opposite Chatsworth Road"
-1.5768815650858836,53.398588071571666,-1.5747795333055419,53.39950742857516,Rye Lane/Hill Top Road
-2.082869800893219,53.46908604674995,-2.0806795683855457,53.470162418618315,Dewsnap Lane/Armadale Road
-2.123690439674693,53.389217710744674,-2.122186960573718,53.39011648922018,"Offerton, Blackstone Road / near Blazemoss Road"
-1.8894796354197447,53.293698037882564,-1.8877353662943335,53.2946057621834,"Dove Holes, Buxton Road / adjacent Lower Bibbington"
-1.9897209237888285,53.347419685766525,-1.987170349904086,53.34933022457199,"Furness Vale, Buxton Road / opposite Primary School"
-1.650801416282996,53.319875881225876,-1.6489185844425953,53.32094871836896,Leadmill (The Plough)
-2.1165193686108896,53.46639368344669,-2.1142498166779577,53.46796602303899,Denton Road/Stamford Road (Stop D)
-2.057949646521093,53.46412430761484,-2.0561826581006057,53.46507109106025,Talbot Road/Industrial Estate
-1.7102517324942763,53.22350995958002,-1.7087542678677388,53.22440864038351,Fennel Street
-1.5456280897479666,53.33523180681382,-1.543510510352251,53.33613139311793,Hathersage Road/Cross Lane
-2.1561977907443604,53.25719097351271,-2.1543562995394425,53.258412926715096,"Weston, Earlsway / Wilwick Lane"
-2.067754654958361,53.26014869126902,-2.0662371456085094,53.26118430860117,"Walker Barn, Buxton New Road / The Setter Dog"
-2.154934362049187,53.30013806551851,-2.1532070325301254,53.301050934588474,"Prestbury, Butley Lanes / Plant House Farm"
-1.6324734627817976,53.232742740896754,-1.6308778428162487,53.23374205901561,"Edensor, B6048 / Cuttings"
-2.0768652457770513,53.447171838685456,-2.0753160538707514,53.44826766095524,"Hyde, Market Street / outside Shepherds Call"
-2.041972023702495,53.44029422488938,-2.0404667765698443,53.441192975075296,Mottram Old Road/Greenside Cattery
-1.5341621093771443,53.33963540164171,-1.5326606910369527,53.340533998321156,Whirlow Bridge/Whinfell Court
-1.9409792146469649,53.4467624393447,-1.939473785654163,53.44766116061965,Manor Station
-2.079859814437807,53.46192902164779,-2.078353785824099,53.46282777831698,"Flowery Field, Bennet Street / near Pine Street"
-1.5227762208088824,53.32253493475755,-1.5212304803239682,53.32361136457121,Abbeydale Road Sth/Abbeydale Park Rise
-2.1096171994304225,53.26549820883502,-2.1067545728162425,53.26668103470602,"Hurdsfield, Hurdsfield Road / Delamere Drive"
-1.6910782994477147,53.33813624196845,-1.6871501547325631,53.339712025585165,1
-2.066020325831074,53.444095007686315,-2.0644849821905766,53.44547859223511,Grange Road South/Hyde Hospital
-1.6448752313033297,53.26961441158451,-1.642604071643227,53.27107539159707,Calver Crossroads
-2.1157683073924005,53.3396927590315,-2.1142799899159552,53.34065014051307,"Midway, Vernon Road / Micawber Road"
-2.1527277941784555,53.34716900253416,-2.151026910514213,53.34809749627027,Chester Road/Walnut Tree Farm
-1.6532258072700659,53.32526758928765,-1.650889221900315,53.326530261392556,Hathersage
-2.1044509491320795,53.45497994650568,-2.10264725131891,53.455881653502715,"Denton, eastbound Linden Road"
-1.7311051040344212,53.345301094443094,-1.7283588706211523,53.346735865682106,Platform 2
-2.016121976483686,53.45957414409423,-2.012986215914394,53.46175195371951,Roe Cross Road/Old Road
-2.102982479376311,53.413888787022756,-2.1013078212473224,53.414877612866555,"Bredbury, northbound Barrack Hill"
-2.029238812147127,53.42239602866835,-2.027663782393092,53.423710771135504,"Ernocroft, Glossop Road / opposite Rock Tarven"
-1.5676645651171661,53.37964613539384,-1.5657708878921837,53.38077761811349,Manchester Road/Rivelin Valley Road
-1.5977641298614191,53.417849289821994,-1.596206774038623,53.41875120957965,New Road/New Wood
-1.665757902874824,53.20309172582821,-1.6640229964672668,53.20409327382026,Haddon House Farm
-2.10571709346276,53.46815026375538,-2.1032883913543237,53.469745036745245,"Hooley Hill, Ashton Street / near Shepley Industrial Estate"
-1.8685140741034554,53.2001775257196,-1.8668567346907743,53.20127777423734,Main Road
-2.082776442611384,53.274160203993944,-2.0812214663817885,53.2751997956948,"Rainow, Hawkins Lane / Mount Pleasant"
-1.953073622251615,53.37799692306494,-1.9508856831359027,53.37926357667108,"Hayfield, New Mills Road /adjacent The Birches"
-2.159434453671053,53.25283119620055,-2.1579357465653937,53.25373000376436,"Weston, Earlsway / Kendal Road"
-2.113140432478247,53.29030679684787,-2.1115865605306325,53.291301202943266,"Bollington Cross, South West Avenue / East Avenue"
-2.1667033925198584,53.25974643994724,-2.165028301205151,53.26080766008579,"Broken Cross, Whirley Road / Jasmine Avenue"
-1.958175915949468,53.336975812701226,-1.9566940781361915,53.337895286932785,"Jane Lane, Rosey Bank"
-2.031045809074905,53.420582160206514,-2.0294552883405137,53.42150783942613,"Ernocroft, Glossop Road / outside Woodheys"
-1.610224886671827,53.17652765197477,-1.6087258163842157,53.17752684712587,Northwood Lane
-1.5222548194867191,53.35832807034978,-1.5205272786383812,53.359680428209224,High Storrs Road/Huntley Grove
-2.128286597726918,53.232778877784725,-2.126536601082189,53.23368532225317,"Lyme Green, London Road / Gawend Lane"
-2.1317631464871822,53.397071965161466,-2.129981254621964,53.398083634306644,"Offerton, Hillcrest Road / near Broadway"
-2.1090075543103266,53.33976667425498,-2.1073722431992157,53.340755025735774,"Wardsend, Dickens Lane / Siddington Road"
-2.0607880332454918,53.385921979569,-2.0591643655364598,53.38689282038734,"Hawk Green, Church Lane / opposite Ridge Avenue"
-2.069422420924033,53.46242092300943,-2.0679163793408484,53.4633196769553,Talbot Road/Hallbottom Gate Inn
-1.9335149695008151,53.449968140674954,-1.9320094308024869,53.45086685928939,Bus Terminus
-1.5751552300372165,53.39688219785491,-1.5736517703666277,53.39778080210814,Brookside Bank Road/Lee Moor Lane
-1.9079676351272352,53.12281311965521,-1.9064735651776001,53.12371188030895,Townhead Farm
-2.067337974792963,53.3634734157844,-2.0658354254710165,53.36437218418031,"High Lane, Buxton Road / near Andrews Lane"
-2.1367858161847217,53.34956815796039,-2.133354029043881,53.35130269608388,"Poynton, Railway Station"
-2.079427112404713,53.435777892868295,-2.077282834662918,53.43747617963393,Stockport Road/Apethorn Lane
-2.033830149013897,53.44712989376713,-2.03201424543712,53.4482501063132,Fields Farm Road/High School
-1.873956092851399,53.124759454031725,-1.872263207668936,53.1257504456784,Post Office
-1.5223228749606084,53.36178676221646,-1.5189503861195557,53.364945975338586,High Storrs Road/Greystones Cliffe
-2.0317572340014256,53.44489215666357,-2.0298728522629257,53.44662024541211,Chapman Road/Hattersley Road East
-2.1369441961783555,53.35791331172916,-2.135489199688908,53.35883558750752,"Poynton, Woodford Road / Woodford Road Garage"
-1.7476933800920802,53.2542548553872,-1.7461948202600532,53.25515354457645,Cressbrook (Phone Box)
-2.1235271846792525,53.2835940027609,-2.1220274155677163,53.28449279720394,"Tytherington, Springwood Way / Premier Inn"
-2.0764490452654756,53.475009823068724,-2.074942554997595,53.475908576896046,Lodge Lane/Westmorland Avenue
-2.079158624117446,53.36915714386923,-2.0774186749455374,53.37018005595257,"Windlehurst, Windlehurst Road / near Keswick Road"
-2.016433516294761,53.454743094350334,-2.014649879625036,53.45621240426226,"Hattersley, John Kennedy Road / near John Kennedy Garden"
-2.0871901433708415,53.45217121998814,-2.085684456888837,53.45306997997664,"Hyde, Manchester Road / Robert Street (Stop A)"
-1.819351756999453,53.241891833565354,-1.817856846208705,53.2428808655501,Blackwell Turn
-2.0785221448323545,53.43908061861334,-2.075737654265462,53.43999798149137,Knott Lane/The Apethorn
-2.0272830774217914,53.450897590795435,-2.025195216539281,53.45185650977144,"Hattersley, Underwood Road / near Melandra Crescent"
-2.0381409587959674,53.370667365314524,-2.0360794477512294,53.37162683527517,"Woodend, Strines Road / Woodend Farm"
-2.118028900590409,53.46240082760638,-2.11649269138507,53.46339887208013,Ashton Road/Hartford Street
-2.0847914436972617,53.42461958008112,-2.0832164592533564,53.425829519656666,"Greave, Werneth Road / near Oxford Drive"
-1.9802517810836127,53.37518053374992,-1.977939517145102,53.376105966458205,"Birch Vale, Hayfield Road / opposite The Vine"
-2.0256873475909085,53.44750772759275,-2.0241818526861715,53.44840647237186,Stockport Road/Beaufort Road
-2.01349602010794,53.45764347727973,-2.010181338599935,53.4594319964103,Stalybridge Rd/Mottram Junction (Stop A)
-2.119488446279742,53.45144534046094,-2.117803858014967,53.452476459566704,"Denton, southbound Shoecroft Avenue"
-2.114530374462846,53.421709992378894,-2.1127804320765082,53.42323740677819,"Bredbury, Lower Bents Lane / Social Club (Stop C)"
-1.5572474298328878,53.35006610075899,-1.555617872203405,53.3510457992274,Ringinglow Road/Hangram Lane
-2.106437770150013,53.41205399369788,-2.104517619286165,53.41483375294678,Harrytown/Werneth School
-1.8517461979721215,53.21425569459572,-1.850265794286844,53.21521630495722,"Sterndale Moor, Main Road"
-1.6077142766033172,53.320840971793785,-1.6061328269850605,53.321755027614174,Hathersage Road/Burbage Bridge
-2.0196185719856072,53.425315506266585,-2.0180433308165706,53.426267293692106,"Chisworth, Glossop Road / adjacent County Boundary Houses"
-2.132473162745948,53.38475090935623,-2.1309698374999138,53.38564969060865,"Stepping Hill, Poplar Grove / Stepping Hill Hospital (Stop E)"
-2.050408472808712,53.2093636062861,-2.048911327457708,53.210262393678505,"Wildboarclough, Nabs Road / Lower Nabs Farm"
-2.1303312643112484,53.32032963745777,-2.128814737149652,53.32134576211199,"Adlington, Brookledge Lane / Wych Lane"
-1.522616314894921,53.37998200702632,-1.521113485523393,53.3808805929365,Manchester Road/Benty Lane
-2.1406373175565854,53.401132205006846,-2.1386547878107773,53.40211729288665,"Offerton, Hempshaw Lane / outside Stockport Lads' Club"
-2.0383443865060324,53.39239513987611,-2.036618415672493,53.39337295951227,"Mellor, Longhurst Lane / outside Sports Club"
-2.1211685656602177,53.39072141116203,-2.1196650345889285,53.39162018880278,"Offerton, Mallowdale Road / outside Tenants Club"
-2.062223980130458,53.36118592689178,-2.0598839393118604,53.36288117399142,"High Lane, Buxton Road / near Alders Road"
-2.0410095590992086,53.44405663427766,-2.0374690102554096,53.4457106577906,Hattersley
-2.0928467622949625,53.343541876558376,-2.0913248376707454,53.344573723246015,"Higher Poynton, Coppice Road / Green Lane"
-2.1555236025437017,53.2499481964338,-2.154024997693805,53.25084700353109,"Weston, Warwick Road / Warwick Close"
-1.9957917243344099,53.15555440951893,-1.9942964759464594,53.156453190445475,
-1.593366666638321,53.415590725914385,-1.5916723292201873,53.416628374116314,Low Bradfield/New Road
-1.9882810667845758,53.44288828560465,-1.9865937254757722,53.44397811442916,"Gamesley, Glossop Road / adjacent Railway Bridge"
-2.08179589865775,53.3655875121339,-2.0797269007649257,53.36669628683977,"High Lane, Buxton Road / near Royal Oak"
-2.0569616703506717,53.39174861926036,-2.0554581299166728,53.39264738070434,"Marple, Strines Road / outside Bleak House"
-2.1178648010474226,53.34800829005309,-2.116381901920409,53.348953109468425,"Poynton, Park Lane / Waitrose"
-2.114940686408362,53.45630958272347,-2.1134337206192413,53.457603917213504,"Denton, Ashton Road / Manchester Road (Stop A)"
-2.0789522595381973,53.46596394329075,-2.0770625501879545,53.46719875695895,"Dukinfield, Birch Lane / opposite Cheetham Hill Road"
-1.5138440192271674,53.31711351282555,-1.512146380951593,53.31810748692911,Prospect Road/St Quentin Drive
-1.7634444680011063,53.28254138112586,-1.7607653953843543,53.283946748221005,Tideswell (Anchor Inn)
-2.017251376368539,53.4519710601088,-2.015621722670599,53.452925839690444,Ashworth Lane/Gray Close
-2.1064414260074398,53.371602811503806,-2.104938574245601,53.37250158846099,"Hazel Grove, Buxton Road / outside Hazel Grove Golf Club"
-2.121712586960246,53.45547405394122,-2.1182235895331485,53.45679846278276,Ruby Street/Manchester Road
-1.6279353458747456,53.25694834780464,-1.6259502610786454,53.258172152315616,Baslow (Stanton Ford)
-1.945967359091611,53.339389764010214,-1.9427414710443287,53.34092393217869,Chinley
-2.1287821604128685,53.27779471678476,-2.1255902026197404,53.27870842163302,"Tytherington, Manchester Road / Marlborough Drive"
-2.164099499983582,53.26298764345511,-2.1623614945821505,53.2639024566708,"Broken Cross, Redruth Avenue / St Austell Avenue"
-1.8732099500320445,53.22421357762931,-1.8703919011197403,53.225302336326,"Brierlow Bar, A515 / Bookstore"
-1.9408202582663905,53.25008662446811,-1.9393217420314264,53.25098537549618,"Burbage, Anncroft Road"
-2.0957231134629537,53.239633839840735,-2.094210385727812,53.240645659900665,"Langley, Langley Road / Brighton Crescent"
-2.0636705593090476,53.393957121535955,-2.061879880971215,53.39498961149439,"Marple, Stockport Road / Navigation (Stop A)"
-2.1582706180161235,53.27414509621519,-2.156567185888847,53.27505440385382,"Upton Priory, Macclesfield Road / Lanes End Cottage"
-2.10224186090838,53.394975969571995,-2.1002369421837406,53.39590383071033,"Offerton Green, Marple Road / opposite Marple Old Road"
-2.118586942771641,53.37769572723534,-2.116990059237193,53.378909472289415,"Hazel Grove, London Road / opposite Chester Road"
-2.101546564897327,53.41922893907115,-2.099935727954561,53.42065946065778,George Lane/Millstone Close
-2.103288172106607,53.43870968381362,-2.101732926703508,53.43983641587787,"Haughton Green, Mancunian Road / opposite Haughton Green Terminus"
-2.101192587880222,53.41205963320358,-2.099547408744131,53.41296186680126,"Romiley, Gorsey Brow / near Hatherlow"
-2.077345732163688,53.36476007194286,-2.075828766387275,53.36577372765453,"High Lane, Buxton Road / outside Horse Shoe Inn"
-1.5401175341611872,53.38414640187723,-1.5382935630329873,53.38514029718201,Rivelin Valley Road/Tofts Lane
-1.6475386785379567,53.325459138193715,-1.6460033150119469,53.326327661482836,Hathersage (The Dale)
-1.5171412220172573,53.31789110343441,-1.5156405784011224,53.31878969652836,Prospect Road/Everard Avenue
-1.550972218481523,53.36828070045281,-1.549469781928499,53.369179299510115,Hallamshire Road/Barncliffe Road
-2.1083314704483236,53.446310316715056,-2.1063340761076605,53.44817691981301,"Haughton Green, Lancaster Road / outside The Cock"
-2.1252878613451736,53.39042951064465,-2.1237843389028,53.3913282893202,"Offerton, Blackstone Road / near Moseldene Road"
-1.5223968562591854,53.35391310509669,-1.5208949441585706,53.35481169486614,Knowle Lane/Haugh Lane
-2.1143935804621434,53.366821862053534,-2.1127367301488946,53.368451237654035,"Hazel Grove, Macclesfield Road / Fiveways"
-1.5572699936039964,53.37957701453521,-1.555755708122038,53.380618185409624,Manchester Road/Blackbrook Bridge
-1.9037941511925154,53.26164763081604,-1.9022952491159033,53.26254636914813,"Fairfield, Queens Road / opposite Windsor Road"
-2.1456890982063834,53.247487254979,-2.142712149784186,53.248781046407274,"Weston, Congleton Road / Thornton Avenue"
-2.1289076284625117,53.26889060100132,-2.1274083717827375,53.269789398963496,Tytherington High School
-2.0645200372081,53.47023716312419,-2.062434059990884,53.471167437150925,Yew Tree Lane/Lyne Edge Crescent
-2.0659798594855294,53.39328508638314,-2.06429423554342,53.39432891365412,"Marple, Hibbert Lane / outside Priory House"
-2.068472254219244,53.44759202691628,-2.0655440209150164,53.449175019662206,Grange Road North/Walker Lane
-1.7694968718355257,53.34639510249376,-1.7667793187118066,53.34744779898413,Castleton (Losehill Hall)
-2.1689498784982373,53.261172889030405,-2.167402524277693,53.262342710798784,"Broken Cross, Whirley Road / Newquay Drive"
-1.545073859472824,53.330992149628976,-1.5426941435746204,53.33226974939794,Causeway Head Road/Kerwin Road
-1.6021240750572874,53.16467787503664,-1.6006287253337308,53.16557652492648,
-1.5774081309218921,53.32295729181659,-1.5759072694796241,53.32385590814644,Hathersage Road/Blacka Moor
-1.9378073666703777,53.251556234668506,-1.9362578359762397,53.25249456527322,"Burbage, Macclesfield Old Road End"
-1.5078953375118367,53.36626060497305,-1.5045449165581444,53.36731828377178,Ecclesall Road/Rustlings Road
-1.7936951238046568,53.25601684776774,-1.7921964765345908,53.25691555219607,Old Station
-1.525897363120093,53.32006560182457,-1.5243966372958722,53.320964198138256,Totley Brook Road/Abbeydale Road Sth
-2.1232715692123194,53.272514226673856,-2.1215091863327418,53.274070102131056,"Tytherington, Badger Road / Tytherington Park Road"
-1.835312285839889,53.2245591386177,-1.8338147144870827,53.22545786134628,Post Office
-1.7415945403993642,53.326325661899574,-1.7400934599559341,53.327224338064084,Bradwell (Towngate)
-2.0711708149363712,53.44509852147563,-2.06966538532775,53.44599727848912,Stockport Road/Clarkes Arms
-2.1191063386616924,53.26326042704548,-2.1168038619563148,53.26444157131511,"Hurdsfield, Hurdsfield Road / Co-op"
-2.1160887275101614,53.34766388699299,-2.1145805730720144,53.34864041286778,"Poynton, Park Lane / Clumber Road"
-2.12285984805505,53.374726542786114,-2.1211093959345937,53.37575367179065,Chester Road/The Pines
-1.7843876033020913,53.23569348576228,-1.782888697475866,53.236636814140255,
-1.6540150856335896,53.38726408214982,-1.652511914747724,53.38816271781356,Manchester Road/Moscar Lodge
-2.078042363862457,53.46474372209033,-2.0765362364000075,53.46564247787443,"Flowery Field, Ashton Road / near Gregory Street"
-1.6744771628358028,53.21683483757767,-1.6728258273939527,53.21795896238812,"Bakewell, Baslow Road / Castle Mount Crescent"
-2.1414433932419534,53.255763562619975,-2.1388506128235223,53.25669608214474,"Macclesfield, Oxford Road / All Hallows Catholic College"
-2.1536948120873927,53.279295738681526,-2.1521441836907633,53.280531561160856,"Prestbury, Macclesfield Road / Golf Club"
-1.7323555527667593,53.3377569817149,-1.730073148400276,53.338920116560324,Brough (Mill)
-2.0477347079611845,53.45276102617835,-2.0458718886944602,53.45375577265137,"Godley, Mottram Road / opposite Longlands Lodge"
-2.1346342949232815,53.252477742309345,-2.1321207261982544,53.25394091262869,"Macclesfield, Park Lane / Bond Street"
-1.5565140997910325,53.30663863256892,-1.5549904011856512,53.307696167303284,Baslow Road/Brickworks
-1.6272390292769798,53.249431334939004,-1.6257262599522229,53.25096376497584,Baslow (White Lodge Lane)
-1.7458188540456758,53.29684442940865,-1.7442490485400046,53.29776567023824,Windmill Great Hucklow Road
-2.0803556518226882,53.44171789143001,-2.0786259524900954,53.44266100742917,Waverley Road
-1.5354274367830665,53.38565733680917,-1.53316295490696,53.38665656414142,Rivelin Valley Road/Long Lane
-1.5038766540499957,53.3500972240058,-1.50189364784246,53.351013476171225,Springfield Road/Springfield Avenue
-1.963726199084334,53.337737327821465,-1.962224601208506,53.338636072142926,Dolly Lane
-2.1022149101667544,53.38779061324898,-2.1007114900877153,53.38868938671584,"Bosden Farm, Sanderling Road / near Offerton Road"
-1.9920390064003366,53.348667913946684,-1.9902871955568486,53.35003608455543,"Furness Vale, Buxton Road / adjacent Soldier Dick"
-2.1041827486567874,53.44306193518416,-2.1021992483508427,53.4442109645196,Mancunian Road/Trowbridge Road
-2.126813731191425,53.382521466751065,-2.1246476743872518,53.383784733037636,"Stepping Hill, London Road / opposite Brewers Green"
-1.8240018428184153,53.203798330158904,-1.8224805570219913,53.20484696961503,"Pomeroy, A515 / Duke of York"
-1.5574334816766375,53.3402004332811,-1.5558546149257877,53.34116256668125,Long Line/Barberfields Farm
-2.0742714841722765,53.45579598636746,-2.0727449178408808,53.45682421296534,Clarendon Road/Hyde College
-2.1467288348298283,53.291688142124436,-2.14432180895395,53.2948106398199,"Prestbury, Railway Station"
-2.0984910953118083,53.31694188691374,-2.0969806042019132,53.317943212999,"Pott Shrigley, Brookledge Lane / Normans Hall"
-1.912155726464116,53.25045844752124,-1.9105070739508485,53.25135875246707,"Buxton, London Road / Heath Grove"
-2.015687368132045,53.450747321055225,-2.0141582337216852,53.45183087884628,Broadbottom Road/Pearl Way
-2.1041105160817586,53.456083718185894,-2.1026046841731687,53.45698248177894,"Denton, Hyde Road / outside The Cottage"
-1.9628162196861358,53.20171561763755,-1.961319380604704,53.20261438232681,Flash C of E Primary School
-1.9855923654835375,53.44903743317525,-1.9840868348049545,53.449936166789236,"Gamesley, Melandra Castle Road /adjacent Hathersage Crescent"
-1.6851464354063448,53.206895962802086,-1.6836495649623617,53.20779463716135,Bakewell (Lady Manners School)
-1.8698845862392146,53.18046770745839,-1.8681455375444496,53.181649668488,Market Place
-1.9015298713154205,53.23420832907584,-1.900031928993155,53.23510707088833,
-2.1592607612732735,53.266643097327155,-2.157748236322523,53.2677257026054,"Upton Priory, Kennedy Avenue / Berkshire Close"
-2.0581056178147468,53.35952740535108,-2.055023978871256,53.3608348905162,"Disley, Buxton Road / Park Road"
-2.122072600459953,53.250205700404116,-2.1205739997869553,53.25110449956071,"Macclesfield, Cross Street / Byrons Lane"
-2.1569669565935943,53.259551639112786,-2.154773443958807,53.26070305952293,"Macclesfield, Chester Road / Maxfield Close"
-2.071770728734794,53.37669791689333,-2.070087763167927,53.37779458313357,"Windlehurst, Windlehurst Road / opposite Doodfiled Stores"
-1.8908938336058618,53.299180829935274,-1.8887531379694533,53.300826877037615,Dove Holes
-2.1021692027689296,53.44404251751336,-2.1006637974863724,53.444941282451474,Mancunian Road/Library
-1.9018184658284005,53.32531233593906,-1.9003173344816922,53.32621106402516,"Chapel en le Frith, Sheffield Road / adjacent Frith Knoll Road"
-1.5091071436482517,53.370512609057634,-1.5076046567736534,53.37141119090512,Endcliffe Vale Road/The Glade
-2.1239993412394185,53.397531425609486,-2.121501171346103,53.398605876093576,"Offerton, Marple Road / near Lisburne Lane"
-2.071508619444763,53.395201626417084,-2.0688921801296796,53.396109973599295,"Marple, Stockport Road / near Cross Lane"
-1.9717169748489107,53.44863518480126,-1.9686570862071484,53.450476077426195,Dinting
-2.030218678301193,53.450136302332965,-2.0273115588773183,53.45186874876355,Underwood Road/Thornbury Avenue
-1.5411270815529765,53.326524699252325,-1.5396261188588503,53.32742330071055,Devonshire Terrace Road/Leyfield Road
-2.114843679859063,53.25483290162894,-2.1133449203899435,53.255731698335815,"Macclesfield, Black Road / Bank Street"
-2.084605761585434,53.47018642167534,-2.0830994386752466,53.471085178289435,Inverness Road/Armadale Road
-1.5971148822365004,53.16462205797195,-1.5945408169413477,53.16586573977338,Broad Walk
-2.1222916724355074,53.37817884483246,-2.11907002230826,53.37990538003816,"Hazel Grove, London Road / near Queens Road"
-2.001855594875401,53.36252517789756,-1.9984784329228806,53.36389055333094,"New Mills, Church Road / NE-bound Queens Bridge"
-2.089173235492776,53.46998302487937,-2.087319203279278,53.47181490969327,"Dukinfield, Thorncliffe Avenue / near Denby Road"
-2.1058909008949107,53.3425202745852,-2.10413520356503,53.34343582554826,"Newtown, Waterloo Road / Sutton Road"
-2.10980917841131,53.4155124348684,-2.1082211196536655,53.416411865107264,"Bredbury, southbound Goyt Valley Road"
-2.1258779861558126,53.254193321334704,-2.12149372982495,53.256084746524074,"Macclesfield, Park Street / Lord Street Alighting Only"
-2.013706240091375,53.45365187403453,-2.0113271646414566,53.45581228252078,Ashworth Lane/Pack Horse Inn
-2.062710562594174,53.39146437856385,-2.061182237612589,53.39251252122987,"Marple, Church Lane/ outside Conservative Club"
-1.8376477967894238,53.4189340529739,-1.8361434035405246,53.41983274699014,Snake Woodlands
-2.1428375725603837,53.39086830859383,-2.141334027682629,53.39176709137109,Mile End Lane/Buxton Lane
-2.006165031113678,53.390161725885704,-2.0046615691680243,53.39106047407883,"Mellor, Moor End Lane / near Shiloh Road"
-2.1235339905479416,53.38184686953631,-2.121880503266869,53.38288993046548,"Hazel Grove, Commercial Road / near Springfield Avenue"
-1.5500077506834664,53.38967393982503,-1.5483594456899283,53.39068006018432,Nethergate/Oldfield Road
-1.8886533695275554,53.23028324937348,-1.8869152306191586,53.231296150376664,Heath View
-2.020359771842546,53.4420763667686,-2.0187387223695623,53.44345783287736,Mottram Road/Cricket Ground
-2.0695634258617717,53.45808072517202,-2.0676413673088465,53.459273374948154,Victoria Street/Godley Street
-2.1304255427606558,53.241081698711206,-2.1289272574837805,53.241980501253636,"Macclesfield, Moss Lane / Turf Lane"
-2.0133958193806913,53.35750776122723,-2.010870677832896,53.358452139169955,"Newtown, Buxton Road / Swan Hotel"
-2.1176217108335,53.417381168474066,-2.1161435858270883,53.41832413094835,"Lower Bredbury, Kingsway / near The Broadway"
-2.0999171534933705,53.29264583413647,-2.098157473482971,53.294405618227984,"Bollington, Jackson Lane / Jackson Close"
-1.7727070580430524,53.343912057930666,-1.7712053423038194,53.34481074203311,Castleton (How Lane)
-1.543594643477327,53.335702799454566,-1.5420933569340172,53.33660140050834,Hathersage Road/Ash House Lane
-1.505744202983162,53.35384939191324,-1.5039995904109749,53.35476560822841,Carter Knowle Road/Carter Knowle Avenue
-1.6297698353697812,53.29885403122813,-1.6282397621437223,53.299981968646186,Grindleford (Padley Road)
-2.0682342985078646,53.38726574540557,-2.066291700962542,53.38833675385675,"Marple, Hibbert Lane / near Brook Drive"
-1.6916317151117677,53.34032382500672,-1.6898644835234222,53.341324874473294,Bamford (Saltergate Lane)
-1.5894727433961024,53.161368541082375,-1.587754855083742,53.162275458960885,Whitworth Institute
-2.1238460054139874,53.45694561212727,-2.1221589905391967,53.4583274870599,"Denton, southbound Seymour Street"
-2.1619491127027963,53.252124767256426,-2.159527304651397,53.25329550541986,"Weston, Earlsway / Gawsworth Road"
-1.9918121960765078,53.44502963200946,-1.9903068042101506,53.44592836795505,"Gamesley, Melandra Castle Road / adjacent The Centurion"
-1.8379246172454609,53.23367657524392,-1.8363637809375615,53.23460012455124,Arden Villas
-2.1572208160017516,53.263084476425014,-2.1551132926903076,53.26406832438393,"Upton Priory, Victoria Road / Home Farm Avenue"
-2.1520849408,53.25214446589706,-2.14983534865437,53.254299464192634,"Weston, Ivy Road / The Ivy Leaf Hotel"
-2.1236095034713314,53.26180360109877,-2.1221104967753086,53.26270239886604,"Macclesfield, Gas Road / Tesco Island Coach & Layovers"
-1.9143255059956399,53.25891192903331,-1.9128266943097698,53.259810670930925,"Buxton, The Quadrant / Colonnade"
-1.9900448520311254,53.44821803249529,-1.988539348256089,53.44911676746922,"Gamesley, Melandra Castle Road / adjacent Hollins Lane"
-1.887797435867722,53.31160432766934,-1.8862811616150024,53.31269837225695,"Dove Holes, Buxton Road / adjacent Barmoor Clough"
-2.063389178154577,53.38173001043389,-2.0611401974843324,53.383310094392,"Hawk Green, Hawk Green Road / outside Crown Inn"
-2.0801843921718977,53.39600674502505,-2.0778613200012495,53.397054656390964,"Rose Hill, Stockport Road / opposite Rose Hill Station"
-1.539204293424522,53.39096881220138,-1.5358403104721325,53.39223307498905,Oldfield Road/Oldfield Avenue
-1.7260020729976224,53.34104746395485,-1.7232498270229895,53.34231687406289,Brough (Travellers Rest)
-1.6247566078310962,53.24516723848459,-1.6229452825342283,53.246373561720674,Baslow (Devonshire Bridge)
-2.1137532217263755,53.44514706752681,-2.1111655717216316,53.446574731620835,"Circular Road Estate, Stockport Road / opposite Cemetery Road"
-1.9039667701470284,53.24543879954536,-1.9021416256872579,53.246407999129204,"Buxton, Ashbourne Road / Central Drive"
-2.0156259076194507,53.3577142128994,-2.0138191845101687,53.358644887370005,"Newtown, Buxton Road / Peveril Gardens"
-1.9885000754892863,53.37019492680221,-1.9869973247970893,53.37109367316228,"New Mills, Low Leighton Road / opposite Cale Road"
-1.9670541138473094,53.45989867716342,-1.9644554553877718,53.46194517454872,Hadfield Station
-1.8810873015413716,53.15008302580008,-1.8795922987714415,53.150981774163995,Butchers Arms PH
-1.893953327197175,53.48872246702802,-1.8921768764772047,53.48969023189524,Woodhead Road
-2.0650984689594596,53.3631690160481,-2.0635959313051475,53.36406778391658,"High Lane, Buxton Road / near Carr Brow"
-2.0841887143276496,53.47167101677095,-2.082533682902087,53.472615182688536,"Dukinfield, southbound Armadale Road"
-2.0630444699977755,53.45330630308694,-2.060772329076579,53.45446409535016,Sheffield Road/Fountain Street
-1.7939120845856107,53.23749109510575,-1.79242131776511,53.23845280449471,Main Road
-2.13811400717316,53.40423131016251,-2.1366099930713762,53.40513008980238,"Woodbank Estate, Graham Road / near Offerton Lane"
-1.6995850420538559,53.241429962832946,-1.6980869583115228,53.24232863713053,Great Longstone (Croft Road)
-2.05327795613044,53.386353073705706,-2.0513244445367507,53.38744872574522,"Marple, Strines Road / near Goyt Cliff"
-1.7901041227282086,53.25627932734989,-1.7886023761126189,53.257251772459234,Miller’s Dale (Anglers Rest)
-2.1000996180171687,53.29771942006853,-2.0985963806739814,53.29869477970686,"Bollington, Palmerston Street / Aqueduct"
-1.757603626773844,53.3935314642455,-1.7561001735782895,53.39443013571824,Hagg Farm
-1.672106948505931,53.283654814379844,-1.6704893461624348,53.28466568559395,Eyam (The Square)
-1.6660400304585332,53.247070469318174,-1.6645417699163785,53.24796913064519,Hassop (Eyre Arms)
-1.893914144215043,53.272067004046754,-1.8922837574863924,53.27296959595888,"Fairfield, Buxton Road / opposite Brook House"
-2.0091427277287273,53.439480204289104,-2.007627771583857,53.44047459552554,Lower Market Street/Cheshire Cheese
-1.5109833395817969,53.37402325875926,-1.5088262578689053,53.37522744054941,Fulwood Road/Shore Lane
-2.058569756852195,53.46103680716123,-2.0568648381247696,53.462090492886034,Victoria Street/Mallory Road
-2.1240132894449135,53.278147602289536,-2.122513710801842,53.279046397675266,"Tytherington, Marlborough Drive / Pool End Road"
-1.7405057995954885,53.346798963638534,-1.7390040007605347,53.347697636325115,Hope (Church)
-2.1095473237289886,53.39508217684466,-2.107354469392778,53.39605892389751,"Offerton Green, Marple Road / at Offerton Green"
-1.8971119461469723,53.23191237051943,-1.8942410866232298,53.23313809420845,"Barson Grove, Burlow"
-2.077173428798017,53.45110870097565,-2.0756391649838672,53.45206969878312,"Hyde, Clarendon Place / at Clarendon Square"
-2.064689731323708,53.463370071318245,-2.062952063543119,53.464443228743534,Talbot Road/Newton Library
-2.1174950508385746,53.45419075218097,-2.115978142270821,53.455150847496185,"Denton, southbound Acre Street"
-1.514626581993175,53.34646856413099,-1.5115498097145958,53.347692266859454,Dobcroft Road/Silverdale Road
-1.9564580566244212,53.443003638389534,-1.9547017412259835,53.44398856096917,"Glossop, High Street West / opposite St Marys Road"
-2.0773208377586005,53.281456608299024,-2.075821162501342,53.282355391665675,"Rainow, Round Meadow / Sugar Lane"
-1.5227162242988497,53.350067239189684,-1.520925385036853,53.35124756096898,Bents Road/Ecclesall Road South
-1.6720876017910555,53.331870823942396,-1.67058349587794,53.3329168760114,Hathersage (Hill Foot)
-2.1138275466108465,53.372687910684675,-2.112324653640121,53.37358668928015,"Hazel Grove, Macclesfield Road / Rising Sun (Stop E)"
-2.1068433253157663,53.44272125526217,-2.1045958779911755,53.443963044060204,"Haughton Green, Lancaster Road / near Mancunian Road"
-2.0902299282196246,53.3000926449835,-2.0886488682393947,53.301005454456764,"Bollington, Shrigley Road / Beeston Mount"
-1.6827387706892323,53.33465176427424,-1.6806147333023183,53.335593536163984,Hathersage (Riverside Dairy)
-2.0750472389346672,53.47466912322061,-2.073540761328797,53.47556787674416,Lodge Lane/Maurice Close
-2.092428688867202,53.41505741652501,-2.0909243113904394,53.41595618343977,"Romiley, southbound Underhill"
-1.8858768483421626,53.30415411211679,-1.8842007486686843,53.30506028792712,"Dove Holes, Hallsteads / opposite Brickrow Cottages"
-2.07154333261534,53.45175002193159,-2.07003766764878,53.45264877803315,"Hyde, Mottram Road / opposite Boston Street"
-2.107025787240764,53.390811662337455,-2.105478419423929,53.39168253731606,"Bosden Farm, Turnstone Road / outside The Harvester"
-1.919302603725715,53.25274634372151,-1.9178003956378125,53.25371025616747,"Buxton, West Road / Belvedere Terrace"
-2.099791309463474,53.44444901783727,-2.0982858907925084,53.44534778212753,"Haughton Green, Two Trees Lane / outside Chapel House"
-2.0664477704007855,53.37759137014969,-2.0645764202006425,53.37854123028991,"Hawk Green, Windlehurst Road / at Canal Bridge"
-2.142388039122489,53.38542192268444,-2.139876286000961,53.38677043446466,Platform 2
-2.1055879988619415,53.256027902848984,-2.104089201389682,53.25692669711577,"Macclesfield, Buxton Road / Forest Cottage"
-2.1188220730803535,53.39720882078408,-2.1173376234469106,53.39817287842827,"Offerton, Marple Road / outside St John's Church"
-2.0781739706488165,53.47077502253006,-2.0766676296137017,53.471673777434695,"Dukinfield, Birch Lane / near Dewsnap Lane"
-1.919337559664318,53.25619012808253,-1.9178388406396374,53.257088871881706,Buxton Miniature Railway
-1.738902997243137,53.27768925944952,-1.7370490082300558,53.27864073869906,Littonfields
-2.0973528520125906,53.44422576198291,-2.095769944207398,53.44513473741187,Mill Lane/Two Trees Lane
-2.057475825636268,53.33803991512555,-2.0559741746301126,53.338938684839114,"Lyme Country Park, Lyme Hall"
-1.5343977344666841,53.31826899997572,-1.5328970659468426,53.31916759998714,Totley Brook Road/Totley Brook
-2.1025099769980744,53.44497343917892,-2.1005537236408767,53.44606866026481,"Haughton Green, Two Trees Lane / outside Denton Comm College"
-2.1244100423815087,53.25708068017911,-2.1203943383354638,53.26091767402356,"Macclesfield, Railway Station (Stop A)"
-2.1267836743830624,53.399049804593446,-2.1244873213974635,53.400137292927894,"Offerton, Marple Road / near The Fairway"
-1.54296946469217,53.237786007954966,-1.5411310409418983,53.23873019016674,The Highwayman
-2.1284593621211068,53.27347557744571,-2.1268287349062125,53.27477042192056,"Tytherington, Manchester Road / Brocklehurst Arms PH"
-1.508024269796612,53.3430210954065,-1.50507233773716,53.344573603285504,Dobcroft Road/Whirlowdale Road
-2.1419396086095626,53.38932217489402,-2.1393173867019426,53.39047882169924,"Heaviley,Buxton Road / opposite Woodsmoor Lane"
-1.8995213019902897,53.24229971335504,-1.8980317005700613,53.24326428617417,"Buxton, Ashbourne Road / Staden Lane"
-2.1202905408481154,53.377967110301974,-2.118787459401097,53.37886588966287,"Hazel Grove, Chester Road / outside Conservative Club"
-2.0582810883273366,53.29189443976646,-2.0567758181761477,53.292842259877744,"Rainow, Macclesfield Road / The Highwayman"
-2.0586509244251183,53.3996171154903,-2.055452616577449,53.40192899562273,"Marple, Brabyns Brow / Marple Station (Stop A)"
-1.7339915731041375,53.3446325183368,-1.7324820301752308,53.34573448161435,Hope (Station Road End)
-2.1322879246689843,53.25867951387981,-2.1305770780818403,53.25958848619135,"Macclesfield, Catherine Street / Offices"
-1.962349993399528,53.46223283744359,-1.9608440068957873,53.46313156252084,Platt Street Bottom
-1.9099142965114537,53.166642222691365,-1.9084187037935958,53.16754097727283,Newtown Main Road
-2.116755518746555,53.2525329252254,-2.1150886791387173,53.253839173785465,"Macclesfield, Copper Street / Cundiff Close"
-1.5249317013416044,53.36780220563553,-1.5234292990757674,53.368700794327296,Oakbrook Road/Hangingwater Road
-1.5985429318603037,53.427757599571514,-1.5968204837879758,53.42889389110958,Loxley Road/Brown House Lane
-2.085015780773741,53.359416515819774,-2.0822555928572073,53.36082425075054,Middlewood
-2.021641004476281,53.35771658641794,-2.0200750967391574,53.35881921270588,"Newtown, Buxton Road / Lower Greenshall Lane"
-1.5340723754881282,53.36615740366845,-1.532570024926618,53.36705599629441,Fulwood Road/Stumperlowe Avenue
-2.1291043573703656,53.38448380973757,-2.1276010428764476,53.385382590227294,"Stepping Hill, Buxton Road / opposite Sainsbury's"
-2.051444634378416,53.3796517713695,-2.0494581629937,53.380695327334664,"Strines, Strines Road / near Plucksbridge Road"
-2.0829462491588546,53.41981852733447,-2.0812456556688863,53.421237371910856,"Greave, Sandy Lane /near Lanes Ends"
-2.1584177441726853,53.27214405436985,-2.1567198610065064,53.27305244568177,"Upton Priory, Priory Lane / Spindle Hey"
-2.1583644260038684,53.251259596204775,-2.1568657742328603,53.25215840376012,"Weston, Wentworth Avenue / Chilham Place"
-2.1023144334548283,53.4707218214352,-2.1004840897051826,53.47230585225288,"Hooley Hill, Globe Lane / opposite Industrial Estate"
-1.9906145094387426,53.43504743589748,-1.9888512762010475,53.436360464261156,"Charlesworth, Glossop Road / adjacent Springmeadow"
-1.7780002242415285,53.19528246113761,-1.7759179289917997,53.19633221691252,"Monyash, Church Street / Bulls Head"
-2.1338256711436037,53.25983809972901,-2.1323267291001398,53.26073690023582,"Macclesfield, Chester Road / Great Queen Street"
-1.6729108542480329,53.22208175463783,-1.6712120479862045,53.22305224478022,"Bakewell, Baslow Road / Higgenholes"
-1.6781926234796007,53.28483146428105,-1.676627872245391,53.28572873500928,Eyam Hall
-1.9404789020189719,53.2457677007768,-1.9389824926539536,53.24662929833101,"Ladmanlow, Leek Road"
-2.111466151884776,53.44685900309535,-2.108242554178453,53.447855564375544,"Haughton Green, Stockport Road / near Two Trees Lane"
-2.1075349698046892,53.23828431535906,-2.1049926384898856,53.23930488587099,"Sutton Lane Ends, Trinity Lane / Fitzwilliam Avenue"
-2.123516677318914,53.420126279381854,-2.1219826299203812,53.42110522030189,"Lower Bredbury, Stockport Road W / opposite Travellers Call"
-1.6802165957279,53.28644754591955,-1.6785935039364475,53.28741375398486,Eyam Little Edge
-1.98998954822254,53.46350601030406,-1.9884707514464752,53.46451118953016,Market Street/King Street
-2.119296905767019,53.38349754623585,-2.1177827950975203,53.38451055369202,"Hazel Grove, Commercial Road / outside Royal Oak"
-2.1708785041228618,53.26394963382206,-2.168599195145832,53.265116664624,"Broken Cross, St Austell Avenue / Lanreath Close"
-2.0942060320782745,53.45380556371202,-2.0920480749787718,53.45477833701818,"Kingston, Manchester Road / near Kingston Gardens"
-1.551983072617599,53.336611833773816,-1.5477545458892517,53.3387458462203,Long Line/Long Line Farm
-1.8421082037933698,53.23041027255786,-1.8406088020232343,53.23127452703022,Old Coalpit Lane
-1.6081465833246946,53.173178601492005,-1.6054322481013652,53.17544010026681,Firth Rixson
-2.17244658662833,53.26352116525347,-2.170745014849283,53.26450163430814,"Broken Cross, Whirley Road / Whirley Primary School"
-1.7754035533382118,53.27631274518451,-1.7737132480317679,53.27731835474289,Tideswell (Fountain Square)
-2.121673972959391,53.43081091413646,-2.120169027290184,53.43170968582838,"Castle Hill, Ashton Road / opposite Stuart Road"
-2.103012829096633,53.29778720633146,-2.101512571156314,53.2986859936333,"Bollington, Wellington Road / Council Offices"
-2.092216788860603,53.47163702083369,-2.0907104113979345,53.47253577913112,"Newton Wood, King Street / opposite Thorncliffe Avenue"
-2.113343335651267,53.45327733235536,-2.111700759095615,53.4541765664538,"Denton, Stockport Road / outside Police Station"
-2.082297800796522,53.45728391218543,-2.080409338786161,53.458500978455625,"Flowery Field, Old Road / near Gair Street"
-1.6996881136179012,53.358212004494995,-1.6981388811972098,53.35908899455661,Yorkshire Bridge/Lydgate Cottages
-2.113853585071875,53.264183478545746,-2.112296371736435,53.26602913283228,"Hurdsfield, Hurdsfield Road / Holy Trinity Church"
-1.8700971055120248,53.432430112622896,-1.8680351880743562,53.43338968794782,Pennine Way
-1.7361397623909618,53.29293166934363,-1.7346179431528141,53.29379772960243,Great Hucklow Lane End
-1.7456395164624035,53.34777580393866,-1.7419832834185625,53.34868339598812,Hope (Post Office)
-2.0761013208955372,53.28043746741167,-2.0741195734923132,53.28163743257301,"Rainow, Pedley Hill / Trinity Church"
-2.056977987143031,53.39270141933039,-2.0554744131243203,53.39360018063428,"Marple, Strines Road / near Arkwright Road"
-1.5546863332558847,53.36496021376498,-1.5523511453526622,53.36663181303109,Crimicar Lane/Hallamshire Road
-1.5340354287467037,53.3763798962589,-1.5312087683238664,53.377334104199605,Sandygate Road/Coldwell Lane
-1.7249288502896396,53.24015788828567,-1.7228247562886407,53.241422011701516,Monsal Head (Hotel)
-1.906378355990458,53.26003388804634,-1.904624952742844,53.261184712068626,"Buxton, Fairfield Road / opposite Working Mens Club"
-1.771040047511737,53.13075948464011,-1.769458755548076,53.131681614869436,Church
-2.119796464075879,53.42130268000427,-2.118291239126172,53.42238131994876,"Bredbury, Stockport Road W / at Morrisons"
-2.1136574511991117,53.326360733072775,-2.1118588538112215,53.327307965381266,"Booth Green, Pedley Hill / Cawley Lane"
-2.0369949449694915,53.44721722606886,-2.035489455304371,53.44811597389579,Farm Fields Road/Farm Fields Walk
-2.128872022956829,53.25771360695466,-2.127163978452352,53.25872839295623,"Macclesfield, Churchill Way / Tesco"
-1.8512879685258508,53.1831433329419,-1.8497918317958877,53.18404206702212,Pack Horse
-1.5263916813662277,53.31861018101435,-1.5245797229925424,53.31953161918647,Baslow Road/Grove Road
-2.12175249565661,53.27663078803514,-2.1202113019358046,53.27768741092239,"Tytherington, Tytherington Drive / Salisbury Place"
-2.115199274778578,53.383596304884485,-2.113161029260086,53.384627093270616,"Hazel Grove, Bosden Fold Road / outside St Simon's School"
-2.0451289240222423,53.35746284906272,-2.041421089943049,53.358928411200054,Disley Railway Station
-1.9973071759818446,53.35253092995431,-1.995741719127044,53.353498669940016,"Furness Vale, Buxton Road / adjacent St Johns Church"
-2.105841969119113,53.382305902664584,-2.1024907123241245,53.384370208671825,"Torkington, Brinkburn Road / near Offerton Road"
-1.549170119487846,53.393757530801835,-1.547212976570588,53.39491506904203,Bankfield Lane/Stannington Road
-2.057492327767363,53.45112245669746,-2.0512311917960706,53.4530267380527,Sheffield Brow/Godley Station (Stop D)
-2.0958343049145487,53.42779002475903,-2.094024182111106,53.42907867547439,"Woodley, Hyde Road / Woodley Station (Stop B)"
-1.5025913543009257,53.352081868553654,-1.499940049191006,53.353448029987106,Carter Knowle Road/Springfield Ave
-1.947229124756308,53.14050619054371,-1.9457171809917306,53.14145130917494,Mermaid Inn PH
-2.0680715370532705,53.414330644839744,-2.065859389354338,53.4156553651621,"Cherry Tree, northbound Corcoran Drive"
-1.833208919937599,53.41109111340838,-1.8317013803605242,53.41204888654417,Snake Pass Inn
-1.5172755378779992,53.326588783578615,-1.5144210494054455,53.32854497738017,Abbeydale Road South/Dore Road Station
-2.1313348145688455,53.41657289875423,-2.128517203092259,53.417914015573736,"Lower Bredbury, Stockport Road W / at Bredbury Bar"
-1.8184255089377797,53.26622124449326,-1.8169264913947158,53.26711995547064,Millers Dale Lane
-2.15538798293624,53.24882739636448,-2.153889417301289,53.2497262036004,"Weston, Kenilworth Road / Kenilworth Green"
-2.1384983704694527,53.40214540995915,-2.1369944297749472,53.40304419000575,"(not in use) Offerton, Banks Lane / opposite Harold Street"
-1.5859254869506483,53.15706044015097,-1.5840040100908286,53.158080458613725,Greenaway Lane
-2.0839542310719557,53.45611411382828,-2.082250258164853,53.45728448621094,"Flowery Field, Newton Street / opposite Well Meadow"
-1.9613358553791014,53.44313213614251,-1.959830544916184,53.444030863821936,"Glossop, High Street West / opposite Tesco Petrol"
-1.8138637442932672,53.34817365144453,-1.8123618560420702,53.34907234851939,Mam Tor
-1.9196886146755159,53.32214333303005,-1.9181875856294834,53.323042066934214,"Chapel en le Frith, High Street / opposite New Inn"
-2.120665120590848,53.38816901102945,-2.1191616796584047,53.38906778893541,"Offerton, Alfreton Road / near Bolderstone Place"
-1.7408320009778793,53.21545735362606,-1.739334799375401,53.21635604633758,Cock and Pullet
-2.127706024698236,53.41618271428962,-2.125263271411064,53.41713978624983,"Lower Bredbury, Osborne Street / opposite Davies Road"
-1.9006610696615123,53.25702833093736,-1.8991623306477057,53.2579270690268,
-1.9030332808835986,53.23473492888951,-1.901535319424562,53.23563367107469,Solomons Court
-2.1043142201416654,53.447530389434064,-2.100330167449422,53.449578442538495,Moorfield Avenue/Silverdale Avenue
-2.136199595451156,53.396744541317645,-2.1340885691788487,53.39849022237159,"Offerton, Dialstone Lane / near Nangreave Road"
-2.0376716935926154,53.40994146551703,-2.0357522103706254,53.410942632959156,"Lane Ends, Glossop Road / opposite Werneth View"
-1.5563351227744073,53.39342310524888,-1.5543876799562333,53.39445839347269,Stannington Road/Riggs Low Road
-1.6924094282666082,53.218143452088235,-1.6883040816483932,53.21924965016499,Bakewell (Lakeside)
-2.080635343187961,53.457892621244554,-2.0791294570736634,53.45879137872022,Park Road/Park Avenue
-1.5395990629877772,53.36470094772178,-1.537052841566032,53.365851448993304,Fulwood Road/Stumperlowe Hall Road
-2.0182682082376764,53.39329940308264,-2.0168153876168553,53.39421269622478,"Mellor, Moor End Lane / opposite Oddfellows"
-1.9716487476544138,53.445502330886804,-1.9698171606081767,53.446437769414885,"Dinting Vale, Dinting Vale / opposite Primary School"
-2.1083408421034573,53.37249531133891,-2.1068379581490593,53.373394088625886,"Hazel Grove, Buxton Road / opposite Hazel Grove Golf Club"
-1.5661257748434823,53.410936000687975,-1.5646218255632454,53.41183459927504,Loxley Road/West Lane
-2.1116731690061226,53.448922615994576,-2.1086817995774325,53.45050691871551,Pendle Road/Pendle House
-2.132096258582681,53.38264120207011,-2.1288433416346235,53.3846398215857,"Stepping Hill, Poplar Grove / Stepping Hill Hospital Grounds (Stop F)"
-2.1137044838807912,53.382917377211285,-2.112066014732664,53.38389722274444,"Hazel Grove, Hazelwood Road / near Clarendon Road"
-1.909465736238934,53.324353523945426,-1.9067351812994102,53.32548889468008,"Chapel en le Frith, Market Street / opposite Old Pack Horse"
-1.606021320434495,53.42064334026922,-1.604409080941568,53.421589459488914,New Road/Mill Lee Road
-2.0308315490622375,53.467689565469655,-2.0281753489653926,53.46892343179404,Mottram Road/Dog and Partridge
-1.5669331519702356,53.33291333962407,-1.565306444830861,53.33390376037434,Hathersage Road/Sheephill Road
-2.0691431030047407,53.43878962125666,-2.0676378972598606,53.43968837870806,Stockport Road/Mottram Old Road
-2.0820927720063316,53.43483790521825,-2.07982941561287,53.43629849514187,"Hyde, Stockport Road / opposite Hilda Road"
-2.089063454180389,53.3437182370802,-2.087554744865678,53.34471876285994,"Higher Poynton, Coppice Road / Shrigley Road North"
-1.5275560348602422,53.34199864647385,-1.526034066399194,53.34305445342735,Ecclesall Road South/Whirlow Court Road
-2.128029447129785,53.23390352863811,-2.1258949888139833,53.236118948481895,"Lyme Green, London Road / Lindrum Avenue"
-1.8656473990702032,53.28780253863223,-1.8641476012494103,53.28870126133186,"Peak Dale, Batham Gate Road / adjacent Old Station"
-2.116803234794787,53.368462577625024,-2.1152180682082906,53.3693839219164,Cavendish Road/Tideswell Road
-1.8878740819887958,53.29792013597609,-1.8863739183247434,53.29881886398807,"Dove Holes, Dale Road / opposite Queens Head"
-2.1370317245189145,53.40330436503238,-2.1353186700752715,53.404214235045686,"Woodbank Estate, Offerton Lane / opposite Health Centre"
-2.123342159232872,53.34126218855416,-2.1216436447742386,53.342170611505246,"Midway, Copperfield Road / Weller Avenue"
-2.0903069197023436,53.310118763155884,-2.0887926826875955,53.31119613678456,"Pott Shrigley, Shrigley Road / Shrigley Hall Hotel"
-2.1120250282503603,53.42223921457441,-2.1089228409482415,53.42405343394563,Bredbury
-1.9837021854603456,53.4445356330977,-1.9821968148286082,53.44543436686678,"Gamesley, Glossop Road / opposite Samas Roneo"
-2.069196046437308,53.412930219292356,-2.067691753826891,53.41382898067237,"Cherry Tree, NE-bound Alamein Drive"
-2.109607064577483,53.383115001786265,-2.1073097364829927,53.384282996493695,"Torkington, Clarendon Road / near Berkley Road"
-1.6049023192148884,53.382935653504454,-1.6033951810413414,53.38389784644462,Manchester Road/Wyming Brook Drive
-1.6468273109105263,53.155590527943524,-1.6443728834114977,53.15657477284973,The Green
-2.101261517319404,53.388668255384744,-2.099639782267984,53.38987204366823,Offerton Road/Golf Club Entrance
-2.099184283016154,53.290162811565885,-2.097150236029006,53.291750289085506,"Kerridge, Jackson Lane / Bull's Head"
-1.9021803591732471,53.262866078910285,-1.9002364409811616,53.26376542108528,"Fairfield, Fairfield Road / opposite Church"
-1.7979322974522973,53.21166798163514,-1.7964264039647366,53.212664418030506,
-1.9272457502439875,53.25367374930529,-1.9258092431870393,53.25457125014334,"Buxton, Macclesfield Road / Wye Head Close"
-2.0352062584477975,53.36945447294568,-2.033040348644605,53.37042902780165,"Woodend, Strines Road / Woodend Barn"
-1.9677801966788462,53.377420043751265,-1.96626320276015,53.37844145613545,"Birch Vale, New Mills Road / adjacent Grouse Hotel"
-1.9344800166784184,53.318239854788075,-1.9324133736962914,53.319226946024706,"Chapel en le Frith, Manchester Road / opposite Whitestones"
-2.0246409810335235,53.44432021749894,-2.0230415121015106,53.44572478226096,Clough End Road/Primary School
-2.041595876807328,53.451004010477135,-2.0396841655658213,53.45267015615527,"Hattersley, Hattersley Road West / opposite Underwood Road"
-2.0411853817842305,53.358189678633465,-2.0396737257777704,53.3591614209698,"Disley, Buxton Road / Ram's Head Hotel"
-2.047969094979625,53.37767627945715,-2.045728812872728,53.379015320507825,"Strines, Strines Road / opposite Sportsmans Arms"
-1.6947734185984007,53.374483349771,-1.6931578799696776,53.37542934999147,Ashopton/Ladybower Inn
-2.1348328492162394,53.39544802382651,-2.132767761251591,53.3967797764936,"Offerton, Dialstone Lane / near Mile End Lane"
-1.8492314099277576,53.130710791320794,-1.847574188709729,53.13167660835793,Visitor Centre
-2.140532631781931,53.259247581257924,-2.1380898569278415,53.26030312022723,"Macclesfield, Chester Road / Fire and Ambulance Station"
-2.106156484432633,53.39466676201676,-2.1042200245009695,53.39562523851629,"Offerton Green, Marple Road / opposite Green Farm"
-2.0549730614454704,53.47053612548161,-2.053466738823643,53.47143487448309,Tennyson Avenue/Arnold Close
-1.5273675884656657,53.352803489677626,-1.5256093268277322,53.35414811042123,Bents Road
-2.050434819174626,53.40594462118222,-2.048930781094781,53.40684337878244,"Cote Green, Glossop Road / near Cote Green Road"
-2.097677052953574,53.45473426236369,-2.095885249446277,53.45579433755062,"Kingston, Hyde Road / on Broomstair Bridge"
-2.1243501656031416,53.39635651120602,-2.1228464346451856,53.397255288758814,"Offerton, Lisburne Lane / near Crosswaite Road"
-2.053171369665814,53.403103220611264,-2.0516674306027776,53.404001979353396,"Marple Bridge, Lower Fold / opposite Ludworth School"
-1.6500060712899713,53.32692301334885,-1.6484909350187054,53.32819668659007,Hathersage (High Leigh)
-1.9635903976162108,53.17054415243818,-1.9619537991045806,53.17144654756852,Winking Man PH
-1.6556970589313782,53.1601681525279,-1.6541792406705667,53.1612038472099,Eagle Tor
-2.1275045373449033,53.23968138672431,-2.125729468368011,53.24060221345418,"Macclesfield, London Road / Business Park"
-1.6637919023134644,53.14509416473795,-1.6623116003879486,53.14604313482939,
-2.0884988357967686,53.473410815009075,-2.086586555549884,53.474363385473225,Boyds Walk/Tarbet Road
-2.0630740090369066,53.416950446471056,-2.061539788763921,53.41799265270224,"Compstall, Compstall Road / outside Rydeacre"
-2.061018065952296,53.38849211141472,-2.0594679359007793,53.38956288767844,"Marple, Church Lane / outside All Saints Church"
-2.062578566242108,53.39712121894301,-2.0610748340237253,53.3980199810217,Station Road/Ley Hey Road
-2.12244430502495,53.42129101332305,-2.12093969522427,53.4221897866418,Ashton Road/Travellers Call
-2.026122441275705,53.35794657134053,-2.0245574683710004,53.35900712834704,"Danebank, Buxton Road / outside #124"
-2.0564506779864082,53.47145232535959,-2.0549443222822994,53.4723510746051,Tennyson Avenue/Wordsworth Close
-1.5188699086641912,53.294403778376235,-1.5172872848512662,53.29528502142562,Cartledge Lane Garage
-2.129403871155456,53.26696223049822,-2.1277687243357897,53.26797336950316,"Macclesfield, Beech Lane / Beechwood Mews"
-2.0871715808304017,53.366719037181284,-2.08561371311931,53.3676971626505,"High Lane, Buxton Road / adjacent Threaphurst Lane"
-1.6430369575284132,53.28812910773377,-1.6414110437466085,53.289102292230744,Froggatt (Flora Cottages)
-2.122528462701277,53.46099428283515,-2.1204047373497334,53.46189371711123,Egerton Street/Egerton Park College
-1.573191581670421,53.371456196313595,-1.5716890187333967,53.372354803649436,Lodge Moor Terminus
-1.5444099205738282,53.37423035200043,-1.5427226843896067,53.375150546747,Redmires Road/Hallam Primary School
-2.0980914328284372,53.39324378241177,-2.0958248647009303,53.39436571565698,"Offerton Green, Marple Road / near Offerton Road"
-1.9263712811432745,53.32068308633835,-1.9237391689099037,53.321682804026054,"Chapel en le Frith, Manchester Road / adjacent Eccles Fold"
-2.1441424022096878,53.352764305554366,-2.1426401980324288,53.35366309441052,"Poynton, Woodford Road / Meadway"
-1.5233807500340584,53.35595671767874,-1.5205591144113249,53.35777236699791,Ringinglow Road/High Storrs School
-1.983610293837077,53.322231333576,-1.9820139019092813,53.323213566386386,"Whaley Bridge, Chapel Road / opposite Old Road"
-1.874110753288835,53.12362594446435,-1.87193604014807,53.12460055624546,Village Hall
-2.0863509224295744,53.42590900610545,-2.0845515872461386,53.42709989406477,"Greave, Werneth Road / opposite Pennine Road"
-1.5927084182505906,53.321017118949854,-1.5910419803022144,53.32201318098799,Hathersage Road/Stony Ridge Road
-1.9499315088891305,53.386749767741904,-1.9483401045507949,53.3884696321194,Little Hayfield Lyme View
-1.5027199727101423,53.36748628709783,-1.5001410230960424,53.36902987661284,Hunters Bar/Brocco Bank
-1.5130625893005394,53.35536492542546,-1.508434455234175,53.35749876651223,Carter Knowle Road/Ecclesall Road South
-2.1527283451181782,53.288020891241615,-2.1506388377603973,53.28956290941851,"Prestbury, Macclesfield Road / Prestbury Hall"
