min_x,min_y,max_x,max_y,name
7.5940065115675495,51.95166598621134,7.5968084845168695,51.95337625552381,Mühlenhof
7.62070058487797,51.9495800950464,7.622357709871845,51.95065120501122,Hochstraße
7.592887025419523,51.93763550006733,7.595053243453297,51.938894382119145,Vagedesweg
7.596089512686371,51.97044722713155,7.5978755841415015,51.97143477177343,Corrensstraße
7.6428168700519,51.99205703751714,7.644491832497654,51.993027961764525,Görlitzer Straße
7.67713902728264,51.77875345489485,7.678588173059582,51.77965234506823,Lohmann
7.647458616919167,51.81113466282295,7.6489087834313505,51.81203353714002,Greive
7.845229892414245,51.97971637210442,7.847748208464386,51.98062812805025,Bruns
7.814547104006117,51.765338230255864,7.815995896300336,51.76623716970766,Hagenbrede
7.83054289822786,51.7966499300832,7.831992702074974,51.79754886988037,Schulze-Middendorf
7.635056721116833,51.94232300884674,7.636662279326769,51.94329719094628,Fundfahrrad-Station
7.678818939734853,52.01167864569334,7.680470855158861,52.01274255435771,Pieper
7.545377244726479,51.84980843206487,7.547270365816985,51.85112166826502,Abzweig Senden
7.868359666190515,51.96559693710154,7.869814934105249,51.96649586286222,Tankstelle
7.864227075285004,51.97966521565972,7.8660456288220635,51.98064558284222,Tieskötter
7.85867787135196,51.92652024380287,7.860320832626599,51.927455555168635,Boschweg
7.560063291870227,51.970292768412605,7.561555003223689,51.97155973147847,Haus Mariengrund
7.549303284710243,51.99647970268582,7.551147421841485,51.99766739746126,Goesenweg
8.044719419342801,51.80466699953254,8.04616958090467,51.80556600043165,Freibad
7.885277799226973,51.77387002199913,7.88690650158132,51.77479580414427,Einsteinstraße
7.8952753367958985,51.77038532280287,7.901130952715877,51.77360796742961,St. Michael
7.721645861604342,51.88007836387983,7.723081944675935,51.881015035685415,Stegemann
7.736260004617172,51.76129766230509,7.738320587627417,51.764171817580944,Mersch (Westf)
7.836938115970611,51.92642058741749,7.8383633873547645,51.92736121193236,Westerstraße
7.819388425612671,51.8428178586777,7.822814862671891,51.844302772484205,Krankenhaus
7.681818924686146,51.84517661521311,7.683282074243314,51.84618308449709,Haverland
8.077581313535092,51.865819038043014,8.079527485710306,51.86672826200189,Kottenstedte
7.595376201513976,51.81094916373909,7.596906602088129,51.811842736157786,Weber
7.988524942059288,51.90234355214261,7.990384946478445,51.90367264819898,Jöster
7.987678333025239,51.87863150042777,7.989262361953425,51.879524998364644,Büttrup 10
7.935925877609987,51.951519325860346,7.9373807226679,51.952418274103564,Schulbus
8.143611438076967,52.00675870278686,8.14506816214734,52.00765769717764,Eilbrecht
8.023750720852917,51.90429320996191,8.025204079401371,51.90519219000227,Bachstraße
7.954507534762738,52.064767531866295,7.955966065511998,52.065666468097724,Plocksaugust
7.920897993007328,51.85627139042352,7.922537301600062,51.857336609623275,Lütkehaus
7.675718376890744,52.029814574432784,7.67717562345659,52.03071342553031,Gelmer
8.031363357430488,51.97590823558242,8.033340348706522,51.97714686446449,Emsort
8.031190720829782,51.87938880705775,8.032643279422224,51.88028779290645,Kopernikusplatz
7.594195907716872,51.971183000852406,7.595661193931776,51.972187198707346,Rudolf-Harbig-Weg
7.574364573192234,51.929321003236716,7.576471823914351,51.93040259498023,Christoph-Bernhard-Graben
7.782486952196297,52.10526724050222,7.785016647485141,52.10620140030445,Abzw. Bremer Str.
7.5491996209837815,51.98274204368221,7.5507814809887,51.9837240563046,Haus Rüschhaus
7.781522475530624,51.89033163800952,7.783206429472507,51.89125516051331,Beer
7.666201113667452,51.900345832037665,7.667655786635813,51.9012845679007,Franz-Marc-Weg
7.810344746158496,52.047412449839726,7.812063551681287,52.04846715007009,Heithoff
7.990549790328534,51.95848705091616,7.992300313688864,51.95958414911401,An der Nordstraße
7.765453774041874,51.97679857105643,7.766991429636313,51.97776952888654,St.-Rochus-Hospital
7.831783953841721,51.76819222769658,7.833232846460321,51.76909117226701,Brockhausener Straße
7.642030435155199,51.90712922425002,7.644026258773124,51.90809157630809,Max-Reger-Straße
7.791936721629905,52.07421195768119,7.793395478687724,52.07511084228233,Rotthove
7.9893312401034775,51.96543251934026,7.990786560160661,51.96633148062384,Velsener Weg
7.749889543593249,51.999769359049566,7.751345856734096,52.000668240913775,Waldfriedhof Lauheide
7.820389181374386,51.93451354230864,7.8218434189333905,51.935412457654955,Schlüter
7.968902627179999,51.94179932038229,7.970357173089131,51.94269827958175,Hamburger Straße
7.770332484999075,51.7560558021548,7.77221631226693,51.756982398063805,Schlüter
7.916156668228509,52.1551246443863,7.91761813205773,52.156023555577626,Placke
7.637902935586846,51.993886460115355,7.64092803892636,51.99534128159707,Coerde
7.5258883275376,51.953390929821545,7.52792374542766,51.95493446705365,Roxel Hallenbad
7.621288996218182,51.892902132365215,7.624139882607257,51.89473546513638,Hansestraße
7.841465497253103,51.923629212817914,7.844568318478541,51.92551840915999,Schule
7.769866504393257,51.988180044942574,7.771357193590488,51.98930945490016,Hans-Geiger-Straße
7.778451112313245,51.987843368040274,7.780170449735426,51.98899920709423,Schulzentrum
7.810207042526968,51.866167363266456,7.811852353703626,51.8675725358533,Dünnewald
7.9579849878892475,52.02190000131731,7.960106112491908,52.02280279872136,Kuhlage
7.685746161254978,51.77647575316502,7.687195239084973,51.777374646798094,Schulze-Forsthövel
7.763875269970986,52.08398376312795,7.7653343303541975,52.084882636835474,Kolkmann
7.686840699844975,51.91089006329592,7.688294100497201,51.91178893666721,Ersatzhaltestelle
8.13201417381251,51.925142223428765,8.133488725731333,51.92617407631185,Altenheim
7.77459152822953,52.02493225679211,7.7760486720917905,52.02583114317135,Mühlenkamp
7.715246539370689,51.85829105420125,7.716698260963125,51.85918994576197,Uhlenbrock
7.60100749931717,51.96752239596819,7.603789819343144,51.969768110931135,Henriette-Son-Straße
7.63125921455262,51.97120296870026,7.633239500204494,51.9726823318337,Kanalstraße
7.498705207318978,51.88246626520169,7.500192792899479,51.883538234423625,Abzweig Bösensell
8.086653396051178,51.865172235290125,8.088241103438515,51.86613756453577,Gestüt Vornholz
7.67471557021179,51.803788148671636,7.676195524408641,51.80474695112471,Sasse
7.5591098892252715,51.87707899131701,7.560595615966211,51.877953508381154,Alexianerweg
7.839142440917035,51.899372887157256,7.840845265562035,51.900490612941425,Linnemann
7.894346207869049,51.76892376735256,7.8959246167011585,51.76998843490151,Spilbrink
7.570708878581273,51.972894643036945,7.573629676290491,51.974497995061135,Twenteweg
7.571023482794587,51.95695462653679,7.574371350041651,51.95848555522639,Dieckmannstraße
7.62369082857846,51.948886628329284,7.625497380085693,51.9506211706067,Sankt Joseph-Kirche
7.9807343115310605,51.94878291925713,7.982189088735083,51.94968188070695,Franziskusschule
7.5793661085290385,51.9699291085079,7.580882090131967,51.97108649113261,
7.8814046099745605,51.77370719044039,7.883024278496027,51.774628059933065,Von-Helmholtz-Straße
7.591547429994277,52.0003059931531,7.593007468959024,52.00128180666028,Killingstraße
8.026198675100636,51.834694047083424,8.028230179926844,51.835986916818364,Markt
7.665715255267446,51.92771173708429,7.668310154719419,51.92940672988548,Gremmendorfer Weg
8.01896285334562,51.94815253838545,8.020785346081345,51.94922676117805,Affhüppen
7.593538565438083,51.98831109329312,7.595070239277885,51.98929000660157,Helmholtzweg
7.909388194829274,51.85788742258494,7.91084000545409,51.858786377378884,Dorgeist
7.926430252581088,52.051167936739795,7.928022748181775,52.052069563256495,Im Hofort
7.939783528476854,51.898544764155396,7.941268172803842,51.899637435690934,Gronhorst
7.596394704697812,51.96285438871712,7.597975188257483,51.963912211234344,Lukaskirche
7.568466433191595,51.97091000859409,7.570415666835505,51.971810491351015,Asbeckweg
7.954940421310378,51.797977327682574,7.956521367771852,51.79915407221062,Abzweig Ahlener Straße
7.785840451672393,51.89051454400772,7.7873367535937525,51.89147885579243,Holling
7.636274616583762,52.05188163352385,7.637759085370663,52.052982766377305,Hessenweg
7.755602744086286,51.95644385474823,7.757057656238786,51.95734274521513,Austermann K.
7.533413204879435,51.92406522647409,7.535380997376067,51.92513127216484,Marga-Spiegel-Straße
7.613245776880658,51.93913670233812,7.614904717196432,51.94022119772782,Grüner Grund
7.639174537698012,51.95719622934234,7.640815763403798,51.95820047057514,Sternstraße
7.996024274563122,51.95806395459937,7.997655026707102,51.95896834542379,Gesamtschule
7.518482556209305,51.851174117727915,7.520012942714052,51.852124182240374,Schlingemann
7.928784972899679,51.95739321460312,7.9318900136780615,51.95856678790818,Allendorf
7.647861986225302,51.79950140950981,7.650256021169014,51.80092689017291,Höwelhans
7.527945813898611,51.943989860982235,7.530595483660595,51.945225736080836,Lise-Meitner-Straße
7.631944449589503,51.92828654534656,7.633401257931865,51.929267954215675,Geister Landweg
7.7454449724238685,51.97339515778796,7.746900427904162,51.97429404217539,Abzweig Peperhove
7.896199813666903,51.96335390844255,7.898750203320474,51.96510959223428,Niemann
7.926477543691695,52.053874995866984,7.928141149467268,52.05478570420327,Im Hofort / B51
8.023084774221756,51.81502055400919,8.025693005458988,51.81773517971197,Elsawäldchen
7.672674290669367,52.02902197492484,7.674131509678753,52.029920825038275,Gelmerheide
7.865029718509163,51.96391016739788,7.866677188531768,51.96500593263715,Abzweig Müssingen 77
7.622284900505143,51.95974767768024,7.624637324910345,51.96144325292434,Aegidiimarkt / LWL-Museum
8.067750257491676,51.90764290446856,8.069203742751187,51.90854189549573,Flamme
7.987697399533842,51.96042976641399,7.989279103466991,51.96136373298277,Fürstenbergstraße
7.597461736911328,51.814633842856935,7.5989508545392725,51.815675656843894,Abzweig Bahnhof
7.594005318501994,51.97598904291855,7.596393645704093,51.977573534653516,Austermannstraße
7.727803343352061,51.91957097740226,7.7293423616747425,51.920458722430034,Wolbeck Ehrenmal
7.602118425690553,51.9357691863375,7.604296479381209,51.93673381430425,P+R Weseler Straße
7.9338741229525995,51.80598581497921,7.9353242773236135,51.80688478498467,Uhlenkamp
8.099960445806383,51.83345239472651,8.101411554427136,51.83435140523785,Haus Geist
7.715638876487859,51.99853151087559,7.717187920713742,51.999786188710836,Lützowstraße
7.607578981420756,51.997022824328106,7.6091559146171015,51.998024475665666,Rektoratsweg
7.679160727720667,51.93406816646116,7.680614872623947,51.93496703350192,Delstrup
7.672426624051266,52.02697237481264,7.673883776296876,52.02787122515046,Alfersheide
7.69009548206405,51.99705577440833,7.691642228752353,51.99803208653746,Freibad Sudmühle
7.54754334822967,51.994388720294126,7.549127414542114,51.99565733294939,Alhardstraße
7.611357433850193,51.97643056690303,7.613091896808651,51.97757519952179,Germania-Campus
7.567857547593292,51.993968179910134,7.570226041710473,51.99547832017359,Gewerbegebiet Uhlenkotten
7.659998795021369,51.96734457250785,7.661454005328885,51.96824342745517,Emsstraße
7.5746082000867245,51.97087075161913,7.5774269869489945,51.97316762479496,Gescherweg
7.747649662656937,52.00039450962736,7.749055633447322,52.0013105896554,Gärtnereien
7.661702998221452,51.98580819597576,7.663425913534466,51.98748854236435,Jägerhäuschen
7.842336119336127,51.77687502237029,7.845891697692455,51.77842953278787,Boing
7.611499350671073,51.97316603527566,7.613824616847249,51.975338151958056,Dreifaltigkeitskirche
7.7471356234750175,52.02867179023673,7.748538472607328,52.02957630912714,Mitte
8.126733862371932,52.03295665562525,8.128317101266273,52.03390486935575,Sandortstraße
7.9085910990756245,52.01467918573423,7.91056479494207,52.01591671427224,Bernzen
7.6030197617795405,52.01615319980246,7.6044921399814855,52.01721670013186,Heidegrund
7.9463273274901525,51.790866170994306,7.948097781127948,51.79253225580519,Bergeickel
8.121720906822416,52.02631282422073,8.123225191164993,52.02746597556338,Bismarckstraße
7.663376299479837,51.98963779108784,7.665334428604556,51.99109005971974,Rudolf-Diesel-Straße
7.556899112749826,52.005569268696675,7.558915394469453,52.00684653142484,Vollmer
7.84020896463575,51.926112118116876,7.841831128905768,51.92701438187799,Friedhof
7.78896566086646,51.96719984996312,7.790420939450082,51.968098750000365,Kortenbrede
7.921468932857781,52.06213152833109,7.92305726976545,52.06312187166403,Im Brokamp
7.969434359784719,51.80317620965685,7.970884440482238,51.80407519030713,Wibbelt-Kapelle
8.088012489383619,51.82466489553367,8.08946331085289,51.82556390443063,Söbbeke
7.559220698147953,51.9958794833527,7.560737298477961,51.99711061642806,Nienberge Schule
7.6318281395280545,51.95392138810341,7.637911445501614,51.959782545130174,Hauptbahnhof
7.722128882955757,51.91219133052411,7.723797478705009,51.91322418995385,Von-Holte-Straße
7.6304282938194135,51.9471926381893,7.6319699068802125,51.94833756085705,Augustastraße
7.6214156360155245,52.04341630306607,7.62311776789828,52.044485196973,Hangkamp
7.684324316185476,51.80937695245967,7.685907990716965,51.810434947475876,Holtkamp
7.810165474744217,51.92785103093095,7.811809028870482,51.92888726909458,P+R Platz
7.848001228789426,52.04271059877679,7.849986571388581,52.04382720044212,Lienener Damm
7.574857969782369,51.91792073677063,7.576311229432292,51.91886116314369,Waldweg
7.737354140676334,51.86854728528329,7.7392000630673365,51.869544613245,Bils
7.876935314578925,51.82899622473279,7.878430176680587,51.83004687497046,Arens
7.910818968008073,51.80975241867203,7.912269232274175,51.81065138129179,Abzweig Alter Münsterweg
7.948951752068355,52.01509012151115,7.95055424780304,52.016067178351705,Schuckenberg
7.825624313711935,51.851547508083755,7.827138078118944,51.85259279168886,Kantstraße
8.142413236416644,52.0401206272738,8.144390979269625,52.04163067328674,Knetterhauser Straße
7.58708500325041,51.98323594189518,7.5897932173707705,51.98508758819633,Abzweig Wilkinghege
7.60778093300179,51.950176007794994,7.610018376903651,51.95120499340527,Platz der Weißen Rose
7.718650160168219,51.90782505524854,7.720195641444297,51.90878504473029,Anton-Aulke-Straße
7.597571542816086,51.997347725725554,7.599291006411521,51.99839980774116,Feldstiegenkamp
7.881296379584391,51.880988021548646,7.882846221024596,51.88194417840289,Hagenhoff
7.52433940832676,51.91601390208812,7.525982662300015,51.91715824714995,Langenkamp
7.963356213345878,51.919875237078074,7.965316090357484,51.92081206327396,Rathaus
7.827672970507399,52.042121090090674,7.829354126118405,52.043174209919854,Grevener Damm
8.075929706450292,51.90450500318774,8.077383093790395,51.90540399677657,Steffens
7.65500595871858,51.9240646863875,7.6564414438821276,51.92499891324298,Bonifatiusweg
7.9460247008702485,52.04788355166221,7.9475181024618395,52.04881824822275,Alter Dübteweg
7.647146127931879,51.95844560940501,7.65004867790682,51.959453791723334,Manfred-von-Richthofen-Straße
7.986913322301545,51.95902386450242,7.98866007214552,51.95994933571387,Sandknapp
7.998310637669114,51.94074081620702,7.9997651625923245,51.94163978375709,Carl-Leopold-Straße
7.646811075337037,51.96016058896123,7.648387524858757,51.9613576099325,Sankt Franziskus-Hospital
7.594272737864009,51.99099861420872,7.595881361699072,51.9919000857745,Hasenbusch
7.53376089855989,51.9487028444306,7.5355104393169166,51.94967517085237,Paul-Gerhardt-Straße
7.9103590395725,51.860661626770685,7.911906205770692,51.86174635711678,Roberg
7.693645628957811,51.75960905045024,7.695094171379787,51.76050794951288,Selhorst
7.731818714526203,51.865756751877015,7.733270685803441,51.86665564808627,Grundschule
8.079909202757287,51.827462657373346,8.081532892533009,51.828507842658134,Wiggelinghoff
7.792805833322864,52.069764371935165,7.794340761868237,52.07065062791894,Schlichtenfelde
8.113138091313465,52.015849909883535,8.114824613430583,52.01692469017552,Zeisigstraße
7.708940910681533,51.99808789992889,7.710538287559647,51.999041299718,Dorbaum
7.648788712220241,51.90688314193799,7.650254784977697,51.90799625799616,An der Christuskirche
7.81688115279882,51.780988031080504,7.818330447507291,51.781886968883036,Rüsing
7.738065593162216,51.79830129425992,7.739717706157138,51.79929130544219,Schloßallee
7.822453665253063,52.095570454332986,7.823913135056907,52.09646934563063,Abzweig Vorbleck
7.992821466894533,51.970910638697,7.994503432018832,51.971904060894076,Tönneburg
7.651947135255376,51.95829633364096,7.6543804710711525,51.959293267329876,Andreas-Hofer-Straße
7.97196844427534,52.0209040260218,7.973425555994157,52.021802973942236,
7.792707009389414,51.96414134910867,7.794162190926102,51.965040250854834,Bussmann
7.562707072226685,51.97060309126545,7.5641623281490595,51.971501908697235,Betriebshaltestelle
7.675644563002622,51.80150885691505,7.677094437340411,51.80240774304802,Hof Fallenberg
7.803460140198516,51.99291724954691,7.804916260114681,51.99381615041664,Ausfahrt B51
7.945800699645872,51.950014024312246,7.947255500629413,51.95091297565174,Heinrich-Tellen-Schule
7.592455053141285,51.816154373607475,7.593905347223584,51.8170532263553,Edeka Elbers
8.032481859466875,52.077537086523456,8.03406824103981,52.07849991330108,
7.757794302465829,52.02680105977431,7.759251497859928,52.027699940189095,Kaiser
7.854499115882246,51.91734524762047,7.856137885157486,51.91834855229155,Rosenstraße
7.7503919622058435,51.974619725611355,7.7519908336615995,51.97552097438366,Niebrügge
7.8570629910597285,51.77120028093772,7.858783882645689,51.77224276233268,Rose
8.035558520962601,51.833729933471595,8.037011780674257,51.83471056619697,Beckerskamp
7.508806179629304,51.893679113177896,7.511075038617941,51.895389587686715,Haus Ruhr
7.689047862547863,51.94495979986735,7.691522331016153,51.94639289942833,Freibad Stapelskotten
8.040147517924064,51.88159889463927,8.042650708338968,51.8828063979231,Mentrup
7.586819019707782,51.93705877649301,7.588900290561833,51.93807072450422,Handwerkskammer Bildungszentrum
7.82549187288574,51.84929190191778,7.82705442880305,51.85052659749005,Telgter Straße
7.584053978041359,51.98571884717727,7.585588523408424,51.98666965279878,Wilkinghege Golfplatz
7.518408877275079,51.924551752607066,7.520474717075246,51.9255174479804,Rottkamp
7.6647378487112805,51.89586676615165,7.666190751636368,51.89676563381139,Friedhof Hohe Ward
7.600743128631574,51.989556644169,7.603006473429263,51.99071035380555,Martin-Niemöller-Straße
7.705435691330869,51.9177000119533,7.707048611099124,51.918705188042765,Twenhövenweg
7.782935090102922,51.97524237647261,7.7846515088999375,51.976281123323794,Schillerstraße
7.860843151022605,51.7803948240424,7.862292449272117,51.78129377592126,Westhölter
7.789633453712481,51.98402244765411,7.791137145290504,51.98510465170801,
7.900273975760195,51.8343370221425,7.901725024525167,51.83523597782132,Abzweig Schulze Brüning
7.869615578063574,51.832089699318914,7.87104871896128,51.833051500040185,Hardt 17
7.708184248163162,51.75623629066299,7.709811254153859,51.75725110932675,Haus Itlingen
7.7569640633594945,51.89506590675537,7.75862833442265,51.896098193200835,Wessel
8.00113409324118,52.090538964966534,8.002865319236912,52.09182953518221,Dälken
7.786258304147391,52.1151021082833,7.787702098943703,52.116065791015494,Torfdamm
7.8407218401875935,52.05011113382225,7.84307324039129,52.05189286710608,Eichendorff
7.7086570615124606,52.0045240598159,7.710122933239086,52.005766540119595,Am Kerkamp
8.03619434506499,51.98235824182661,8.037688159707113,51.98323625726406,Christian-Rath-Straße
7.612143418068482,52.04076168708213,7.613600982295747,52.04166051288072,Nienberger Straße
7.595252964612568,51.95739068834149,7.597484337263479,51.95862281070286,Schlüterstraße
7.601589277444452,51.96047660052067,7.603411811872716,51.96176339976895,Domagkstraße
7.842693608000315,51.91438219658899,7.845043967514465,51.91636045908694,Kluck
7.681703255579058,51.833202303792426,7.683380740789229,51.834634195110986,Silkenbäumer
8.03539816242078,51.80210500056114,8.036848237829071,51.80300399940302,Spiekersstraße 86
7.808333537001217,51.91888774306672,7.809787263309439,51.91978665689682,Starp
8.010097505239504,51.82469800568448,8.011548295017219,51.825596994279636,Pionierstraße
8.035284888299122,51.841534036944545,8.03761451701945,51.842885162507066,Rottendorf
8.117505478093562,51.93051440004195,8.118959722136623,51.93141339992246,Osthoff
7.757295268416401,51.913903597288545,7.758736933982467,51.91485580231254,Markfort
7.830525604059776,52.034282810250076,7.832754207392548,52.03533029108294,Friedhof
7.630661121318179,51.96626517786923,7.632116279039719,51.96716402209369,Lotharingerstraße
7.638102727419256,51.97380936755968,7.641025101800158,51.974954077149356,Hoher Heckenweg
7.773342840942312,51.962515452211896,7.7747979593782315,51.96341434775153,Terborg
7.576897667458806,51.96977087034371,7.578404735218452,51.970665029562284,Besselweg
7.952841194278904,51.93787852236724,7.954295605994358,51.93877747759674,Schulbushäuschen
7.810828532139681,51.763641330730195,7.812277268167703,51.76454026923332,Theesen
7.948013914461899,51.7936220968433,7.95041340288846,51.79497807304336,Kreuzung Strontianitstraße
7.981665591352952,51.95566879776481,7.983295111621321,51.956575602274214,Brinkstraße
7.5733267120433485,51.93692257982982,7.574896490148823,51.937900620158736,Friedhof Altenroxel
8.013699423189415,51.84220030654216,8.015150777066617,51.84309929342195,Abzweig Hoher Weg
7.54567301159935,51.87563258734771,7.547125188778872,51.876531412614874,Inkmann
7.995240911599515,51.94239511675585,7.9966954886627475,51.943294083208244,Mennonitenkirche
7.579331084418547,51.88762479625578,7.580787623452001,51.88857921565269,Antwerpener Straße
8.001352049101232,52.08276450086663,8.002902249912976,52.08366539911795,Krützkamp
7.849681464764724,51.92653950880493,7.8513032386088835,51.927480190393524,Freckenhorster Straße
7.9920830919406765,51.869297611576606,7.993535308321359,51.870196588387465,Steinkamp
7.643767720647291,51.79850326253691,7.645217479703944,51.799402137426036,Lohmann
7.91065003838123,51.867587623141844,7.912102161901957,51.86848657682198,Wagenfeldstraße
8.144736848118788,51.97800993727732,8.146353260486393,51.97912436268266,Zum Kamp
7.902693716529558,51.92598333441388,7.9047197836221015,51.927112764586056,Höhmann
7.634517076045921,51.93956122578892,7.636058230240881,51.940443873981685,AGRAVIS
8.027521247690709,51.864509016788666,8.02913675491826,51.86541478324082,Rottkemper
7.829990189270854,51.759759127335386,7.831438811031514,51.76065807262818,Schwippe
7.7974672288875375,51.93813484632648,7.798921571426283,51.939033753637034,Pröbsting
7.6254210976774655,51.96164737849962,7.62687610268171,51.96254622146329,Domplatz
7.925439030146742,51.7800729956743,7.927358766227911,51.78108830275583,Stadtwald Langst
8.10107058846264,51.93334157298074,8.103843211873174,51.93468082421879,Abzweig Tichstraße
7.992250202023528,51.959244509373825,7.994316789874559,51.960233591427,Josefkirche
7.622182627023861,52.04051941489032,7.623724381936237,52.0415951848653,Sprakel Nord
7.61475280274473,51.94887068068132,7.618007934279977,51.95052442588263,Kolde-Ring / LVM
7.790250736455518,51.76143574373493,7.792050366519945,51.76243795511516,Brink
7.835793914463852,52.03541210368352,7.837256884855489,52.03638899617491,"Bedarfshaltestelle ""Kirchbreede"""
7.577322812865868,51.89354418248637,7.578775587504487,51.89444301747635,Wiedau (Schulbus)
7.5607923214594335,52.02094604325635,7.565142888386801,52.02302498973962,Häger Bahnhof
7.671610928689311,52.01172806189513,7.673108061695391,52.01326153799661,Hessenweg
7.564132966971651,51.97222084709486,7.5661384368562326,51.97440829980188,Rüschhausweg
7.624789555870306,51.9523884018838,7.626395138653546,51.95328809809589,Goebenstraße
7.876282300032931,51.937456745884944,7.877810179776772,51.938388176029356,Kreimer
7.8213588831227145,51.76653182924465,7.822807717181996,51.76743077071889,Niehues
7.989683266621908,51.86469271155449,7.991135333640683,51.86559168840957,Edelbrock
7.805250696304733,51.78470483326047,7.806700104004451,51.78560376670303,Post
8.025002896395439,51.91818071086123,8.026456703858715,51.91907968910296,Voss
7.677913275871381,51.98791553227285,7.679359717372197,51.98887056734612,Heidehof
7.87456907375356,51.76673497244035,7.876229893607366,51.76775943612397,Hohle Eiche
8.106636752416659,51.876462897211745,8.108089247815673,51.87736190275262,Holböke
7.670267572494388,51.96237197024848,7.671722627853087,51.9632708297146,Kehre Maikottenweg
8.14486952483279,51.98399321191747,8.146339885559163,51.985542187999165,Sundern
7.846847219646239,52.10216947621453,7.84946268353833,52.103546722278985,Münsterstraße 102
7.747005710395948,51.794642796315856,7.7488280852574425,51.79557470396021,Ahlener Straße
8.003983096387532,51.89811769664309,8.005506601375531,51.899319903028015,Römerweg
7.89747593133983,51.813441033130616,7.899377268376274,51.81434466685597,Nienholt
7.947986879055975,51.905961881275644,7.949667426212045,51.90687621882395,Lembeck
7.741963651189277,52.02972222913071,7.746113440377676,52.032553212077715,Westbevern
7.60517185910358,51.93770681603722,7.607199738642678,51.93863518418739,Buckstraße
7.812308063817908,51.91427321402949,7.814178243374632,51.915225086426226,Am Vinckenbusch
8.024574082912764,51.83089136091567,8.026341531402881,51.83227833932576,Südstraße
7.6827011670962735,51.81567386789791,7.684375923776129,51.81684533220247,Beckamp
7.597021408565416,51.936617592102344,7.598583346184237,51.93756867607125,Lange Ossenbeck
7.95342795451423,51.95105063318239,7.955640340071586,51.952025167492586,Walgernheide
7.656400690000176,51.9718724443151,7.658009110972463,51.9728417554061,Saarstraße
7.573908326706563,51.99142114450307,7.575548364269351,51.99256395553207,Haus Uhlenkotten
7.629670512254436,51.96339309310237,7.631462131540586,51.96457787215606,Altstadt / Bült
7.703626697707897,51.976888372587396,7.705600189105668,51.978318927891806,Handorf Gartenzentrum
7.7994347996997995,51.98508763491169,7.801318539706143,51.98677658341262,Milter Weg
7.676116556535424,51.96550914809156,7.677912400561494,51.96707032539053,Adlerhorst
7.770179361582606,51.98514562312973,7.771706341918286,51.98610727680381,Kiebitzpohl Süd
7.719864372785599,51.91529999225433,7.721553325429062,51.91633830765006,Am Berler Kamp
7.611676605879081,51.97105391171289,7.613381975474999,51.97235020022675,Kanonierplatz
7.932377407046049,51.950533785639536,7.93402538745011,51.9514420144154,Austermann
7.566531310420905,51.95523971977205,7.5688098477196775,51.95622850739066,Ramertsweg
7.907961778216149,51.86996903556274,7.909614518141809,51.87101446446133,Mitte
7.627837641422629,51.94355253876581,7.630344262719225,51.94492526015548,Timmerscheidtstraße
7.849547837251985,51.98002274114905,7.851003563048934,51.980921658814644,Frye
7.9160055869539345,52.02544141228792,7.917833313283632,52.02650228713222,Jäger
7.6574809366139425,51.97503001569795,7.658987063814208,51.976128183744486,Schleuse
7.829251455885894,51.802068406449564,7.8307773492147765,51.80305429343065,Wiggers
7.813565191639103,51.94017494384916,7.815019608670553,51.94107385611441,Versmar
7.61619839945278,51.9740514087715,7.620533474424187,51.975017377211444,Polizeipräsidium / LWL-Klinik
7.667754704687759,51.98691432882156,7.66919849247543,51.98788567053929,Mariendorf West
7.589051558908651,51.9490662117293,7.5904891435455575,51.94999398796438,Zoo / Naturkundemuseum
7.9942252053873775,51.843574409304594,7.995676594873731,51.84447339065949,Bettmann
8.05126036856213,51.90316465082401,8.053396129186115,51.904382948412014,Schürmann
7.824950237958083,51.86935298845629,7.826569663086052,51.87034801147193,Elmenhorst 6
7.915210963231864,51.8576528640529,7.916922634716373,51.85870633585046,Stork
7.776109484577209,52.07674816051187,7.777568315744628,52.077647039451605,Ladbergener Straße
7.82609803634937,51.794344130619336,7.827547763954575,51.79524306934421,Osthues
7.677094354196404,51.968168328979246,7.67854024773519,51.96910157079847,Tannenhof
7.735050968629453,51.870943291738605,7.736538428981726,51.87208940811551,Molkerei
7.826121027384781,52.10697286578808,7.827665472339406,52.108137033513664,Moorstraße
7.618954065973475,52.036519561859606,7.620564020891129,52.03854559099651,Sprakel Mitte
7.745941761359283,51.978891636607244,7.747398744242134,51.979754462977304,Greiwe
7.5735616410910005,51.97505808720987,7.575113465604212,51.9760854126528,Am Breilbusch
8.03764380485407,52.04685222980005,8.039190792619129,52.047818170179205,Friedhof
7.627946420682578,51.92639385874588,7.629703787114922,51.9273279415141,Alte Reitbahn
8.000248222955898,51.95707778734017,8.001850875500566,51.95806931261835,Hallaweg
8.039459825590408,51.91618080879137,8.040913574659944,51.91707979117287,Dahlhues
8.07842570161824,51.87996750098729,8.079878298621482,51.880866498977014,Kapelle Schürenbrink
7.827872868880621,51.897593526363046,7.829494630450393,51.898864372387074,Winkelkötter
7.7622245997811286,52.06991156232853,7.7636832005442376,52.070810437634904,Körbel
7.895072841969986,51.77418681830399,7.896521958315785,51.77508578165978,Am Handkamp
7.968736909570791,52.090650731827616,7.970196290700592,52.09154966813646,Heimathaus
7.5905419369079645,52.06459529304873,7.592000263462414,52.06549410691407,Laumanns Kreuz
7.624252831440529,51.907686939638985,7.625724563395796,51.90894106028603,Linckensstraße
7.676226339995911,51.90216045051419,7.677846563886215,51.9031874495062,Paul-Klee-Weg
7.730523546967526,51.92080409186289,7.731977760587124,51.921784907691816,Nikolausweg
7.609855187219957,51.96997710958747,7.611526152362002,51.97107846035025,Kapuzinerstraße
7.894416527330132,51.97377063373649,7.89587207295895,51.974669566227334,Schule
7.650454577630282,51.877544240321015,7.652299804802625,51.87909896015478,Haus Heidhorn
7.8379108561702635,51.92279834348688,7.839390939513068,51.92373785635047,Vitus-Bad
7.62287351929131,51.79898146648559,7.6243232810653385,51.79988033347727,Peters
8.068093274476814,51.84451189957435,8.069544725765125,51.84541090038991,Serieskötter
7.914466936610248,51.92418366536192,7.916061058774132,51.925088933557994,Hagenkötter
7.859909608483709,52.04670596098889,7.86150006686014,52.0480156656587,Loburg
7.674053778930704,51.94873425993428,7.676659754748054,51.950293947577286,Mondstraße
7.689224601867769,51.994565232319886,7.691031304143006,51.99572436780196,Windbreede
8.039304378245562,51.843211938169496,8.041154319045786,51.844229360684565,Clara-Schumann-Straße
7.862454894735304,51.77764062357931,7.863904105558959,51.778539576384354,Veringsmühle
7.908851702997028,51.80977098632714,7.910442997415361,51.81074111348614,Beumer
8.016630832268117,52.05141009476899,8.01809016916064,52.052380604981686,Finke
7.944655922795507,52.05175591888704,7.946122972727324,52.05262988040509,Dübter Straße
7.59017188111675,51.97283873968882,7.591663519317091,51.97390975988634,Horstmarer Landweg
7.540512067406062,51.954595062285044,7.542901524214568,51.955691981076725,Schelmenstiege
7.652627265443999,51.99376192293624,7.654162132906704,51.99495727662001,Elbinger Straße
7.793793375828631,51.88517919634148,7.795296115860762,51.886220003394236,Strohbücker
7.619300210654755,51.99271122053688,7.621211463003093,51.9938024386258,Provinzial
7.991756507665641,52.057302433061764,7.993221493530423,52.05831066688903,Gut-Bohlen-Weg
7.95082412574002,51.955590926639125,7.952285575775255,51.95658367300904,Tankstelle
7.712944308532404,51.99485198775693,7.714397593925393,51.995834411664035,Eichenaue
7.833553209256794,52.04482560078209,7.835231588766618,52.04585869915077,Kohkamp
7.999581273608305,52.080326926888375,8.001812728061662,52.08143209247599,ZOB
7.896790743334442,52.08962814226597,7.898250056955864,52.090527057697884,Dölling
8.080525956894355,51.84544689806993,8.081977443344364,51.84634590189438,Winkelkötter
7.716826836148925,51.883421483252086,7.718640566952077,51.88442421554091,Lammerding
7.631396013538517,51.91662609915948,7.632935187333157,51.91780280029741,Westfalenstraße
8.109485178238979,51.88103159721481,8.110937821992673,51.88193060274957,Abzweig Beelener Straße
7.9813632029692645,51.856337512068585,7.982814997295369,51.85723648789543,Hühnerbusch
7.836092030305199,52.09749445229348,7.8375515700012155,52.098393347670175,
7.608126343846116,51.935690314534035,7.609754152164647,51.936725085492725,Oberschlesier Straße
8.018432352990095,51.8796809430748,8.019890147850672,51.88065765675155,Voßmann
7.641079717939676,51.97654138116485,7.643217481220006,51.97768131750306,Rumphorstweg
7.939794837940202,52.066781588754786,7.941275062369548,52.06781841098359,Greifestraße
7.8837799023841475,51.78887893541837,7.88528380355007,51.78986366437674,Naber
7.647436599108302,51.98915370579665,7.648959301106982,51.990281693548766,Josefine-Mauser-Straße
7.785165167947569,52.12662936282366,7.786625632372768,52.12752823713986,Schulenburger Weg 55
7.840638848390791,51.96713114156887,7.842094151912245,51.96803005839477,Schule
7.80815319935844,51.87176263647452,7.8096365033965505,51.87290846342832,Werring
7.798822011815395,52.06709459169848,7.800314791523716,52.067994507838925,Hülsmann
7.671229568979059,51.95012081646602,7.672715837161551,51.951091183256324,Sankt Margareta-Kirche
7.592118959389321,52.03956210374417,7.593809930879219,52.040751496371904,Höltene Schluse
7.702577621265076,51.98964046652743,7.7040335790744665,51.99053933343576,Matthias-Claudius-Schule
7.754459809339561,51.882850284559154,7.7559279915007915,51.88386691514461,Haselon
7.672082813763516,51.90036414205348,7.6747840928205475,51.901379159114846,Emil-Nolde-Weg
8.058558307665015,51.98155502605259,8.060785894508628,51.9824847742504,Carl-Zeiß-Straße
7.819191346137171,51.775123030255514,7.82064045416824,51.77602196970802,In der Groeft
8.03511053709042,52.032639820539046,8.036783865524004,52.03401337834752,Subbern
7.595614515891234,51.96865264475972,7.597430226006362,51.96981699326131,Mendelstraße
7.633821352392471,51.94582326378009,7.635513445732233,51.946733136286895,Westfalen AG
7.636312321771919,52.06212511073376,7.63813848216563,52.06311148780656,Averkamp
7.857633238500827,52.036015516414274,7.861117948686916,52.037196986189564,Hummelt
7.562689558000034,51.972789558538864,7.5642199405266854,51.973974041020675,Heekweg
7.524851993793681,51.85251473003951,7.526304907203131,51.853480769922925,Mersmann
7.620827847559879,51.96482967961022,7.622282952800558,51.96572852035267,Kuhviertel
7.5972642555414795,51.99130502269003,7.599765426445886,51.992863906771404,Eimermacherweg
7.898249871266571,51.81596952103599,7.89970032901903,51.81686847892781,Lüring
8.06963083281643,51.830227239411634,8.071790265380269,51.831462937537104,Hemken
8.025548195877825,51.83890573632258,8.02708861356352,51.840003863440224,Friedenseiche
7.778785875537677,52.12627086386049,7.780246324784331,52.12716973610303,Reithalle
8.111754674398544,51.86530899274757,8.113318519981542,51.8661998071413,Gröne
7.573560856608997,52.063714296279535,7.575019143765825,52.064613103683214,Hof Gremme
7.685307711958796,51.84057673877738,7.686838592036909,51.84155006115082,Meerkamp
7.608028129196526,51.939048641084014,7.610506592275847,51.94079603933009,Inselbogen / Sparkassenzentrale
7.739693322568393,52.03202646327762,7.741150677762201,52.032925336685715,Rottwinkel
7.808148332618802,51.912023123952395,7.809616065912174,51.913077875965755,Kirche
7.607892470720458,51.879817841857275,7.609585218309174,51.88105215827453,Am Dornbusch
7.669831487803212,52.02397131757983,7.6717421099253515,52.025013181269266,Zur Eckernheide
7.8784831814049525,51.80235440333251,7.880072513389471,51.80325239662837,Kampen
7.990024358221913,51.95194851820913,7.991479242041849,51.95284748175496,Markt
7.6467275285002,51.93488893253352,7.648907012898692,51.93632496463095,Bertha-von-Suttner Weg
7.5765459945730695,51.88835524907567,7.579666318545848,51.89143963076941,Hansa-Business-Park
7.591256892107604,52.042756991235905,7.5927145082621434,52.043655808726875,Sprakel Kapelle
7.789157048419418,51.96511071957359,7.790635757681199,51.96597648003708,Wichmann
7.569153739959553,51.974649190895136,7.571202072171724,51.975823086022295,Toppheide
7.728220033251037,51.86821392525821,7.7300534770775275,51.86949327502072,Adolfshöhe
7.748854155833136,52.06669786436123,7.750312644495685,52.067596735602145,Pumpmeier
7.901360249311162,51.89622783020838,7.902945245908482,51.89724836978667,Schulze-Langenhorst
7.802751120545916,52.03724255306413,7.804208679768229,52.03814144689943,Laarmann
7.697842749140185,51.89579986574398,7.699431152651686,51.89678573423706,Lütke-Lengerich
7.645940530294544,51.967566035050986,7.649043969359948,51.96847816493102,Erpho-Kirche
7.748020065319888,51.914850048059556,7.749466740378868,51.915782351572986,Fronhof
7.72707765613249,52.01010691026166,7.7285380433912385,52.01107038964297,Verth
7.68774471359067,52.039642273014955,7.689202286753696,52.040541126948206,Tennenhof
7.6751738393955575,51.9624235731917,7.677075650685907,51.96434829876695,An der Konradkirche
7.939443357002316,51.82927119244238,7.94142328982384,51.83028510776099,Rosenweg
7.672215343721117,51.844259527738394,7.673790357472925,51.845214672003344,Niehoff
7.702884345211966,51.85193195589884,7.704335855124942,51.85283084406432,Buxtrup
7.528649861923997,51.90484335786858,7.530369038285774,51.905869841855186,Niederort
8.146361132296553,51.9761274703249,8.14835686414929,51.97706673002095,Kolpingstraße
7.632730291381282,51.89312971235465,7.634715805891643,51.89406128790582,Malteserstraße
7.613016304484844,51.95269626167438,7.615161439912901,51.95378832629958,Jugendgästehaus Aasee
7.643740977977061,51.97962893618913,7.645272318469435,51.980595963764,Braseweg
7.944632828464763,52.13223531865707,7.946725976962234,52.133499381190234,Karrenbrock
7.571744856633583,51.92730651451934,7.573214848915081,51.928254085189444,Holtkamp
7.697066789897603,52.10186024933932,7.699761619830422,52.1034366502136,Pröbsting
7.632601102900469,51.93466145435112,7.6344293004743795,51.93580882365218,Robert-Bosch-Straße
7.599827434540201,51.94415437504046,7.6021423818143266,51.94581062569308,Bonhoefferstraße
7.6310921089037915,51.983287375578925,7.632938285993644,51.98422482475133,Nevinghoff
7.57362484567457,52.076661097259766,7.575083554700502,52.07755990270296,Gaststätte Voßkotten
7.807645033088624,51.80108453412818,7.8090949672202115,51.80198346583532,Borbeiner Damm
7.684667767972593,51.8277294131047,7.686314933854493,51.82874728685322,Altendorf
7.621794405154639,51.895419296730935,7.623337985967005,51.89696190307155,Sternkamp
8.04121763804447,52.000269397549005,8.04270356011933,52.001314001727685,Weller
7.759779316061883,51.75743246797573,7.761258979079419,51.75830293110969,May
7.888990889283724,51.885990039336235,7.891718506137884,51.887101434694806,Flaskamp
7.741345558916342,51.91685077986997,7.742797540025944,51.917794020014234,Am Tiergarten
7.646160692285612,51.99688532393279,7.647839515211645,51.99780057614434,Dachsleite
7.635240440031534,51.951305508735665,7.639112456826684,51.953459267712056,Hansaring
7.568873011104075,51.958549902540064,7.5716402994647405,51.960247043006916,Gartenbreie
7.97707514001313,52.073430516925264,7.979367953780945,52.07443094226196,Künne
7.578432424354004,51.89413195733801,7.580126776278549,51.895034642679995,Wiedau
7.909276672905125,51.94712282694061,7.91094552572767,51.9481455729518,Rottwinkel
7.947132852534221,51.830235341898565,7.948974788035905,51.8312987259015,Lindenhof
7.526489776177249,51.91960853655651,7.527965632717736,51.92107436336812,Am Kämpken
7.840310900819533,51.909813864711076,7.841849598167884,51.91094573430955,Gray
7.564447452813283,51.965038302887244,7.566523598885185,51.966530149511414,Auenviertel
7.558674822393682,52.05382239844488,7.560132777984844,52.05472120151779,Hof Höckenkamp
7.526523665918123,51.947859824733214,7.528180931543509,51.94882207462869,Stellmacherweg
7.628029805319874,51.96047141873373,7.629486594901998,51.961412281226885,Klemensstraße
7.6456510899415475,51.907886537292946,7.647174103674382,51.90876346247236,Von-Flotow-Straße
7.608432649335142,51.88341815489963,7.610421340220328,51.884776745440874,Leisnerstraße
7.992635216422092,51.967668003282874,7.994294888735466,51.96873559676908,Abzweig Füchtenknäppe
8.133417918461612,51.91544419697867,8.134871681764233,51.916343202985765,Zum Holtbaum
7.777801893421638,52.07642114596866,7.779219512042962,52.077319753566286,Schule
7.632033847986396,51.96511387624656,7.635766419124714,51.96652416994497,Hörstertor
7.627118872603425,52.086256187739274,7.6285779277577745,52.087155012223675,Overmannstraße
7.630331144194703,51.92066724990554,7.632221651934017,51.921710484415954,Vennheideweg
7.542285786303572,52.004016290303824,7.5442372063792025,52.005275309832,Einingweg
7.727051329474222,52.06255196781242,7.728509670860254,52.063450832150885,Saabe/Stegmann
8.146163126931038,52.039336911500186,8.14834513096844,52.040963588471556,Bahnhof/ZOB
7.700563523593682,51.99014735691529,7.70348637922677,51.99160294082116,Am Hof zur Linde
7.837982262437347,52.035533833738526,7.839778830380761,52.036472866596704,Kirche
8.107211410192106,51.97191620447232,8.1086669900413,51.97281519549208,Kölker
7.601984703333043,51.95545175944979,7.603722916828251,51.95680869466049,Franz-Hitze-Haus
7.675908816901284,51.95293983993846,7.677570178096886,51.953852758694985,Brentanoweg
7.8166783875153065,51.97143986550638,7.818138511763753,51.97241353435421,Potthoff
7.99545879767383,51.819143207257035,7.996909402586611,51.82004219270705,Himler
7.980873810115296,51.96740182066708,7.9823291901510816,51.96830077929699,Hasenkamp
7.987984130576026,51.95368521862498,7.989439069688293,51.9545841813391,Haus der Familie
7.625610966540666,51.95738937813703,7.627065833818379,51.95828822182587,Königsstraße
7.6365790303784244,51.816730265276945,7.638029369975022,51.81762913468598,Steinhorst
7.99854427152818,51.957187917437786,7.999999328733431,51.958086882526366,Sternbergstraße
7.778807649597645,52.02354665597933,7.780264750722545,52.02444554398414,Dorf
7.611483058912474,51.99736837376713,7.613139436264293,51.99843072628322,Kristiansandstraße
7.734183254591006,51.86785359281802,7.735747647570376,51.868829807169114,Teckelschlaut
7.684831609816204,51.77345985309786,7.686280590523931,51.77435874686523,Forsthövel
7.531644772534728,51.95438382083559,7.533173727490749,51.95552337855115,Roxel Alte Dorfstraße
7.639704822702078,51.89839262295339,7.6418815654285375,51.89986817743054,Zum Roten Berge
7.993522052627227,51.82820110821998,7.994972947633845,51.82910009174408,Suermann
7.775003700353948,51.986231242909696,7.77717020598446,51.98754655695649,Umgehungsstraße
7.903490264575738,51.890895026004245,7.904943135709672,51.89179397395957,Schulze-Selting
7.525355107239944,51.94519926607773,7.528063617453602,51.94692040344164,Roxel Bahnhof
7.900382930474859,52.1271055445974,7.901843469815099,52.12800445536649,
7.663132991173791,51.996853755116135,7.664801510103273,51.99784194444155,An der Alten Ziegelei
7.773762123693021,52.07438726072471,7.775220876629389,52.07528613923875,Wonnemann
7.680097066508857,51.93165116610625,7.68155113383547,51.93255003385685,Böddingheideweg
7.642628161798526,52.063247727024695,7.644135545148489,52.06424687270877,Kiebitzheide
7.632599237972693,51.98520701310097,7.6340716633017935,51.986226886487096,Joseph-König-Straße
7.645176145344068,51.93359844485626,7.646639753009896,51.934644255081174,Gewerbegebiet Loddenheide
7.7849343518505165,51.978340286914715,7.786581651491588,51.97924891314153,Alverskirchener Straße
8.098917107110804,51.891777499336925,8.100370093123736,51.8926765006274,Deitert
7.608507269370348,52.06839838989385,7.609965730995386,52.06929721006902,Gaststätte Zum Aatal
7.608723398212126,51.87771764759841,7.610240406520272,51.87900825225073,Amelsbüren Süd
7.565615730185626,51.87617042269348,7.567262290573757,51.8776629337131,Alexianer-Campus
8.000417719818286,51.96035661742432,8.001872880442884,51.96125558253981,Krankenhaus
7.815543527428852,51.915896142057285,7.816971575645203,51.91683325741316,Averbeck
7.669823771504797,51.92438113815263,7.671929103554318,51.92634746291816,Paul-Engelhard-Weg
8.033162092166245,52.047221694573985,8.034845811270635,52.048134005520495,Sassenberger Straße
7.603727243424612,51.993492102366986,7.605385441231597,51.99450377264776,Heidkamp
7.492088510561249,51.86479466089494,7.493774285807857,51.86570853921692,Huxburg
7.619510681198091,52.03092050679016,7.621713733167458,52.032975679834614,Abzweig Sprakel
7.614743765951403,52.085587498894895,7.616273938192486,52.086555501014736,Münsterstraße Süd
8.060880332839728,51.828530599270294,8.062331267403874,51.82942960069396,Kohlstette
7.957967299874789,51.79295009756336,7.96005031677547,51.793982535368286,Haarbachstraße
7.713738623976025,51.977631202707556,7.716351978024525,51.97856329765976,Körberheide
7.852022544785573,52.11483042107392,7.853602763901417,52.115919878788795,Kattenvenner Straße
8.008304168531488,51.83370603665095,8.010518633021313,51.83492876234443,Siedlung
7.893569681346912,51.94452061776391,7.895192618515668,51.945508282069625,Abzweig Cremann
7.676163710024964,51.79856725659478,7.6776134903178805,51.79946614336829,Kofoth
7.906329760223837,51.873424824485106,7.907876445200776,51.874312775348706,Schulzenhof
7.895671917626376,51.82403459772942,7.897992475251922,51.82504080323496,Blume
8.002685146169476,51.995723019828986,8.004141454091604,51.99662198013515,Kattenbaum
7.655460123505425,51.968979193236834,7.657379186734472,51.97086570534272,Elbestraße
8.006499591735446,51.85047230815407,8.00795120852257,51.85137129181006,Schlüter
8.020755839293425,51.94033551313097,8.022210360962143,51.9412344868332,Miele
7.608927066964388,51.94860251215584,7.611467751549658,51.949716115138784,Sperlichstraße
7.5267726967869,51.92583837448736,7.528331900161398,51.926762224975064,Blomenkamp
7.665523513434965,52.02123396339925,7.66725840110378,52.022606936756155,Rieselfelder
7.8025437350894205,52.070313509802865,7.804156211652009,52.071533436751736,Bensmann
7.699123377484734,51.98907231334313,7.700789021555376,51.98997728667372,Kirschgarten
7.9998494972084035,51.94940361666121,8.001304303052757,51.95030258330291,Freibad
7.8182291699718505,51.754905628856626,7.819677630333473,51.75580457110692,Am Spiekerbusch
7.935281838920989,52.11383493840733,7.9367419613595604,52.11473386155668,Meckelwege Schule
7.553141857256976,52.03451076986847,7.554554138987954,52.03543342943641,Uhlenbrock
7.845112646096961,51.78699263348005,7.847047950935235,51.788157466225854,Prozessionsweg
7.964045333629373,51.794251440230866,7.965561771308503,51.795228459638366,Rolandstraße
8.015718321371853,51.79781974052274,8.018236174194318,51.798968156242324,Heinrich-Zille-Straße
8.032993749985136,51.94606277521131,8.03599925504459,51.94732782011734,Hausnr. 12
8.042086176398046,51.807378300085986,8.043536423850144,51.80827729987819,Ringöfen
7.617249360198743,51.964116780232466,7.61870444016262,51.96501561973042,Schlossplatz
7.815666102051008,51.79041523200226,7.8171156982555745,51.79131416796123,Linnenkamp
7.615132827192301,51.932406973249854,7.616604578902274,51.933702726685944,Clemenshospital
7.6486658377829455,51.81604296297659,7.650116162567351,51.816941836986395,Vennemann
7.9608296569668555,52.04520494896266,7.962420637923853,52.046101950988486,Waselstraße
7.674845829056816,51.770957795508295,7.676808836620392,51.7723269128669,Kreuzkamp
7.578264298168549,51.93349355455441,7.580700390753166,51.93525660481978,Mecklenbecker Straße
7.62913349527691,51.9672862186394,7.630796710090867,51.96819718142414,Neubrückentor
7.720584002716771,51.92869453833646,7.722064404856762,51.92969446130155,Wolbecker Windmühle
7.620533895557929,51.954779176164976,7.622398099106172,51.955720324198914,Sankt Antonius-Kirche
7.655475317896357,51.96643872166421,7.658526133329899,51.968046689186345,Mauritz-Mitte
7.94184784592224,51.806889197202295,7.945520755941039,51.808551820446795,Pankratiuskirche
8.040554113751893,51.886583646523306,8.042150486901251,51.88756355339656,Schule
7.7090464190080175,52.00220668796426,7.710731675029088,52.00330521211901,Am Hornbach
8.024071463782887,51.82413549946352,8.025718938567405,51.8251019999165,Germania
7.6727137902562825,52.00833593022273,7.674253913706746,52.00922846966285,Hessenbusch
7.726428713886443,51.92184689925005,7.727885482270466,51.92299490069622,Grenkuhlenweg
7.619057998325521,52.03303254088441,7.620688201981065,52.03401735889092,Schlusenweg
7.604890946892013,52.06370749022433,7.60634925347458,52.06460630973852,Dübjohann
7.799000186908411,52.02972433015849,7.800480707525054,52.031005569759984,Meier
7.980580134614404,51.941175418694534,7.982034665651668,51.94207438126954,Flintruper Ring
7.924146008138376,51.83196461840317,7.925596992140756,51.83286358156072,Ahlener Straße 2
7.500646826187568,51.86943119598096,7.502098774202224,51.87033000398145,Ruh
7.965594878374224,51.920273938203295,7.967151612873762,51.92181906157353,Mitte
7.635103025166073,51.97588512578951,7.636716368993811,51.976939374228564,Deutsche Rentenversicherung Westfalen
7.879316122663915,51.79972846194982,7.880843970985276,51.80060783783358,Limbrock
8.019881730894708,51.93421659671866,8.021380867989334,51.935292802634436,Landratsbüsche
7.926350008054654,51.88584630217434,7.928152895818507,51.88696689781733,Jungmann
7.625857165782924,51.96360927856811,7.627312234576178,51.96450812139482,Spiekerhof
8.031942468697315,52.050034077728384,8.03337673447822,52.05098202164173,Mitte
8.00468890337525,51.98202770243206,8.006203399839086,51.982969997396175,Gröblingen
8.027047141377583,51.902977109420796,8.028500458875826,51.9038760905434,Bröckers
8.111807228624691,51.8840816971663,8.113259971606395,51.88498070279808,Splietker
7.70004610381189,51.92125808230536,7.701605771834696,51.922619721691404,Angelmodde Kirche
7.763721872508542,51.75176869770895,7.765316722208548,51.75280770229875,Dorf
7.526427132533882,51.91396867616532,7.5310346400319235,51.91546605916445,Münster-Albachten
7.653908246910718,51.9216033045291,7.656094817014973,51.92264114059491,Schmitz-Kühlken
7.661999786995752,51.85204772922091,7.664122108536054,51.853313870391325,Schweins
7.849011422622911,51.993269042250226,7.8504675776783674,51.99416795771345,Surmann
8.056848802743263,51.88637880423518,8.05830159750216,51.887277795729055,Drees
7.636362970970072,51.925540686370624,7.638714440522282,51.92655970058629,Trauttmansdorffstraße
7.86367977503217,51.965268450886605,7.867926876850939,51.96664719334233,Bahnübergang
8.042721052493647,51.884236580940986,8.044218347793587,51.88532621859027,Badde
7.982720264427557,51.9493667505317,7.987898616239843,51.95093799834639,Bahnhof
7.90447205000025,51.772823508048724,7.906160928397054,51.773865347286964,Abzweig Küperskamp
8.14008930056156,51.976850193238775,8.143200168315522,51.97798922712246,Schützenstraße
7.610886569848385,51.982141632869016,7.612620430596991,51.983210813875104,Dreizehnerstraße
7.953700510947092,51.97680975660335,7.9551631855726885,51.977944243340296,Schule
7.6456434905426764,51.95475774517387,7.647832491861308,51.95690298633325,Hansa-Berufskolleg
7.602235370433898,51.88801661344913,7.604738317128344,51.88912078837296,Kanalbrücke
8.05453935156553,51.85094835482655,8.056295953087815,51.85206184523448,Eickenbrock
7.623938096558057,51.96174447878648,7.625393103801508,51.962643321176444,Domplatz Stadtrundfahrt
8.110911352421525,51.93218290097005,8.112365647810401,51.933081898994345,Rottkamp
7.83948651256712,51.84158148251411,7.84095628782437,51.84261611734975,Osttor
7.599720688943379,51.975865118312406,7.6018138654659815,51.9775015638204,Technologiepark
7.6364437203051985,51.94987015594231,7.638064949452852,51.951207367655535,Stadtwerke / Hafen
7.596480246306953,52.03032098273504,7.597967254299583,52.03139111707474,Langenhorster Stiege
7.631074285541821,51.899428293742226,7.632656518821045,51.900331292201884,Langestraße
7.655240965839856,51.99576242009435,7.65669032706981,51.99672777951862,Coerder Liekweg
7.614765172210985,51.99268823108222,7.616851919853196,51.99367826972789,Salzmannstraße
7.779630675725592,52.02225594113283,7.781166631770277,52.02328925866119,Kirche
7.723521732063632,51.801473615488604,7.725877568376292,51.80269708266137,Ossenbecker Krug
7.843413411929602,51.92615616052108,7.84587734822253,51.92742479947477,Rad+BUS Mitte
7.774978761807757,51.99050736397504,7.776444543575036,51.99144703572877,Winkhaus
8.025142671658061,51.7987228407375,8.026794529183501,51.799732059139416,Markt
7.669280572588402,52.01595534560175,7.6708188302838725,52.016861109469836,Overeskenhoek
7.59901211349411,51.93412597438075,7.600855116630011,51.935049813961506,Boeselagerstraße
7.698816445584211,52.061047202013405,7.700296621431008,52.06193454405557,Alte Schule
7.6182654041706845,51.9256919131957,7.620645635431119,51.92745245464434,Hülsenbusch
7.674213379392368,51.92985324857119,7.675643717586074,51.93080105086747,Gremmendorf Ehrenmal
8.12206634253661,52.01896867856623,8.126040101388341,52.02062789811979,Schule
8.122512788642984,51.97967648351979,8.125493104514506,51.98071381774495,Kuhlmann
7.547568589633362,51.86283234340637,7.549181506295456,51.86373645661694,Venner Moor
7.589471426061795,51.94759778686965,7.590995993784866,51.948674346410805,Allwetterzoo / Naturkundemuseum
7.895159830300333,51.849681924093865,7.896611369986596,51.850580875869916,Elkmann
8.073363977884776,51.86744978520359,8.07499441109193,51.86865331479652,Zum Vele
7.599771431009393,52.02318024951064,7.601246973461398,52.02438395042858,Kleiheide
8.131248979962296,52.02523412805534,8.133033016923674,52.02615507212013,Greffener Straße
8.052699877343194,51.897796166035654,8.05427481708397,51.898689433877294,Handweiser
7.825382492061242,51.876062156990386,7.826979214988157,51.87712974296432,Bockholt
7.563837284132412,51.8251214164789,7.565622524203622,51.82606478385968,Abzweig Amelsbüren
7.6300982159233,51.93189325418753,7.631553181351715,51.93288894504759,Siemensstraße
7.770691418913491,51.96392065276576,7.77214658140777,51.96481954719766,Tomkötter
7.836172858654722,51.89505250381171,7.837792437439924,51.89597959527067,Strelow
8.108754546294218,52.014307588351365,8.110283347653684,52.01518681142701,Wöstenkamp
8.014675364838997,51.90788631145703,8.016128835417703,51.90878528850712,Witte
7.646752043614573,51.885343703458624,7.648370965563419,51.886957396213695,Steiner See
7.526773125993293,51.92395798527483,7.52866036838034,51.92515371476908,Albachten Kirche
7.795117995513548,52.06348595633288,7.796576404803061,52.06438484363066,Stegemann
7.700683218272007,51.89090225928393,7.702135982066194,51.89180114067923,Schulze Dernebockholt
7.753185809382745,52.08788026524451,7.754644990945323,52.0887791347189,Korthorst
8.023779028725398,51.83549900467243,8.025230171527923,51.83639799529173,Jakobuskirche
7.646720403170728,51.81823536350547,7.648170797180117,51.819134236457494,Rellmann
7.632010742658812,51.91360743066611,7.633725258459863,51.91464506917187,Merkureck
7.602993123997678,51.959698275033794,7.60492917231582,51.960635125284654,Jungeblodtplatz
7.592354909471043,51.96093279701402,7.595167887110104,51.962182799387406,Universitätsklinikum
7.789585389620291,51.74751844935285,7.791441637815138,51.749407482396734,Mühle Rubbert
8.114215335711618,51.87740709636096,8.115667864518752,51.87830610360343,Grünebaum
7.909997857327829,51.87230099124663,7.912148645288292,51.87323480909456,Raiffeisenstraße
8.095923098119648,52.00987643671663,8.097453706983016,52.01075686216495,Pollortstraße
7.588460990097317,51.96091965935593,7.589935708548916,51.96198764053325,Schmeddingstraße
7.901370157416453,51.888789010885326,7.902811340554046,51.88972828886765,Hanhoff
7.86146636832324,51.77306122338132,7.862915431971203,51.77396017658237,Prozessionsweg Süd
7.597206685526036,51.81667270008484,7.599348570275071,51.81921149697591,Bahnhof
7.823356419742806,52.058424634310946,7.824869573518126,52.05942646549048,Spahn II
7.812969087129275,52.06984835389651,7.814427713182749,52.07074724606707,Eierproduktwerk
7.599584210925653,52.06601719141755,7.60104258944238,52.0669160085453,Thünenkötter
8.023691709098788,51.818046503342686,8.025142291154316,51.81894549662148,Elsastraße
7.853284743297942,52.108819197952336,7.854776062309723,52.10977880180164,An der Brücke
7.69230690459003,51.973122236623816,7.695095196673532,51.97404166363344,Pleistermühlenweg
7.845244782465807,51.91779694594079,7.847075120530641,51.91891325395013,Auf dem Knapp
7.988967165630833,51.850959362363874,7.990653138574447,51.8519019364221,Hennenberg
7.597622198470801,51.917043224412886,7.599661913730949,51.91812875183308,Getterbach
8.119729119609906,51.92791849957418,8.121183280619666,51.928817500390245,Vennort
7.720294039049303,51.90947841214871,7.7228266325546695,51.91202806781477,Zumbuschstraße
7.660236880303712,51.90543410169722,7.6627621244765,51.90658389484785,Ringstraße
8.023147065297554,51.968164977407625,8.024654728169896,51.969161122390844,Ortsteinbach
7.613303738951201,52.03945558676146,7.6147612614126965,52.04035441320141,Sprakel Nienberger Straße
7.874623697581759,51.81469262454167,7.8760741027099455,51.81559157542203,Alter Münsterweg
7.990247805445857,51.99840392174424,7.991704194818521,51.999302878219865,Austermann
7.596747684975047,51.974968538136665,7.598272211755639,51.97592816181599,Johann-Krane-Weg
8.1098523138975,51.9345791012831,8.111306686334734,51.935478098681294,Sportzentrum
7.991278127851689,51.96042014478257,7.992921669288212,51.961373254529065,Gallitzinstraße
7.634519139575595,51.900378301456875,7.636130355836912,51.90128109855325,Nimrodweg
7.598155503288155,51.88237992329197,7.600423939298204,51.884975968190076,Münster-Amelsbüren
7.763245449653519,51.89386917692421,7.7649468464561915,51.89494402310348,Boeckmann
7.614001584892762,52.003298960638965,7.615546613474793,52.004233939126586,Am Max-Klemens-Kanal
7.900873992640426,51.77603829513324,7.902435750163018,51.77696119114264,Im Beesenfeld
7.650339883293773,51.96446777971175,7.651827810029457,51.96545322003671,Dechaneistraße
8.068425751378621,51.94074271198379,8.070233845986019,51.941846287869986,Baune
7.782870869443792,51.97912252760593,7.784433233492783,51.980102072377676,Johannes-Kepler-Weg
7.621590206339652,51.973621300742785,7.625009482230711,51.97521621167799,Cheruskerring
7.996255482008973,52.0852669243906,7.997685714547087,52.08621527486847,Nordstraße
7.577908576221462,51.82356828575516,7.579384622780362,51.82464201408518,Schulze Hobbeling
7.827406911772731,51.8092086065907,7.8290467832926085,51.810116593464265,Telges/Kerkmann
7.84235022581086,51.84005683688179,7.845197268102168,51.84159886158738,Herkulesweg
7.537495710691271,51.94725116784491,7.5389761889808895,51.94829773187545,Nottulner Landweg
7.6426555806754335,51.96700479986614,7.64432381723465,51.96803610008001,Elisabet-Ney-Straße
7.814378412719627,51.79600853264129,7.81582818758738,51.796907467322235,Hosselmann
7.662889549240531,51.955561753157184,7.666245450239282,51.957086142821936,Gallenkamp
7.5154181499427395,51.86143999234802,7.516869850443045,51.862338807614464,Kuhlmann
7.6153825273347415,51.96618188074482,7.616837673027149,51.96708071921806,Neutor / Schlossplatz Nord
7.6520600613345,51.93372410314242,7.654034547586109,51.93502739712337,Friedenspark
7.684773391137812,52.038173618772724,7.686457814432036,52.03908788132339,Fuestrup
7.559906994498463,52.01364719138967,7.561410100778605,52.01491900847421,Vorbergs Hügel
7.610562171418144,51.80220136906608,7.612012028941757,51.803100230896746,Schulze Isfort
7.993788202073571,51.954687252805506,7.995622599377882,51.95572864635466,Emstor
7.732020829381058,52.03789066505603,7.733478370951663,52.03878953490725,Sandmann
7.767409103556481,51.92782965054842,7.768863096765004,51.928728549414984,
7.679366302672314,51.995797006632046,7.682468133224082,51.997779391118,Sudmühle
7.578087058554952,51.96023640982672,7.579570040429691,51.96131688999859,Gievenbecker Reihe
7.815680672520565,52.01371162307468,7.817548533401525,52.01465487731691,Althoff-Westhues
7.614923959954935,51.915544365265866,7.616398844769028,51.91648343450645,Grollheide
7.978988767709649,52.00258594444638,7.980816232431243,52.00355635843282,Dreimann
7.6495092111739185,51.903989001431775,7.65231510140333,51.906220473554875,Glasuritstraße
7.593706235158471,52.03616086968877,7.595372761686088,52.037203630316014,Hölkenbusch
7.789430566109256,51.96069224938648,7.7908856342070525,51.961591150577,Albermann
7.799468330048495,52.07357155638966,7.800927070267144,52.07447044357388,Kreuzlage
7.836686027154874,51.99318484419737,7.838142173149632,51.994083755766276,Wickensack
7.962227562112147,51.792235765669474,7.964086039882408,51.79316793365582,Abzweig Alte Ladestraße
7.82950146739245,51.96613554326962,7.830956732913482,51.96703445669397,Leißing
7.735076876445894,51.98802418589773,7.7371404274750875,51.98907741256717,
7.57210630433834,51.91985445760977,7.574273871655285,51.9218310282656,Ripenhorst
8.04166899510089,51.91352014319277,8.043345500662188,51.91497015582226,Heerde
7.623391200074807,51.89767023248461,7.625030704515454,51.898718567551704,Amelsbürener Straße
7.907435332672876,51.864570976050224,7.909081566079058,51.86558312385321,Abzweig Holtrup
7.9685301179525005,51.79956260950675,7.969980082314636,51.80046159045724,Schäringerfeld
7.990978099683013,51.819080207870066,7.992428700578586,51.819979192093975,Rößmann
7.644598568594104,51.93854587557302,7.646628227931579,51.93959232266353,Verkehrsbetriebe
7.744589081295937,51.80099897729512,7.746070015941964,51.802152722585866,Dreingau-Halle
7.992441670573675,51.833322908762646,7.993892729687749,51.834221891201416,Abzweig Freesland
7.655092639443729,51.867897414152,7.656852852253188,51.86959838482389,Große-Wöstmann
7.718442858108509,51.91117342131833,7.719902241391243,51.912158578617436,Hiltruper Straße
7.830150318157277,51.919701039600504,7.831604082147703,51.92059996036307,Freie Waldorfschule Everswinkel – Wester
7.97070034171875,51.92279395128116,7.972464666447369,51.92398114889174,Altenheim
7.509295114069804,51.86379419377671,7.510746886317624,51.864693006185725,Richter
7.898156262860752,51.77644909187443,7.8997042789466505,51.777368255947266,Untere Haul
7.776083856035502,51.83319590923626,7.777819492839228,51.83428455938359,Peters
7.607378150996756,51.98887411779093,7.6088374454307095,51.990006282156344,Im Moorhock
7.89583808792062,51.84608892371516,7.89728951236608,51.846987876248626,Nowak
7.618058963891703,51.96117872398943,7.620329131256198,51.96215037664726,Krummer Timpen
7.57270979941065,51.92443635654035,7.574399996159653,51.92551324350973,alte Heroldstraße
7.897640041509235,52.02357826476709,7.89994263335,52.025017075750554,Rengering
7.703479713477972,51.97590241901489,7.707195604113007,51.97719218477273,Alter Mühlenweg
7.634358197138303,51.960513032985745,7.6362257084422716,51.962159865284,Eisenbahnstraße
7.654297812861891,51.91067756920614,7.655751187488757,51.91157643075686,Lärchenweg
7.778910745894416,51.97750856746069,7.780384853582965,51.9785339322917,Von-Siemens-Straße
8.008040241239755,51.88084136731463,8.009627158103983,51.88180463249745,Voßmar
7.606763377906543,51.97225200742051,7.609428213781581,51.97452320895926,Orléans-Ring
7.626171100913053,51.954533555102394,7.628902382200401,51.95662408135499,Ludgeriplatz
7.640730725867852,52.06010988033439,7.643114249552843,52.06131710135017,Dorf
7.7559331081512175,51.89059881053119,7.757475890653409,51.89153828928709,Naber
7.596457655852475,51.94193488862107,7.5989488670240775,51.9433256184055,Bischopinkstraße
7.790910682173747,51.98503632020695,7.7941766798346865,51.98652215379038,Ostbeverner Straße
7.82103476835576,51.767459629368325,7.822483631949048,51.76835857059521,Feuerwehrschule
7.610784509801183,51.951439772162566,7.6125157852647725,51.95256555864497,Offenbergstraße
7.646966534827984,51.79755916187072,7.6484162655224015,51.79845803809223,Brüggemann
7.508317788595122,51.85918339362218,7.509769411792459,51.86008220634025,Sobbe
7.878326971934129,52.02791704036718,7.879797326768312,52.02896055955245,Transformator
7.633694589428641,51.99470343204493,7.635447410475064,51.99574346757157,Holtmannsweg
8.017873694498757,51.80038708828379,8.024045092681055,51.8030402372073,Bahnhof
7.6047300918427805,51.884557677773095,7.606350512156771,51.88558672224843,Amelsbüren Kirche
7.673042441073472,52.02591367461945,7.674499559274491,52.02681252534364,Schornheide
7.916035152260374,51.875542987972324,7.917766847669204,51.87644341199217,Lentruper Weg
7.663897627341052,51.92987912063603,7.665949249933759,51.931725080286036,Erbdrostenweg
7.816899104194152,52.03062078041199,7.818778906351995,52.03192211990317,Jäger
7.716829961647743,51.91550573033086,7.718326057324889,51.91655342166733,Wolbeck Schulzentrum
7.599528471718021,51.96433857845991,7.6026143711806675,51.96643413877716,P+R Coesfelder Kreuz
7.614185539533616,51.88243271547985,7.617025937890983,51.88366310399536,Pater-Kolbe-Straße
7.672603157697445,51.905419592033205,7.675386516396923,51.906875601681875,Rubensstraße
7.5293232570268085,51.950746605408,7.531566951119896,51.95213479459134,Pienersallee
7.979189646873762,51.942294776994416,7.980834251243372,51.94331192295648,Im Grünen Grund
7.982495856188666,51.96122833477395,7.984056134146632,51.962343865072164,Im Leinenfeld
7.578269681261424,51.92353665173541,7.581396498692404,51.92475177757613,Münster-Mecklenbeck
7.790550754273226,51.94904634830678,7.792005446042592,51.94994525165669,Podeswa
7.623520569794253,51.93851224195788,7.625445611179868,51.94015285867474,Königsweg
7.883757434872145,51.768411347395656,7.885278322387984,51.769375790957774,Westfriedhof
7.732866445581808,51.87906504088606,7.734286950840177,51.880012158299905,Wolbecker Straße 41
7.839309044812686,51.76863532653031,7.840757955487415,51.7695342734333,Am Roggenberg
7.778105316426857,51.98246805294469,7.779561083892794,51.983366947018766,Marienschule
8.005488165754972,51.86452870937187,8.006940234503508,51.86542769059223,Naschert
7.928780968581788,51.86682452012303,7.93023563248183,51.86779147969614,Murrenhoff
7.926776278859038,51.81545678813504,7.928664858386361,51.81660303983821,Vogelfeld
7.6827807111725415,51.820208569827116,7.684362480961453,51.82173822984711,Rüther
7.628203835130621,51.964664226611575,7.629685460465685,51.96554177316596,THEATER Münster
7.9119101405269,51.773789412639054,7.913529166240863,51.774806801875386,Abzweig Im Altefeld
7.7134950122615304,51.99835373118185,7.715305891873381,51.99933156732976,In der Stroth
7.932697415757509,51.803896639947986,7.934219777677377,51.805298459875935,Hellbachhalle
7.682593727440239,51.92822505519468,7.6846327718077125,51.929135944852646,Altehof
7.711909558285225,51.910497452446485,7.713651646878009,51.911432145879346,Brandhoveweg
7.696185879671241,51.90189476185264,7.69772362523729,51.902883138051436,Vogelsang
8.007983658247332,51.79533493567071,8.010681238840057,51.796573761111716,Eternit
7.809687394652165,52.00178704920958,7.811143805659552,52.00268595075398,Brandhove B51
7.827987315516626,51.84027383761834,7.82943088260701,51.84122586212055,Südendamm
7.640237006418443,51.90395821084544,7.642282156034381,51.90561225449577,Hohe Geest / Hiltruper Museum
7.5605982080377725,51.924739453165515,7.563447683678754,51.92579984828848,An der Hansalinie
7.510866754862941,51.867440093735986,7.512318645524153,51.86833890622648,Burbank
7.783659033564358,52.074997790836946,7.785532968878984,52.07591860936257,Sendker
8.01896779228679,51.91232301121976,8.02042140796885,51.9132219887444,Burholt
7.830206253672857,51.79371264882776,7.83173794909677,51.79494635086439,Kapelle
7.80215910718239,51.927449606013546,7.8056691222847725,51.928468243819,Rad+BUS Püning
7.587155596475244,51.927667260824215,7.588801572728483,51.928611805779944,Umspannwerk
7.622355725173764,51.9669303895583,7.6240499702752205,51.9680103104957,Kreuzschanze
7.883564061333933,51.92800120915651,7.8859508279207935,51.92906399231167,Wartenhorst
7.928354143432778,51.852403159702185,7.9299859600708915,51.853433240318765,Haarbaum
7.616441564137827,51.99037848517695,7.6180417355439225,51.991348814662665,Regina-Protmann-Straße
8.041717730509765,51.9964735750422,8.043425169465825,51.99749142466624,Düsbergstraße
8.00337103134382,52.06934502447178,8.004931470280638,52.07024637551571,Dreimann
7.630453818598338,51.96945782657138,7.631958084919504,51.97066847329524,Maximilianstraße
7.569213272311074,52.05054829612067,7.570671128064617,52.051447103842044,Borgmeier
7.984352390270366,51.952370313322696,7.985956209030342,51.95327258667076,Wilhelmsplatz
7.800445268046114,51.9974147503868,7.80190153226795,51.998313649576716,Grothaus
8.063267515518275,51.8917061038181,8.064720484725543,51.89260509614614,Damhuis
7.630695594380443,51.961751877516356,7.632150605977358,51.96265072244658,Alter Steinweg
7.742952826753562,51.79455991336461,7.745024064444543,51.79555898751354,Abzweig Mersch
8.03721873668831,52.038835949914706,8.039628590782616,52.040965051526534,Am Knapp
7.681202114477974,51.90657391306444,7.683953689074402,51.907536387609156,Am Herzkamp
8.106853061155283,52.00577690711518,8.10830973907865,52.00667589284921,Wiltmann
7.533151666667697,51.84138788722247,7.534602733713066,51.84228671274005,Höwische
7.806038759977458,51.99524338983818,7.807962247428835,51.99648651034063,Gerversmann
7.590401813833969,51.93880567628377,7.592247787329591,51.93971492380816,Vorländerweg
7.63535208648539,51.912697923228436,7.637009339781251,51.91414634783301,Im Dahl
7.687348666269925,51.90895621904772,7.688836934867535,51.91005218077376,Abzweig Hiltrup
7.775347214408919,51.77285656387061,7.777203381257376,51.77446513409197,Buttermann
7.7831456910477685,52.02489668763007,7.7851305144515495,52.02585001287631,Schulze-Osthoff
7.526027307938765,51.86383399038194,7.527479092444314,51.86473280958056,Pötter
7.630723699453988,51.95297885119142,7.633085745447516,51.95483467414296,Münster Hbf (Hafenstraße)
7.858550325678126,52.1115682922236,7.861707515205106,52.114598826804404,Kattenvenne
7.645431622707716,51.927873375691185,7.648314055513317,51.92978532217644,An den Loddenbüschen
7.8331976705927016,51.7796128283486,7.834646929709166,51.780511771615,Avenhövel
8.06412217819511,51.85054930054626,8.06557382204794,51.851448299417974,Northoff
7.8077119915771975,52.0389429523827,7.809169608735675,52.03984184758087,Aertker
7.88295531374793,51.8682598436466,7.884863548317508,51.86950229704652,Abzweig Wessenhorst
7.610265919973707,51.992442663086926,7.613290601366889,51.9943997848383,Am Burloh
7.611500143107305,51.930481590883005,7.613159020922784,51.931515309401334,Sankt Gottfried-Kirche
7.546060852606792,51.85250720018944,7.547727020297312,51.85468611220724,Venne Kirche
7.98556152212424,52.03572602145684,7.987265790839017,52.03702437864002,Hüchtker
7.846054822756188,51.774399578058336,7.847804465739218,51.77562508244092,Schulze-Brockhausen
7.846613594539817,52.04563839866529,7.848386405431973,52.0465386012944,Loheide
7.832000316886813,52.10366895626056,7.833607688377161,52.1047031437345,Abzweig Moorwinkel
7.6176093175385535,51.95145870910193,7.62048254388147,51.95282258745952,Geiststraße
7.791501531247006,52.12876986193611,7.792962069071694,52.12966873802745,Abzw. Imkerweg
7.887759362105992,51.81495320655781,7.889172841315922,51.815872992885524,Fröchte
7.7445845030004286,51.98131629368317,7.747975393067691,51.98230730707642,Jägerhaus
7.64060131132956,51.961214211135655,7.642238430787538,51.96226362000522,Zumsandestraße
7.646383587189303,51.80677516268716,7.64783361316141,51.8076740372758,Holtschulte
8.020445016202103,51.83613797265573,8.021998583589301,51.83732382649601,Mosaikschule
8.066652078324276,52.000017182050506,8.068123922520893,52.001050817856594,Feldmark
8.038561885487393,51.8193186014671,8.040012514761871,51.82021759849708,Schniederkötter
7.677157528759155,51.97813048023287,7.68084637721732,51.97988521650387,Wersebeckmannweg
7.602539292382205,51.94752623075264,7.6054896676514785,51.949181475387505,Huberstraße
7.532353549616935,51.94565258709445,7.5346593545041864,51.94696211221905,Raiffeisenstraße
7.577991903079277,51.9247450443036,7.580654004838189,51.925888884811506,Mecklenbeck Bahnhof
7.641740212828318,51.95283380239872,7.644686094015379,51.95399753279239,Emdener Straße
7.788302529211941,52.05038240077675,7.789709064262329,52.051297498708614,Haverkamp
7.909254084642011,51.77755151643011,7.910703315640143,51.77845048353372,Am Stadtwald
7.9850183577277996,51.85909771177163,7.986470242535925,51.85999668819243,Aufderheide
7.779931425012907,52.01827525170331,7.781563374399691,52.019255548057345,Mersch
7.828012019005594,51.8807671960864,7.829569087079856,51.881655103740435,Büttendorf
7.655599338793052,51.86385530727066,7.657198464756838,51.86519649215853,Freisfeld
7.641078446271732,51.995875915526895,7.6429953571480285,51.99703308431208,Coerheide
7.904092373409162,52.08767474101653,7.905551626879191,52.08857365894736,Große Hartlage
7.900358683533313,51.87630691798579,7.901798519725614,51.877282381127216,Große Farwick
7.871074953064852,51.76887125884345,7.872839178940797,51.76988835405619,Kapellenstraße
7.966276235436437,52.0261844928808,7.968508953129567,52.02766290742876,Kloster
7.836445509236177,52.038651380166556,7.837951584481081,52.03963911963572,Bahnhofstraße
8.005523571204764,51.9563521412192,8.008919042499418,51.957540461596466,Kreutzbrede
7.985921696183071,51.941754525811696,7.987565001477953,51.942776374164595,Kreishaus/Polizei
7.68410757953134,51.913612009537225,7.686095151138384,51.91490224224093,Am Schütthook
7.6330469047996115,52.08293038480222,7.634645995896236,52.08389711497847,Lerchenstraße
7.612628351135577,51.88031951654672,7.614573647626301,51.88123448354766,Siriusweg
8.105958621858933,52.014366907883876,8.107415578375342,52.01526589208053,Seenstraße
7.780471510933619,52.03372145081792,7.782007583484871,52.03471794907826,Krumme Reck
7.569376553977083,52.07009709758778,7.570835046398969,52.07099590237493,Semesdiek
7.6328829646517695,52.08663608668668,7.634342035707918,52.087534913276286,Siedlungsweg
7.963106794634085,51.97047303657808,7.9645331120967136,51.97140956292268,Stratmann
7.861704290719695,51.995037040395836,7.8631605095782895,51.99593595956791,Westdorsel
8.096251690914842,52.00407380828895,8.097708309321845,52.004972791675435,Heidesee
7.7244514394799,52.040499505369546,7.726013964263057,52.04148599460021,Ludger
7.6042472002000805,51.92639383720304,7.60588320708955,51.92729926277832,Brunnenweg
7.992267975993847,51.969350319235076,7.99372342426958,51.970249280729014,Dr.-Hans-Kluck-Straße
8.025276496467942,51.8573648724637,8.026882407626589,51.858268227533415,Finkenberg
7.732487186691835,51.91623083013657,7.735296429243696,51.917424972568064,Kurhaus
7.783871289027922,52.05792885777149,7.785329511291542,52.05882774219201,Liedke
7.624593631456199,51.90283814326001,7.626290589147796,51.90448964190577,Meesenstiege
7.782553099599237,51.99113790665615,7.784253400332487,51.99203819330805,Schwimmbad/Stadion
7.782521650701729,51.83705353573207,7.784083750124335,51.838006664079145,Brock 6/19
8.07142391323271,51.84205899896149,8.072875287008328,51.84295800100279,Rülker
7.7638464721913945,51.96074545367787,7.765301528131601,51.961644346285524,Scheune
7.688891681090759,51.91170505325279,7.69033672072712,51.91263604654947,Angelmodde Waldsiedlung
7.882437095648457,51.78659379136958,7.884014011222533,51.7874856084868,Halene
7.949017541399971,51.829530314593214,7.95046845887267,51.83042928537073,Schule
7.90558817862176,51.80247956705289,7.9071737237776665,51.80342493245436,Warendorfer Straße
7.710067191730458,51.99549147797889,7.711577419607245,51.997126621918866,Drei Eichen
8.00997789690494,51.94310756042233,8.0115089966219,51.94398623935056,Am Salzgraben
7.952311365035537,51.79908519290051,7.953918979434863,51.80022265970062,Eschweg
7.9230012893350334,52.05317090388298,7.924646309825061,52.05417439599409,Thies
7.5306474989319785,51.95671872106294,7.532203107785415,51.9577495788083,An der Kleikuhle
7.746841223940768,51.87150139210558,7.748412074326208,51.872403707894854,Haves
7.854210571210796,51.926512107628994,7.855838933754097,51.927421791049696,Graf-Droste-Straße
7.638171120543863,51.948470605992945,7.640064260765147,51.949915763255895,MCC Halle Münsterland
7.732312208353659,51.7976289192185,7.735475191121987,51.80007811032324,Drensteinfurt
7.697779742194127,51.986733122927305,7.699443261585072,51.98778107710574,Handorf Mitte
7.7020222773187825,51.98127489053845,7.703673721430818,51.98218050948717,Hobbeltstraße
7.682295480490437,51.94722450986293,7.684567417291083,51.94848638907292,Stapelskotten
7.734021449627831,51.89934034071334,7.735792538690961,51.90120925844459,Tiergartenheide
7.584664752747814,51.97545260004323,7.58623614426845,51.97674419942695,Alte Sternwarte
7.8821783707226265,51.791610568005,7.883961129699455,51.79265573145773,Lentrup
8.093896628187844,51.85328049700037,8.095348372047503,51.85417950296398,Reitkamp
7.560094395144852,51.975687053492194,7.562349895834219,51.97676828003587,Südlohnweg
7.649487045963419,51.9401968613395,7.6512525591176646,51.94160048769261,Loddenheide / Beresa
7.626229489161757,51.964765271436605,7.627711482035724,51.965827860310974,Tibusstraße
7.59675189480154,51.96595151101768,7.598250275365932,51.967177946813315,Wilhelm-Klemm-Straße
7.780427171925008,52.04298325500625,7.781989224036343,52.04387834493133,Salmen
7.614143752605687,52.07892279125143,7.615711645898346,52.0801538080775,Drees
7.8639622155438795,51.86253299339166,7.865786781511615,51.863456806806205,Abzweig zur Kapelle
7.858809710722133,51.94719412655413,7.860441690545161,51.94848567233759,Schlautmann
8.094762490727437,51.92382270231227,8.096216509508595,51.92472169765209,Pohlstadt
7.693772126696137,51.91529676239073,7.695225673644314,51.9161956375724,Eichendorffschule
7.912859299559285,51.776566015816556,7.914308500721919,51.77746498414727,An der Langst
7.894964323530937,52.049858748342004,7.897907589903658,52.051011854087726,Brock-Schirl
7.625370170358119,51.959953144570484,7.627309835048728,51.9611601554478,Picasso-Museum
7.5698916184744185,51.88407794990851,7.572129725408435,51.88535476170728,Kannenweg
7.591119099042866,51.92959870249435,7.593660949583378,51.9310191853888,Mersmannsstiege
7.8323472426103296,51.98613424434893,7.833803157695192,51.987033155614704,Ahlbrand
7.807610011071638,51.8782893932635,7.809057294517566,51.87922140638203,Feldmann
7.614142729021953,52.007440821813546,7.61566577699773,52.00831927791802,Am Knapp
7.694043821378542,51.91063531559244,7.6970636879085506,51.911895732355156,Theodor-Heuss-Straße
7.820035192778257,52.06260227496217,7.821557601001209,52.06347852479337,Spahn
7.816631034524448,52.04230605118951,7.818088765786142,52.04320494877406,Frönd
7.727065262480043,51.911894481646705,7.728710634508036,51.91326901737591,Juffernkamp
7.897205620757734,51.97454883539621,7.898826981921719,51.97550036398313,Abzweig Dorf
7.992526530574569,51.941259217042685,7.993981069688384,51.9421581829214,Adlerstraße
8.02713665052583,51.846122672807255,8.028889254700584,51.84724452728012,Nord
7.531152885744895,51.871320389923824,7.532604914637008,51.87221921003873,Kleimann
7.989537152260268,51.93995951735601,7.990991648003449,51.940858482608085,Eichelhäherweg
7.784026456508484,52.10936117047419,7.785599341522518,52.11030202919247,Abzw. Hölterfeld
8.039614970644095,51.84512100331164,8.04106642960525,51.84601999665255,Wiggersberge
8.034792012789985,51.80520680087972,8.036242187460061,51.80610579908444,Parallelweg/Fuest
7.820244076949218,52.10391543552882,7.822364228850363,52.10488316512951,Moorstraße/Torfdamm
8.11056629470132,51.9295711008115,8.112020505530664,51.9304700991529,Mühlenweg
7.7458042727607435,52.06571076480886,7.747262727568861,52.0666096351545,Abzw. Pumpmeier
7.744660758818165,52.042011563187714,7.74611844151131,52.04291043677567,Scharzwaldhütte
7.53294873299319,51.86834968933448,7.534400667388189,51.86924851062805,Feldkamp
7.626880211428993,52.0458551259614,7.628505383996383,52.046759474063606,Große Laxen
7.949334611199312,51.99085687276155,7.9509732903047645,51.991864027183354,Schulze-Heuling
7.857917952953189,51.799037125932664,7.859367847342594,51.79993607403101,Wißling
7.789328199942919,51.94624334829424,7.790782800373166,51.94714225166924,Elpermann
7.950013468187453,51.82385315006221,7.951682536578595,51.824778448574214,Bahnhof
7.583591822152982,51.891679181651455,7.585057778219358,51.89268791815855,Kopenhagener Straße
7.653560906195244,51.96745838024515,7.655426689222347,51.968433918048255,Schifffahrter Damm
7.542975739266307,51.85023344025806,7.544483458166862,51.851147159413784,Fiala
7.706454778594299,52.01002433996492,7.70801911564181,52.011423059722226,Fachklinik Hornheide
7.798400671843998,51.9898064837316,7.801402243435366,51.99100191906353,Altersheim
7.5648134270781,52.06569849814617,7.566271773299058,52.06659730181653,Becker Kreuz
7.890176097630416,52.113626258492594,7.891692304012426,52.11454924131118,Timpen-Suhre
7.578243705661214,51.966761670953304,7.5807342120311665,51.96844110087813,St.-Michael-Kirche
8.026659570005142,51.85159826187249,8.028307726969105,51.85250743819272,Haltenberg
7.967826799757063,51.91589245467636,7.969410194075238,51.91733454494895,Westkirchener Straße
7.623426009450488,51.89951969450791,7.625582770264921,51.900926307163566,Franz-Berding-Weg
7.774710956021167,52.06207955248222,7.7762426389970845,52.062964247357336,Ploogsvenn
8.038390478109587,51.833613584219506,8.040246314725955,51.834564816226425,Oelder Straße 61
7.717069336041862,51.93209142355254,7.718720752713823,51.933311376494956,Abzweig Angelmodde
7.6145295978093115,51.96140514667332,7.61622070564987,51.96246355334934,Landgericht/Schlossplatz Süd
7.537878215929766,51.87551998889621,7.539330384450478,51.87641881106636,Kunstleben
8.121323953869055,51.92281265176987,8.122740042622851,51.92374184759008,Esch
7.818834399746929,51.84430367884303,7.8204674697899526,51.84639079008431,Realschule
8.059611101679394,51.82426159910552,8.06106189856448,51.8251606008587,Wiegard
7.845283116897378,51.92172878274596,7.846751185619162,51.92274641640806,Schorlemer Straße
7.988554063182359,51.94548111791611,7.990008737081696,51.94638008204798,Finanzamt
7.632697646405575,51.92646137101175,7.634481946750995,51.927633129136204,Schuckertstraße
7.634593133417724,51.97985366755695,7.636221954624253,51.98108593243663,Anton-Bruchausen-Straße
7.8086444548291425,52.069462372676796,7.812098129820446,52.07187401466957,Ostbevern
7.73543776459887,51.86555546386475,7.736998231614942,51.8665475361186,Schwalbenweg
7.861834667749963,51.95641207945746,7.863432040911491,51.95751692045775,Abzweig Müssingen Schule
7.816264778224543,52.045772851514826,7.817722622086205,52.04667174844876,Bals
8.057943195751903,51.873999028168164,8.059393310144012,51.87493947147217,Conrad
7.821913120541085,52.01839820224612,7.824080391539835,52.01986339819019,Unland
7.774355741392456,51.98191544273282,7.777006860138651,51.983261055316234,Münstertor
7.9796674521871,51.94724021907022,7.982327625105251,51.94857703612554,Franziskus-/Marienschule
7.8047602656185555,51.75692976331665,7.80629153258317,51.75786103643052,Ostfeld
7.491198475728222,51.867040882753464,7.493133829052532,51.868036815221586,Siebenstücken
7.999199195652966,51.95858360418708,8.000685902166804,51.95947729573438,Josefschule
7.800626881032664,52.002774450768264,7.802083319281448,52.003673349195275,Luttermann
7.944854811693981,51.99888212648905,7.946680791936835,51.99987527214151,Schulstraße
7.668689146675268,51.90093304471454,7.670137256114054,51.901916454564265,Adolf-Wentrup-Weg
7.956260371311598,51.94543352245774,7.9577150289608864,51.94633247750628,Walgernheide
7.839445384690084,51.90447675556946,7.840985523122844,51.90552484423426,Markfort
7.773009418418033,52.09312256228781,7.77446878190491,52.09402143767566,Aufderhaar
8.048754341634263,51.99538831365582,8.05021065861475,51.996287286308416,Wichernstraße
7.5616979017690396,51.96916346732887,7.563409849827571,51.9701455063212,Nünningfeld
7.612895379522199,51.99865958391856,7.614807637597275,52.00020351658986,Pastorsesch
7.633245017639894,51.91706355142829,7.634757877827334,51.918345948393984,Bredekamp
7.846871357012084,51.920127662642464,7.848422938662272,51.921027736476994,Möllenkamp
7.645200643630455,51.98212968278175,7.646888055259312,51.983124116800646,Sibeliusstraße
7.684245991858223,51.93000746523107,7.6857000084849885,51.93090633473206,Zeisigweg
7.798512873929728,52.04869624153905,7.7999752253622745,52.049668058327136,Ewelt
7.930295180070055,51.921869521312956,7.93211001914008,51.92294517829502,Therling
8.040024386849819,51.98922106842462,8.041450909813703,51.99016473091268,Volksbank
7.978845701032985,51.955638020047346,7.980300699233752,51.95653697991673,Feldstraße
7.901466556650245,51.77264346674436,7.903107029668513,51.77362628929231,Klingerstraße
7.871616087412234,51.86576314290129,7.873375607244974,51.86669065733437,Drees
8.066656711023873,51.87953380244894,8.068109289218901,51.880432797515326,Potthoff
7.669942382756254,51.79414485738574,7.671392017588118,51.79504374257728,Mehring
7.91079846136536,51.81983525565757,7.912266538858444,51.82086044413201,Münsterstraße
7.636487049355347,52.082633078434085,7.638183656316791,52.083549221680535,Mariensäule
7.991446843939841,52.081645376221275,7.993647770227448,52.08271015489263,Haltestelle Grundschule Glandorf
8.118654953906981,51.925808899541764,8.120109046322844,51.92670790042269,Borgkamp
7.6119218929417745,52.06074588865695,7.613380107422909,52.061644711305945,Aldruper Brink
7.875999106061124,52.042879701383455,7.878006006314937,52.044289299069234,Mersbäumer
8.114152598046736,51.92859053121765,8.118608913593016,51.930605289467834,Marktplatz
7.708417304536906,51.88875430072337,7.709881697890639,51.889836999223505,Borgert
7.66450507724292,51.80705935937115,7.665955123103103,51.80795824059187,Wiggermann
7.5157613477432585,51.85535479181078,7.5172128526423085,51.8562536081517,Schulze-Tomberge
7.646357263116904,51.99217723797361,7.649959727491262,51.993403517194004,Königsberger Straße
7.848528095832046,52.036836785825166,7.8501882054945495,52.03782051374616,Brandes
7.993533384795155,51.95025771759474,7.994988215467668,51.95115668236936,Oststraße
7.602822329352298,51.97431754545146,7.604976063141925,51.97578498342622,Leonardo-Campus
7.6887079750209795,52.09809113878195,7.691197838405548,52.09920086314823,Postdamm
7.6250859604475885,52.08249102116603,7.626523142978339,52.08345057800371,Zeisigweg
8.004099374804241,52.06593659945275,8.005601221182625,52.06682080037979,Recker
7.728438834567889,51.98719832527526,7.731032177308173,51.98862110091753,
7.841902520337864,52.03892248245,7.843541174210681,52.03982831758427,Buchenstraße
7.637641552122666,51.906291656078274,7.640394266468423,51.9080489364339,Hülsebrockstraße
7.956539442717012,51.79129734589763,7.959042577676764,51.79255354728493,Kästnerstraße
7.527440185011206,51.91718779902309,7.529116808758507,51.91828920106112,Sendener Stiege
7.669562005488133,51.998915384330125,7.672662502324047,52.00043938652747,Sudmühlenstraße
7.850546514270968,51.92428738373248,7.85303518514616,51.925199916307314,Wibbeltstraße
7.757299076074886,51.811909561826994,7.759004021185059,51.812884137361046,Eidecker
7.936340347628988,52.07435649620754,7.937813452375733,52.07537210363641,Kindergarten
7.612284922461176,51.96773231425298,7.614944674040891,51.969145284085556,Steinfurter Straße
7.556920285501233,51.999239920346625,7.558757810607859,52.00037787959315,Hägerstraße
7.816120342995605,51.982639806677824,7.817687352878816,51.983637293303445,Everwin
7.949977362822312,52.06310953238924,7.95143583745359,52.06400846757478,Buller
7.627520341032912,51.96207674505213,7.6291901528961,51.96298915504281,Prinzipalmarkt
7.920707862072255,52.057464528930375,7.922278633044325,52.05847287103909,Alter Kirchweg
7.8480250547338875,51.923643425547795,7.849563848533275,51.92461237441015,Bergstraße
7.763363608115721,51.85673638604067,7.76490278681873,51.85773181388707,Bruns
8.114345639013683,52.00704970630023,8.115802361218298,52.00794869366419,Hesselstraße
7.522824333298287,51.924366238168126,7.524518567935841,51.92539646170717,Dülmener Straße
7.891984301327748,51.960758278041624,7.897131877314586,51.96218531825681,Abzweig Einen
7.60449022852465,51.88151974036552,7.608118801464135,51.88365517548594,Davertstraße
7.6368501851895045,51.965924325413596,7.639447321877791,51.966941775768284,Piusallee
7.859104627762533,51.96566934221082,7.860749979407679,51.96720575728958,Rottmann
7.686106790785015,51.99240280886683,7.687918015637742,51.99334059145951,Dyckburgstraße
7.931063027024236,51.79953931489471,7.932512973252607,51.800438285069184,Fährenkemper
7.776242707974246,51.976850352825515,7.777698292345793,51.977749247137915,Einsteinstraße
7.6586259899563425,51.93285558301876,7.661869180131666,51.93530171845238,Heumannsweg
7.85697140586733,51.834681425563055,7.859086982456535,51.83612907483603,Waldmutter
7.626742693647884,51.97321539041165,7.6304786083965706,51.97476420395774,Langemarckstraße
7.647361763138613,51.9312713749777,7.64895324504489,51.93236052493428,Gustav-Stresemann-Weg
7.972939125577317,51.95423352405062,7.974670078716115,51.95532557599868,Bürgerhof
7.9932860045354355,51.948889511551656,7.996406593327789,51.94983788881989,Osttor
7.847462090171691,51.92115793695879,7.848915910128804,51.92205686300485,Hoetmarer Straße
7.986004210033534,51.96733541994765,7.9874595902314995,51.96823438001645,Immenkamp
7.912920787948249,51.833388220175415,7.914371812333814,51.834287179788404,Pieke
7.863163926082073,51.92733794300531,7.865284280456531,51.92831505773112,Nebelung
7.634635690003615,51.971550112919466,7.63734278815451,51.97350201533137,Pumpenhaus / Lublinring
7.765509906895251,51.927655150855934,7.766963893426725,51.928554049107454,
7.544844929709344,52.00071459116956,7.546970761369536,52.00208560897772,Feldstiege
8.029580231910122,52.05643527558656,8.032538748284354,52.058418024939876,Schloß Harkotten
7.6600006979731345,51.799615559624485,7.6614505023739135,51.80051444033854,Freisfeld
7.779224953986578,51.97396055210442,7.78068044633263,51.97485944785905,Wolbecker Straße
7.7822755712138205,51.855061007850715,7.784659228070491,51.85632109051121,Reiterhof
7.679172784737735,51.92908946235919,7.680637513063147,51.930165837577945,Pirolweg
7.605666504812994,52.001059617493425,7.607120694276994,52.00198728242886,Von-Humboldt-Straße
7.6325750799456715,51.807485565315396,7.634025120408633,51.80838443464751,Kleykamp
7.770563145925598,51.85613442644426,7.7730522487707105,51.857125174366416,Sägewerk
7.78930186052272,51.91154960493987,7.790932841154348,51.91251959461869,Püning 13
7.889088515999242,51.977888777726115,7.890916889002371,51.97901629238822,Suer-Frielemann
7.616314994009829,51.92487770990264,7.617720109829865,51.92578488945888,Berg Fidel
8.044672632743785,51.940423309969134,8.046127167505544,51.941322289995085,Feuerwehr
7.578662634887788,51.930183352665686,7.581494643704687,51.93138368219837,Sankt Anna-Kirche
7.971244097153781,52.04661173179795,7.972737004528085,52.047667367454466,Heideweg
8.025679429261158,51.947224758156786,8.027495169957902,51.94830004145099,Hagemeier
7.638918580189,51.902583641569194,7.640414213877373,51.90356135823506,Hiltrup Schulzentrum / Stadthalle
7.814038237490376,51.78199003161884,7.815487562816487,51.7828889683447,Gunnemann
7.69669763043377,51.92416120169096,7.6982096626988845,51.92516969811595,Homannstraße
8.117001208423408,51.9348308004344,8.118455591806967,51.935729799530016,Gaffelstadt
7.7807105923615945,52.08672673643769,7.782409009242204,52.08763466362543,Kattmannskamp
8.082199597086923,51.86512145959211,8.083995502826632,51.86617283994086,Pilatusberg
7.556155293091948,51.977366627495584,7.558002700293511,51.9783122729067,Autobahn Nord
7.659132651359216,51.95350472450551,7.6608018458326885,51.95446607476412,Institut der Feuerwehr
7.979211651692833,51.93736916154488,7.981092048124254,51.93844633781123,Am Siechenhorst
7.640435881148174,52.0566991114356,7.642494827522411,52.058027388780076,Abzweig Gelmer
7.667078515157425,52.01882900649313,7.668592181453623,52.02005439330492,Ölhafen
7.6016249665460975,51.99648162488314,7.60489403655285,51.99762920160475,Kinderhaus Schulzentrum B
7.549471413027406,51.99929174325168,7.550954293302308,52.000261656445154,Sporthalle Nienberge
7.582295575266947,51.92607699760496,7.584241783008443,51.92769396151994,Dingbängerweg
7.705080661956001,51.99191304489707,7.707794452794865,51.993072757509594,Middelfeld
7.803102479783971,51.92870604467642,7.8045565205282195,51.92960495528709,Brüning
7.576424298729047,51.95909835365731,7.578230601072238,51.960000546316564,Oxford Quartier
7.733160805977146,51.79469272135304,7.73470679929237,51.79569537855961,Windmühlenweg
8.00733758045741,52.0999226468182,8.009044917770835,52.10091265260346,Borgmeyer
7.6055671216448495,51.92967061017013,7.608142458488905,51.93147915173937,Düesbergpark
7.775181435209974,51.97989047301635,7.777490854386013,51.98093852831616,Orkotten
7.702129491119931,51.919274849599674,7.703814610681262,51.920183350467425,Haus Angelmodde
7.589712652098731,51.964746184236795,7.592367439217817,51.96580081717153,Hautklinik
7.891823966581732,51.77562910642783,7.893333618238139,51.776545110702365,Max-Planck-Straße
7.524833291859444,51.96503655386287,7.5266156213701425,51.96638114638286,Hohenholter Straße
7.752580347249486,51.87909415311139,7.754216951703843,51.88007244656823,Hesselmann
7.530527534265472,51.9534833327922,7.532138769111547,51.95442096643054,Pantaleonstraße
7.815193202068479,52.00124054827203,7.816649598241789,52.002139451691555,Vehrenkotte
7.884872231622621,51.8497568256638,7.8863237686669825,51.85065577429998,Schulze Zumhülsen
8.034295911010608,51.92137889765052,8.036032785798781,51.922840500852146,Vohrener Höhe
7.551679332592059,51.997217354491845,7.5548568716280275,51.99948948605871,Von-Schonebeck-Ring
7.578128307710075,52.060487195141,7.579586492663479,52.06138600482175,Einmündung Flothdamm
7.815769719430049,51.963143345254515,7.817224880879421,51.96404225470906,Liesker
7.62139992681405,51.96950354213248,7.622966372086824,51.97072555711877,Hoyastraße
8.046796872036545,51.82004770044336,8.048247528210593,51.820946699520846,Dörhoff
8.145739123834524,51.989122101183966,8.147195276389013,51.99002109878052,Zur Heichte
8.063454918313694,51.854397388780576,8.065814286880796,51.855375411988824,Vintrup 18
7.653752315667065,51.9661845735681,7.6552074846848,51.9670834263949,Albertstraße
7.999104605633056,51.9427109162494,8.000559194628202,51.943609883714714,Breite Straße
7.780958571275933,52.039704981426645,7.782542627510266,52.04060751857335,Riehenhaar
7.902494532737467,51.791793734303226,7.904106297618107,51.794957028519875,Wasserturm
7.776062307986952,51.78926915582162,7.777843590384936,51.79034804394655,Panik
7.833287731169689,51.757087126602144,7.834736269131782,51.75798607336144,Haus Küchen
7.731041238640246,51.98806886140363,7.732497161691818,51.98896773855966,
7.560267363393191,51.94729926840786,7.561996899751266,51.94822288852861,Hohenfeld
7.619829123618289,51.98913102867732,7.6215062740247665,51.99010227068321,Provinzial Süd
7.733302704805527,51.792018638876336,7.73488189959149,51.792917361069996,Grundschule
7.779188781699244,51.98052033686651,7.78296988756594,51.98233831140205,Telgte
7.648463064128267,51.921677528622766,7.649922032050015,51.92282947132167,Kesslerweg
7.723451310732813,51.92418992468035,7.725440568796863,51.925914776083246,Lerschmehr
7.763733237642635,51.78429362966624,7.765482558732856,51.78578906880301,Drepper
7.800018462650118,51.78689143428677,7.801467937660458,51.787790365676706,Beckhoff
7.607201813320565,51.933192621235,7.608705681845551,51.934475978621585,Siebenbürgenweg
7.942159971274451,52.061033934861904,7.945419440707731,52.06217686754095,Abzweig Schwege
7.750892641845761,52.02837589207153,7.752483554248918,52.029294207097585,Grevener Straße
7.673330892171312,51.98800326962302,7.6750551047646365,51.98897562945704,Im Sundern
7.569297484397342,51.929055410639535,7.571842905896187,51.930461202190145,Meckmannweg
7.992625526524853,51.965039032978105,7.994241877107927,51.9663979663726,Bundeswehr Sportschule
8.099969849536345,51.851878096141434,8.101421550697408,51.85277710382293,Burchert
7.962048252871186,52.1305381238107,7.963603948010843,52.13143897617502,Zimmerei Voss
7.57308645489934,51.96065293651119,7.574534751371164,51.961596263085006,Simonsplatz
7.9617732076023575,52.07355862110341,7.963292988857361,52.074514778828615,Lagestraße
7.736483164785224,51.91720319807972,7.738930042665857,51.918218303052875,Im Bilskamp
7.599050152201847,51.95860847092778,7.600643849208069,51.95956732875414,Chirurgie
7.83191495157772,51.92162292136219,7.833976650183944,51.922543378847536,Sportpark Wester
7.78658616253094,51.75825308545852,7.78846273969368,51.75937681427913,Abzweig Drensteinfurt
8.039450665122764,52.003735393685254,8.040914027425064,52.0051051062431,Scheffer
8.081139216180489,51.9376739683988,8.08418808397386,51.93909352817889,Große Frie
7.493934089235665,51.8901797306505,7.495484317361619,51.891064169132164,Schulze Kremer
8.00072599045109,52.086110052961885,8.002218113040112,52.087291246944645,Alte Molkerei
7.89540933691961,51.97827249080418,7.896874162858769,51.979264309075205,Schulze Osthoff
7.6448689721654315,51.801505862563175,7.646318828185573,51.802404737399776,Munsch
7.62542663623809,51.931057487813106,7.627419413380919,51.932928711644585,LVM-Preußenstadion
8.033941014000296,52.08733633385907,8.035906684244503,52.08825636629585,Schierloh
7.91590184325393,51.81982467426667,7.91773014775578,51.820800835727624,Kapelle
8.05775955740581,51.94263120292955,8.060827125842623,51.94387150014031,Bahnhof
7.686560666528804,51.84331492523684,7.690593487874116,51.84704899526138,Rinkerode
7.644560971577645,51.94484619689319,7.646186248071977,51.94596710640655,P+R Nieberdingstraße
7.953574352436721,51.920964813132436,7.955234945308731,51.92199498682957,Weidbrake
7.8612108086016725,51.77157183136276,7.864391702658137,51.772744759659325,Abzweig Prozessionsweg
7.6829675841338325,51.792029658807785,7.685238938229453,51.79391384228907,Abzweig Rieth B54
8.141879865648932,51.99916700334419,8.14360274062859,52.000730495737116,Tatenhauser Weg
7.753358344150897,51.857081445932465,7.754812554696788,51.85807195402347,Lüring
7.847574103279312,51.79606232732955,7.849023897019101,51.79696127263407,Im Seebrock
7.806884109935634,51.97373865498962,7.809964481077179,51.97542884355721,Möllers
7.755205305730333,51.946459954049544,7.756659894594665,51.94735884591382,Schulze Schwienhorst
7.685333295807295,51.98205834117547,7.6868896057062175,51.98295965881239,Gymnasium St. Mauritz
7.5276589065818325,51.96015932405394,7.529142692432256,51.96124117576377,Everding
7.810088029797336,51.78253493230355,7.811537370510558,51.783433867659966,Beckamp
8.009498635981837,51.99625831894256,8.010954964277468,51.997157281021614,Osthoff
7.856499482852816,51.94177389276133,7.858092417352152,51.9426735072182,Deckenbrock
7.752862698788898,51.92888690435389,7.755203494936327,51.93027139516211,Telgter Straße / L793
7.796754468487689,51.9723695730244,7.79837322863231,51.973383926977924,Südost
8.026048562029944,51.861243169718755,8.02768514156576,51.8621511303283,Amselweg
7.852099929535277,52.03970598257134,7.853654876069058,52.04071331733436,Wischhausstraße
7.574921305842582,51.91947010708003,7.576358087353723,51.92042129251485,Rockbusch
7.665070857020868,52.07567558999414,7.666874138325233,52.07680971003497,Hof Laumann
7.634172040992599,51.99583697948092,7.635628159364964,51.996735820482044,Speicherstadt
7.630995130616557,51.81058976585011,7.632445269738217,51.811488634112784,Schilling
7.746912756387506,52.029821861865734,7.748370043941157,52.03072073809764,Kapellenweg
8.118529927411497,52.00771380584487,8.1199866728194,52.008612794119564,Wöstenstraße
7.812652883446339,52.02768853916817,7.8141566127099304,52.02863756073127,Tewes
7.622995736626371,51.92469586304275,7.6250110532737025,51.925697937843246,Drachterstraße
7.6204418449841125,51.98375496901899,7.621934265382516,51.98531923089352,Wienburgstraße
7.9879071163027096,51.83336566184444,7.989512485415973,51.83432653775583,Reckmann
7.999057876789898,51.845286108771965,8.000509323469982,51.84618509119211,Brand
7.659810474909802,51.962414072164,7.661265525440406,51.96331292779904,Zum Guten Hirten
7.777410702903828,51.9833139531259,7.7788664974160175,51.98421284683754,Karrengarn
7.862450823695852,51.76958742296074,7.863899776598283,51.770486377002946,Johann-Stamitz-Straße
7.755671534619191,51.88497520841552,7.757393970764806,51.88608299167364,Jücker
7.785262002873415,51.97696729381004,7.786884001587923,51.97800160621102,Beethovenstraße
7.918532745676516,51.947189998105586,7.920418448676886,51.94813560229967,Mußstraße
7.749945304040564,51.87658966888475,7.751403590104133,51.877450730736584,Hennenberg
7.829968405897438,51.798513838146555,7.831503084786401,51.79960926165742,Heitkötter
7.521464391634935,51.92312040907404,7.522944511637506,51.924278490850874,Wierling
7.881272359236477,51.77140574786518,7.882811519288101,51.77238163906256,Wersedamm
7.54753844522705,51.992879877854634,7.549966635390274,51.994489990964425,Isolde-Kurz-Straße
7.658089321849502,51.91005076846005,7.659542678500147,51.91094963150295,Heckenweg
7.638154200990925,51.9003064467134,7.640463107453075,51.90187064600456,Hiltrup Hallenbad
7.788242581214239,52.120422086677046,7.7898138177396685,52.12137151312768,Auf Meckstroths
7.741297137669977,51.795455692617,7.74278636744558,51.79641510717968,Innenstadt
7.6109034455279385,51.96677817962297,7.613576145600931,51.96785467898578,Wilhelmstraße
7.605528096056353,51.96590101213719,7.60793215267785,51.966996416811746,Försterstraße
7.667384513590302,51.905530262070926,7.669138489031444,51.90652513699537,Loddenweg
8.04732684083241,51.98387047331419,8.048811759719282,51.98492402631062,Abzweig Brook
7.674563039622482,51.969239306711714,7.677894237645044,51.9712034727308,Sankt Mauritz
8.023637235085683,51.827835858320306,8.025207760970112,51.828749240857675,Wulfsbergstraße
7.829270101590052,51.88311792771137,7.8308991985365,51.884107272129214,Esselmann
7.594699337676758,52.04595516494851,7.596266558772926,52.046852735014284,Sprakeler Heide
7.616798247074528,51.80359996798924,7.618248153283787,51.804498831973625,Bomholt
7.524429232754583,51.856109990111484,7.52588076762875,51.85700880985102,Buerbank 123
7.86779630145138,51.90991709444771,7.869515895798069,51.91098340550444,Webbeler
8.086328976800736,51.881407900104676,8.087781623436944,51.88230689985965,Rottmann
7.830349135123703,51.9804590442332,7.831804865182244,51.98135795573042,Pleßner
7.972830805595881,51.95544052087593,7.974285794672424,51.95633947908811,EKZ
7.744247360492331,51.799621719051345,7.745993139684413,51.80065968061514,Eickendorfer Weg
7.700076157618495,51.98744286680378,7.70153204272166,51.988341733159395,Ludwig-Wolker-Schule
7.536237215605271,51.95076042373209,7.537780379205925,51.95211167600418,Dorffeldstraße
7.628768476855258,51.95886439321955,7.63025702005195,51.95979710669112,Raphaelsklinik
7.968319673638741,51.831901531300886,7.970146419456596,51.83284646908815,Künne
7.953403629050819,52.02859943504718,7.955052973286218,52.02956476435002,Lienkamp
7.67707316656086,51.918042500848884,7.679019914030283,51.91970779982571,Pommernstraße
8.06385443679456,51.877970402687595,8.065306963448927,51.87886939727668,Hanewinkel
7.569116361983725,52.05732899665966,7.570574438392133,52.058227803303026,Eimermacher
8.020625973883535,51.88244350870195,8.02207862637126,51.883342491262205,Laukötter
7.602127206962819,51.921678918750146,7.604931221681948,51.92495147978244,Werneweg
7.715592068406333,51.91003849662648,7.717352732296178,51.911069702837324,Nogatstraße
7.645475352127843,51.96282799251583,7.649004681017735,51.9649745233939,Hohenzollernring / Finanzgericht
7.899637520720151,51.78179058196186,7.901530987336622,51.78304201826062,Denkhoff
8.02448380618512,51.81947886374981,8.02593717813532,51.82135943614132,Kalköfen
7.547773570978839,52.00162650105782,7.550695221050706,52.00324049761194,Gewerbegebiet
7.853510394725881,51.93294114369541,7.855289706220479,51.9338475563598,Abzweig Raestrup
7.551286338041117,51.869308271238886,7.553491640539139,51.87038760850769,Venne Brücke
7.780712642857985,52.09762506134243,7.7821721574630125,52.09852393862107,Spalteholz
8.030931725940235,51.89070147774437,8.032601865442299,51.89185342233993,Telges
8.090400053429772,51.833097095883964,8.091851146806224,51.83399610408034,Geismann
7.630530716249888,51.95671345899883,7.631985287675923,51.957595040461854,Engelenschanze
7.686500061951876,51.92767110614413,7.689064525047311,51.92879089582179,Agathastraße
7.779102615510682,52.04827089463982,7.780793390789721,52.049374105442745,Paschen
7.729129886893297,51.92460211641398,7.730595012791735,51.92560298343754,Middelerstraße
7.750096625126537,52.05628016334943,7.751554775201768,52.057179036613924,Esser
7.8905834986841,51.770715688519736,7.892136549738412,51.771716956970174,Therese-Münsterteicher-Gesamtschule
7.975327384695258,51.86377091348441,7.976779415571051,51.86466988647963,Tillkorn
7.914757517269249,51.81515404091593,7.9165095898211835,51.81608565933205,Budt
8.080515226771325,51.82865709678086,8.081966173467181,51.82955610318343,Helmig
7.822753115764675,51.96325674413375,7.824208284542971,51.96415565582984,Holtkamp
7.73034722688366,51.922901990662524,7.732381367535204,51.9238638098918,Holtrode
7.550557939587329,51.924511876109925,7.552783952683784,51.92551652483518,Möselerhook
7.593264743010524,51.890042170929355,7.596378547020863,51.89160992186585,Gropiusstraße
7.615326211670171,51.954350319637655,7.6167671915088375,51.955321579553924,Körnerstraße
7.617454244044011,52.026129752493944,7.619255085940961,52.02735434452715,Ashölterweg
7.727454360211455,51.91691305643011,7.729104841515499,51.918238042430715,Sültemeyer
7.657281950210273,51.92381422439843,7.658869753384117,51.92474117482053,Krögerweg
7.589230599954172,52.04894944631636,7.590710696441443,52.04984025320542,Im Brook
7.919277857275325,51.80406231697751,7.920727943004642,51.804961282986326,Dorffeld
8.075749980174725,51.97792809879603,8.07846071177938,51.978974202553914,Dackmar
8.05407427817877,51.99637996158606,8.055547121905226,51.99740293823044,Vinherm
7.6370890157189475,51.98300002599474,7.639461098269148,51.985563639137645,Münster Zentrum Nord
7.897965768453202,51.96799091349374,7.899583430440355,51.96896028621478,Steinlage
7.618782463854677,52.039820582069964,7.621890830035374,52.04256396482662,Münster-Sprakel
7.876910144778966,51.765410347355775,7.8789488384497135,51.7665309801696,Elisabeth-Tombrock-Haus
7.846355605790222,51.7709602255921,7.8478045945081,51.77185917437155,Untiedt
7.633536222907178,51.96940646175086,7.635197779267976,51.97075483713612,Kolpingstraße
7.600109474486686,51.93917306121078,7.601721022521261,51.94007793881769,Kleihorststraße
7.6531957464774285,51.93159460605785,7.654715254503991,51.93270569310451,Biederlackweg
7.779212173935656,52.08348356050886,7.780671226385486,52.08438243945461,Baumkötter
7.62465042933723,51.93420342857889,7.626566059827578,51.93553887177197,Düesbergweg
7.732316957769077,51.86306175158341,7.733768842560386,51.86396064837985,Birkenallee
7.860594172992548,51.9343626043513,7.862533421179517,51.935316096126876,Große Erdmann
7.9361555737512814,52.025124566916716,7.937561022432254,52.026028632494466,Linnenberg
8.06402355803205,51.87044190208748,8.065475842211288,51.87134089787678,Wortmann
7.95465641410362,52.10282833476376,7.956116186171654,52.103727265200256,B. Braun
7.828234819300441,51.962950143228305,7.829689981005768,51.9638490567353,Howe
7.661420335017368,51.803241971044926,7.665470579611839,51.804479032328906,Spleiter
8.0643194282176,52.07595931782631,8.065778372028426,52.076858282138005,Kleine Börger
7.655507764462871,51.88909876425027,7.656973140040523,51.889973435453584,Freibad Hiltrup
7.930473635435471,51.79278701446192,7.931923364841423,51.793685985501945,Tophinke
7.865969555065989,52.110027718042325,7.867885944140241,52.110936782000614,Abzweig Gartenstraße
7.654726313092003,51.93592080744309,7.656325056962422,51.93747360585295,Eucon
7.8241274699597225,51.84751759489471,7.825768217858876,51.84876960513032,Bleiche
7.676264656234806,52.056861784202276,7.6777598428852505,52.05795991555288,Bockholt
7.67627476066954,51.95583733733437,7.677826245892204,51.95672166245031,Im Drostebusch
8.115268870926407,51.92649334902774,8.116858527836987,51.92745115070621,Breede
8.127005773002535,52.01096320507596,8.12846262722618,52.011862194888494,Loew
7.838283956502504,51.97901324285527,7.839739643801344,51.97991215710839,Uthmann
7.7069410736236845,51.93882649381135,7.70846181744394,51.93989590595491,Averhoff / Rusticus
7.617700981581504,51.95693442847404,7.619613114302791,51.95790334559986,Aegidiitor
7.753754817092425,51.951963854719565,7.755209583233051,51.95286274524381,Austermann R.
7.8104307198460585,52.0035693756043,7.812121087519923,52.004487024500776,Verenkotte
7.914888229183346,51.77468591537014,7.916337371097308,51.77558488459369,Langst
7.815801694565234,51.98665668777286,7.817805913036755,51.98763041290502,Krankenhaus Maria Frieden
7.649672713357278,51.9242718920228,7.65115289260279,51.925572307906755,Höltenweg
7.53056541727232,51.982347087894155,7.532381081215191,51.98326051219628,Hunnebeckweg
7.660238891641073,52.072340459961815,7.661771411514199,52.07357403979384,Wauligmann
7.525936174796154,51.92251289712434,7.527433633011998,51.9235310025529,Hohe Geist
7.962925107330037,51.7898927718244,7.9644474154136615,51.79094305239041,Bahnhof
7.8889275098545,51.85726352562227,7.890379290434169,51.858162474341476,Noack
8.00550061369574,51.842902507708345,8.006951986562434,51.84380149225576,Zum Buddenbaum
7.599650304578369,51.94066315474834,7.601087593022153,51.94160074493483,Von-Ossietzky-Straße
7.998269879422109,51.83345200406431,8.00010422563043,51.83438769625582,Enniger Straße 166
7.64271654799674,51.796817262602694,7.644166252354733,51.797716137360254,Steinfurter Straße
7.676209109419786,52.02780417418957,7.677666290927384,52.028703025773545,Westerheide
7.635185473144699,51.90467490041446,7.636666626499972,51.905726299281966,An der Alten Kirche
8.104412214334472,51.978118745252424,8.107212189805992,51.97909405552292,Amsbeck
7.6063578004064425,51.80792955491853,7.607904904454748,51.808820943976116,Davensberger Straße 20
8.029523679898489,51.83834200249293,8.03139495440897,51.8393077378443,Schleebergstraße
7.639792520315423,51.82352516519963,7.641243080037319,51.82442403476331,Weber
7.61451151819974,51.957194606869486,7.6169777055325945,51.95818521312622,Goldene Brücke / Aasee
7.656166398893409,51.96099957272534,7.657621401457723,51.9618984272377,Mauritz Friedhof
7.556262061531698,51.949514543535905,7.558209729986789,51.95060071416891,Am Rohrbusch
7.912607068180416,51.840844420795165,7.9140583321018445,51.84174337916867,Thomas
7.855043690382995,51.796748326206945,7.856493509913495,51.79764727375672,Im Pöppelkamp
7.671879469366668,51.92243046300275,7.674138403585891,51.924529038331855,Heidestraße
7.915708055743319,52.10696834076156,7.91716794454228,52.10786725920236,Alter Schulweg
7.6393892593196435,52.065519101351725,7.640852941888979,52.0665192986045,Schlage
7.5915507208123465,51.91087543380751,7.593109677265608,51.91184706617443,Holtschulte
7.572425403622927,51.96846033234952,7.574130800556657,51.96940886640457,Ahausweg
7.496052227255947,51.878949814230126,7.497534268423065,51.8801771856722,Erkenbölling
7.922183268921788,52.065976877611085,7.92375902925273,52.066879022387845,Hagenstraße
7.903079456947989,51.77411520284109,7.904565888462357,51.77509536938488,Im Steinkuhlenberge
7.987435367358925,51.87709671281892,7.988887832904431,51.87799568714514,Pohlmann
7.8193301405340785,51.90342933688452,7.821769052121107,51.90487526262959,Spliethoff
7.621646600896642,51.92806096827555,7.623388488828899,51.92929703192195,Sporthalle Berg Fidel
7.612088007951892,51.995179690756125,7.613710825403569,51.99643249892464,Janningsweg
8.136225961120042,52.03586149799709,8.137695839936443,52.03688940193121,Breslauer Straße
7.80445400758416,51.98419520566031,7.80614139991341,51.98511259443941,Heideweg
8.08346690789674,51.84845629793142,8.084918492341252,51.849355302032876,Micheel
7.7592283478424555,52.08541936402634,7.7606874524839755,52.08631823593709,Stroetmann
8.046733542330257,51.890265533689885,8.048408455350938,51.89117576638316,Sportplatz
7.595067298920621,51.81948137335991,7.596517701443639,51.820380226602865,Gasthaus Zur Davert
8.070852390774245,51.89934330343561,8.072305609467703,51.90024229652868,Domhoffstraße 53
7.630706217064689,51.95059230829836,7.632194180741569,51.95163939080225,Friedrich-Ebert-Platz
7.668744264920247,51.96041172020265,7.670242628654491,51.96139947958362,Frauenburgstraße
7.566288059591899,51.960595811454674,7.568897381637824,51.962141912467494,Freiherr-vom-Stein-Gymnasium
7.667036809777058,51.95646772624798,7.668486692483265,51.957439173298276,Maikottenweg
8.11366512614022,51.99552720549845,8.115121474091797,51.99642619446597,Bußmann
7.705867884696527,51.80470443753723,7.708529105587439,51.80577896404738,Nuyken
7.831078638377425,51.842750271166565,7.832777253043714,51.84391912896093,Lambertiplatz
7.779356320959409,51.96364885129096,7.780811479359584,51.964547748672516,Theilmeier
7.551244298166085,51.99087275263809,7.554008573871346,51.99197980676578,Stefan-Zweig-Straße
8.00045476824361,51.954926724971095,8.002526333072968,51.955841975184214,Abzweig Krankenhaus
7.592124554218115,51.95340747218968,7.593632745485359,51.95433552774959,Redigerstraße
7.674900020776716,51.92051121035112,7.676625577746753,51.92142098971064,Otto-Hersing-Weg
7.7242006629860125,51.9143136361387,7.727948401119618,51.916429812736,Wolbeck Markt
7.898024995271464,51.77858875535154,7.899523497587686,51.779598744417925,Thielbrede
8.152778786810655,52.03779664172146,8.154297611713389,52.03895755793728,Altenzentrum
7.799834641796213,51.91092798252103,7.802501652159354,51.911939018480375,Große Kamp
7.985749969483642,51.94584662005003,7.987234329402287,51.94693377977428,Kleine Straße
7.789846201843583,52.05925126834165,7.79130239641756,52.060221331362776,Jostes
7.664647390227938,51.95144351756338,7.666474400563899,51.95269198268445,Mühlhäuser Straße
7.652019526129188,51.95584368425049,7.653427777825763,51.95676581493931,Mathilde-Anneke-Schule
7.978070280658993,52.05228555834273,7.979531717807122,52.05329904161102,Kleine Brockmann
8.155111011657182,51.983596799669456,8.156566988563833,51.984495800295065,"Harsewinkel-Greffen, Dütmeyer"
7.811071185999042,51.860218093553605,7.812556512401106,51.86127080576439,Sandfort
7.879694462172641,51.79519064429218,7.881200244083153,51.79606475540001,Halene-Kampen
7.992904136184307,51.96243941942989,7.994533064768747,51.96343648048472,Eichenhof
7.646989171128971,51.98707603129042,7.648711133356672,51.98856336760754,Meerwiese / Begegnungszentrum
7.649116649372815,51.99719750045757,7.652206935512353,51.998404902332716,Ziegeleiteich
7.62062978374404,51.986780805623276,7.62219231738796,51.98799179372976,Schleebrüggenkamp
7.951435627911948,51.86011867182788,7.952978066558268,51.86100472801995,Peter
7.591413686860526,51.97435972756323,7.593544251584313,51.97572504789264,Wasserweg
8.140085998312966,51.962644084227186,8.141647699727802,51.9636162157547,Beelener Straße
7.9603290619462985,51.916437965738396,7.962409249955418,51.917868334702234,Berliner Straße
7.812721891626204,51.80358623349303,7.814171908681362,51.8044851664705,Große Hundrup
7.8339831546440974,51.84419611253611,7.835879638714558,51.84541928758106,Hoetmarer Straße
7.561971412933903,51.967338893232736,7.563645650371219,51.9682528081686,Gronowskistraße
7.991178462179595,51.95391057276995,7.992913738854908,51.954816827278634,Lohwall
7.611533041269715,51.95920724112174,7.613192398917392,51.96011304377793,Zentralfriedhof
7.661269460715722,51.99405008369881,7.6637765629632435,51.9951693401446,Gewerbegebiet Kleimannbrücke
7.737045267071566,52.00250065597816,7.738525038842021,52.00346014373425,Lauheide
7.623911680457924,51.905371990142086,7.6255268179059295,51.90633430948531,Haus Herding
7.731782449621542,51.88869899845841,7.733376949692682,51.88966480134196,Berl
7.639886435154781,51.97033280488464,7.642304982438826,51.972333423952556,Niedersachsenring
7.6355016307003245,51.9833314416041,7.637073274793024,51.98422405827258,Bezirksregierung II
8.0908632547781,51.822635196667015,8.09260544680192,51.82364570266472,Wiegard
7.6113642776011625,51.94381352070198,7.613085415126364,51.94473867950247,DZ HYP / IHK
7.636553138371268,51.90983179328047,7.638213734418168,51.91114882139974,Geistkamp
8.036423107846918,52.02299480900894,8.037999793052034,52.024215090200606,Rippelbaum
8.02083939426134,51.893955533606075,8.023123509937891,51.89505736371767,Große Holtrup
7.528099502561034,51.87654719094031,7.529551697821774,51.87744600902219,Meermöller
8.04766934848344,51.90707656879829,8.049312947389474,51.90849153038726,Brulands Kreuz
7.592629387011231,51.955193858550956,7.595035873175206,51.95727275010512,Sentruper Höhe
7.975120941663576,51.940816019431225,7.976575458603914,51.941714980532815,Lübecker Straße
7.922814933257127,51.8304210184808,7.924265867022325,51.83131998148307,Hoppe
7.603393269685931,51.95055150670186,7.604972425925699,51.95174549286146,Torminbrücke
7.619187592650134,52.08429242541756,7.620655908953294,52.0852941741679,Teichstraße
7.814570931292452,51.757383329640284,7.816019469013861,51.75828227032322,Nowak
7.945893340739209,51.804077713878584,7.947579044095702,51.80520907400121,Pelmke
7.573658334565841,52.05892459589319,7.575116465808853,52.05982340406956,Hof Eilers
7.643066159477113,51.821025064398235,7.6445166408747305,51.82192393556472,Heinermann
8.03406999435929,51.89959970822886,8.035523205892241,51.900498691735336,Holtrup
7.879518667402268,51.767835379884026,7.881000045328027,51.768758899341925,Hugo-Stoffers-Zentrum
7.587748510697121,51.98641119822896,7.590457195685052,51.98742200290846,Wilkinghege
7.925281272744427,51.830203880161584,7.926952125299204,51.831237219771644,Grundkötter
7.6319807715072185,51.90875853132558,7.6336882198237905,51.90993266881279,Herz-Jesu-Krankenhaus
7.902431498725176,51.88225352640745,7.90398829637975,51.883257573549756,Ferienhof
7.626583801743459,51.89281439469502,7.6311864923801025,51.89387030660493,Herrenburg
7.892686923414624,51.77354295688969,7.894263848300946,51.77446768926755,Don-Bosco-Schule
7.924805908370679,52.15254584290984,7.926267291913238,52.153444757054146,Schule Höste
7.786638664613859,51.98221181849652,7.788784042031881,51.98352688143412,Rathaus / Baßfeld
7.9273256435135835,52.00474511774065,7.929010854001187,52.0061328809692,Zum goldenen Pflug
7.7379518902476425,51.79520517499603,7.739409206970232,51.79621212411708,Josefstraße
7.9364227156388605,51.87482761989794,7.937875084637732,51.87572658006598,Wendelhoff
7.791879559528651,51.97995121679804,7.793494039431095,51.98094358312274,Warendorfer Straße
7.832652301182323,51.84003213307993,7.834103499120681,51.84093106688367,Montessorischule
7.971409816331885,51.92531382119081,7.972951891425437,51.92678367864343,Landvolkshochschule
7.793055667461933,51.76120439796579,7.794467838888797,51.76212740152507,Dorfstraße
7.905058075894092,51.83425642141719,7.9065091243900305,51.83515537854663,Hoenig
7.910783328092658,51.79041556680173,7.912217466287892,51.791342432850584,Am Galgenberg
7.819628037921623,51.99895914737857,7.821084362387447,51.99985805258502,Fockenbrock
7.6228363396795,51.94167632785569,7.626012445765083,51.94296322751696,Scheibenstraße
7.760614968277096,51.89441992246831,7.762167326760532,51.89542177748164,West 26/27
7.551085908383263,51.952243528377984,7.552888859918785,51.953208869897125,Ackermann
7.61043655549002,51.98746184362004,7.612205037223037,51.9891175552371,Ermlandweg
7.8822278550620375,51.899397764971155,7.883693551089187,51.90035453469769,Zum Eichenhof
8.04266952529342,51.99249865310162,8.044524683434283,51.993742347138856,Klingenhagen
7.581983210916629,51.96524410264053,7.583653294569257,51.96615629743416,Potstiege
7.5797226548963375,51.98841965579894,7.581235042176525,51.989329643802286,Wilkinghege Golfplatz
7.618260415535005,51.95450067930291,7.619715184825902,51.955399520659945,Scharnhorststraße
7.607138728019909,51.960621227082186,7.608919069119372,51.96171667282188,Hüfferstiftung
7.621592613752986,51.945285814220455,7.624201562118204,51.94643626301763,Alter Schützenhof
7.9932734423157425,51.960961672652104,7.994907861130375,51.961990027367186,Dr.-Rau-Allee
8.03396376824917,52.08496354287771,8.035557131813938,52.08593325700651,Schierloher Ring
7.626961781632743,51.89857466114218,7.629326524069465,51.89955903970388,Rückertstraße
7.6440961286313485,51.903732901464565,7.646377567695113,51.90479120615649,Marktallee
7.789640185562575,52.123988354905954,7.79119461704944,52.12488744505366,Abzw. Hölterweg
7.599315192552081,51.99594237483316,7.601044209915918,51.99685572528277,Idenbrockplatz
7.773020587544889,51.91268982167769,7.7745540085817835,51.91366347827145,Wettendorf
7.595447800788887,51.81396083617265,7.5971860166918646,51.81521513362419,Byinkstraße
7.589881844383344,51.81926830329004,7.59191890960256,51.820412604267375,Schule
7.5938438240505715,51.97968462704432,7.595757961122289,51.98114767345242,Kortenbrede
7.542249719734958,51.844945476098054,7.544008093332763,51.84627922411174,Höwische Beck
7.884045644590839,52.09777329311027,7.885893642153245,52.09914710725974,Daweke
7.957792160819333,51.9204118650886,7.960412428011294,51.921505336675196,Brückenstraße
7.969040657495065,51.967171671788165,7.973274039949067,51.9689894226103,Lippermann
7.500450262293717,51.88561467558581,7.501923939002073,51.8866457239411,Winkeldey
7.93031369963972,52.07479556405082,7.9322758040185795,52.07582483424319,Brüggemann
8.032934537851316,51.80366940100734,8.034384662399196,51.804568398956846,Harbergstraße 23
7.628543216006915,51.954277477346686,7.629997984351301,51.95517632261624,Hafenstraße
7.761192736567964,51.98072200796046,7.763846554710446,51.98177659345504,Sankt-Rochus-Hospital
7.660053710073233,52.0977317890075,7.662774783384462,52.09875251208724,Abzw. Mussenbrock
7.743683320836388,51.98278005881121,7.745139079492272,51.98367894115214,Woltering
8.141773679096216,52.009251331138714,8.143276120003238,52.0103317682644,Vorbruchstraße
7.6398122833609925,51.79542020733561,7.6414295151390785,51.796325292687285,Wermeling
8.077740720400309,51.86224406165983,8.07939967658302,51.86319993756562,Kröger
7.6110822948100845,51.97906360204234,7.612886441719014,51.97996829792379,Meßkamp
7.505412502873011,51.870781095107326,7.506864497515574,51.87167990485513,Aertken
7.982725732179513,51.941546973252166,7.984290558845587,51.94264472662042,Kreishaus
7.802727846413918,51.78291115719313,7.804421308628239,51.78389926245319,Zumloh
7.65296865646489,51.90282602580056,7.655894352588569,51.90585030141636,Münster-Hiltrup
7.619834434694277,51.93976166818337,7.6216637667575196,51.94084993153394,Heilig-Geist-Kirche
7.732263779953887,51.8665912107465,7.734371511387107,51.867952089393434,Bergstraße
7.8494669840000615,51.92782811393019,7.850912518684658,51.928801585460285,Krüzkamp
7.619725577407872,51.886849893340006,7.6215062260071695,51.8879521066366,Raringheide
7.995378853095027,51.94601041701446,7.996833547167247,51.94690938294964,Friedhof (Haupteingang)
7.974640819575411,51.94254506761072,7.976426982071184,51.943567531615855,Hansering
7.774365833059247,51.97533365302397,7.775821367261256,51.97623254693946,Klingenhöhe
7.59371798316262,51.93105072753934,7.59612508979047,51.932391152415086,Kerkheideweg / Brillux
7.790051311556175,51.95787434906727,7.791506288759923,51.958773250896236,Essmann
7.820336102512629,51.75283682835675,7.82178449779212,51.75373577160679,Huesmann
8.008107952098888,51.9489415454727,8.009579541118331,51.949917354218385,Beckumer Straße
8.002150493486269,51.88195962166313,8.00398680828813,51.88299607741405,Heese
7.532240298150916,51.84566818773452,7.533691502230171,51.84656701222802,Dorfbauerschaft 110
7.997420140405264,52.062530313002476,7.99900355721552,52.063432586998665,Alte Schule
7.623328844032047,51.91026818022764,7.6248021559593075,51.911303719568046,Hünenburg
7.570075282113744,51.94082178768422,7.571764510107598,51.94196291242522,Altenroxeler Straße
7.594420762102703,51.96443715087154,7.596917927351784,51.96550865068176,Schreiberstraße
7.631854592492333,51.98653787920131,7.63331040786565,51.98743672076165,Landwirtschaftskammer
7.614368803458769,51.849944272011264,7.615820196901084,51.85084312795159,
7.913100461884453,51.87230122313877,7.914552738398169,51.87320017682507,Stellmacherei
7.620464544519712,51.957701327260885,7.622199994312488,51.9589619973892,Schützenstraße
7.522666156350347,51.962671878378416,7.525824400037647,51.96474740360983,Wegegabel
7.881239908731652,51.78092287595738,7.882874390317748,51.78190302373281,Abzweig Im Seebrock
7.827592657167421,51.84371356475637,7.829362138399785,51.844832835275376,Rathaus
7.88850374947403,51.77416294327732,7.889971972216899,51.77513380763513,Freibad
8.003339694837823,52.063551459021376,8.004789099020522,52.064492040622625,Beverstraße
7.923955310157618,51.800696016027786,7.925405290121084,51.80159498393604,Ostkamp
8.024598692681888,51.80333210993629,8.026123205741229,51.80444028898933,Wiesenstraße
7.735095229766534,51.85848720947193,7.736822172221833,51.85948568980445,Langen Esch
7.790116151176487,51.75919678517524,7.791765340406783,51.760817214276635,Schicks Kamp
7.720843319527841,52.001755164233664,7.722299680807141,52.0026540357296,Handorf Kaserne
7.652060542047917,51.93780745278765,7.6545519940575195,51.939641607867514,Willy-Brandt-Weg
7.6804419929495635,51.91504858248479,7.68229768972994,51.916593517999836,Am Blaukreuzwäldchen
7.795938091690809,51.760232794201386,7.797567304053499,51.76113980584567,Ehrenmal
8.080418946581208,51.86473359956549,8.081871053657792,51.86563260039882,Schule
7.849592883756461,51.98949034186858,7.851048916544605,51.9903892580951,Abzweig Tewes
7.621713680286006,51.97157285485407,7.623834133547844,51.973074945709584,Nordplatz
7.6904440285245315,51.92661288005205,7.692092762061141,51.92777381999842,Am Hohen Ufer
7.6889961256034995,51.91502280959576,7.6917491862941585,51.9161343924369,Junker-Jörg-Platz
7.824918370162663,51.83469734175429,7.826730742221609,51.836620357399596,Hagenholt
7.856267409723613,51.795522825920926,7.857717190572543,51.79642177404276,Seebröcker
7.612041605429857,52.07164879138183,7.613695395445608,52.07255200863658,Rickermann
7.700135096754863,51.98417210448221,7.702022785494984,51.985741996057065,Kötterstraße
7.512417744367372,51.930721027543925,7.514117855036725,51.93174837222537,Alvingheide
7.552560976163184,51.99491139390582,7.554198374986252,51.996295062088755,Hermann-Hesse-Straße
7.618579288506525,51.96620631278034,7.620359307897224,51.96718298601998,Münzstraße
7.53555169151885,51.95409001508576,7.537828731599485,51.95530150004077,Roxel Mitte
7.751904653956347,51.95589715533758,7.753359546369682,51.95679604462578,Abzweig Beckers Kreuz
7.700600410653771,52.10097407541866,7.702059989688376,52.10187292454455,Kirche
7.642704262921469,51.955571072747304,7.644999926874145,51.95661522854762,Sophienstraße
7.589599913881377,51.99835508814963,7.591056086487904,51.99925391181316,Kinderhaus Brüningheide
7.725068052212546,51.74508934377799,7.726516148116673,51.745988256185214,Wiens
8.092406144167834,52.00700130899062,8.093862856069897,52.007900290973765,Stränger Straße
8.049371610207142,51.833245071738844,8.050885586353745,51.834202328197556,Düllo
7.734970755703434,51.92053587245585,7.736481150915435,51.92148634645759,Zur Walbeke
7.663811924036305,51.96786714211594,7.665498883846879,51.969004057968654,Pulverschuppen
7.775438898449365,52.063632059618456,7.776897301872416,52.06453094034501,Walbeder
7.559748234303799,51.9726220773998,7.561242761215256,51.97357352246125,Weitkampweg
7.521857177980157,51.898495167276685,7.523812523508512,51.899409832877566,Alte Viehstraße
7.675108352311742,51.9587835003646,7.676850449522835,51.95978859891879,Erikaweg / WDR
7.750439326165237,52.03162086139925,7.751896674162534,52.032519738564105,Schule
8.10890459528623,51.929555201012874,8.11035880494619,51.93045419895149,Axtbachtal
7.914927865303344,52.12637268292225,7.917521720868628,52.12777167486644,Sandkuhle
7.579716474339796,51.95999810558568,7.58242683327915,51.960973866827416,Deipenfohr
7.904988145868738,51.85478162300496,7.906439854415718,51.85568057695888,Wiggeringloh
7.659140782274009,51.98162463426103,7.660781213817824,51.983025864916655,Hacklenburg
8.01860284262081,51.79732980243239,8.020052757633321,51.79822879753176,
7.541325952665192,52.003075797998314,7.542782247716818,52.00397460196429,Hannaschweg
7.91055248951791,51.87062352338965,7.912004710765346,51.87152247657418,Grundschule
8.005922039372711,51.82262980609286,8.007372760885065,51.82352879387126,Angelstraße
7.689579545985954,52.04376597300167,7.691037254358011,52.04466482696148,Hof Beimann
7.826302151993419,51.98397118172733,7.829156252360121,51.9852179141605,Wiggering
7.843153532458353,52.03586004644412,7.844611067845172,52.03675895351956,Schulzentrum
8.030762920994741,51.84210720424981,8.03221427925686,51.84300619571437,Gesamtschule
7.6222559495538125,52.08776088877078,7.6237150508086975,52.08865971119216,Marienschulzentrum
7.788151576633806,51.94152084812689,7.789606023682505,51.942419751836574,Fartmann
7.618289163680236,51.958647357961624,7.619832044564921,51.95970644182696,Paulinum
7.7314163374946725,51.79320602046043,7.732955561936357,51.79415897948607,Schützenstraße
7.973585877018027,51.944879990970634,7.977260864352505,51.94802154975278,Schulzentrum
7.541809342524083,51.98727387300302,7.543619758789703,51.988183527090364,Schonebeck
7.5619065596069825,51.99725183090561,7.563713637965214,51.99817096924602,Friedhof
7.952368294925038,51.8281068222658,7.9539419090389005,51.829108577719346,Lönsstraße
7.59455743501323,51.99986988329307,7.596048065647844,52.000952416491366,Meinertzstraße
7.6735824756847535,51.76955075483272,7.675031324658216,51.77044964513034,Struhkamp
7.644758277040394,51.966308352206696,7.6468285152413396,51.96763741228681,Villa ten Hompel
7.975459950614797,52.03609186940996,7.977136348137386,52.03711493046717,Käller
7.973186153895095,51.94008681964709,7.974640646372893,51.94098578031696,Londoner Straße
7.850898289065935,51.7844188259104,7.852347711231431,51.785317774053226,Brüning
8.100399644325199,52.01920840893816,8.101856755910596,52.02010739102623,Buschortstraße
7.667748244646986,52.07091093744712,7.671079463688498,52.07198026430708,Hof Wortkötter
7.69266365752654,51.91269116552113,7.694218101237569,51.91358394025027,Heinrich-von-Stephan-Ring
7.635123201894477,51.9366709402275,7.636766301779128,51.93761255883248,Umgehungsstraße
7.997778981454699,51.94683535238482,7.999356117077725,51.947785447340074,Splieterstraße
8.005844895187767,51.86269550918242,8.007296905070596,51.86359449078168,Wonnemann
7.644810483517253,52.09577241388385,7.647468218134116,52.09669808642888,Bösenberg
7.865223836865529,51.76872132246256,7.866672763427876,51.76962027750111,Heinrich-Schütz-Straße
7.626448209928216,52.09011188816105,7.6279073904332355,52.09101071180191,Leinweberstraße/Tuchmacherstraße
7.6504949063979355,51.9543685130923,7.6527744005172735,51.955363287834736,Liboristraße
7.61712279664338,51.95568967960961,7.618577603717848,51.95658852035328,Bismarckallee
7.650579636802692,51.96771074025948,7.652618563710364,51.96861465979533,Wiener Straße
7.980696653317019,52.032760707705286,7.9821741470767735,52.033800092146585,Abzweig Glandorf
7.823590752522132,51.82551588101604,7.825124142511222,51.826397617911034,Bartmann
7.9769730134465915,51.94563746310425,7.978609992945313,51.94671443692335,Franziska-Cratz-Straße
7.779660747732891,52.024763956118555,7.781123909968647,52.025689006069314,Schule
7.828671868524926,52.05661664983344,7.830840832907516,52.05775784854487,Gröne
7.657011609888344,51.95810717402283,7.658635885847792,51.95914312600499,08-Stadion
8.014799166384165,51.83374916097838,8.016664529559993,51.834739337456504,Stavernbusch
8.039229873254275,51.98568575757501,8.040912934102858,51.98660194251727,Rathaus
7.654248874227015,52.03037027840166,7.655706126125964,52.031269121561394,Rieselfelder
