min_x,min_y,max_x,max_y,name
28.9967968290791,41.07557042891867,28.998127173851078,41.076627571099536,Galata Deresi Caddesi
29.1519692982782,40.934100169958114,29.153266098339365,40.93513982998534,Şantiye Sokak
29.00422105603259,41.0833253073051,29.00897273540878,41.08656108684448,4. Levent
29.032878372803125,41.09506143579892,29.034218624720175,41.096104564210414,Fatih Sultan Mehmet Mahallesi
29.235867402243223,41.04122768654729,29.237207599015683,41.04218731309971,Turgut Özal Caddesi
29.088782388316588,41.148505790147304,29.09004761094122,41.149463209829015,Uzun Evliya Sokak
29.22069284869508,40.90758237264068,29.222002154786445,40.90864562736666,Yüzyıl Caddesi
29.055377515875296,41.04886483960718,29.056824680955312,41.049794660544386,Şehit Osman Yılmaz
29.135535024325396,40.90890563447342,29.13732777217426,40.909884566069856,Bezmialem Dragos Hastanesi
28.96115331360299,41.002230562754065,28.965459137963105,41.00394078100886,Kumkapı
29.227845833908464,40.990617099961675,29.23073782354969,40.993482217761134,Sancaktepe Belediyesi
28.896689635131587,40.98527623436722,28.897877764576158,40.986176565594164,Kazım Özalp İlkokulu
29.089770829155718,40.98937341067787,29.0910042682317,40.9902587891484,Merkez Camii
28.77793934122405,41.04945426507277,28.779280663966684,41.05061173495537,Nergiz
29.072590667711545,41.0221028852581,29.07377933196865,41.023003114702625,Fidanlık
28.89354074642037,41.0061728351832,28.894729253287593,41.007073164778184,Tinaztepe
29.163707900308268,40.93948600421774,29.165017803275276,40.940552595788105,İmranlı Sokak
29.10456070665317,41.1106589884829,29.106336990407527,41.11171240957283,Bilali Habeşi Camii
29.122587998523898,41.139777702844654,29.12378800161006,41.140788297058634,Hüseyin Saçaklı Cami
29.25426333154799,40.995021838664464,29.255769174773587,40.99634746155423,Tirebolu Caddesi
28.872511350969486,41.036503265814126,28.874705639410738,41.038302734613914,Üçyüzlü Camii
28.984395012272937,41.091273866075134,28.985584987419955,41.09217413388592,Seyrantepe Kavşak
28.805079781562597,40.9999865765658,28.806891223789545,41.00142142347672,Küçükçekmece Nikah Sarayı
28.847075370386225,41.05072254445942,28.848605621593446,41.05214445577583,Nasrettin Hoca Parkı
28.916752654012264,41.05460894065568,28.91792154955121,41.05554705908251,Havuzbaşı
29.108154887739623,41.110170902379295,29.10934511193389,41.11107109758127,Şehit Kerim Savaş
29.17469271470705,41.04939242588417,29.17589618571588,41.050440674006865,Vahdet Sokak
28.973751419631306,41.04564485960383,28.97494058006381,41.04654514035726,Cin Deresi
29.026195578257685,40.99674707019748,29.027383821429986,40.997647329763424,Hamza Yerlikaya
29.140218392658195,41.111722110849236,29.141481205664874,41.11269068911362,Arslan Sokak
28.839188653810336,41.04011427565372,28.84049433917862,41.04188072419993,İmami Gazali Camii
28.78304475460587,41.05865282643577,28.784344249127077,41.059713173546875,Gül
28.973471702307798,41.02137388600503,28.975612923505533,41.02331008959363,Karaköy
29.281329597581784,40.95451840659268,29.282534201820912,40.95557259333886,Kurna Sokak
28.950543678063962,41.04320750779455,28.951708323647473,41.04414549185733,Kalaycıbahçe
29.22658513702801,40.99496472140857,29.227987362589364,40.99598477825518,Sevenler Caddesi
28.802417447619813,41.109502834064614,28.803792564597046,41.1118781655992,Yeşilvadi
28.975845084053567,41.05122176930819,28.97703811605048,41.052189630635084,Feriköy
29.042841522961844,41.066569583610445,29.044388579266062,41.06756291533439,Arnavutköy
29.02804411255243,41.05176275372788,29.029540886689983,41.05281124567142,Köprü Ayağı
29.264242665252066,40.921404982695734,29.265542335733027,40.922310017306195,Şelale Sokak
29.007805413348734,41.067648277767425,29.009091592289884,41.068791722171284,Esentepe
29.211831044910127,41.016348646327955,29.21336585590171,41.01746665334974,Tunç Sokak
28.866315819207873,41.10808583612931,28.867506180503053,41.10898616383215,S Caddesi
29.139021736510536,41.00219535661638,29.14120586587228,41.0033747410528,Vural Sitesi
29.07430560177448,41.02950788632701,29.075494397905345,41.030408113633705,Kural
29.08935856598997,41.06498810514997,29.0907784317537,41.06607689487369,Referans Sokak
29.129614553230194,40.86981348981193,29.130800446443324,40.87071371014862,Çarkıfelek;Çarkifelek
28.99579875621808,41.120091871453916,28.99698924347266,41.12099212850707,Konuk Evi
28.9864940318035,41.04699322251313,28.98827467485783,41.049175775510314,Harbiye Askeri Müze
28.87841726140994,41.02078933435373,28.879692727362627,41.02297166552106,Söğütlü Yayla
29.051722956386925,40.906211269336765,29.053509938508572,40.907602930792756,Çandarlı Sokak
28.927146330033768,41.08426808198034,28.92838466486195,41.08533391775059,İETT Blokları
29.274636045657495,40.9065694302305,29.27597085694794,40.907479868975585,Ertuğrulgazi Caddesi
29.141723426812398,40.94770348540733,29.14384857471527,40.94890951267369,İstanbul Meslek Hastalıkları Hastanesi
29.156170186889714,40.93055848783454,29.15772710297783,40.93234030590381,Gülsuyu Mezarlık
29.082931683410916,41.03451194021623,29.084358323254847,41.03580905994277,Niyazi Sayın Kültür Merkezi
28.99028309226231,41.094122972557734,28.99166690762665,41.09513702728837,Barbaros Caddesi
28.961650184814612,41.04198492813431,28.963073815394683,41.04303007161255,Kaptanpaşa Kuran Kursu
28.863652595991432,41.06093445154884,28.865053405019694,41.06192554804764,İsmetpaşa İlkokulu
29.165448421198022,40.92694240776236,29.166628280423048,40.92792539172641,Nergiz Sokak
29.109385281009512,40.96884674303859,29.111650814667275,40.97038815639287,İçerenköy Mezarlığı
29.284036309558523,40.935160182906756,29.285253689938514,40.936230816693154,Kasem Sokak
29.27053134592285,40.944810868843796,29.27172365231567,40.945909131113666,Kadir Sokak
29.18802538927415,40.91284449838489,29.189274315456295,40.914366201452395,İBB Ek Hizmet Binası
29.12474077581743,41.0060980751645,29.126055427574286,41.006998724829565,Şehit Emre Anşin
29.195496525356265,40.99953916727441,29.19679147808884,41.00043383268623,Turgut Aydın İlkokulu
29.277707652316998,40.998182892396,29.278953347552115,40.999319107254756,Fevzi Çakmak Caddesi
28.834826333487136,41.04655696956686,28.8363426679131,41.04757602970799,Şirin Sokak
29.228806317980936,41.00837792292656,29.231607075479207,41.00951367882118,Ufuk Caddesi
29.084021610660482,40.9781143268856,29.08528926618519,40.98017390687954,Böcekli Camii
28.989516424110604,41.097023939073516,28.991522080678948,41.098517160631864,Seyrantepe Ortaokulu
29.28319961142952,40.92384868400874,29.28482238744504,40.92476831615233,Yahya Kemal Beyatlı
29.13521808470075,41.00041680916607,29.136669917859166,41.001546190836116,Esenli Sokak
29.061557539470485,41.02825003466135,29.062746459081904,41.02924096485549,Yunus Emre
29.056880076130007,41.002062702733596,29.058067821082215,41.00292979662098,Mimoza
29.044234782935302,41.00810008544025,29.045651218879453,41.00906891389822,Faikbey Sokak
29.010123276247405,41.0630288709285,29.01131272344188,41.063929129032424,Yıldız Posta Caddesi
29.256046003846265,40.880975928809285,29.25723199580775,40.88187607115074,Akdeni̇z Caddesi̇
29.127595247809662,40.949966829070384,29.128861751337986,40.95092917090792,Küçükyali Mesleki Ve Teknik Anadolu Lisesi
29.205747989427298,40.922955239852996,29.206965011505616,40.9240857599873,Hacı Ari̇fbey Sokak
29.127349089198653,41.050220044537,29.128661909501627,41.05121925545287,İSFALT
28.92231376747039,41.05263824889007,28.923515732212135,41.053656150923594,Üç Şehitler
28.784904917828896,41.04482940162079,28.78613308159419,41.0459165978842,Defne-1 Evleri
29.27428205478313,40.9653367910013,29.276047940944345,40.96667820904627,Fatih Bulvarı
29.15848316952721,40.947560804408354,29.15967043014081,40.948460995552054,Ertuğrulgazi Caddesi
29.135876325752104,40.996070401531384,29.137064473918716,40.9969705984291,Özgür Sokak
28.914983873883,40.991460579802215,28.919683220068013,40.99336208199661,Kazlıçeşme Marmaray
29.13546686676609,41.00262190192414,29.136655132904703,41.003522098036356,Okay Caddesi
28.790192189458782,41.0642358135541,28.791381810264426,41.065136186407635,MASKO 3
28.80956568562562,41.06761056372455,28.811108317204557,41.06855543651847,Organize Sanayi Sitesi
29.110877473322745,41.02309589634845,29.11206612635154,41.02399610361214,İşkur Ümraniye
29.21531543227641,40.96539552289485,29.216502967382628,40.96629567706534,Yakacık Caddesi
28.96933502335771,41.03394205748976,28.970523976338235,41.03484234247134,Ahmet Emin Yalman İlköğretim Okulu
29.13502875934875,40.97813061636751,29.136998033235443,40.97922938486795,Gümrük Üstkapı
29.160195364952244,41.012708362529814,29.165211505921057,41.01677616885186,Dudullu
29.04473686184523,41.09506285682191,29.046061136891172,41.09602414278885,Papatya
28.794770460288948,41.030633630326506,28.796052542643302,41.03165336964895,Evliya Çelebi
29.047285853844556,40.9855696024361,29.049030745388823,40.98648369770537,Kuyubaşı
29.20597277178554,40.90041913120969,29.207557795545316,40.90171570984303,Kartal Poliklinikler
28.942523332382684,41.075362475977514,28.944501463620487,41.07636822476636,Üsküp Parkı
28.786959758111525,41.012788923478396,28.788669235757045,41.01419307677513,Kiptaş Konutları
29.010096785331175,41.00641995155546,29.013509718863062,41.01387348908987,Harem
29.06488754837738,41.060659760168534,29.066077848291204,41.06191673977278,Bayrak Sokak
29.159455625169358,40.94495117957536,29.160980674091633,40.946013019765424,Nish Adalar Caddesi
28.963877472988244,41.07180359471704,28.965160525282386,41.07278940526099,Kağıthane Belediye Sarayı
29.06610817048428,41.11769748707213,29.067317829591286,41.11873951277425,Yeniköy Askerlik Şubesi
29.20486992432901,40.89768009165404,29.206496080819964,40.89867390888088,Spor Caddesi
28.98607932593389,41.12290278536012,28.98750646794504,41.12415091472217,Yeni Ayazağa Mezarlığı 4.Kapı
28.970794091858473,41.06439023425348,28.97232190411603,41.06609776477106,Cevdet Şamikoğlu Ortaokulu
29.26188527431522,40.88835780656995,29.26369982969842,40.89071164247781,Bora Sokak
29.064219870232172,40.988056562350984,29.065648128909455,40.98896643770659,Onikiler Camii
29.040732855589255,41.09305878188013,29.043471467577895,41.09445303980948,Fatih Sultan Mehmet
29.097612882488757,41.022511674259626,29.099060452061526,41.02372753349128,Kavaklıdere Caddesi
29.072665237638336,40.994336768378,29.074645587202664,40.99554760581972,Libadiye Caddesi
29.19869527283352,40.88489665607438,29.20004592420515,40.88596404394408,Hava Evleri
28.966086278901642,41.07173127189895,28.96747912191206,41.07311082690701,Kağıthane Belediyesi
28.769398923304614,41.07997672071192,28.771695083808993,41.08170727901437,Stat Yolu;Stad Yolu
28.949501285808186,41.008187310837435,28.95148038496961,41.00965145395616,İnebey
29.228732057917206,41.00765609901667,29.23012954296274,41.00856810101133,Stad Sokak
28.89755825943108,41.060460840483145,28.898747740275606,41.06136115947822,Yeşil Sokak
28.896351096496225,41.0340807381016,28.89754010321096,41.03498106185976,A27 Silahtarağa-Otogar Minibüs Durağı
28.767294167181607,41.02867965151156,28.768703531515047,41.03008444751341,Millet Caddesi
29.157672547892346,41.080992524709245,29.15891344956774,41.08195947517984,Kavaklık
29.02460860936879,41.022810363677664,29.02670328614039,41.023838437230864,Selami Ali Efendi Caddesi
28.82410922733156,41.0605757933315,28.82576778341262,41.06226420718896,Bahçeler
29.139172564397562,40.970291217981526,29.14036333886128,40.971241481837126,Fındıklı Mahallesi Durağı
28.916409119075478,41.07706090278238,28.917738885538164,41.07865509684197,Merkez Camii
29.051882623076754,41.0269577729342,29.053128974968683,41.027852526968225,Fatih Sultan Mehmet
29.095461086758338,41.13940047126845,29.096711909849503,41.14028252852461,Şehit Ömer Halisdemir Mesleki Ve Teknik Anadolu Lisesi
29.237877207954828,40.88410857036638,29.23929161374419,40.885908194623745,Mostar Bulvarı
29.225987376825096,41.01295747511084,29.227193022250706,41.014029124832284,Uysal Caddesi
29.159038964371003,41.03070668459946,29.16033603373868,41.03170631538676,Rahmet Sokak
29.212216805231066,40.88112673478012,29.213782193948013,40.88203936532549,Posta Dağıtım Merkezi
29.1824663209615,41.01065375234773,29.18370998256437,41.01166174756478,Şehit Ünal Kalafat Caddesi
29.038758685606,41.10098108259832,29.040612784081983,41.102834955220864,Kanlıkavak Yolu
29.048276246997972,40.9953619611318,29.0495549535333,40.996331638819676,Mandıra Caddesi
29.166935206159245,40.90036801184562,29.168426093328208,40.90127408820598,Istasyon
28.89579849562407,41.08965694231168,28.89698850408251,41.09055725764965,646.Sokak
29.135283867106946,41.06243207259237,29.13668283078556,41.06334922748722,Postacı Sokak
29.049648606027233,40.994620076603425,29.05083679365686,40.99552032335738,Hasanpaşa Yan Yol
29.03169123174659,41.08741336435043,29.033174681773964,41.089997135105236,Narin Sitesi
29.10035007987941,40.98708139978648,29.101936125813722,40.98841940041405,Dr. Nureddin Erk Perihan Erk Endüstri Meslek Lisesi
28.865454808478514,41.06983703655424,28.868249404020133,41.07244188345688,Tekstilkent-Giyimkent Metro İstasyonu
28.949680227246695,41.00409083140266,28.954397377075228,41.006737730790746,Yenikapı
29.25116730859307,40.87508171157826,29.252733791676484,40.8761610879225,Denizpark Sitesi
29.05252644582987,40.97916087620459,29.053714353853987,40.980061123756215,Özgürlük Parkı
29.131039338305772,40.927513194745124,29.132226261366736,40.9284134052154,Adalı Sokak
28.869068573459572,41.02448683028636,28.870257426251943,41.025387169675106,Soğanlı Caddesi
29.090396951693815,40.99123788793772,29.091585047984054,40.99213811202296,Sahra
29.014732447112603,41.11522697250947,29.016091554242312,41.11619102707745,Eclipse Sitesi
29.13004504038388,41.10298696823411,29.131363960022036,41.10397903167618,Aydınlar Sokak
29.148610076223505,40.92144953801014,29.14980792241394,40.92253186194712,Mimar Sinan Cami̇i
29.026855159882082,41.09307931220216,29.02806284023159,41.09411568764742,Karanfildere
29.066688371033244,41.083234864695186,29.06824463356466,41.0845021354279,Anadolu Hisarı
29.081599325115413,41.02816899735127,29.082944675665335,41.02914400239268,Sipahioğlu Caddesi
28.932696091241553,41.07817020175898,28.933985708381517,41.07938319768744,Şehit Soner Baykuş Parkı
28.917867561649572,41.07902273762605,28.9192394377757,41.080022262057355,Yeşilpınar Çeşme
28.92682700171821,41.040081897160526,28.928681006244453,41.042447003738516,Demirkapı
29.184429771171388,40.8989588786167,29.185630224585562,40.90033812132207,Şehi̇t Dursun Kaya Sokak
28.914693201154538,41.05690233167799,28.915887098849563,41.057877568251165,Gaziosmanpaşa
29.253058695381494,40.91657997024356,29.25437930787684,40.91748302976716,Çiçek Dağı
29.10460002020506,40.9956776438909,29.105799179517835,40.996688355945984,Menekşe Sokak
29.009813067067917,41.11945577526369,29.011003532620666,41.120356024697244,Söğütözü Sokak
29.114893907603097,41.02406309597816,29.116206670692975,41.02519212981434,Site Yolu Sokak
29.109188478366775,41.03197781113637,29.11064251983126,41.033073188843474,Ümraniye Belediyesi Destek Garajı
28.919268741444572,41.00035779257326,28.920534258604274,41.00151920689706,Belgradkapı
29.119809770186706,40.977723608884865,29.122279529766807,40.97863789096482,Fevzipaşa
28.949135171827198,41.07218285504314,28.950324827871377,41.07308314491803,Araphan
29.12790576980797,40.966666657996406,29.13101196905227,40.96840006009844,Toki İlkokulu
28.948006180114476,41.06117914483636,28.9494938124102,41.06313885465865,Haliç Parkı
29.085326618099113,40.983624185885844,29.08651458157965,40.984524414074855,Arapgirli Camii
29.249205650409788,40.96988823747976,29.250632645743657,40.97148976192722,Otoban Çıkışı
29.199581528037037,40.970785879785396,29.201125132831436,40.97253142538947,Miralay Çıkmazı
29.091189291467874,41.00102433434491,29.092402708742238,41.002081665434865,3001. Cadde
29.19333845945878,40.99186430894273,29.1946435381792,40.99288069104223,Eyüp Sultan Mahallesi
28.88741198042219,40.97987383153009,28.888600019287043,40.98077416843132,Sümerbank
29.030596175435342,41.05919676815052,29.032111426476586,41.060339831731476,Esenevler
28.902462880254365,41.10269584507388,28.903653119451036,41.10359615488744,Ulu Camii
28.905710383393593,41.04700784156103,28.906899616312,41.047908158400276,Muradiye Cami
28.957712456627647,41.04597873358809,28.95902853978459,41.047038266375914,Çeşme
28.794458614072813,41.070498181312395,28.795677381668117,41.07189881861945,Aykosan
29.029459157366855,41.14067902051019,29.03118784926178,41.14281097772472,Tarabya Yolu
28.90916510609054,41.04461934228012,28.91035429361455,41.04551965768119,Spor Kompleksi
28.99117404029698,41.06338833131447,28.997485957739645,41.06595841666602,Şişli Merkez
28.946641373566866,41.049689852613,28.947830626132372,41.05059014734819,Halıcıoğlu (E5)
28.911783277567146,41.03677774235369,28.912972322137637,41.03767805760762,Yayla Sokak
28.94953537386152,41.04977085339463,28.950724625837285,41.05067114656655,Boncuk Sokak
29.14065054897858,41.007949064108374,29.142032749923096,41.00894023542551,Ümraniye SGK
29.110812385933258,41.00527019689549,29.11270041781301,41.006275203687665,Akdeniz Caddesi
28.80264403447122,41.11752257997968,28.804180263893375,41.11855271908259,Başakşehir Kaymakamlığı
29.099492872026225,41.050206547700185,29.10149358589145,41.05153990271887,Topağacı Muhtarlığı
29.09951104290558,40.947991287177345,29.100698356771478,40.9488915127833,Altıntepe
29.074425246318448,41.02216434651404,29.075836451622443,41.02324315350009,Kavakbayırı
29.179389944651977,40.89535640655781,29.18057625501357,40.89625659340254,Teğmen Burak Evirgen İlkokulu
28.891925122212218,41.09472757548693,28.893414578235507,41.09577082409539,Adem Yavuz
28.852324541625215,41.027397826229844,28.85351345808885,41.02829817373167,30/8A Sokak
28.988292411424194,41.082627242341985,28.98965258564043,41.083539757682516,Yahya Kemal Yokuşu-Şehit Mehmet Ali Kiliç
29.029095612597374,41.056131078000845,29.03032939502015,41.05792792186557,TRT
28.781404111466816,40.984683664258775,28.784285001221914,40.98603929430613,Cennet Mahallesi
29.123061285535517,40.9350546877622,29.12437711364749,40.936023811962194,Maltepe Kaymakamlığı
29.006098746586527,41.06098272564279,29.00948437333828,41.062956693191815,Hoşsohbet Sokak
29.28687742575762,40.92597190068848,29.28817257659029,40.9273440988987,Çamlık Sitesi
28.974981941339028,41.01276706682151,28.981895345957916,41.01654529059117,Sirkeci
28.97769334732929,41.05383286131621,28.9788826523651,41.054733138644856,Ortanca
29.28169576506354,40.910457813031144,29.283146236536894,40.91195618562382,Gülfidan Sokak
29.072562941643138,41.056240093657415,29.07396405668593,41.0576579055088,Bahçelievler Mahalle Muhtarlığı
29.01070080519857,41.09144870657057,29.012310201806287,41.09286539371802,Orhan İlter
28.879493096176038,41.077887837156915,28.880682903533216,41.07878816280451,Namık Kemal Caddesi
28.864120056631112,41.02901431375307,28.86585694639225,41.02998668664268,Güneştepe
29.058712242612476,41.031883775827566,29.05996175545469,41.03279822373936,Çankaya Sokak
28.827991035639663,41.019311642005235,28.82922116642267,41.02026535793513,İmam Azam Camii
28.803053726764087,41.10104506444593,28.804511272094526,41.102063934933305,Kavacık Sitesi
28.980221956039617,41.081708757411064,28.982064743815297,41.0826124424773,Fazilet Parkı
29.034411027323458,41.09905213233018,29.03580077080327,41.100112067676974,İSKİ
29.197230398356297,40.99743933241018,29.198594598774662,40.99836166653097,Gediz Sokak
29.104078050787727,40.98090187189141,29.105355253675807,40.98242802787744,Zübeyde Hanım Öğretmenevi
29.215927106039416,40.88580956155063,29.21718888850721,40.88738543835324,Yunus Caddesi
28.906015362695864,41.07824098492294,28.907311433016737,41.07973941490496,Prof.Dr.Gazi Yaşargil İmam Hatip Ortaokulu
28.999887538274958,41.10231571107028,29.001208464191194,41.10322028894202,İmam Çeşme
29.17786327887007,40.90538526138023,29.179124424423556,40.90627063852624,Hazal Sokak
28.930689677903185,41.06428341921896,28.93186941928353,41.06519988051358,Akarsu
29.134513086143794,41.08931290843377,29.135702913525936,41.09021309152668,Gündoğdu Caddesi
29.24899274186047,40.895217696386894,29.250398260666593,40.896153302714104,Öğrenci Yurdu
28.997897946740053,41.10515630251519,29.00030012647667,41.107299795987636,Oyak Sitesi
28.869091979122846,41.097334177548014,28.87037162221386,41.098236122439594,Örnek Sitesi
29.214949071205233,40.9624357803737,29.21632692994765,40.96348121955418,Kazım Karabekir Caddesi
28.98967105444609,41.06582591398159,28.993667074718495,41.06773002331956,Mecidiyeköy
29.089356881583004,41.02653419353168,29.0909342253119,41.02793010674372,Mevlana Parkı
29.222324251161545,41.032998652560764,29.223995342257655,41.03440434772975,Sultançifliği İlköğretim Okulu
29.217926792862496,41.027394481609925,29.21984490005794,41.02893841868028,Mehmet Akif Ersoy Caddesi
29.11188418598725,41.03170236006764,29.113861820557023,41.03279064102306,Dr.Adnan Büyükdeniz Caddesi
28.95975395410874,41.04152404803037,28.961112048278792,41.042451751217925,Okçular Tekkesi
29.025673976126566,41.096946877900784,29.026864023559863,41.09784712206008,Konaklar Mahallesi
29.067600340800173,41.03858120742231,29.071267564028773,41.040527757845474,Mehmet Akif Ersoy Mahallesi
29.29237250144961,40.923399149928244,29.29375449501295,40.92450585011466,Kardelen Sokak
28.913049185550957,41.04733800753473,28.91461681100185,41.049037991223926,Sağlık Merkezi
28.884455854084543,41.09565928678154,28.88575344886196,41.09655651318727,Avizeciler
28.84803356390234,41.04562759944168,28.84949043013868,41.046887400682664,Dereyolu
29.130288353719767,41.14422424611471,29.131573645365155,41.14512775387324,Hz Hamza Cami
29.059001503622895,41.040226000955336,29.060698216505408,41.041419984180465,Orhan Seyfi Orhan Ortaokulu
29.2256396154842,40.894236342180854,29.228831488657626,40.897670194180854,Vergi Dairesi
29.30198145288477,40.94151425357857,29.30466090121779,40.94311124343523,
29.151241654396074,41.122166812113385,29.152684528183332,41.12314684580932,Kazim Karabekir Caddesi
29.016561121224175,41.02496036972899,29.017749878464617,41.025860630231946,Horhor
29.180623486026093,40.90210394470702,29.182268433908835,40.903303871058924,Kartal Anadolu İmam Hati̇p Li̇sesi̇
29.087599026475022,40.8710138777228,29.088784973204906,40.871914122237904,Çamlimanı
29.228715346952235,40.88763472291506,29.230117650767827,40.88859467618358,Plevne Caddesi
29.269334137153976,40.87807536230008,29.270517866076204,40.879020137511304,Kaynarca Merkez Camii
28.810073980376693,40.999269413386436,28.811262419344207,41.00016978657522,Küçükçekmece Adalet Sarayı
29.247215811885205,40.999744205029764,29.248591186740263,41.00072479443958,Turan Sokak
29.106892494029015,41.13667104377821,29.10810340629552,41.13773615606858,Cam ve Billur Müzesi
28.933567510623718,41.090900567579986,28.93491718968258,41.091908532285736,Finanskent Yolu
28.989742117547507,41.069345308144314,28.991305883536345,41.07048469154314,Kuştepe Muhtarliği
29.072560544929974,40.957789880213525,29.073748054751096,40.9586901197472,Şaşkınbakkal
28.845725248491842,41.04539566280826,28.847013253961435,41.04640683717956,Fatih Mahallesi
28.93781200266342,41.09049885345201,28.93900199703668,41.0913991465092,Finanskent
29.2232054999436,40.92058689580005,29.22473539706954,40.92222080305404,Darüşşafaka
28.900955535238513,41.07222693009788,28.904778681421618,41.075411992338495,Küçükköy
29.086824248673622,41.036590568950984,29.088058751287576,41.03770143074821,Veli Sokak
29.1442603059776,40.97634840245444,29.14544809369221,40.977248597506026,Nar Çiçeği Sokak
29.17142211312624,40.96116762578083,29.172608887498917,40.96212737411479,Handan Sokak
28.90512471240965,41.05934293345224,28.90632828648404,41.060417066496804,Çukurçeşme Camii
29.02592697415617,41.086711504801634,29.02723702494894,41.08797849465524,Anafartalar Okulu
29.008517573968664,41.057733448048154,29.01123400974486,41.05928784514173,Darphane
29.13342934376398,40.87103969102604,29.134615255908944,40.87193990893448,Selvili Camii
29.251751409168165,40.99052444806037,29.253220894754243,40.99171435203057,Gazi Emir Caddesi
29.197511457165714,40.980753989037574,29.19878854060976,40.98174601092273,Efe Sokak
28.849278830874663,41.00992255876272,28.850519172070626,41.0109074411579,Karakent Sitesi
29.24008726207139,40.96318793031018,29.24127473758387,40.964088069649904,Alkan Sokak
29.03473468419928,41.12963988299193,29.03592531548531,41.130540116968895,Ata Caddesi
29.171634468317844,41.035279853354275,29.173052632817498,41.03619524669691,Huzurkent Sitesi
29.10481613971372,41.01365418533854,29.106118858895243,41.0146488146512,Genç Osman İlkokulu
28.894564846956154,41.067018073887006,28.89737463436331,41.06927726300301,Ali Fuat Başgil
29.228957074489454,40.879468254904005,29.234969533526414,40.88271822109465,Pendik YHT İstasyonu
29.086314225135666,41.09470193491678,29.087874514300196,41.0961434880391,Ozanlar
28.795548666195135,41.02798792560119,28.79690133219668,41.02902007439562,İnönü Mahallesi
29.153121426935968,41.073175582775164,29.1543192719815,41.07422311718475,Selçuk Sokak
28.870880950903967,41.04580953438503,28.872155053539753,41.04732546539898,Kazım Karabekir İlkokulu
29.109808734019254,41.10844077451669,29.11300226527324,41.10934722582064,Çubuklu Evleri
29.16256966635402,41.029108893132836,29.163789334302805,41.03017210647477,BİLAL-İ HABEŞİ CAMİİ
28.79988373193498,40.96367509196649,28.80388425774807,40.965160992405735,İstanbul Akvaryum
28.866318356453853,41.05960583233124,28.867507843257663,41.060506167630244,Güner Sokak
29.143644731000872,41.07875956381711,29.144837270363144,41.07976043572834,Çavuşbaşı Cumhuriyet Caddesi
29.268320008251393,40.96587144057666,29.26982108860782,40.967036459491574,Sultanbeyli Merkez
29.20129175646458,41.00182295325928,29.202850034611252,41.00353119366736,
29.263660789557235,40.98537747487719,29.265053606623464,40.98629902519146,Revani Sokak
28.868965271926207,41.05798783288428,28.87015472778491,41.058888167077164,Havaalanı Mahallesi
29.209056825526577,40.88970813015078,29.210263175199326,40.890795869727505,Karaca Sokak
29.089855856448157,40.978501701189025,29.091083743699297,40.979595398502966,Mehpare Sokak
29.044754004976735,41.04345948506896,29.047356191390822,41.04541832013122,Beylerbeyi
29.100896638871966,41.10603185218556,29.102154262505742,41.10726884750403,Cengizhan Caddesi
28.95880325556842,41.054209052828895,28.966610742217163,41.05882720612981,Okmeydanı
28.912176324888495,40.99906119576184,28.91335767351272,41.00003680374999,Zeytinburnu Dikilitaş
28.78228323572086,40.99193610774004,28.784178764782187,40.99285839228061,Yavuz Selim Camii
29.021547065612992,41.08685987596214,29.022736934074203,41.08776012399877,Spor Kompleksi
28.906436429096175,41.00367742440325,28.908236992146392,41.00474686319008,Seyitnizam-Akşemsettin
29.154310172888078,41.079800692708815,29.155575825070095,41.08077830724373,Edebali Sokak
28.79542426487872,41.04312472622167,28.79685173342245,41.04420327375857,Ticaret Lisesi
29.13939683804138,41.12397923882359,29.14059336233071,41.124967961065956,Karlıtepe
29.122282023562864,40.92542695121012,29.12575451536278,40.9282104727815,Süreyyapaşa
29.02119214794606,41.01705850894115,29.02241895193376,41.01815659082,Sokullu Mehmet Paşa İlkolulu
29.133215969074158,41.00679101049608,29.13505373775093,41.008314889708046,Tarik Buğra Sokak
28.924543446179502,41.04075984603153,28.92573255352326,41.04166015392973,Cengaver Sokak
28.82561738768908,41.1321967276875,28.826808212027842,41.1330970722741,Habipler Transit Yol
28.882744269218314,41.09773037926115,28.88394082912079,41.09882442069461,Esentepe Muhtarlığı
28.9528439165029,41.04516425392151,28.954033083195448,41.04606454603965,Hasköy
28.900680644367906,41.02465403859963,28.902293346780734,41.02683696062882,Samiha Ayverdi Anadolu Lisesi
28.88171773246948,41.007274832200416,28.882906267240294,41.00817516776101,Poyraz Sokak
28.780077817386292,40.994059805573265,28.781266182339294,40.9949601943885,Orhangazi Sokak
29.039746129648492,40.96928587183533,29.04093387003747,40.97018612812552,Lojmanlar
28.987662771349292,41.090506822677874,28.989725290786005,41.092513118632056,Bayraktar
28.84520042418806,41.058234329064646,28.84739607437678,41.059173171296145,Basın Tesisleri
28.880880503955478,41.03266183397241,28.882069495754106,41.03356216598901,Ayazma Caddesi
29.233050892288148,40.985486886878995,29.23424300399508,40.986447112809735,Şeref Sokak
29.024254491345996,41.026640724891735,29.02661011349628,41.0282795742452,Setbaşı
29.142096589389286,40.942479047062015,29.14338000874836,40.94340925244948,Narlıdere Caddesi
29.255904442090223,40.98619174107801,29.257567556304927,40.98712225915555,Doğan Sokak
28.930039912030036,41.06861253275521,28.931271188595915,41.06969706677493,Başak Sanayi Sitesi
29.206293629780227,40.891877002753695,29.20760357088768,40.8931570964869,Sanayi̇ Caddesi̇
29.0748233953561,41.03358471791932,29.076865405688814,41.03452758220798,Kıvanç Sokak
28.775223598195563,40.996982389743266,28.776504398636025,40.99787561013704,Şehit Murat Kocatürk
29.101481949608907,40.99711763027191,29.103872993834,40.99832737432288,Ardıç Sokak
29.073040909747938,40.97136335919988,29.07440429224619,40.97242004079839,Karakol
29.206628765521145,41.01768818084567,29.207821133837175,41.01867711911934,Emlak Konut Çınarköy Anadolu Lisesi
28.865709653069448,41.01550482872018,28.8668983466427,41.01640517124129,Salcı Sokak
29.257000602917223,40.907335686001225,29.258557395873623,40.90839301313324,İBB Ders Atölyesi
29.191562184739723,41.01901934458109,29.1929258140526,41.019999654960635,Pazaryeri
29.09750455989645,41.06060588598646,29.099707533133902,41.062244670695904,Hekimbaşı
28.995928869140194,41.11043473231315,28.998310412658444,41.11210989835427,Maslak Yolu
29.090806972536427,40.877194879128155,29.091993027142927,40.87809512083254,Akçakoca Sokak
28.77328370415736,40.98469233473274,28.774821086492164,40.986214765530995,Küçükçekmece Köprüsü
29.034028939702775,41.127376330538915,29.035255058899047,41.12843866862916,Aşaği Camii
28.84042182426744,41.12663243137941,28.841652180001944,41.127656568468325,İsfalt
29.26824126995205,40.9446516994791,29.269594728485174,40.94561829997699,İtaat Sokak
29.263200351467336,40.922463786686016,29.26447464746022,40.92340821305684,Uhud Sokak
29.229304694464602,41.02612719611132,29.230612704574213,41.0273961033733,Vatan Caddesi
28.886149362811842,41.00849731818373,28.887373641543984,41.009943681704776,Veysel Karani Camii
29.13233855294757,40.92593269500225,29.133525446724754,40.926832904958275,Maltepe
29.109805283301352,41.11357873979018,29.111277713216996,41.114737260293424,Soğuksu Mahallesi
29.242604694790483,40.97080783168253,29.24379230486429,40.971707968277535,Çolakoğlu Sokak
28.80455624143526,41.11735500014651,28.80592876144749,41.11843999988618,Hisar Sitesi
29.08382561051011,41.01530613059273,29.085023589031373,41.01630926922197,Altınköy
29.12004828299154,40.95555689372789,29.121235716682275,40.95645710623268,1.Kısım
29.225956861050356,40.98496702767637,29.227144738606764,40.98586717228377,Semerkand
29.09020839057717,41.053645892771016,29.091397609099886,41.054546107189644,Hisar Caddesi
28.820788709975336,41.00749981670623,28.821977289743817,41.00840018325541,Yenibosna
29.07082572398983,40.98235828164293,29.072013675691178,40.983258518317825,Öğretmen Harun Reşit İlkokulu
28.798014528332523,41.118267440302425,28.799424274720877,41.11938315974142,Atilla Altıkat Caddesi
29.084273605479662,40.99539140986437,29.08649945749364,40.99679367003093,Şehit Cahar Dudayev Caddesi
29.271318903829247,40.924924519429645,29.272839894070387,40.92593307948117,Mustafa Saffet Fen Lisesi
29.05786254176161,40.968685776892464,29.059050257921562,40.96958602306832,Tütüncü Mehmet Efendi
28.821748690360803,41.01867718111651,28.82309130790364,41.019586818907044,Mimar Sinan Parkı
29.30108721867762,40.937213027576384,29.302288781193642,40.9382409723317,Trafo
29.101588562009137,41.035078894596595,29.102777437666422,41.035979105364,Berat Camii
29.075028823411767,41.027132086347265,29.076217576267986,41.02803231361344,Aşevi
29.144470018871715,40.94175142607465,29.14575008144073,40.94271977385965,Çamlık
28.775650232671925,41.02785439776828,28.777095864340414,41.02879640096099,İstasyon Mahallesi Muhtarlığı
29.297993786092054,40.93982702422616,29.29976821708439,40.940807976210245,Eşref Bitlis Bulvarı
28.958842795227575,41.00328085225437,28.96003120447038,41.00418114770679,Balıkçı Barınağı
28.957451251120546,41.075451255759766,28.959661175054965,41.07705111216144,Nurtepe Viyadük
29.04209665422661,41.07607597595528,29.043893956033077,41.07705408084515,Bebek
28.93229972483664,41.03231934742724,28.933488674865043,41.03321965253399,Şehitlik
28.994243298241415,41.0816806887569,28.995917703044753,41.082756310260066,Güzeldere
29.03785128719455,41.086243171416655,29.039060713342142,41.0872818283191,Site Yolu
28.99377326838685,41.039574304736675,28.995941933014215,41.04197991291076,Beşiktaş Stadyumu
28.959429190517344,41.02304256636805,28.96125362253304,41.02497975126504,Cibali
29.123215662189263,41.05003685888505,29.12457833733695,41.05103514083186,Mesire Alanı
29.134016555233156,40.869779491099735,29.1352024444397,40.8706797088608,Halk Eğitim Merkezi
29.08197542966911,41.00470553119692,29.083221073412997,41.00558716868503,Merkez Camii
28.795619848939896,41.02439530982062,28.797047152128844,41.02531069022894,Pazar Yolu
28.907397374687296,41.048039842084194,28.908586625018028,41.04894015787713,Dökümcüler Caddesi
29.047509602268985,41.01721497777032,29.04869819741513,41.01811522219049,Erzurum Sitesi
28.78755819457916,41.04495495689001,28.7889096027212,41.04587904216462,Şehit Yılmaz Özdemir Caddesi
28.913911868267437,40.99338883951509,28.91510013143756,40.994289160446215,Zakir Baş Caddesi
29.081040662169503,41.020644201253326,29.08232833953772,41.021545798738096,Selviler
29.02208313491504,41.0014055694176,29.023271464773206,41.002305830543314,Haydarpaşa Mesleki ve Teknik Anadolu Lisesi
29.150890379032447,41.097752689047944,29.15214462598666,41.098836310840554,Lalezar Sokak
29.155753517801173,40.91587597887831,29.157251486576065,40.916829621424135,Savaş Sokak
29.18025017345131,41.00424141520133,29.181451325914605,41.00525938452949,Kurtuluş Caddesi
28.83831173885154,41.05389138187643,28.839566260647214,41.05502761743904,Göztepe Meydanı
29.067237154740948,41.01146957148224,29.069551799369087,41.01284674176538,Çilehane Sokak
28.961372729723323,41.03846918132213,28.962681074215162,41.03954541867319,Kulaksız
28.92511379804675,41.04612984660316,28.92630300165586,41.047030153358094,A-17 Eyüp-Bayrampaşa Başdurağı
28.928757575898693,41.043417862105,28.93059442310276,41.04458313651966,Düğmeciler
28.83436581664882,40.996124819227646,28.83555418306838,40.99702518073397,Belediye
29.12877651640727,41.151439758357256,29.13043108488835,41.15250744070185,Dereseki
28.956439524344397,41.01107595221789,28.95762807535383,41.011976247743256,
28.820610324623004,41.02811251827627,28.82179927509593,41.02901288168536,
29.24265304973394,40.873095432907334,29.24513460372645,40.87497185260847,Pendik Peronlar
29.290845463186507,40.917096733840275,29.292125236627243,40.91828996561168,Sütçü İmam Caddesi
28.9445783478124,41.03604340733614,28.946511240749626,41.037861593344005,Balat Hastanesi
29.115889876923426,41.05446678574116,29.118495116318215,41.05625221371138,Ümraniye Cezaevi
29.1815724321371,40.98621161432396,29.18276036752682,40.98711178563634,48.sokak
28.997496937658198,41.100067870351154,28.99868706203255,41.100968129609804,Oyak Yolu
28.911149759719038,41.081388701765974,28.914333047529222,41.08260830006004,Dr.Gürkan Ceylan Caddesi
29.00206626313107,41.064158868794394,29.003255736559442,41.065059131166564,Emniyet Müdürlüğü
29.120455183810662,40.96664119471428,29.121642815862927,40.967541405246244,Vicdan
29.20907530174287,40.92910135540308,29.210271995977326,40.93026614455048,Fatih Sultan Mehmet Caddesi
29.09135501322318,41.09555889638391,29.092544986453138,41.09645910357673,Beykoz Üniversitesi
29.292303287581518,40.92635321396075,29.293667711925753,40.92736778595682,Alpsu Sitesi
28.7722603049391,41.02431198595146,28.774003694640285,41.02546801304812,Bezirganbahçe Toki
28.75672804524646,41.055308955645565,28.760512153318874,41.05674005841213,Orta.Mahallesi
29.019783628610554,40.98949725452739,29.02638589388562,40.99657048146529,Kadıköy
29.144714331441424,40.94356801218285,29.146068071139318,40.944479787873,Bent
29.24625561853042,40.90391896172207,29.247625984029895,40.904842337433394,İmamı Azam Camii
28.869450480125973,41.09312273566438,28.87071752512984,41.09422876423664,50.Yıl Muhtarlığı
29.160058529719386,40.9053405660969,29.162054245218474,40.90712813114796,Başak Sokak
28.85477936117485,41.06936653106125,28.856079568966454,41.07049373737173,Atatürk Caddesi
28.824394270846664,41.05644782144456,28.825583728871358,41.05734817851703,Altinbaş Meslek Yüksekokulu
28.871499119183408,41.00665902567132,28.873323183858734,41.007640774772995,Heybeli Caddesi
28.785017668638414,41.079995341377185,28.786527326231514,41.08124465877833,Ayma Kooperatifi
28.83904573721896,41.03399929183219,28.84024526246198,41.035014708104626,Gülveren Sokak
29.04345494127548,40.994992906905146,29.04464905725582,40.996066093053145,Müverrih Ata Sokak
29.12458498549548,40.86751137749466,29.126537708031183,40.868582123594926,Taş Mektep
29.09486374626273,40.99703198450657,29.09607685554352,40.99821501538921,Kelkit Sokak
29.14495686264755,41.141528100510115,29.14621213640288,41.142480899464445,Örnekköy
29.227376619349236,41.023466858757935,29.228568379535215,41.02449214120393,Vatan Caddesi
29.12951429906979,41.12089890944286,29.130704700600276,41.12179909051761,Beykoz Konaklari
29.186246301554732,40.96075494829387,29.187587095384192,40.9618169517136,Meslek Yüksekokulu
29.09479565356765,41.05096861098089,29.096866787927148,41.05236467694137,Şehit Köksal Karmil
28.971597281998672,41.0608438602101,28.972786717696582,41.06174413975097,Perpa 3
28.850386120567638,41.04200036539184,28.851771878705815,41.042907634639384,Yavuzselim Mahallesi
29.250325367173307,40.96416265472492,29.25202422586098,40.96560424559708,Hat Caddesi
29.27684015687064,40.98010073362344,29.278011841269045,40.981060265823025,Düzey Sokak
28.846195910602678,41.0013314101216,28.84759439588919,41.00260138999489,Kerim Çavuşpaşa
29.29201060522819,40.94914682470408,29.294686931049046,40.95078562310368,
29.16341836543204,40.90256891595042,29.165819694575216,40.903829402540815,Gonca Sokak
29.176950324075456,41.02297380754171,29.178633674404864,41.02406319123011,Plazalar
29.25145090974298,40.88010502731709,29.25263688991175,40.881005172642965,Karadeniz Caddesi
28.900750946903795,41.06101201705206,28.90320110190744,41.06346032129756,Bosna-Çukurçeşme
28.992236916287084,41.09356702009851,28.99353748160753,41.09449557930313,Benzinlik;Benzinlık
29.09339485284403,41.1541700365929,29.09522374567536,41.15510306368409,Sultan Aziz
28.859740019587733,41.007878026593566,28.860928580125425,41.00877837336794,Basınsitesi
29.24206128721874,40.99193120882843,29.243285113284003,40.99305129093812,Rüheyda Sokak
28.811786581076213,40.97697221206654,28.8129746186447,40.97787258789514,Atatürk Havalimanı Millet Bahçesi
29.215378677856407,40.960673114785955,29.21681432318665,40.961675884746384,Fetih Sokak
29.239908034939784,40.89087042976738,29.24219946699305,40.89234376875292,Taşlıbayır
29.208877244587736,40.91280914368658,29.21016205411915,40.913754055984526,Hasan Ferruh Özgen Anadolu Lisesi
28.944719646565403,41.073064791591044,28.946984966801267,41.07759082111775,Alibeyköy
29.16888645162227,40.986994001313384,29.17022744506053,40.988063698689935,Ferhatpaşa İsmek
28.935833494741914,41.08165531732486,28.937075106644812,41.08255178263433,Pazar Yolu
28.852744301083987,40.98340328758279,28.85407559890446,40.984666511351584,Ataköy 11. Kısım
28.79449770522143,40.987086495524345,28.79713428958656,40.98816850581308,Polis Okulu
29.23601515859749,41.00791374019591,29.23745693715959,41.009084159898244,Çamlıktepe
28.896293320913088,41.04247833874439,28.89748247879401,41.04337866121699,A-11 Yunus Mere Mahallesi-Otogar Minibüs Durağı
28.80931502804324,41.11261456256755,28.81066297333651,41.11352443746201,Esenbahçe
28.837936799492933,40.998167820289375,28.83912520022369,40.99906817967218,Şelale Sokak
29.013973858604245,41.11123888771939,29.015325142062014,41.112255112186524,Mashattan Sitesi
28.776674194354538,41.069717430932705,28.777865605343525,41.07066666903248,Yenice Sokak
28.89200074876377,41.02461830624428,28.895679088624373,41.02641543354954,Sarigöl Caddesi
28.985888021638196,41.041520464275585,28.987214185033874,41.043304835419974,Elmadağ
29.21639407309164,41.03093425311756,29.217642935440058,41.03284374672532,Destan Sokak
28.90332326722255,41.04192422307313,28.90485072359574,41.043426777170176,Bayrampaşa Devlet Hastanesi
29.03021120660422,41.1433939080336,29.031816798801614,41.144724092140905,Sarıyer Ağız Ve Diş Sağlığı Merkezi
28.783186900075908,41.09607381432769,28.784377099648,41.09697418563404,Polatkan Sokak
29.161584041900667,40.98860593803425,29.163158958244257,40.98951406192452,Yeni Çamlıca Merkez Camii
29.039359961249485,41.11021247107385,29.040620043608556,41.111749528749854,İETT Memur Evleri
29.12926481011412,41.008661900578545,29.13045318955754,41.00956209938197,Aşik Veysel Caddesi
28.797305536266844,41.04704766977673,28.798571461339368,41.04795432958983,Malazgirt Caddesi
29.293833892614924,40.944121507145056,29.29568411248517,40.945154493615846,Alparslan Caddesi
29.120348996607966,40.95021829266421,29.12177270175691,40.951293507317416,Karayolları
28.832125973392653,41.040391029009854,28.833560024861665,41.04130997109158,Koca Yusuf İlkokulu
28.925751848347595,41.03860942039905,28.927284156338587,41.03957357996363,Defterdar
28.870196650542745,41.001815210889,28.871486846533912,41.00319568889195,Çalışlar
29.036805699523214,41.12060576438463,29.039060433479875,41.12177011990298,Pınar Mahallesi Yolu
28.870685046178533,41.08294453226688,28.873285989455216,41.08536822189037,Cumhuriyet Mahallesi
29.117795257460106,41.04340577755542,29.11948274903201,41.044837222691214,Kocatepe Mezarlık
29.123262180898084,41.136977577244664,29.124556819332412,41.1379394226576,Obruk Çikmazı
28.766115773427693,40.99845480251292,28.76730422629998,40.999355197448885,Fatih Mahallesi
29.172744486124135,41.005838393011054,29.174283514339468,41.00675160699294,Yenidünya Sitesi
29.096083987433655,40.990288485282214,29.097389013424998,40.991244514506654,Evren Caddesi
28.922194773025705,41.06647990981598,28.92384952747293,41.06758228946484,Sarıgöl
29.223832090540494,40.889451811809025,29.22517090860079,40.890358188210904,Hudut Caddesi
28.87504366530644,41.05464148898384,28.876684342920907,41.05614751138844,Atışalanı Anadolu Lisesi
29.216922621312584,40.93873556187255,29.218190373735762,40.94026663802231,Aydos Orman Parkı
29.263332966593786,40.9739375387884,29.264719032553455,40.97497146114912,Sultanbeyli Otogar
29.29200592777762,40.915662860763526,29.293490771938043,40.91672833898414,Kartal Sokak
29.097467254323213,40.87688940594626,29.09965328497221,40.877943475431586,Muhtarlık
29.026493315930896,41.10484835036424,29.027881081546013,41.10576524970301,Kimya Metalurji Fakültesi (Köşe)
28.943249994019848,41.07954553183364,28.94466597516508,41.08068144300146,İmar Bloklari
28.87914088340888,40.97922592933721,28.880328916301643,40.980126270624226,
29.04788270932561,41.127399886507,29.049073290356983,41.12830011345379,Metin Oktay Spor Kompleksi
28.972729420671797,41.08640628296323,28.974027577831635,41.08735071663763,Süleymaniye Cami
29.21534783801522,41.02146633469858,29.21685536221578,41.02296750915224,Halit Bin Velit Cami
29.138439960841517,41.142940989743934,29.140550437435163,41.1438862106654,Sazlı Çıkmazı
29.106269952672925,41.1314249958523,29.107715648746595,41.132514104042635,Birinci Caddesi
28.89740579885078,41.097123743998864,28.898781392944407,41.09810160135824,Murat Celep Caddesi
29.28111779252833,40.98591629179798,29.284827327297958,40.989692041346046,Sultanbeyli Devlet Hastanesi
29.27306624093454,40.979417802687266,29.27464721111715,40.98128966068555,Kubbe Caddesi
29.20680878469775,40.89821906405418,29.208154914698966,40.89922673588702,Kamber Sokak
28.940146944503528,41.0146459211574,28.943428233042617,41.01677453369879,Oğuzhan
28.856392512236056,41.018361119722194,28.85958242894774,41.02091265583636,Yıldıztepe
28.94569334854107,41.11923291338203,28.947704979720314,41.1224940990465,Hasdal Metro
29.005454274761124,41.059918848224186,29.00683372529958,41.06082215173569,Ayazma Deresi
28.803205979322293,41.045579837569214,28.804818017716613,41.04657716082747,Şehit Serdar Gökbayrak
29.03201266083366,41.10816967410903,29.033271340657976,41.10909142562034,Verda Üründül Kız Öğrenci Yurdu
29.075276045334043,41.09669876274718,29.07647395519087,41.09769923709109,Tekke Camii
29.103968424252784,41.00835238052466,29.105142074066134,41.009305319049574,Akdeniz Caddesi
28.891803752925483,41.106225781180605,28.89331785019198,41.10788711749232,Gazi Paşa Parkı
28.96353311996558,41.08519195784243,28.965069081995978,41.086126042324025,İSKİ Genel Müdürlüğü
28.890894895481985,41.06283771684207,28.892694907119196,41.0641424827647,Yıldırım Mahallesi
29.158852935260605,40.942156749668,29.160140667746475,40.94318595031952,Nish Adalar Spor Tesisleri
28.893415626493653,41.086248582455625,28.894724673473636,41.08722341745801,634. Sokak
29.275416852240937,40.95318819204677,29.276856049003374,40.95464940658608,Sultanbeyli Gölet Sosyal Tesisi
29.11740748868234,41.11458419415529,29.118929510856173,41.11565280527144,Şehit Murat Çavdar
29.155339575764877,40.98109012492881,29.156661323973218,40.98207677499909,Kayışdağı Mahallesi
28.968318269502088,41.02877145680947,28.96950713019408,41.02967174315163,Şişhane 6
28.883628448644576,41.03891383517348,28.88481755106451,41.03981416478795,Esenler Sosyal Güvenlık Kurumu
29.131077230294853,40.87244759044655,29.132263169378398,40.87334780951401,Çınar Caddesi
29.257289237707937,40.96844656730746,29.259631258649364,40.96945983358455,Fatih Sultan Mehmet Mezarlığı
29.29914709038045,40.91834714394071,29.300567407514873,40.9192671561636,Sena Sokak
28.95191937549022,41.03809077677765,28.953596620734114,41.039370223264,Hasköy Cami Altı
29.1121235605684,40.97045976636695,29.113786936381242,40.97141733401683,Yahya Kemal Beyatlı Ortaokulu
29.109438316709838,40.95133889031226,29.110625682965658,40.952239109648325,Kılavuz Çayırı
29.24558884260258,41.01018613568624,29.246777157051145,41.01108626427379,Keleşoğlu Caddesi
29.099242362901506,41.02376049303254,29.100431036774562,41.02466070692808,Ümraniye Son Durak
29.13822993038153,40.99565640219062,29.139418069288926,40.996556597769874,Dudullu Terminali
28.796007316649607,41.06236573931897,28.797276887281345,41.06340956061543,Marmara Sanayi A Kapısı
28.98936635420699,41.031379587154035,28.995193721875868,41.035299613414836,Kabataş
29.137859156270075,41.008687072233556,29.140007609180056,41.01091505790087,Aziz Bulvarı
29.28444275835617,40.903074747273834,29.285761439744142,40.90398155272438,Kaynarca Caddesi
29.278986287979365,40.98669462418203,29.28020700938515,40.987647375662846,Tesbih Sokak
29.222671273970292,41.0218653559111,29.22386402648509,41.02284664397806,Demokrasi Caddesi
28.953119564774628,41.051803084869526,28.954537734903298,41.05270591514529,Çıksalın
29.010760661822385,41.07822116198119,29.012544455683017,41.08121291677806,Fabrikalar
28.87107235592408,41.02413725414746,28.8728485068948,41.02670486265563,Güngören
28.79293880705289,41.07248614906229,28.79425819659896,41.07398485054957,Kiptaş Masko Evleri
29.16826763930339,41.061204464321044,29.169543262068206,41.062135835408625,Hürriyet Caddesi
29.164745472684988,40.98167604936385,29.16642477368484,40.98291236366693,Üsküdar Caddesi
29.09683707791335,40.994530982029715,29.098160822445205,40.99552641786896,Murat Sokak
29.0928067189402,40.95078225832792,29.09809171594796,40.95620971635886,Üstbostancı
29.119945994604976,41.01384002187496,29.12124000848333,41.01487527811614,Gürsel Sokak
28.776634718757123,40.9970505107495,28.7780742785696,40.99816548929076,İnönü Caddesi
28.921314499164787,41.0161890192585,28.92283750051583,41.01727198043361,Topkapı Zeytinburnu
29.2146419708749,40.94003611229425,29.216348733642374,40.94103368826252,Şehitler Cami
28.894843931269584,40.98563583391418,28.896032068438437,40.986536166047195,Zübeyde Hanim Caddesi
29.132728028431462,40.872727890952454,29.133913971241533,40.8736281090081,Pervane Sokak
28.783532378022894,41.06859398825282,28.785044619091032,41.06975601178585,Mikdat Ağaoğlu Çok Programli Anadolu Lisesi
29.05436567806151,40.99139513811772,29.05643181935964,40.992366162439545,Hürriyet
28.860692262270078,41.02654248381615,28.86207573499196,41.02745951624654,Yavuz Selim Caddesi
29.25265071619845,40.91302393026461,29.253837283455614,40.913924069695426,Yunusemre Cami̇i̇
29.091351741256048,40.992441088306464,29.092539858421663,40.993341311654206,Yunus Emre
28.863271639777473,41.016891828203704,28.864460359935027,41.01779217175778,Mızrak Sokak
29.053755692145263,41.111219655247766,29.057113026483915,41.113257622338104,Tokmak Burnu
28.71692238652676,40.987558077697344,28.718330608855982,40.98920692182139,İGS
29.179154160149444,41.00295818525135,29.18035384412102,41.003959814542235,1.Yol
29.233060603389582,41.021281207511066,29.234532798279787,41.022206092600435,Cemre Sokak
28.900314752771358,41.10441726144327,28.901676845785207,41.10545023854578,Millet Caddesi
29.050941506545705,41.146320156896316,29.052805491751872,41.147588842572176,Tabya Altı
29.17152444201552,41.05142791642356,29.172713557649026,41.052328083536764,Turcan Sokak
28.722604322135506,40.9803546906568,28.723792477599083,40.981255109305174,Fatih Sokak
28.86244439532704,41.096925644376995,28.863854711380075,41.098212755755526,Sultançiftliği Dörtyol
28.933613960374384,41.03525013781714,28.93637792814474,41.0393517024076,A-17 Eyüp-Bayrampaşa Sondurağı
29.0710895784571,40.96845869768481,29.072403322325428,40.969364602315686,Taş Mektep
29.143074523295947,40.929711898454,29.14426147637468,40.930612101506476,Sülün Sokak
29.21494742709684,40.887709216702454,29.216133572563376,40.88860938325774,Yavuz Caddesi̇
29.143799335720253,40.93419195580294,29.144984367841435,40.935149243988256,Candan Sokak
28.98324422580028,41.06754586390221,28.984433773893088,41.068446136058846,İstanbul Adalet Sarayı 2
29.142262033074473,41.019928197747085,29.143513969524054,41.0208138016261,İstiklal Caddesi
28.822711351497922,40.9617917477944,28.828001838358215,40.96363834393383,Hava Müzesi
29.246633384325055,40.88692233900047,29.247786612241068,40.887835660599194,Farabi̇ Caddesi̇
29.087459206334383,41.098837834804726,29.08884179625437,41.09976416432334,Ahmet Hamdi Akseki Camii
28.905910091796105,41.040278957379954,28.908632244541757,41.04200344207695,İsmetpaşa Mahallesi
28.955313047601596,41.078219655674054,28.957630842975526,41.07954034313724,Üçtepe Sokak
29.06826424028747,41.04460219033396,29.06975559199101,41.046178879350755,Güzeltepe
29.26886079905739,40.885355882321704,29.270025204302055,40.886286117435084,Arslanbey
28.96725080222264,41.04477007534567,28.96891289199606,41.04613182488676,Kadınlar Çeşmesi
28.75520906242265,41.04723538593596,28.756573936092504,41.0481466141056,Seralar
29.008923369569988,41.05362175365897,29.01034013894118,41.056703863044305,Ertuğrul Sitesi
29.286549374305903,40.96219199525151,29.287771726016725,40.96326990443448,Karatay Sokak
29.043702541879327,40.97923577372526,29.044890457805895,40.98013602623558,Konak
29.280365498236332,40.990436376626576,29.28163080400539,40.99175422308824,Ulubatlı Cami
28.98493222321876,41.0678998643905,28.986121776474345,41.068800135570555,İzzetpaşa
28.9686741597799,41.074290860471635,28.969863839915636,41.075191139489455,Kağıthane Emniyet Müdürlüğü
29.231648352176094,40.97506452864541,29.2328360474803,40.97596467131469,Hasan Basri Caddesi
29.15610695089754,40.96020465705501,29.157278050611364,40.9611573426252,Eskicibağ Caddesi
28.7979800549595,41.032459249883644,28.799176945789245,41.03349875005227,Siteler
29.286876651202405,40.91140563941937,29.28808704840839,40.91247406046834,Hilal Konutları
28.933580482087876,41.04924061349055,28.935920435580524,41.05131656990392,Eyüpsultan Teleferik
29.005894694716943,41.084908505586014,29.008295521907012,41.08800369884502,Emniyetevler
29.07430621646435,41.01510976944113,29.078878163156006,41.01712899091854,Birinci Sokak
29.27500383323427,40.92962633101501,29.27627946315024,40.93065686888019,Çamlık İsmek
29.232148118654163,41.00825915269523,29.23379448092758,41.00939364683742,İhsan Sokak
28.94076123817342,41.07111350533073,28.941995265790844,41.07212869454033,Yıldıztabya Alibeyköy Caddesi
29.136300883176368,41.010927516654824,29.137592120668288,41.012413483053116,TEV Zahide Zehra Garring Ortaokulu;
29.049904153898883,40.91203858431976,29.053075785091835,40.91323711261827,Narçiçeği Sokak
28.932437894657788,41.01457338237913,28.934314726625047,41.015877599470436,Çapa Şehremini
29.094370360878234,41.148248137611056,29.096704865037275,41.1498689590933,Çifteçınarlar
28.911537989406508,41.05732100902279,28.91318928583061,41.059115197315386,Gaziosmanpaşa Meydan
28.9022731074731,41.06402474996438,28.90362389246285,41.06492624998629,Cengiz Topel Caddesi
29.157776877238007,41.072618454231815,29.15908312245178,41.07359114560362,İhlas Sokak
28.98458226300383,41.10263236551384,28.986086336500048,41.1037119342413,Vadistanbul
28.818338459990176,41.13583408423206,28.820487046989303,41.136956817075394,Arnavutköy Yolu
29.249670631135913,41.0209531505604,29.251040370329605,41.02186584948712,Saruhan Camii
29.216480845423828,40.90942676934606,29.217750354191395,40.91037963052482,Çeti̇n Sokak
29.124088513920167,40.96773726168967,29.125651291024155,40.96871283873968,Yuvam İstanbul
29.23794685870652,40.974621030546196,29.23913454094891,40.975521169413874,Perran Kutman Sarıtaş İlkokulu
29.158331772595933,41.12679988161375,29.159661827570922,41.127780918258864,Zerzevat
29.032830147807726,41.11576904469984,29.03416985368252,41.117130954563876,Çamlibel
29.166923704785436,41.031376508027904,29.168487505375452,41.03298609239253,Çekmeköy Belediyesi
28.98478689093954,41.076727739301106,28.98660686535033,41.07771471154904,15 Temmuz Şehitler Caddesi
28.748588863929356,41.05053620144324,28.74989093924862,41.05143389852565,Şen Sokak
29.00543316494086,41.10872745157638,29.008190827900172,41.10988555027496,Maslak Kültür Merkezi
29.152967360635,40.925969001083146,29.154154239034167,40.9268691988773,Demirkurt Sokak
29.158566847304012,41.03916301160545,29.159755752362706,41.04006318835491,Özden Cengiz Anadolu Lisesi
29.11058459001947,41.021226096117,29.111773209654878,41.02212630384358,Dadaloğlu Caddesi
28.88508326560988,41.103655340623,28.886273534098194,41.104555659338395,Sultangazi Peronlar
29.156843630157805,41.029876910366944,29.158032369509307,41.03077708959343,Beyza Sokak
29.09243167980558,41.132520899589544,29.09362231987005,41.13342110037104,Beykoz - Şehit Pilot Yüzbaşi Atilla Tapan
29.031712733750314,41.001929672142666,29.032901065936432,41.00282992781821,Dinlenç Caddesi
28.937444376860498,41.07153376708105,28.94035623308075,41.07284623533892,Şenbağ
29.24131796668602,40.893438751549574,29.242586030911813,40.894347247792666,Şehit Yaşar Günaydın
29.26239484714248,40.868749306743865,29.26386955114334,40.869757092400704,Tersane Lojmanlar
29.230617275195883,40.89957826230009,29.23188772422047,40.90048073768611,Saba Sokak
28.741508949122778,40.97522343841262,28.7446652240812,40.976908664724974,
29.224016157899385,40.98277029904897,29.22535354363238,40.98372110052755,Kızılay Caddesi
29.179115000228165,40.889255256110566,29.180947601851944,40.89021714418323,Şehit Kemal Tosun
28.862544847492114,41.10481183490591,28.863735152219434,41.105712165055586,Cebeci İ.Ö.O.;Cebeci İlkokulu
29.07945055327937,40.979455383876804,29.080638446400346,40.980355616083926,Siteler
29.144305349629764,41.00491210470421,29.145493650039636,41.00581229525625,Dilek Sokak
29.293127777426424,40.91287507822673,29.296069103691497,40.914093781997735,700.yıl Ortaokulu
29.16705895215125,40.95526201181195,29.168563950453052,40.95619988838798,Hava Lojmanları
29.047715478806214,41.006627186994955,29.0492153233004,41.00776921292654,Türk Telekom - Çamlıca Kız Lisesi
28.900624257220638,40.98514353426972,28.901833145602044,40.986016465556496,Nuripasa
29.162363741191673,41.084399503863914,29.16359025559237,41.085371495948635,Düzlük
29.159948283086315,40.943168500152304,29.161479617389,40.944226999356374,Nish Adaları Blokları
28.869096802629187,41.02804762954471,28.870502477884994,41.03082327044469,Bağcılar Devlet Hastanesi
28.79160004249606,41.05457682117833,28.79317585566953,41.055734578697624,Atatürk Mahallesi
29.264763655621493,40.99182770101686,29.266078347809533,40.99272829897993,Esenler Sokak
29.171868997809497,40.98597910421968,29.174082507662437,40.98945015673888,10. Sokak
28.970867187390887,41.08451983995525,28.972214817238907,41.08565416008443,Ali Fuat Cebesoy
28.784511712178237,41.04866670364852,28.785977282283678,41.04991029648186,Olympiakent
29.13444298992045,40.86590919092202,29.13562880975238,40.8668094090385,Nakibey Plajı
29.149271579281223,41.02143232141796,29.15053002278033,41.02233887814464,Çayırönü Caddesi
29.138208736184005,41.01727520387725,29.13939726348616,41.01817539608325,Mediha Tansel İlkokulu
28.953426631802174,41.101661099621595,28.955021973475297,41.1035675990071,Hasdal
29.220630872688403,40.99419087861387,29.221987129734337,40.99525412140425,Babürşah Caddesi
29.028543250362404,41.0551026922052,29.029903751128494,41.056063307339514,Portakal Yokuşu
28.998997334041565,41.09022885997759,29.00033966394815,41.09126214002975,Sultan Selim Caddesi
29.022127289182148,40.98422246808427,29.023315310506327,40.98512273187665,Rıza Paşa
29.27614663835235,40.87982814713835,29.277336862365747,40.88084895281039,Yay Sokak
29.13513711320649,40.99001839377177,29.13745325560016,40.991176886419765,Teb Ataşehir Anadolu Lisesi
29.173231258498916,41.071876918535025,29.174420741165086,41.07277708142528,Köprübaşı
29.059576488663488,41.04146688307727,29.060765511018452,41.042367116883504,Kirazlıtepe
28.793372666552116,41.092152550564094,28.79469633435035,41.09345644867925,Dökümcüler Sitesi
29.235312821437983,40.90045892393146,29.236499178218928,40.90135907602863,Kurfalı
29.269593860685696,40.988001227542455,29.271281534599424,40.988990573017034,Hafız Ali Üsküdarlı Camii
29.165820062304263,41.0871253887138,29.167146937486933,41.08811261120606,Düz Kestane
29.052746973573658,41.03769790508639,29.053932829007547,41.03862069475647,Özbek Sokak
28.81533857481682,41.044624541386966,28.816960424966027,41.04574345812605,Sanayi Mahallesi
29.207694749968923,41.0083084240766,29.209880657731265,41.00946307739683,Songül Sokak
29.02956264764516,41.07453229907413,29.0307590516596,41.0755261007067,Gazete Muhabirleri Sitesi
29.212605279876897,40.953732772958794,29.215229219283767,40.95540176568101,Oğuzhan Sokak
28.947051528462268,41.032493851375776,28.948240471237124,41.0333941485854,Köprübaşı
28.899004802098375,41.0029104720663,28.903374606352678,41.004053634489075,Mithatpaşa
28.918332456013786,41.06033614660144,28.919608646451103,41.06123505277708,Tulumba Caddesi
28.858763121837455,41.04890119827244,28.860072880474736,41.04992580172878,Osmangazi Caddesi
28.979715670567632,41.07240619254578,28.981936263666,41.07382887498575,Menba Suyu
29.239918076776608,41.02654298598644,29.24113432498802,41.02772921389896,Ulusal Caddesi
29.094289302048075,40.957203720808344,29.095435895586498,40.958068278869376,Dörtyol
28.933655433765907,41.01978285841411,28.93584977506692,41.02130174027616,Bezmialem Vakıf Üniversitesi
29.16229872933961,41.0190829111416,29.16348727032682,41.01998308881877,Şehit Öğretmen Sevda Aydoğan İlkokulu
29.15310443461441,40.940056902226466,29.154291565054535,40.940957097733964,Tülin Caddesi
29.01454387354944,41.10785787566392,29.015734126138575,41.108758124297,Lise
29.182098843030964,40.89327189704339,29.183299257923313,40.8942961025911,Tanyeri Sokak
29.267876002384174,40.98264768881763,29.26916499479316,40.98366331113478,Sultanbeyli Çok Programlı Anadolu Lisesi
29.105309110243994,41.148253445441384,29.106502190804694,41.14924625427144,Yenimahalle
28.871070581258643,41.109884274346825,28.87242401584293,41.11079532566785,Cebeci Mahallesi
28.84788761371515,41.015844009463486,28.849492392305493,41.0178229892233,Tavukçu Deresi
29.14832313406544,40.99568330516737,29.149511265603465,40.99658349479307,Kale Seyahat Dudullu Terminali
28.85173721279235,40.99392101427086,28.85352379771379,40.995645986298705,Kamu Sağlığı
28.939648667235204,41.04275549847348,28.94211052711276,41.04505276830935,
29.103470609283335,40.986505254508934,29.104706092755123,40.987755145316534,Kardelen Sokak
29.17916855316886,41.039412917769106,29.180357446494686,41.0403130821912,Küçük Koru Cami
29.035496076454958,41.086227879803594,29.0366859232301,41.08712812015726,Saltan Sitesi
29.137254449229864,40.970834801372796,29.138576649210457,40.971846398623875,Sude Yaren Uzunçavdar
29.18429402959116,41.022473911998,29.185457268404228,41.02341408746736,Çekmeköy Spor Salonu
28.91833465151225,41.04967109610783,28.919637550624984,41.05068630388948,Dumlupınar Camii
28.832164712057534,41.00768781957841,28.833353287659865,41.00858818038318,Yıldırım Beyazıt Caddesi
29.136948486633194,41.01634046238697,29.138324008203277,41.017508637629106,Cemil Meriç Mahallesi
28.96028342786427,41.05246416135145,28.96192777518549,41.05371523854304,Nişangah
28.86357229624439,41.05508483127275,28.864761703467604,41.055985168688714,Anadolu Caddesi
28.910429360710314,41.05082885082227,28.911851638870207,41.051733149200615,Alperenler
29.134816594996426,40.94209837782277,29.136352605267124,40.9431993217419,Girne Mahallesi
29.14707353026154,40.976786562329096,29.148323475045878,40.97788703754958,Darülaceze Müdürlüğü
28.909955679895543,41.006332513442345,28.911378116969203,41.00725798667552,Yunus Emre Caddesi
29.247219149375333,40.88095253986148,29.25205764579043,40.883078488646625,Tavşantepe Metro
29.180780710883578,40.8902635704018,29.182362698779002,40.89184943001934,Kızılay Bulvarı
29.165824523943197,40.910460413510116,29.167019972420313,40.91142248619866,Saraylar Caddesi
28.972218321951217,41.056432860032956,28.973407677743992,41.05733313992813,Bomonti-Tünel
28.81789558698938,41.037177806277064,28.81922841534157,41.038100193038645,Selen Sokak
29.114397290347807,41.05698263196272,29.11561670825434,41.05803636725438,Boztepe
29.049551636760626,40.91305287018999,29.050738362924562,40.91395312977084,Kınalıada Su Sporları
28.987865827803834,41.11060498834924,28.98953616813167,41.11158001212743,Evyap Lisesi
29.04585902931611,41.009694467398575,29.04771515949329,41.01146863323645,Gencay Sokak
29.088866289156407,40.95354048454634,29.090053710522216,40.95444071541436,Çatalçeşme
28.78310559520031,41.02270656152237,28.784914967262225,41.02533935713561,Mimar Sinan İlkokulu
29.028604017328554,41.10833218980861,29.03016298456801,41.10934380923208,İstanbul Teknik Üniversitesi
28.974044285758108,41.06052386084889,28.97523371393677,41.06142413911219,Halide Edip Adivar İlkokulu
28.85898620728663,41.112929306042496,28.861823857680683,41.11450257379616,
28.999533278334315,41.09384108512213,29.000959722615505,41.09490691473534,Halil Rahman Camii
29.157697149941196,40.927370902594696,29.158884049727217,40.92827109736574,Cengiz Topel Camii
28.83916663739376,41.01625582201717,28.840355362322462,41.01715617794441,Gazi Caddesi
28.950339419636716,41.02223481598607,28.951550580618676,41.023284183800236,Haliç Caddesi
28.998709868980967,41.10775458611154,28.99996013549985,41.108806413776506,Gaziler
28.90010107022974,41.046262649717704,28.90144903029488,41.04757494927687,Ayancik Sokak
29.174090399010783,40.98543101178621,29.175258604805514,40.98638198794845,Yeditepe Caddesi
29.153448976138748,41.06465400820604,29.15464602299354,41.06565499150459,Fatih Caddesi
29.03404505948902,41.111939876296084,29.035499941170876,41.11296212329865,Mehmet Akif İlkokulu
29.148707820181418,41.00145582946003,29.151800179267592,41.0030691674602,Garip Sokak
29.13758239747023,40.906726160695754,29.138942696974446,40.908409039035575,Dragos Sahil
29.099875730806072,40.95400598757886,29.10130736732149,40.95499121161199,Emin Ali Paşa Caddesi
29.233307622818785,40.99601118433296,29.234600481931597,40.99758261539756,Turgut Özal Caddesi
29.063904705815837,41.0569101357465,29.065356291190984,41.05846986343636,Şehit Ayşe Aykaç
29.16788026427966,40.960277041387286,29.16908573506598,40.96131195828388,Çam Evi
29.037195663299308,41.01599714638862,29.03840223883201,41.0168839532482,Burhan Felek Kasrı
29.074361794966276,41.03116231594766,29.07557880620274,41.032302483916496,Ferah Mahallesi Yeni Camii
28.937332035117105,41.133392793288834,28.939602560923777,41.13441430761738,Mandıralar
29.272964188036347,40.92574835289942,29.275226612720115,40.92836787908203,İmam Buhari Cami
28.808702207596316,41.10414194606937,28.809879694144183,41.105114353406144,Klinik
29.10478245601706,41.03968690948788,29.106933116981416,41.0415252223596,Güneş Sokak
28.844590134693373,41.04753347071042,28.8459048642977,41.04849652898081,Velioğlu Caddesi
29.289262009050447,40.94001418450547,29.290602791868366,40.94092251550929,Molla Gürani Sokak
29.01460954296247,41.10957894036239,29.016450056290573,41.11049315979426,Ayazağa Anadolu İmam Hatip Lisesi
29.012519505012673,41.005490192301124,29.014069496628846,41.00642180784193,Haydarpaşa Gümrük
28.785640937963308,41.110391723296495,28.78691806257085,41.111340276581906,Bizimevler
29.268642123590233,41.005857756777104,29.269875073414262,41.00673194237635,Baraj Yolu Caddesi
29.065406887506356,41.00619965299438,29.068874634605457,41.00856561533374,Sütçüler
29.152667476040246,40.99567967926848,29.154409107013823,40.9969351960764,
29.160309293042644,40.9485288531878,29.161861706488594,40.94943454687256,Yeşiltepe Sitesi
29.10501363692611,41.09197785674053,29.106336363010815,41.09296014316671,Şebnem Sokak
29.27634138870056,40.93191658489549,29.277726408574114,40.93299911514243,Küre Sokak
29.236209920243763,40.88943692334477,29.237396079413166,40.890337076615346,Erenler Caddesi̇
29.041057283447877,41.039233526973526,29.0424757241169,41.041186472495106,Tünel
28.793585914623268,40.97392602389097,28.794756088762707,40.974859975860774,Orman Sokak
29.23397756503823,40.909255789686235,29.235263435398664,40.91023021025281,Mimarlar Sitesi
29.073752258774324,41.07868279002098,29.074941940904928,41.079583009939704,Göksu
29.08261028575115,40.875366876633024,29.08379631392949,40.87626712332772,Seyir Terası 1
29.27035340281859,40.87154324306739,29.271547000115877,40.872487856781966,Çamçeşme
29.27782510016238,40.939352276488705,29.27917941437456,40.94066736260973,Menekşe Aile Sağlığı Merkezi
29.190259387127654,40.98379380735477,29.19167331133048,40.98478419198313,Seyid Nizam Caddesi
29.305456921319486,40.92811473019909,29.30702397475259,40.92985046867518,Engin Sitesi
28.933132716996703,41.060335677079614,28.935341891188013,41.061507724503926,Şehnaz Caddesi - Şehit Bekir Kelleci
29.295659128700375,40.91183421119352,29.296864971378817,40.91288708862984,Kurtköy Anadolu Lisesi
29.243714642952586,40.98296361250955,29.245562648600437,40.98400365651452,İntizam Sokak
28.88382981945159,40.98272772910038,28.88533518258194,40.983870270808225,Veliefendi
28.80595432555762,41.060314370839485,28.807169674791663,41.061371728895544,TEM Çıkışı
28.914999150010015,41.01772694170759,28.91618784969451,41.01862725825371,Tekstil Meslek Lisesi
28.992263057518613,41.04217596438005,28.99345214217369,41.04307623558095,Kadırgalar Caddesi
28.82009633427056,41.04924681980333,28.8212856654482,41.05014718015831,Atlas Caddesi
28.838426683512342,41.01109682142593,28.839615316204046,41.01199717853563,Karaburun
28.848941266534,41.057835827753394,28.850130733180222,41.05873617220813,Veysel Karani Caddesi
29.174192956792375,40.99380655040301,29.175385242359933,40.994792149358204,Bilim Sanayi İl Müdürlüğü
29.223090787465342,40.91879657545674,29.225436215636456,40.920347723266104,Yakacık
29.16181120182889,40.94600849292648,29.16368411149236,40.947806140659615,Büyükada G3 Kapısı
29.081030351130106,41.06741944782774,29.082208645234466,41.06836155182668,Nişane Sokak
29.055112150841033,40.98405135725659,29.057366752784773,40.98508364344952,Göztepe Prof. Dr Süleyman Yalçın Şehir Hastanesi
28.92002945878981,41.090140404537095,28.921375337609255,41.09104929544688,Turizmciler Sitesi
28.93578376544798,41.00568884626798,28.9369722342535,41.00658915369324,Esekapi
29.2676186296285,40.988684022272516,29.26883637305715,40.989641977631024,İbn-i Sina
29.225161366514342,41.0228349343953,29.226496233270264,41.023825365411376,Gülnar Sokak
29.081956425786743,40.995059696198844,29.083587290225275,40.99664131934834,Mustafa Saffet Kültür Merkezi
29.258681824970424,40.98167899978901,29.260436176739645,40.98292999970115,Polonez Caddesi
29.238282833814814,40.881085388741894,29.239696164293587,40.882064010475155,Mostar Kavşağı
28.86491754132514,41.10815894722946,28.866152456298682,41.10911695266087,Cebeci Muhtarlığı
29.040553253965374,41.11157218909088,29.042097747592308,41.112717810704915,İstinye Bayırı Kavşağı
29.042664288238473,41.01629462899097,29.043967012999474,41.017199671013266,Tophanelioğlu Caddesi
28.924990098606965,41.05152776652752,28.926624503028403,41.052575632449745,Argaç Sokak
28.858324685231214,40.98130319514149,28.859915317069706,40.98224780508831,Ataköy 3.Kısım
29.17007464949478,41.0270304485754,29.171799356921877,41.028477551650134,Acar Sokak
29.06876519755637,40.96608035940107,29.07117218687649,40.96745709958738,Erenköy
28.856638610213707,41.01341129689929,28.85807639025579,41.014470702871385,Soğanlı
29.130315502262743,40.868839839022385,29.131498498490036,40.869795160858935,Erdal Bakkal
28.764798806663304,41.03462933648144,28.766249190765592,41.035591662417026,Konutbirlik Ehlibeyt Camii
29.098935220376255,40.96164308807991,29.100122779300705,40.962543311880744,Mimoza
28.85208624454892,41.06039382875415,28.853275755164784,41.06129417120736,İbni Sina Anadolu Lisesi
28.979220442858594,41.026105308423766,28.981119007501277,41.02735930921145,Tophane
29.304699526006942,40.93953216489465,29.306138771572694,40.94049923407056,Yenişehir İtfaiye
29.062421892497152,41.03942118253741,29.06438251466571,41.04061603252151,Dereboyu Sokak
29.136031351228482,40.94862789786256,29.13721864844297,40.94952810209797,Nörolojik Bilimler
29.079012274546617,41.093124798200144,29.080845727205322,41.09422920036276,Kaptanlar
29.041458136392194,41.024293376623376,29.042646863292767,41.025193623337465,Hastane
29.27387292399036,40.894250676759285,29.276735189668823,40.896094927565755,Cemile Çopuroğlu Ortaokulu
29.14482426242336,40.993398232065495,29.14613473411843,40.99444976789466,Yenişehir Muhtarlığı
29.0948847676376,41.06420500750711,29.096244234256705,41.06525499248704,Özevler Mahallesi
29.27402121342144,40.99417317084346,29.275318782899912,40.99562182896908,Ülker Sokak
28.981907810921022,41.11198056390249,28.983460688941562,41.113068335710416,Ayazağa Garajı
29.241348119789123,41.01614114759775,29.24254287857221,41.01714925172122,Mikail Sokak
28.906926022782965,41.07598334414981,28.908115776922084,41.07688365581151,Kemal Şeker Bulvarı
29.29739120810253,40.92493097052184,29.29874778972843,40.92584302951419,Alp Sitesi
29.215313079515223,40.91036503120889,29.21760658908065,40.91163609721502,Kartal Caddesi
28.995787000015607,41.056014464371614,28.997728779147884,41.05708374999244,Akkirman
29.05130825344406,41.144110540915726,29.053167642388026,41.14551534461722,Tarabya Üstü
28.888276428873517,41.09676794091176,28.889466570834145,41.097668259049634,A-11 Gazi Minibüs Başdurağı
28.90452197223453,41.013925053785364,28.907208036992,41.01518994835104,Cevizlibağ Sokak
29.22465489453022,40.87548377656822,29.226236708850784,40.877373152609174,Palmiye 1
28.894533128100747,40.98224996101515,28.898222869937378,40.98321103972476,Zübeyde Hanim Caddesi
29.137512313575687,40.978093013280045,29.138777391177577,40.97917428663931,Kayışdağı İlkokulu
29.150851961266845,40.92354363983508,29.152067139809244,40.92467856002343,Orhangazi Caddesi
29.097733829601566,40.98818753237559,29.099055169660595,40.98909246763211,Rabia Leman İmam Hatip Ortaokulu
28.819053748507965,41.00314681593102,28.82024225121151,41.004047184030604,29 Ekim Caddesi
28.846356279687118,40.999056947940296,28.84784072243866,41.000036051153586,Mevlana Caddesi
29.104866529916382,40.978790721514706,29.10650956876518,40.979958978202845,Karaman Çiftlik Yolu
28.75809225223862,41.0428880777518,28.760436781663955,41.04446845591245,Katı Atık Tesisleri
29.051946724819363,41.111958068964036,29.055031274216127,41.11428945852147,Tersane
28.868501727369658,41.0073418287977,28.86969027234215,41.00824217116377,Ödül Sokak
28.894185856819206,40.99390483439035,28.895374142888823,40.99480516557102,Prof.Turan Güneş Caddesi
28.95309232593112,41.08211089357941,28.954274578117012,41.0830831061689,Kaynak Sokak
28.92733589052419,41.09003158113576,28.928894505418164,41.09126171898039,Erciyes Sokak
29.30696516622185,40.95534970913121,29.308589441891048,40.957260713821846,İkbal Sokak
28.839384320025072,41.05154082483646,28.840573679690696,41.052441175125104,Demirkapı Mahallesi
29.2202476674401,41.00801919557966,29.22223362812599,41.00903660524569,Sarıgazi Pazar Yeri
29.05519480611655,41.00597587905803,29.056383193566546,41.00687612090277,Akasya Konutları Göl Etabı
29.102274277936573,40.96073044017873,29.103550625793556,40.96218925957088,Ali Nihat Tarlan Caddesi
29.03624197223131,40.985513497124956,29.03938118951598,40.98731172519712,Şükrü Saraçoğlu Stadı
29.287533995940244,40.92221727334308,29.288918907039918,40.92331892669916,Necip Fazıl Kısakürek Ortaokulu
29.05007108905554,41.12647368510557,29.05205990332958,41.127579316175385,Nuripaşa Caddesi
29.049308805750634,41.04581470192535,29.050727892304266,41.04673339817076,Yalıboyu
29.1567225006266,41.02693841890767,29.15890743476665,41.028752381070625,Taşköprü
29.25079329084217,40.99674156813917,29.25217231015597,40.997724031504234,Çatalzeytin
28.898734398179343,41.081348054225586,28.900281598461838,41.0822956460588,Galeri Caddesi Parkı
29.25830177268525,41.01358455122134,29.259473225522594,41.01453694830004,Filiz
29.1522309208881,40.99732090645105,29.15341907878018,40.99822109350937,Türker Caddesi
28.87128937175727,41.10224884178867,28.872851947191137,41.10398554630693,Sultangazi Haseki Eğitim Ve Araştırma Hastanesi
29.068651194210737,41.074538888243545,29.069840805469354,41.07543911171718,Şehit Murat Akdemir Mesleki Ve Teknik Anadolu Lisesi
29.221634915911544,41.02289404284171,29.222966987421348,41.024386756680485,Nar Sokak
28.85811146567413,41.03605782838467,28.85930053403894,41.03695817157681,Ptt
28.8374268750945,41.03021830173445,28.838601123198547,41.03117469781336,Engelliler Sarayi
29.09441121763171,41.10796731524982,29.096233319301838,41.10985287743233,Kiremitçi Deresi
29.246439109495064,40.99777865842481,29.24774789386636,40.99883534158131,Deva Sokak
29.06678013121662,41.07067881391566,29.06894687468467,41.0722961857572,Rasathane Caddesi
28.79332329768886,41.05233381339307,28.794512702033995,41.05323418656865,Turna Sokak
29.168496230129072,40.93032743353718,29.169717869488785,40.931426066291536,Ulu Camii
29.120395426217907,41.13782591343576,29.121952506466965,41.13975633007283,Elmalı Kavşağı
28.925583575512157,41.077891253828696,28.927016423896767,41.078917745739524,Adnan Menderes Caddesi
29.196898980209717,40.893813417067335,29.198737218993678,40.8949911816026,Yılmaz Sokak
29.066845296980187,40.96290087898707,29.06803290270169,40.96380112097372,Erenköy
28.886492061549426,41.000124039245094,28.893938225620072,41.00416267420389,Zeytinburnu
29.12036390145657,41.14994121103692,29.121558098763675,41.15090778889895,Poyraz Sapağı
29.03850711194224,40.98236871565773,29.041254347354023,40.98486873095374,Kızıltoprak
28.809495087893605,41.1082057967821,28.810835911263453,41.109112203233714,Çarşı
29.296463606545576,40.922176121038746,29.2983572915967,40.923464278428774,Sağlam Sitesi
28.96694594489101,41.08745496963322,28.968311653390856,41.08842002975996,Hasdal Yolu
29.236923080080306,40.962990090129345,29.238683816705603,40.96476801246514,Veysel Karani İlkokulu
29.253159805588883,41.004380841668606,29.255477559488114,41.0062742634389,Mevlana Caddesi
29.05703201463608,41.02711631191865,29.058616987303456,41.028460471763545,Şehit Onur Ensar Ayanoğlu
29.023305993147357,41.047253061616374,29.02491701085539,41.048525938425826,Ortaköy-Kabataş Erkek Lisesi
28.882806593362982,41.085695482213566,28.88467740754311,41.08685281654381,1177.sokak
29.029069169039836,41.06979338859081,29.030336532497117,41.071058611064714,Turizm Sitesi
28.965736711998392,41.00845599499067,28.967631295475293,41.00961238991594,Beyazıt - Kapalı Çarşı
29.173354876227837,40.90935944095646,29.174562124224938,40.91040155879717,Seyrantepe
29.24237315683006,40.89801064753342,29.244214848126187,40.89903935320127,Faruk Demirbağ Ortaokulu
28.93093462875415,41.015358901389476,28.932257367737392,41.01682509833123,İstanbul Tıp Fakültesi
28.93436018554767,41.00108640465366,28.93554781814597,41.0020495951281,Ağahamami
29.093274067364902,41.003888214929646,29.09449492952205,41.00485378488101,Mustafa Kemal Mahallesi
28.84353473288174,41.04274511255342,28.844905257656322,41.044804887236786,Dr.Cemil-Fevziye Özkaya Ortaokulu
28.728204998995228,40.98108088472668,28.729796005654805,40.98237111539107,Avcılar Murat Kölük Devlet Hastanesi
29.104167698039717,41.0627607791328,29.105628795700667,41.06458972037096,Orman İşletme Müdürlüğü İtfaiye
28.76899344131586,40.997168363223146,28.770275555838918,40.998063635908366,Manolya
29.232626068983194,41.03188087215069,29.234714390775576,41.032925901282745,Ekşioğlu Mahallesi
28.94973274833931,41.06823512591222,28.951519358867362,41.069484937862256,İETT Emniyettpe Peronları
28.998871744016004,41.121565872413434,29.000062255674244,41.12246612754756,Bloklar- Şehit Mehmet Civak
28.97013029739004,41.05907685967411,28.971319702305465,41.05997714028701,Perpa 4
29.22358631785605,40.925164673598324,29.22472587981774,40.92602822605967,Orman Sokak
29.063845987787868,40.96380107820569,29.065033611894464,40.96470132175507,Caddebostan
29.145262688863653,40.99993811797348,29.14646331548152,41.000944381818606,Hatboyu Bulvarı
29.277487777368272,40.964116982476895,29.279418221826933,40.96537081667548,Bağlık Caddesi
29.254598444812622,40.898445382893414,29.25601255557289,40.89935361709673,Velibaba Sapağı
28.896609918729165,40.98710083448931,28.89779808097856,40.988001165472056,Sümer
29.07770614065389,41.058709418030695,29.079236361691112,41.05964748216555,Akı Sokak
28.94230158898777,41.053123552971165,28.945352013530524,41.05414754756119,Haliç Kongre Merkezi
29.10688081475966,40.9626078904531,29.108068384916074,40.963508109507515,Bostancı Köprüsü
29.04743947437811,41.11001360396836,29.04994351560011,41.111264398302986,İstinye Bayırı
29.036588543474984,41.09219740544818,29.038147455088613,41.093244593623744,Dumlupınar İlkokulu
29.227644720968488,41.003757949753776,29.22897328050903,41.004707049854765,Stad Sokak
29.037123722298784,41.014557874645426,29.038312277386986,41.01545812531544,Üsküdar Devlet Hastanesi
29.046021931750687,40.97764393219563,29.050958725649394,40.979763817449424,Feneryolu
28.884334001854402,41.06920240887005,28.885763000068057,41.07017159040705,Cevatpaşa Ortaokulu
29.12556772706804,41.13639471896448,29.126871271307493,41.13739228102605,Emlak Sokak
29.121646894650564,40.97523758650516,29.123206502691712,40.97623381211326,Hasan Leyli İlkokulu
29.018362073387998,41.06368087326158,29.019551526300003,41.06458112669935,Levazım Mahallesi
29.2778773813886,40.9077149499379,29.279346520219974,40.90863935016894,Toki Konutları
28.80524766798842,41.07986875437722,28.806564031142663,41.08086254559406,Sefaköy Sanayi Sitesi
29.27712639143596,40.97243166448977,29.278471309249767,40.97344673542121,Barbaros Caddesi
29.045695256369832,41.006983499850406,29.046899743995894,41.008035500026864,Yıldız Teknik Üniversitesi Lojmanları
28.977010619929267,41.033212850248965,28.978173577961485,41.034097749509996,Galatasaray Lisesi
28.92123901016921,41.05744675370707,28.922444690481782,41.05847624601871,Bozhane
28.90323787190536,40.992571836649546,28.904426127801287,40.993472163311814,Zeytinburnu Çarşı
28.92843049276398,41.05855130040388,28.930204408901638,41.059642198294874,Ordu Caddesi
29.13678680468957,41.087024820580595,29.1381027971478,41.08816125098489,Çengeldere Sapağı
29.00078405870149,41.11659898349088,29.002054238676585,41.11759221644135,Beykent Üniversitesi
28.881513665590994,41.04806103534257,28.882702934118313,41.04896136461885,Kemerpark Evleri
28.72117089154822,40.98272701754273,28.72724223190686,40.988957279987886,İstanbul Üniversitesi-Cerrahpaşa Avcılar Kampüsü
28.78586374599434,41.0500310061451,28.78706125471746,41.051035993632226,Alarko Blokları
29.271934167524172,40.87445533101026,29.273170932200262,40.87558506871259,Misak-ı Milli Caddesi
29.11439805480392,40.969617193183645,29.115585744870558,40.970517406776935,Ziyapaşa
28.91473869280792,41.04380797992649,28.917659706398855,41.04736317213927,Rami Yolu
29.05494908002572,41.03033558813312,29.0564058139557,41.03159811199061,Şehriban Hatun Camii
29.09960765850205,41.05975313771963,29.100806342707905,41.06083886221551,Hekimbaşı Aile Sağlığı Merkezi
29.2279408110591,40.911907885566656,29.22916718557403,40.912888314240085,Turna Sokak
28.873969220223,41.03444414836509,28.875848776515575,41.03578985138727,Güngören Yolu
29.219795425546778,40.930772183297336,29.221169075184275,40.931805616588605,Bulvar
29.15491318317484,41.0992428069488,29.156112817342226,41.100275192973015,
29.146892499895472,40.95482940154635,29.148079899774217,40.95572959841413,Prof. Hüseyin Kaptan Sokak
29.124790453095635,41.00793617988844,29.126584042359198,41.009302120167575,Çamlık Aile Sağlığı Merkezi
29.230570418575503,41.02477740436691,29.231860081862557,41.025734095514004,Güven Sokak
29.135297988655505,41.009548375285526,29.1368420125078,41.010682324442584,Cumhur Sokak
29.054232260406117,41.013373258793365,29.05933821332993,41.01640965617786,Acıbadem Metrobüs
28.952433969857157,41.01120659457792,28.954156160608033,41.01289841699285,Pertevniyal Valide Sultan
28.86186933173488,41.05420961768789,28.86334942452599,41.05558821630461,Kurudere Caddesi
29.146762811900533,40.915321173873075,29.148096087731126,40.916308625907675,Maltepe Kız Anadolu İmam Hatip Lisesi
28.83005675456784,41.00287781867083,28.831245245149947,41.00377818129078,Beyaz Gül
29.104813989802523,41.04518406947062,29.1060721102577,41.04612913047654,Selçuklu Sokak
29.26266776629961,40.988707602327594,29.264216234810345,40.99064370054576,Bayram Sokak
29.161175517116074,40.933384797754854,29.16242718174971,40.93428580220572,Gülensu Mahallesi;Gülsuyu Mahallesi
29.023407996113924,41.09636614787789,29.02460760524567,41.09738085160262,Tepe Üstü
29.11224040137871,40.98082343117817,29.114430496218144,40.98224346792553,Ataşehir Toplum Sağlığı Merkezi
28.804980942834405,40.969837709815216,28.806168856887627,40.97073809014648,İÜ Cerrahpaşa Tıp Fak. - Prof. Dr. Murat Dilmener Acil Durum Hastanesi
28.946695185150155,41.07060885426622,28.947884814548804,41.07150914569495,Fevzi Çakmak Caddesi
28.9067311322759,41.074922844015624,28.907920867429183,41.075823155945685,Valide Suyu Park
28.869858585794645,41.02314483038434,28.871047413916767,41.02404516957713,Spor Tesisleri
28.85038164727042,41.015574824809036,28.851570352444075,41.01647517515249,Sakip Sabanci Caddesi
28.900710988894808,40.979438834960064,28.90189901081239,40.98033916500129,Marmara Denizi
29.085830722469296,40.9655244830106,29.08787723284203,40.96756419948893,Ayşekadın
29.116036914701798,41.15019073430169,29.117342085829897,41.151152265548035,Akbaba
29.23626690556852,41.03394550564858,29.237496094149904,41.03505349413361,65. Sokak
29.062530356306233,41.11623008013744,29.0650176476064,41.11786891852556,Yalılar
29.157124586387354,41.11926824992603,29.158395413246584,41.12021974995107,Çamlık
29.01684413967252,41.078455873997896,29.018033860015514,41.079356125962995,Levent Camii
29.146552382989256,41.02686411901857,29.14814682064376,41.02782758133851,İmam Şafi Cami
29.152012790722647,40.94153576561076,29.15323320500377,40.94254703412035,Nil Caddesi
29.084914479559533,41.04035174080818,29.086295517669704,41.04126825925016,Yavuztürk Mahallesi
29.191676038046943,40.98190715936956,29.193691578506115,40.983475265917626,Atatürk Bulvarı
29.30103862376336,40.9255939463975,29.302225375883115,40.92649405356232,Menekşe Sokak
29.19572622025388,40.98297379212487,29.197362780464456,40.98389520791983,G-67 Sokak
28.811389371694705,41.047764162106226,28.812985931120085,41.048981337810055,Taşocaği Caddesi
28.986576161100928,41.074857865384494,28.98776583859183,41.075758134576525,Hürriyet Mahallesi
29.111352355287593,41.01061432674805,29.11296164518308,41.0115296732594,Seren Sokak
28.77312071957317,41.02811232489897,28.77462428114129,41.02915267458903,Bezirganbahçe
29.205980696802214,40.89473172079318,29.207333809991006,40.89599847927462,Karyapsan
29.17598500716116,40.98537866391582,29.17718569264424,40.986398335919425,Kılıç Reis
29.0329459451287,41.09698713388104,29.034334042194153,41.09937886592014,Kavşak
29.100743372256566,41.02965485879914,29.10341070737412,41.03149065299692,Adem Yavuz Caddesi
29.114497328231728,40.95026889169774,29.115684671442995,40.95116910826283,İnci Sokak
28.789041757911576,41.0984330761118,28.790842368769827,41.099629979178424,Cahit Zarifoğlu İlkokulu
28.91923553039983,41.05371079365897,28.920544766934142,41.05473720632224,Yeni Mahalle
29.264611725459844,40.999151528778164,29.2659132738222,41.00005547122124,Kozalak Sokak
29.087091931983927,41.10438089585035,29.08828206769291,41.10528110411028,Şehit İsmail Kefal
28.84534321531099,41.06338782727442,28.84653278440371,41.06428817268713,Batışehir Camii
28.904521090568316,40.99054223682655,28.90570930913816,40.99144256313479,Gökalp
29.18689366074655,41.02779291917803,29.188082338915972,41.02869308078225,Şehit Şahinbey
29.30055060183104,40.94647848039689,29.301747697250786,40.94752051956232,Akşemsettin İlkokulu
28.852475209831606,41.064261829156294,28.853664789881986,41.06516217080522,Kişla Caddesi
29.236539916860067,40.877792118553586,29.23800308173409,40.87870988155719,Mostar Köprüsü
29.1313197307467,40.95329176356257,29.132672967940948,40.954318136424185,Marmara Üniversitesi Kontrol Kapısı
29.003133615113423,41.07803601462839,29.005140386935867,41.079401984491724,Ortabayir
29.040413779896472,41.144863300805525,29.041972216336113,41.14657469806009,Köşkevler
29.040263622449025,41.02579487640575,29.041452377236105,41.026695123555115,Kazdal Cami
28.858652710827318,41.00313636333699,28.859921291031437,41.004427636343344,Yayla Camii
28.87071209072264,40.97427227646175,28.872227911719637,40.97543442348517,Gezi Yolu
28.81245258889531,41.04425532817648,28.81437828866948,41.04588066224409,ikitelli Köprüsü
29.215658395420217,40.926697175149044,29.21702260996968,40.92788572492358,Şeyh Şamil Caddesi
29.04998866672309,41.087593649235735,29.051812735543002,41.08885641610077,Rumeli Hisarüstü
28.914534553378186,40.995587131052375,28.91583134723911,40.99649156893783,Süleymaniye Doğumevi
29.045538674655972,41.14722563630379,29.05036957084775,41.14849172184272,Kireçburnu
29.20293893147483,40.97051105296089,29.204700975264608,40.97199564728022,Samandıra Yolu Sokak
28.988241028126893,41.0365952442617,28.99180656539059,41.04076307071891,Gümüşsuyu
29.08036992585985,40.870776975632545,29.081555873821188,40.8716772243282,Seyir Terası 2
29.12719605233891,40.86980888910371,29.128381947334972,40.87070911085685,Hastane
28.91525961732541,41.02137284206177,28.91644838237902,41.022273157899534,Ptt Avrupa Müdürlüğü
28.92001284175516,41.003877969445206,28.92140545415656,41.005011530605294,Biruni Üniversitesi
29.283255347906646,40.938184824285095,29.284568650932272,40.93918317570274,Antalya Caddesi
28.952044375062556,41.00866682055233,28.954893397415823,41.0101145935315,Aksaray
29.08070880616134,41.01611860378905,29.082214889806245,41.0170663964719,Dostluk Parki
28.928834452146592,40.99722858076774,28.930272548983236,40.998145419289905,Merhaba
29.10716642607819,40.98159369635409,29.10941357565226,40.98256530393424,Ataşehir Kaymakamlığı
29.16520465665651,40.90082382462227,29.16657864134868,40.90223867473,Yemeni Sokak
29.06523430213829,40.98455988022524,29.066422297543546,40.985460119735535,Göztepe Ağız ve Diş Sağlığı Merkezi
28.83335722225076,41.03799422939768,28.834718776800855,41.03897977021974,Yenimahalle
28.975162165100173,41.01449794988332,28.976717113794102,41.01592730785688,
29.22698062036904,40.877019344151066,29.228187171809502,40.87879505576102,Pendik Devlet Hastanesi
29.26735788543097,40.912918505512884,29.268606315722,40.91384389430412,Fetih Sokak
28.830611758508258,40.959352554714926,28.831924248238042,40.96113444501499,Anafartalar
29.126670372145256,40.951265718669305,29.12786642838076,40.952269581162014,Kırçiçeği Caddesi
29.102610296705524,40.95328088848689,29.10379770297099,40.954181111473744,Mehmetçik Sokak
29.034625108747733,41.11953871442113,29.036767854686023,41.120716696538814,Balabandere Caddesi
29.231796068372965,40.89836237382939,29.233027930150097,40.899306626114075,Kartanesi̇ Sokak
28.97408376335669,41.00165911812093,28.97552933496344,41.00274718185039,Çatladıkapı
29.278264605268134,40.92988211095715,29.279613093340107,40.930907389036044,Cahit Zarifoğlu Caddesi
28.799426989570563,41.032590918638476,28.80070501014528,41.03378508084428,Sultan Reşat Ortaokulu
29.08405042944121,41.04906989064528,29.08523957023686,41.04997010931541,Yavuztürk Siteler
29.096177916573776,40.88369288118293,29.097364083104676,40.884593118777765,Değirmenburnu 2
28.894089685404555,41.0463390384725,28.895278914302835,41.04723936148887,Forum İstanbul Minibüs Durağı
29.05826801211983,41.03599563719711,29.05961199025281,41.03690526284406,Saray
28.93640516332113,41.07627295275929,28.938102835996343,41.07718484735561,Sayayolu Caddesi
28.91067001703219,41.038535934606955,28.913084406391025,41.03976499318215,Kadife
29.175037806477004,41.011056914311986,29.176226193187585,41.01195708564835,İdealist Kent Caddesi
29.263452503181693,40.96166818188459,29.264816293049016,40.962769918137994,Şehit Muhammed Fazlı Demir
29.14821715356008,41.011599240932775,29.149419846471428,41.012623758954575,Acısu Caddesi
28.799818049912375,41.11798441335797,28.801217946655033,41.11909688669357,Gaziosmanpaşa Yolu
29.088817149950312,40.96907088574811,29.090004849728096,40.969971114212555,Hilmipaşa Caddesi
28.775100130393287,41.092424512063104,28.776290269331916,41.09332488789865,Nidapark
28.89652023984004,41.08561292758974,28.897704058540718,41.08659177189814,Osmanbey Caddesi
29.271929847183486,40.87897979621736,29.27328115255579,40.87988120378448,Çamçeşme Parkı
28.869129349409825,41.04938983225286,28.870318650301385,41.05029016770862,Şehit Ahmet Kocabay
29.040145848896717,40.989451473526515,29.0413339507889,40.990351726434355,2. Hatboyu Sokak
29.107349842296486,41.03374574221099,29.10855895535179,41.03468085763195,Göktan Sokak
29.12457364133838,41.089811306887086,29.126443617587412,41.09158099266434,Fatih Mahallesi Merkez
28.87557865420258,41.107871971068185,28.878367370362923,41.11041729343526,Cebeci Spor Kompleksi
29.105324368526514,41.11857434843043,29.106588633147577,41.11954865154969,Şehit Sadik Şişman
28.84727189457386,41.03113115766442,28.85013712957761,41.03301841287024,Yunus Emre Köprüsü
29.267002294524453,40.890822316153915,29.26832530271369,40.891863883842,Muhsin Yazıcıoğlu Caddesi
29.001564060762135,41.04115752846613,29.00585770722595,41.04392837393796,Akaretler
28.835229570192976,40.96396303171068,28.838959032137094,40.96676480966563,Yeşilyurt
29.172575218810522,41.00775538307849,29.17385258519955,41.00881111687707,Şehit Yılmaz Ercan ilkokulu
29.23055956046988,40.99271893610343,29.23194884013195,40.99371706361152,Ebubekir Caddesi
29.021315093784008,41.076128221490336,29.02701305965581,41.07801182891405,Etiler Mesleki Ve Teknik Anadolu Lisesi
29.091626973012445,41.09888142831504,29.093042025194137,41.09979857177318,Atatürk İlkokulu
29.021955110451998,41.07966871352777,29.02322649062568,41.08091048604806,Terakki Lisesi
29.02679763815213,41.048686338031196,29.030524940748826,41.049976860967575,Ortaköy
29.17620595474107,41.014138029753404,29.181102261984528,41.01743192124126,Necip Fazıl Metro
29.0930901838959,41.093280299236035,29.098068977216283,41.096212604142494,Kavacık Mezarlık
28.859767909742644,41.002031706202835,28.860971992939824,41.00327599372065,Yayla Camii Durağı
28.90557977685332,41.016614378967446,28.906815225759217,41.01749762091935,Teknik Oto Sanayi
29.115832362582,41.019638482604854,29.117143638466807,41.02059251713676,Hz. Ali Camii
28.864119776315157,41.00960619610494,28.86800879083621,41.01280245265154,İlkyuva
29.094880212711082,41.0627093667805,29.09622378744599,41.06399563212782,Gazipaşa Caddesi
29.155168644125453,40.9868134219411,29.15646735005675,40.98796657790725,Albayrak Caddesi - Şehit Yılmaz Hıd
29.21277378435203,40.927821833462765,29.214431467805827,40.92936894938764,Yunus Emre
29.070812469438202,41.07252332653514,29.072046527881522,41.07340967277663,Küçüksu Caddesi
28.80840773456374,41.027517330213236,28.80971966845224,41.02841836977673,Basın Ekspres Kavşağı;Basın Ekspres Yolu
28.79569695175263,41.05124510732245,28.799549486370854,41.053358337495,Atatürk Mahallesi Muhtarlığı
29.292332968725407,40.91422447384224,29.293632034193248,40.91526092615911,Lise Caddesi
28.931775886153446,40.99861617494328,28.934841366213767,41.00118556964111,Gençosman Sahil
28.847209701828326,40.985794692441914,28.849748303078297,40.987505306387945,Cumhuriyet Anadolu Lisesi
28.71759016400163,40.975192402577704,28.718912832800317,40.976096597381385,Ambarlı İlkokulu
28.81952448304997,41.03269441836342,28.82071351666908,41.0335947815982,Günaydın
29.083608279765237,40.95436668310257,29.084795719914183,40.95526691685815,Tan Sokak
28.90464247199563,40.99261583702076,28.9058307277108,40.9935161629406,Şehit Adil Büyük Cengiz
28.937841655446615,41.08304980941861,28.939064846342802,41.08424909045009,Uludağ Caddesi
29.032217931024988,41.00507157220557,29.033579071141418,41.005984427851445,Feridun Paşa Camii
28.957786799307275,41.002784851931125,28.958975200390853,41.00368514803002,Yenikapı Sahil
29.187229385484724,40.95766895319163,29.189044913168726,40.95881304535223,Aile Sağlığı Merkezi
29.278641066085807,40.919483584221325,29.280004932796736,40.920467415338436,Çamlık İlkokulu
29.18207654190848,41.083488779784986,29.183317456686137,41.084410219951565,Fenomen Sokak
29.027860266526854,41.064829875993986,29.02904973315966,41.06573012396689,Ambarlıdere
28.904146748442972,41.10126284102752,28.90534134402522,41.10298725887986,Gazi Caddesi
29.160883504926176,41.03641533365997,29.162063393391723,41.03738756582441,Nükte Sözen Ortaokulu
29.18537870937968,41.001309766777055,29.187685688311394,41.00276413210729,Esenkent Mahalle Muhtarlığı
28.81810927747954,41.01120345026261,28.819503728194626,41.01242354983752,Dr. Enver Ören Kültür Merkezi
29.149070548830544,40.938293100895194,29.15025765083904,40.939193299065266,Lalezar Sokak
28.87126014923241,41.07377925615039,28.87255084647944,41.07484574374326,Giyimkent
29.105171286546806,40.95452388932511,29.1063587131293,40.9554241106355,Pınarlı Sokak
28.8203356632824,40.978786164561846,28.82324851885837,40.98071014403484,Atatürk Havalimanı
29.252813043764125,41.01909920983109,29.25411495335631,41.02012579013576,Gamze Sokak
28.952520268402502,41.06970796730101,28.953823728598458,41.070604031715646,Mehmet Akif Ersoy
29.01279391090965,41.11472317571729,29.013984288778545,41.115623424243644,Evren Caddesi
29.184192585977463,41.039452209116476,29.185789813730743,41.04056289046492,Numan Caddesi
29.1843259855219,41.00699771252389,29.185922714552763,41.00809488697399,Akasya
29.04725872103322,41.13542202294253,29.04864627973975,41.136413976738694,Huzur Evler
28.79975869353861,41.119542820249684,28.80094930618246,41.12044317971198,Oyakkent Giriş
29.03100721312493,41.07608361446504,29.03251938957408,41.07702278574434,Yeşilbağ
28.7541810180036,41.05978080442846,28.75537058172522,41.0606811955334,Altınşehir Mezarlığı
28.97761375357705,41.039956073053304,28.979424246808154,41.04087392694127,Bülbül Mahallesi
28.842619320467435,41.05161182566105,28.843808679247825,41.0525121743005,Fatih Mahallesi Sağlık Ocaği
28.810061864986395,41.08466030220336,28.811287134788905,41.08575569758885,Hüdavendigar Caddesi
28.799244406834486,41.06549169074572,28.800522597744344,41.066571309188724,Metaliş Sanayi Sitesi
28.960992513834316,41.0901708596403,28.9621824858622,41.09107114032082,Afet Koordinasyon Merkezi
28.790283054748066,41.07918381474775,28.79147294497495,41.080084185213956,Aymakoop Camii
28.82432216050916,41.06869182238581,28.825511839208716,41.06959217757579,İSTOÇ  9.ada
28.821141143636105,40.959186813010504,28.822328856083566,40.96008718695113,Pazar Yolu
29.006561738611992,41.04035738155388,29.00816624845838,41.04174202859294,Beşiktaş - Adalar Şehir Hatları İskelesi
29.035205328595417,40.98843652051629,29.0399734997468,40.99428796418785,Söğütlüçeşme
28.806016065391713,41.12097774342639,28.807782992333063,41.12201014669536,Başakşehir 4.Etap
29.17659028989394,41.01173453724258,29.17791180672455,41.01279146273495,İdealistkent Caddesi;İdealist Kent Caddesi
29.211247824676022,41.007893841496895,29.213999141180224,41.011556087297194,Sarıgazi Merkez - Metro
29.161164833196025,41.00130577419369,29.162751702048794,41.0030946359808,İmes Camii
29.215995328591926,40.929097947766905,29.21725767323536,40.93001305185899,Yunus Emre Caddesi
29.144274045336918,40.97186166831002,29.14563925216468,40.972799730788694,Evren Caddesi
29.264550457164635,40.97642744487832,29.26578554023868,40.9776975550382,Bosna Bulvarı
29.139355713836544,40.97741162778775,29.145656065863324,40.978999259083444,Kayışdağı Yolu
29.263115426058135,40.8982092941158,29.26431307315595,40.899222605581144,Vatan Sokak
28.955756279922976,41.08287443852436,28.957712615254547,41.08432156140895,Yavuz Selim Caddesi
29.16929784670251,40.912247128083,29.171943350888203,40.91408049558361,Trabzon Sokak
29.1601311562397,40.912101051184,29.161330843581812,40.913123948735056,Hacılar Sokak
28.769339086065038,40.9894976904726,28.772692996826205,40.99215901003605,Küçükçekmece Marmaray
29.157833086221128,40.922688593946674,29.160088955211965,40.924098410821856,Emek
29.127312698873823,41.02095690097005,29.128501300797964,41.02185709899046,Tepeüstü Kavşağı
29.05402880270845,41.006306878754515,29.0552171969748,41.00720712120629,Valievleri
28.902346098996805,41.011086653033814,28.904130898498362,41.01236134670531,Nakliyeciler Sitesi
29.017209671917694,41.108146776425514,29.0183999277699,41.109047023535375,Ayazağa Yolu
29.27348805465644,40.958015835205984,29.274709944946842,40.95911416462781,Fatih Mahallesi
28.83019880241326,40.9975558182897,28.831387197304565,40.99845618167188,İzzet Begoviç Parkı
28.894547840800335,40.995702834625476,28.895736158907603,40.996603165335905,Buz Pisti
29.132151191733545,40.967579750489705,29.133688864948535,40.96956498293302,Zümrütlü Sokak
28.803880352199265,41.018131429909985,28.805362649886952,41.0196885687202,Aslan Sokak
28.822782830601508,40.99414281615959,28.8239711691175,40.99504318380202,Spotçular Çarşisi
28.905776160853325,41.07171584351401,28.906965838851953,41.0726161564473,Validesuyu Konutlari
29.073123644237214,40.98019768212847,29.074311555443465,40.981097917832244,Kadıköy İlçe Emniyet Müdürlüğü
28.89144473359006,41.00752083474329,28.89263326611822,41.00842116521811,Nadide Sokak
29.075535181667078,41.05785126923929,29.077580825480574,41.058967032012575,4. Murat İlkokulu
28.943928691093564,40.99996386949879,28.94628060273079,41.00114351459833,İETT Yenikapı Etkinlik Alanı Peronları
29.136477157931466,41.10020484623345,29.137671841356447,41.10118815356874,Dere Çıkmazı
29.130029796519885,40.99817781800533,29.131355204418306,40.99918518194454,Esenli Sokak
28.777208285952707,41.05351181250789,28.778615715647398,41.05458418744142,Kuzey Kapısı
29.208343912210367,40.91729898513054,29.20979258946179,40.91828381419312,Safa Camii
29.142058158455782,40.95323063958515,29.14324484051311,40.95420036016854,Sağlık Bilimleri Kampüsü
29.036301966531425,41.12680158549021,29.03847346861619,41.12813580118079,İstinye Dereiçi
29.248280781220313,41.016224504176876,29.249617221946618,41.01729549585085,Aile Sağlığı Merkezi
28.93286477629512,41.065096226837134,28.93525613047427,41.066240974588624,Yıldıztabya
29.148022147745127,40.99247586454738,29.149377851319592,40.99346013507871,Yunus Emre Özel Eğitim Merkezi
28.784865550900598,41.001199200006454,28.786034445359537,41.002138799621214,Sultanmurat
28.91866204902466,41.08854520767497,28.920072851726843,41.08954779196865,868. Sokak
29.12489310830798,40.952939194936974,29.126080491365123,40.953839405023565,4.Kısım
28.859112740595236,41.01664452711985,28.86030145911791,41.017544872841654,Ara Sokak
28.910606291321347,41.046315642791534,28.9117955083835,41.04721595716978,Uluyol
29.10495490719399,41.130019703007534,29.106145492479733,41.130919896953024,Korubaşı Cami
28.88434921850092,41.08668503910297,28.885539181207477,41.087585360858434,Karadeniz Peron
28.809261916319826,41.10559923891667,28.81059408124029,41.106506761079274,Karanfil Sokak
29.149407601574655,40.95922021045923,29.15058539461354,40.96017178918336,Şehit İbrahim Cengiz İmam Hatip Ortaokulu
29.09640782756318,41.04780570680662,29.097708174938532,41.048710292512986,Cihan Sokak
29.097267449576364,41.02382844200341,29.101755113511924,41.02599288215435,Ümraniye
29.241610475282727,41.028849544218424,29.24306452347208,41.0299284557072,Papatya
29.219270763819225,41.019153374890166,29.22118339011879,41.0210478905563,Hz Ali Cami
29.09553525496638,40.9573842064569,29.096744545320497,40.9584534933758,Bostancı
29.054211918369983,41.0044740161215,29.05558507802664,41.00557598391157,Timlo Sitesi
29.0683105639938,41.0770379329234,29.070177236555484,41.078209165959244,Küçüksu
28.91083780827562,41.00422008779388,28.912310086944764,41.00516771243408,Seyit Nizam Caddesi
29.14192496581685,40.99339085481709,29.143478035562893,40.994422144402485,Pınar Sitesi
29.146021552204434,41.121396378377305,29.148117152922662,41.12245902255406,Acarlar Mahallesi Muhtarlığı
28.800070786657848,41.00888098728372,28.801955515395537,41.01019831206819,Çınaryolu
29.168640853289403,41.01766482765394,29.170500045769884,41.01889967164947,Çekmeköy Sapağı
28.98494633897455,41.112841386913416,28.986243664923336,41.113905613066464,Garaj Yolu
29.062492833777576,41.00319988090682,29.063681165904423,41.004100119053945,Ünalan Mahallesi
28.829886784716848,40.999514818364624,28.831075215001,41.00041518159697,Namık Kemal Sokak
28.913288207466188,41.05728650719177,28.914704177740784,41.059337790089025,
28.86960590479253,40.99933042366308,28.870987094123898,41.0002405763814,Haznedar Yolu
29.13522893625612,41.00428187504726,29.13692586248844,41.00538742378286,Akdağ Caddesi
28.789338153060015,40.992500893588456,28.791404931905106,40.99372923246194,Sefaköy Lisesi
29.25466400670076,40.976487165769264,29.256492992410617,40.97770883357566,Beykoz Caddesi
28.834683524127634,41.02868682185845,28.83587247558913,41.02958717810313,Şehit Ali Aksoy
28.854021631461674,41.06039506762854,28.856546344172795,41.064123363150706,Yeni Camii
29.240721678207763,40.9740483204032,29.241924323471864,40.97519567951922,Şehit Selim Topal
28.891725201103004,40.98664004533407,28.89329980074137,40.987811954467105,Denizatı Siteleri
28.778706969167963,41.073088178932956,28.780772230352312,41.074375219862944,İmkb Alparslan Ortaokulu
29.069952459984503,41.04508588630674,29.071141539695798,41.045986113653996,Güzeltepe Muhtarlığı
29.115863405610693,40.86334808529192,29.117049194065018,40.86424831466868,Nizam Cami
29.114468782185885,40.93444499874769,29.116209012865845,40.935447701900614,İdealtepe
28.86835671904575,41.00826282883257,28.86954528066607,41.00916317112889,Bağcılar Caddesi
29.04856021958953,41.137354087477824,29.049750980092814,41.13825431248296,TARABYA
28.95558553043218,41.072359703155385,28.95777679876676,41.07477866473481,Güzeltepe
28.77851877143789,41.069286802059885,28.779963229525777,41.07020219798627,Emlak Konut Ayazma İlkokulu
29.061635331015026,41.034662187011875,29.063510338234654,41.03596332190248,Dörtyol
29.08708296127474,40.995737402782524,29.092112759567335,40.99870130218518,Aşık Veysel Anadolu Lisesi
28.85404428753404,41.01391166242439,28.855421707836207,41.015057337604496,Şehit Osman Yıldız Ticaret Meslek Lisesi
29.040750026863336,40.98078767301761,29.041937972822296,40.981687926943245,Ihlamur
29.15451892793186,41.02183959539265,29.155721072546438,41.02288740450669,Dörtyol
28.803633526535805,41.083937720015825,28.805481470680654,41.08524927968668,Eskoop
29.203065769878123,41.0077698639468,29.204259231579613,41.00886513599902,Nar Çiçeği Sokak
29.006067849746685,41.07915325341638,29.007927150226877,41.08037004545155,Bacadibi
29.261376286935644,40.97284005648229,29.2634750085455,40.974420868784904,Sultanbeyli Otobüs Terminali
29.07451046369553,41.05370495031903,29.076098533835598,41.054890049636974,Denizcilik Lisesi
28.842324832619887,40.99464182112364,28.84351316709609,40.995542178837916,Hürriyet Mahallesi
29.04830919745092,40.99727454170346,29.050229801424223,40.99846445669667,Şehit Er Bülent Altınsoy
29.28287514060459,40.94466893923454,29.28489935274471,40.94584502968875,Beşyol
29.019008597282323,41.10384759222764,29.02054400100372,41.104773507942426,İnşaat Fakültesi Köşe / MED-C
29.010081125149696,41.01523772896548,29.011514577714376,41.01616537118109,İhsaniye İskele Sokak
28.979630189890536,41.04703963460058,28.9808722107203,41.04820276507692,Sinemköy
29.069499676006583,41.02105088429542,29.070688323674105,41.02195111566532,Hanımseti Parkı
28.851133412371375,40.99722562356312,28.852321787343236,40.99812597639842,Bahçelievler Belediyesi
28.99634440544976,41.10845967638914,28.997619292680795,41.10944112357856,Çakıroğlu
28.874624380305296,41.0240282825369,28.87588262243455,41.0250227174161,Osmanbey
28.812629835377944,41.05505986218756,28.8146223368316,41.05795763595489,Haci Bostan
29.089952181243728,41.01606467553343,29.092266902160347,41.01723309346417,Namık Kemal Anadolu İHL
29.093113918021263,40.99510388902193,29.09430208165614,40.996004110938706,Kireçhaneler
28.970542173401256,41.07285386086502,28.971731826294,41.07375413909609,Park
29.183975825631364,41.002640145317024,29.18520316986229,41.00366685441505,TELETAŞ Tesisleri
29.181877411098725,40.99786097866241,29.18311059247992,40.99886202122969,Des A Girişi
28.946711776099097,41.0517016743007,28.949332722259783,41.05310022244807,Bademlik
29.0415465613385,41.014558752667305,29.042869438507566,41.01545924729963,Adile Sultan Kasrı
28.791306084047527,40.990790742563746,28.79323242236292,40.992331857514614,Bağlar
29.057836535927336,41.109548488693896,29.059084466955472,41.110536511241776,Müşir Fuat Paşa
28.83967919912495,41.06497382596352,28.84086880059061,41.06587417399804,Batışehir
29.14717762839943,40.980661694502786,29.148464374857237,40.98169730547929,Kayışdağı Mahallesi Muhtarlığı
28.850221293092353,41.054934827851675,28.8514107066217,41.05583517210983,Kemalpaşa Mahallesi
29.115887554529845,41.03651889885564,29.117076445143486,41.037419101104895,Sokullu Caddesi
28.895005489950567,41.03475683780376,28.89619450975683,41.0356571621576,Otogar Kavşağı
29.032467741390914,41.0862923834204,29.033775258717675,41.08727261646992,Tepecik Sokak
29.189566522277968,41.015780665895974,29.191570483041623,41.016839335014424,Şahinbey Caddesi
29.226652488612352,40.99307032852373,29.227840511044544,40.993970471436384,Asır Caddesi
29.150380392060374,40.9536478194965,29.15158580744439,40.95468408022219,Şehit Bayram Aydın
29.073839470724852,41.00269982857553,29.075368024366494,41.00366217175713,Eski Çiftlık Yolu Caddesi
29.30536354438685,40.95843938358279,29.30789256284621,40.95961751800916,Çeşme
28.786503253864616,41.10637362738862,28.787859744919746,41.10771537188844,Başakşehir 2.Etap
29.141040165874166,41.06782482045353,29.142232034907597,41.06883967950085,Doğa Konakları
29.131105476318208,40.8672896900512,29.13229132335512,40.86818990990933,Orbaylar Çikmazi Sokak
29.007639487882546,41.02419585514752,29.008845207700777,41.02519974453391,Şemsipaşa Askeri Sosyal Tesisleri
28.960902365065806,41.09513047276662,28.962138037709508,41.096437927087706,Karayolları 1. Bölge Müdürlüğü
28.79508331854974,41.050080813650816,28.796272681172876,41.05098118631089,Parseller
29.094979454979125,40.95502811700921,29.096328845281437,40.956329681884434,Bostancı Dudullu Minibüsleri
29.104461608708075,41.03000889503036,29.105650390967103,41.030909104930224,Nevzat Ayaz Anadolu Lisesi
29.185505332040833,40.896371595665464,29.18689566603258,40.897287404406875,Kartallı Kazım
29.143455308437684,40.96909603122052,29.144662791363668,40.97014276855236,Yasemin Sokak
29.080373116033392,41.00647582332471,29.08190847816833,41.00777237686988,Gül Sokak
28.975623379181194,41.03915208593279,28.976868618944042,41.04038291393137,Yenişehir
28.859247115946793,41.04641791616279,28.86051188660439,41.04731008320117,Tiryaki Hasanpaşa İlkokulu
29.146301281786737,40.95682490152804,29.147488717883018,40.95772509843242,Başıbıyük Caddesi
29.04274062724024,41.09472682540808,29.04494046542715,41.09676469151309,Lale
29.065717476592045,41.04306388494416,29.06690652308893,41.0439641150166,Serhat Caddesi
29.26792762901618,40.9993504746987,29.269331672448704,41.00026692536693,İbrahim Hakkı Anadolu Lisesi
28.982562940729718,41.08530582533672,28.983814057396998,41.086545174511215,Tanriöver Camii
28.84892057739584,41.11320590457409,28.85244171828803,41.118058277582676,Mescid-i Selam
29.083573441187117,40.98097688517602,29.08476135849194,40.98187711478465,Sahrayıcedit
29.10164258566036,40.96563128917407,29.10283021401613,40.96653151078657,Kocayol Caddesi
28.878220288147084,41.00949793165262,28.879735211856296,41.01056696798461,Şehit İbrahim Koparir Caddesi
29.230603829141458,41.01018008887463,29.231874174168503,41.01159261087897,Akın Caddesi
29.15891650936076,40.94107096624172,29.160856489793716,40.94198803395868,Üçler Caddesi
28.98430951276865,41.08411495210405,28.985646487293018,41.08511104774453,Mithat Paşa Parkı
29.126749090441283,40.968722671210905,29.12790291309899,40.9696473284989,Fidan Sokak
29.13359714517745,40.949198297192616,29.13478445449437,40.95009850276791,Marmara Üniversitesi Alt Kapı
28.971109540377896,41.09246203088401,28.972355556513048,41.093448268979756,Gül
29.059791819811586,41.04712979681278,29.06144567656354,41.0483912032301,Şehit Gökhan Esen
28.850603285110537,40.97702228695581,28.85396755559684,40.97872038920607,Ataköy 5. Kısım
29.253177295938627,40.914004066373366,29.254586607326406,40.915582032791335,Kiptaş Konutları
29.13025257891556,41.00343241679463,29.131546418716734,41.004350582514384,Göksu Caddesi
29.22893142081422,40.98958502894898,29.23011937884238,40.99048517101114,Samandıra Kız Anadolu İHL
28.768158809507707,41.01255044697148,28.769479493411296,41.01399345257732,Gümrük
29.08865287613592,41.10677218054136,29.090682031351818,41.107895020750185,Kiremitdere Caddesi
29.123230327612944,40.83875588551493,29.124415672061982,40.83965611444567,Büyük Ada Şehitlık Ormani
28.780360364982837,41.04346515962321,28.781905635593592,41.04452583982722,Çimentepe
29.08899838268174,41.11331829946488,29.091628615528045,41.11427070107814,İBB Beykoz Sosyal Tesisleri
28.972496734989708,41.09518996777713,28.974919188113972,41.096515479089874,Ram Sitesi
29.100528351565675,41.051551645847276,29.102167008536178,41.05286293762018,Kazım Karabekir Peronları
29.027053910586975,41.11446651411194,29.02842108560272,41.11556948591144,Mazi Sokak
29.068326798306423,40.98534427825609,29.07005356376016,40.986785353849704,Gözcübaba
29.142442098041048,41.014361726391186,29.14369265562694,41.01554032634053,Altınşehir Mahalle Muhtarlığı
29.2983438823898,40.95014317716211,29.3004167200781,40.951130423255975,Çiçekli
29.066139869903612,41.02158948338226,29.067328529777583,41.022489716578505,Turistik Çamlıca Tesisler
29.03343915573393,41.00263605786503,29.03826059835661,41.004979098893564,Koşuyolu Köprüsü
28.752364126813557,41.04343284849913,28.753561876682078,41.04439615130963,Yarımburgaz
28.991831213076665,41.0693018663867,28.993020786615347,41.07020213357432,Mecidiyeköy AVM
29.174175918508748,41.03689360734357,29.17559808295525,41.03834929144689,Köşk
29.24161886670571,41.007322934237315,29.242807132948673,41.00822306572273,Kevser Sokak
28.7625338263898,41.04408768197446,28.763840176131573,41.044994317317986,İstanbul Saraylar
28.90947693999428,41.06850598237933,28.911374860901404,41.06967251633074,Keçesuyu
28.907384708890127,41.10204951808494,28.908591692750733,41.10297358184522,1285. Sokak
29.117341660840985,40.992011857750484,29.11864503400298,40.993130642133394,Ataşehir Atatürk Mahallesi
29.300051359426465,40.919427411133654,29.30137784013538,40.92069138812113,Bakü Caddesi
29.31088100713791,40.95870751692987,29.31211239034542,40.95959928244858,Selçuk Caddesi
28.99960877013259,41.074499327165306,29.00096292701118,41.0754106728518,Zincirlidere Minibüs Sondurağı
28.81606752201593,41.03892441279622,28.818358932997533,41.04053539705535,15 Temmuz Mahallesi Peronları
28.915476261626445,41.03057105324094,28.91668273743588,41.0316039463301,Maltepe
28.78461350769834,41.073675174540554,28.788040337553273,41.075207179152976,Ziya Gökalp Metro
28.883719343827007,41.01674729615202,28.885255654323263,41.01776970283019,Polis Merkezi
29.28692739961273,40.938234202407116,29.288103701530883,40.93917959741492,Milli İrade Caddesi
29.002597300110104,41.056106841246,29.00379070095267,41.05715715870315,Dikilitaş Çarşi
28.87496321070669,41.0477819141002,28.876828078230098,41.049949298501005,Çifte Dutlar
29.09781898656421,41.12384077426013,29.100810081941813,41.1260044890347,Sultaniye
29.052541706822616,41.12139286825924,29.053836291903295,41.12229713172839,Kızılay
29.093387641669583,41.04829561674388,29.09459735827565,41.04934438311578,Seyrantepe
28.7903554202096,40.975818199346136,28.791846584393042,40.977048800781766,Havuzlu Bahçe
29.091705800327002,41.00814988963838,29.09289419935044,41.00905011032227,Sebil Sokak
29.020274588681616,41.012524545524386,29.021977405628892,41.01353545513972,Karacaahmet Cemevi
29.089961281598914,41.088090179940004,29.09340572036077,41.0899608162067,Kavacık Sapağı
29.204337627372066,40.915753658503554,29.206832206341996,40.91778721557063,Soğanlık Merkez
29.235386178864143,40.96851820390619,29.236670120757584,40.96942009608306,Sur Sokak
28.808204325439334,41.09529569170566,28.809537875647756,41.09625800798785,Ertuğrul Gazi Caddesi
29.16019940242462,40.94730770756436,29.161964696054188,40.94842619102903,Hacı Mustafa Özyazici Camii
28.789385422915235,41.05583444758212,28.79074557471612,41.05688955243574,Kuşlar Tepesi
29.18546977845004,40.90303590898341,29.186656221214466,40.90393609097691,Sağlik Ocaği
29.19007187093099,40.90119452235034,29.19138362861632,40.90216937744874,Şehit Muammer Çelik
28.89229475462537,41.00521183478358,28.893483245082802,41.006112165177804,Abdurrahman Nafiz Gürman Mahallesi
28.836077775531425,41.05731296669923,28.837477223500063,41.05822303334902,Füruzan Sadıkoğlu Ortaokulu
28.956309413225288,41.01723047591352,28.958328588097128,41.018568523001235,Vefa
29.08334942195222,41.070909819309136,29.084538578506546,41.07185818062136,Mezarlık Yolu
28.879431486021176,40.9947723168578,28.880967516964724,40.9959646831318,Bakırköy Adliyesi
29.050388464378724,41.032910892760945,29.051659534210717,41.03384610691406,Çamlıca Caddesi
28.90805400024052,41.07771620677132,28.90922590138541,41.078670592851026,817.Cadde
28.9788898668811,41.08500026408344,28.980079732812715,41.085900535877606,Haliç Üniversitesi
29.124937027756015,40.87246688865123,29.126122971918193,40.87336711130933,Anadolu Kulübü
29.107326055834466,41.09245566383058,29.108705944552444,41.09348233600687,Dostluk
29.130604719181825,40.8624618895267,29.13179048049164,40.863362110433876,Maden Çıkmazı
29.0574756699952,41.037642071480825,29.05871023193475,41.03887892834742,Yunus Emre Sağlık Ocağı
28.719689933050248,40.9790367898637,28.720878066684786,40.979937210098264,Park
29.088722023709273,41.094285895527456,29.089911975967453,41.09518610443316,Mihrabat Caddesi
28.770371541903003,41.07361655376938,28.771807451757006,41.07488444632813,Olimpiyat Stadı
29.235649666358544,41.02647624429442,29.237683632495287,41.02770545384927,Yenidoğan Üst Geçit
29.258600093573843,40.92415529292304,29.259796907462118,40.92522980700833,Orman Yolu Sokak
29.108183275709855,40.95586189030242,29.109370723965768,40.956762109658186,Galipbey Caddesi
29.08871203575932,41.09294989541995,29.08990196391743,41.0938501045407,Şehit Mustafa Yazıcı Parkı
29.071235801850484,41.05137020197191,29.072835097883225,41.05248109759719,Ada Sokak
29.035271273702676,41.02087853382455,29.03762003791946,41.02304581654552,Bağlarbaşı
29.136765064798922,41.06498277853147,29.138150336806074,41.065897621529054,Çiftlikköy Sapağı
29.280261448347378,40.99223166807241,29.281513551085,40.993398331629905,Cemil Meriç Anadolu Lisesi
29.158553784481487,40.90635796033851,29.159807316020345,40.90731113962377,Tekel Caddesi
28.948228569395173,41.02089934155508,28.94965442860779,41.02236565755317,Malta
28.79897176173836,41.00093981076208,28.80016023798422,41.00184018919962,Belediye Caddesi
29.07800187075324,41.069594324913496,29.079739326707596,41.07084887489808,Yenimahalle Muhtarlığı
29.227521129797196,40.89157996783493,29.228774867707646,40.89247193203955,Başkent Caddesi
28.859434302401183,41.05424583014772,28.86062369731145,41.055146169813774,Oruçreis
28.786601057967648,41.02702572058283,28.787902941661923,41.02825627878137,Söğütlüçeşme Bilgi Evi
29.165319145901186,41.03486163558795,29.166692854460802,41.03585936419624,Akşemsettin Camii
29.06286662282173,41.008784212534835,29.064137374925462,41.00969778687065,Mehmet Zahit Kotku
29.096691528236683,41.03642919266703,29.097889474993973,41.03729280710921,Bahar Sokak
29.040886598007226,41.07696515085722,29.042075100917906,41.07793524888396,Tevfik Fikret İlkokulu
29.177933680464697,41.00526097026609,29.179447678194457,41.007883322458795,Fabrikalar
28.78900892090466,41.112561602470564,28.79217110361531,41.11463352071833,Akif İnan Anadolu İmam Hatip Lisesi
28.778658862952668,41.00700023343817,28.780000133947933,41.00806376656843,Şehit Mustafa Direkli
29.153197602646184,40.94706167941197,29.154475103144808,40.948212620517886,Karaca Caddesi
28.829695122267292,40.961886815369354,28.830882877451028,40.96278718459227,Demiryolu Caddesi-2
29.085305793409265,41.0086498878395,29.08649420626916,41.009550112121154,İbrahim Müteferrika Caddesi
28.787084052399294,41.05119476394965,28.788579940927168,41.052516236226815,Ana Okulu
28.79904471422145,41.117227819891575,28.800235285499763,41.11812818007009,Oyak Sitesi
28.915225201827283,41.05134521483938,28.917875802448854,41.05330954939049,Bosnalılar
29.089050521144674,41.032414091693646,29.090406570577827,41.03388419075829,Estergon Caddesi
28.96580353066614,41.059669196456674,28.96968168841303,41.06284055544753,Darülaceze - Perpa
29.13530325527998,40.93152202317632,29.136587440854587,40.93241307667064,Yıldız Bakkal
28.808455860334092,41.08998864215362,28.809718940127024,41.09094525780321,Çeşminaz Sokak
28.825840526905907,41.069368456742005,28.827051472584092,41.07041454294289,İSTOÇ 8.Ada
29.13178139037814,41.052690164190864,29.133098313245878,41.053590735802516,Vekil Çıkmazı
28.95889605975919,41.01012774702752,28.962141086458352,41.01349757393402,Vezneciler
29.144988315086582,40.970139773575994,29.146394586804288,40.971102125757604,Fırat Sokak
28.78002628400409,41.06447531107719,28.781215915720686,41.06537568888456,A Kapısı
29.031003742926867,41.01201087273413,29.032192256759853,41.01291112722677,Barbaros Spor Kulübü
28.892826776709253,41.02134907434216,28.894705332905467,41.02305202614783,Kütüphane
29.277697518785306,40.92142139975386,29.279076183209703,40.92248950023991,Sarmaşık Evler
28.769495509889158,41.03198999149837,28.772248737893857,41.03400261873323,Yenidoğan
29.124729534813817,40.98526220378813,29.127001059681728,40.986333697427554,Vakıf
28.817169417602493,41.01404869656747,28.819578625130802,41.01612742465028,Nevzat Pisak Caddesi
28.902055832306598,41.05941832394713,28.904060165789236,41.060749675333035,Çukurçeşme Caddesi
28.78615958139483,41.02054480913935,28.787348418329504,41.02144519082239,Kavşak
29.172761936564026,40.891103946994804,29.174551063627675,40.892017052960014,Yapı Market
28.868133850596948,41.104677836329074,28.869324149113726,41.105578163632394,75.yıl Ortaokulu
29.218844806136087,40.969787157609495,29.222598120573863,40.97235421417251,Otoban Girişi
29.097114030348603,40.87098388045824,29.098299969329872,40.87188411950245,Mezarlıklar
28.98058726734533,41.07167213886981,28.98185102926295,41.072558560956054,Taşocağı Caddesi
29.25605388843385,40.89600157537989,29.258741347054826,40.89701740286149,Çanakkale Şehitleri Cami
29.182652727407678,41.023763215897425,29.18409326923243,41.02489978417528,Senem Sokak
29.086370344977915,41.01015958804843,29.08776265607462,41.011072411988934,Üçyol
28.847668226858477,41.048358575316925,28.849272770056444,41.04931042501131,Mehmet Akif Cami
29.27277937233853,40.930032837858505,29.273966227312208,40.93093296210145,Abdurrahman Gürses Anadolu İmam Hatip Lisesi
28.880064840202497,41.01081575918633,28.881429994544963,41.012276188512494,Merter Tekstil Merkezi
29.09123004316227,40.869297378631764,29.092415956517137,40.87019762132893,Hastane
29.149459679823135,41.025428210555575,29.15067731679138,41.02629978916322,Uğur Mumcu Sokak
28.807003711726043,41.006799813212666,28.80819228799524,41.00770018674901,Hasan Gürel İlkokulu
29.042206642351847,40.91212286805075,29.04339335733449,40.91302313191012,Yarbaşı
29.170587308883626,41.03284271468829,29.171776090781336,41.033742885272055,Piri Reis Caddesi
28.82898133045433,40.991520831126095,28.836918469032316,40.99440354996129,Kuleli
28.92586215230712,41.0290145454606,28.92705104739559,41.02991485450066,Edirnekapı Garajı
29.08578610880684,41.00485302056498,29.088311693881042,41.00675166115432,Güldibi
29.257119434186826,41.01574838125785,29.258350963283466,41.0166395181196,Karapınar Sokak
29.1403956312448,41.00678970369946,29.141583968425174,41.007689896261006,Mehmet Akif Mahallesi Muhtarlığı
29.072284233000982,40.9908229382148,29.073952463455537,40.99178946221793,Göztepe Köprüsü 1
29.139158369194007,41.01579914051673,29.14380023305508,41.01723731213184,Altınşehir
29.06312206571639,41.041071829049,29.065444305207432,41.04310767927335,Kazdal Caddesi
28.939903667691127,41.02476044687033,28.941270335226623,41.0258445531634,Karagümrük - Şehit Ahmet Acarkan
29.26683442149767,40.968934139047875,29.268021978153406,40.96983426091209,Sultanbeyli Kız Anadolu İmam Hatip Lisesi
29.113317672480473,40.94765213345603,29.114642428925762,40.9486024661739,Küçükyalı Atatürk Caddesi
29.226718024254197,40.880203110193,29.228333373433447,40.88123468843386,Sancak Köprüsü
28.87648727904253,41.05748183478182,28.877676720667452,41.058382165179594,15 Temmuz Şehitler Parkı
29.264954800634982,40.95356480597679,29.26611620256596,40.95448419377835,Olgun Sokak
28.963062294486967,41.05911885776595,28.96425170520962,41.060019142195166,Talatpaşa
29.08204249174234,41.044494538312,29.083485502867862,41.04623446118063,Yavuz Selim İmam Hatip Ortaokulu
29.170256080917152,40.99751950768005,29.17149852129302,40.99848809227473,1. Cadde
29.12723018638048,40.931384770889395,29.12895731459155,40.93231512920355,Maltepe Belediyesi
28.917863286499802,41.03181068278015,28.919074709208502,41.03281331692673,Maltepe Caddesi
29.060573879773166,41.03138108256986,29.06176271990875,41.03228131739091,Hattat Hasan Çelebi Caddesi
29.238703760424443,41.021478708261455,29.24009624008843,41.02238729173822,Orman İşletmeleri
28.91920749982534,41.02342933656698,28.920923983591656,41.02581809702457,Matbaacılar Sitesi
28.921630435631837,41.04181884534411,28.922819564071364,41.04271915461716,Gürbüzler Caddesi
29.03443562761252,41.020206159221885,29.03579647353926,41.02117744041122,Marmara Üniversitesi İlahiyat Fakültesi
29.093316002400726,41.09684089704854,29.094505997275252,41.09774110291208,Anadolu Caddesi
29.223910240629024,41.00820705614825,29.22553156157936,41.00922354266451,Ebru Sokak
28.854070123161993,40.97938813532257,28.85840264638057,40.98075818843657,Ataköy
28.93653068167574,41.05455011940177,28.937741321504742,41.05585488051118,Şehit Cumhuriyet Savcısı Mehmet Selim Kiraz
28.8459439280679,41.03604427696341,28.84736577558009,41.03697312319174,Yavuz Selim Camii
28.799578306681163,41.03747871793981,28.80076769320809,41.0384102820243,İdris Paşa Caddesi
29.083727570932723,41.03619851002804,29.084960429248586,41.03732248963334,Güneş Sokak
28.949484294394733,41.063082552827716,28.951604005423068,41.06437214579224,Sünnet Köprüsü
29.242530960084473,40.966993085864736,29.244322334266847,40.968018014920965,Fatih Sultan Camii
28.919406975033763,40.992825581860515,28.92080552293066,40.99374271821845,Borsa Istanbul Zeytinburnu Anadolu lisesi
28.8089619868508,41.11763813843468,28.81044390991991,41.11879416163349,Başakşehir Devlet Hastanesi
29.042030202264627,40.987758807202304,29.044068890967203,40.98933849295579,Ziverbey
29.26925517447928,40.90834375637257,29.270519225160417,40.90929384350847,Yayalar Zeliha Hatun Cami
29.254073932508696,40.90335124165753,29.25547546981299,40.90444375834883,Fatih Caddesi
29.27773578259357,40.92728956268926,29.27892311580994,40.92828443672492,Piri Reis Caddesi
29.225711695469197,40.91291839506738,29.2270293074338,40.91382160494282,Karaca Sokak
29.082989653276247,41.10633799418953,29.08459634439669,41.10727800607985,Çubuklu
28.87733479438115,41.04197414164534,28.880842283778406,41.04506289949481,Esenler
28.863415151701197,41.032878355093956,28.864650850064123,41.034103644724766,Esenler Caddesi
28.796896439399887,41.028648835606155,28.798516457082087,41.02989096443971,Kazim Bektaş Camii
29.012144867871037,41.017974136662055,29.013829137977343,41.019704883131666,Doğancılar
28.900826958097138,40.98287583525954,28.90201504161,40.98377616470181,Zeytinburnu Kizilay
28.877175002005924,41.02773396305914,28.878491000318995,41.02876403694523,Gençosman İmkb Çok Programli Anadolu Lisesi
29.26017605063444,40.906579497102655,29.261544847210367,40.90753240211687,Tevhid Sokak
29.103573285769,40.998455506419255,29.10524879286356,40.99988795689474,Begonya Sokak
29.101469411941405,41.09315545056387,29.102722589445136,41.094116549412995,Çavuşbaşı Yolu
29.13341704274172,40.92712009541151,29.134603956930423,40.928020304549,Kamil Koç
28.961619198361298,41.081141469894554,28.96291299883879,41.082158930064,Küpeli Sokak
29.163007178462774,40.92878489216204,29.164168024406443,40.92969270761119,Recep Ağa Camii
29.066630512152265,41.0441822763411,29.068070486626667,41.04519272304398,Mehmet Akif Ersoy İlkokulu
29.04049422859327,41.069557879898355,29.04168377109123,41.070458120062476,Arnavutköy
29.098710567520452,40.99557817570643,29.100423029813033,40.99662442258647,Selmanı Farisi Camii
29.17201707267415,41.0305932572578,29.1754678898462,41.033143843292166,Mimar Sinan Caddesi
28.878429700913493,41.12163784031044,28.879620298795388,41.122538159650944,Cebeci Köyü
29.07553211993601,40.984617399974745,29.07738347438008,40.985652300887516,Gözcübaba Lisesi
29.09727135603799,41.05070911761944,29.098470644051186,41.05172288227384,Dize Sokak
28.77974370538128,40.99939072940351,28.781126291052715,41.00030927065192,Dörtyol
29.232329907887177,40.91103775711179,29.23377513871962,40.91202748932192,Alev Sokak
29.153119943081933,40.92300400889372,29.157033436874308,40.92470101455093,Gülsuyu
29.19900737188057,40.88952289012437,29.20028763118864,40.89054910985588,Namık Kemal Caddesi
28.997019970799208,41.072096854691814,28.99821442773403,41.07316544526623,Osman Sağnak Camii
29.06340247962583,41.037074859914014,29.0648985246633,41.03802614037531,Kahraman Sokak
29.167752620416504,40.936984654413486,29.169016381615222,40.93788014554778,Uğur Mumcu Sokağı;Uğur Mumcu Sokak
28.98971397046823,41.12102843139138,28.99088503196937,41.12193056842448,Yeni Ayazağa Mezarlığı 3.Kapı
29.09121639144705,41.046728855620856,29.092449611006014,41.04761414384892,Anadolu Caddesi
28.95092937659702,41.049521853748985,28.952118623101562,41.05042214621219,Çıksalın
29.079295731422768,41.02952458897929,29.080950709333834,41.03259209376114,Yavuztürk Sapağı
29.280300009693295,40.99621208886084,29.28174329574242,40.9980000103872,Kurban Pazarı
29.246899902350076,41.01950134651219,29.248214098201455,41.020467653321575,Çimen Sokak
29.23867319875027,40.968185370814865,29.241334858474268,40.969737335811715,Veysel Karani
28.94796429520098,41.082197411422996,28.95009833643815,41.083779542102214,Alibeyköy Gasilhanesi
29.11265488274395,41.14833391833016,29.114277718807248,41.14951678135056,İsmail Özseçkin İlkokulu
29.290948429811227,40.919050216205314,29.29219296127774,40.92096838370042,Selçuklu Caddesi
29.252578965365167,40.96124672499245,29.254083033847063,40.96233627481687,Yonca Sokak
28.858565852550882,41.039113669774,28.8598631499673,41.040017329539246,Şehit Erdal Bali
28.785987518308428,40.992231324420196,28.787300481252007,40.99321667552487,Reyhan Caddesi
28.97357361093557,41.049309057334746,28.975183393914982,41.05061794279194,Yay Meydani Caddesi
29.03061778286632,41.02343177066525,29.031898419122854,41.02442692932233,Gazi Caddesi
29.218488254858688,40.91840544133599,29.219917245424586,40.91945725840953,Yakakent Caddesi
29.136614979411462,40.98381877155058,29.13895152978909,40.98667814122977,Kayışdağı Metro - Cahit Zarifoğlu And.İHL.
29.04620506621984,41.09020449446808,29.047550930067914,41.09170950520206,Alt Geçit
29.265966339609413,40.86696263167179,29.2680919413129,40.868618856467705,Trablus Sokak
28.996791062137934,41.0783675678254,28.998280940176322,41.07933943119739,Gültepe Camii
29.205153223543757,41.015794330331104,29.20674177502223,41.01694266948016,Sancaktepe Kavşağı
29.105025274009396,41.01494149378418,29.106222930198697,41.01593770600391,İrfan Koleji
29.167818109952858,40.897243472449325,29.171127391885545,40.89991033804834,Atalar Marmaray
29.16473739424651,40.97940915936513,29.166273303750796,40.980339140830054,Çamlık
28.96912514557328,41.08548027714464,28.970536851715195,41.086401722953624,Sular İdaresi
29.051965207967203,41.03482135075453,29.055675360127275,41.03705377632523,Saray Cami Sokak
28.86704690167272,41.04543152292249,28.86839509755554,41.046415476760245,Türk-İsveç Kardeşlik İlkokulu
29.2734417971471,40.90283340156068,29.27658762910208,40.90467368096482,Yayalar Metro
29.12799279950671,41.014903119521115,29.129377199779768,41.01590578010408,Sevgi Parkı
29.09978784074175,41.11340340385863,29.101088862979513,41.1144639961307,Reşadiye Bağlar Caddesi
29.14915884368933,41.02704105367679,29.150622154723653,41.02813494627709,Menekşe Caddesi
28.96861303685986,41.09316809310942,28.96980326408033,41.09415020666865,Girne Caddesi
29.005711954229955,41.09856287249437,29.00690204545954,41.09946312746658,Seyrantepe Yolu
29.101342098753708,41.11429019110662,29.10255890141177,41.115351808673495,Tepeköy
28.822092204495586,41.016022243326695,28.82335180010874,41.01708975657484,Doğu Sanayi Köyiçi Camii
29.17857210822441,40.97759791275017,29.17975989144011,40.97849808721016,Ahmet Emekligil Aile Sağlığı Merkezi
28.92027847532582,41.00518216567097,28.921857535036054,41.00681383476569,Silivrikapı
28.996363141545253,41.10604588784417,28.997879653498824,41.107289812310164,Siteler
28.79101067461259,41.03520298200298,28.79241632332591,41.03627901800883,Mehmet Akif Ersoy Çok Programlı Anadolu Lisesi
29.091852970329732,41.043875621168645,29.093160028100396,41.044822378389576,Gümüş Sokak
28.934598015120937,41.07052753685834,28.936631884378222,41.071785061508024,Zümrüt Sokak
29.08292080488556,41.0629818256356,29.084388800616942,41.06423907452574,Ulubatlı Hasan Sokak
28.95706554654367,41.137621639052895,28.958522451212286,41.13854636108473,Mimar Sinan
29.100813957013198,40.97994219005511,29.102001842663228,40.980842409905506,Ataşehir Hal
29.10333837997802,41.10812737449311,29.104672015647672,41.10922832547195,Beykoz Konaklari Vakfı Ortaokulu
29.28444788936621,40.915105797914556,29.285828213723367,40.91602380218171,Safa Caddesi
28.961764456105545,41.05222535687569,28.962953743591335,41.05312564308543,Yürüyen Sokak
28.8033717602565,41.028845968407595,28.806512627290278,41.030250834920984,Fatih Caddesi
28.83634382394374,40.95922833331818,28.83757617039866,40.96079366660044,Fener Yolu
28.801291601589817,41.08770730578221,28.802584404303904,41.08886969415884,İstihdam
28.78343878534237,41.0465246871606,28.784866210783644,41.0476723129155,Ağaçlı
29.27283435911238,40.96993599983069,29.27408963804681,40.97082500001736,Kuş Çayırı
28.862200502045106,41.0984926723757,28.8637275896979,41.10111978781011,İvat Turhan İlkokulu
29.25783754528964,40.89072970906905,29.25913387072024,40.89171868849854,Atatürk Caddesi̇
28.943132292893456,41.048111051990446,28.944349708403266,41.049259947880266,Halıcıoğlu 1
28.947947040614842,41.02309853496109,28.949257957842548,41.02404746459765,Fatih Darüşafaka
28.913156287635275,41.053646913991116,28.91492299120458,41.05520533092179,Plevne Anadolu Lisesi
28.817362463691886,41.005313307571434,28.819534381626905,41.007828035542666,Altınyıldız İlkokulu
29.157723336173202,41.02924631057853,29.158912063493787,41.03014648938185,Parseller Mahallesi Muhtarlığı
29.162027573170622,40.94373975464826,29.163219627071708,40.94471854527314,Pir Sultan Abdal Caddesi
29.159524104020118,40.97892235973288,29.162069100206086,40.98060333889367,Şehit Osman Yılmaz Anadolu İmam Hatip Lisesi
29.0019003238287,41.08246557399841,29.003065974345457,41.08339072563089,Çeliktepe Muhtarlığı
29.25359259199077,40.87579872302182,29.255005508442157,40.876846976771326,Tevfik İleri İlkokulu
29.024625913016866,41.03317026314418,29.02625908608852,41.034266735936626,Paşalimanı
28.89273849773188,40.988619195007075,28.894445511754068,40.99024080546956,Bozkurt - Şehit Volkan Duysak
29.2431200430324,40.88593533991108,29.244358959204487,40.88690366004217,Orhun Caddesi̇
29.09113299773552,41.0972658964538,29.092323001940784,41.09816610350682,Beykoz Diş Sağlığı Merkezi
29.23571476469473,40.884772577030816,29.236902930196564,40.88623122289727,Sanayi Sitesi
29.074745126090573,40.97934564924364,29.078218272554064,40.98083353792544,Sahrayıcedit Camii
28.86741820935054,41.033872879324925,28.86903063272645,41.035687072542856,Hz.Ebubekir Camii
28.884372984957775,41.07184759992462,28.88876490194953,41.07416078580104,Taşköprü
29.23610031104073,40.988888950647215,29.23822629201882,40.98989624990272,Atayolu Caddesi
29.27928810638471,40.983044496421705,29.280503892806852,40.98414350348264,Medine Sokak
28.857056549765822,40.99780938634077,28.85826145192111,40.998959613578606,Siyavuşpaşa
28.938699479169788,41.07568662456861,28.941740618359223,41.077177871009525,Çırçır
29.066592467394052,40.880914215734265,29.06975519181689,40.88244617394832,Gönüllü Caddesi
29.099449814773937,41.009442488691874,29.10306048056714,41.012263832980494,Türkler Caddesi
29.087381165086878,40.96732188519885,29.08856883459178,40.96822211476182,Oral Sokak
29.13646173041303,41.01784190340816,29.13765026925739,41.018742096552316,Ihlamurkuyu
29.050609591220113,41.04031161019887,29.05197470690743,41.04127188914073,Atasoy Sokak
28.945628197178586,41.068903988135006,28.94701080111891,41.06987601122667,Silahtar
29.116057571742573,41.031552877669725,29.117251429474187,41.03262312227686,Saray Mahallesi Muhtarliği
29.057483246102066,40.98324475895706,29.06004214263069,40.986137442408925,Dr. Erkin Caddesi
28.828590216003303,41.043709301613355,28.831562887068515,41.04725606605073,Ateştuğla
29.08193552568575,41.09061224089607,29.08309447760466,41.09152875883513,Otağtepe Caddesi
29.256629548210384,41.01756583531576,29.25815334728874,41.01852196499059,Veysel Karani Caddesi
28.865222277619324,41.05721483186266,28.866411722092376,41.058115168098794,Gayret Sokak
29.017421673418422,41.07100222964859,29.01864032238539,41.07239477028663,Beltaş
29.117732228045767,40.98272954063955,29.11893467106025,40.983753858981444,Kılıç Reis Sokak
29.12897537526852,40.92610437886147,29.13030632640132,40.927474020463336,Kaptan Sokak
29.07607270703312,41.075282738738096,29.07733529591603,41.0761702611779,Baruthane
29.163548286863993,40.924680921535774,29.164742613340515,40.92567427837213,50.Yıl Besim Kadırgan İlkokulu
29.048519614632927,41.027004878821494,29.049708385050916,41.02790512113932,Tunuslu Mahmut Paşa
29.14210589406926,41.11499586981489,29.143334108389826,41.115879129667704,Acarkent C1 Kapısı
29.032863565405243,41.02325202508809,29.034061233845815,41.02427937486848,Üsküdar Belediyesi Bağlarbaşı Kongre Ve Kültür Merkezi
29.170222570490914,41.00271355723246,29.171668628159395,41.00372264209813,Nato Yolu Caddesi
29.23229507295792,40.98049460619873,29.23410712637174,40.981405893946096,Sardunya Evleri
29.045982611436298,40.90455056851944,29.04716918824955,40.90545083144143,Plajlar Bölgesi
29.144368864284235,40.981001302850736,29.145556735385473,40.98190149710972,Uslu Caddesi
28.987276510543612,41.10117989673108,28.99011799471303,41.10230250449786,Ali Sami Yen Spor Kompleksi
29.132846930630503,40.9619509979709,29.134034469041243,40.96285120198961,Atatürk Eğitim Fakültesi
29.1160900928295,40.867872807660305,29.11804016375877,40.870010185911106,Müjde Sokak
28.79525195888822,41.03616520236885,28.79663904146676,41.03707179761804,Ömrüm Sokak
28.91022662902697,41.019876840620725,28.911415370678252,41.020777159340604,Mithatpaşa
28.920158156439477,41.0743132132135,28.921817847818208,41.075296587264084,Pınar Cami
28.919670995987282,41.047873720204564,28.921160102844528,41.04878997989861,Rami
29.282332026162564,40.95843175066997,29.283820975029208,40.95935324940827,Kendirli Sokak
29.10048317544087,40.95688937023638,29.10176722819963,40.9583503294849,Konak Sokak
29.033859093806306,41.11790077252139,29.03516391077223,41.11900022746139,Pınarüstü
28.988433283705028,41.09520513608789,28.989630117174556,41.09620866364561,İtfaiye
28.76043235840732,41.036868124350406,28.762383580864828,41.03992445015905,Nükleer Araştırma Merkezi
28.721005968115737,40.982439958691124,28.723764624703087,40.98642398036782,Çarşı
29.216700532006033,40.88991287126912,29.218020166184292,40.89092902873095,Cumhuriyet
28.819612429842913,41.05734381635507,28.82093957244835,41.0587461830994,Altınbaş Üniversitesi
29.242130957371693,40.92144917153527,29.243323041850676,40.92245782842856,Dağ Çileği Sokak
29.12603774745672,40.920474091493936,29.12787994373744,40.92282970702079,Maltepe Sahil
29.08276439886518,40.98565978531094,29.083952400813946,40.986560014649754,Belediye Evleri
28.823651866624502,41.037383329974396,28.825089046878066,41.03868295664924,15 Temmuz Mahallesi
29.103561843650105,41.00382929271987,29.10475015602557,41.00472950724073,İstanbul Finans Merkezi Okulları
28.799474663540245,41.07347386178125,28.800909331432134,41.07517743769222,Organize Sanayi Ptt
28.898519044360345,41.051884327633154,28.89999195749287,41.05287067158192,Kocatepe Mahallesi
29.223872228934972,40.91021140046855,29.22506707047809,40.911210099326105,Turna Caddesi;Turna Sokak
28.91665808784407,41.017832798301185,28.922363105202432,41.02031652186268,Topkapı
29.026090103268253,41.08515402706905,29.027416894522894,41.08652497252446,Budin Sokak
29.05866511126393,40.97140440267539,29.061937955674043,40.97251254529718,Göztepe
29.087026538280597,41.10649720097929,29.08901347298567,41.10834979964477,Dedeoğlu Köprüsü
29.101194872283983,40.99055033812167,29.10335252916166,40.99150956209717,Adalet Sitesi
29.074853514931952,41.03918488724123,29.076042484747667,41.04008511271949,Şehit İbrahim Turan Camii
28.842858570792696,41.13356247011474,28.844273155943018,41.13453178466912,Kanuni Sultan Süleyman Camii
29.231607457730878,41.03482184220615,29.232955544603325,41.03587615780825,Fabrikalar
29.092475413657937,40.95975212424897,29.094763965252287,40.96155685544069,Şenesenevler
29.303514744668767,40.938870354136604,29.304897154220907,40.93990884582692,Tanay Sokak
29.110359037174643,41.007451819887876,29.113979455897404,41.00930457410618,Erkut Soyak Anadolu Lisesi
29.051848580943457,41.013049988406046,29.05314262076854,41.01395261159063,Rauf Paşa Hanı Sokak
28.970733291345088,41.09451958917887,28.973759814882282,41.09694665928099,Genç Sokak
29.024310767728988,41.13405297306805,29.025918243488412,41.13575702743306,Fatih Ormanı
29.100862735998085,41.03680966644014,29.102380270454578,41.038147333787514,Melekler Sokak
29.10151159941183,40.9752448898889,29.10269940026455,40.976145110071734,Çayır Caddesi
28.950122000696872,41.09119885679759,28.951311999001316,41.092099143163544,15 Temmuz Şehitler Caddesi
29.069810933012665,41.036964385630334,29.07099986666776,41.037864614330395,Duru Sokak
29.112514501293674,40.84124938258912,29.11369989838285,40.8421496173715,Seyir Duraği 2
29.055383036174202,40.980355877105,29.056570963509206,40.981256122855804,Trafik Amirliği
29.039447502526336,40.97229827198747,29.04063529715962,40.9731985279734,Münir Nürettin Selçuk Caddesi
29.07341361121776,40.98553020908589,29.075663402349193,40.98706091769289,Merdivenköy
28.841076820545887,41.03066257368844,28.84617539242788,41.0330844837035,Kirazlı Metro
28.984121532742286,41.04011376617336,28.98612033374854,41.041500693290864,Abdülhak Hamit Caddesi
28.897655394572972,41.084893124565106,28.898861104371235,41.08592137497372,Gaziosmanpaşa Eğitim Ve Araştırma Hastanesi
29.272645129854393,40.94188046549527,29.27393586759596,40.94279153373892,Nazmi Sokak
28.9307630172571,40.999222016416844,28.93239028837995,41.0005786837727,Gençosman
28.947003633296916,41.077316347268834,28.952097906283004,41.080865220246565,Alibeyköy Metro
29.193408282624237,40.9937507945434,29.194716119021113,40.99508690490437,Sivat Caddesi
28.980993658816,41.00400489084622,28.984529419263705,41.00641754869807,Akbıyık
28.848038326749286,41.01832189707442,28.849427670489682,41.01925610187024,Hasan Doğan Spor Kompleksi
29.265374352750538,40.9822957699019,29.26673764973348,40.98320923016418,Hal
28.874320312770244,41.05244493688346,28.875625688549373,41.05339006280238,Atışalanı Caddesi
29.254268863471793,40.87481177886194,29.25545634016026,40.87590784935978,Bademlik Gülbeden Hatun Camii
28.99386963003961,41.08424185157296,28.995249468977523,41.085234348000576,İkizler
28.992009525244097,41.05826954751134,28.993326474374093,41.05951745177982,19 Mayis Mahallesi
29.26182285154266,40.891902887975064,29.263255150216885,40.89299811196635,Pendik Belediyesi Hizmet Binası
29.05309295878841,40.87774481425392,29.05505634829099,40.8793433858788,Kalpazankaya Sahili
29.26415713754521,40.9956756054822,29.265483861720366,40.99665139424111,Sümbül Efendi Sokak
28.911010596279795,41.01242464024299,28.91219920342541,41.01332495971832,
28.798198690120756,41.008883811193144,28.79938730960186,41.00978418876858,Yeldeğirmeni
29.146787489554015,40.93364389985693,29.14797451011599,40.93454410010353,Zümrütevler Merkez Camii
28.877582154740622,41.04591923200974,28.87879384515683,41.046976767761066,Fevzi Çakmak Mahallesi
29.22582926933104,40.96178521507525,29.22709902977863,40.96268798490603,Rüzgarlı Sokak
29.040047617152446,40.99442320265706,29.041461382523018,40.995449797000944,Hasanpaşa
29.21049650789147,40.974998995764174,29.21238019596298,40.97600660483332,Büyükbakkalköy Dörtyol
29.25630237129721,40.92432521167177,29.257494129625105,40.92532418806453,Şahintepe
28.912389185786964,41.06920384505332,28.913578813917315,41.07010415490797,Fevzi Çakmak Mahallesi
28.899826917027998,40.987413835353614,28.90101508267924,40.98831416460776,Şehit Tuncay Tarim
28.91331354299957,41.02956314219102,28.914502456705055,41.030463457770296,Maltepe Hastanesi
28.805986856675375,41.08978488299649,28.807311245434633,41.090691217020996,Sokullu Caddesi
29.14574466120691,41.125787414596466,29.146935138460574,41.12668758536393,Radar Altı
28.80984080184386,41.09732677483429,28.811222198036713,41.098340225012734,Söğüt Sokak
29.16256899992677,40.94934619380154,29.165365159880434,40.951160045247555,Barbaros Hayrettinpaşa Ortaokulu
29.019425910495052,41.10512808461272,29.020743189590462,41.10603061535241,Şok Market
28.911762450277752,41.083104484115616,28.91336638885226,41.08543702237176,Kazım Karabekir
29.21777268618285,41.03468807691545,29.219513110324268,41.03566092358087,Valide Sultan Sokak
29.03455341332132,41.1460323035404,29.03647958956767,41.14740269591392,Merkez Camii
29.270281483549514,41.01028365036243,29.271485612182992,41.011278549318874,Öztepe Caddesi
29.285939112809697,40.89538962753035,29.287276889104128,40.89642837246924,Ramazanoğlu Mahallesi
28.990939699958965,41.048517664514385,28.99212889973346,41.04941793544663,Maçka Demokrasi Parkı
28.90490470258069,41.07059875981432,28.906339296166394,41.0715132402661,Küçükköy İstanbul Caddesi
28.890729005663108,41.021795487441246,28.892077195665983,41.02282501252335,Yabanc Diller Okulu
28.933440147395963,41.07427915101749,28.934629852305008,41.07517944894373,Karadolap Mahallesi
28.77603353041674,40.99933980619939,28.77730947141864,41.00026019339429,Cumhuriyet Mahallesi
28.8821204094238,41.10309432494045,28.883318591086383,41.10409467489891,2419.sokak
29.102783511236918,40.98911096987391,29.105364710883524,40.991562990902914,Ataşehir Ağız Ve Diş Sağlığı Hastanesi
28.951375099837712,41.01483839456776,28.953876340260422,41.01645719253851,Fatih İtfaiye - Şehit Taner Çebi
29.190005910408406,40.905921474606814,29.191280788481045,40.906865525126406,Köy Hizmetleri
28.8094248699952,41.11071123787799,28.810660130146665,41.11183476177223,Başakpazar
29.1865209637491,40.99714730496286,29.187769140523837,40.99819089493608,Aşık Mahzuni Şerif Caddesi
29.038442099557173,41.11135611281791,29.040535292105982,41.11315910812174,Poligon
29.18160187137369,40.981278101019264,29.182848133919283,40.98237489885286,Mustafa Öncel İlkokulu
28.880309128316252,41.04100763728891,28.882612868706484,41.04199936343106,12.Sokak
28.894419152010986,41.078888886327526,28.895620650758477,41.08013311360191,Kavaklar
29.23291403142831,40.972118481234396,29.234165566283437,40.973091118689645,Reis Sokak
28.78265530257493,41.016283753535255,28.784414686547684,41.01800224701948,Huzur Caddesi
29.263294032888165,41.0154320943857,29.26454226745812,41.01633370559073,Süleymaniye Caddesi
29.051655681738815,40.9922781395887,29.0528649190917,40.99337476029126,Şehit Çağlar Mengü
28.95370024719302,41.01412602462972,28.955150553616036,41.0151425749317,İstanbul Büyükşehir Belediyesi
29.09907483818387,41.01330110372235,29.10105724845051,41.01453097807029,Şehit Lokman Oktay
28.86351962909263,41.01808982836109,28.864708370619823,41.018990171600386,Vural Sokak
29.29177556901288,40.93709780086985,29.292999429796964,40.93816719839048,İSKİ Tesisleri
28.840252189712896,41.018778346635536,28.841463810340212,41.01983265318721,Şehit Ferit Demir
28.941836871946485,41.14319487469846,28.943240128483506,41.14423412511663,Aziz Paşa Mesire Yeri
29.125168048239395,40.87018088853988,29.126353951434805,40.8710811114207,Kadıyoran 2
28.898309637546863,41.032644744586754,28.89998186269746,41.03380065472892,Uluğbey İlkokulu
28.88900771874694,41.00907983423192,28.890196280961693,41.00998016572949,Ulaşim Daire Başkanliği
29.252128590020455,40.96775693556652,29.256333337518093,40.970129737158636,Dumlupınar
29.077394440324937,41.02707506550639,29.07878826132619,41.02851303348383,Abdipaşa Ara Sokağı
29.063788554307447,41.04458172150009,29.064958548454257,41.04543597796052,Dumankaya Çıkmazı
28.866898656554902,41.04832181458187,28.868249343629007,41.04932818526585,Şehit Hüseyin Kısa
29.14464988069355,41.119603684859186,29.145935216679174,41.12050101505507,Acarkent C Kapısı
28.777472912124875,41.04099275530992,28.778867095734356,41.04235024481402,Lale Şehir
29.152688840434546,41.0102279343331,29.153880860146717,41.01123196561716,Uzman Sokak
28.77353641172875,41.049504531846885,28.77506318762359,41.05041406822062,Okul Bölgesi
28.77276521509687,41.05943364240185,28.774433882604,41.06037865790381,Atakent
28.820323994568067,41.039889596550715,28.82209182277545,41.04124349163665,Yaşar Acar Camii
29.192059427865818,40.95821882960406,29.193231770219832,40.95918396977774,Mühendislik Ve İşletme Fakülteleri
29.228637785785644,40.92233151104392,29.230042814763852,40.92333818865558,Yasemin Sokak
28.988589261861165,41.05265486419536,28.989778537831583,41.053555135765684,Rumeli Caddesi
28.816250768233207,41.000847815050285,28.817439231486727,41.001748184911364,Kuyumcukent Çarşı
29.051804605237834,41.12524882034881,29.05388939124822,41.126682179173805,Okul
29.05253900128723,41.095261885301625,29.053728998395073,41.09616211465914,Baltalimanı Kemik Hastalıkları Eğitim Ve Araştırma Hastanesi
29.102622208890956,40.9630812892576,29.103809790785427,40.96398151070303,Tariki Has Sokak
29.284751197744765,40.913043673928954,29.28600980516339,40.91404632602944,Hayati Üstün Caddesi
29.094487186383162,41.10514059017939,29.095745111331567,41.106420009673805,Kiremitdere Cami
29.064900645431926,40.97722831514177,29.067119081368613,40.97903935781598,Tütüncü Mehmet Efendi Camii
28.886788464704516,40.99186379652196,28.88838453636168,40.99301820311134,Siteler
29.10308608282156,40.97716159049415,29.104273916854552,40.978061809466475,Ataşehir Hal
29.096652464606333,41.11717141146607,29.098246540202194,41.11846858866229,Beykoz Devlet Hastanesi
29.2646207351412,40.9027329084956,29.265892966521946,40.90371729149098,Atatürk Caddesi̇
29.156869961166073,40.911709453745885,29.15807103440719,40.91271254592322,Meteoroloji Müdürlüğü
29.0872185095374,41.13552379158169,29.088412492296353,41.13665020836543,Yalıköy
28.871970760158863,41.028670086932365,28.873320943465234,41.02976601310458,Doğanbey Caddesi
29.099394864516718,41.001328891319936,29.100583135159642,41.00222910864071,Hisarkent Sitesi
28.863632414796875,41.00211676698204,28.865548590533404,41.00316323386675,Huzurevi
29.215786358817194,40.898230754132,29.216958342573452,40.89918254559616,Arkoz Sokak
29.107392486569793,41.039330652764086,29.108652512578622,41.040270347052406,Kumral Sokak
29.14178910371322,40.97991990200594,29.143106896371645,40.98089789788759,Erdem Sitesi
29.138333867945153,40.93515630001831,29.141795335801856,40.937666285736675,Çilek Sokak
28.962280228669826,41.08230492487827,28.963712474306725,41.083876374160816,Nurtepe Yolu
29.12058022073753,40.962526894428635,29.121767778936096,40.96342710553191,Haydar Aliyev Öğr.Yurdu
28.79047219430569,41.05760297766311,28.791779510316484,41.058707322318874,İETT İkitelli Garajı
29.047254828702332,41.01941605239264,29.0489367662789,41.02075184777721,Hafize Özal Ortaokulu
29.10058289525139,41.00545456781896,29.10177430385417,41.00645943214395,3008. Cadde
29.2021586367749,40.91648232740252,29.20334836386965,40.91746507244892,Mi̇llet Caddesi̇
29.09207003405617,41.15198330260247,29.09418496460552,41.15291669772854,Beykoz Boğaziçi Anadolu İmam Hatip Lisesi
28.980231772881773,41.10158155669655,28.981540026226956,41.102570143279586,Hasdal Viyadük Altı
29.29073828918562,40.950469482932505,29.292166506592185,40.95163161715205,Gençlik Caddesi
29.216289116086948,41.01548538189552,29.218596308735354,41.01675153183494,Sultangazi Caddesi
29.181425021593597,40.91485417523919,29.182699272905168,40.91644652465058,Anadolu Adalet Sarayı
29.16065010484447,41.06050818216664,29.161898392890865,41.06141321728585,Baklacı Merkez
29.113930942842117,40.96423375331931,29.11519095563454,40.965162346344094,Alanaldı Caddesi
29.087407339054486,41.01139844064665,29.088628658145353,41.01235555918807,Açan Sokak
28.84775844956147,41.13340268677941,28.849097154304506,41.134309213242304,Cebeci Mezarlığı
28.80479332997151,41.0491648159826,28.805982669749625,41.05006518397907,Ulubatlı Hasan Parkı
29.10817860592747,41.131251062502514,29.109486092735533,41.132246237486996,Yayla Yolu
28.75302411660989,41.05007250240751,28.754315881993524,41.05101649723377,Yeniyol
29.044130629924137,41.13537316037575,29.04556666760527,41.136335638594296,Huzur Mahallesi
29.032637521277113,41.01448717338454,29.033826078409337,41.015387426576325,Prof. Dr. Alaettin Yavaşça Sokak
29.23438782877235,41.01918472783846,29.235690767149446,41.02025237208472,Gençlik Caddesi
28.927126389568866,41.047149847216154,28.92831561013341,41.04805015274509,Eyüpsultan Engelliler Merkezi
29.03763141397922,41.14698579855573,29.039236585984977,41.147890201374324,Cumhuriyet Mahallesi
28.999361327647108,41.11073141635639,29.000726670113664,41.111678582856065,Ayazağa Caddesi
28.8076851170962,41.080738934607446,28.81022538707802,41.0824089640383,5.Cadde
29.252031232812374,40.90950733221616,29.253512857872778,40.91100646794716,Velibaba İlkokulu
29.220759466562633,40.889154857032985,29.221949032698713,40.89014794293185,Turgutpaşa Cami̇i̇
28.915094130401524,41.071621579439054,28.91678039522017,41.07336411551919,Yeşilpınar
28.96197419818299,41.06719062415594,28.96430380458436,41.06819837638013,Sadabad Osmanlı Arşivi
29.27761077128843,40.912214553033614,29.278842229308875,40.91336144668842,Fatma Gözen Eralp İlkokulu
29.159944461493314,41.002839570438354,29.161435530688735,41.00422942973879,İmes A Kapısı
29.1476645981734,41.12589759928228,29.14964859821492,41.12689240140891,Zerzevat Yolu
28.924983832978516,41.057644256506975,28.926376164878462,41.05871374351122,Tepebaşı
29.16299734205927,40.935162842132364,29.16420845938476,40.9360667576826,Gülensu İlkokulu
29.215273457162834,41.00237243360401,29.217543247274794,41.00427115120196,Prof. Dr. Feriha Öz Şehir Hastanesi
29.20674261150062,41.00610324772185,29.207941388874236,41.007131752189046,Balkan Sokak
28.969017255959027,41.06363185972947,28.970206743736593,41.06453214023161,Okmeydanı Dereyolu
29.11563388403169,40.98443641157949,29.117206782965255,40.985502064426505,Dilek Sabancı Mesleki Ve Teknik Anadolu Lisesi
29.143723261822384,41.00620207593027,29.145654733983676,41.0072089248148,Erol Sokağı
28.855324242029763,41.033254174093045,28.858204054137214,41.03662907634737,Bağcılar Meydan
29.022275419972203,41.092177181497874,29.023472579002192,41.09321581846197,Karanfil Altı
29.11411271914386,41.091224747781105,29.115417282981156,41.09212725221898,Çamlıktepe
28.85147627832049,41.05662182830328,28.852665721393354,41.05752217165821,6.Sokak
29.027838568437737,41.1421608820469,29.029029431247753,41.143061117913945,Hacıosman Bayırı Caddesi
28.9399763266411,41.063427174685344,28.943702484288927,41.065455584753344,Silahtarağa Mahallesi
28.925343728684226,41.07593608643824,28.9268375709386,41.077007913307625,Cumhuriyet Ortaokulu
29.162317938113897,41.106919918027074,29.163508061551273,41.10782008193328,Meral Sokak
29.02413003485984,41.11284952810049,29.025522966217697,41.114245470773355,Sarıyer Belediyesi
29.24486174005162,40.92183652598798,29.24605736009536,40.92284597391905,Coşkun Sokak
29.177684686774864,40.89755556036942,29.179268313800957,40.89847243965188,Kumru Sokak
28.982226138336642,41.08266941500355,28.984085862894037,41.0836105851494,Kağıthane Anadolu Lisesi
29.218847470579888,40.93414033506776,29.220224627484907,40.93510386421555,Güzelevler
29.179536720087945,40.88709117928444,29.180695177897302,40.8880249202031,Ata Sokak
28.766690525211057,41.02131595437562,28.768239579886934,41.02260204578436,TCDD Lojmanları
29.114930681440537,41.04175371775583,29.11617631459839,41.042770282054605,Hacegan Ormanı
29.295671776603484,40.932437976732004,29.29689032270375,40.933507522792745,Balaban
28.803320850448696,41.10229881978077,28.80451114927204,41.10319918018089,Güvenevler Sitesi
28.96625344915215,41.04206685729231,28.96744255054416,41.0429671426688,Piyalepaşa Bulvari
29.122602436861467,41.12362854047048,29.124630867095803,41.124753392407754,Karlıtepe İlkokulu
28.829251405971352,41.0305045206323,28.830440393746215,41.0314048793293,
29.259619821872676,40.963115864190044,29.260825779030476,40.964149935428864,Ferah Caddesi Girişi
29.023541018932608,41.01320195465618,29.02691671598053,41.0166658230709,Zeynep Kamil Hastanesi
28.95305279888071,41.02702575511425,28.955782486394256,41.029205054815186,Ayakapı
28.844418772767355,41.11981578788929,28.84681822716008,41.12119021016357,Mescid-i Selam Camii
29.235409129796523,40.967328636899374,29.23669487237525,40.968240662571304,Aydos Evleri
29.070980475706943,41.04338188646596,29.07216952397321,41.04428211349476,Büyük Namazgah
29.11106042712997,40.95785643136147,29.1123229648543,40.959691968538685,Altıntepe
29.07849702124465,40.960682282134314,29.079684578435465,40.961582517826386,Mücahit Sokak
28.972746690818695,41.08507257340641,28.974078715223655,41.086270926610204,Bağlar Caddesi
29.20533009657507,40.98008292100978,29.206517903085288,40.98098307895042,Samandıra Caddesi
28.83741432083266,41.13011956128633,28.83868468222653,41.13100843863195,A-1 Caddesi
29.176801731682236,41.044502394814245,29.178007755367073,41.04683260505554,Benzinlik
29.30442317637404,40.95386564191867,29.30556982570085,40.95478435763641,Yuvacık Sokak
29.28520733868305,40.90046359895489,29.28651555939398,40.90140210047884,Şeyhli Yolu
29.142871531760147,40.91705770941771,29.14426376231258,40.9182793906157,Orhangazi
29.209280628183773,40.927279091268964,29.21053616659114,40.92836850850043,Yarenler
29.288181232046654,40.90017567156678,29.289469169899682,40.90117822842734,Fabrikalar
29.079744465400594,41.00040068560094,29.0809327342788,41.00130091435978,Bestekar Amir Ateş Caddesi
29.22194004975287,40.907187701075955,29.22329164751124,40.9081117979445,İsmai̇l Dede Caddesi̇
29.17883400411602,40.98499570712096,29.180405087065797,40.987203686344486,Ferhatpaşa Mahalle Muhtarlığı
29.219044628465912,40.99663883560317,29.220512167300768,40.99758026460121,Altınordu Caddesi - Şehit Can yılmaz
29.19456550048927,41.00714272828619,29.19601689934541,41.00818947148507,Ören Sokak
29.205249913197083,40.972711048143644,29.207149285583952,40.97452769694885,Mezarlık Sokak
28.92387648545798,41.02079075732341,28.92648918146967,41.0236048520402,Topkapı Alt Geçit
28.785448460691075,41.06829380376028,28.78691654011432,41.06937719602392,Elektrik Kurumu
29.08045886444264,41.00274105877593,29.082311937277304,41.00403264054711,Prof.Ali Nihat Tarlan
29.028273310846327,40.98893970204948,29.030455929185884,40.99116834200964,Altıyol
28.936398036914117,41.06200913667636,28.93767925869237,41.06307296319266,Karadeniz Caddesi
29.080412079592406,41.02426957233756,29.08189091924535,41.0252974269831,Gümüşsu
28.846088715363454,41.02321689058373,28.849596821223727,41.02852655892341,Molla Gürani Parkı
29.10581874859887,41.00626477114215,29.108749454443313,41.00817422682168,Çakmak Polis Amirliği
28.908849925842674,41.09881808379326,28.910144277487905,41.09971261615999,Kazım Karabekir Caddesi
28.95886752198689,41.008299676006885,28.96058569952379,41.010100651760666,Nişanca
29.160758620840713,40.927705877237244,29.162179073950476,40.92941402231272,Çeşmebaşı Yokuşu
29.103264761336888,41.0228858581753,29.105093444203,41.02392444262512,75. Yıl Cumhuriyet Ticari Meslek Lisesi
29.147325260953153,41.11328825598068,29.148679028861174,41.11540174385027,Görele İlkokulu
29.029629824556974,41.06618330773759,29.031015176023054,41.06721769211951,Ulus Mahallesi
28.86921487818784,40.993609703394355,28.870635115611723,40.99540329620415,İncirli
29.16569584046289,40.89522190245618,29.16688215920475,40.89612209750421,Trabzonspor
28.958346980969566,41.01992813653528,28.96000802060779,41.02086686363695,Unkapanı
29.084537049056664,40.95783318364013,29.085724550622565,40.95873341632058,Tan Sokak
28.830600825884414,40.99495681818733,28.831789173833375,40.995857181774255,İhlas Koleji
29.152882043070335,40.911973785137235,29.154206056035086,40.91294531455444,Cevizli
29.05266557885458,40.90847367070988,29.053852220830194,40.90937392925094,Kilise
28.961081259162427,41.0629618575325,28.96227074053442,41.063862142428626,Bilal Habeşi Camii
29.034379697505916,41.006697316952575,29.035581303061413,41.007748682953554,Koşuyolu Caddesi
29.102320189076462,41.011965112374725,29.104824139086656,41.0136507620434,Gençosman
29.01222654429053,41.04302523627314,29.01413665492005,41.04394106390527,Çırağan
29.18206881910796,40.978938436963226,29.183389183971762,40.97984156304617,Gazi Caddesi
29.02610109582959,40.98364426914509,29.027289103858276,40.98454453081581,Moda İlkokulu
29.0973741611953,41.00801432831907,29.09945970200553,41.009522208101394,30 Ağustos Kız Mesleki ve Teknik Anadolu Lisesi
28.770797525434364,41.00061590152351,28.772117480337773,41.00179209847027,Soğuksu
29.125201537313846,41.13935483991285,29.126395461479543,41.14038916004771,Cevizlidere
29.308472121053708,40.93761573942813,29.309684879137762,40.93867466035601,Reyhan Caddesi
29.140976535249177,40.928284897724346,29.14216346442179,40.929185102236154,Feyzullah Caddesi
29.16723604593869,41.019295888998755,29.16855895159117,41.020220510206016,Hamza Yerlikaya Bulvarı
29.23216508514843,40.98256082939084,29.233352914507773,40.98346097056925,Samandıra Metro
29.121926665979267,41.02438489966497,29.123115333693306,41.02528510029558,Şiir Sokak
29.17727738160082,40.99496724096738,29.1786901635519,40.997005516490134,Dosem Kavşağı
29.28463776029329,40.955601659226936,29.285950839782775,40.95658644064926,Hamidiye Mahallesi Muhtarlığı
29.17867058668312,40.91174358424928,29.18022340965792,40.91295741584472,Şehit Er Yıldıray Biroğlu İlkokulu
29.14725563569119,41.009299863245076,29.148472364121478,41.01037513658972,Tatlısu Öğrenci Yurdu
28.900457702211924,41.08589607920176,28.903728197338594,41.08846869228345,Avrupa Konutları
29.119301147729736,41.12433319817639,29.120707850059596,41.1254118018463,Mandıra Yolu
29.268032015385344,40.919561399491414,29.269417283352553,40.92060550048194,Meltem Sokak
29.16125860999828,41.03231091186831,29.16244738966813,41.03321108809207,Çamlıca Caddesi
29.1077752284587,40.98566609064528,29.109312671951294,40.986772008949615,Vedat Günyol Caddesi - Lösev
28.904876910433092,40.988342836747506,28.90606508927336,40.98924316321384,Yenidoğan
29.289070616281702,40.940928661114675,29.290275385853715,40.94186233879663,Karataş Sokak
28.919856948166274,40.996417255344596,28.92121405074811,40.997397744244566,Abdi İpekçi Spor Salonu
29.126208652494153,40.9992203031043,29.127679650451277,41.000886617373396,Elalmış Caddesi
29.235493917086778,41.030350792487475,29.236793078548267,41.0314272074164,Kuran Kursu Caddesi
29.073506383137282,41.09871008250407,29.074887619653527,41.0996269175814,Tekke Çayırı
29.194062542933246,41.02358328881215,29.195401063861873,41.02483681122636,Şahinbey Atatürk Caddesi
29.065143743481293,41.07546234081286,29.068026053607134,41.07692826822579,Şehit Murat Akdemir
29.118622826786346,41.11768835080717,29.119792174858397,41.1186336488477,Hançer Sokak
29.14543057587415,40.99646861776808,29.14708780979164,40.997681432658084,Nilüfer Dudullu Terminali
29.154922643332082,41.125950502065216,29.156227257536596,41.12694109789346,Akasyalık
28.997035092135285,41.11219351495314,28.998398913833743,41.113407585112185,Ayazağa İlkokulu
29.210035161756398,41.00645352450274,29.21122343790287,41.00735367545744,Namık Kemal Caddesi
29.192616769065747,40.90143658214839,29.193881234549917,40.90246841779917,Kartal Su Deposu
28.877255222070197,41.092728015819986,28.882021544167486,41.09588205986432,Sanko - Şehit Engin Açıkgöz
29.072816532249256,41.0371748865029,29.074005467430702,41.0380751134578,Çakmak Suyu
28.80459958297797,41.08632838089567,28.806623209868945,41.08742652036056,Borsa İstanbul Mesleki Ve Teknik Anadolu Lisesi
29.223648490518762,41.029876798470184,29.22502010705194,41.03131490097161,Atatürk Caddesi
29.053543810962314,41.03416798351426,29.05475438875825,41.03522631636788,Burhaniye Mahallesi
29.099394929961747,41.044727081151606,29.100666071273352,41.045659918614874,Pazaryeri
29.135862456645636,41.13914477719843,29.137053543222972,41.140131222762435,Yavuz Caddesi
29.213589972859733,40.957132622375646,29.214965025122563,40.95809237688443,Yunus Emre Camii
29.22315194567151,41.02401662032451,29.225260441367364,41.02548506469676,
29.02949221396159,40.99290527081591,29.030680385725635,40.99380552914498,Misakı Milli Sokak
29.165413752060896,40.938646305770924,29.166600847606176,40.939546494189464,Spor Tesisleri
29.12840819547073,40.92918423953677,29.130116416495845,40.9302280193416,Sidar Sokak
28.855701338616054,41.06551693512799,28.857282661603197,41.066426064844876,Yüzyıl
28.946091442779533,41.01032395218804,28.95035908928562,41.0128613096886,Aksaray
28.956641305050002,41.01261481777205,28.9580838952807,41.01367298196638,Şehzadebaşı
28.97056574503795,41.07528131396893,28.97179324995648,41.07676768595803,Kağıthane Caddesi
29.181091074506337,41.014881416424394,29.182279525157256,41.015781583535905,Kemerdere Köprülü Kavşak
29.16616592596708,40.94646068374705,29.16743117551995,40.947724415900545,Mimar Sinan Öğrenci Yurdu
29.059779557879708,41.01348106941181,29.06108733844053,41.01437963049394,Küçük Çamlıca;Küçükçamlıca
29.10813196241241,40.99378536198076,29.10958653921106,40.994887437927545,Cumhuriyet Parkı
28.90576582491091,41.10895204642896,28.906956174793898,41.10985235353232,A34-2 Zübeyde Hanım-Gaziosmanpaşa Minibüs Başdurağı
28.9723099134049,41.04754224737137,28.97350808541643,41.04860175258618,Kabristan
28.897841847308772,41.01908092907691,28.901040848697054,41.02155226172995,Davutpaşa
28.958383646081064,41.04327182995955,28.959628352510446,41.04447016987621,Konak Cami;Konak Camii
29.23963513658659,40.98755218296475,29.240935766639126,40.98859801703418,Mustafa.karaşahin İlkokulu
29.056105644066143,41.08735196244788,29.05759236079972,41.08912703658677,Rumeli Hisarı
29.088369991969756,41.04711917235346,29.089678009429203,41.0480628273115,Demirciler Caddesi
29.28288083528228,40.91388802635611,29.28449896493,40.914798673609624,Molla Gürani Camii
28.846434560955068,41.011480882074345,28.847940435619865,41.012423118163774,Kocasinan Polis Merkezi
29.214678799330898,40.94977565680625,29.21612570200594,40.95069534327036,Büyükbakkalköy Caddesi
29.20880389590627,40.89827403162037,29.210415200623494,40.899232568750456,Hakimiyet Caddesi
29.03076877412826,41.11304020564608,29.031967226630435,41.11404579411932,Osman Kabil Camii
29.090623092065,41.05174033454341,29.091855911436603,41.052736665346806,Aksoy Sokak
29.267647179392043,40.914571947323445,29.268838819528,40.91556805232873,Battalgazi Camii
28.791691796733378,41.1107958379863,28.79323220279884,41.11170216206433,A1 Yolu
28.977421960458187,41.070138197005164,28.978828939144485,41.07230858318066,Çağlayan Kavşağı
29.05487752651601,40.996741623742174,29.058443992382415,40.999646666181604,Uzunçayır Metrobüs
29.119623052108903,41.049492130546746,29.120880951170147,41.050375869348095,Kocatepe
29.051557754243028,41.05076171227417,29.052847036472112,41.05274408760647,Çengelköy
29.067419409746517,40.980789087377154,29.070408055943766,40.98201998398081,Göztepe
28.794514265104166,40.98335486045031,28.796002734947272,40.984426139159794,Harmanlar
29.129744854250564,40.968535816869654,29.130928146817304,40.9695061829055,Şahin Sokak
29.131764864592714,41.136338698610096,29.133152133546627,41.137307300689876,Spor Tesislei
29.018817630425477,41.01290366941079,29.020006169263116,41.013803930550125,Kapı Ağası
28.795513327582007,41.08704259635996,28.798267881186916,41.089697233439544,Fatih Sanayi Sitesi
29.15975281524843,41.007246167476374,29.161052684327597,41.008214132348826,Modoko B Kapısı
29.25069111061951,41.00563601612468,29.2521858877619,41.006653983015816,Osmangazi Caddesi
29.084472247462227,41.002467645523915,29.085747348649726,41.00350665435644,Ziya Paşa Caddesi
28.938508156617928,41.073453852302066,28.939697843082275,41.07435414765913,Kumru Merdiveni Sokak
29.064122932095042,41.02665011708455,29.065414067459827,41.02762188287602,Çamlıca İlkokulu
28.779434478285303,41.07814364087574,28.78063551740262,41.079137358802086,Toki Ayazma Camii
29.190897239541695,40.891388211645975,29.193574647635888,40.89355247350935,Cengiz Topel
28.977220609847173,41.07560742585887,28.97845038923625,41.07668857350296,Limon Sokak
29.08320168767401,41.15207566965106,29.084495313186967,41.153336329760414,Ayazma
28.899129961846363,41.09857993037392,28.90037803958046,41.099802069371435,Şair Abay Lisesi
29.126945250911344,40.99178457886814,29.129050829620862,40.993924358086964,Ataşehir
29.176765119069916,40.98689103165321,29.178270423185612,40.98804572972869,4. Sokak
29.186554444211023,41.02920020624654,29.187811256977646,41.030162493732135,Barış Yolu Caddesi
29.087084037054275,41.09273789493594,29.088273962622722,41.09363810502471,Özgür Caddesi
28.87558982358036,40.973662430272974,28.876805173243252,40.97495356966505,Bakırköy İDO İskelesi
29.19493142373231,40.91652525372277,29.196721570188327,40.917964746516866,Yahya Kemal Beyatlı Parkı
29.09759838554583,41.02987547417016,29.09976031199578,41.03108062325181,Ümraniye Eğitim Araştırma Hastanesi
29.16164286813984,40.94158126627885,29.16309312768128,40.94251873389656,Emek Caddesi
28.992257410651813,41.036820061263555,28.99385614566244,41.039245086068355,Teknik Üniversite
28.82443013997317,40.9597168138765,28.825617859745993,40.96061718608513,Çocuk Parkı
28.86871626055675,41.053934791535035,28.871061717734975,41.05669921003782,Esenler Kadın Doğum Hastanesi
29.100709881460336,41.11055090025469,29.101900118214306,41.11145109970589,Çiğdem Mahallesi
28.888160439209035,41.04013483644449,28.889349560499337,41.041035163516916,Hayat Tepe
29.121253994536506,40.95316148602111,29.122446706669397,40.95423231392484,Aydınevler
28.83936880913734,41.133067438149254,28.840535192585534,41.134005561498164,Habipler Anadolu Lisesi
29.058062215413365,41.07365616803281,29.059754785908765,41.07459183210948,Kandilli
28.95436130781101,41.05729585527952,28.95555069188694,41.05819614468163,Örnektepe Caddesi
29.07403450143241,41.040650887122425,29.075223498247315,41.0415511128383,Sağlık Ocağı
29.270130887579175,40.9027643351635,29.271408115078277,40.903775664820444,Yayalar Caddesi
29.29617243629103,40.955551334710606,29.297610163387308,40.956589964900395,Şehit İhsan Yıldız
29.168689242484863,41.01078524249372,29.16997675850705,41.01176775747781,Mobilyacılar Sitesi
28.76692362072153,40.99380544385176,28.768377377611774,40.99472555626104,Pazar Yolu
29.207878950026153,40.923410521480115,29.21097345612735,40.92458638002495,Şehit Aydın Çelik
29.039698189414633,41.02738461752558,29.041985009074434,41.02832568288018,İcadiye
29.12388562976624,40.96963188502662,29.125182970558974,40.97059511485797,Menekşeci Sokak
29.196070327583257,40.910388386449156,29.19737106821326,40.9118895133708,Kartal Sanayii
29.043539538336688,40.91262716846467,29.04472626134944,40.91352743149619,Külhan Sokak
29.031989794965906,41.12726648711968,29.03318520530139,41.12824551279685,Akgün Caddesi
29.076828333968813,40.99518450838326,29.078224666289476,40.99619549138518,Neyzen Salim Bey Sokak
29.13482209656165,40.97086922790814,29.136483899288795,40.97184517257101,Ataman Caddesi
28.992641841690155,41.1006240727587,28.997390306948827,41.104262037222,Seyrantepe
28.90011202904618,41.08611684316013,28.90130197065978,41.08701715680121,616.sokak
28.766330846742658,41.04430417351181,28.768483153933374,41.04523682654516,Ege Yakası
28.79606480385188,41.021974773688015,28.79737019732604,41.022880226315635,Halk Pazarı
29.12712731421762,41.00948613585796,29.128364381617835,41.01050486392053,Şehit Murat Filik Parkı
29.223536625066775,40.9033670081371,29.22547243492145,40.90454416342918,Tercan Sokak
28.878727157541572,41.087787247997966,28.879921842802954,41.088767751905046,Necip Fazil Caddesi
29.154096959628898,41.02709041245791,29.15537104065762,41.028041587456755,Selda Sokak
28.96898323383629,41.01689559108506,28.974858832846685,41.01884011798568,Eminönü
29.233827084740128,40.88168564671093,29.236656741876537,40.88389956868631,Adnan Menderes Bulvarı
29.27763015488184,40.96082330795587,29.280553144180647,40.96199044826407,Altınoluk Camii
29.262131884627955,40.8762528036928,29.263883408481956,40.877400053124845,Kaynarca
28.94571042562837,41.048376344348284,28.946954268685737,41.049951355566584,Halıcıoğlu
29.090066867916164,40.98623032248704,29.09166086652569,40.988212781135545,Yenisahra Mahallesi
29.13046509722158,41.138559257054666,29.131797902149916,41.13946374295435,Dörtevler
29.097481602958933,41.00042571854348,29.098803397310892,41.00169428053152,Ataşehir Yolu
28.927148067316594,41.03266980998695,28.931729296337572,41.03531801609297,Edirnekapı
29.033944766274377,41.13772379125107,29.035179734087663,41.13881960835025,Siteler Yolu
29.108845362342755,41.05978964916982,29.110055636374398,41.06082835020156,Ümraniye İzcilik Kampı
29.06083280764107,41.021168447035144,29.064298342870394,41.023132905423175,Kısıklı
29.16924397428924,40.93385530911748,29.170444822620677,40.93480289064799,Şehit Öğretmen Nevzat Akdemir
29.252048516517824,40.96631702709734,29.253466279044225,40.96748107297892,Dumlupınar Caddesi
28.982227812664775,41.0741996484542,28.983618588520706,41.07525155146803,Yunus Emre Cami
28.79589148771313,41.08467993659576,28.79754151658162,41.08598406345266,Atatürk Sanayi Sitesi
29.260883909950785,40.975227723711335,29.26208009327809,40.976182276123936,Adil Mahallesi
28.931502757252943,41.00643384518797,28.932691242449174,41.00733415477327,Ali Paşa Caddesi
29.123743096113326,41.01916523985861,29.12540800468804,41.02025805932532,Çakmak Merkez Camii
28.820096155049743,40.95787481264611,28.82128384467011,40.958775187315545,Çekmece Caddesi
29.121062608529932,41.01984287555444,29.12326191563148,41.02131047032149,Çakmak Köprüsü
29.113343427055902,40.86083498436249,29.114529172620227,40.86173521559813,Dilburnu
28.79171017803641,41.04431145320336,28.793249822310365,41.045414546382005,Halkalı Yolu
29.1656285238051,40.95136586943996,29.1668137727815,40.952308830256264,Narcity E Kapısı
28.874244002686268,41.08805563659881,28.87543399702367,41.08895596336263,Mimar Sinan Kız Anadolu İmam Hatip Lisesi
28.908342169295384,41.0708778441213,28.909531830409513,41.07177815584,774.Sokak
28.883776160076152,41.070961837722514,28.884965839632528,41.07186216223888,Turna Sokak
29.145651579051705,40.93476799960968,29.146838620618464,40.93566820035078,Narlıdere Camii
29.04343957961787,41.003281283316966,29.044909419121236,41.004197716785086,Kadıköy Ahmet Sani Gezici Kız Anadolu İmam Hatip Lisesi
28.830185712415037,41.007574819071195,28.831374287302662,41.0084751808904,Fatih Caddesi
29.147407612387937,41.10987307038195,29.148666887333377,41.110821829584,Mehmet Uçar Sokak
28.873835843083246,40.994659829176975,28.8750241566279,40.99556017078448,Bakırköy Metro
29.186078482550677,40.88633183220229,29.18764872790199,40.887974468241964,Kartal Sahil
29.26053928350135,40.96767210089483,29.263386103119235,40.96922049701029,Çiftlik
29.074622566292582,41.10630990129375,29.07722743595884,41.107311099142755,Hidrografi Dairesi Başkanlığı
28.9773321384175,41.09746814148743,28.978878357697234,41.098684358619096,İstanbul Atlas Üniversitesi
28.797616584348074,41.01132405048479,28.798856417043485,41.01253094929184,Kazım Bektaş Camii
29.09082263443459,40.959730485593155,29.09201016524365,40.96063071436752,Turşucu Dere Durağı
29.237820534168275,41.029817838566714,29.239246463827193,41.03090316144291,Kevser Camii
29.254027730362406,41.02197244705611,29.25522726901146,41.02300155289611,Varlık Sokak
29.08668496863668,41.03377627924929,29.088237037311874,41.03510672096492,Mavera Caddesi
29.096005096191305,40.87476498043442,29.097191103487294,40.87566521952626,Bahariye Bayırı
29.06598198901879,41.08675262698182,29.067253013079497,41.088063372709016,Dolaybağı
29.165657426293443,40.984098794721746,29.16717986959879,40.9854989298533,Yedpa
29.205192147503745,40.88311165021005,29.206451857612667,40.884211349697836,Kumcular
29.02385633295524,41.01612151242042,29.025041265340437,41.017108886972665,Divitçiler Camii
29.009080087070085,41.064801962789076,29.015860519048,41.07056090056173,Zincirlikuyu
29.28471357253546,40.91731983919657,29.286586348532495,40.92081849661154,Ugetam
29.052086648705497,40.90886426313859,29.05579591483553,40.91150599974607,Tekinay 1
29.238278552455395,41.00318146939423,29.239686349458463,41.004143029932784,Gazi Caddesi
29.09738746185796,41.121136933165836,29.099346668876443,41.123458454901055,Saip Molla Caddesi - Şişecam
28.98425398893341,41.04718955380686,28.98595002300317,41.04898654680979,Dolapdere
28.983150897684737,41.07101723559477,28.984395099516348,41.07199376428543,Şimşir
28.92874775527103,41.04870257447141,28.929995946677828,41.049964925306824,Tahta Minare
28.949588654364153,41.0858163982902,28.951740345393496,41.08711910028793,Fatih Sultan Mehmet Bulvarı
28.773595842123974,40.994775331897756,28.776466870135412,40.99671308127173,Tepe Üstü
29.250820435510914,40.887162851659525,29.252094566551317,40.888157148327686,Trabzon Caddesi̇
29.117445526558352,41.08938945784683,29.12001646411335,41.09061854434901,Fidanlık
28.93068631008677,40.99489317814386,28.932298284644965,40.995879022348326,Narlıkapı
29.26071210860084,40.88668915183523,29.263316763292597,40.88993458070607,Marmara Üniversitesi Hastanesi
29.08676202548056,41.01387488240525,29.08796717099832,41.01474041727138,Tufan Sokak
29.023998548021385,41.049786669198966,29.02693599587141,41.05161275774732,Zübeyde Hanım Mesleki Ve Teknik Anadolu Lisesi
29.189472069839965,40.95927076184628,29.191732676964698,40.96056088100658,Marmara Eğitim Köyü
28.88728800192227,41.02574973840414,28.88849009518594,41.02698556154203,Spor Kompleksi
29.203235209837917,40.96280244295158,29.204612690685497,40.963832756904374,Maltepe Cezaevi
29.138864692073643,40.94274438310167,29.140127605469626,40.943730816831255,Girne Aile Sağlık Merkezi
29.108706841408974,41.00905075236684,29.11000275890612,41.01028824688945,Evtaş Blokları
28.87889623552667,41.07608495728951,28.880307164382614,41.07711534242463,Gazi Ahmet Muhtarpaşa
28.976825162857594,41.11131278388132,28.978050833474725,41.11229921589941,Süt Fabrikası
28.77870671142615,41.06602373890227,28.779881284695403,41.066973260729,Kanuni Sultan Süleyman Öğrenci Yurdu
29.205419155183396,40.889113010954915,29.206619643714077,40.890186488997735,Yunus Garajı
29.11218693468574,41.036053298125076,29.113641066240966,41.03706670140483,Ümraniye Evlendirme Dairesi
28.83336443357836,41.036064589543535,28.834779569617805,41.037190410507534,Kirazlı İlkokulu
29.216479468938907,40.911712872252615,29.21781452806533,40.91262012668312,İhsan Zakiroğlu Ortaokulu
28.82688667713039,41.02136241169414,28.82957603837883,41.02368776459232,Bağlar Mahallesi
29.295373966722593,40.958232211959185,29.297126620718622,40.959691032400855,Uzundere
28.974420036378376,41.09197060561639,28.975846361632996,41.09294859355523,Ekrem Cevahir Anadolu İmam Hatip Lisesi
29.074869101212865,40.96276488126134,29.076056698467774,40.96366511869939,Şaşkınbakkal
29.071543944852777,40.964023621304605,29.073271155421022,40.96520427790514,Kantarcı
29.02773816838592,41.12770639133459,29.02908033423789,41.128619007857765,Akar Sokak
29.27541937786113,40.913715195683466,29.276704621873623,40.91467880418265,Mevlana Caddesi
29.031779649815977,40.99716327751972,29.033643349016977,40.99841072182432,Sarayardı Caddesi
29.11600870135841,40.93977493225839,29.11726559680391,40.94102666756386,İdealtepe
28.9854562486943,41.085830165113514,28.986818752999156,41.086784834368196,Alişar
28.879900575752046,41.02464183309077,28.881089423957803,41.025542166870665,Sanayi Mahallesi
28.851807297297807,41.0358522559736,28.853314267939396,41.038564839076344,Çeşme
28.979710999956005,41.07816703462947,28.980867997861523,41.079098964772456,Çağlayan Esen Sokak
28.71749397304351,40.995366663681935,28.718920023126792,40.99629633644829,Bağlar İçi
29.044497303569145,40.972390573412675,29.045685096116035,40.97329082654819,Şehit Selin Çelik
28.97776055720966,41.08602756385671,28.97895044248432,41.08692783610435,Anadolu Caddesi
28.906841829674256,41.108465846672956,28.908032170030392,41.109366153288356,Kent Ormanı
28.76544640734204,41.01542132818397,28.77153258118691,41.02176747579814,Halkalı Marmaray
29.187572481168104,41.01340094303735,29.190880874400833,41.01556465414626,Çekmeköy Metro
28.988660271620816,41.03085635690469,28.990379068616168,41.03217402541594,Fındıklı
29.176192804073246,40.90744376727266,29.178417395118174,40.90875603057619,Şehit Şükrü Bayrakçı
29.12366264959882,41.0203266656661,29.125310515167723,41.021901981570004,Ümraniye Engelliler Merkezi
29.031912630115333,41.09184510372522,29.034104098654733,41.09351234852239,Bilgi Sokak
29.066946571635363,41.10280093213442,29.068596435085993,41.10422306813723,Beykoz Sahil Boyu
29.214997394601742,40.92121264300759,29.216269903648854,40.92219295696436,Sümbül Sokak
29.092338966361037,40.87795187962805,29.093525033318077,40.87885212033265,İsmet İnönü Müzesi
29.08547149255439,40.976861752501215,29.08721460536473,40.977806347828235,Bayar Caddesi
28.841452895832244,40.987567820348715,28.842641103883967,40.988468179612845,Medeni Berk İlkokulu
29.122117304200202,40.992380212016876,29.124793057434257,40.99386228789572,Ataşehir Plazalar
28.890820728451047,40.98084838249813,28.893774270707965,40.982400613821625,Zeytinburnu
29.080732541386855,41.01368507800342,29.081947157036993,41.01482942193159,Cumhuriyet Mahallesi Muhtarlığı
28.756747917576735,40.9820637989597,28.757936082152575,40.982964201002126,Avcılar Yanyol
28.9784470904012,41.06439796700118,28.980075208946122,41.06530843309496,Çiftecevizler
29.117818900412225,40.95553553131873,29.11917899714779,40.95696476816429,Lojman Çıkışı
28.851603407347284,40.9995649038855,28.853472582160652,41.00129709670866,Siyavuşpaşa İlkokulu
28.905988121081155,41.031992314741046,28.90736587624739,41.03292668426668,Şehit Ümit Yolcu
28.798362984237112,41.08729381737705,28.799553015484552,41.08819418258463,9.Cadde
28.8651045939216,41.04768176574848,28.86675940146603,41.04898623438913,Karabayır
28.875765286614413,41.05661383452754,28.87695471309567,41.05751416543388,Atışalanı Mezarlığı
29.132383709122106,41.020034902383,29.133572290548916,41.02093509757751,Petrol Yolu Caddesi
29.271027248536672,40.90664261155746,29.272202554411006,40.90756858824952,Pınar Caddesi
29.070327712238296,41.01477368573246,29.071859287424516,41.01585131370446,Fatih Sultan Mehmet Vakıf Üniversitesi
29.193454694949924,41.00917261927137,29.19472740265931,41.01006918063948,Barbaros Caddesi
29.065516818534217,41.065039729110836,29.066824183427713,41.065966270391634,Rasathane
29.054894545739145,41.03834043440667,29.05608355254204,41.03933626493115,Ayçin Sokak
29.11491092701073,40.86536441932992,29.11689321842709,40.86724227048758,Aşklar Yolu
29.028400812792643,41.10672118993863,29.029719284844948,41.10762641004021,Nükleer Kapı Kavşak
29.153284993336857,40.98787065380536,29.15460600810737,40.98888534617655,Türk İş 2.kısım
29.050828710843497,41.00972995164582,29.052235291604152,41.01065104846014,Şehit Murat Mertel
29.097094533920963,40.960053587424404,29.09828206575631,40.96095381253624,Gazi Ethem Paşa
28.795902222636443,41.06075981468975,28.797091777085914,41.061660185271975,Marmara Sanayi Sitesi
28.790568682373966,41.031714611098785,28.791757717349558,41.03261498886293,Mehmetçik Sokak
28.811010337118333,41.06947028656236,28.812234663064306,41.07057171316848,Organize Sanayi Sitesi 1
28.865666733188657,41.105148064437465,28.866917766962356,41.106280135107475,Atatürk Bulvarı
29.102195934148273,41.11185570603174,29.10346306453569,41.11282229394347,Ebruli Sokak
29.0330607997634,41.02590705362695,29.034711495278934,41.0272245465452,Kuruçeşme
28.903097892396175,40.990283836433704,28.904286107310526,40.99118416352765,58.Bulvar-Şehit Kadir Cihan Karagözlü
28.965107807833615,41.130953839764096,28.966354191640267,41.13210415996619,Cendere Sokak
29.17997678567035,40.885139648706385,29.18207241268704,40.886491350371365,Adnan Kahveci
28.918421084667088,41.01400344231791,28.919609715036948,41.01490375764338,Mevlevihane Caddesi
29.114164830859682,40.84922548369282,29.115350368816483,40.85012571626779,Eskibağ Seyir Terasi
28.838390662408585,41.013443821600674,28.839579337307786,41.01434417836091,Yenibosna Cem Evi
29.112583796374793,40.94275658265049,29.114142694395543,40.94427891763882,Elginkan İlkokulu
29.148858802045645,41.004015164770074,29.150371199701294,41.00494483536681,Selçuk Ecza 50.yıl Ortaokulu
28.952642295190742,41.08841702979098,28.954104202365947,41.089344070359225,NATO Evleri
28.801261572348164,41.010973012114874,28.802450227373956,41.01187338784681,Şehit Binbaşı Bedir Karabıyık İlkokulu
29.27825172397482,41.00261914525259,29.279439875674004,41.003519254707335,Paşaköy Kurban Satiş Alani
28.900633819642216,41.01287590342342,28.90179817846752,41.01381109612996,Polis Kongre Merkezi
28.719958513475447,40.99122452795161,28.72128548959739,40.992129472059844,Üniversite Mahallesi
29.213343800034156,41.01347192605849,29.21453219962449,41.01437207390168,Boran Sokak
29.115296764611905,40.96856169336236,29.116484435062464,40.96946190659821,İçerenköy
29.017798422446784,41.092919214090216,29.019086576884238,41.09387578571564,Çilekli
29.08551381683496,41.06938989226464,29.08669618200029,41.070329107535414,Boğazgören
29.048715239032045,41.032183716052124,29.05004376283806,41.03309128397298,Abdullahağa Caddesi
29.07752363233187,40.98401244619535,29.079021166724747,40.985104253642206,Hafız İmam Sokak
28.838119759138078,41.00266782068808,28.839308240578458,41.003568179273465,Zafer Mahallesi
28.868482648077105,41.0161648294839,28.8696713516346,41.01706517047758,İnönü Caddesi
29.066362086716886,40.87922306504383,29.06938723230597,40.88037374640273,Burgazada Mahalle Muhtarlığı
29.20568608429317,40.920019118713675,29.20699791429316,40.92097288087189,Zeyti̇nli̇k Caddesi̇
28.91371329403706,41.09582266706628,28.915074909294887,41.09691523297385,Baraj Yolu
28.885246374964698,41.02973649621656,28.886551202830876,41.03271264665548,Fatih Sultan Mehmet Erkek Öğrenci Yurdu
29.221749122850728,40.91091117726281,29.22302857412688,40.9118054226217,Meslek Lisesi
29.170596748263563,40.89642939350852,29.172553154082344,40.89773892470959,Marmara Caddesi
29.158274448111218,40.99003662474956,29.15983314177568,40.99162447554726,Dursunbey Caddesi
28.93101124888174,41.058826799273255,28.932215752200126,41.05985320029362,Pazariçi
29.105472240900504,40.992503590903006,29.106824755934632,40.99357670911386,Ülker Spor ve Etkinlik Salonu
29.137591604461697,40.998515802226855,29.138779795208823,40.99941599773363,18 Nolu Sağlık Merkezi
28.868221943174305,41.105851509229105,28.869476257498942,41.107038890390285,Sultangazi Belediyesi
29.16887890306598,41.03582508648657,29.170099100225947,41.03680291339054,Özlem Sokak
28.815979697969237,41.04201971820787,28.817168901750247,41.04292008175378,
29.076979981526424,41.031871287275436,29.078168818152967,41.03277151268527,Leylak Sokak
28.817871300255174,41.052942819536284,28.819060699463897,41.05384318042532,Peyami Safa Caddesi
29.14198899609753,40.97492167578438,29.144017179637295,40.97637928546133,Uhud Camii
29.023007495939748,41.12606275790387,29.025279975997616,41.127841036643574,Fatih Park Ormanı
29.257245137969413,40.887929115064345,29.258558859615185,40.88895488492894,Mareşal Fevzi̇ Çakmak
29.06024981339912,41.038023105265964,29.06144218684619,41.03899989468103,Malkoç Caddesi
29.1864402178813,40.998955792117144,29.187835880271113,40.9998715079574,Taşkara
29.19163999755685,40.894314213799895,29.19285609991239,40.89519638600238,Fahri Korutürk Caddesi
29.055137329019527,41.03268030192471,29.056352673204035,41.033623697991764,Ziya Paşa
29.16207104732611,41.030709863238606,29.163356950127298,41.03160813668353,Gelenek Sokak
28.868450326333488,41.04316777178385,28.869924673663295,41.04407122816311,Şehit Muhammet Ali Aksu
28.863386674005937,41.01308782793521,28.864575325706596,41.01398817202627,İmami Buhari Camii
28.79238081640087,41.10816339901878,28.793862181188942,41.10909260114834,Onurkent
28.806292017369184,41.04617557398543,28.8076288805896,41.0472069260196,İkitelli Köprüsü
29.29146064840576,40.94634603404622,29.292740651011,40.9473014657807,Orhangazi Caddesi
29.12698698988906,40.87266266419363,29.12818610609743,40.874017035746256,23 Nisan Caddesi
29.091212289101332,40.95364588522882,29.092399710576924,40.95454611473184,Yazmacı Tahir Sokak
28.92056639016283,41.01257275897823,28.922025614771748,41.01432924018157,Mevlanakapı
29.136389988835553,40.968189213123395,29.137638106956302,40.9692200866808,Ataman Sokak
29.012901285825404,41.10590485461583,29.01441021295197,41.10694134462926,Maslak Kavşağı
29.15107573788842,41.02632800055112,29.1525635815978,41.0272639861628,Yeşildere
29.070303659571753,41.12428607430012,29.071615340333274,41.12551892474321,Konsolosluk
28.785824064341366,41.03216931799664,28.791218585276578,41.035928584310966,Sabahattin Zaim Üniversitesi
29.051422832615692,41.11389988644695,29.052613167066536,41.11480011351381,Neslişah Sultan Camii
29.27020879905616,40.965102153969205,29.27375762365558,40.9670255175148,Sultançeşme
29.106685077735253,41.042849181366996,29.107947920711677,41.04377781828655,Erzurum Caddesi
29.247784375381883,40.992140064801376,29.24913862557599,40.99311393489239,Nermin Ahmet Hasoğlu İmam Hatip Ortaokulu
29.130175067889574,40.97998589859976,29.131362931782334,40.98088610136075,Kayışdağı Dudullu Caddesi
29.05526413560053,41.13869735895107,29.056830864636495,41.13977664055717,Tarabya İskelesi
28.780707638722113,41.054801090008816,28.78213135899372,41.05589391001211,Atakent 3.Etap
28.763370549523653,41.04538684182128,28.764563149052663,41.04638655766824,220.Sokak
29.073478584935174,41.07515867370927,29.074709415798516,41.07623932578784,Nişangah Caddesi
29.103985760050165,41.00535383975621,29.10588523999574,41.00626416016358,Ümraniye Cumhuriyet Mesleki Ve Teknik Anadolu Lisesi
28.82636152477256,41.03055244216827,28.828268603159056,41.03228823930455,Güneşli Meydanı
28.8851136411306,41.102395763855625,28.88654136137984,41.10332023626911,Tuz Deposu
29.069290231915,41.05765663592965,29.071202877353528,41.05924377238272,Bahçelievler Aile Sağlık Merkezi
29.005589953447075,41.05592723105889,29.006954049014695,41.05738776823145,Dikilitaş Çeşme
28.98214712265121,41.087547969648824,28.985089837865033,41.08870020402628,Güler Sokak
29.260566325258086,40.89794973362853,29.261939376006843,40.898995966312945,Arif Özçelik
28.80405862076387,41.11371350584302,28.805417381871642,41.114781494179454,Başakşehir 5.Etap
29.27630448288296,40.93866090887623,29.277641116449626,40.93966399107775,Cumhuriyet İlkokulu
28.756242048434746,41.04174145160455,28.757422950149564,41.04270254805178,Yarımburgaz Cami
29.03731005603793,41.08856588049471,29.038499943646816,41.08946611946613,Etiler Mahallesi
29.283630803211352,40.93313509529869,29.28514619286469,40.93408390497467,Lale Sitesi
28.802151347365076,41.11185570758631,28.80366265036467,41.11285129130403,Salacak Sitesi
29.036979829787686,40.969156271049805,29.0381675698987,40.970056528911094,Fenerbahçe
29.27268260641692,40.8762108981032,29.274037494288013,40.87723360179849,Emniyet Sokak
29.254833645529057,40.9002783792298,29.25671616065182,40.90134372171964,Tasdik Sokak
29.082453502462403,41.10758955198106,29.08361649931408,41.108523447661526,Çubuklu İskele
28.89948683026484,40.98243673596885,28.90079516871684,40.98342926401124,Hat Boyu
28.90391091495087,40.98468782353625,28.906996000256747,40.98715026063129,Zeytinburnu-Fişekhane
29.06931572478141,40.96169329308126,29.07083278353908,40.96314940722113,Kantarcı
29.130593232950396,41.005788532694815,29.131838665306848,41.00701106716341,Şanlı Caddesi
29.14043295766084,40.96793688996909,29.14195733886044,40.96888261029699,Başıbüyük Yolu
29.130070770228546,40.94212582702622,29.1321408429246,40.94328239362064,Dervişbey Sitesi
29.242589499263552,40.87784951083183,29.243824398036974,40.87913238908362,Pendik Emniyet Müdürlüğü
28.805616274227113,41.00794424846212,28.806817724096774,41.00906175148958,20 Temmuz Caddesi
29.194880417571753,40.89271567085852,29.196097582424798,40.893801328862985,Çavuşoğlu
29.217134990752367,41.007796830632934,29.219673104885814,41.00884167049551,Sarıgazi Atatürk Caddesi
29.088439116092587,40.972830885933924,29.089626883585844,40.973731114026734,Erenköy Ruh Ve Sinir Hastaliklari Hastanesi
28.867482224598923,41.06083763875814,28.86875537567567,41.06199856059779,Karaosmanoğlu Caddesi
28.794409914400948,41.033790898214065,28.795579083699955,41.03474310125135,Orkide
29.08457040474598,41.04399912337474,29.08585058954103,41.04513187643301,Yeşil Yamaç
29.150646453662695,40.937821901324185,29.15183354600667,40.93872209863626,Şehit P. H. Fidan Yokuşu
29.06197106066915,41.01151689683049,29.063293940531764,41.012424103184095,Barış Manço Parkı
29.054180456314104,41.02721776090074,29.055481542822353,41.028202239076265,Şehit Abdullah Bozkurt
28.851592191245643,41.002965664859495,28.85286080948156,41.003868335124956,Kocasinan Çok Programlı Anadolu Lisesi
28.86894650968847,41.09976555929812,28.87017578748255,41.100644339958954,Seçkinler Sitesi
28.785157306694895,41.01431743833852,28.786549688902188,41.01593156121926,Pazaryolu
29.208221263702374,41.00997230746442,29.210331619847487,41.01222999363437,Meclis Mahallesi
29.294464112382286,40.94835010063989,29.296703823359426,40.949585632383084,Akgül Caddesi
29.075459565186915,40.97580785545939,29.079206913315907,40.9789298458689,Ethemefendi
28.863265888102056,41.064900186368156,28.8647191108481,41.06592081304293,Turgut Reis İlkokulu
29.12873751588292,41.14065892707366,29.13014748513466,41.141652072514155,Değirmen
29.265288245108753,40.91885214064651,29.26667855449068,40.91987775923477,Ercan Görür Ortaokulu
28.76499884995257,41.07650767139343,28.766436141604736,41.07791532869771,Kuzey Girişi
28.904523971452882,41.092286265495304,28.907914048894213,41.094429836610175,Su Kemeri
29.015030931936202,41.09409487680133,29.016813134866386,41.09584634782864,Fazıl Paşa
28.87953115404409,40.993237631080405,28.88104984815826,40.99417286909788,İncirli Yolu
29.10318026774942,40.99465777340887,29.10501053355073,40.99604472705233,Batı Ataşehir Peronlar
28.787052625886215,41.01562780897359,28.788241373838034,41.01652819098816,Dr.İffet Onur İlkokulu
29.270441755395463,40.99656605867391,29.271640743371837,40.99763594128467,Pelin Sokak
29.13373254362667,41.02202879073456,29.134928460936088,41.02346020918888,60. Yıl Cumhuriyet İlkokulu
29.100518262307688,41.03846755980378,29.101726138540766,41.039558340086884,Meyveli Bahçe Camii
29.054306948592473,41.100760716226475,29.05567505349864,41.10167428383408,Boyacıköy
28.797827680933224,41.009892811180436,28.79901631878943,41.01079318878127,Mustafa Eravutmuş Ortaokulu
29.07535529656707,41.035745027629126,29.07683810273466,41.03679007181199,Üzüm Sokak
29.067704819736154,41.12742214346019,29.068959176021536,41.128455856352254,Sayfiye
29.104969845180367,41.036998122273076,29.10648715627369,41.038127877540695,Elif Sokak
29.13523769524586,41.120542780965955,29.13644690460512,41.12158741891762,Bahar Sokak
28.964308278618407,41.0609298582443,28.965497721077977,41.06183014171683,Çelebi Caddesi
28.855500069363686,40.99710135178859,28.85686493533575,40.998743647717674,Semt Polikliniği
29.271235153832524,40.892742883009305,29.272697845011816,40.89382511689738,Rıhtım Sokak
29.266472493886525,40.990817180653885,29.267771102901868,40.99185141929706,Gazi Ortaokulu
29.14717771021382,41.016896639107635,29.148530290040615,41.01790636074477,Şubat Sokak
29.21455588717995,40.888894378715776,29.21616333988889,40.89066987950876,Demokrasi Caddesi
29.281649400824985,40.935833430337645,29.282910601516758,40.936822569635844,Trabzon Caddesi - Şehit Polis Hacı Duman
28.952763512349286,41.02537479010701,28.954450490549924,41.02664120971348,Abdisubaşi Mahallesi
29.046422251571112,40.97366773688147,29.047897253429376,40.974907363263675,Cemil Cemil Topuzlu Caddesi
29.03915250124401,41.03145275501671,29.04044849662653,41.032379244381644,Nakkaştepe
29.090554376975714,40.95497148514346,29.09174182270264,40.95587171481725,Taşlıçeşme
29.05027461074011,40.971830174995354,29.051462388944184,40.97273042496546,18 Mart Sokak
28.730198377668515,40.98557489286875,28.73138662206483,40.98647530709319,Avcılar
29.052572474165824,41.031986807341404,29.0537635249298,41.032987192620936,Mefkure Sokak
29.18635425751467,41.0118026779948,29.187666544530508,41.01272792147011,Hacı Hakkı Ekşi Camii
29.109139547149073,41.035502079383505,29.110846984503247,41.036682554851765,Cumhuriyet
29.215230903940988,41.0054142814801,29.21654069906668,41.00645991852745,60.Yıl Sarıgazi Ortaokulu
29.032237394690917,41.1230298870974,29.03344260577291,41.1240811127948,Siteler
29.08565847095239,41.13961090904174,29.088707482627658,41.14090052311896,Servi Burnu
29.125304050891625,40.84745728680151,29.126489548782864,40.84835751315904,Beltur/Plaj
28.96167450723308,41.033674844515495,28.962868491225027,41.034752155441716,Deniz Hastanesi
29.273050144829067,40.91496526888469,29.27437785453563,40.915869731125376,Piri Reis
28.84215681666179,40.99641282121978,28.843345183054204,40.99731317874178,Mahmutbey Caddesi
29.167160519517168,40.93441145188452,29.168456680509916,40.93531334807773,Aydın Caddesi
29.301938600045617,40.93074081927552,29.30357139430957,40.93173748127869,Melet Konutları
28.80532368777809,41.0442480944966,28.807654818950944,41.0458504611662,Halkalı Caddesi
28.862805704346222,41.09438574984372,28.86437688892782,41.095748750402805,Bezmialem Vakıf Üniversitesi
29.197828598031073,40.970560235821985,29.199106401640844,40.971522764138946,Büyükbakkalköy
29.135825056079877,40.87023547116378,29.13701404331003,40.87121682880135,Alparslan Sokak
29.009083683733945,41.08628987984843,29.010294315870098,41.08734912004922,4.Levent
29.143311141663123,41.13648154807001,29.14490284667587,41.138201452291646,Tül Fabrikası
28.872726692980223,41.01132883019686,28.87391530673089,41.01222916976461,Güven Mahallesi
29.065739847702083,41.00178488171764,29.066928151979443,41.00268511824311,Dere Yolu
28.857752053475597,41.0665381605392,28.85894194770153,41.067528839129565,Şehit Türkmen Tekin
29.216832940647183,40.89321013220005,29.218297156630445,40.8941722665863,Topselvi̇ Merkez Cami̇
28.946442923873658,41.075547421669086,28.948591189890355,41.07763427917239,Alibeyköy Stadı
29.145016988313678,40.918109644667304,29.146318310454408,40.91910185532061,Orhangazi Anadolu Lisesi
28.936158993019284,41.08894053166433,28.937337605141117,41.08991286773039,Okul Bölgesi
29.1129962172128,41.12756954160666,29.11428777979462,41.1284624574399,Hacı Nurten Özyurt Cami
29.159882572526122,40.93099064488429,29.16110753060688,40.93186535495962,Ayla Caddesi
28.99411816937189,41.07424286740055,28.99530783031971,41.075143132560456,Gülbağ
29.170754171923626,40.909932254844776,29.172185828952756,40.91100174499141,Cevizli Anadolu İmam Hatip Lisesi
29.19554871862994,41.01279128604371,29.197446072859663,41.01439426200743,Çamlık
28.947592392703793,41.000994896749745,28.949746606046382,41.00234810210711,Langa-davutpaşa
28.90248770148612,41.05274212169237,28.903738299198803,41.053692878277104,İstanbul Caddesi
29.109241606071013,40.97784058499546,29.114740249517897,40.97992715302021,Küçükbakkalköy
29.285351187015724,40.98699970161182,29.287335382738537,40.98902488365664,Sultan Korusu
29.041231931027998,41.102834654865234,29.042601068039154,41.10417134429214,Posta Yolu
28.908806512846034,41.009684618974745,28.91016079475643,41.0110249681765,Merkez Efendi
29.062243551901478,41.04296237419192,29.063438248231197,41.04395082573655,Bayram Sokak
28.80936652743782,41.0081779850651,28.811559475607613,41.009187015509156,Merhaba
28.842192255345,41.058826826118114,28.843381744370248,41.059727173843434,Medipol Üniversitesi Hastanesi
28.888938262849685,41.101783717221245,28.89038353958781,41.10271058291608,Gazi Esentepe
29.013594791113153,41.11359860899729,29.014976209386443,41.1145063910001,Akasya Sokak
29.265424395250605,41.00196514580447,29.266729605866065,41.002914853934136,Mimar Sinan Caddesi
29.072833650422126,41.0359689676911,29.074029650833985,41.03705063225044,Bayır Sokak
29.153133373822445,40.98889461765047,29.155678478126504,40.990335544887486,Mevlana Mesleki Ve Teknik Anadolu Lisesi
28.874827637264065,41.11087068664451,28.876159968175056,41.11203351337035,Cebeci Köyü Yolu
29.116212760512987,41.01326099275329,29.119063628189426,41.01448150915196,Harman Sokak
29.231033036068485,40.98797992946772,29.232220963587817,40.98888007049238,Samandıra Mesleki ve Teknik Lisesi
28.915101680520856,40.99885579763251,28.91637061665301,40.99974790153353,Balıklı Kazlıçeşme Yolu
29.180917705466555,40.98434841182361,29.182289294989523,40.985373588031194,Fatih Caddesi
28.835357148668997,40.98841044129396,28.839757955255756,40.9919631050131,Yenibosna Metro
28.99826271271984,41.05850056730498,28.999452086971324,41.05940083265601,Hilton Sitesi
29.094399932349358,41.11529033951072,29.095984070932733,41.116246860803905,Paşabahçe
28.87169093054043,41.05454234287243,28.872888070891133,41.0555536565819,Mehmet Akif İnan Caddesi
29.269701277489254,40.96281893946335,29.270888722161473,40.9637190604966,Ziya-ül Hak Caddesi
29.278027616861998,40.90405354112177,29.28002490669343,40.90577517046247,Gedik Üniversitesi
29.15980338300451,41.10734185090338,29.162368122792493,41.10885457190609,Çengeldere Sapağı
28.895608473971464,41.10542854126459,28.896825530204545,41.10643745855961,Bahar
29.22922554778719,40.9754446279321,29.230413251869567,40.976344772028,Bilim Caddesi
29.14288385022051,40.99490529192711,29.146449161393072,40.99634071117804,Dudullu Terminali
28.82661183626007,41.0091204381711,28.828435169774384,41.010594561950434,Meryem Ana Sokak
29.14137652153667,40.95946554501892,29.14458667093062,40.96065755715654,Yılmaz Mızrak Ortaokulu
28.85913837915846,41.112251334617206,28.860328820553512,41.11315166534428,Sultangazi Piri Reis Ortaokulu
28.969735619651324,41.02325085676085,28.970924380044703,41.02415114320027,Perşembe Pazarı
28.9454240006579,41.09101885552515,28.946613999041006,41.09191914443602,5. Levent A
28.768881726754824,40.993652591961585,28.770902261370594,40.99553540876676,Aşık Veysel
29.098197815861788,40.87265378090154,29.099383783816492,40.87355401905913,Şafak Orduevi
29.099475998442937,41.11768203885573,29.10067300032549,41.11873496110431,Köy Önü Caddesi
28.999581657623573,41.05271217276466,29.000799342254332,41.053786826953335,Fulya Tesisleri
29.156602852023823,41.00517990836159,29.157791147643675,41.00608009159879,MODOKO Girişi
28.82794971109801,41.029886520256554,28.829138688619786,41.030786879705076,Hürriyet Aile Sağliği Merkezi
29.198826767218424,40.915623508062566,29.20079692063791,40.91750899268658,Ülkü Bora Ortaokulu
28.80228117503806,41.05249646270708,28.805337021011823,41.05371947013849,Mehmetçik Sokak
28.868473337059186,41.05073683218978,28.869662662652097,41.051637167771666,Esenler Bilim Parkı
28.83532122909114,41.0139280417524,28.836776770696392,41.01497895801343,İtfaiye Okulu
28.84736670690117,41.11981083220956,28.848557292812536,41.12071116775195,Sultançiftliği Anadolu Lisesi
28.97267148082456,41.09243917311544,28.974892350074658,41.094091869908446,Havuzlar
28.927669049323185,41.07548410967066,28.92885084686986,41.076436789983646,Nilgün Sokak
28.923733244900628,41.07550142029322,28.925157750953886,41.07643177983278,Çamlık Caddesi
28.971789193397093,41.07068486103309,28.97297880629801,41.07158513892798,Gürsel Mahallesi
29.064864829384817,41.003787881625996,29.06605317029681,41.00468811833476,Gülfer Sokak
29.045244327917157,40.99567820388077,29.046902671208628,40.99659379625458,Uzunçayır Caddesi
29.146492206995546,41.00712018929761,29.147769594221536,41.008056210462094,Kudret Sokak
29.098484075700362,40.955815457422595,29.101120901429734,40.956931945079866,Bostancı Gösteri Merkezi
28.87482997289888,41.009346148917516,28.876189030367456,41.01086285049571,Güngören Belediyesi
28.885058266912708,40.99923643519559,28.886857939600684,41.00142366273607,İBB Bakırköy
28.805683955702808,41.11310753656426,28.80697804524043,41.11405646322389,Ömer Nasuhi Bilmen Camii
29.230856421901834,41.00069053040869,29.2320445777543,41.00159066955141,İlçe Milli Eğitim Müdürlüğü
29.238758634152124,41.013433189485475,29.23994846478988,41.014414110226596,Ömer Hayyam Caddesi
29.115660750042586,41.12492726808666,29.116921249219235,41.12611273160712,Karlıtepe Manzara
29.05634235594897,41.03347487217262,29.057570644102558,41.03457012754532,Dereiçi
29.106903704191556,41.11823851322861,29.108537096116063,41.119380786173,Ferda Ve Turan Takmaz Ortaokulu
28.82737435537156,41.04717082146602,28.828563644346104,41.04807117849557,Halkalı Caddesi
29.060068633047656,41.026135937028684,29.061296363477457,41.027010062708335,Nurbaba Sokak
28.928058747694838,41.02294153231488,28.931853327418143,41.024764131413455,Ulubatlı
28.891668483620702,41.0540240492513,28.893050517180153,41.05501395042692,Şehit Halil İbrahim Yıldırım Anadolu İmam Hatip Lisesi
28.88141184051591,41.082560485096195,28.88275016111689,41.0834695149327,Menderes Caddesi
29.14838874847012,41.019434842965865,29.149955752572964,41.020575556705104,Çayırönü İmam Hatip Ortaokulu
28.740236880366396,40.97667619674857,28.74155912070532,40.977991802531356,Hacı Şerif
28.999435632941342,41.04701432932361,29.000749369616386,41.048048670682604,Muradiye
29.26824300184912,41.00209250297236,29.26959103514733,41.00412820273086,Yavuz Sultan Selim Köprüsü Girişi
28.938282724697547,41.06674541877225,28.939500972930933,41.06768898108808,Yıldıztabya Esentepe - Şehit Osman Bodur
29.28201311037671,40.91970062567094,29.28332919209149,40.92073727433952,Yonca Sokak
29.237832107155974,40.978540434279545,29.239526894511606,40.979763565302974,Alsancak Caddesi
29.103790974455617,41.037367978740534,29.105000725934065,41.03843852110891,Orta Camii
29.280402476127435,40.97461854373463,29.281590123521486,40.97551865622529,Çağdaş Yaşam Türkan Tutumluer İlkokulu
28.885688550332834,41.01656613395681,28.88687724937622,41.01746646600458,Eşref Bi̇tli̇s Caddesi̇
28.854524927687116,41.0536325673901,28.856809228621938,41.057121563012004,Yüzyıl Köprüsü
29.264513413643975,40.95484945776893,29.265790584090617,40.955765541611704,Çayırhan Sokak
29.15853011501646,41.110755743058185,29.15981288275619,41.11167425633637,Erdoğanlar Sokak
29.08359903651419,41.10281155422628,29.08481696321053,41.103880445461044,Kireçocağı
29.21093607922909,40.98226692288292,29.21212392043039,40.98316707707727,Bayraktarlar Sokak
29.058910102341315,40.883715970537466,29.060096297342835,40.88461622942336,Aya Nikola
28.795098046224428,40.969099807310876,28.796285953499126,40.97000019265084,Eceler
29.07770676395789,41.022059725909635,29.08227895719389,41.024110132240175,Namazgah
28.942391115089816,41.0388681612982,28.944972843029163,41.04028858786782,Ayvansaray
28.91520786158923,40.99418283991851,28.916396138115548,40.99508316004282,Prof.Dr.Muammer Aksoy Caddesi
28.777736191077345,41.04702948089708,28.77911881017619,41.047942519146176,Kardelen
29.03868445601473,41.13337192871352,29.04047955662808,41.135253072007835,Yaşar Dedeman Anadolu İmam Hatip Lisesi
29.0200919345316,41.030783234422444,29.021296964969228,41.03181326531381,Tekel Deposu
28.98334207652615,41.0515737218204,28.984634523812808,41.05247707815879,Kurtuluş Caddesi
29.120163734880624,41.00551409767302,29.12135206479247,41.006414302287524,Öğretmenler Sitesi
29.10082889956772,40.96404518881478,29.10201650010892,40.96494541114586,Kocayol
29.093929331640258,41.01234365387993,29.095151666012413,41.01329134599051,Cengiz Topel
29.00364312517665,41.0795288704328,29.004832874513408,41.08042912952818,Çakmak Caddesi
28.888102330644756,41.06360656698767,28.88986967009652,41.064737432015036,Park Ada
29.199118601032968,41.007446942954104,29.200680200336766,41.00859665678266,Şehit Prof.Dr. İlhan Varank Eğitim Ve Araştırma Hastanesi
29.167671157288208,40.911242542985526,29.16910514196055,40.912299156895074,Cevizli Muhtarlığı
29.089405378530614,41.0549498926424,29.090594621146547,41.055850107318264,Kazım Karabekir Cemevi
28.78865490399546,41.042966827907975,28.790001399812105,41.04406637212583,Hz.Ali Camii
28.8372389671696,41.04536809165138,28.839051024171173,41.04695790879873,Osmangazi Camii
28.715546882140178,40.993660338526425,28.71686012305911,40.99479966145893,Borusan Otomotiv
29.278390704654377,40.92650908641817,29.279846495142042,40.927409513549364,Erguvan Sokak
28.773770963434714,41.02578058049974,28.77524404013859,41.026720419719545,Toki Konutları
29.05587052579171,41.10396378909766,29.05769738729386,41.105892211670216,Çınaraltı
28.913340155663157,41.05550036312518,28.91458233702479,41.05724213678338,Halitpaşa Caddesi
29.289951074307382,40.90668774645958,29.29113692715472,40.90768225306226,Kader Sokak
29.261717218770325,40.969003937460116,29.262904780881534,40.969904062499864,Belediye Sapağı
29.12742666012223,41.01148498379806,29.128817343786,41.01308971553379,Şehit Murat Coşkunsu
29.04809420317101,41.1412511354604,29.049452797044612,41.14224486436905,Şeyh Edebali Parkı
29.07920301479832,40.97512644405549,29.080454789326573,40.9765890557726,Tüccarbaşı
28.770621270372494,41.02239464444746,28.772567738799477,41.024098355969535,Göl Konutları
28.937054925263194,41.01650475929248,28.940839398484155,41.01890797190884,İstanbul Emniyet Müdürlüğü
29.11351452966915,40.991185908874485,29.116731223964095,40.99311012584566,Ataşehir Bulvarı
29.14681866080176,40.99796654264436,29.150115492991862,40.99994414342732,Bayraktar Bulvarı
29.037199803489873,41.09982577866416,29.039703295714155,41.10155174336524,Kanlıkavak
28.826754861900604,41.053717440407574,28.832351480013404,41.05686994532677,Mahmutbey
28.890597144983122,41.081754034567005,28.8950170621487,41.085377869207335,Yeni Mahalle Metro
29.074827087332192,41.049330257731164,29.077222245881117,41.05121888411259,Zübeyde Hanım Caddesi
28.866412418010057,40.97300365931727,28.869651345539207,40.974300453710185,Bakırköy Sahil
29.29387793208802,40.935277480172175,29.295073068953503,40.93628751948231,Kavi Sitesi
29.065092406317774,41.051464299141145,29.06659349098589,41.05239850106075,Şehit Halil Kantarcı
28.838310263301114,41.04360572711146,28.839655737662735,41.044625272827474,İstiklal İlkokulu
29.08301138238523,41.01001030947722,29.08506563219725,41.01108116522844,Esatpaşa Caddesi
29.224789085589943,40.901600995339955,29.225964915479455,40.90253700451879,Zi̇yabey Sokak
29.103903461098703,40.96344372497909,29.107214617298908,40.96731697554846,Bostancı Sanayii
29.142312167177984,41.00287190395701,29.143500432491752,41.00377209600343,Şerifali Muhtarlığı
29.1285435639163,41.001532937787765,29.129837436176146,41.0024980621283,Şeyma Sokak
29.15522830526479,41.02914975395702,29.1572006836832,41.030954246706074,Nurettin Topçu İlkokulu
29.18116885797496,40.99946417636703,29.182372146249996,41.00046682343705,Des Yönetim
28.833566768947463,41.00140681943984,28.834755230769805,41.00230718052176,Yenibosna Merkez Camii
29.187905060669166,40.90643920585705,29.18976843781888,40.90737409444243,Aanyurt Caddesi
28.97115222516383,41.0273113618923,28.9753669957278,41.0292863443548,Tünel
28.810241167395404,41.10063509986259,28.811729832233556,41.101691899655684,Çınar Koleji
29.05154528867233,41.03876998259009,29.05277211058464,41.03989231726241,Küplüce
28.743776952502365,40.97734414605247,28.7460597382723,40.978816948096004,İBB Sosyal Tesisleri
28.76540328835847,41.07880579946675,28.768892755347213,41.08059168912768,Olimpiyat
29.258790085758733,41.00367928725028,29.260012913385367,41.00475171218426,Ayyildiz Caddesi
29.002770320012807,41.09886774209171,29.004512679577232,41.10002425690754,Tamirhane
29.137725947678767,41.07406098454635,29.1391283529539,41.07497101546409,İtfaiye Amirliği
29.0777297915371,41.03369339889912,29.079922425881286,41.035711844009526,Bosna Bulvarı
29.237206895214022,40.970121526114994,29.23856260197223,40.97103357390727,Kanuni Caddesi
29.01743875004804,41.01233369048642,29.018649553638827,41.01331810935107,Çiçekçi
29.14469966828409,41.015701211726075,29.145959527267745,41.01675128809091,Ihlamur Evleri
29.06541676788223,41.06241021440971,29.06680623571894,41.06333078570001,Yalnız Selvi Caddesi
29.12231884891089,40.986086666215506,29.12350004676068,40.98706543339903,Çiçek Kent
29.073012072348337,40.997989751023404,29.074435026249738,40.99905764893801,Bağkur Evleri
29.084897675372783,41.085336172826956,29.086380826129744,41.086448827036804,Göksu Evleri
29.167882059249163,41.002314970065605,29.169440040146036,41.00322333001171,Kadosan Sapağı
28.99156606422808,41.080894724153936,28.9929619340242,41.08187027516463,Harmantepe Mahallesi
29.12900944408612,41.015492988300636,29.130674447820848,41.01698271206469,Eski Kadıköy Yolu Caddesi
29.25814646264065,40.873352608110906,29.259341637776952,40.874378091808836,Kıbrıs Sokak
29.157447227970213,41.03474757794919,29.16112328104159,41.03607162445081,Huzur Mahallesi
28.97286639640577,41.06557500601203,28.97484510228028,41.06686969317116,Profesör Doktor Cemil Taşçıoğlu Şehir Hastanesi
29.136520403222168,41.09575527106198,29.137790595318027,41.096688728604214,Yeşilvadi
28.8958363397538,41.05476686559737,28.897653655212626,41.05616613449571,Bayrampaşa Belediyesi Spor Tesisleri
29.267466605704286,40.90399757038522,29.268716388731278,40.9051038293528,Barbaros Hayrettinpaşa Caddesi
29.289859494818323,40.93483645312013,29.291069509120426,40.93583354671628,Reyhan Caddesi
28.710538637633466,40.97525297186748,28.711802360335174,40.976170027635845,Fevzi Çakmak Caddesi
29.128978980532374,40.97858187203831,29.130605818976637,40.97969272716653,İETT Lojmanları
28.93979487512623,41.00601505299687,28.94100452171812,41.006971746785936,Cerrahpaşa
28.877786575019577,41.107429534188775,28.879216420531307,41.10907946525442,Hükümet Konağı
29.25030764059251,40.90664834735169,29.25213635772139,40.907586652964866,Gül Sokak
29.027499579083898,41.14096998185905,29.028690420601663,41.14187021810181,Bahçeköy Öğrenci Yurdu
28.984725341791176,41.054728863302245,28.985914657902136,41.05562913665883,Bomonti
28.82454613195368,40.960615813976005,28.82573386776545,40.96151618598563,Gazi Evrenos Caddesi
28.93627475302562,41.00709084650851,28.93746324667577,41.007991153452714,Kızılelma Caddesi
29.09109112571543,40.97186988662078,29.092278873962595,40.97277011333988,Toktaş Sokak
29.12745444583474,40.85933658835984,29.128640153839257,40.860236811600736,Yılmaz Türk
28.842023442573737,41.03407955497446,28.843219556799028,41.03509044498274,Zübeyde Hanım Caddesi
28.814929287888347,41.00974281541708,28.816117911831686,41.01064318454457,Alışveriş Merkezi
28.856325842179345,41.05275455564494,28.85790715790588,41.05384644386657,Osmangazi Parkı
29.09130704144432,40.88069977954625,29.09249315823492,40.88160002041443,Heybeliada Su Sporlari
29.107791915708,41.1070579020302,29.108982083965603,41.107958097930386,Salkım Sokak
29.174502402235554,40.91240274526201,29.175861699737244,40.913346554131905,Adalet Sarayı
28.990744541781595,41.09933986844251,28.991934657910196,41.100240131518476,Cesur Sokak
28.79165079348944,40.99713880865679,28.79283920623433,40.998039191304926,Sefaköy Yüzme Havuzu
29.085202230791285,40.99334728661152,29.08639036888735,40.99424751334918,Ali̇ Fuat Cebesoy İlkokulu
28.881323559304484,41.07437652032083,28.883665391651924,41.075862506161826,500 Evler
29.177417396192542,40.999705787819984,29.179555227574483,41.000825230956956,DES B Kapısı
28.81310012771164,41.0350244392532,28.814847590459348,41.03824777479087,Koca Çimentepe
28.911691534269128,41.086213743430314,28.91406636829879,41.08739918550859,İbrahim Hayırlıoğlu Caddesi
29.28071585186067,40.88729642247984,29.282061348779948,40.88820387752266,Filiz Sokak
29.22202378295633,41.02705100768955,29.22339321525902,41.02809699231761,Sinan Sokak
29.094668564267646,40.97990551936948,29.096858130942923,40.98094908165832,Yüzbeşevler
28.83299885028341,41.032473047881446,28.835189027999647,41.033912804684896,Bağcılar Belediyesi
29.267465295190085,40.869817599214144,29.269819081037628,40.87144648301779,Yemek Sitesi
28.78274012567781,41.08368222380277,28.78424387598408,41.084809976062004,Mehmet Yaren Gümeli İlkokulu
29.226674687683456,40.8901593764275,29.22785631114214,40.89111762331647,Hudut Caddesi Girişi
28.77348825286963,41.03345791131925,28.77474974211817,41.0345380884804,Şehit Münir Alkan
28.861778021241747,40.97579850802923,28.862997979105685,40.97687049166158,Ataköy 2.Kısım
28.79380080388011,41.107111817803286,28.79499119584203,41.10801218215841,A2 Caddesi
29.04970268173644,41.14394529525646,29.05090031873714,41.14493970460434,Spor Tesisleri
28.71923388194849,40.9775291745216,28.721199112599233,40.97857382642737,Avcılar
29.19881151596873,40.97395398571249,29.200088485957394,40.97494601427531,Elmaksan Sokak
29.199571309991846,40.8959111881319,29.200917789228114,40.89692281182379,Yakacik Caddesi̇
28.809657747464236,41.095397303351525,28.810854956050896,41.09635969645443,4.Etap 2.Kısım
29.04177306645374,41.087236879062765,29.04341893365741,41.088145120888214,Park
28.96853918874625,41.03775755757315,28.96972821094978,41.03865784238795,Kurtuluş Deresi Caddesi
29.00149620441174,41.0901199659598,29.003574891657028,41.091130434840096,Yaşar Doğu İlkokulu
29.163368339732553,41.00958861751458,29.1648121585429,41.01050798259619,Esenşehir Mahallesi
29.261379933118008,40.89043007686461,29.262646762308027,40.89149452296457,Fevzi Çakmak Deprem Parkı
29.230264344146693,40.91155136379735,29.231505651978047,40.912563636010994,Lider Sokak
28.824660124462838,41.135042798387914,28.82689073137438,41.136146307842736,
28.78616516627168,41.06666381275404,28.787354833452127,41.0675641872077,Tem Yolu
29.068668362424095,41.04132074192051,29.06990063970876,41.04221625766815,Çamlica Yolu Caddesi
28.80328467933707,41.014276776562994,28.804650322738116,41.01571122266617,Emek Siteleri
29.25341189954896,40.892537928897326,29.2545981001053,40.89343807106274,Gözdaği Sosyal Tesi̇s
28.950795407749762,41.02961225478628,28.952025995176193,41.03092774508142,Fener
28.915866920576228,41.05761262004682,28.917434576877827,41.05861557861013,Gaziosmanpaşa Belediye
29.155325083903293,40.99054550034814,29.15698591413071,40.99174549946211,Acarlar Sitesi
28.96120955113473,41.10012783453699,28.963360456445788,41.101271166882505,Aricılar
28.923949683217742,41.08155714718348,28.925194019814025,41.08290195265147,Alperen Caddesi
28.828395715970935,41.06268692293843,28.829585283746386,41.06358727702316,Bölge İdare Mahkemesi
29.1856524741368,40.984568164020565,29.187139623026663,40.98571483602849,Akdeniz Caddesi
28.891822721458343,41.08664144103998,28.893012678248887,41.087541758921375,648.Sokak
28.767152649296793,41.02449707574106,28.768743369952688,41.0265367206053,
28.8503422849905,41.05583892795331,28.851531714723514,41.05673927200821,Matbaacılar Sitesi
29.249387174240862,41.003249684688775,29.25072482606959,41.00454031429187,Necip Fazıl Caddesi
29.046004414353607,41.03123315588557,29.04781205000422,41.03290493360467,Burhaniye
28.873360551988206,41.01544833175534,28.874611051650707,41.016465768158106,Abdi İpekçi Caddesi
29.17249886460366,40.98231851848546,29.17369913643689,40.98340148143783,25.sokak
29.212126223615307,40.966218921988514,29.21331377604421,40.967119077971674,Zeybek Sokak
29.29673402227305,40.95102411651639,29.29793388542281,40.95280868337977,Sanayi
29.08652397694977,41.06842073636309,29.087728023021945,41.069447263529476,Sahra Sokak
28.79143351506211,41.028111811029554,28.792622484661326,41.02901218893216,1235.Sokak
29.16298681629217,40.94753634842689,29.164503480371252,40.94871775165036,Mevlana Halid Caddesi
29.135510976258562,41.08534285111292,29.136855022891584,41.08632314855868,Demokrasi Caddesi
29.239456759912702,41.01911093449421,29.24064523974184,41.02001106546587,Yenidoğan Mezarlık
29.27968762838296,40.92416660391881,29.281219073478532,40.92509989623814,Akik Evleri
29.254994762706275,40.87865577091119,29.25639899219615,40.88041045058061,Bahattin Veled Caddesi
29.08872585101968,40.975597024116276,29.089898846976713,40.976565975183185,Ruh Sağlığı Hastanesi
29.08336324087104,41.14292636974852,29.08496875430308,41.14475862909939,Dereyolu
29.03472114030179,41.03890435996479,29.035922858158163,41.04000763998953,Abdullahağa Caddesi
29.17192002035509,41.00878163602141,29.17312097915005,41.00979836375163,Akkaya Sokak
28.86807079379369,40.9999308281065,28.869259205918276,41.000831171854976,Çinili Camii
29.194402314444588,40.89900646987078,29.195662582954483,40.89999483005162,Topçamlar Sokak
29.08335087445589,40.99954398656613,29.084539125222953,41.00044421339455,Doktor Fazil Küçük Caddesi
28.954308225486116,41.07982016296322,28.955512769833256,41.08083553669737,Çiğdem Sokak
29.12913111077744,40.91499473798478,29.132651582875784,40.91934783749674,Dr. Sadık Ahmet
29.2147299805788,41.01988287288208,29.216349213043177,41.021252527381115,Kışla Caddesi
29.264096729946516,40.87454951944803,29.265421273575814,40.87545348056819,İSMEK
28.86229513483748,41.00206282915901,28.863476062838686,41.002970770626156,Taşyol
28.904216152612516,41.04462109162706,28.905596546564066,41.04561830798397,Tuna Caddesi
28.94052271531782,41.07318531577442,28.942204063899005,41.07443366715305,Alibeyköy Anadolu Lisesi
29.167446154203567,40.92422613118462,29.168715846934298,40.925127868803095,Subay Evleri
29.17277973756186,41.01726453852059,29.17428226109844,41.01829546069482,Mustafa Vasıf Karslıgil İlkokulu
29.13176390924864,40.9783185264444,29.134136181297578,40.97953687559472,İETT Garajı
28.832131886924483,41.053186023313664,28.83425511120304,41.05413797711907,Yel Değirmeni
29.022170920145193,41.0551943812927,29.023396084497097,41.05623521854011,Viyadük Altı
29.23392872971268,41.01240683557943,29.23558626865951,41.0133375646534,Amaç Sokak
29.122326641842257,41.01568312858878,29.12374676130562,41.016609471553586,Varan Caddesi
28.99442741220493,41.04336128011745,28.995672683427852,41.04480691979695,Maçka
29.19873173824048,40.96376051453171,29.203664069803683,40.967292756873704,Cezaevi Ziyaretçi Girişi
29.03551547619887,41.02400874139888,29.03691612553033,41.02492605867611,Bağlarbaşı Kültür Merkezi
28.974233344488013,41.10138041131742,28.97564475737692,41.10246208865174,İstinye Üniversitesi Kampüsü
29.127467837140852,41.00557589981097,29.128656162531133,41.00647610014954,Bakla Sokak
28.909538702381184,41.07762878497166,28.910772894326712,41.07850661479625,915.Sokak
28.976864251145678,41.09959891262518,28.978209753517838,41.101214086947714,Sadabad-2 Viyadüğü
28.840862720203816,41.00710382172945,28.84205127951225,41.008004178232106,Üçevler
29.03547218301299,41.074408878870976,29.036661816672233,41.07530912108988,Hareket Sitesi
29.256251816485896,40.90196693051569,29.257438183167785,40.902867069444355,Velibaba Aile Sağlığı Merkezi
28.866502316583592,41.06403833272573,28.867691883127833,41.064938667235744,Esenler İtfaiye İstasyonu
29.141053853897578,41.091160338108864,29.142281143488937,41.09211666174908,Yeşil Cami
28.941685520591054,40.999780647378714,28.942873879109587,41.000680952582485,Yenikapi
29.21477273308069,40.909419918348256,29.21595926657923,40.910320081611935,Alicanoğlu
29.15477166558131,40.99887058804106,29.1585303875352,41.002351515500706,İMES E Kapısı
29.0692555469557,41.04275493609996,29.070448453659964,41.043763063849475,Mehmet Akif Ersoy Mahallesi Muhtarliği
29.140105793759037,41.01094990393993,29.141294205910924,41.011850096020524,Kumru Parkı
29.11178626879071,41.058936838399454,29.112980729301963,41.06005016155583,İstaç Tesisleri
29.271954570950342,40.947064570246035,29.273249429032575,40.94803242968126,Çandır Sokak
28.880107802458845,40.999421831168895,28.881296197251274,41.000322168792536,Bakırköy Adliyesi
29.22807687689737,41.01510779172901,29.229884579473424,41.016837811815336,Eşref Bitlis Parkı
29.220269222685847,40.91491020394604,29.22364199698409,40.91776926548821,Yakacık Lisesi
29.280126335913888,40.98127042184542,29.28132366666302,40.982139577642656,Hasırcı Sokak
28.884045158039605,41.01092624822119,28.886240829433838,41.01291175255737,Fatih Caddesi
29.08398566940294,41.046928555090034,29.08520932948369,41.04799544423244,Dalgıç Kent
29.21356917158268,40.8786718910706,29.218292526946843,40.880686823902806,Veteriner Araştırma
28.79753205406574,40.968313807850635,28.79871994565746,40.9692141921111,Adakale
29.123450672689057,41.02370390005646,29.124639326983285,41.02460409990406,Üsküp Sokak
29.29936787928569,40.952828948000594,29.300555120360627,40.95372905195923,Şehit Vahit Kaşçıoğlu
29.263658552818963,40.904561228731865,29.26605209631278,40.90601296487502,Yayalar Mahalle Muhtarlığı
29.038685176133615,41.13579797699464,29.04001482923789,41.136955023019986,Adnan Kahveci Caddesi
28.789861359477932,41.026280242835426,28.79121734763743,41.02756465721989,Oyak Sitesi
29.218602537714965,40.900110982726666,29.220322463844635,40.90134201679073,Selçuk Eraydın Anadolu İmam Hatip Lisesi
28.86901519774147,40.989947553450904,28.870933816669275,40.99201744744923,Dikilitaş
29.019966550889443,40.98840126781101,29.021154648799303,40.98930153214996,Damga Sokak
29.11100415305854,41.03437548032287,29.112443849864718,41.03530451983306,Küçüksu Caddesi
28.802784178539433,41.06311010290834,28.807387782768277,41.06516775252015,MASKO 1
29.141831008345708,41.123722038042615,29.144118088499848,41.12471706271693,Radar Altı
29.046265457606893,41.11995940444565,29.048494544571348,41.1211635932068,Balabandere
28.923025997907413,41.07895932380093,28.92998521331898,41.08156955138152,Veysel Karani Camii
29.21646909373205,40.980897924459974,29.217656905926585,40.981798075500194,İmam Rabbani Caddesi
29.106935942253283,41.0474375389939,29.1081493585924,41.04854496087065,Güney Cami
28.858834310879814,41.05328182991879,28.860023688832932,41.05418217004269,Tuna Mahallesi
28.85704781306072,41.130248175142,28.858221784982995,41.1312112242323,2739. Sokak
29.167749717373876,40.90795598828563,29.171229570011928,40.909795387961836,Şehi̇t Hakan Kurban Caddesi̇
28.99214994447901,41.09893313920989,28.99455986001765,41.10000266172961,Polis Lojmanları
29.013997281262068,41.01595403355055,29.015478714869836,41.017608965637294,Paşakapısı
29.269795973584635,40.951672698105185,29.27129102628347,40.95273730159907,Mevlana Camii
29.201067343201483,40.98457535540524,29.202647365602342,40.986094544972765,Kamer Sokak
29.135358065189678,40.86872149141074,29.136543934482983,40.86962170854978,Mercan Sokak
29.13127469428995,41.12456044161325,29.13247130632321,41.125555558217876,Karlıtepe Caddesi
28.97019221458554,41.079364161280246,28.971381985109677,41.08026443868085,Kağıthane Nostaljik Tren İstasyonu
29.030314782185023,41.123463559899896,29.0317038744491,41.1249416739403,İstinye Anadolu Lisesi
29.14153079324612,40.94975551485429,29.142940209573208,40.95086748517952,Süreyyapaşa Hastanesi
29.08388781253213,40.98418398551723,29.08507578714684,40.985084214443454,Cebesoy Sokak
28.814486060914973,40.9942769976916,28.815716930973554,40.99609900221287,Fidanlık
28.80188477923616,41.03079103260816,28.803759216662552,41.032172967292226,Aşura Meydanı
28.83387379187087,40.998865819318226,28.835062207846384,40.99976618064337,Fevzi Çakmak Mahallesi
29.099974439404605,40.95956398821715,29.101161960272226,40.960464211743506,Çınar
29.26589293550839,40.95839876461784,29.26711906085999,40.95927123510149,Fetih Sokak
28.993318435611638,41.09208551420889,28.994619463097003,41.09303598544095,Çimentepe
28.956505590503166,41.036617285013754,28.958001308125734,41.037721314883676,Hasbahçe
28.902212620336023,41.01906184393097,28.903959078115705,41.020281455677335,Kale İş Merkezi
28.995887877690418,41.089841467393555,28.99745353144325,41.091416261834055,Sultan Selim Mahallesi Merkez Camii
29.060431567455925,40.97846793272576,29.064681286292213,40.97990514536231,Göztepe
29.16632590057033,40.95387857634602,29.16760109660182,40.95477332279879,Narcıty İş Merkezi
28.869457679165603,40.97936828106664,28.87627312535376,40.98374850910463,Bakırköy
28.817211205843467,41.03047535018044,28.818727797024085,41.03165164981169,Işık Sokak
28.98688032513244,41.06118357534236,28.990222697495287,41.06286987518799,Şişli Camii
28.786377683411505,41.06476941265778,28.78756731631229,41.06566978730392,TEM Yolu
29.258596442676453,41.00664336594027,29.259801559177294,41.007811633978285,Seçkin Sokak
29.12924119001359,40.950884787010025,29.13046690992866,40.95198101274055,Marmara Üniversitesi
29.129900106295796,41.09277826940815,29.131098894098873,41.09378073045345,Nene Hatun İlkokulu
28.923818239747767,40.99243223502567,28.928743767953616,40.994601865904706,Yedikule
29.104018411246635,40.9628778896455,29.10520598842952,40.96377811031512,Bostancı Sapağı
28.708569183564613,40.9772052802705,28.709737820115443,40.97814971945775,Harmantepe
29.072492043129294,40.98717302138553,29.074581559234087,40.98858797765136,Anakent Koleji
29.14487713406177,41.09444526692746,29.146668862875377,41.09549773104355,Güneşli Caddesi
29.162767906619464,41.06881024167223,29.16405399460679,41.06979465830796,Funda Sokak
28.962554304114565,41.058029857543524,28.96374369558212,41.058930142417594,Kesgingil Caddesi
29.087814739442514,41.01476188903802,29.089003260235433,41.01566211092264,Kültür Sokak
29.266432847784024,40.89802120417053,29.267634151553178,40.89906979577159,Bülbül Sokak
29.212223051461407,40.922787768155516,29.21347694977933,40.92375023182348,Atatürk Çiçeği Sokak
28.788516216619254,41.06116081290073,28.789705783104242,41.06206118706099,İMSAN
29.083198342659035,41.06738195144301,29.08484465669971,41.06829204865781,Rüzgarlı Sokak
29.21257192328643,40.89819388811194,29.21528260321113,40.899164336773886,Şehit Ahmet Yalçın
29.070747254714558,41.03334116584269,29.073475561949625,41.03509730965129,Büyük Çamlıca Camii Peronlar
29.237692511936157,40.982486102922635,29.23895349078635,40.983483897040905,Bilali Habeşi Caddesi
28.941911954324787,41.0627445523712,28.943101445375017,41.06364484758996,Silahtarağa Minibüs Durağı
29.047730896290748,41.116836715024384,29.04951209806517,41.11824628516707,Kaplıcalar
29.208739794880348,40.90223391595105,29.2099262047806,40.903134084009174,İhsan Sokak
28.868974968998742,40.98044682681283,28.870163030713325,40.981347173148656,Ziraat Odası
28.847670556771362,41.01412383475235,28.84926844581569,41.01507316550989,Mimar Sinan Camii
28.927775950123277,41.05030680698863,28.929070051492385,41.05130419299971,İslambey
29.13131614511611,41.004601943658116,29.132653856549705,41.00551105637364,Tatlısu Muhtarlığı
29.142498728109594,40.98677311808047,29.145598947280565,40.98873039797621,Cemile Besler İlkokulu
29.080817464838287,41.0316123687741,29.082892546343935,41.03349763180452,Tepe Üstü
29.21523045062371,40.917965934894895,29.216396351156366,40.91892156464089,Atatürk Caddesi
28.995343392159587,41.06580155066746,28.997366413166574,41.06732934911091,Mecidiyeköy Viyadük
28.85577275480071,41.10242522583742,28.856971042590075,41.10362007411098,Şehit Hikmet Baysal
28.792291194900287,41.00234837292061,28.794010692046633,41.00410247257362,Biga Sokak
29.14503479960279,40.92885204773246,29.14851517174609,40.93253622550279,Huzurevi
28.992159181846308,41.03946836413951,28.993348217846055,41.040368635821494,Dolmabahçe Gazhane Caddesi
29.16575272371854,40.94182710612085,29.166939875948447,40.94272729383953,Gülensu Mahallesi
29.004187349553927,41.06695303520247,29.005599651137064,41.067957964453676,Gayrettepe
29.037221001924596,41.1249825322789,29.038538995649304,41.125906466963755,B.Blok
29.163593997197562,40.91075953663726,29.164815099092216,40.911747863133755,Çınar
29.300000880861734,40.92866367542642,29.301231114949793,40.929679324333364,Birlik Sitesi
28.90593062691862,41.01994583949888,28.907119372787278,41.02084616046246,Meram
29.035541750285436,41.01189951536169,29.0374444473358,41.01321448419235,İşçi Evleri
29.104339933682414,41.11250595364719,29.105642065694614,41.11348604631951,Şehit Muhammet Talha
29.221483033517934,40.925944722655714,29.222738460452344,40.92756997725528,Gülbağ Sokak
28.859996767033415,41.03143496514348,28.861835838276352,41.03452414408848,Bağcılar
28.985866633914032,41.071984715823696,28.987044369837914,41.072939283928775,Cengiz Topel Camii
29.08231182075006,41.05656234925143,29.08373418027315,41.05756065030933,Özkan Sokak
28.924049708765512,41.08575621077193,28.925765896978113,41.08740735287628,Akşemsettin Mahallesi
29.256295617682802,40.893201237224716,29.257557382394204,40.89414976271866,Fati̇h Sultan Mehmet
29.13384818739302,40.92849387287297,29.135123607762605,40.930024327007516,Mehmet Akif
28.992865524817255,41.088764236315285,28.99425347552327,41.08967076366993,Anıt
29.176112000474845,40.983831466431894,29.17743789743544,40.98485673357097,Mareşal Fevzi Çakmak Caddesi
28.91374299958098,41.08990684703159,28.91493300012283,41.0908071529297,Nur Sitesi
29.131090589431658,41.013772781870486,29.13238534316092,41.014790447453805,Gençtürk Sokak
29.03950353198377,41.13075146920448,29.0415574515363,41.13299253185487,Sarıyer Kaymakamlığı
29.109307121536887,40.940750507711456,29.11060947209881,40.94245329214802,Çınar
29.273588215630344,40.94934740284261,29.275387885250993,40.95048119607221,Pamuk Sokak
29.053176636164675,41.080801508518135,29.056584257345513,41.08245327017856,Aşiyan
29.1074298160622,40.995566633158646,29.108951185961786,40.996500367006696,Ihlamur Bulvari
28.932578262794397,41.02857522752264,28.933973732590804,41.02973177252846,Edirnekapı Kaleboyu
29.044151162127147,41.1047118536252,29.045515839138776,41.10562314641055,Görme Engelliler Okulu
28.892995484814936,41.035250837318955,28.89418451489276,41.03615116264243,Rumeliler
29.232171921150833,41.016157001794085,29.233355077265543,41.0171359977088,Akcan Sokak
29.029074859430725,41.11001287987264,29.030265140255004,41.11091312008823,İSKİ
29.13311161503979,40.99714430080398,29.134299784631423,40.998044499156485,Eryıldız
29.02732377931815,40.98553446963387,29.028511820369506,40.986434730327026,Kilise
29.07241529405139,41.023982166596674,29.073713305855826,41.024883133357086,Başaran Sokak
29.20250210080297,40.90504521028442,29.20967705759867,40.90988697633852,Kartal Bölge Trafik
28.80525602337897,41.09596279206357,28.80664098175241,41.097146208017485,Ensar Camii
29.01639404836953,41.086275166821174,29.01798316461573,41.08754062099601,3.Levent
28.809603602595754,41.03747748428561,28.81090109965742,41.03849131570888,Basın Ekspres Yolu
28.87099875189261,41.050158142296816,28.872231254611034,41.05183485757651,Birlik Mahallesi
29.097942450392452,41.01953024842486,29.09956719477514,41.020771953287436,Uygar Sokak
29.234380274386176,41.022542992486,29.235670122934938,41.02344140743479,Adnan Kahveci
28.819224556661602,41.035616518517294,28.82041364305747,41.03651688144432,İstiklal Caddesi
28.94897718006448,41.0417660892474,28.950504724983638,41.043212268848514,Kırmızı Minare
28.942574550918735,41.02070378883976,28.94662228758536,41.02378092576634,Yavuz Selim
29.248092766450544,40.87532901393861,29.249898531753352,40.87658218564652,Kaynarca Parkı
28.878960465728795,40.981036798840876,28.883182193866393,40.9824603651701,Yenimahalle
29.22006109542874,40.98086992555343,29.221248904229356,40.98177007440673,Diş Hastanesi
28.945967619117454,41.0266371816048,28.947188380066144,41.02774881827762,Şehit İbrahim Yilmaz
29.095605275432433,41.01557541842325,29.096978726962814,41.01649058164959,Ümraniye Anadolu Lisesi
29.13797121704647,41.08199771884809,29.13919628389438,41.08314088096642,Mandıra Caddesi
28.824077272961528,41.014746883845795,28.826266225335225,41.01613461506198,Doğu Sanayi Sitesi
29.11335468681333,41.021700896958656,29.114543312860594,41.022601103001904,Akdeniz Caddesi
29.0631788874998,41.129762844050646,29.06466260772573,41.13148605524781,Kalender
28.818510192608375,40.985523944809195,28.819976912156157,40.98727365430705,Serbest Bölge
29.152839192759313,40.915161376750035,29.15399250909562,40.916080922912066,Ceviz Aydaş
28.824245230266584,41.01241565671998,28.826766740680952,41.014623648421036,Yenibosna Beşyol
29.139658451596713,41.07355223147111,29.14084164421019,41.07452356815422,Çavuşbaşı Spor Tesisleri
29.011383584948902,41.08448216854223,29.012587413933165,41.085505830987316,Çamlık
28.977751216276335,41.01143359817628,28.97909871149774,41.01283842848524,Gülhane
28.99013514431194,41.076862866514674,28.991324855380242,41.07776313344631,Yeşilce Caddesi
29.123863625575034,41.01783819971771,29.12505217409732,41.018738400242825,Ağaoğlu Sokak
28.812723035765025,41.0197221939156,28.81415507542202,41.02101771846169,Varan Otogarı
29.029437462366758,41.07817865930143,29.03117032519374,41.080135632380994,Sarı Konaklar
29.05542342310665,41.10250648790396,29.056824798719642,41.10356000124945,
29.126732961589518,40.86875188888554,29.12791883808446,40.86965211107502,Şehit Murat Yüksel İlköğretim Okulu
28.94263959970912,41.04662895130308,28.943828799990776,41.04752924865813,FSM Vakıf Üniversitesi
29.127524199707704,40.994576775371,29.130883803336054,40.99637939061387,Erguvan Caddesi
29.2850725574762,40.95272505757175,29.286734838734493,40.95399804249049,Şehir Er Dursun Sıvaz İlkokulu
29.06432952863454,41.028782353390675,29.06597517730439,41.03016364681919,Kevser Sokak
29.22086800759894,41.009158053719325,29.222245991850283,41.01006294630392,Tamer Sokak
28.825655586606214,41.003398848853784,28.82710521041012,41.004959650319066,Altay Sokak
29.06595508891239,41.01119724919276,29.067137909821355,41.01215775051723,Bodrumi Camii
29.11240756070766,41.11350636715999,29.113592437695882,41.1144856323378,Ede Sokak
28.865313177468202,40.98188499451524,28.86665282274027,40.982789005458415,P.Blok
29.09170499016073,41.00928148972677,29.092893409516698,41.01018171023387,Esenevler Mahallesi
29.156342781532647,40.98296695321843,29.157557214502646,40.983958046515234,Atlas Sokak
28.982877486275356,41.038603861535,28.984066513418437,41.03950413842605,Altintepe
28.8867615162614,41.09504435077235,28.887970381427934,41.0962340491741,2875. Sokak
29.028625838491212,41.035822108870896,29.030114163941565,41.03696789109672,Kuzguncuk-Şehit Samet Uslu
29.27964390750304,40.969528591201914,29.280955089973556,40.97043240876216,Güngören Sokak
28.79273688162196,41.03244774899571,28.79406511669094,41.03339925048599,Osmangazi
28.86976029733137,41.01643916214684,28.872388133680086,41.0183503874765,İzzet Ünver Anadolu İmam Hatip Lisesi
29.26615483108133,41.01240584223936,29.26734316856921,41.0133059577206,Acısu Sokak
29.12217571415046,41.025688761205814,29.123655295448653,41.02788723815799,Plazalar
29.06137229976156,40.88410787126568,29.06255849992221,40.885008128695105,Cennet yolu Sokak
29.09473197143627,40.87748488028042,29.095918028242473,40.87838511968026,Heybeliada Halk Kütüphanesi
29.27720333371501,40.914086928848825,29.27840446335402,40.91532807110061,Ahmet Tevetoğlu Cami
29.10704361177414,41.0102379996952,29.108196390126228,41.01115199997184,Kooperatif
28.87734929272934,41.055994834887805,28.878538706980514,41.0568951650736,Kemer Mahallesi
28.909434906244435,41.07911530077238,28.910702895846836,41.080101199204364,Kazım Karabekir Cami
29.049292290824322,41.14211218460294,29.050585707479687,41.14310381538171,Tarabyaüstü Park
29.10930610815274,41.1482589100235,29.110551989563838,41.149162089433645,Avize Fabrikası
28.82062859562468,41.03810111387591,28.821833401183135,41.03905388589264,15 Temmuz Mahallesi Muhtarlığı
29.05910031466353,41.038701688772996,29.060369087072534,41.039621510870404,Kirazlıtepe Merkez
29.14332022572547,40.995898165977515,29.145090337456605,40.99727562639008,Çanakkale Truva Turizm Dudullu Terminali
29.170210796178687,40.989549110185465,29.17136890168878,40.99048528922029,16. Sokak
28.835188071872736,41.02258385844464,28.838739862758086,41.02446514831182,Liseler
29.096204031696242,41.03950679463404,29.09758196915275,41.04041720538674,Kumru Sokak
29.044174792902382,40.90654936816747,29.045361406783716,40.90744963179339,Kınalıada Halk Plajı
28.82537645520228,41.01753345130634,28.826722542923022,41.01856754869861,Şehit Mehmet Karaaslan
29.154376073545315,40.95905810380084,29.15554862773472,40.959993596009575,Trafo Caddesi
28.841604122181963,41.05005343216276,28.842775875890652,41.051013567243224,Yeşilırmak Sokak
29.264158580405585,40.889310762956754,29.265762012305633,40.8902584010819,Fevzi̇ Çakmak Mahallesi̇ Metro
29.088716406208686,41.05184689220143,29.089905593468618,41.05274710775924,Dumlupınar
28.898544865628867,41.048692218435036,28.899932133713605,41.049598781593545,Forum İstanbul
29.04371294606077,41.10304889866658,29.045142051805392,41.10413910134772,Meydan
29.027521467821593,41.07285708727093,29.02873852739404,41.07430791266161,Aykut Barka Deprem Parkı
29.117951071069328,40.96438679365405,29.119469928878235,40.96529020628018,Vatan Sokak
29.303934302556293,40.93017718191871,29.305298303203497,40.931386018158896,Mustafa Akyol Sokak
29.12419970494358,40.85600194089175,29.125447498971145,40.85703265901958,Adalar Müzesi
29.041257268193927,41.00962047541784,29.04244573149126,41.01052072454301,Atıf Bey Sokak
29.241429369938796,40.96237093065975,29.242616829716276,40.96327106930031,Sultanahmet Camii
29.23278414452548,40.97596892906484,29.23397185513073,40.976869070895276,Taha Akgül Spor Kompleksi
29.09819356917527,40.98495789154219,29.09972342819269,40.98589510868697,Halk Caddesi
29.182897369564007,40.98510456056269,29.184106629703567,40.98614843904799,Necmettin Erbakan Parkı
28.840770305536292,41.016635838616175,28.84230170360817,41.018154161721895,Kocasinan İlkokulu
28.790320291798192,41.09649142878499,28.79225668587605,41.098922956206344,Başak Konutları
29.140483905948706,41.01831185669226,29.14177909219096,41.019215143278196,Çağdaş Caddesi
29.03274103431718,41.07278261361769,29.034344961921978,41.07374358675952,Çiçekçi
29.05995683977749,41.03680483078421,29.06119616421968,41.03782716910075,Kirazlıtepe Büyük Camii
29.303980480228518,40.94502643378387,29.305269822869917,40.94606006620647,Tenvir Sokak
29.13141722550419,41.01831877589349,29.132792468185375,41.02019177032071,Yeni İstanbul Çarşısı
29.24174224147007,40.88676314893851,29.243089757938815,40.88766785107749,Ahmet Kutsi̇ Tecer İlkokulu
29.030029897314297,41.11692948068112,29.031220302371196,41.11782971927972,Pınar Mahallesi - Zincirlikuyu Minibüs Başdurağı
29.244205214809295,40.89303669412026,29.246216863434178,40.89474780636026,Toprakyol
28.971117860777348,41.11756493534229,28.972700135875,41.11877906471035,Cam Fabrikalari
28.896392724671248,41.008702836124584,28.897581275036252,41.00960316383679,General Ali Riza Gürcan Caddesi
28.80974799537105,41.07235753392564,28.811250004233834,41.07341946556075,Dolapdere Sanayi Sitesi
29.069546996783156,41.12110364754107,29.070863005659838,41.12250235197953,Yeniköy
29.000389334143815,41.048919675265346,29.003594588167857,41.05240248637706,Ihlamur
28.822803969873856,41.0127890819434,28.824726027543264,41.014121917614425,Değirmenbahçe Caddesi
28.909873169885717,41.00793213460497,28.911139834449862,41.008992865318945,Şehitler Parkı
29.174429596977333,40.899698130245405,29.175794401645206,40.900674869241215,Rahvanlar Caddesi
29.136659406737802,40.92024376705344,29.137923893049795,40.921416832491815,Maltepe Meydan
29.084725572494236,41.041532342266514,29.086695731986104,41.043684198026824,Yavuztürk İlkokulu
29.09254914791078,41.030646064661674,29.094337657544212,41.03207573541057,Ümraniye Kaymakamlık
29.26661851075736,40.947396277361484,29.268016887972042,40.94838972208749,Adil Caddesi
29.1437720681666,41.02214121770538,29.145680733767836,41.023103482580005,Yakın Sokak -Şehit Çetin Kahriman
29.131467788597433,40.9708776441383,29.132868310386044,40.97187915537923,Gazi Mustafa Kemal Caddesi
29.092682244310907,41.069987894762555,29.093871755365544,41.0708881051981,Gölbahçe
28.80144185003769,41.02795504425707,28.804121849599575,41.02903665631605,
29.000502621524355,41.04025094808005,29.002153681411475,41.041501251789576,Mimar Sinan Üniversitesi
28.934829775775636,41.00450184592111,28.936018223926002,41.005402154040105,Koca Mustafapaşa Caddesi
29.09750994083347,40.99274889010416,29.098698058843283,40.99364910985647,Mümin Dere Camii
29.274649786883614,40.967379905610485,29.275891211088506,40.9683390943134,Çamlık Caddesi
29.02003773609766,41.084316365895546,29.021378263215976,41.08522163411772,Park
29.062561142647183,40.98910680093027,29.063901360928522,40.990014599104185,Şehit Ersin Ozan
29.226521237647145,40.9652999263095,29.227708762010174,40.96620007365064,Fatih Sultan Mehmet Camii
29.100059762420127,40.87752375513084,29.101261159284856,40.87844999660547,Heybeliada Adalar Bostancı Kabataş Beşiktaş Motor İskelesi
29.260884006818966,40.92367351831785,29.262306189490953,40.92481208175575,Vişne Sokak
29.1377706565908,40.993348437313045,29.139181142386583,40.99439956262123,Adıgüzel Ortaokulu
28.796697602909056,41.067928559156634,28.798121395244348,41.06891044007194,Hırdavatçılar Sanayi Sitesi
29.064114381795584,41.0045335781054,29.06608162064466,41.005903421176484,Kainat Sokak
28.882176697099204,41.0112288326289,28.883365302610446,41.01212916733252,Zafer Caddesi
29.045678669599923,41.00523381586375,29.04694843142006,41.00647218370511,Marmara Üniversitesi Güzel Sanatlar Fakültesi
28.846175320798025,41.005238323534655,28.84770768426156,41.006513676623044,Bahçelievler Devlet Hastanesi
29.01560857311194,41.01458595145311,29.016904028979482,41.01559514854179,Tıbbiye Caddesi
29.10273165275541,40.9470284880325,29.103918946921176,40.94792871192815,Eski Bağdat Caddesi
28.84276015619801,40.98514364135458,28.844389842736938,40.98623155768542,Baruthane
28.941671355937608,41.06896209719369,28.943600921074257,41.07154458700475,Üniversite
29.124978672441525,41.13471590919874,29.12616932722904,41.13561609076174,KONAKYANI
28.82715188493024,41.132558228101246,28.82834271478643,41.133458571860345,A41 Bağcılar-Habipler Başdurağı
28.869349596570814,41.094439780357625,28.870566907204754,41.0954314194829,Birlik Camii
29.12028565923537,40.93718913169984,29.12152424401841,40.938184468214146,Doğuevler
28.804293999132028,41.11962274730746,28.805573101689536,41.12085915218923,Bilali Habeşi Camii
28.946464119439394,41.023089896415605,28.947751877765008,41.02398710349694,Nişanca
28.949525557160527,41.1407670711455,28.950829939348502,41.14181232880197,Kemerburgaz Ormanı
28.94368113193391,41.00357713985861,28.945383869169376,41.0047798595998,Davutpaşa
28.805586721740276,41.12295435247824,28.80694947002226,41.124883347307495,Başakşehir Stadyumu
29.228153029077305,40.90109235041851,29.229455373972378,40.901991149566825,Kültür Merkezi
28.85097285635609,40.99232082313807,28.8521611433586,40.99322117682346,Ataköy Geçit
28.920961595558893,41.008900405130035,28.922405408579824,41.01057659400936,Kozlu
28.888752170145807,41.02281747552692,28.890461831291706,41.02389872336823,İnşaat Fakültesi
29.090017255410228,41.014245372534646,29.09122844153213,41.01511872720136,Atmaca Sokak
29.117123935742914,40.97056443151347,29.119136144729914,40.972646130344835,İçerenköy Dörtyol
28.792665774224012,40.99932080907788,28.793854225499572,41.000221190883856,Gültepe Mahallesi
29.213291784755953,40.90357111743967,29.214478214904283,40.904471282520554,D-100 Güney Yanyol
28.781773187603857,41.03389134665385,28.783040817139707,41.03497165325815,Avrupa Konutları 3
29.15771091129549,40.94403657731864,29.159007589913276,40.945329922117935,Nish Adaları Çarşı
29.24246908352017,41.02988701113397,29.243801916499645,41.030880988711345,Mehmet Akif Ersoy İlkokulu
29.249859616337716,40.87055897141196,29.25130458307542,40.87159352812179,Pnedik Halk Pazarı
28.828413530649886,41.0254980391513,28.829743466926853,41.026425960063094,Atatürk Caddesi
28.828742453168537,41.01023085101891,28.82992754533954,41.011213148516106,Taşyol
28.80279367898147,41.121263821136374,28.80398432073911,41.12216417882527,Oyakkent
28.90345961425152,40.997138218128875,28.905369388030145,40.99810878222297,Beştelsiz - Şehit Tamer Şentürk
28.773968461806337,41.0088450924645,28.775802273476216,41.01138513899885,Kanarya İstasyonu
28.966964759880007,41.09045696885841,28.968623339296954,41.091612030735206,Kuşkonmaz
29.023635595400496,41.12804380123983,29.026526721158675,41.13133252700911,Huzurevi
28.835291241194373,41.060141824476126,28.836480758521912,41.06104217548545,Orhangazi Caddesi
28.963691651106164,41.1334774457752,28.964917348328555,41.13458455406945,Akdağ Maden
29.177661088002047,41.07638007221296,29.178985010229933,41.07728722779104,Yeşil Yol
29.049846028578195,41.09212588429636,29.051035971104564,41.09302611566442,Karayolları
29.07678643648387,40.8694348745032,29.077972363197738,40.870335125457544,Terki Diyar Manastırı
29.101865560303395,41.11914801048299,29.103065439801735,41.12015098942421,Fistikalti Sokak
28.886254031801265,41.085282839486936,28.887443967906847,41.086183160474455,Ertuğrul Gazi Caddesi
29.27334204586898,40.98780169433025,29.274656952401827,40.98881130566714,Reyhanoğlu Caddesi
29.084762256755972,41.05963462717669,29.086146735549846,41.06096137281112,Bahçelievler Celil Camii
28.889725857101546,40.993702833214115,28.89091414260717,40.99460316674728,Fikret Yüzatli Caddesi
28.89693846700227,41.029342893825714,28.89902332676351,41.03148493216861,Terazidere
29.0690259936712,40.991991482693614,29.075509016355245,40.99506092581565,Göztepe Köprüsü
29.040948162732096,41.10855646857723,29.04222843611337,41.10945963140249,Fırat Sokak
29.230753117566316,40.88147768844875,29.232879377302208,40.8827226533907,Pendik Minibüs Durakları
29.017935164803287,40.99564536101862,29.022302653305303,40.99859716848721,Haydarpaşa
29.132951814610266,40.912276306981404,29.134262277410926,40.913924077682424,Kum İskelesi
28.903764258507763,41.031880464845216,28.90520573260275,41.033936534815396,Bayirçeşme
29.105763514678678,40.997712215978886,29.10931178697946,41.00115826472141,Finans Merkezi
29.243486155220303,40.96956642658747,29.24507113913644,40.970882473628194,Ulugazi Caddesi
28.945878397310334,41.03332542450721,28.948976900300366,41.03518946623099,Balat
28.863419543844127,41.06854811156227,28.864622458014058,41.06970488836588,Tekstilkent Bulvarı
29.034613253629864,41.026631146430795,29.03605934930262,41.028215952527596,Cemil Meriç Caddesi
29.118920689709064,40.98530240643595,29.1207213131147,40.98661959320541,Ataşehir Evlendirme Dairesi
29.16717515953435,40.92648928840718,29.16846983622306,40.92755971149693,Muhtarlık
28.91616844331867,41.01956888736676,28.918123447199125,41.02086842662199,Topkapı - Şehit Mustafa Cambaz
29.238508801839487,40.894171865936706,29.239805998544124,40.89515293398832,Selvi Sokak
29.28184178166533,40.927093915005415,29.284308654022826,40.928483441315386,Çamlık Spor Tesisleri
29.167915180118552,40.89397615145694,29.169345821902837,40.895077848511235,Atalar Sahil
29.121558845557566,40.96718240704442,29.12352531664301,40.96862380000353,Fındıklı Mahallesi Muhtarlığı
29.175485562095997,40.88904470399404,29.17855695436686,40.89241532515472,9 Palmiye Sitesi
28.831659006345426,41.06033746758685,28.8329782022155,41.06230123215218,Mahmutbey Köprüsü
29.24143099775185,41.03259101128929,29.24265329707491,41.03408878864256,Hacı Fatma Talip Kahraman Camii
29.08993001884127,40.99943290414539,29.091219982807562,41.00036309548269,Hz.Hüseyin Camii
29.233889387963618,41.03854578663737,29.235256611857814,41.03944621333,Çekmeköy Devlet Hastanesi
29.25090990411773,40.89610718730648,29.25422015131975,40.89853442721139,Üçevler
29.08080563912153,41.0646076451543,29.082254363075602,41.065571353993334,Bahçelievler
29.089338805904198,41.14955398571013,29.091929347763276,41.151492841007524,Akbaba Caddesi
29.111001749315896,40.94595235749328,29.112334351888265,40.94691144217435,Gümüşçü Sokak
28.98494118157113,41.079362512790404,28.986208621045204,41.08025258654609,Fevzi Çakmak Caddesi
28.89932550422764,41.064833085815685,28.900667795992845,41.06583541404763,Barbaros Sokak
28.947273646114784,41.01685243559061,28.95033243035091,41.019894166196046,Fatih
28.98753874885541,41.10532565941644,28.989550183339468,41.10808235352046,Ali Sami Yen Spor Kompleksi
28.894689238092038,41.06271983991202,28.89587876161506,41.06362016004934,Çam Sokak
28.980347856808145,41.08602927294377,28.982469910871686,41.08764334845555,İSKİ
29.238228483337746,41.01644883390765,29.239416916317033,41.017348966052445,Necip Fazıl Caddesi
29.247864087571045,40.98300193426086,29.24905191208273,40.983902065699176,Tavşan Tepe
29.124152790792476,40.95486249487126,29.12534020888072,40.95576270508928,3.Kısım
28.927842718590057,41.08159360388353,28.929093284377295,41.08294239593119,Şehit Murat Karakuş
29.189768163025164,40.903124959799854,29.19132884048642,40.90435404022411,Devran Sokak
29.04737989592359,41.03071480458998,29.0486401067344,41.03160419533605,Burhaniye Camii
28.99706812462571,41.0618657699997,28.99836209162829,41.06379071285105,Ahi Evran Mesleki Ve Teknik Anadolu Lisesi
28.977832740987004,41.08156740525032,28.979775257351335,41.082864594078515,Yavuz Selim Parkı
29.12788305616786,40.99899135342284,29.12915494643675,40.99999464655304,Şenol Güneş Bulvarı
29.15169713110458,41.03044240174169,29.153573036882456,41.032083829674015,Parseller
29.2369632827488,40.92165651857233,29.238135715282173,40.92262538074948,Didem Sokak
28.98381497365584,41.04596166536167,28.985011727136996,41.04696623439569,Basın Yayın Yüksek Okulu
29.121984177460643,41.08912327250064,29.123242824589077,41.09041072723937,Fatih Mahallesi
28.858448670863464,41.00571177290213,28.860535330519223,41.0069152252846,Ferit Selim Caddesi
28.772830000962013,41.040820963472456,28.77445180237451,41.04207143648629,Hz.Osman Camii
28.859131169995404,41.044429419767674,28.86047382942296,41.045433580170645,İbrahim Ethem Camii
29.148220843101395,41.09622436423788,29.14946415408872,41.097199635637864,Çengeldere Merkez Cami
29.092858776030177,40.97748478756892,29.094046623647504,40.97838501239173,Sümer Sokak
29.00365898009489,41.095613871697374,29.004849019594957,41.09651412826357,Sanayi Yolu
29.130664921478118,40.95171759653013,29.131852278194113,40.95261780343039,Marmara Üniversitesi Nizamiye
29.16735316803237,41.05902855829477,29.1686397344717,41.05992854105295,Cumhuriyet Caddesi
29.157922877058393,41.10241451636868,29.159112922607534,41.103314683591684,Erzincan Sokak
29.112695603216554,41.006308907214766,29.114111399857812,41.00723409292037,Manolya Evleri
28.808297733972257,41.00437081334408,28.809486265748866,41.00527118661757,Malazgirt Caddesi
28.88903826231124,41.05981583821431,28.890227737396767,41.06071616174705,Park Ada 3.kapı
29.064859149872714,40.96807287882777,29.066046849809403,40.96897312113299,Caddebostan
29.07584237357994,41.04415848684814,29.077536886850066,41.04571442169752,Çengelköy Müfreze Amirliği
29.259485273761662,40.98484282004927,29.260842729493685,40.98575518001524,İstasyon Sokak
28.84328534950324,41.05460322048195,28.849720749694974,41.05760953258347,Fatih Mahallesi
28.795217970887283,41.10686375003047,28.796455029943655,41.108025249715446,Kanuni Sultan Süleyman Caddesi
29.13685626183324,41.05736541936673,29.138113735175406,41.05835858052567,Şeyh Şamil Mescidi
29.231903122161924,40.970668875543296,29.23321987787226,40.97157112441798,Sağlık Ocağı
28.860655575437175,41.10675308688492,28.86281161420883,41.10860335277872,1. Cebeci Caddesi
29.110805600032034,40.99287286686157,29.1121042519814,40.996623163635746,Mimar Sinan Camii
29.094231243176424,41.09842198114264,29.0954212571246,41.09935981880972,Şehit Alaattin Buluç Sokak
28.922552069451232,41.034757710719745,28.926138479581354,41.037836651079296,Demirkapı
28.942831735793106,41.06711551760193,28.94407426677409,41.068417482225115,Silahtarağa Caddesi
28.873135696016426,41.1072917390847,28.874635301626082,41.10842826091625,Cebeci Mahallesi
29.111641436253553,41.09197197484137,29.1128487633472,41.09301902507383,Göztepe
29.203155591269503,41.01787969235905,29.204356708073526,41.018918007588816,Emlak Konut Çınarköy İlköğretim Okulu
28.98785882655279,41.066256414092614,28.990003046283697,41.06871689732703,Antikacılar Sitesi
29.06141503745262,41.04203364719427,29.062639161171525,41.042968052743376,Ayvalık Caddesi
29.00074938774726,41.05749622359754,29.001906608333925,41.0584307759717,Otim
29.120306072497808,40.98299068308531,29.121673438884088,40.9843865262469,Prof.Faik Somer Spor Lisesi
28.80223365037067,41.008487535965386,28.803642350234288,41.00953546386675,Tevfikbey Mahallesi
29.193041607432193,41.00545920739988,29.19427989658636,41.00648269248712,General Eşref Bitlis Caddesi
28.94409852591611,41.08331166252196,28.945380272376934,41.084295937455366,Kır Yokuşu
29.077096134200733,41.00596945093339,29.07876835575212,41.007593749510136,Deniz Sokak
29.0726306995338,41.01620574608137,29.074113297346987,41.017141254116304,Gaziler
28.98059629625241,41.07498305065073,28.982627702434844,41.07629594844155,Çağlayan Camii
28.925359185474786,41.068331727527905,28.927910036687017,41.070463655789084,Yıldıztabya Minibüs Başdurağı
29.026997418312153,41.089780162758785,29.02862158207054,41.09069383723638,Altay Sokak
29.139311389895354,40.996940536777394,29.14147087493548,40.99911869981662,Kıble Sokak
28.79119116076391,41.01542636165042,28.79251184093003,41.01677963775164,Kauçuk Sanayii
29.04324312140199,41.143802313694444,29.04479587513465,41.14500468638102,Ömürtepe
28.988094791687995,41.08596593254669,28.9893230103614,41.08719736731219,Hilal Park
29.138931243501744,41.070972308827315,29.14026475448706,41.07233769071525,Mehmet Akif Ersoy Caddesi
29.184398594637987,40.993625426015484,29.185810402678854,40.994571572906516,3.yol
28.813104306548098,41.02885928954692,28.814327693138274,41.02994371007682,Koçman Caddesi Yolu
28.913324504021897,40.99966214003397,28.91718134485542,41.00169926150358,Göğüs Hastanesi
29.063848950617253,41.024071062559685,29.065141346469527,41.02496873735354,Selami Türbesi Sokak
29.095677652764525,41.00551476078455,29.09686634710654,41.006582239170314,Aşık Veysel Mahallesi
29.039189693589282,41.12094041318397,29.041538781374847,41.12375887794402,İstinye Siteler
28.922700036359977,41.08380986216095,28.92395326093601,41.08479163774124,Şehit Öğretmenler İlkokulu
29.17550413689433,40.88838464041379,29.176931066784096,40.88953975966275,9 Palmiye Sahil
29.15231154514668,40.95764192910228,29.153541455916738,40.95856017075766,Şehit Bünyamin Ot
29.247056753893364,40.96587969256116,29.248558443850833,40.96701500743607,Gençlik Merkezi
29.117021598119717,41.113286855655964,29.1182274026428,41.114314144041636,Koruluk
28.850527827946774,40.97535465642932,28.852065570844164,40.97647434339657,Ataköy Konakları
28.79518292675836,41.03975667864133,28.796751859003315,41.04131065307803,Tüccar Ve Sanayiciler Derneği İlkokulu
28.812172569992143,41.02215108320569,28.813509430910095,41.02305891680512,Çınar Caddesi
29.055193566424997,41.04131905131114,29.056454331091057,41.04221214857373,Fıstıklı Bayır Sokak
28.98243135707432,41.05293986253635,28.983620642619353,41.0538401374247,Bozkurt
29.08181685100398,41.14276651558216,29.0833971427386,41.14469248353959,İşçi Evleri Camii
29.19699425017964,40.88432001099129,29.198180349483362,40.88522018896901,Bülent Ecevit Kültür Merkezi
29.23198804332421,40.98721442970084,29.23317595633195,40.98811457025928,Sancaktepe Gençlik Merkezi
29.00480035516768,41.039444595062974,29.006374938000953,41.040633225461555,Beşiktaş - Kadıköy İskelesi
28.970299554083812,41.11509324707586,28.97183944551308,41.11617075233385,Medya Grubu
28.776374232657727,41.055770302965094,28.77771376520298,41.05680569704176,Toki Atakent Spor Lisesi
29.2164660755918,40.98291992461734,29.217653924066802,40.983820075342805,Abdulhamit Caddesi
29.068605542586283,41.035849885200065,29.069794457094336,41.036750114760665,Seyit Onbaşı Sokak
29.220137786168795,40.98190562565791,29.221325613489267,40.982805774302236,Sancaktepe Ağız Ve Diş Sağlığı Merkezi
28.79637103614398,40.99972122198036,28.798494970087443,41.000819779178194,Kartaltepe
29.153148770381122,40.97413400350391,29.154491627514034,40.97551959600713,Yeditepe Üniversitesi Kampüsü
29.21636675273992,40.907291918667354,29.21755324691979,40.90819208129284,Murat Sokak
29.233339885443133,40.89320392275758,29.23452611421418,40.89410407720255,Zübeyde Hanim İmam Hati̇p Ortaokulu
29.04346361460954,41.12117138344204,29.045160385836226,41.12228961578319,Boğaziçi Sitesi
28.77257081283216,41.061008708984325,28.773760386893795,41.06190909097746,TEMA Hastanesi
29.09423228248728,41.14049970574646,29.09908719249397,41.14247894162823,Şahinkaya Garajı
29.123661349094984,40.97697863872789,29.12736552956672,40.97997275910153,Ataşehir Anadolu Lisesi
29.25956729716767,40.91836940695089,29.26098669902469,40.91929759316727,Aydos Aile Sağlığı Merkezi
29.133452498303182,40.98178808344473,29.13482990004962,40.98318131582905,Gümrük Bölge Müdürlüğü
29.08163173029267,41.02361169242638,29.086960008684212,41.02820227281239,Şehit Mehmet Şevket Uzun
29.06706034801239,41.09277995854158,29.06880223751034,41.094878522362684,Körfez
28.882223103027876,41.071703836791734,28.883654393045614,41.07263466334485,Cevatpaşa Minibüs Durağı
28.944242993742904,41.04455280108666,28.945453007178795,41.045654198799305,Halıcıoğlu - Fatih Sultan Mehmet Vakıf Üniversitesi
28.79682490958676,41.015761840868315,28.798193092165295,41.01667515918458,Maslakçeşme
29.222259129196626,40.977203925937744,29.223446870461178,40.97810407402238,Tuna Caddesi
29.18022164681279,40.959151154594046,29.18171006042285,40.96052154564675,Üniversite Ana Giriş
29.13890129837095,40.96728871173109,29.140303398010563,40.96841118832702,Dağ Yolu
29.260432685654987,41.02128889311266,29.261726315117507,41.022272106845335,Hilal Mahallesi Muhtarlığı
29.139739039671966,40.986484107743664,29.14141896139324,40.98757089133402,Uydukent
28.8675923795373,41.108885610976344,28.86878461942488,41.10986888873706,Huzur
29.257056133882084,40.99956014440818,29.25830386753336,41.00078685532315,Polat Caddesi
29.21952323821686,40.96027314885229,29.220706765073007,40.96121785095061,Zerafet Sokak
29.07863571606547,41.00996304811821,29.079923881496562,41.01087665117582,Karlıdere Caddesi
29.164111124109073,41.0159209917577,29.165683174863656,41.01704800800425,Necip Fazıl Kısakürek
28.889049025841807,41.086049840272565,28.890238973865873,41.08695015968881,Cebeci Caddesi
29.284074424673843,40.90450718244919,29.285749425138768,40.90609929374021,Şeyhli
29.032263879382167,41.10905923311944,29.033686121532902,41.11006076646923,İstinye Park
29.072031029760247,41.032083360560854,29.074002558320174,41.033143425414686,Ferah Mahallesi
29.062125673762473,41.04588275903041,29.0634045273545,41.04686034094703,Üsküdar Anadolu İmam Hatip Lisesi
29.256148010781803,40.91716818627337,29.257543188285787,40.918209613664686,Aydos Caddesi
29.062017234604472,40.969657178145425,29.063204965078057,40.97055742181536,Yeniyol
28.892945538563744,41.029273836837724,28.89413446114403,41.03017416312366,Yıldız Caddesi
28.775879833629254,40.99209980439325,28.777068166096996,40.99300019556852,Küçükçekmece Anadolu Lisesi
29.25572189472701,40.86765058308818,29.25724020809619,40.86859311714019,Sahil Bulvarı
29.153018532201507,41.078688468847666,29.154454463056265,41.07962553130437,Yeşilbahçe
29.16471596455335,40.94405492915041,29.166875888822872,40.94607891114464,Şehit Mustafa Kaymakçi Anadolu İmam Hatip Lisesi
28.838071593845424,40.9876634195007,28.839259805871308,40.98856378046088,Ataköy 9.-10.kısım
29.175487298958956,40.98964081276957,29.176675300705853,40.99054098719075,ULUSOY Ataşehir Terminali
28.782287297235992,40.98715943154791,28.785550952810404,40.98867834497652,
28.83285411741825,40.96254481621647,28.83404188229959,40.963445183745144,Yeşilköy Anadolu Lisesi
28.90994508380259,41.08402719039684,28.911522121146408,41.08500481004537,Küçükköy İmam Hatip Lisesi
28.937333491741725,41.0334063040232,28.938856512291675,41.035149694750324,Savaklar Caddesi
28.857333526534592,41.07147501527904,28.858651369715997,41.07254128468262,42 Evler
29.03078286503603,41.13015068115046,29.031967136248344,41.13112431854189,Ulu Caddesi
28.990990834592406,41.1085548508816,28.99241316709631,41.10963814906417,Evyap Camii
28.89204695937622,41.018299260954926,28.894217034158366,41.019393740345606,Teknopark
28.78438054906082,41.05470191736302,28.787639351593004,41.055837182207036,
29.092018917843777,40.88337387996028,29.093205081835315,40.884274120000406,Değirmenburnu 1
28.929341562553876,41.06313931791317,28.930537139831973,41.06401498165505,Mavi Tuna Şehit Hakan Erkin
28.85973940789331,41.01500117976588,28.861440597555355,41.01701681843359,Soğanlı Çeşme
29.11117845728148,41.12944558904421,29.112463540025782,41.13034241086564,Siteler
29.148728803352164,40.94206988013777,29.150177299123584,40.94302131890067,Medine Camii
29.123770121956973,41.00293997957542,29.125015877958013,41.004074720060856,Çamlık Merkez Camii
29.162812478684128,40.984825854034575,29.16439632283831,40.98586134508233,Mimar Sinan Mahallesi Muhtarlığı
28.928101883840096,41.13670630518883,28.929672014409938,41.1376349950035,Arıtma Tesisleri
28.942365944672893,41.01653417548358,28.94358005552814,41.01759282429309,Mehmet Akif Ersoy
29.116755445349042,40.95244778338004,29.118481090144527,40.954385634230206,Kadir Has Anadolu Lisesi
28.896513243458948,41.06219384034628,28.89770275624787,41.06309415961507,Şehit Kamil Balkan Caddesi
29.216967454077558,40.94070892146588,29.21815454558158,40.94160907849431,Aydos Mesire Yeri
29.137003870768513,41.00662302317689,29.138577128644915,41.00770897611092,Yenişehir İlkokulu
29.285288625701632,40.985462907979155,29.286535773278818,40.98664389181325,Sultanbeyli Devlet Hastanesi Acil
28.95520383125983,41.038304392769064,28.956701167220782,41.039225607364145,Aynalıkavak
28.8536201407914,41.00803790079204,28.854881861545998,41.00893709865971,Mustafa Kemalpaşa Caddesi
28.86236723217555,41.02289521150347,28.864893874964107,41.02542157856064,Yavuz Selim
29.032747737028473,41.01273887327841,29.03393626265799,41.013639126682456,Denizmen Caddesi
29.052722141049596,41.13750161102442,29.05498961831624,41.1386334539488,Tarabya
28.89727462986719,41.07905989664185,28.898585368157274,41.079996102783866,Yeni Mahalle İlkokulu
29.226133280489552,41.03069921333955,29.22830071651222,41.0318787838623,Taşdelen
29.063472819673386,40.97545807891501,29.065372017500888,40.97696314528773,Göztepe İhsan Kurşunoğlu Anadolu Lisesi
29.1074695351139,41.03632148437954,29.108701062198833,41.03728451548355,İnkılap Mahallesi
28.831060481776074,41.03326102130355,28.832249517941186,41.03416137865803,Türk Telekom
28.797943712553398,41.006377810933785,28.799132287169297,41.007278189027936,Merkez Caddesi
28.963244390048928,41.048513856984336,28.96443360964777,41.04941414297677,Piyalepaşa Mahallesi
29.115187532817444,40.95649879945143,29.116380167187923,40.95747940047267,Nizamiye
29.078539834158445,41.01140928617,29.079736270343464,41.01283491375311,Abdullahbey Camii
29.19257195869899,41.02470069760364,29.194357040480458,41.02590330179546,Öğretmenler Sitesi
29.23703838795614,40.977143004173165,29.238583916341355,40.97839429592971,Bakkal
29.18177746843146,41.02820277788287,29.183267529343663,41.02933022211667,Tepe;Bayraktar Sokak
29.097870305576922,41.04568844785349,29.099534551354388,41.047186566534336,Malatya Caddesi
29.229445108682206,40.96613054598375,29.230897895366745,40.967315454113375,Estergon Sokak
29.18344393081684,40.88642632513367,29.18465147054048,40.88756387476402,Hükümet Caddesi
29.053528999718562,41.12365045125451,29.055025993635475,41.12496754892006,Bağlar Mevkii
28.81716715071383,40.95825081194299,28.81835484900647,40.959151188018666,Ziya Erdem
28.82339884326799,41.069441371717694,28.82460115673566,41.07046462814806,İSTOÇ 23. Ada
28.85112582470484,40.99585182345358,28.85231417500978,40.996752176507954,Fetih Caddesi
28.88048687828788,40.99099083060659,28.881675121422287,40.99189116935486,Ssk Osmaniye
29.229706395078143,41.03075679669906,29.23117260450169,41.03180420284018,Yenidoğan Sapağı
28.95370349245942,41.05897435523424,28.95489290723861,41.059874644726904,Örnektepe
28.853256573170327,41.02392482619527,28.85444542654362,41.02482517376624,Yildiztepe Mahallesi
29.22304017633144,41.010516690804494,29.22435432615837,41.01142000920428,Mehtap Sokak
29.10832628958734,40.96671202909345,29.109621712744275,40.96772797090349,Ertaç Sokak
29.031196973498265,41.015113944045495,29.03239402881755,41.01604205583591,Mütevelli Çeşmesi
29.083083360069576,40.98999618574186,29.084271439609434,40.990896414218824,Karaman Caddesi̇
29.091558612184652,41.13996289992156,29.09274938749101,41.14086310003907,Taşocakları Camii
29.21671450917075,40.99961891131688,29.219138295728182,41.001840920689986,Kuğu Sokak
29.012554256161007,41.009784467430386,29.0137427435286,41.01068473253054,
28.946449105814818,41.08464408028379,28.947718697033427,41.085650119680224,Mermerciler
29.111882845080785,41.1150529038434,29.113073154592072,41.11595309611713,Yavuz Yılmaz Sokak
29.003878952028977,41.058313321707715,29.005320952997508,41.05953097842148,Gayrettepe Dutluk
28.771704489575733,41.03023580636215,28.772893510150716,41.031136193599636,Bezirganbahçe İlkokulu
29.284470304332068,40.941017568410984,29.285707200938216,40.94257903145181,Ahmet İskender Kuran Kursu
28.970614835917036,41.08962558190351,28.972031166641717,41.09054841821304,Ferman Caddesi
29.11031032982555,40.94991189045355,29.111497669849832,40.95081210950704,Çiğdem Sokak
28.839984188515654,41.043533082208825,28.841226814879075,41.04453391769762,Devekaldırım Caddesi
28.94776704344934,41.024604303531795,28.949097957824026,41.02556069612139,Çarşamba
28.972077244444154,41.08742219838449,28.973437758724813,41.088334801676645,Süleymaniye Camii
29.088458970700806,40.87730097846174,29.08964502897891,40.87820122149895,Asaf Bey Plajı
28.79376589208454,41.06407351442208,28.794955507638118,41.06497388553963,MASKO 2
28.856263644151777,40.98463612872242,28.85751035107235,40.98612687118772,Ataköy 4.Kısım
29.033131796756816,41.05313372052513,29.03446219931886,41.05403827941841,Şifa Yurdu
28.87461913386708,41.09660894021651,28.87695830319935,41.09945070180985,50.Yıl Mahallesi
29.121886137720157,40.99779657110306,29.12523189376819,40.9992128308267,Botanik Bahçe
28.907576547748846,41.028813840625084,28.90876545195669,41.029714159336216,Hastane Yolu Caddesi
29.007916635491327,41.050774713482596,29.01053854265986,41.05521707387443,Yıldız Teknik Üniversitesi
29.08005081003073,41.07214609478708,29.08135718906876,41.07305090521366,Okul Yolu
28.846705625547866,41.04205182425856,28.850228075690087,41.04376449909168,Bağcılar Çiftlik
28.71783000206153,40.9906662292983,28.7195280002793,40.99170276929667,Esenyurt Yolu
29.093055158643367,41.02760287211801,29.095533340262318,41.02898452510572,Bağ Sokak
29.176612295570752,40.91556170503603,29.179838320958677,40.9178845124464,Dr. Lütfi Kırdar Şehir Hastanesi
28.77553788278786,41.04407555666411,28.77687111474116,41.04498344333393,Doğa Parkı
29.109749111532086,40.998475809343404,29.111934492386425,41.00010309289829,
29.161474684987493,41.02398091128017,29.16266331467899,41.02488108868018,Çamlıca Caddesi
29.02051588126456,40.985038967700305,29.02170391842413,40.98593923226061,Mühürdar
29.091136098466496,41.010293111950425,29.093017630742324,41.01153310633154,Yüksel Sokak
28.76868441041438,41.07677462657524,28.770780512466846,41.07923506916088,Olimpiyatköy
28.966482324584906,41.03869272445044,28.967841981497806,41.03991297561082,Piyalepaşa
29.09346789966565,41.09006226936927,29.0947576060428,41.09171583039618,Yeni Riva Yolu
28.97589416792699,41.02063870152239,28.977568780840436,41.022221206939726,Karaköy İskelesi
28.789154118382953,41.10794782869147,28.790413878732537,41.10883417047672,İski Tesisleri
29.108701162824026,40.98700030315627,29.110086738370196,40.98797969642313,Siteler Girişi
29.27674403798526,40.91854283097411,29.278180966920978,40.91975616915396,Semerkant Bulvarı
28.86596032353787,41.05214383165473,28.867149676173792,41.05304416830674,Mehmet Akif Ersoy Caddesi
29.243079149473456,41.01698772553244,29.24427284660473,41.01795727414376,Sabır Caddesi
29.18438520296364,40.906709670898685,29.18557279796402,40.90769532887471,Ankara Caddesi
28.999614977990415,41.078259751030785,29.000956020836963,41.07927424895064,Öğretmenler
29.25966947039204,40.98903001719642,29.26123912851217,40.99009598194895,Sevgi Sokak
28.919244851883807,41.066970117353186,28.92084545324309,41.06828598280063,Sefa Köprüsü
28.847236222604042,41.06264882769715,28.848425777110364,41.06354917226438,Galericiler Sitesi
28.95121696924863,41.0822894410861,28.95539182551705,41.084564230281934,Çobançeşme
29.04682405971227,41.12825015932139,29.048482937589128,41.12947584060021,Metin Oktay
28.838013778350813,41.000524820493446,28.839202221365774,41.00142517946812,Şehit Mahir Ayabak
29.121615180577976,41.11790798327346,29.122992819968065,41.11890201647168,Köşk
28.979782032388815,41.088859864628674,28.980971967304814,41.08976013533237,Göksu Sitesi
29.157060100384765,40.98521756716955,29.158361901605105,40.9861204328322,Selvi Sokak
29.24026185086975,40.886060144095815,29.241497245516506,40.88742595582856,Mehmet Ali Tunga Camii
29.266924351223135,41.008595011326115,29.268295546419974,41.00954088781697,Aslı Sokak
29.086517135979847,40.97053188520221,29.0877048636989,40.97143211475846,Kadipaşa Sokak
28.7905957813178,41.032916860738126,28.791791219085503,41.03390813913818,Halkalı Camlık
28.991977154188778,41.07507947523007,28.994237128833007,41.07716326754222,Filiz Camii
29.01628030723865,41.020627445165154,29.017894992806607,41.021733054304306,Halil Rüştü İlkokulu
29.213456254505846,40.92188828224844,29.214839943971164,40.92280131781208,İğde Ağacı Sokak
29.22122612819466,40.905740652489364,29.22246807007741,40.906696547452846,Ferman Caddesi
28.886979107365796,41.10003471394364,28.888564887077717,41.101018686519836,Nene Hatun Parkı
28.854925523253492,41.029537827060516,28.85611447646014,41.03043817290099,Şehit Yılmaz Kağan Caddesi
29.052133626184965,40.9031557701435,29.05332017349997,40.90405602981736,Garaj
29.136732589749414,41.00327934202071,29.13834510563335,41.0045623581334,Osmangazi Caddesi
28.902392065768396,41.071040642575,28.9035817339374,41.07194095738631,Gebzeli Caddesi
29.088605794659216,41.00864988878654,29.0897942050187,41.00955011117412,Başkomutan Caddesi
28.909408552439807,41.02836284107058,28.91059744726544,41.029263158890735,Gümüşsuyu Caddesi
28.99704575301382,41.08097866610181,28.998473546682227,41.082011333539164,Genç Osman Caddesi
29.10145407845277,41.015313872069974,29.104584968565117,41.017579553696095,Gençlik Sokak
29.273456081221468,40.9380034685263,29.27460592080289,40.93892853102483,Palmiye
28.800000097566667,41.03550234631008,28.8011619060886,41.03643765340123,Tuna Caddesi
29.021833023056924,41.07794807944709,29.023879978778876,41.079319919542904,Nispetiye Metro
29.272146907434664,40.887417533914295,29.273433088691306,40.888309465936466,Yavuz Selim Camii
29.028567865870677,41.129819972040714,29.029741135755234,41.13077602757693,Çamlitepe
29.100370590877606,41.04841293319074,29.101601411602392,41.04929606669972,Şehit Sevgi Yeşilyurt
28.832474745786943,41.00394481936335,28.833663253930446,41.00484518059824,Zafer Mahallesi
28.762857350556754,41.0364165038307,28.76408164557382,41.03778749609844,Konut Birlik
29.237250795538433,40.89833430574818,29.238536205976157,40.899266693923096,Ayazma Caddesi
28.787311327205792,41.062048496425106,28.788922970591567,41.063081102273834,İMSAN Sanayi Sitesi
29.175423170138878,41.03984967489118,29.176753825865504,41.04075432504946,Çekmeköy
28.846122698380697,41.03348607747466,28.847491296753343,41.035113922191165,Atatürk İlkokulu
29.212580885093267,41.003968925082255,29.213769114565636,41.004869074877895,Sarıgazi İmam Hatip Ortaokulu
29.29348385525658,40.9198749175045,29.29504804206431,40.92081648276306,Prof. Dr. Hulusi Behçet Anadolu Lisesi
29.07242995501977,41.101214891409256,29.073620044659375,41.10211510855144,Siteler
29.132052096290533,40.86509139015665,29.133237903382682,40.86599160980388,Mimoza Sokak
28.83761030703305,41.05291782449581,28.838799692682983,41.05381817546575,Malazgirt Ortaokulu
29.25443867378245,40.88731313996152,29.255677329194004,40.88830085996666,Kinali Sokak
29.083270903516258,41.00548098737681,29.086799764012564,41.00816004202173,Esatpaşa
29.27889529849435,40.888894928044024,29.280196704723952,40.889792871937736,Koca Sinan Camii
28.800808507257948,41.06113463731272,28.802764490201586,41.06210106318111,Bahariye Caddesi
28.85937762642552,41.02812464054575,28.861780804640993,41.02971911078649,Güneştepe Mahallesi
29.2139973688385,41.00584212566002,29.215185630820162,41.00674227430013,Lise Caddesi
28.923989732892675,41.01997964425725,28.925178466810436,41.02087995570404,Topkapı
29.05452499547055,40.97370937634211,29.055712804213076,40.974609623618704,Çiftehavuzlar
29.25668187847412,40.984417537102516,29.257869721178295,40.98531766285749,Hamidiye Caddesi
29.276468796654942,40.95523823424639,29.280566250477566,40.95732516215347,Defterdar Sokak
28.87100522334478,41.03310465297069,28.872314778629296,41.034121347026534,Gençosman İmam Hatip Ortaokulu
28.77786767592057,41.009729806260005,28.77905632380518,41.01063019370175,Dr.Sadık Ahmet Caddesi
28.869289693304655,41.0111628292995,28.870478306406984,41.01206317066197,Kınalı Caddesi
29.07601920676148,41.042554557735556,29.078308345123737,41.043778127529315,Altınköy Sitesi
29.1199946943733,40.954284193612615,29.121182105300534,40.95518440634794,Küçük Yalı Lojmanları
28.780117196319143,41.06311181099261,28.781306803405634,41.06401218896915,TEM Yolu 2
29.11309131800858,41.03805204592624,29.114432682069783,41.03933195296829,Evliya Çelebi Mesleki Ve Teknik Anadolu Lisesi
28.88079172377084,41.008207832033925,28.881980275939068,41.0091081679275,Mehmet Akif Caddesi
29.229520998854323,41.0031969301954,29.230709200801986,41.0040970697647,Ravza Caddesi
29.123423504117994,40.863840887534124,29.124609295556557,40.86474111242645,Manastır
28.79096568449911,41.01746492457872,28.792313318542128,41.018539075449105,Karbosan
28.753589252008737,41.055984803988274,28.754778747720206,41.05688519597355,Garip Sokak
29.079467976935177,41.08033886967669,29.081104030609296,41.08180113065289,Göztepe
28.81722521295777,41.062610820132306,28.81841478676128,41.06351117982932,İSTOÇ 22.ada
28.8581067919405,41.05001704140828,28.859330207754628,41.05110095822005,İtfaiye
28.92029779593695,41.086940291616955,28.9215992056168,41.08825670786747,Özpınar Sitesi
28.922586402537615,41.04553284588774,28.923775597165392,41.046433154073526,Düğmeciler Caddesi
29.21211274928277,40.9324058366624,29.21388855391076,40.93372926308035,Aydınlar Sitesi
28.78570898854671,40.98557861463993,28.79130037060193,40.98793709143493,Florya
29.052181542082117,41.06003859324848,29.05352146383988,41.06176440639042,Yazmacı
28.975231183892866,41.096423473746114,28.976818820774728,41.09754447308668,
28.91172170764639,41.10018471024671,28.913036592193446,41.10116478967518,Şehit Teğmen Ali Yılmaz İlkokulu
28.935028758822554,41.006396846122485,28.93621724087903,41.00729715383874,Ali Paşa Camii
29.048564916427562,40.99341667620382,29.04975308325672,40.99431692375698,Fikirtepe Metrobüs
29.191654763111366,41.01214884388592,29.19291553505511,41.01311995607081,Sevdalı Sokak
29.241905169082493,40.96405506292449,29.24375663012029,40.96528103635958,Yeşil Sokak
29.12325121799572,40.9999214523528,29.124528782727662,41.00086754749909,Çamlık Mahallesi
29.28272617456641,40.928980380852174,29.284279827123953,40.92999861826941,Aliya İzzet Begoviç Camii
28.83042073169215,41.00543781896295,28.83160926802554,41.00633818099863,Fırın
28.91973063281009,41.06391929869013,28.92109376915814,41.06483210136355,Hamam Caddesi
28.946305944584534,41.06565008074558,28.947825261484315,41.06755611828443,Bilgi Üniversitesi
29.264347514414283,40.989598637227694,29.265555487504532,40.99053036269763,Sultanbeyli İlçe Emniyet Müdürlüğü
28.82255541421281,41.0322760529968,28.82378158456972,41.03334494625226,Fevzi Çakmak Caddesi
29.037575175950458,41.083770277202525,29.04100932944596,41.08621125311875,Cengiz Topel
29.15404677406933,41.119629687861064,29.15524922608841,41.12064431202149,Şehit Servet
29.1264325241135,41.142518355262155,29.127808483346527,41.143834644837064,Elmalı Köyü
28.977126745500232,41.044317701225786,28.97875011230351,41.04565294232931,Kurtuluş
29.185829875910066,40.994831739183034,29.188887821304583,40.99684871283948,Kadosan Girişi
28.813591793999837,41.00286381838636,28.815674556768922,41.00487390181512,Kuyumcukent
28.96835431430909,41.057127859040484,28.9695436853867,41.05802814092062,Halil Rifat Paşa
29.292215751313023,40.910543829818884,29.293422049683677,40.91158006974891,Üstün Caddesi
28.86954049238485,41.033518831115195,28.87072950732649,41.03441916884626,Çınar Mahallesi
28.868364637374047,41.103356172010784,28.86968385916639,41.10425812792648,75. Yıl Ortaöğretim Okulu
29.15413521457024,40.99678877920205,29.15643385853447,40.99876961615335,Dudullu Otogar
29.094461155198815,41.0436469308629,29.09579684083339,41.04455306909012,İslambey Sağlık Ocağı
28.805513455317243,41.02238848749915,28.806746539701415,41.02388251242163,Nasreddin Hoca İlkokulu
28.937898218846833,41.14120839050237,28.939327782447137,41.142125609562434,Göktürk Yolu
28.913066529674794,41.031035042241335,28.914255470029858,41.03193535771999,Çevikkuvvet
28.88038662561404,41.10122277006012,28.88166937599682,41.10215122959259,Esentepe
29.228523973423773,40.883131920492055,29.22971002623443,40.884032079468106,Sapanbağları
29.085865077779594,41.08767660218511,29.09051305042219,41.08994167645125,Kavacık
29.168352236601528,40.953463854331154,29.169857862373803,40.954378445771816,Narcıty C Kapısı
29.007674255280858,41.06525687042651,29.008863744408757,41.066157129534446,Telefon Başmüdürüğü
28.81427289083041,41.03052847006511,28.81556711125871,41.03142952992216,Metro Market
29.08628912881189,41.03046380669181,29.087532874485962,41.03183519314569,Sağlık Ocağı
28.824636749528707,41.06392149593171,28.82733754063499,41.0661133954834,İSTOÇ
29.159218381124727,40.94629790452775,29.16040561854319,40.94719809543267,Hacı Mustafa Özyazıcı Camii
28.87276171081962,41.00934483005047,28.873950288891518,41.010245169910974,Parlar Sokak
28.892559541933682,41.05954645745989,28.893783457453136,41.06062354207072,50.yıl Caddesi
29.086643724021297,40.983019686216316,29.087831675657267,40.98391991374437,Mengi Sokağı
29.059825609417878,41.018227902579476,29.06109239172304,41.01916109721225,Küçükçamlıca Caddesi
28.81023157477722,41.09050055551458,28.8115704274414,41.09154344449297,Villalar
28.912849973617675,41.0720231706773,28.91426322925587,41.07294672944545,Gaziosmanpaşa Spor Kompleksi
29.074415884637737,41.04253318737863,29.07560491504191,41.04343341258209,Besteci Sokak
28.87817899458693,41.02531226124268,28.879814672767427,41.026663555712496,Karagöz Sokak
29.042016590767563,41.02053270411573,29.0497866475536,41.02389061712635,Altunizade
29.27688573882089,40.8960479142898,29.278242162972326,40.89699698517012,Afet Koordinasyon Merkezi
29.112154417409855,41.10996318563728,29.113375579374868,41.11092981416254,Gazi Tufan
28.78927334258059,41.04721381207686,28.790729658802608,41.04830818780395,Kutlutaş Blokları
28.897894261758424,41.1011314439576,28.89912373854755,41.10224955576069,İsmet Paşa Caddesi
28.9396909376266,41.06794870574844,28.94128006546272,41.069679292552,Esentepe Park
28.994020262979063,41.07895197311488,28.995616733515533,41.08018002694651,Okul
28.839941067438435,40.96838281846347,28.841128932278234,40.96928318149811,Demiryolu Caddesi
28.812461333237593,41.049081817883334,28.813650666482353,41.0499821820783,Ordu Caddesi
28.890336694072946,41.01086218907619,28.891627307971138,41.01176281090942,Örnektepe
29.09192416702206,41.09353766154346,29.093299129773253,41.09503453798057,Yakut Sokak
28.958196381646758,41.05129292434122,28.96009975699211,41.053761004146196,Cemal Kamacı
29.132922141876392,40.985966154446544,29.134481327233587,40.987792069543815,3.Cadde
29.106174742145257,41.02017444273996,29.1076622609902,41.021344557291776,Reşitpaşa Caddesi
29.19167574778325,40.9172223685367,29.192888952354433,40.91828453125193,Şehit Oktay Karakelle
28.774948817648305,41.06536829689055,28.776412183376536,41.0664557029336,Ağaoğlu Çarşı
28.818477498960867,41.021327267034366,28.81967150086411,41.02230673291793,Ali Duran Sokak
29.27194938291402,40.91903268511378,29.273171515582913,40.92019401480117,Aydos Kavşağı
28.976323145828307,41.073284814460486,28.977552858247375,41.074301185398625,Gür
29.091621948947008,40.97427779512721,29.093167044880364,40.97559970508598,Eski Köşkler
28.912047889551925,41.10146143629569,28.91323760967621,41.10241506355779,Sekizevler
28.795566530208003,40.96640105464399,28.798510930953974,40.969027672864634,Belediye Tesisleri
29.21424022001639,40.93496670202913,29.215870672497253,40.93640609829042,Adnan Kahveci
28.885589761943905,41.065711013998374,28.887018538573177,41.066766585793744,Kaptan Ahmet Erdoğan Anadolu İmam Hatip Lisesi
28.82860336858069,41.027458209843964,28.829950632113686,41.02836579016051,Hürriyet Mahallesi
28.888678738607616,41.016703901782726,28.890488264812237,41.01804909796067,Santral
28.96048068162178,41.07743191640992,28.96531140655166,41.080834054276856,Nurtepe
28.893104591371706,41.0692759367696,28.89431540894972,41.07034406307187,Poligon Caddesi
28.877596449725146,41.03856483358613,28.878785549984876,41.0394651663753,Esenler Sanat Evi
29.1305802815825,40.94500299597972,29.131767518089838,40.94590320398085,Yeni Yol
29.116116476540515,41.00661112493422,29.117336321130118,41.00755627493281,Şelale Caddesi
28.88085662886875,41.079739725835545,28.882254671371072,41.080645374141234,Şehit Gökhan Topçu
28.974054316052698,41.05716086058815,28.97524368364223,41.05806113937291,Bomonti-tünel
28.940168139617345,41.079660309882826,28.941361462501007,41.08057929000036,Güngören Caddesi
28.882073134358073,41.09052930069496,28.884370870619264,41.09160570031138,Üçyol
29.093183847358983,41.01511665017489,29.095457502114197,41.01639307398123,Esenevler Muhtarlık
29.102477098180994,40.96426998930871,29.103664701495386,40.96517021065191,Şebnem Sokak
29.042390057968838,41.03439085495607,29.044538887742224,41.03882082932566,15 Temmuz Şehitler Köprüsü
28.809852598199406,41.0347781001331,28.81109230120366,41.03592269963225,Basın Ekspres Caddesi
29.286061114214718,40.92860812423351,29.287390291568148,40.92979497579339,Manolya Sokak
28.773356127901557,41.04737197748804,28.774829874259016,41.04830102265669,C Kapısı
28.880517599106792,41.02206783304867,28.881706400603,41.02296816691275,Sancakli Caddesi
29.21765393806729,40.88252488949032,29.21905106289777,40.883578110397295,Pendik Kız Anadolu İmam Hatip Lisesi
29.127633511148538,40.97760204881573,29.128794786713787,40.97854825052649,Fidan Sokak
29.22310914627876,40.897223022194034,29.225044657504345,40.89823507842106,Keresteciler
28.907482303026704,40.9971296802252,28.90882469908495,40.998063319151605,Olivium
28.982768414153348,41.03489419066217,28.988307429395995,41.04049341116264,Taksim
29.267292158686885,40.97767659226572,29.26855684283187,40.978600407444745,Lalezar Sokak
29.044367172719014,41.078071842363755,29.045888823070868,41.07902415792589,Küçük Bebek
29.20635863174057,40.90477845617942,29.213657702018825,40.90801549718005,Kartal Köprüsü
29.234039638126482,40.874548931684465,29.23548816967334,40.87593846853528,Pendik İDO İskelesi
28.90263120188311,41.09765105450366,28.905546796471697,41.09859994603942,Fevzi Çakmak
29.05445271389239,40.904627870913544,29.05563928579217,40.90552812904728,Günseri Sokak
28.775106585844156,41.01541177704577,28.77668641420149,41.01631722290185,Papatya
29.00420134645098,41.09293431852537,29.006842567896417,41.096783678156285,Sanayi Sitesi
28.860597028747023,41.06727722848641,28.86181896881299,41.06850777144468,İkiz Kuleler
29.27510464096552,40.98980040009641,29.27644335938764,40.99070559988726,Aygün Sokak
28.89305386394471,40.993067834030015,28.8942421357635,40.99396816593137,Veliefendi Mahallesi
29.036697326377922,41.077604004723554,29.03832647124594,41.07854679556653,Bağ Sokak
28.806902295788873,41.053037816809805,28.808091703931893,41.05393818315188,Süphan Sokak
29.09742356059345,41.041333630498954,29.10028857723046,41.044381284996824,Güney Sokak
29.226200870188126,40.983959527672184,29.227388729468966,40.984859672287946,Kafiye Sokak
29.048925128371167,41.09097849211761,29.050509869456786,41.091914508122514,Taşlıbayır
29.0342649430349,41.013058787268854,29.035545051776147,41.01416221256251,Paşabahçe Blokları
29.150552290019967,40.90858463374171,29.152430406648048,40.90956646684291,Orhangazi Caddesi
29.055730795454732,40.96870949238254,29.05777653473443,40.97047721229813,
29.114590501945976,41.11627119084932,29.11594749642426,41.11718180918689,Şehit Erol Marangoz
28.887800556167765,41.02836944762068,28.889119440105553,41.02943655234404,Üniversite Camii
29.1093312963339,40.953608890458945,29.110518703341572,40.95450910950167,Özdoğru Sokak
28.86177067709026,41.012683827489624,28.862959322622515,41.013584172471845,Umut Caddesi
29.14519521648782,40.98857338097234,29.14699174881291,40.98996170325197,Ataşehir Minibüs Son Durak
29.14488667287,40.97271127265492,29.147309168475477,40.97375004837331,Yeditepe Üniversitesi Alt Kapı
28.796582542506233,41.0798755536258,28.798395666198,41.08232948626499,Turgut Özal
29.024848623610648,40.99063941702594,29.026415527303918,40.99164498478028,Kadıköy Çarşı
29.20882567019149,40.93134184001673,29.21013393099231,40.932247659991845,Öz Barbaros
28.972652298591417,41.07469061752136,28.973994698419155,41.07559938247384,Çağlayan Yokuşu
29.035003673032563,41.108749081430275,29.03619392665227,41.109649318530565,İMKB (Vadi) Yurtları
28.826361789786326,40.99981000783617,28.827704207118845,41.000718992159015,Akşemsettin Camii
29.065417239980714,41.09920651388264,29.066752904805647,41.10048861246459,Kanlıca
28.946198793753233,41.04371924462267,28.947790103608696,41.04466305565999,Güner Akın Anadolu İmam Hatip Lisesi
29.057106893280626,40.88465557010067,29.05829310640378,40.88555582986014,Madam Marta Koyu
28.90871364210137,41.01443610921911,28.913306140595697,41.017924869475614,Cevizlibağ
28.92773286807479,41.0609670354543,28.929040030500346,41.06187256454109,Karlıtepe
28.88263987134768,41.080760638196004,28.883829728361054,41.081660961765394,1137.sokak
28.90321125366087,41.0673998838339,28.904523747312396,41.06839811612653,Hacı Çeşme
29.24768093821733,40.98617478579725,29.2491444651017,40.987111214404706,Alaattin Cami
28.94916877767095,41.05470819316661,28.951305227264736,41.05626380636764,Üniversite
29.100205995842476,40.96882907063049,29.102692535286366,40.97181950687527,Fatih Sultan Mehmet Eğitim ve Araştırma Hastanesi
28.77590606559184,40.97588668890828,28.777156936564992,40.97686131105204,Menekşe
28.870718977231807,41.09524553727612,28.872088918403648,41.09683006235726,F Caddesi
28.94712913332475,41.087464555703036,28.94831906637394,41.08836484425814,5. Levent
28.953074210307783,41.007329985867905,28.955182002004832,41.00872541885912,Laleli
29.181339979588298,40.888537379373695,29.182774516764177,40.889683120705804,Üsküdar Caddesi
28.944727441690766,41.01796587824227,28.945901959933362,41.01893152132974,Balıpaşa
29.242938551712765,40.98859596370159,29.244146448726376,40.98963603606272,Hilal Caddesi
28.80664980961673,41.11922077146251,28.807974184508474,41.12039132844365,Sular Vadisi
29.06434521688993,41.04280993797931,29.065541585437806,41.04400016195875,Güvercin Sokak
29.20895684310186,40.89684591559532,29.210143156559134,40.8977460843649,Kıbrıs Şehi̇tleri̇ Cami̇i̇
29.276190501889413,40.996525099304215,29.27738749752103,40.997541900652784,Kılıçaslan Caddesi
28.936572554822558,41.04254373878791,28.93869870013657,41.04730541053479,Feshane
29.137214443289068,40.93343331322105,29.140940050675603,40.937143453291796,Maltepe Köprüsü
28.82240055269971,41.03557252206003,28.823682443609353,41.03660947784476,Üsküp İlkokulu
28.91203580147356,41.07678543729272,28.914008230823157,41.077874992048365,Şehit Bülent Üstün Parkı
29.036573871484894,41.08162733549472,29.03872737654723,41.083192372689815,Basın Sitesi - Huzurevi
28.77380626249433,41.05529525436828,28.77626979630619,41.05785792131289,Atakent Mahallesi
29.010083348010916,41.05947028104533,29.01181766135963,41.06109371943012,Balmumcu
29.062682700833818,41.001854104684305,29.06391529967049,41.00299389503042,Baraj Yolu Alt Sokak
28.83564374617035,41.02526178255628,28.836943252736646,41.02621621714311,Barbaros Mahallesi
29.13241984806547,41.00179513336578,29.13459754705518,41.00284026767087,Şanli Caddesi
29.15910595545914,40.91714136037629,29.160315544497195,40.91819703946938,Kır Sokak
28.8557845762076,41.030151254116575,28.857314777852274,41.03109308291698,Eski Köy
29.18148211559411,41.03035487250514,29.184803340545056,41.03153333211222,Refah Camii
29.08687337176874,41.14749177019383,29.08829282959737,41.148564229721394,Ortaçeşme
29.064682762725703,41.03175329578413,29.06602623602873,41.03266170424124,Dereyolu Uzun Sokak
28.921189042321448,41.092289201388695,28.922870816140428,41.09400775684722,Fidanlık
29.062591940818663,40.88356987866482,29.0643565581588,40.884490721522866,İlkokul
29.305930643912937,40.93958759371375,29.308339649249344,40.94130970605369,Dedepaşa Caddesi
29.116972689943008,41.0084599907018,29.1182470101884,41.009629308694656,Cevahir Caddesi
29.007487743456643,41.018205346074765,29.009551843166506,41.020207154786675,Kız Kulesi
28.936047959271047,41.03711039016532,28.939098726596015,41.04003886392256,Ayvansaray
28.798475453190775,41.05760678925575,28.800097543594017,41.05940419325049,Bahariye
29.091426482457237,41.02019943074482,29.09268321892076,41.021164469233824,Dörtyol
28.96176673825728,41.07052274423351,28.963037460685648,41.07174435545042,Kağıthane Su Sarnıcı
29.14278760886674,40.9406696110518,29.143979693088482,40.94181618889201,Atatürk Caddesi
28.86872767703655,41.06297382248513,28.87012652579851,41.06407647754914,Aritma Tesisi
29.17347977465153,41.00105855575117,29.175317119543664,41.002503344433386,Deniz Feneri Sokak
28.805632245553802,41.09394640582416,28.807071648714246,41.09518269427737,Misstanbul Evleri
29.304595591379652,40.957097171093324,29.305800408047766,40.95815082883659,Amasya Caddesi
29.079011936558505,40.99501424283173,29.080819056754617,40.996066758087444,Örnek Mahallesi
29.197913588376295,40.966906419511645,29.199749845999076,40.968947614448545,İsmet Kuralkan İlkokulu
29.00057917677378,41.12150085404805,29.00212828601413,41.12319632859325,İETT Ayazağa Peronları
29.086910642505,41.025507889620094,29.088099357172936,41.026408110340576,Ümraniye Merkez Camii
28.93458380425937,41.012839934388985,28.937413182872714,41.015059065964564,Çapa
29.0812970220084,40.9967826902403,29.082520077479852,40.997863209318886,Öğretmen Evleri
29.1804357579478,41.00062380569853,29.18177424277456,41.001635194222835,Des Bankalar
28.889981555395487,41.10445636821436,28.891494443760774,41.105368631869844,Gazi İlkokulu
28.978041380020215,41.08350956373582,28.97923121967376,41.08440983622526,Boss Turizm - Kağıthane
28.748506820563748,41.04606919458107,28.749726180395225,41.04719880526528,İstanbul Caddesi
28.803815984991907,41.09851448500635,28.805115018257673,41.09955651498177,Kanlıca Sitesi
29.16755523713085,40.990555428014495,29.16871556659883,40.99149457170304,Üsküdar Caddesi
28.783090408800383,41.06183331162091,28.78427999092395,41.062733688340835,Küçükçekmece TEM Yol
28.909139762437448,41.07630941574925,28.910476133315118,41.077408384226054,Şehit Sezer Önder Caddesi
29.102109989233398,41.0265648258238,29.103467810508985,41.027569974071106,Ümraniye Merkez Anadolu Lisesi
29.150277903316734,40.98017938709579,29.151640092428575,40.98129861291742,Fatih Camii
29.238430446682678,40.966986068668334,29.239715954635745,40.96792313105482,Zaloğlu Rüstem Caddesi
28.85760650022479,40.99270822554209,28.859027503480597,40.994326773648424,Çocuk Sitesi
28.798971295064224,41.047385177640784,28.80135360420887,41.04830022258873,1.Etap Konutları
28.788241332748786,41.10984895049487,28.789538672532935,41.11097804946049,Üniversiteliler Sitesi
28.86695696559626,40.980749826318146,28.86814503411611,40.98165017364331,Zuhuratbaba
28.91105037491862,41.048154843052295,28.912239624786125,41.049055156909006,Uluyol Caddesi
29.112554327254173,40.95029489113507,29.113741672420858,40.95119510882551,Yüksek Sokak
29.196462650767412,41.00415129442148,29.197704350949493,41.00538770536227,Şehit Prof.Dr İlhan Varank Eğitim Ve Araştırma Hastanesi
29.221026656966686,40.918214920943896,29.222213342692157,40.91911507901628,Eni̇s Akaygen Sokak
29.21906887975587,41.01781467389611,29.22031861843006,41.01877642604908,Şimşek Sokak
29.07265785402002,41.007053446882495,29.07427164899721,41.008289053038766,Devlet Su İşleri 14. Bölge Müdürlügğü
28.801618920834816,41.091553190215606,28.803130977167996,41.092481309956284,13.Cadde
29.213576216326924,40.96709692249844,29.214763783332362,40.967997077461725,Mektep Sokak
28.797253365006867,41.07641328655406,28.79909704509003,41.07812411684111,Triko Center
29.099178957808245,41.01799675168963,29.10081082090209,41.01900079972209,İstiklal Mahallesi Muhtarlığı
28.792761934469258,40.980164377761234,28.793985064968666,40.98127262207987,Şenlikköy
29.26873009792295,40.959640495843466,29.270240894329095,40.961036504361324,Mehmet Akif Mahallesi
29.193195155499165,40.8960846692382,29.194381844365914,40.89717503071533,Karayel Sokak
28.962118452993447,41.04992416291476,28.963313750993013,41.05128923701365,Piyalepaşa Caddesi
28.901650836727534,41.080786455369754,28.902915667894476,41.08230674444125,Yenievler
28.9398126645767,41.05616306194565,28.942146768024866,41.05736222621313,Eyüpsultan Devlet Hastanesi
28.848281602659625,41.10842934194775,28.84998730835258,41.11015355861887,Şehit Furkan Doğan İmam Hatip Ortaokulu
29.054315899943138,41.091607830184984,29.055828097445666,41.093195168664906,Necipbey Bağı
29.087025080029044,40.98354448888679,29.093423031724846,40.987264351471595,Yenisahra
29.073678798904833,41.024802908213985,29.075627065526234,41.027191860366166,Abdipaşa
29.04475634228272,41.14228765887038,29.045926655812128,41.14323634061309,Meydan
29.172437424707873,40.93280275613196,29.174681294672464,40.934197244753946,Sinan Sokak
29.035729213883595,41.05932099486049,29.037336812714074,41.060923659996014,Kuruçeşme
29.263135718163124,41.016655419232066,29.26438057980294,41.01756588030808,Hilal Mahallesi İlköğretim Okulu
29.14668824386295,40.95814571995434,29.148831763870607,40.95929628149251,Başıbıyük Mahallesi
28.83035310184925,41.01826451331984,28.831503895854567,41.01919148602823,Tuğra Parkı
29.217237216430036,40.89088612148967,29.21873757999645,40.89253827758934,Şehit Üsteğmen Gökhan Yavuz
29.096920283627956,41.11196202406163,29.098232014410506,41.11286717592273,Paşabahçe Mezarlık
28.947538703458548,41.00636456123294,28.949022299257518,41.007517438765426,Langa
29.163781817078085,40.93773299710169,29.165078083385776,40.93871410283177,Battalgazi
29.255018371485015,40.9597895064978,29.256215628001915,40.96080749345472,Yahya Sokak
28.881185777650778,41.08451004434782,28.882586822529824,41.085415055623294,Karadeniz Mahallesi
28.817197862649664,41.0095245236685,28.818612133014852,41.01068247640314,İhlas Evleri
28.915628991995384,41.028585290874965,28.916919011398907,41.0296267091039,Maltepe - Şehit Onur Ensar Ayanoğlu
28.785926847717864,41.10197281546241,28.787117152005568,41.10287318449931,Arterium 5.Kısım
28.83868868602934,41.021562652866386,28.839896315539626,41.02270834704528,Hastane
28.954435299433985,41.058228855372484,28.955624700263957,41.05912914458865,Örnektepe Meydan
28.78764881896935,41.03638610601818,28.788902170617764,41.03846789386609,Koca Ali Sokak
28.81259037822781,41.01790723978235,28.813883623735023,41.01880876020678,Halil Bekmezci Anadolu Lisesi
29.106274064205515,41.05005402102129,29.10798891533412,41.05191088515423,Kuran Kursu
29.26024014137639,40.89515128534221,29.261634260605582,40.89622941464394,Mimar Sinan Caddesi;Mi̇mar Si̇nan Caddesi̇
28.934413628870825,41.14451920857171,28.935762363837572,41.14579579134776,Cendere Orman Yolu
28.859731360091203,41.05667548821809,28.860927639065277,41.05767351151034,Oruçreis Mahallesi
28.760709948596322,41.054389702270825,28.76216905260881,41.05539629716662,Kanuni Sultan Süleyman Eğitim Ve Araştırma Hastanesi Girişi
28.85799011701418,41.06872178956499,28.859358884254025,41.069762210382834,Akasya
29.147104328609483,40.95163330135867,29.148291671060225,40.95253349860178,Süreyyapaşa Türbesi
28.869783001094728,41.08806383545103,28.8709729986159,41.0889641645104,A Caddesi Parkı
29.27865656449848,40.98119077433012,29.28000643879787,40.982101225723845,Altıntepe
29.049411720159384,41.07944307730143,29.051046278534265,41.080366922879556,Boğaziçi Üniversitesi
29.252406379065757,40.92527011777119,29.253602519964815,40.926313482188604,Orman Caddesi
28.912978046741276,41.002906246202514,28.91421064529967,41.0047119537044,Zeytinburnu Anadolu İmam Hatip Lisesi
28.803301538203286,41.09191402505385,28.80454146575962,41.093337974807476,Çamlıca Evleri
28.839211306549604,41.029956453236395,28.840505691180674,41.0309625467398,Hoca Ahmet Yesevi Caddesi
29.00078726932391,41.0634198683845,29.001976730366813,41.06432013157649,Mecidiyeköy Vergi Dairesi
29.094241156000145,41.10017342753825,29.09552234965146,41.10181207224636,Hobi Bahçesi
29.147459661462523,40.936811800303374,29.148646738207336,40.93771199965709,Meydan Sokak
29.035138638656402,41.11666371607304,29.03649151994899,41.11876805903203,Site Yolu
28.85153614014719,40.98751688455029,28.853124128232718,40.98857892513828,Sinan Erdem Spor Salonu
28.833204402602536,41.13213235767094,28.835084781197615,41.13369725617541,Habipler
28.86474915042548,41.022193959558244,28.866549014625505,41.023482707669004,Yavuz Selim Camii
29.096942315927738,41.01515799225804,29.09812668267734,41.01613300735109,Talatpaşa Caddesi
28.862055306826214,40.99441179752493,28.86507350942521,40.996142081887626,Bahçelievler
28.776365688339258,41.00829380578044,28.777554311386723,41.00919419418133,Güvercin Caddesi
29.070331623352253,41.00575377028525,29.071628374491038,41.00675922969615,Köprü Başı
29.068543615631498,41.079487937462645,29.070500751540813,41.08109645850208,Boğaziçi Üniversitesi Anadolu Hisarı Kampüsü
29.167325522573957,41.05663164041457,29.16869357794616,41.057655359454365,Reyhanlı Çıkmazı Sokak
28.99540473769714,41.122125871505176,28.996595261993637,41.12302612845581,Ayazağa Dereboyu
29.199106006641895,40.968849775539326,29.20039399320004,40.969750224428,Anil Kaan Berköz Sokak
28.88049869606312,41.1222528408934,28.88168930364544,41.123153159067996,Cebeci Köyiçi
29.14034715658912,41.00396590346407,29.141535443080897,41.00486609649638,Hicret Sokak
29.03693863844585,41.02387887532359,29.038127361239805,41.02477912463729,Üniversite
29.29027519354163,40.960546361712765,29.291468404310272,40.961686138241845,Mecidiye
29.221366689971386,40.914538920760066,29.22255330968744,40.91543907920013,Yakacık Spor
28.787412906584816,41.05793283370882,28.788579091378335,41.058883165682516,2.Etap Konutları
29.05508548460064,41.114227751519195,29.05632051519177,41.11533824804679,İstinye Devlet Hastanesi
29.211143096090897,40.917364742090754,29.21243180081335,40.91838925785182,Soğanlık Mezarlığı
28.86322239982526,41.09158811011075,28.864761290523628,41.094103693833006,Hacı Şükrü
28.77381254055804,41.0139432776343,28.775234459426226,41.014973722141654,Menekşe
29.11321724819722,40.9728999397443,29.11444484867331,40.9738727600813,Yeni Yol
28.752700025893223,41.05274791005505,28.754056972382656,41.05365908998118,Cumhuriyet Caddesi
29.17881434062388,41.08527490993479,29.180173656971895,41.086187090097795,Kestanelik Caddesi
28.95266185294148,41.0855070570332,28.95385174675638,41.08640734292796,Bayramoğlu
29.270334358494345,40.91525384705949,29.271556638398277,40.91622215275576,Battalgazi
28.788104599085283,41.09636041555777,28.789294800637858,41.09726078440395,Sabahattin Zaim Caddesi
29.084337439046855,41.06366616628583,29.08630255530282,41.064713834694466,Errahman Camii
29.127955251553544,40.9839975261052,29.129217346164353,40.984907273305524,Taçspor
28.78564960855012,41.01750580877601,28.786838391174328,41.018406191185704,Yeşil Camii
29.16612334681261,40.95842476752685,29.167522660491088,40.95975023261331,Büyükbakkalköy Yolu
29.073746963696316,41.046019447719786,29.075058234933806,41.047019052270905,Gelincik Sokak
29.267701845807487,40.910933702893985,29.268897257205982,40.91179959690205,Sarıgelin Sokak
29.06600099404595,41.02012480013731,29.067763111020525,41.0215231999086,Çamlıca Şehit Onur Ensar Ayanoğlu İlkokulu
28.80215787460188,41.069853851569036,28.805458368447447,41.07241026139019,Demirciler Site Cami
28.87149330806827,41.03866672841464,28.872954689907314,41.03977327157671,Üçyüzlü
29.28226298286598,40.95358649771257,29.283599919611643,40.95463830230486,Eyyübi Caddesi
29.218509937023416,40.909100700829285,29.220115505077043,40.91048960445561,Ilgin Sokak
28.861394001690073,41.00055438628805,28.862706994095245,41.00163661365216,Yayla
29.256783108201873,40.98861898246791,29.258965093518565,40.989588517808556,Sultanbeyli 100.yıl Stadyumu
28.98130352323383,41.048995158581654,28.982649478111508,41.05035684061595,Tepe Üstü
28.80190604687355,41.114557642071915,28.803403950223817,41.1154933581328,Safir Evleri
29.151122818318353,40.95546587938246,29.152383083279112,40.956363820589324,Şehit Bekir Bayrak
29.269945694879418,40.94271487782323,29.271380302300315,40.9438311222298,Kuran Kursu Caddesi
28.794879306099585,41.045017769213054,28.796200694829786,41.04602123073957,Cumhuriyet Caddesi
28.831771719256018,41.045120683286804,28.833034277669217,41.046121316612975,Başak Sokak
29.114176179295285,40.96687589290451,29.115363820379272,40.96777610705607,Alanaldi Caddesi
29.198605941893174,40.97594977596831,29.199794057971573,40.97695022399176,Sima Sokak
28.989796046410213,41.0877058672714,28.99098595328188,41.08860613268961,Şirintepe
29.148729903082312,40.914621720650764,29.150189797259124,40.915657379005275,Tugay Yolu
28.88448749970071,40.99510797636152,28.886217186651354,40.996065200964644,İbni Sina İlkokulu
29.249802647081914,40.98801333123819,29.25182828539041,40.989866776087595,Kavaklık
28.922303314460656,40.98837226664558,28.92390178804912,40.98936903208577,Yedikule Sahil
29.062946563012968,40.98256395212563,29.064551440228414,40.98352384820551,Çemenzar
29.13450136319047,40.956488929465245,29.135762435249188,40.95745687050194,Marmara Üniversitesi Mühendislik ve Teknoloji Fakültesi
28.85421313694395,41.0591264447953,28.855490865991598,41.06001855514271,Ziya Gökalp Ortaokulu
28.796728962449226,41.00392874396354,28.798683033632788,41.005335255809264,Sefaköy Merkez
28.997273938784183,41.09821490053639,28.99867136314823,41.099132399542995,Asaf Caddesi
28.765467864812017,40.9962954337076,28.76674213722887,40.99760856596472,Meltem Sokak
28.838330704461736,41.00876182121875,28.839519295254696,41.0096621787428,Mevlana Camii
28.770708310588287,41.01118747686786,28.77222368762202,41.01220452218235,Kanarya
29.162670791490882,41.057025378924884,29.163983809152192,41.057930721070264,Bodur Sokak
29.233884966753962,40.92185379911183,29.235098035502247,40.9227982008056,Çamlıktepe
28.845407898142447,40.98745782134275,28.84659610157316,40.988358178618796,Çarşı
28.786029920725724,41.09388781485413,28.787220078997787,41.0947881851076,Yarenler Sokak
29.01015954513645,41.11295265872668,29.01298711701512,41.11461149763868,Cami
28.901148021299576,41.02038703828149,28.90233677840704,41.02128736167989,Askeri Fırın Sokak
28.89895981719504,41.109545844695035,28.900150182510817,41.11044615526629,Mevlana Camii
29.206340255741942,40.91769291643251,29.207526943919152,40.91859308352773,Sakızapacı Caddesi
29.195558721963366,40.89072803045947,29.196752276717852,40.89173596904027,Kartal Lisesi
29.020353313819673,41.046060782428356,29.021881685836316,41.0469642176098,Galatasaray Üniversitesi
28.888907604144162,41.09770946649347,28.891157581305148,41.10032990574289,Yunus Emre Mahallesi
28.97031548902787,41.0377968580573,28.971504510667884,41.03869714190379,İplikçi
29.186570111153607,41.03838442777316,29.188373822114738,41.04028598081798,İETT Çekmeköy Peronlar
29.141341789088266,41.12251191304213,29.14253221057994,41.12341208691831,B Kapısı
29.034203296461833,40.995048072300015,29.03539150322462,40.99594832766084,Şamfıstığı Sokak
29.118971926710568,40.84989778514459,29.12015747296485,40.850798014816,Aya Yorgi Kilisesi
29.032998164399963,41.075563980205665,29.034435936932237,41.0764824198657,Otlukbeli
29.25835790226017,41.00998598136174,29.259866094917754,41.01114301868158,Aday Sokak
29.021703762921277,41.0094048699386,29.022892236766914,41.01030513002233,Karacaahmet
29.02247860817112,41.05649234846284,29.023906390433037,41.05740765162139,Gül - Şehit akın Özcan
29.21417324154769,40.95959668099542,29.215559756848346,40.9605103190682,Fatih Mahallesi
28.894281938844227,41.047800897470275,28.897078361738224,41.04940485730789,Kocatepe Metro
29.257589638912982,41.001924082713394,29.25899035858946,41.002874516308914,Akyıldız Caddesi
29.145015678967404,41.02393490640332,29.146204320701617,41.02483509355714,Vadi Sokak
28.926355195885787,40.99558122619572,28.927702801521374,40.99649177381997,İmrahor
29.13894624124818,41.08908637361105,29.14028275626557,41.089994626389014,Değirmen Sokak
28.803181076449466,41.05982900212031,28.804373920623597,41.060691997161506,Mehmet Akif Mahallesi
29.077706450481294,41.06570140227684,29.079307045597258,41.06694799782246,İmam Şamil Camii
29.12728566760285,41.09257117992492,29.128824331991414,41.093648819482446,Kare Sokak
29.28289891270101,40.97065474420756,29.28408648694757,40.97155485575233,Atatürk İÖOKL
29.09430293988357,40.881001880432095,29.095489059795202,40.881902119528604,Ruhban Okulu
28.884976057604817,41.049079636319064,28.88616534210394,41.049979963642336,Yenihal
29.143027511295912,40.94590489083594,29.1454404893653,40.94735610707649,Başhekimlik
29.244961055738138,40.90648793592432,29.247080946734854,40.907478064505725,Kartal Cezaevi
28.712714652718713,40.990028979355266,28.714653803433183,40.991320919878035,Cihangir - Üniv.mah.
29.167400622560887,41.0215983931795,29.168732374588192,41.02264660682124,Çekmeköy Yolu
29.088463375064553,41.017617110292356,29.08976322113729,41.01867198963791,Namık Kemal Mahallesi
29.097757514502952,41.04019689389133,29.098946485173116,41.04109710606928,Özyavuz Caddesi
28.848169341859922,41.03897078355217,28.85010976039499,41.040319415744435,Mehmet Akif Caddesi
29.157775536517413,41.064217720380185,29.159034560973826,41.06511877895085,Baklacı Camii
28.889824692152693,41.01360884673439,28.89133530580663,41.0147421532282,Merter Siteleri
29.229955612763383,41.0170678511325,29.23121599005104,41.017955948790465,Burçak Sokak
29.121402049815284,40.86984188741374,29.122587949859476,40.87074211254685,Adliye
28.774473624342363,41.040028206639775,28.77575437066144,41.04112179320535,Toki 3.Bölge
29.0569072285465,40.99078170656895,29.058530572401303,40.99170679350882,Şehit Orhun Göytan
28.988829195239155,41.04969350227056,28.993454811046497,41.050925499414404,Nişantaşı
29.273655414738222,40.89979978756756,29.274924987856757,40.90080311241002,Pendik Mesleki ve Teknik Anadolu Lisesi
29.082836155002294,41.09215969077523,29.084034845256287,41.09317300913977,Kavacik Mahalle Muhtarliği
29.168693091542544,41.09019591861524,29.1698829081219,41.09109608134508,Dutdere
29.22086316315935,40.923654743217774,29.2227265845543,40.92483006681362,Aydos Yolu
28.99087526066892,41.0852650394481,28.994209514108764,41.08650506293488,Armağan Sokak
28.854155112098223,41.11063541247892,28.85880080367738,41.114034255484974,İsmetpaşa Mahallesi
29.276701579504294,40.91694883595117,29.278059920916213,40.91785536403864,Şafak Sokak
29.26587637702756,40.87078725732373,29.267861397340788,40.872619004773156,Pendi̇k Ağız Ve Diş Sağlığı
28.80031975230442,40.97213671044909,28.80231425498419,40.97324929078085,Füze Sokak
28.894878375094567,41.03346274325669,28.89606962296516,41.03457225669613,Yavuz Selim
29.07195365335577,41.04590598694086,29.0731427463242,41.046806213019856,Tesisler
28.966229702971404,41.0855233565298,28.967429000573222,41.08648944328421,AKOM
29.255335664331394,40.96488283847051,29.25719063195294,40.96587136215087,Alaçam Sokak
29.124600284380165,41.15492531319146,29.12584871668038,41.155850686648456,Poyrazköy Yolu
28.8344011892757,41.04431874797073,28.835854610043874,41.045382051873766,Ateştuğla
28.949674250610848,41.05235865363459,28.950863549087902,41.05325894632659,Halid Bin Velid Cami
29.126421898120167,40.95414219547803,29.12760930155268,40.955042404482526,5.Kısım
29.041254087195643,41.01727798770126,29.042541909959866,41.01829301224866,Güllü Bahçe
29.287462099290327,40.93604644697295,29.289230897684615,40.93701255349586,Şehit Hikmet Efendi Caddesi
29.169463390142678,40.93188441095508,29.1706764094584,40.93296018892058,Uçan Sokak
28.968661907993322,41.02450475656829,28.96985069170285,41.0254050433928,Azapkapı - Haliç Metro
28.918343716921147,41.086999512107305,28.919682279646025,41.087906687867815,Mevlana Mahallesi
28.800230145527358,41.10428242524317,28.804507902942063,41.10954162348133,Metrokent
29.119412721416598,40.97311697813326,29.120614377434617,40.9741925218193,İçerenköy Polis Merkezi
29.17138698426806,40.90284652520208,29.172844635944827,40.904136518593305,Atalar Merkez Cami
28.911742858195414,40.99442683902583,28.912931141509894,40.995327160935496,Zeytinburnu Stadi
28.803354318317172,41.05040681572289,28.804543681404162,41.05130718423879,Bilge Sokak
29.210680833371406,40.909217993504,29.212752165662856,40.91013900674861,Yalnız Selvi Caddesi
29.270655584747033,40.98151146312542,29.27235340573283,40.983108537323815,Altay Sokak
28.82943194642874,41.05164049488439,28.830853055436894,41.05260950442473,Karacaoğlan İlkokulu
29.097927187842412,40.97408453595026,29.101126516661562,40.978169052073376,Kozyatağı Metro
28.859332629946,41.062036727287385,28.860980373064223,41.062998273050546,Hz.Ali Camii
28.9996114817194,41.11994378753046,29.001006521715652,41.12151021174367,Yeşiltepe
29.01723230729059,41.044752282724374,29.01886669415411,41.045937716918615,Yahya Efendi
29.072141555791152,41.07894638958251,29.073331243888344,41.0798466103782,Anadolu Hisarı Öğrenci Yurdu
29.145173286481743,40.95625190115036,29.14636071318819,40.957152098810106,Şehit Orhun Göytan
29.113947540087032,41.011529260867526,29.115430459839757,41.01259473872099,Kader Sokak
28.891905949156538,41.02824276124912,28.89324625059275,41.0292347385463,İktisadi ve İdari Bilimler Fakültesi
29.024975723259583,41.13745394900098,29.032223808925114,41.140966456146664,Hacıosman
29.246034712825715,40.90122751115029,29.24744468876034,40.902202388273324,Siteler
28.82638763735498,40.98540386203284,28.829720783591885,40.98733890664098,Dtm Aktarma Merkezi
29.13102942319766,40.97605617340216,29.13231557465387,40.97705382657024,19 Mayıs Caddesi
28.931670470565514,41.08875067860276,28.933211924670527,41.09000092155258,Ulubatlı Hasan Caddesi
28.87096421785447,41.04091498837141,28.872143780210546,41.04189401091909,Çinçindere Caddesi
29.099200831715514,40.949227487184565,29.100388167961587,40.95012771277608,Altıntepe Mahallesi
29.067322643851803,40.8839551306238,29.06849055853696,40.88485806919942,Ayışığı Sokak
28.837859820928855,40.99577782008272,28.83904817878781,40.99667817987886,Türkistan
29.09400152431166,41.03894789271102,29.09519047536501,41.039848107249604,Şehit Serdar Eyüpoğlu Caddesi
28.896004948846937,41.09536665516266,28.897226051426237,41.09646234460702,Cumhuriyet Parkı
28.990547160876943,41.07504186648479,28.99173683881521,41.07594213347622,Kuştepe
28.89661740312022,41.10343054116991,28.898004594979803,41.104345458894585,Gazi Mahallesi
29.273759940089615,40.972654979164375,29.275072759196057,40.97364462080445,Mücahit Caddesi
29.27220649571904,40.898423023438546,29.273677401390614,40.89956357661817,Tandoğan Caddesi
29.07127026946811,40.996070957198846,29.07347572228931,40.997227044443896,Boğaziçi Sitesi
29.151668579693805,41.12569358233454,29.152861419526094,41.12666641747641,Şehit Cengiz
29.08113998061327,40.95945290396855,29.086567239080342,40.961198352491586,Suadiye
29.260354635271963,40.98085385887426,29.261670364978464,40.982115140226824,Sultanbeyli Ağız Ve Diş Sağlığı Merkezi
28.80630760891323,41.02504458083735,28.80764938876848,41.025980418393424,Muammer Aksoy Caddesi
29.050671140073955,40.999009599522466,29.0531028650737,41.000694399547164,İncirlibostan
29.12694197552823,40.98199822486942,29.12832592090936,40.98310637517389,Palmiye Sokak
28.906440133122334,41.067349494137744,28.908714122992404,41.07027758206873,Gaziosmanpaşa Caddesi
28.85210709591535,41.005976856364846,28.853422903248873,41.00688214364002,Esenler Sokak
28.893657051674214,41.027005542603476,28.89489964749277,41.02811205667603,Davutpaşa İtfaiye
29.2297821341943,40.98405034047436,29.232968083108187,40.9867406599035,Samandıra
28.91069325742507,41.061187843979496,28.911882742279577,41.06208815598181,Küçükköy Yolu
28.97735848943342,41.091976730132174,28.9788602024109,41.09339197006251,Başak Konutları
28.874066046153697,41.083229836174816,28.87525595355633,41.08413016378663,Masalpark
29.051711248072422,41.05551179773412,29.05351275557013,41.0568632020547,Kuleli
29.073805822305708,41.00494988426121,29.074994177374528,41.0058501156995,Fetih Mahallesi Muhtarliği
29.07573231565383,41.05183410211935,29.0770396879245,41.05273189785653,Bahçelievler Mahallesi
29.115898603080936,41.02049246759285,29.119691277631553,41.02253751904294,Ümraniye İSKİ - Şehit Emre Büyükyıldırım
28.90597636476928,41.04908684179361,28.907165634936245,41.04998715816771,Cemiyet Caddesi
28.95156344931176,41.024022879447735,28.952764551381588,41.02504112029932,Ali Naki Sokak
29.25129966698615,40.91228129705547,29.253002317528775,40.91349056755924,Yunusemre Camii
29.105386191445394,41.046963629652495,29.106656509022173,41.04790997024493,Ezber Caddesi
29.0946689595079,41.06589359864249,29.09584504195521,41.066853401030585,Nakış Sokak
29.147073139650583,41.13067708703683,29.1483458625038,41.13157291292626,Toygar Caddesi
29.15597735533484,41.016237258977114,29.15748964460242,41.017316140559785,Osmangazi
29.228345305989173,40.964552190859344,29.22958709540653,40.96546970891841,Cansu Sokak
28.976347910270004,41.02455765865726,28.977536689424976,41.0254579413038,Kemeraltı
28.803353336062855,41.054088533448855,28.804590465594533,41.054998666270556,Uğurlu Sokak
28.88204646482223,41.03705583461831,28.883235534887127,41.03795616534311,Cumhuriyet Meydani
29.057241475540888,41.016338730103335,29.058582523128667,41.01724726992087,Bilfen Koleji
29.19075690951927,40.99774224680859,29.191940891528862,40.99871235297402,Esenkent Mahallesi
29.10916578345407,41.01076889488647,29.11035421622065,41.011669105074134,Evtaş Bloklari
28.795656368275335,41.02577301480096,28.79697962966816,41.02667998519616,Hakan Caddesi
29.271573011381236,40.96821304892683,29.272797990521045,40.969432950928514,Gönül Sokak
29.233911446823967,40.973819963854766,29.235249356267563,40.9748904361734,Malkoçoğlu Caddesi
28.971790353394564,41.08169581690106,28.974526857698024,41.0829091502177,Bahçe Sokak
29.256210070889843,40.873794476094496,29.257626225315114,40.874722124019435,Ünzile Sokak
29.070772205026636,41.01787558440898,29.071960794653897,41.018775815551734,Bulgurlu
29.02800989615572,41.076295187925346,29.02948070674171,41.07744561209516,Etiler Anadolu Lisesi
28.88387463403846,41.01830983362324,28.885063365670845,41.01921016633818,Çeşme Yolu
29.263901727938734,40.95816852280891,29.265213272975256,40.959074477195664,Kardeş Sokak
29.055073519889056,41.017172890095196,29.056514873303602,41.01847211000735,Pulcu Kulübesi
29.09011387127158,40.993492857643034,29.092939183464345,40.99502806415819,Karacaoğlan
28.843192991834368,41.02881069181777,28.844560007032904,41.029720308219666,Mevlana Caddesi
29.084023984594918,40.96904065449137,29.08533132015331,40.97015424549903,Kazasker
28.88556288001548,41.02753238576074,28.8868681172312,41.028558614214376,Eğitim Fakültesi
29.16545245751695,41.06636794717067,29.166748944102686,41.06736725281924,Fazilet Cami
29.286440778658477,40.947057409239875,29.288115317418352,40.948031091236544,Salyazı Sokak
29.09878316239222,41.14779810705229,29.100285436603517,41.14889199279151,Şahinkaya Caddesi
29.056937039212073,41.107056533096085,29.058701285764915,41.10819076248613,Emirgan
28.981319006590393,41.09178086527613,28.982508993102957,41.09268113468491,Cemil Meriç Ortaokulu
29.112836933608126,40.93643024294333,29.1156480843817,40.93923111855159,İdealtepe Marmaray
28.969200807639126,41.07615925232971,28.971839205825535,41.078398548073714,Kağıthane Park
29.30435128941561,40.927386231295394,29.305517612371357,40.92834306823152,Atacan Akgül Sitesi
29.079400992192884,40.98492641156738,29.080854108497444,40.9858395884559,Mümin Deresi
29.079323927943964,41.027081060204466,29.081544093826697,41.028637577183524,Tantavi
28.87389400319205,41.08600882272775,28.875276998217405,41.087061177222125,Safahat Caddesi
29.069588200578917,41.07369098384442,29.070925800850716,41.074599816182065,Aksoylu Sokak
29.05883883579557,41.02536630715683,29.060151763813447,41.02634149265533,Hakkı Demir Anadolu İmam Hatip Lisesi
29.150303044340312,40.94196293227321,29.15146915357711,40.94292016703929,Zümrütevler Mahalle Muhtarlığı
28.858210410270175,41.03719066552524,28.859524591088576,41.038138334134516,Papatya
28.97964059221409,41.06659982390315,28.98240016465943,41.06782582066408,Çağlayan
28.826769978284766,40.997488709912886,28.828127019634078,40.998535290099106,Kudret Saraçoğlu İmam Hatip Ortaokulu
29.035000916328766,41.0778619323639,29.036177087306264,41.07880986739182,Ayazma Yolu
29.082998330236638,41.08253520630362,29.084285670342464,41.083772793080975,Bloklar
28.784226332159697,41.08307433270369,28.785657653132795,41.085703667047646,Saraçlar Sitesi
29.033211125153702,40.99181117176908,29.03439927453295,40.99271142819181,Söğutlüçeşme
29.04038784399089,41.020952891874266,29.04251483930935,41.022626661587,Şehit Erol Olçok
28.89953867029246,41.01487483742913,28.900727329414476,41.01577516253223,Ülkükent Sitesi
29.261424009793114,40.978375848770945,29.262747189383212,40.97934815093926,Askerlik Şubesi
29.03653560287528,41.07054861932619,29.037939591819683,41.07174118072946,Çiftlik
29.150965130306172,40.94044490162377,29.152152269363096,40.94134509833668,Akşemsettin Caddesi
29.06277079847049,40.97399761788987,29.06408209863972,40.975032882089295,Çiftekonaklar
29.174688276082342,40.98783079629927,29.175835221613873,40.98874700310747,6. Sokak
28.908620168063496,40.984599861636426,28.910210825065704,40.98598413863073,Beş Kardeşler
29.195479513465536,40.9021399856514,29.196732788657165,40.90303261429483,Beydağı Sokak
29.272242919750482,40.949066419334564,29.27363907885465,40.95046257980006,Fatih Ortaokulu
28.93064551010515,41.07888795461788,28.938744301813287,41.08143468254369,Alibeyköy İtfaiye
28.79206836740078,41.09649740164853,28.793527037590522,41.097722298485344,Dörtyol
29.19578111108675,40.996612896394595,29.19705188582504,40.9976211035174,EVPA
29.14813591080319,40.95366590182244,29.14932328886633,40.95456609813802,Başıbüyük Toki Konutları
29.00580354460362,41.041493268835566,29.009058571551464,41.04439993734276,Beşiktaş Peronlar
29.16200899659013,40.93005488409802,29.16319840312007,40.93101081586859,Sevtap Caddesi
29.26983855378104,40.89005189766795,29.271034345031747,40.89106430187489,Esenler
28.99716607545984,41.07369006819366,28.998355724231303,41.074590331767325,
28.953121152170173,41.08055643285337,28.95433784649043,41.0816055664288,Hacı Arifbey İlkokulu
29.227517016459057,41.00114622942077,29.228705183197583,41.00204637053936,15 Temmuz Stadyumu
29.269999620920565,40.884498709061575,29.27118197820571,40.88542619081881,Namık Kemal Sokak
29.15786689754402,41.004334457560766,29.160724034518285,41.005501086724095,İMES
29.185650092403538,40.979668750705194,29.18682590867385,40.9805907491783,49.sokak
29.063807095841145,41.020446968837966,29.06507580581334,41.02136903082774,Vefakar Sokak
29.26943043842126,40.92277808274989,29.270813599327536,40.923767777441064,Papatya Sitesi
29.1231301890476,40.982916810395814,29.124843811211104,40.983829989575874,Mustafa Kemal Anadolu Lisesi
28.88688664583805,41.01711183431034,28.88807535387082,41.01801216565105,Eşref Bitlis Caddesi
28.87128467653022,41.01310482996473,28.872473323181083,41.01400516999672,İlkyuva
29.11951026789093,41.035188499806395,29.120699131781862,41.036088700154146,Ümraniye Millet Bahçesi
29.127061857740507,41.00326489951125,29.128250141931563,41.00416510044926,Yunus Emre
28.907257782522187,40.98689709660352,28.908838227031307,40.98917090246345,Kazlıçeşme Sanat
29.236277476854397,40.89604791061441,29.237599323246354,40.89712997208101,Dinar Sokak
28.766865657758643,40.98548274514151,28.77381258815435,40.990727100313755,Küçükçekmece
29.086002876070374,40.99847122947862,29.08748842410891,40.99952197017243,Esatpaşa Mahallesi
29.1253188128484,40.93343965742845,29.126740886020983,40.934352242642596,Yüzevler
29.09720871349312,41.04916078795589,29.098452289097402,41.050046211948015,Güvercin Sokak
29.11274956574852,41.03513789783516,29.113938433925316,41.03603810212539,Akçakoca Sokak
29.095951640986215,41.06072286614199,29.097152357575577,41.06174113324603,Köşk
28.920470307246674,41.02298415093795,28.923210853621544,41.024751382610376,Bayrampaşa - Maltepe / Koç Üniversitesi Hastanesi
29.28452705724639,40.93989143994646,29.28587494184473,40.94087355969712,Orhangazi Mahalle Muhtarlığı
29.12737834124653,40.943011986631355,29.129490113095475,40.94580943339093,Mavi Evler
29.075869085336304,41.068334547350574,29.077115913772015,41.06926645248125,Çiftlik Yolu
29.17426698635967,41.03362774949083,29.17552001567592,41.034907250267146,Köyiçi
29.299278684564253,40.944143318249665,29.300636113413827,40.945096781045045,Şehit Kerem Çalışkancı
29.19484470159521,40.989223142975575,29.196046299298914,40.99024585668963,Eyüp Sultan Mesleki Ve Teknik Anadolu Lisesi
29.114508994368848,41.10970680418764,29.115699205303677,41.110606995772876,Karadut Sokak
29.12910341344666,40.997149099629794,29.130291586225177,40.99804930033072,Kadıköy Belediye Hayvan Barınağı
29.017532630528034,41.02396516992051,29.018721369160616,41.02486543004043,D-22 Üsküdar - Bağlarbaşı Dolmuş Durağı
29.157323068851547,41.02173836099185,29.16052053175982,41.02392109779314,Adem Yavuz Aile Sağlığı Merkezi
29.026539684059255,41.09168780421398,29.027793315647976,41.09283019517901,Mustafa Kemal Kültür Merkezi
29.12162268296158,41.02248289942732,29.122811316711065,41.02338310053321,Aheste Sokak
28.771570744033458,41.03777079628816,28.77303625168952,41.03871220391472,Menekşe Sitesi
29.045991158438213,41.027984655035866,29.047187041142106,41.02898394491985,Şifa Kuyusu
29.03785253246431,41.026036825971865,29.039223273295804,41.02777957356629,Arzu Ayaktar Sokak
28.965372085389635,41.05532349136409,28.96715690643503,41.05687150904896,Nişangah
28.78103715697106,41.01958002830145,28.782572838226052,41.02083097185337,Söğütlüçeşme Köprüsü
28.895884823629647,41.01289361271447,28.897171379755118,41.01393218726023,Tozkoparan
29.067568880932424,41.05205023488546,29.068971418311673,41.05308986502572,Mehmet Çakır Spor Tesisi
28.793990741219385,41.081022509404164,28.795331253633893,41.08216549055544,Sanayi Ticaret Müdürlüğü
29.135119731240483,40.96909074493761,29.136339672293843,40.97007875493023,Hancıoğlu Caddesi
29.27868004299294,40.93325321337443,29.28019095718611,40.93416098659122,Menekşe Sitesi
29.224421626249914,40.9776297266322,29.225609373407544,40.97852987332792,Sekmen Caddesi
28.895373294459024,41.006721301373545,28.89942624863593,41.00866649635776,Merter
29.03464623173196,41.124376982554786,29.035836767952723,41.12527721740605,Maslak Gazeteciler Sitesi
29.275613344514426,40.95945427331392,29.2768736562383,40.960391726556715,Fırat Caddesi
28.885828187122186,41.06803883802538,28.8870178125862,41.06893916193601,Hafız Sokak
29.076288913282934,40.87201447456302,29.07747488639872,40.87291472539775,Alman Koyu
28.76739881605191,41.030860535221464,28.768895691570705,41.03225586502856,Yarımburgaz Caddesi
29.217383259239313,41.00706242678715,29.218571540418797,41.00796257317302,Fatma Fitnat Hanım Camii
28.78094116403805,41.09998591408391,28.782131435686168,41.10088628587784,Gökova Caddesi
29.1273926301722,41.017478200721015,29.128581169499622,41.0183783992395,Çakmak Spor Tesisleri
28.75942338691673,41.04120770423979,28.760612612811485,41.042108095722035,İBB Küçükçekmece Öğrenci Yurdu
29.031304897051267,41.11771181659188,29.032751105621134,41.11864018355754,Akıncılar
29.18951877350313,41.027468149721344,29.19111522267855,41.028428850652794,Güven Sitesi
29.2986731927098,40.94751559324862,29.300142109170846,40.948442306877446,Akşemsettin
28.943398162080268,41.02861275009448,28.944587037619748,41.02951304986671,Draman
29.094088871203752,40.986078024532276,29.096666362439098,40.98806387022149,Habire Yahşi Anadolu Lisesi
29.100381649684106,41.025278893480404,29.101570349991764,41.02617910648021,Şehit Onur Kılıç
29.147065437337048,41.01259658238825,29.148264163325884,41.01360801738977,Yeşilay Sokak
29.167346751206406,40.9287629903075,29.16854124981204,40.92977120936138,Ertuğrul Gazi Anadolu Lisesi
29.254019863129134,40.998552432224336,29.255243638026595,40.99971126760354,Burçak Sokak
29.07961824764566,41.008419175833424,29.080971952099848,41.009320724165995,Şehit Recep Büyük
28.785388650135513,40.97133464346065,28.790654118409996,40.973907959057605,Florya
29.27921214664056,40.95368279509681,29.28073655760375,40.95492020500798,Gölet Girişi
28.886927680882252,40.995151590295876,28.888447326302877,40.99715840882607,Fildami Yolu
29.156629494718413,41.0331744727879,29.15791220705577,41.03409812682001,Yurtsever Caddesi
29.255846478480343,41.004562654666366,29.257061521275705,41.0056350451875,Merve Caddesi
28.97613200675517,41.09155586384712,28.977321992938982,41.092456136113945,Vali Hayri Kozakçıoğlu Mesleki ve Teknik Anadolu Lisesi
29.09028587023007,41.1030455964233,29.091483130152092,41.10405640350682,Beşevler
29.072751391805426,41.06975573745611,29.074159708915836,41.070757962201355,Şirinevler
28.967132312251177,41.05730785872391,28.968321687444803,41.05820814123718,Hüseyin Avni Kurşun İlkokulu
29.095946585129493,41.1066125445239,29.09724031198009,41.10798985525631,Dedeoğlu Caddesi
28.77527748884095,41.063845037497295,28.776580511413584,41.06482496241395,Kreş
28.909918799925244,41.03955206016608,28.912047601959767,41.04095713868288,İsmetpaşa Caddesi
28.82613131212245,41.01917435336584,28.827517687155733,41.02008164666535,Muammer Taşkale Parkı
29.04957522140191,41.11703047039594,29.050878779516292,41.117935529603606,Rotary 100.Yıl Lisesi
28.771300085765958,41.04395591251719,28.772661608604736,41.0451392874702,Sultan Alparslan İlkokulu
29.06633145347703,41.057284965309144,29.068132546762836,41.0581990346565,Talimhane Camii
28.823991243169804,40.98164591548382,28.825179356549164,40.982546284477806,Gümrük Müdürlüğü
28.983490254647382,41.02740531246897,28.98670390983383,41.029246801428364,Salıpazarı
28.834187231997937,41.06112182427434,28.835376767718515,41.06202217568721,Göztepe Mahallesi
29.299328973308604,40.957057944656206,29.30064102458279,40.958074055339026,Yeşilırmak Sokak
28.882675733711615,41.01403251631981,28.88402626320931,41.0154974832688,Camcioğlu
29.092506205456708,40.99647768895464,29.09369439422077,40.997377911006005,İstanbul Caddesi̇
28.87174196406019,40.996025800663936,28.87852091517373,40.999254336518995,İncirli
29.073628968193997,41.0190808981046,29.075834823394356,41.02081390215181,Alvarlızade Camii
29.00628278415361,41.117421874129526,29.007473215535544,41.11832212583144,Söğütözü Sokak - Dr. Barış Yazıcı
29.103877419825544,40.9442915766616,29.109873466600842,40.94743776509115,Küçükyalı Sahil
29.190897238441963,40.911538199658736,29.19404822137428,40.91408336081559,Soğanlık Metro
28.957666060641046,41.065184582520864,28.960042145518237,41.067180017369715,Kağıthane Garajı
29.10886803916027,41.038434122428505,29.110093960865125,41.03953587725254,Vatan Caddesi
29.150141055627376,41.12965570082473,29.153247950306213,41.13162629714159,Toygar Cami
28.836629601645864,41.03645674802347,28.837933399947744,41.03736125197995,Beste Sokak
29.105190684274046,41.11346655518948,29.10667031160245,41.11465344492072,Mehmet Akif Ersoy Caddesi
28.878972627676,41.10564563102832,28.880409478009657,41.10726150759369,Halk Ekmek Fabrikası
28.917468128728697,41.03966699045178,28.92172873037079,41.043395229221396,Topçular
28.90816500754685,41.03108550775124,28.910612988049323,41.032130493331664,Demirciler Sitesi
28.92036408968643,41.080172348014344,28.921553910016492,41.081072651946926,Yeşilpınar Bölge Parkı
29.086604242847656,40.980919586040535,29.087792156830943,40.98181981392014,Ulaştırıcı Sokak
28.89444662428847,41.09243520572386,28.895706975207595,41.09357939354934,Sarıkent Sitesi
29.213910824172224,40.97711487361998,29.21524727504265,40.978119826342194,Hacı Ahmet Kahraman Camii
29.025384837282303,41.08020006519635,29.02752665905243,41.08166273427193,Zeytinoğlu
28.963462170068958,41.07294285895692,28.964651829627403,41.0738431410042,Nurtepe Sosyal Tesisleri
28.8495565292909,41.02866582562461,28.850745470423565,41.029566174336935,Türk Telekom
29.14361586096712,40.95467332561087,29.14498714071645,40.95572767436566,Spor Tesisi
29.13818699761124,40.919407738992994,29.139496003608496,40.92041066098162,Maltepe Bağdat Caddesi
29.14813951725259,41.07914148925898,29.149723479862566,41.08008751103659,Konak
29.302027844012336,40.95245109679346,29.303285153118455,40.953442603107355,Mecidiye Caddesi
29.034462129351407,41.06388090183319,29.035750873020074,41.06477909814255,Şehit Hüseyin Tunç
29.16055600422949,41.02683868693109,29.162022998817474,41.0279933131023,Aşık Şenlik Caddesi
28.90322096105527,41.05545360832742,28.90453103769902,41.05635939167317,Kartaltepe
29.134019856330692,41.017064014897706,29.135411539194763,41.01821168514944,Ihlamukuyu
29.218759550201597,41.02579163672766,29.220467456753273,41.02725936355498,Güngören
28.80984079629422,41.114192379379816,28.81101720770524,41.11515562034926,Kuğu Sokak
29.199486888592673,40.89414379672557,29.201980113112548,40.89567820132273,Dağ Sokak
28.97049999136589,41.044596285817875,28.971773007432255,41.045566714161296,Yayla Mahallesi
29.27780808411638,40.91096295570398,29.279021913512917,40.91217604424006,Evliya Çelebi Caddesi
28.96239243821427,41.018357560123036,28.967156491699797,41.02157956909747,Eminönü
28.88989769169914,41.03500275053673,28.8912343063777,41.03603124946726,Ferhatpaşa
29.016046525659576,41.082604354627556,29.017227472808738,41.083569644963895,İç Levent
28.94046409258025,41.08795406326511,28.94167050847834,41.08905103664396,Bayramoğlu 5.levent
29.088133999861554,41.03030159034669,29.08932279981614,41.03120180961396,Şehit Sevgi Yeşilyurt
29.060358918838613,40.98772507757791,29.06159757752069,40.98860172217411,Mehmet Beyazıt Anadolu Lisesi
29.27021803215478,40.97860956662549,29.271406966458553,40.97960143291498,Selçukhan Caddesi
29.054894198442238,41.063444356393056,29.056878803396497,41.064792642715325,Vaniköy
29.214169038868608,40.95207228595036,29.21550295821552,40.952982713028845,Nizamiye
29.30917486391099,40.935071984797446,29.310530138760367,40.936143015229575,Erdem Sokak
28.985673110592465,41.087474705373836,28.987990507875566,41.089260899758564,Yahya Kemal Dereiçi
29.145738423191037,41.116149530565174,29.14689157458047,41.11706966887632,Şener Sokak
28.713613804897918,40.973863873124856,28.714961091018964,40.97496702687376,Ambarlı
29.201023872968577,41.00412571668457,29.20286668114523,41.005276211573666,Sarıgazi Garajı
29.172798228554417,40.90083856400913,29.174424342948193,40.902705839191,Halitpaşa Caddesi
29.06935655098857,41.06054901367364,29.070601444805337,41.06157498612068,Kirazlık
29.0547867582683,41.122268888052396,29.0559772414133,41.123169111908354,Ferahevler
29.204706654579244,40.91774991594153,29.2058933450821,40.91865008401872,Gümüşpınar Muhtarlığı
28.913780184407493,41.08751197017264,28.91521681579523,41.0884180298002,Siteler
28.97348658094364,41.032471948130826,28.9750294210267,41.03340705204063,Tepebaşı
28.778858838944263,40.99161480508344,28.780047160781535,40.99251519487833,Yahya Kemal Beyatlı
29.09673952864642,41.03858189347127,29.097928471029835,41.039482106489366,Erzincan Sokak
29.17381095052988,40.89382907153686,29.175118249166577,40.895064427781236,Sera Sokak
28.812940041126804,41.025996116194065,28.814128958593344,41.026896483767594,Mimar Sinan Caddesi
29.07865675586688,41.01414564875628,29.079866347776495,41.01549895115574,Gündoğdu Sokak
29.186089755765906,40.90560190937058,29.187276243898467,40.906502090589754,Karlitepe
29.13401510685144,41.012970803719185,29.135361388763254,41.014083496267816,İstikbal Sokak
29.073194387638136,41.06156556816597,29.07450001611439,41.06263213182939,Millet Caddesi
28.88130240409499,40.97700222972197,28.882490395615218,40.97790257023946,Sakız Ağacı
28.88835075510481,41.00500783374234,28.889539244603974,41.00590816621907,50.Yil Ahmet Merter İlkokulu
28.821336128920372,40.96083581318849,28.822523870799248,40.96173618677316,İstasyon Caddesi
29.090012070571884,41.01122477879938,29.09124903269631,41.01221742110839,Devran Sokak
29.01750304077173,41.146340046974366,29.018782961195285,41.14733195301153,Tabiat Parkı
29.30235835260913,40.95793424522166,29.303553747836222,40.95895475470579,Ağrı Caddesi
29.12822461188747,41.01889890312988,29.131921224197434,41.02496379401437,Tepeüstü
29.105751158866628,41.06074683591461,29.10762483667683,41.06175436481509,Kanuni Kent Ormanı
29.112469224006105,41.014036519393365,29.113905777950855,41.015541479429565,23 Nisan Kaptanoğlu İlkokulu
29.236173983757713,40.98624426622285,29.237664317008875,40.987339833514824,Osmangazi Camii
29.163948010986044,40.931013166154464,29.16519698811047,40.931947433666735,Gülensu Yolu
28.862499262613056,41.03152321542293,28.863810738218262,41.03248278435892,Yücebağ
29.091504892283346,41.101073627971665,29.09273190878915,41.10222877184535,Nazarlık Çıkmazı
28.909462517842215,41.052842575588876,28.91182917677944,41.05523194054661,Bereç
28.88896082872966,41.07106272221286,28.890237174816026,41.07209727774321,Barbaros Hayrettinpaşa Mahallesi
28.93003178807698,41.04495880304934,28.93415406717241,41.04767473358461,Eyüpsultan
29.157862801441123,40.90798777614829,29.159114896984715,40.90921462367027,Yücel Sitesi
28.985236040398878,41.05697630271384,28.987612081108743,41.05828319988349,Şişli Hamidiye Etfal
29.149237672318286,41.015375374959035,29.15317973796549,41.0166506092424,Çayırönü
28.983699182537737,41.05139390232943,28.988347451708037,41.05514991150274,Osmanbey
28.987459119484644,41.08422489838813,28.988766881447795,41.08521910157238,Yahya Kemal Mahallesi
29.04097796821174,41.001263449277246,29.046110753987605,41.00314602142997,Kuruçeşme
29.300739071634034,40.9410775395554,29.30192722988099,40.94207595991801,Bulvar Girişi
29.078632765369527,41.01295489947007,29.07985953353818,41.01409700041046,İhsan Erdemir Aile Sağlığı Merkezi
29.035706634210587,41.110466141007414,29.038012743651706,41.1120908199663,Borsa İstanbul
29.208630510634944,40.893640384744906,29.20987459187224,40.89461951520542,Bostan Caddesi
29.182815016198713,40.987284718891935,29.184305906502278,40.989389806716595,Toplum Caddesi
28.774003401793944,41.05266513607721,28.77547120124285,41.05359986410998,Doğan Cüceloğlu Fen Lisesi
29.16085146037942,41.00637627344793,29.1629429518469,41.00818754977888,Modoko
29.080044126650417,41.08981017504108,29.08135135618736,41.09119471217794,Kavacık Dörtyol
29.060483863112538,41.049725277785285,29.062128638683244,41.0509287219059,Şehit Kader Sivri
28.81994990369156,41.06920246697375,28.821767971881226,41.07092355142853,İSTOÇ Çevreyolu
29.059473151971293,40.88517392266939,29.061195006266264,40.88628658536228,Mezarlık
29.11098751350996,40.94424791586987,29.112522876205738,40.94584428439221,Çınar
29.291187238413993,40.94250874860761,29.293143164059646,40.94387815069291,Kamacı Sokak
28.874056623128325,41.04496880717693,28.875384376525336,41.046228192037184,Kazım Karabekir Caddesi
29.03574000018373,40.99661747788725,29.03708000209748,40.997543521435716,Güreşçi Yaşar Yılmaz
29.229498157140878,40.870654341086485,29.232898102061828,40.871854622947,Pendik Marina
29.13364705318357,41.004483440925874,29.1348701473146,41.00560035884764,Tatlısu Mahallesi
29.081533585745074,41.012271535761016,29.083005908258766,41.013542364381145,Özanakent
28.8736201304025,41.00719773010342,28.874808669308518,41.00809806985803,Gökkuşaği Koleji
29.252122096880594,40.98215793551215,29.253309902772553,40.98305806444788,Mertler Caddesi
28.814953158570287,40.957292811315014,28.816140841150368,40.95819318864667,Yeşilköy
28.838018842476814,40.99338381993541,28.839207157239862,40.99428418002618,Ahmet Yesevi Caddesi
29.078853142150017,40.98067088380115,29.080041057529773,40.98157111615955,Nevzat Ayasbeyoğlu Ortaokulu
28.896130345933695,41.014815159299644,28.897914668588843,41.016858841527686,Muhtarlık
28.81203652423925,41.02784081611336,28.81322547548101,41.0287411838483,Bahar Caddesi
29.251238620479874,40.968334834156515,29.252426179173607,40.96923496580354,Mescidi Aksa Cami
29.028266834760203,41.00167587116086,29.029455164927086,41.00257612880002,Haydarpaşa Öğrenci Yurdu
29.13421203286812,40.872294891353945,29.135397966804657,40.87319510860661,Kumsal
28.84418802753284,41.01319184832936,28.845411976580056,41.01420615151465,Recep Yazıcıoğlu
29.224499836053052,40.908383989463516,29.225857163451238,40.909288010551336,Kurfalı Çınar Cami
28.87313305635163,41.08206383584305,28.87432294335855,41.08296416411837,Meskenler
29.21791645367656,40.88486551738485,29.219102545983233,40.88576568257536,Bereket Sokak
29.1451838159314,40.97527860264303,29.14637158373827,40.9761787973174,Düzenli Sokak
29.075015713303703,41.00600278468878,29.07620408637634,41.006903015271924,Baraj Yolu Sokak
28.8718199278406,40.985141227912266,28.87300807187097,40.98604157204919,Yeşil Kıbrıs
28.78725505025611,41.07957281403336,28.788444949467365,41.08047318592836,Aymakoop Sanayi Sitesi
29.10042409315227,41.002104191531224,29.102294906488087,41.00331180721032,3107.sokak
29.149560255639724,41.06570233501046,29.150724246075406,41.066637664653186,Çamlık
29.06506525258851,41.06791188670527,29.066254747092227,41.0688121132555,Rasathane Ortaokulu
28.838030922511575,41.00674172098475,28.83921947720493,41.00764207897683,Dereyolu
29.208720792895537,41.014059924699026,29.209909206763825,41.01496007526118,Mehmetçik Anadolu Lisesi
29.24205064624539,41.00962023455029,29.2432389534089,41.010520365409754,Umut Sokak
28.827080204354488,41.00631430283465,28.82835679707171,41.00724569687229,Molla Gürani Camii
29.131144683014227,41.02288590224307,29.132333316656936,41.02378609771744,Malazgirt Caddesi
29.0264978152305,41.003777870832295,29.027686184457032,41.00467812912862,Haydarpaşa Numune Hastanesi
29.22513543423734,41.015870687378694,29.2267526697798,41.01684371303619,Özgürlük Caddesi
29.077063663319404,41.08633688985145,29.078431338545595,41.087250110204494,Mahur Sokak
29.244059088690786,41.01244880205317,29.24658923603934,41.015132800392614,Yenidoğan Merkez Camii
29.140152414107256,40.951684339336374,29.141370585866603,40.952761660455884,Marmara Üniv. Başıbüyük Kampüsü
29.020750593133993,41.09672609929408,29.022415407774613,41.09765190078299,Lojmanlar Yolu
28.99401721763058,41.072162513529484,28.99534877803381,41.073261486435115,Mecidiyeköy Dereyolu
28.903902204840232,41.07967451372284,28.905280097242162,41.08058968634515,574.Sokak
29.139285667005435,41.00029777843708,29.141999459060358,41.00203471246992,Tezcan Caddesi
29.120338929899543,41.00893934531472,29.121635253258432,41.0099309752076,Karaçay Sokak
29.1880562046823,41.00685979436425,29.189663696568026,41.00791430479503,Şehit Öğretmen Nurgül Kale Ortaokulu
29.13776191968607,40.99682750214471,29.138950079984447,40.99772769781576,Ataşehir İgdaş
29.091036856631103,41.066720986347775,29.09221614184655,41.067680013272735,Dr.Ömer Besimpaşa Caddesi
29.05854802989321,40.99712023798341,29.06195867951709,40.998994449760204,Ünalan
29.150172985748263,40.99000590526955,29.151361013920436,40.99090609469091,Mehmet Uslu Camii
28.82184949616949,40.99650706033098,28.824024049421343,41.00063348372111,Yolbakım 2.Bölge
29.077424177139545,41.03999148364086,29.07896881660791,41.04131551657312,Şehit Mustafa Kaymakçı
29.254994501584715,40.98029717636277,29.256198495098108,40.98125382338941,Said Nursi Caddesi
29.14162490510379,40.989555458111596,29.144304986901673,40.99074224389076,Atapark Caddesi
28.932882578332734,41.06926767847465,28.93449082183073,41.07036632097529,Vardar Bulvarı
29.141005781530023,41.012349904314476,29.142194218139778,41.013250095646,Altinşehir Muhtarlık
29.074648000687706,41.01331306692134,29.075973205880388,41.014543233089306,Çeşme
28.771780946167432,40.99272168264698,28.77298305384522,40.99375031721138,Kaptan
29.07845948370145,41.0737601821083,29.07996151866839,41.07469481807053,Şehit Kemal Zeren
28.82824095034996,40.9942305484587,28.830183752221625,40.995860482538525,Tedaş
28.975444050271477,41.03119325893143,28.97663294942356,41.032093541029674,Odakule
28.949737152750817,41.07432285537219,28.950926846947638,41.075223144589,Mareşal Fevzi Çakmak Camii
29.11497748673525,41.11420321445274,29.116160514260752,41.11515178539527,Şehit Yasin
29.247411056140706,40.99383083506405,29.24865094434017,40.99498616459559,Gençosman Caddesi
28.934537295523562,41.08412643080264,28.935790803726672,41.085063469043455,Dönmez Sokak
28.887727237240885,41.06254883808797,28.88891676246728,41.0634491618734,Park Ada 1.kapı
29.074912979151875,41.102469675118925,29.07610902038107,41.10346332484106,Hidiv Kasrı
28.867231871145083,41.01355102895788,28.868420528566844,41.014451371003624,Posta Caddesi
29.172758359347,40.91750338098934,29.174562633617214,40.91899921933759,Dr. Lütfi Kırdar Şehir Hastanesi - Cevizli Köprüsü
29.031086330194196,41.01729953525821,29.032307669103147,41.018407264613025,Pazarbaşı
29.10399476801864,41.0242689312099,29.105726341111822,41.02587746924897,Haldun Alagaş
28.935743019377174,41.00106365186286,28.942079083642852,41.00344817450469,İstanbul Hastanesi
28.96040618388492,41.12462922625754,28.961785816703795,41.12565977360912,İslamoğlu
28.955559873540274,41.05690731126481,28.958409122139738,41.057960689952225,Gazhane Yolu
29.157186769778757,41.115219653760406,29.158507233068814,41.1162663462523,Ormanlık
29.13001901663049,41.0003457724316,29.13176278700105,41.00167132742845,Şahin Caddesi
28.8676206639101,40.976663400724206,28.869135338605005,40.97828459782648,Çarşı
28.96421204889814,41.093175906765694,28.96560495265767,41.09423809318955,Hamidiye Camii
29.065077930322428,41.03645495431591,29.066577074072192,41.037408045983774,Sağlık Sokak
29.197546578470885,41.00882516272592,29.200220182695286,41.01051175532387,Meclis
28.756827168212848,41.05052446001855,28.758142846230694,41.05310353972981,Hastane Yolu
29.097128150376506,41.065447793043916,29.098471848534224,41.06646220693334,Yeni Mahalle Spor Tesisleri
29.168026591389715,40.98055177091854,29.1692345082166,40.981608128985386,İSKİ
28.931263154849187,41.01997677581152,28.933014847395665,41.02103322272539,Fatih Ticaret Lisesi
28.98443859308124,41.08148320665882,28.985717503966345,41.08237699322624,Fevzi Çakmak Parkı
29.115484507559902,40.96234486875885,29.116683493084874,40.96339413115891,Pınar Sokak
29.27314520905868,40.89681596719825,29.27472308850355,40.897996732766906,Nar Sokak
29.231773259182145,41.029662384991965,29.2331167422977,41.03069261498445,Taşdelen Borsa İstanbul Mesleki Ve Teknik Anadolu Lisesi
29.03286059170414,41.06207737411076,29.03424540804311,41.06309562575455,Site Yolu
29.266827211733712,40.970022939130864,29.268014787917345,40.970923060829094,Gecem Sokak
28.819283547593685,41.00025740119491,28.821639461848275,41.00214559887393,Yenibosna Köyaltı
28.907718788966324,41.04646604204522,28.908908010738962,41.04736635791611,Doktor Fazıl Küçük Parkı
29.074666623475128,40.97430504128954,29.076014373881257,40.9752311577869,Erenköy İstasyonu
29.061725423607996,41.03792237669806,29.06381608297793,41.03911328466726,Sayal Sokak
28.971591960832093,41.078235900596475,28.979000637885946,41.08252185088779,Kağıthane
28.91579973745942,41.06858595782622,28.91700365949375,41.06983884211897,Kavaklı Dere
29.125705995728396,40.964778943544495,29.127932403531556,40.966010254643265,Aliya İzzet Begoviç Öğr. Yurdu
28.86823837653381,41.07192962906021,28.869812630655908,41.073338371226676,Çamlık
29.27172616898085,40.87270000795855,29.273099334535264,40.87381299209738,Çamçeşme Muhtarlığı
29.16255465263039,40.92104977435013,29.167080758947137,40.923029011374524,Sosyal Meskenler
28.894887253656712,40.98373574916779,28.896405757491422,40.985458552900084,Şehit Er Yavuz Bahar Caddesi
28.910671690939377,41.043872504422644,28.91209970837679,41.044780395621274,Tuna Anadolu Lisesi
29.11599657224017,40.978008968477496,29.118568831553624,40.979065732335066,Meskenler
29.274190038971618,40.99266096684113,29.275394956978133,40.994021033100346,Cuma Caddesi
29.240618662453137,40.98166241198759,29.242181535895263,40.982703886994706,Bilal-i Habeşi Caddesi
29.21642794130768,40.92323094653511,29.217732058819788,40.92420155336729,Gümüşpınar
28.967839383809025,41.09468007351045,28.969239315402653,41.09558822652994,İmece İlkokulu
29.23509842787682,40.99824208588441,29.23723327246788,40.99957901250908,Külliye Caddesi
28.892336103206762,40.984261871045646,28.893712891516937,40.985438128973605,Zeytinburnu Tek
29.041863134938488,40.97444271211047,29.043971761716882,40.97543828860627,Kalamış
28.858664860519117,41.04203676913694,28.860065136872702,41.04295623094741,Fevzi Çakmak Mahallesi
29.105801063978806,41.02926703940755,29.107023937098493,41.03032796000031,Ümraniye Telekom
28.823485495781096,41.044569667040136,28.82591951023676,41.046297332236094,Pirireis
28.863647940160174,41.09047780589764,28.865128059889788,41.09138219405586,İstek Vakfı
29.265983973233123,40.87859544850182,29.267208628033163,40.8795085513278,Şevket Sabancı Anadolu Lisesi
28.90841750572452,41.06391835362242,28.910326296240655,41.06503694471183,Bağlar Caddesi-şehit Anıl Kaan Aybek
29.223177449258642,40.87439271817179,29.224363350400502,40.87529288178839,15 Temmuz Şehitler Cami
29.150894105614228,40.931238109283285,29.152231894027306,40.93223589064048,122.Evler Camii
29.051276203941335,40.994919877085835,29.05246439574251,40.99582012287498,Fikirtepe Yanyol
29.268037191849086,40.95250486919652,29.269231807606474,40.95349813062052,Şehit Murat Çelikhası
29.00425002560825,41.062889993996954,29.005829169820576,41.06385810639816,Gayrettepe
28.847261932553184,40.99578129904757,28.84883207069504,40.99673570125386,Bahçelievler İmam Hatip Lisesi
28.84648696845864,41.00738325274775,28.848186038231304,41.009499745632,Kemal Sunal Caddesi
28.851427867900416,41.132066379375374,28.85261513304703,41.13303162044319,Karanfil Bahçesi
28.870418707211293,41.009657829471934,28.871607292500197,41.010558170489524,Sefa Sokak
28.752536746442274,41.056565603780044,28.753726253286825,41.057465996181804,Fırın
28.849179218985817,41.063122828228124,28.850368780728292,41.06402317173339,Veysel Karani Caddesi
29.229144949534703,40.88646771928325,29.230588051805032,40.887387280792716,Karayolları Sitesi
29.2859230404963,40.93338531685196,29.287119958213253,40.93445668310765,Bahar Sokak
28.825020206965135,41.05479955022696,28.82630778846129,41.056315449622105,Mahmutbey İlkokulu
29.13115545858862,40.991076305280494,29.13234204568016,40.99206639447984,Ataşehir Siteler
29.27068852767072,40.90486755952469,29.272064172788763,40.90586444023758,Dudayev Sokak
29.084830952716224,41.0141278624696,29.086124049889392,41.01514813752426,Dörtyol
29.29342392797597,40.907797332171235,29.294625073060875,40.90882266742412,Kurtköy İsmek
28.882424103903755,41.077141837856615,28.883613895805055,41.07804216210481,General Aldoğan Caddesi
28.81996312821226,40.96203933793471,28.821167870692822,40.96312366200729,Halkalı Caddesi
29.025233788913255,41.08901797759916,29.026628211284415,41.090029022183955,Karanfilköy
29.160899706301226,41.021584910921696,29.162088293365386,41.02248508903868,Aşağı Dudullu Caddesi
29.1584270167967,41.02542504577636,29.1596779861946,41.02642095416426,Karadeniz Caddesi
29.229350139754686,40.97634592804085,29.230537859902046,40.97724607191925,Kalender Sokak
29.086560930500795,41.10113787232493,29.08776407327891,41.10249112759762,Taşocağı
29.015104414481566,41.022757514987084,29.01649948656387,41.023745184612906,Ahmediye
28.808036704767613,41.06933499565933,28.809249296837947,41.07049400424049,24.Cadde
29.02391004883961,41.100580210469225,29.02511014953354,41.10168198948669,MEM-TEK
29.27908821703619,40.90892632814807,29.280552202805364,40.910716628114656,Şehit Burhan Öner
28.862992204141054,40.98014709898769,28.864343791954294,40.98124590101891,Makbule Atadan
28.769723478067668,41.035247832053,28.77131552206171,41.0361551679069,4.Cadde
29.032829008103796,41.07967878278186,29.034702396538034,41.08110771707891,Etiler
29.13737351168851,41.107506826702554,29.138634887823788,41.108459273269595,Acarkent D3 Kapısı
29.028013187124195,41.02301956314124,29.029627110407144,41.0239628371469,Yeni Dersane Sokak
29.13139579668971,41.01024790132698,29.1325842029816,41.0111480986335,Şehit Yurdanur Sokağı
29.070389135179187,41.022159036045196,29.07163145285676,41.02343812877087,Ferrah Caddesi
29.01993371177643,41.02522185670397,29.02138828475573,41.02615504346418,Şehit Çetin Can
28.80860646968843,41.07504345991559,28.81023151925446,41.07743453940411,Atatürk Bulvarı
29.01007421943091,41.0242943968178,29.01674176626974,41.02872023123055,Üsküdar
29.07038809898693,41.07740583610483,29.072014900536576,41.07831216396895,Sadri Alışık Caddesi
29.09355594264203,41.13918631078244,29.094826060168998,41.14007668915033,Bahçeevli Sokak
28.941983808118042,41.08566477112366,28.947783435182497,41.08879915446038,Alibeyköy Cep Otogarı
28.801802209581535,41.04143929902738,28.803072791945407,41.04236570066568,Halkalı Hayat Parkı
28.9365204802866,41.02681443265683,28.939339348126317,41.02915931921769,Şehit Yunus Emre Ezer
29.077919626757442,41.03740429200854,29.079448367436896,41.0386967081812,Tepe
29.07760106263202,40.95602598151376,29.0787885370483,40.95692621844698,Suadiye
28.792345953142814,41.0951243863585,28.79382605089374,41.09632161373668,Tümsan
28.94463046024308,41.008400936581445,28.945873541319163,41.00962706319029,Haseki Poliklinik
29.245481861137527,40.87621859716988,29.246737134070315,40.877285402621474,Aydınlı Caddesi
28.8344343225932,41.01727668149052,28.83578967353175,41.018376318520595,İmam Mustafa Efendi Camii
29.13388534390593,40.99324686873228,29.135215052389547,40.99432143124819,Sinpaş Koru Konutları
29.079060316948897,40.99845456732677,29.080440781104034,40.999418231951225,İhsan Kurşunoğlu İlkokulu
28.899917655240476,41.059739650106394,28.90113034334043,41.060865349828745,Yıldırım Lunapark
29.094028854097193,40.87939778022761,29.09521494558163,40.88029801973306,Anadolu Lisesi
29.00286221851613,41.11875201817377,29.004222786620158,41.120423981372774,Yeşiltepe Yolu
29.16948040753144,40.91521046800018,29.171049495661165,40.916408302118185,Dr. Lütfi Kırdar Şehir Hastanesi
29.173498192248406,41.07613647182529,29.174670709231016,41.07708342788959,Kavaklık Caddesi
28.803225178682677,41.05702975567051,28.804582822175583,41.05805424424915,Aşık Veysel Caddesi
29.150887697229233,40.94325984743111,29.152339500506663,40.944237151571535,Şehit Er Çağlar Mengü İmam Hatip Lisesi
29.23042253112405,40.98271125221246,29.232781252634517,40.984900577933054,Samandıra Merkez Metro
29.00493131831471,41.089325982250735,29.006573040577525,41.09128429090619,Sultan Selim Mahallesi
29.12480685549461,40.86485146422049,29.126970460705913,40.86696609194635,Yaverbey Sokak
29.058641813403113,41.13540994814459,29.06042318122154,41.13642605259139,Sahil Yolu
29.0797023646592,41.068224974529414,29.08089763412638,41.06927302543087,Güner Sokak
28.92510172544558,40.99060081735804,28.926832971955182,40.99155598302581,Havagazı
29.133929639652806,40.975698576316844,29.13512636026716,40.97670142356815,Şehit Öğretmen Mehmet Fidan İlkokulu
29.213364755756828,40.929877492367275,29.21591616564515,40.931482436730455,Uğur Mumcu
28.796023491180016,41.111319366454815,28.79763250937371,41.112235633567884,Bayındırlık Sitesi
28.880029311598413,41.01782947587437,28.88356613598419,41.02132601460249,Güngören Çeşme
29.064403578776933,40.994657385810704,29.066116111162152,40.99629871467158,İstanbul Medeniyet Üniversitesi
29.289536504203372,40.92361984213497,29.29073149903653,40.924912157796776,Selçuklu Caddesi
29.051883921799828,41.018769260271824,29.053114081886246,41.019771039606475,Çamlıca Yolu
28.99798686839859,41.11480975803838,29.00114466204197,41.11661832892898,Atatürk Meydanı
29.28810710218316,40.951570471562206,29.289522293339605,40.95273472851185,Zübeyde Hanım Caddesi
29.296109464198913,40.92785131914298,29.297577533756108,40.92884367990227,Hakiş Sitesi
28.97556465958087,41.08133034670896,28.976839246672153,41.08302175309654,Ayazma Yolu
28.882413884654927,40.99035483105536,28.883602115054952,40.991255168906065,Osmaniye
28.82618675574929,41.035974020290475,28.8273758439687,41.03687437967113,Merkez Mahallesi
29.108426726784213,41.01704389516356,29.109615272890537,41.01794410479705,Halilurrahman Cami
29.081163877061595,41.07152462885143,29.082563857597325,41.07250530237015,Ark Boyu
29.18531835811579,41.0799838857834,29.186539644110383,41.080932114142634,18 Nisan Caddesi
29.019473478291587,41.01828118237904,29.02065052545962,41.01923651737526,Dr. Fahri Atabey Caddesi
29.05016334687272,40.99321173794435,29.05167235188794,40.99412976217596,Köprübaşı
29.13548654041276,41.105504409988,29.136676659256583,41.10640458997246,Acarkent E Kapısı
29.1107465999695,40.97004653721827,29.11199639890195,40.97099986275205,İçerenköy
29.007338635628553,41.04521646876398,29.008527764061387,41.04611673119697,Gültepe Dolmuş Terminali
29.126691093968446,41.12368471025172,29.12797890270979,41.12471138967522,Karlıtepe Caddesi
28.840352920621285,40.9847648198507,28.841541079095126,40.985665180110864,Ardıç Sokak
28.813808037052432,41.02353551436624,28.815065165197925,41.02451668559764,Okul
28.875340753557687,40.993324352232655,28.876942146097722,40.994228247815336,Su Özü
29.125456237685,41.01655910008283,29.126644761987134,41.017459299877686,Fatih İlkokulu
29.20226268268889,40.914496914946405,29.203449316972872,40.91539708501383,Orta Mahallesi
29.079592331857505,41.05971989020325,29.080781667821107,41.060620109757444,Sultan Murat Caddesi
29.142659600954108,40.98348077791958,29.143893999292974,40.98458402170297,Akyazı Caddesi
28.86613655852002,40.99926370929451,28.86762443669842,41.00021529096268,Talatpaşa Bulvarı
28.938982104752192,41.01256944765901,28.9401706949487,41.013469752302214,Fındıkzde
28.996622533032753,41.1035524280147,28.99841146444657,41.10450897239397,Seyrantepe Hamidiye Etfal Hastanesi
29.114675050182697,41.1367385063539,29.11586574948943,41.13763869360665,Çi̇ftli̇k
29.00048611912266,41.06600138166523,29.002513538530874,41.06792805959471,Ali Sami Yen
29.255135221522796,41.01840727904885,29.256399379296592,41.019370420922804,Yunus Emre Mahallesi
29.272352866129005,40.9341079959268,29.273960834011525,40.93520710353775,Aydos Sosyal Tesisleri
29.06478862512545,41.04512282426971,29.06610957615077,41.04607487540306,Şehit Mehmet Yılmaz
29.21659308291964,41.01677407163773,29.21788722172106,41.01833572808736,Kazım Karabekir Caddesi
28.970476812345222,41.00183685528448,28.97166518735096,41.00273714467665,Küçük Ayasofya
29.103456103278596,41.02758101039278,29.104779896424727,41.028568989536645,Yamanevler
29.07764841329556,40.989856789728776,29.0791668778099,40.99133571049702,Hastane
29.05025905060968,41.11554713985469,29.051543947166756,41.116862859905865,İstinye Merkez
29.30866874399436,40.93216876767293,29.309934256334166,40.93336523177614,Cumhuriyet Sitesi
29.261318126302434,40.87225347980689,29.262892874627802,40.873176520260664,Talebe Yurdu
28.87593350244036,41.0305430918918,28.877362494357588,41.031667908169695,Nenehatun Mahallesi
29.276722891065557,40.96847739187887,29.27789011046092,40.96941560784838,Güven Sokak
29.07131018468072,41.061222789645704,29.072592814424084,41.062195210333805,Çınarlık;Çinarlidere
29.11853403553773,41.010161590503394,29.11994749179166,41.011666685624625,Samanyolu
29.046196765532436,41.10378170186319,29.047368232663008,41.104729297677984,Reşitpaşa
28.788793407426486,41.103449967236806,28.79038359016608,41.10446603143264,Başakşehir 1.Etap Camii
29.18156259269264,40.95913308318408,29.183816610514135,40.96015291742927,Marmara Eğitim Köyü Ana Giriş
28.834735532536303,41.02775382179848,28.835924467180465,41.0286541781631,Şehit Ali Aksoy;Fırın
28.971275331439223,41.05742709471274,28.97288067832349,41.05902150572207,Halil Rıfat Paşa
29.00415402012848,41.09119687148773,29.005343979561356,41.092097128473235,Sanayi Yolu
28.921843635506846,41.08910213610546,28.923202359101815,41.09076286361766,Ülker Sitesi
29.209517674677006,41.01247523939223,29.210783024408144,41.01337766058516,Fatma Sultan Cami
29.21175575290765,40.88938614406857,29.212945246257103,40.8903668557084,Emin Sencer Ortaokulu
28.89356257835944,40.99170003419225,28.895038428192173,40.99301996600861,Matbaacılar
29.09344985215874,41.129403228504984,29.09470214516422,41.130295770773145,Beykoz Korusu
28.942145786323128,41.00734294558039,28.945151498225016,41.011556519802134,Haseki
29.239161724536064,40.975865933723504,29.24194496671339,40.97740575234242,
28.980055622883498,41.03442206043855,28.981244576810777,41.03532233952253,Hüseyin Ağa Camii
29.154800257570926,40.92639150165908,29.15598714209795,40.92729169830134,Fevzi Çakmak Caddesi
29.23712093948383,41.04317823598491,29.23851606081896,41.04408476399677,Saray Caddesi
29.221207806151877,40.87808007172233,29.223024177863227,40.879351753400584,Pendik Anadolu Lisesi
29.14874539442517,41.07356675223788,29.15000200449766,41.07446814772723,Eruğrulgazi Caddesi
28.88606007087571,41.08094283909657,28.887249928832496,41.08184316086482,Mehmet Akif Parkı
28.773280598216044,41.02101582660346,28.77447639973243,41.02215217334864,İstasyon Mahallesi
29.253875777378468,40.90623493011291,29.25506222227551,40.90713506984713,Velibaba Yeni Camii
28.877299784734284,41.09897274706194,28.879027218567526,41.10027325277261,Esentepe Camii
29.259610508919707,40.891558080840795,29.26106348761002,40.892491519328516,Hukukçular Sitesi
29.10906457423307,41.012562263682085,29.110333425840377,41.01351373625631,Ortanca Sokak
29.22605026540702,40.90337275434167,29.227388333631488,40.904349345307274,Ercan Sokak
29.12841928099489,40.97084164391684,29.12976581884943,40.971839355976506,İETT Blokları
29.089037698210266,41.04351733829812,29.09022430438988,41.044382661202306,Çinardibi Caddesi
29.050901160305084,41.11911243988407,29.052188837712794,41.12010556009184,Gümüş Damla Sokak
28.735599505996635,40.97726296944693,28.737204497959404,40.97853103059705,Gümüşpala Mahallesi
28.821271984040592,41.06681031699365,28.8231026768567,41.06857495859509,İSTOÇ 25-26. Ada
29.199439802437908,40.90940862907292,29.200924904046058,40.910733871140046,Ağız Ve Diş Sağlığı Merkezi
29.092851090680107,41.08703589614661,29.09404090899609,41.08793610381402,Kavacık Köprüsü
28.86780266352332,41.00436357824019,28.869038337351395,41.005529421507525,Adnan Kahveci Bulvarı
28.905231623804656,41.050744833865636,28.906585377452917,41.051655166164586,Muratpaşa Mahallesi
29.039379170009433,41.11414026929882,29.040744828222117,41.11510373007852,Avcılar Kulübü
29.19420337490518,40.959697016048224,29.195390824757183,40.960597183912036,Maltepe Üniversitesi
28.85857876195156,41.059658921343555,28.859800241797824,41.060654078507994,Şehit Ali Karahan Caddesi
29.212112515828785,40.93847019594359,29.213374286521315,40.93936820350583,Bingöl Sitesi
29.18593842533225,41.020566718324986,29.187126974330525,41.021466881635305,Necip Fazıl Kısakürek Caddesi
28.869469621418716,41.08579893519298,28.870659578291992,41.08669926476846,Hamza Yerlikaya
28.999624894089795,41.04472505423373,29.001007106811265,41.045711945423356,Şair Nedim
29.0222359053849,41.053709851965785,29.02377509688708,41.05464814823006,Dereboyu - Şehit Batuhan Ergin
29.095560008201286,40.971793195338535,29.097148789202347,40.97273620494171,Kozyatağı
29.07815481454583,40.99140162545741,29.079516885008385,40.99240077426463,Ataşehi̇r Kız Öğrenci̇ Yurdu
29.04633662731056,41.09520610306316,29.05054441885052,41.09728665307232,Hacı Mehmet Şalgamcıoğlu Ortaokulu
28.971056709013073,41.10124248790904,28.972654291549848,41.1023785116188,Selçuklu Caddesi
29.12799013684821,41.006868290351264,29.129195364615676,41.00800090956372,Şehit Mustafa Efendi Camii
29.1766676807947,41.03211899328789,29.178038319133684,41.03312600657015,Siteler
29.095752724787815,41.02511962820573,29.098807576390378,41.02794114379882,Ümraniye Çarşı Metro
29.012678192839147,41.073193528466895,29.018489187550063,41.078220367309285,Levent
29.000998778245094,41.11926012962682,29.002168225401935,41.12020087010777,Uğur Erkey İlkokulu
29.280887450254045,40.92162378746268,29.28224655075704,40.922655212466864,Güzelbahçe Sitesi
28.94971056377574,41.03896819122101,28.951459705266874,41.04073968394414,Hasköy Parkı
29.078510273644312,41.1443186656851,29.080730644131414,41.14555043248961,Fevzipaşa
28.86775081509449,40.99754682783757,28.868939184617556,40.998447172123896,Marmara Üniversitesi Bahçelievler Kampüsü
29.277712292666884,40.95195163132499,29.278954706697288,40.95306766801531,Tayfur Sokak
28.990743039581517,41.088500867592884,28.991932960110418,41.08940113236814,Açelya Sokak
28.880931921569417,41.00516937014931,28.882392208718727,41.006469040234236,Mehmet Akif
28.95835538709826,41.08169729851272,28.959605608363123,41.082742701277354,Belediye Evleri
29.201653398598307,41.01311042248166,29.202841801062146,41.01401057747854,Yalçın Sokak
29.192893037511876,41.00420807192913,29.194256965032814,41.00527992809373,Ordu Caddesi
28.955215332470743,41.05517353502689,28.956412569053487,41.05628306491278,Örnektepe Yolu
29.151535294740782,40.94517123708187,29.152858702460033,40.94608306197395,Zümrütevler İlkokulu
28.996261679975934,41.095952592300186,28.99846436528456,41.097000379454784,Yeşilce Mahallesi
28.802796028558966,40.971349809391604,28.80398397116339,40.9722501905701,Çiçekçi
28.801175601408342,41.04014513108988,28.802498396555546,41.041083868287785,Eski Bağlar Caddesi
28.851056872035205,40.98581779191243,28.852251125684404,40.98697520803834,Uğur Mumcu Bulvarı
28.82463634545174,41.04817182085689,28.82582565426634,41.049072179104705,Konut Sokak
28.80057209212753,41.07816342333797,28.801991809234124,41.07915017612989,Esenler Oto Sanayi Sitesi
28.89501508261161,41.00988868093244,28.897175635828365,41.012359420361946,Arı Sitesi
28.78036096744706,41.077418512173345,28.78155083227751,41.07831888778843,Toki Ayazma
29.03630119103898,41.06245487816662,29.037490608646266,41.063355121794224,Kuruçeşme Üstü
29.21067834769229,40.956097946506475,29.21199665273773,40.957092053404224,Büyükbakkalköy Sapağı
29.259244010177742,40.877430287520895,29.262873804094124,40.88092416450821,Kaynarca Yanyol
29.08948250735179,41.02952559067325,29.09067129232571,41.0304258092874,Dispanser
28.787757132972754,41.091205737392244,28.78896015703081,41.09320856249616,Başakşehir Yolu
28.978935937678255,41.06815633475878,28.98351568173616,41.071893717886425,İstanbul Adalet Sarayı
29.144660394864047,41.064877064541506,29.145830406697208,41.065821835149364,Türker İnanoğlu İlkokulu
29.091055275143038,41.02288422841274,29.092333725269466,41.02383587148204,Namık Kemal Mahallesi
29.043771116362393,40.970933873094495,29.044958883322927,40.97183412686637,Fenerbahçe Ordu Evi
29.164745022437334,40.91944802891678,29.16839230348753,40.92234257059827,Esenkent Metro
29.282845582957684,40.98362471242638,29.28433441554578,40.984645286764774,Şehit Murat Naiboğlu Anadolu Lisesi
28.968946336915657,41.027420719514375,28.97051106243734,41.02866205949461,Şişhane 4
29.001553629916156,41.053744756568065,29.002809369924286,41.054897242844845,Emirhan Caddesi
28.759878512778034,41.06056270586643,28.761068086949894,41.061463094095394,Güney Yanyol
28.869623185764397,41.08991636304489,28.87092701567533,41.09122823641097,O Caddesi
29.280854273664215,40.95140102037477,29.28208872935593,40.95238497954391,Perşembe Pazarı
28.76915750127784,41.02884380563295,28.770346498449022,41.02974419432884,Ordu Caddesi
29.133329361324677,40.93902883946361,29.135299638717687,40.939940160448934,Nezahat Aslan Ekşioğlu İlkokulu
28.992667549570534,41.11775038723436,28.99385444706471,41.11868961246647,Evyap Lisesi
28.970959437996257,41.02912175970946,28.972604561665037,41.030025240346156,Şişhane 2
28.979617363166206,41.052150861707965,28.980806636527923,41.053051138253096,Baruthane Caddesi
28.984211409804498,41.06487323366183,28.986031630876482,41.067634577226116,Şişli Mesleki ve Teknik Anadolu Lisesi
29.06394582101175,40.99676459189547,29.066279168856543,40.99864540850994,Bilim Üsküdar
28.89438278437756,41.10759363817804,28.895733217672365,41.1085043618648,Gazi Polis Merkezi
28.829610551387304,41.048503507341756,28.830975441566025,41.04977549262318,İnönü Caddesi
29.258730526837194,41.02124631042224,29.25993846987335,41.022115689280255,Kara Molla Sokak
28.903827773259007,41.06528370875966,28.9053685290858,41.06622289144309,Kafkas
29.086802959916298,40.95671688420262,29.087990439762592,40.957617115758076,Çatalçeşme
29.204448564447343,40.97521828020905,29.20966221254522,40.97903642001864,
29.22559348935805,40.90623929883982,29.226821811178375,40.907375900893726,Kalyon Sokak
29.27201118813636,40.94334680335584,29.27328581408863,40.94434419663015,Namaz Sokak
29.037653622892687,41.010707375614864,29.040747287581183,41.01249498119215,Validebağ
29.30146015600995,40.92762519031239,29.30271634270134,40.92855710941505,Yücelen Sitesi
29.111369783195325,41.02201869640701,29.11255841647891,41.02291890355358,Mithatpaşa Caddesi
28.841739775679056,41.00096082147037,28.84292822403695,41.00186117849119,Şehit Muhammet Ambar
29.273285340053977,40.87771113392232,29.27447125959746,40.878611266037666,Park
29.16858735350888,41.02394717501817,29.169936646094037,41.02495082490132,Ulus Caddesi
28.777230813342726,40.994407804904114,28.77841918638328,40.99530819505766,1. Sel Sokak
28.93722734014259,41.04192484949072,28.938416459558194,41.042825150470485,Feshane
29.086260306632408,41.11208652644299,29.08760969382755,41.11307047335815,Burun Bahçe
29.131804359262592,40.981017799157975,29.132992240409056,40.98191800080252,Kayışdağı-Dudullu Caddesi
28.86525216011481,41.08705388358796,28.868082196788357,41.08867175450961,50. Yıl-Baştabya
28.79120636964953,41.04871598265081,28.792714636967844,41.05005601757335,19.Sokak
29.06653309164102,40.98578398069005,29.067721108040605,40.986684219270714,Uyanış Sokak
28.814599047791326,40.962806311333814,28.817872638840466,40.96499910896113,Yeşilköy Pazarı
29.221297044972246,40.98100742011277,29.223460192172052,40.98268692905784,Kızılay
28.79212110558591,41.0410018631168,28.793348892058344,41.04223813680187,Selçuklu Caddesi
29.236851153207017,40.99976318972279,29.23879685718819,41.00154781082532,Depo
29.084424636709006,41.00040546673505,29.085757763560586,41.001309833242665,Yunus Emre Camii
29.158436407465075,40.98587596095119,29.159773589981683,40.98680233818587,Kelebek Sokak
29.282299471502604,40.96349276700415,29.28349542953008,40.9645608329323,Turgut Reis
29.12423020263921,40.85282528690778,29.12541579703537,40.85372551305282,Nikola Manastırı Yolu
29.272042544372844,40.88511183613266,29.273348155309925,40.886013563861596,Şehit Yalçın Aran
29.240400031974037,40.90739863798748,29.241953470550115,40.90834256224203,Vatansever Caddesi
29.09216871752925,41.01814003737073,29.093466781701938,41.01910066239744,Vezir Sokak
29.114316935581567,41.016671625192735,29.11555406513908,41.01783237452477,23 Nisan Caddesi
29.241903511431623,41.01415995395296,29.24327389069816,41.01522454605116,Yenidoğan Anadolu Lisesi
29.0373071891734,41.13713207270531,29.038511811583017,41.138197927205056,Ferahevler Yolu
29.118263440226016,41.01211403637897,29.11950855788378,41.01302796320952,Kayacan Sokak
28.818622490284334,40.960487411820864,28.819823310597812,40.96150908784779,Şehit Pilot Muzaffer Erdönmez Ortaokulu
29.022630130303387,41.0936179715745,29.024082870896407,41.094705028285006,Çilekli Caddesi
29.075422475950365,40.96986263728422,29.077550306883705,40.9729106478586,Erenköy
29.155757836142968,41.08052122882637,29.15753846136423,41.08159856939127,Karanlık Dere
29.059817223180147,40.99006112944146,29.06106327183738,40.99112837031651,Fevzipaşa
29.120816757278234,40.86898008717557,29.122002642396644,40.86988031278502,Nevzatbey Sokak
28.863768822414116,41.11379815742836,28.865773672516344,41.11527664248684,Hacı Mehmet Cingil Ortaokulu
28.790173807407157,41.02340227156682,28.791558895159895,41.024488028455586,Meslek Lisesi
29.00733293306575,41.05660786965474,29.008522266624038,41.05750813030621,Barbaros Sokak
29.17889488312408,40.960041054327824,29.180605513822194,40.96130634559774,Üniversite Kavşağı
29.145505644795186,40.90134921009053,29.147698448315893,40.90245979131419,Fiziksel Engelliler Vakfı Orhantepe
29.245987023826213,40.99002093423043,29.247174975827754,40.99092106572964,Aydoğdu Sokak
28.823159430253625,41.02758021887324,28.82434836946493,41.028480581088374,Çeşme Ali Sokak
29.17479083888589,41.01520293037347,29.175985661233533,41.01618886955361,Mabeyn Caddesi
29.040857448879752,40.97833787285593,29.042045350805903,40.97923812710492,Yat Limanı
29.154814271831718,41.0362733102663,29.156003127835625,41.0371734896941,Şile Yolu
28.790519676256178,41.02085806027785,28.791800324243034,41.02208193913349,Diş Hastanesi
28.797167311434308,40.97338655325525,28.798416689750066,40.97434344671957,Spor Tesisleri
29.10691259890676,41.031202895833566,29.108101400768025,41.03210310412702,Parıltı Sokak
29.176499691113793,40.961669899671264,29.177696309384295,40.96267490016446,Kampüs Girişi
28.959752183753846,41.07127785782571,28.96094181594309,41.07217814213543,Sadabad Evleri
28.84093368656008,41.010850822040936,28.842122313155933,41.01175117792064,Şendurak
29.271298275906393,40.963068939981504,29.272485723744083,40.963969059978425,Güneş Caddesi
28.99596884770796,41.07040986933874,28.997188150521797,41.0715781305909,Mecidiyeköy Anadolu Lisesi
29.134478826475625,41.1430353837751,29.135673169366587,41.144385216161204,Başyayla Çıkmazı
28.98818295180297,41.098126867646705,28.989373047889234,41.099027132314305,Huzur Mahallesi
28.832483530399905,41.1350327542862,28.833779466185415,41.135928245606,Betül
29.239451567385537,41.00762838699965,29.240966830214823,41.00877491300351,Merve Mahallesi
29.051640360668433,41.09619577261991,29.053673914145595,41.09907170683993,Baltalimanı
29.232105851537213,41.02502418603577,29.23334164953803,41.025968313938044,Sağlık Ocağı
28.789342553016485,41.05406177629976,28.790767446082345,41.05511722360314,Çiçekli Vadi
29.055545964223448,40.880618282658965,29.056759036243765,40.881518117312325,Süt koyu
29.231490830756293,40.8917934241533,29.232980173333726,40.89300457594698,Safaş
28.800789681568922,41.09678717367073,28.802240021545725,41.09771892650016,Mutsan
29.053503342477118,40.96842467563976,29.054691057206735,40.969324924321086,50.Yıl Tahran Anadolu Lisesi
28.94308316640346,41.07196439359134,28.944385827221453,41.07315360624923,İGDAŞ Genel Müdürlüğü
29.04954147493035,40.97579277509897,29.050729324754002,40.97669302486185,Selamiçeşme
28.882562492073735,41.10419566321636,28.883875511510134,41.10526033678486,Mimar Sinan Bulvarı
29.18368423390585,40.89499923426405,29.18512466733727,40.89591766580367,Yıldıray Sokak
29.13569593891183,40.871681791741636,29.136881860760727,40.87258200821893,Zagnos Paşa Caddesi
28.777460977446186,40.974259910248946,28.781922825188815,40.97619292081581,Menekşe Gar Binası
28.927554383738443,41.024704158261954,28.930267645687962,41.027050531083326,Vatan
29.06543919921974,40.987092811037265,29.066758798232534,40.988013188141615,Mustafa Saffet Anadolu Lisesi
28.868091218732737,40.98601512702184,28.869279380979393,40.98691547293964,Şekerevler
29.121960616173485,40.951281371463736,29.123367779294835,40.952210128633794,Alışveriş Merkezi
29.178804660004765,41.027518916728646,29.179993339659,41.02841908323168,Nilüfer Sokak
28.73071494441568,40.978376913927455,28.734819506580955,40.98097631912721,Şükrübey
29.279928968173746,40.99903633286993,29.281204937287086,41.000164767062955,Sultanbeyli Anadolu Lisesi
29.221084966092416,40.90885678824526,29.222375833118726,40.9098349117321,Cumhuriyet Mahallesi
29.13843088190717,40.951158351173085,29.140066116074635,40.95209564908959,Tıp Fakültesi
29.03412584031153,40.99016007189558,29.035313959375017,40.99106032806529,Barış Manço
29.00773054663462,41.08868027826315,29.00910045453744,41.08959172177112,Üçyol
29.212440442247896,40.96415422192247,29.213627957411592,40.96505437803771,Ortadağ Spor Tesisleri
29.019221755605077,41.01011786930481,29.020410244083497,41.0110181306561,Selimiye
29.077556200131756,41.08846992843184,29.078804801994117,41.089371071130486,Spor Tesisleri
29.08902946811816,40.96272228661249,29.090301831325803,40.963922612968545,Şemsettin Günaltay Caddesi
29.16414953100126,41.00072112222016,29.165437464004892,41.0018198776354,İmes C Kapısı
29.080279192738757,41.096569438281094,29.081493807812052,41.09762056141058,Tekke
29.028682057958807,41.11242003020041,29.029890940628786,41.11345296912595,Şehit Muhsin Bodur Karakolu
28.796797904197298,40.99772520831159,28.79980289683582,41.00024958749894,Sefaköy
29.044483693819522,41.070317075437444,29.04600430665783,41.071370924088946,Çamlıbahçe
29.09851258261686,41.14198987838208,29.099800318924537,41.14292142128589,Türk-Alman Üniversitesi
29.076923187005917,40.9755890828518,29.07811101267424,40.976489317108935,Arsan Sokak
29.125463637729954,41.15073928547216,29.12688336031886,41.151657714623205,Karakulak Caddesi
28.777041986548447,41.031138269005055,28.781352524409545,41.034791372188174,Sakarya Sokak
29.229787198246346,40.883386795731234,29.231363799593105,40.88432240450797,Yenimahalle
28.82770940352914,41.064042522872114,28.828898996188276,41.06494287708948,İSTOÇ Camii
29.041813752685957,41.04266836310843,29.043252246790225,41.04371963673454,Beylerbeyi Sarayı
28.84776743169097,41.02054348283813,28.84912857639217,41.0224965168044,Ormantepe Geçiti
29.258592083102887,41.0123761593952,29.25996891421412,41.01331083960146,Otlukbeli Caddesi
28.922985922899898,41.01651705684023,28.929950685141335,41.01993013846366,Pazartekke
29.132331771344425,41.14031026213674,29.1335802258231,41.141195737078164,Gülbahçe
29.115168900228177,41.008936485889166,29.116619100232292,41.010002513858225,Palmiye Evleri
28.78725961039367,41.01735880916006,28.788448389330533,41.01825919080168,Palmiye Sokak
29.114100757407133,40.98262670725666,29.116763751232245,40.98393543214255,Şerifali Yolu Caddesi
28.886939008610582,41.08787983986814,28.888128991097396,41.08878016009324,Fabrikalar
29.15355185760266,41.00442590739844,29.15474014206532,41.005326092561994,KEYAP Caddesi
28.793812692132317,41.008500810079816,28.79500130759098,41.00940118988191,Fevzi Çakmak Meydanı
28.96582899182481,41.031424148794144,28.967214811107155,41.03294475045634,Türabi Baba
29.25682024694985,40.95824470798232,29.2580117523244,40.959225291822314,Mescid Sokak
28.82756365633468,41.01371881889298,28.82875234338336,41.014619181068625,Kayalar Sokak
28.889262471790886,41.02903012331782,28.89131902716972,41.030844977243376,Davutpaşa Kampüs-2
29.075914565450944,41.071879638254806,29.077066432346513,41.07279536122527,Nişantaşı
29.04987048288787,40.97491917512329,29.051058316796457,40.975819424837525,Selami Çeşme
29.145188788206745,41.13404940417624,29.146372214691066,41.13497659564005,Toygar
29.041860002524288,41.105465974646094,29.043422986821827,41.107094025661866,Tuncay Artun Caddesi
29.276024420161992,40.909600130012244,29.27751678738193,40.91099447024623,Şeyhli TOKİ Konutları
29.181814463800933,40.910395376683496,29.183031535762755,40.91146762293664,Mustafa Kemalpaşa Caddesi
28.875885520110558,41.014578219072185,28.87847584623631,41.01632999600143,Güngören
28.792735429236167,41.10241032827447,28.794276472698193,41.10334437189212,Göçmen Konutları
29.033890271658045,40.98665767155542,29.03507832802858,40.987557928405444,Barış Manço
29.092660865284486,41.02321689109309,29.093849534392607,41.02411710886756,15 Temmuz Şehitler Maydanı
29.271972120518853,40.90099179604765,29.274316278678228,40.90234630154282,Meslek Lisesi
29.128874036443484,40.866817908747166,29.13003686162501,40.86776139073748,Mezarlık
29.113931892832166,41.09497580186804,29.115256106221107,41.095975198107965,Mesire Alanı
29.104754465640575,41.043519620223705,29.10593383720328,41.044443079589264,Güzeltepe Caddesi
29.12347865441257,41.025737900223916,29.12466734525974,41.02663809973659,Fatih Sultan Mehmet Muhtarlığı
29.282679491680753,40.94817395676021,29.283961506154533,40.94909504264734,Abdulkadir Udeh Caddesi
28.790823813424584,40.99488880827684,28.79201218629933,40.995789191684885,Gültepe Mahallesi Muhtarlığı
28.84128443225765,41.01458664384969,28.842635364919,41.01564855616683,İtfaiye Okulu
28.84201479938187,40.99833182133411,28.84320320033412,40.99923217862743,Pazar Yolu
28.95360189009305,41.074138438551365,28.956412113345113,41.07519056221065,Güzeltepe Ortaokulu
29.12514767731964,41.026700185319456,29.126596326692226,41.027637814890724,Yeşilvadi Sapağı
29.235294739520302,41.02425492356061,29.23759334710799,41.025817851387814,Kartal Sokak
29.01853658777197,41.10709206099544,29.026218818381682,41.11151358600478,Maslak
28.99386951512608,41.046950565194365,28.995058684565915,41.04785083476665,Teşvikiye
29.05055619402345,41.02497689376363,29.052658106581653,41.02622200465755,Neşetbey
29.27681262661071,40.89157359104446,29.278206173138155,40.892474908964864,Güllübağlar Aile Sağlığı Merkezi
29.095664016782834,40.99534978977563,29.096852182894175,40.996250010185,Huzur Caddesi
28.922397176816176,41.08682289457803,28.923602622879493,41.08786000533563,Vural Sokak
29.125636056277393,40.98987070128377,29.12718664392426,40.990975398242625,Turgut Özal Bulvarı
29.04943489372028,41.007910628710476,29.05073849734091,41.00894699657369,Çamlıca Kız Lisesi
29.135319878755862,40.985271617148236,29.13678102055327,40.98633868269458,Girne Caddesi
29.28016332291477,40.938428180183564,29.28148167917124,40.93933381983593,Acar Sokak
29.277399308059195,40.94344075215353,29.27872969346662,40.94438924743685,Akçay Sokak
28.84182002467853,41.055197383963076,28.84361797420483,41.056121616241384,Muaz Bin Cebel Camii
29.041443552294517,41.135938021763415,29.04271044294088,41.13700597805164,Tarabya Bayırı
28.998141495225333,41.06746819301058,29.000101306332745,41.06862200537045,Konyalı Camii
29.1286946952324,41.135589611685305,29.12987920572076,41.13654088816636,Tepeüstü
29.103295085398596,40.96573078965962,29.104482714277644,40.96663101030101,Yanyol
29.180301766801797,40.90730981794594,29.181476031423742,40.90827688150898,Elmalılı Kuran Kursu
29.121958685686682,40.95533809426795,29.12314611398683,40.956238305692615,2.Kısım
28.84889596145713,41.00743200678239,28.85041004006549,41.008561993048595,Çavuşpaşa Caddesi
29.17668438602054,41.09145267980526,29.17781561720183,41.09233731985469,Karadeniz Caddesi
28.864249130771316,40.977550687476,28.865468872079777,40.97884231241577,Park
28.942869414254414,41.081192750474784,28.944179465496287,41.08251703561288,Güzelyayla Cami
28.800908702613498,41.10482571029038,28.802443301870962,41.10578729005813,Başakşehir Polis Merkezi
29.180102853416248,41.04002993631395,29.182770964786336,41.041304525886055,Yeşiltepe
28.824081600627682,41.01978781849408,28.825270399090815,41.02068818146753,Yalçın Koreş Caddesi
28.939823005798296,41.00135474700494,28.9410113939026,41.002255052956286,İstanbul Hastanesi Sahil
29.010783919013278,41.00760953221536,29.013071901619316,41.009036471572095,Harem Peron 3
29.14600719677773,41.00498217067016,29.14760479950795,41.00621982941367,Çetin Caddesi
29.232021577140554,41.01979126952441,29.233315926997463,41.02130743018314,Çekmeköy Ağız ve Diş Sağlığı Merkezi
29.201185343931495,40.898025303765,29.203156659928514,40.89946569580712,Uğur Caddesi̇
29.249872765210487,40.96741884042712,29.251154229801884,40.96851315941369,Hasanpaşa İlkokulu
29.0644879990458,40.88431847216605,29.065674200637485,40.88521872779472,Öğretmen Evi
28.974754952311592,41.016283076642864,28.97606784787855,41.01753512247232,Eminönü Iskele
28.836899609400074,41.128120450991815,28.83929385418183,41.130031529004135,Habipler Mahallesi
29.136597060296133,41.09226790927722,29.137786939373225,41.093168090683236,Beykoz Anadolu Lisesi
29.132760152267338,41.09292657596971,29.134010844806358,41.093911423912985,Muhabbet Sokak
29.14016777264449,40.9184546966824,29.141381126786264,40.91953910320688,Esenyurt
29.150402910330563,41.02067970773938,29.151591489337676,41.02157989222104,Adem Yavuz Mahallesi
29.193878650384598,41.0015462498677,29.195133344280702,41.003097750043736,Mihrican Sokak
29.137837879297106,41.00132890251951,29.139026120373337,41.00222909744097,Haliç Sokak
29.29471278213058,40.937234106914154,29.298803255939664,40.93943604671659,Sultanbeyli Peronlar
29.115533002036265,41.004628350836605,29.1168259974254,41.00581864816479,Şelale Evleri
29.01893751974113,41.024433496017465,29.020329177169106,41.025530504026925,İsmail Dümbüllü Sokak
29.19499394625142,40.8846709104147,29.196180053411894,40.885571089545586,Bülent Ecevi̇t Kültür Merkezi̇
28.792973603359712,40.992715682677535,28.79604286586667,40.99579150924162,Beşyol
28.936271391742217,41.08639687581899,28.937997609130246,41.08732412425959,Ulubatlı Hasan Cami
28.904872131803494,41.074903843526926,28.90606186790188,41.075804156434394,Küçükköy Tek
28.797735661355397,40.969539072454126,28.800931330887526,40.97158492625898,Konaklı
28.945665806669965,41.009213293957394,28.948548270474994,41.01067359402723,Yusufpaşa
29.023844333940282,41.00522571998539,29.027332464756476,41.00615688054977,İsfalt
29.20779781244882,40.881573333433785,29.212425100828423,40.88562465895611,Yunus
28.94057883483113,41.04652621111504,28.941841161644252,41.047916788763075,Sütlüce
29.11905072211921,40.970066267686924,29.120265876598197,40.971117331617464,Kavaklar Sokak
29.120603848185347,40.94749427131543,29.12521531303866,40.95123202592933,Küçükyalı Metro
29.078412649235975,41.001047243640436,29.080050046671463,41.00201855680353,Şehit Akın Sertçelik
28.78815934204898,41.100157792607426,28.789745658756242,41.1012242067101,Başakşehir Bulvarı
29.27227820200552,40.93670741296225,29.273636999765227,40.93761968708861,Kutluca Sokak
29.275550252252447,40.98736073378324,29.277010445588676,40.98834546524095,Bülbül Sokak
28.89217181151859,40.9988728342551,28.893360188189693,40.999773165706294,Yeşiltepe
29.105761728499747,40.96784956408352,29.10829897219769,40.96879263595556,Halil Atamavcı İlkokulu
28.79761407917131,40.96551680765184,28.79880192055189,40.966417192309876,İstanbul Akvaryum 1
29.04612049108121,40.91278109591885,29.047952696884675,40.91400069950362,Fincancı Sokak
29.04449728168414,41.08424325303944,29.048595078254625,41.08618442291409,Boğaziçi Üniversitesi/Hisarüstü
28.902389847635202,40.98784087784293,28.904339355845174,40.98884492273002,Merv Caddesi
29.26728346026127,40.885183076375355,29.26853033966452,40.88612612355472,Fevzi Çakmak Mahallesi
28.911207048156005,41.041261729665166,28.912570054347906,41.042174970395706,Bayrampaşa Yeşil Camii
29.07394146075801,41.073683974696024,29.075133541814058,41.074612025159404,Nişangah Camii
28.82959055214764,41.06877647186668,28.831642048076162,41.07007372668611,İstoç 41. Ada
28.86768094567976,40.98299682668005,28.868869054032483,40.98389717328142,Yücetarla
29.226278162139675,40.90009624935935,29.227570839327488,40.900999750641624,Adnan Kahveci Caddesi
28.901898186994657,41.07002685151141,28.903212813961193,41.07102614844687,Vefa Poyraz Anadolu Lisesi
28.985852380576535,41.01510419714046,28.987345816302106,41.01604150307055,Sarayburnu
29.148729388310525,41.01429160163751,29.149971111116958,41.01519299833539,Gür Sokak
29.099121153433604,40.87567558931745,29.100627442467967,40.876882110802285,İtfaiye
29.228070459885583,40.985192028341224,29.229258339771214,40.986092171618886,Samandıra Kültür Merkezi
29.29639068969097,40.930645205085774,29.297691512562004,40.93166439491581,Ömer Çam Anadolu İmam Hatip Lisesi
29.103279012671933,41.04423357042415,29.1044769871388,41.04523642951507,Aziz Mahmut Hüdayi Caddesi
29.119376114307617,40.868815361754095,29.120692089478318,40.87033203785758,Sipahioğlu Sokak
29.079932097921635,41.018222001235955,29.081568902023534,41.019352998067575,Namazgah Sapağı
29.09742865613444,40.95758888732781,29.098616143542817,40.95848911263284,Bostancı Atatürk Ortaokulu
29.056279137491853,41.06904832119747,29.05751386565228,41.070389678663325,Kandilli Kız Anadolu Lisesi
28.9190954086108,41.04472284490215,28.920284591092745,41.045623155059126,Akasya Sokak
28.915342175301696,41.08058911249063,28.92140088073252,41.08611411317594,Akşemsettin Bulvarı
29.065480874455332,40.99879488140995,29.06666912522627,40.99969511855082,Ünalan Çarşı
29.01366564612701,41.01962969692612,29.015248356531302,41.020578303332904,Halk Caddesi
29.264543747432334,40.917033944547775,29.265820254428494,40.91795305504174,Üçyol Ağzı
29.13280822987338,41.13807889248735,29.134280765723837,41.13927210762753,Köybaşı
28.830618180153024,41.05765379273527,28.83189981494419,41.059193207130306,Saray Sokak
29.11917827327936,41.05139178988719,29.120639724540524,41.05250221012088,Şehit Öğretmen Yasemin Tekin İlkokulu
29.088500944234028,40.99198888745176,29.08968905544413,40.99288911250891,Yıldırım Beyazıt Caddesi
29.051807601288775,41.010884605274896,29.053395398083577,41.011974393974434,Acıbadem Caddesi
29.02730501975,41.12476374356836,29.030031971833473,41.12596825854626,Havuzlar
28.906947266296587,41.060058842907736,28.908136733408657,41.060959157053595,Bağlar Sokak
29.076823500587537,41.10038583677528,29.078113500020585,41.10133916308031,Villalar
29.15317940548195,41.016006450381425,29.155213395103363,41.01693554964547,Ümraniye İmam Hatip Lisesi
28.995259460980204,41.0419118651809,28.99644853871165,41.04281213478012,Vişnezade
29.15314778078288,40.95941512030465,29.154344219521853,40.96041687957501,Şen Sokak
29.075515057687788,41.08720487283311,29.076790941360724,41.088173127146625,Otağtepe
29.234597915064782,40.96336184833193,29.235791983713252,40.964413551629264,RTE Caddesi
29.07973011078709,41.084254892164594,29.080919888891156,41.0851551077961,Yeni Camii
29.150607521894592,40.988840824602256,29.1522104756115,40.9898591739892,Türk İş 1.kısım
28.761244877860005,41.050367424101104,28.763528227829127,41.05292127576851,TED Koleji
29.092700399782537,40.99838824914548,29.09574593777858,41.000630024939454,3004.Cadde
28.835122473532678,41.0391625640703,28.83694532548216,41.04167290879787,Yeni Mahalle Metro
28.86867159990873,40.98758162851939,28.872760083321165,40.98923587651577,Klinik
29.094505808577303,41.00734989038165,29.09569419109972,41.008250109578995,Yemişli Sokak
29.119066757097325,40.9680636661595,29.12040794447541,40.96909523382272,Paşabahçe Blokları
29.16284032368109,40.896975301743566,29.16402667598697,40.897875498216834,Trabzonspor
29.045927918223352,40.99263801290375,29.048421419271307,40.99424904207159,Fikirtepe
29.234850588323233,41.036193280354425,29.23648442253768,41.038631718591404,Çekmeköy Devlet Hastanesı
28.98575667130429,41.09632158769708,28.98711152957929,41.097230512318575,Atatürk İlkokulu
28.98540435885253,41.05080434905746,28.988235728093986,41.05227914248767,Pangaltı
28.856870650634857,40.97704683663653,28.858077348367672,40.97813016329949,Ömer Duruk Camii
29.17521837534602,41.006086295430805,29.177594457364375,41.00758612033717,Esenşehir Sapağı
29.2652096770769,40.951253948976635,29.266452025487926,40.95223195096936,Seyitgazi Sokak
29.084822832044445,41.092106761846054,29.0865584693102,41.093332837607015,Hasan Yavuz
28.962431333736745,41.0547358572523,28.963620665959997,41.055636142708835,Okmeydani
28.986500239602915,41.09424888979388,28.98777836224101,41.09514801018345,Mescid-i Nur Cami
28.99584020371493,41.0594027667104,28.997029595976596,41.06030303325061,Fulya Mahallesi
29.034007860030094,41.05632202365624,29.03549214076356,41.057413976099305,Muallim Naci Caddesi
28.857339829353627,41.106625833716734,28.8585301703587,41.10752616624473,141.sokak
28.907008941832725,41.09604784574369,28.908199057872054,41.0969481542176,75.Yıl İstiklal Caddesi
29.092435786589448,40.87568927947883,29.09362181308968,40.87658952048185,Şehit Dursun Keser Sokak
29.147459477482855,40.93502190016319,29.148646522187025,40.935922099797246,Mengü
28.84410912186436,40.99075597167497,28.84796900917841,40.99249847524757,Şirinevler
29.271944339802765,40.88131709323858,29.27318395560688,40.882361006523695,Yıldırım Beyazıt Camii
29.00719805267093,41.04690729490803,29.008674744947953,41.04844760404969,Barbaros Bulvarı
29.257557544790412,40.89898302807532,29.258887657120447,40.900016171924605,Egemen Sokak
29.105629121372882,41.0582671573915,29.107503955256966,41.05950883431801,
28.929650598649204,41.07538463227791,28.93094039909258,41.07630436709011,Veysel Karani Caddesi
28.79968159088032,41.040312668581244,28.80099201088394,41.0412473309713,Hayat Parkı
28.85216387733408,41.033786325102675,28.853485125693155,41.03468967490175,Yavuz Selim
29.254223046778854,40.870102452019545,29.257900175947896,40.87250960451371,Kaynarca
29.1260550379552,40.970614687852766,29.127246061149403,40.97162121211032,Yalın Sokak
28.95547401058326,41.07568524397377,28.957140881366016,41.077836355026804,Açıkyüz Caddesi
29.258920045678735,40.95630678681758,29.2604219493801,40.9575442133323,Ayder Sokak
29.150699040222843,41.078971882932215,29.152014958483072,41.079929116685335,Kantar Köprüsü
29.03001541002572,41.064424854687125,29.031205894944986,41.065891245237815,Çamlıtepe
29.107833718099304,41.041418544096935,29.110093579941694,41.04266031366338,Ersan Sokak
29.11264912563233,41.00084608802715,29.114203871064106,41.00204591203641,Finans Merkezi
28.79958694629483,41.10244260998984,28.80097005733403,41.10336139010515,Şeyh Şamil Caddesi
28.903091658396427,41.01633483847248,28.90428034130996,41.01723516148888,324.Sokak
29.214688761119312,40.90627891807687,29.21587523854066,40.90717908188333,Naz Sokak
28.842464849913895,40.992720821008646,28.84365314980211,40.99362117895291,Şirinevler 1
29.229449011046572,40.906662628359896,29.230783991031767,40.9075943710454,Bosna Sokak
29.175347088177123,40.892833048572705,29.176885561714005,40.89457407278931,Teknik Lise
29.26384054982716,40.87194825664233,29.26511372054453,40.8729367671097,Şehit Ozan Özen
29.106526056545505,41.021441049088764,29.11027205959845,41.02488017514643,Atakent
29.24563777888193,40.96937281306375,29.248208184506172,40.97052204110164,Petrol Yolu Caddesi
29.231565833141637,40.90346847104275,29.232850166521576,40.90443052881461,Apaydın Sokak
28.839732003672193,40.96097442742318,28.841186999711336,40.96190957276805,Sipahioğlu
29.23047417662965,40.96799709097616,29.231752325028452,40.96892250867193,Cengiz Topel İlkokulu
28.785088986875547,41.07141198572453,28.78639200584054,41.07320201413304,Keresteciler Sitesi
28.820436275987564,41.031003398174065,28.821976719413776,41.03196460216424,Koçman Caddesi
28.91214608052846,41.079498106069686,28.91348392036996,41.080405893941155,Valide Cami
28.962576629958917,41.11826051929459,28.963892371398497,41.11926748068471,Kemerburgaz Caddesi
28.99371888535507,41.10733384546638,28.99495271920075,41.10837585438514,Ayazağa Cendere
29.167669729948273,40.94636159115221,29.169013168711082,40.94738260883827,Seyrantepe
29.165350542607097,41.01203870705899,29.1673915538727,41.013035093655105,Kürkçüler Caddesi
29.081982420574846,41.04996789012325,29.08317157910353,41.05086810983743,Akbulut Sokak
28.797236602492756,41.01859881171631,28.798425397229902,41.019499188245405,Ulu Camii
28.858794215016122,41.06392283074224,28.859983784696496,41.06482316921924,Yıldırım Caddesi
28.787985450195734,41.039454869124896,28.789426549419687,41.04050413068821,Güneşpark Evleri
29.05765744803892,41.031023681393386,29.05890555524807,41.03202631853114,Nuribey
28.9821487924418,41.04419080959136,28.983409004830484,41.045179790321846,Akarca
29.069075725754875,41.0140746562036,29.070280275448248,41.01510234329785,Küçükçamlıca İski
28.987428060611748,41.063849764754885,28.98861753908103,41.064750035206146,Şişli Minibüs Başdurağı
29.0382594669146,41.01730660932745,29.0397905769621,41.01854723315352,Şehit Abdullah Tayyip Olçok
29.056797078197885,41.02864160295704,29.059065712182466,41.030107008416,Nizami Cedit Sokak
29.156235886838264,40.977907759008716,29.15753801491804,40.97883914056573,Şehit Er Bülent Altınsoy
28.973798173551224,41.11105068934504,28.975110823225354,41.11209431062391,Ayazağa Garajı Çıkışı
28.90426340601869,41.05182689192274,28.905530594124237,41.05278310801037,Kamil Caddesi
29.267371882076013,40.88176222730195,29.26863882025593,40.88265627265465,Fatih Camii
29.099927183812895,41.01483869244608,29.101175911051502,41.01591570730922,Mehmet Akif Ersoy Kültür Merkezi
29.022333636527463,41.05908783787346,29.024901577967768,41.06192181359073,Vadi
29.21668691575403,40.89471639224793,29.218000285042297,40.89567800753978,Elmas Sokak
29.13801912361105,41.06837771154094,29.139366376728358,41.069363788283304,Üçyol
29.020646674427294,41.00452534189416,29.021957359130784,41.00716917510317,Haydarpaşa Numune Hastanesi
29.15580031495654,40.93772039522346,29.15701358558107,40.93877530446143,Barış Caddesi
28.79361313732749,41.10523567331531,28.795113859398047,41.106175226907794,Başakşehir 1.Etap
29.06869104105025,40.996142150015395,29.070161661149154,40.99707145013132,Site 59
28.982902385558756,41.09417506589527,28.98409241413432,41.09507533406575,İSBAK
28.850053572893874,41.02383582537269,28.851242426820576,41.02473617458887,Sağlık Ocaği
29.24603813683915,40.971542711624444,29.247288364335702,40.972468088187156,Asil Türk Caddesi
29.006819540643797,41.022404766833965,29.00800825904653,41.02330503312701,Kılavuzluk İstasyonu
28.97462450588565,41.07549227399584,28.976571467668023,41.07721060534207,Birinci Ada
29.10316027380457,41.06063690675681,29.10514400027034,41.06213067260405,Asfalt Fabrikası
29.243787513346863,41.00693466227832,29.245764674913552,41.00800655149517,Villalar
28.96541227345913,41.02159825807487,28.968086201276556,41.023949947772806,Haliç
29.1190817509076,40.928033541413726,29.12147472698438,40.930851360219,Adatepe Sahil
29.058662114696208,41.04268881661278,29.059879783207347,41.043586782968,Boğaziçi Caddesi
29.07995283295477,41.151960091166494,29.081165169395305,41.15284190839046,Doğu Kapısı Yolu
29.211477114689533,41.01495786715738,29.212652886704745,41.01591613254882,Sevgi Sokak
29.24848514846572,41.00603829132587,29.24976864634253,41.007143908509356,Akabe Caddesi
29.30364842466667,40.92408757769995,29.304862576020664,40.925195422136056,Küme Evleri
29.08224270787086,40.98463418508125,29.083430691808356,40.98553441487947,Adile Naşit Sokak
28.869990556102472,41.10497546389581,28.871745401421727,41.106941124573844,
28.895836247186825,41.08742681711179,28.89949467955328,41.08928465863546,Karayolları Mahallesi
29.023784795259452,40.98361296849764,29.024972804428764,40.984513231463275,Moda Caddesi
29.132064402520218,40.93155689536211,29.133251397152076,40.932457104598406,Maltepe Yaşar Kemal Kültür Merkezi
29.08666059752877,41.066732140512016,29.087989400907084,41.067746859485005,Yeni Mahalle 1
29.19106915860266,40.91482951157567,29.195480810956788,40.91606670450133,Yeni Mahalle
28.77786512024437,41.01699888744949,28.77914487529544,41.01806611241732,Kanarya Mezarlığı
29.22560281243993,40.92042549345946,29.226739990700878,40.921317806234,Çalkantı Sokak
29.036329733783973,41.0088658447631,29.037627265115155,41.00985215522089,Koşuyolu
28.968881666247203,41.09194136222323,28.970183631112107,41.09284233771945,Hz. Ebubekir Cami
29.075690312974636,41.047230501929405,29.07707168472726,41.048181497220405,Ata 2
29.09382380069323,40.950372018379795,29.098362772692155,40.95289620984575,Bostancı İskele
29.027138228333346,41.027341405675024,29.030459146600705,41.028845378222066,Fıstıkağacı
28.985791355566157,41.04468808109534,28.987404148109583,41.046486017199896,TRT İstanbul Radyosu
28.852997785318905,41.113941323002784,28.856223512686103,41.1156767740711,Hayırlıoğlu Camii
29.21730141995052,40.89756895501872,29.21858257959669,40.89853614494714,Topselvi Caddesi
28.967072371829875,41.04935426640776,28.968736623138682,41.050681633766,İSTAÇ
28.949748823221487,41.05780030862457,28.95140117009967,41.05920269166266,Miniatürk
28.894383031891095,41.057227757402785,28.895626968444912,41.05838024221757,Mostar Köprüsü
29.101249323024206,40.951183397293256,29.10257988000494,40.95208940273113,Altıntepe
29.232457859855348,40.89602892270783,29.233644139802067,40.89692907725231,Di̇nar Sokak
28.797767139941037,41.03805715487438,28.799035462466342,41.03895604453836,İbadullah Camii
29.127849905458074,40.953384595836404,29.12903729421457,40.95428480412412,Lojmanlar
29.22650913948158,40.99975821395791,29.227865654604894,41.00095398600849,Şehit Er Hasan Genş İlkokulu
28.97410810812021,41.06225757819861,28.976341892996228,41.06366442022856,Prof.Dr.Cemil Taşçıoğlu Şehir Hastanesi
28.809565636324976,41.11572002135674,28.8111658745034,41.117390379113566,Yunus Emre Caddesi
29.06420156159502,41.058794057530015,29.06554643972443,41.05982094243574,Selvi Yolu
29.258310289224628,40.89384043777687,29.259597008181775,40.89474856144366,Şehit Murat Çelik Parkı
28.791375815063383,41.105785817101555,28.792566184659147,41.10668618286013,Başakşehir Mahallesi Muhtarlığı
29.138760020651006,41.07946760766081,29.140997398556426,41.08102453249606,Çavuşbaşı
28.945070221689924,41.046691038780686,28.94731738861482,41.049617221958066,Halıcıoğlu 4
28.792648830329362,41.07857833360848,28.795255369788723,41.0800194209216,İpkas
28.863800308713394,41.05370883122338,28.86498969099857,41.05460916873808,Uludağ Caddesi
28.79638390939139,41.02046362217545,28.797673093287685,41.021358377084184,100.Yıl İlkokulu
28.792525894177274,41.04686358508077,28.793822103778083,41.04818641460757,İkitelli Caddesi
29.13755466954904,41.024659904263245,29.13874333012111,41.02556009569722,Bülbüldere Caddesi
29.222624272004982,40.96129092480362,29.223811727652986,40.962191075156525,Pehlivan Sokak
28.93760275802692,41.00978357790095,28.941359147164455,41.01259922539981,Fındıkzade
28.865934811689034,41.01992188583302,28.86845616305639,41.02147065117718,Fevzi Çakmak Mahallesi
28.98374208634304,41.09830139504403,28.98634543436725,41.10034129555537,Ulubatlı Hasan Cami
29.109736673966562,41.094018888680516,29.11090132788363,41.094965110867896,Acarlar Yolu
28.954325707055137,41.06323250407233,28.95564428614468,41.06446049579307,Kağıthane Tünel
28.974614833603177,41.00717855631058,28.97846499190614,41.00861293662052,Sultanahmet
28.916813918035164,41.074463435220686,28.918168082392334,41.075369564768906,Saya Hilal Camii - Şehit Sezer Uçar
29.053270009520435,41.04754078833624,29.055050588390102,41.04863701003372,Şehit Burak Cantürk
29.151672974413685,41.11985908440235,29.152864026134726,41.120822915498536,Fındık Suyu
29.073834903588835,41.062617088786055,29.075024296090618,41.06351731117466,Tufan
29.252555858196672,40.907159969946576,29.253957744975157,40.90827983010512,Velibaba Mahallesi
28.885514995438733,40.9781276309012,28.88670300427081,40.979027969060205,Sakız Ağacı
29.044927629807272,41.02516887766674,29.04611636987714,41.02606912229409,İstanbul Şehir Üniversitesi
28.926742775479063,41.092605207069184,28.927931028490004,41.093578892696634,İBB Ağaç Ve Peyzaj A.Ş.
29.236234952545434,40.908299457519846,29.23753704589436,40.909245542043045,Yurt Sitesi
29.155678654098026,40.8997088537391,29.157459037661237,40.90126314668397,Üniversite
28.830624423069615,41.01388000406607,28.831934580392836,41.014939995934,Park
28.865032089528604,41.06654758343809,28.86641491225356,41.06760951654054,Tekstilkent Çarşi
29.15528322917479,40.94877954061748,29.156597873233657,40.949692258706285,Adatepe Sitesi
29.128534519537933,40.87354328978759,29.129720480135703,40.874443510172966,Araba Meydanı
28.79705641304315,41.01413290997988,28.79830259029873,41.015510689855205,Siteler
29.16598796926251,40.98699636789163,29.16802965406061,40.98850120284513,Yeni Çamlıca
29.10630491206046,40.99380979482781,29.107839683238456,40.995577204273495,Ataşehir Emniyet
29.114975382084918,41.1113412436694,29.116256614522182,41.11223275619091,Dolunay
29.13683836520782,41.01278240836426,29.1383656397849,41.014052591790225,Doğanevler Caddesi
28.901900887949427,40.9947633788687,28.90494611442864,40.995781621628026,Zeytinburnu Kaymakamliği
29.102385434414323,41.048132057481645,29.103600764757935,41.04918694204558,Şehit Askeri Çoban
29.123182784647433,40.96380687741751,29.124377813177905,40.96495512253607,Candostum Sokak
28.900548775354576,41.07597160827661,28.901755225027497,41.077026391598665,Küçükköy Beşyol
29.163780400469864,40.917917375905425,29.167167499742376,40.91885452393842,Tugay Yolu Caddesi
28.869574848034304,41.03562053096313,28.87206997682768,41.03753426143689,Üçyüzlü Metro
29.133165324489276,40.99609410073752,29.134353475181957,40.996994299222976,Viyana Sokak
29.086587070075723,41.1439893942115,29.087856926149236,41.14501660565964,Çayır Caddesi
29.01964889624971,41.09207888812583,29.02110710463639,41.09309511140674,Otoyolcular Sitesi
29.10416550022742,40.94865187507743,29.105614760066967,40.950354652346164,Bahar Sokak
28.901646848225617,41.05823302741298,28.90295115324652,41.05923497257211,Bilge Han Caddesi
29.004712110580066,41.081190870857604,29.005901889109815,41.08209112910333,Sarıgöl Caddesi
29.15572066758969,41.124482794444,29.156996563378417,41.12549419181066,Kelebek Vadisi
29.14338971292837,41.13992187424137,29.144626289038552,41.140823125399734,Örnekköy Meszarlığı
29.061876241204928,40.99876815913283,29.063106365129805,41.00042884074181,Kiptaş Konutları
28.849422532583638,40.99316698003949,28.85062246651199,40.99418301960913,Tevfik Fikret Caddesi
29.234420905192646,41.00271213166125,29.235609094462923,41.00361226829884,Haznedar Sokak
29.030015025550906,41.08243399996908,29.0315679783601,41.08339300036545,Etiler Camii
29.09343272131151,41.052528546747645,29.094606277039873,41.053474452871974,Şahintepe
28.849823549616083,41.02641582551626,28.851012450098384,41.02731617444526,İnönü Ortaokulu
28.907578587036834,41.082518910741214,28.909119610823655,41.08353068812986,Hekimsuyu Caddesi
29.000158521368906,41.08242563552742,29.001845779889006,41.083506663474225,Osman Faruk Verimer İlkokulu
29.240276711172115,40.88770898706871,29.24180479673872,40.888709900534096,Kartopu Sokak
28.962474761024776,41.062810257896565,28.963664238671853,41.06371054206457,Hazerfen
29.189023034241103,40.88562649290888,29.195849670170766,40.89037101916282,Bülent Ecevit Kültür Merkezi
29.14698582649088,40.98910311821397,29.1482057756828,40.99033408166699,Yenişehir Pazar Yeri
28.792247394682978,41.0103031324038,28.79398056306719,41.012400871911375,Boru Sanayii
28.95873011111049,41.03491474526217,28.96049472276799,41.036293740711834,Yeni Çeşme
28.96637915136086,41.03037606541373,28.969014561122286,41.03255443482554,Kasımpaşa
29.10365690010261,41.03887444840387,29.10505309984648,41.03989955133783,Kaya Sokak
28.924409305184238,41.141113451581,28.92596079308773,41.142040648598325,Şantiye Şefliği
29.265091011579322,40.98006816072528,29.266847995392123,40.98156283954188,Bosna
29.218797247645682,40.935904371174466,29.220284855081005,40.936840829019985,Uğur Mumcu Sitesi
28.830965221191363,41.03048390608399,28.832487778481838,41.03156709360806,Bağcılar Gaziosmanpaşa İlkokulu
29.224499971663302,40.98741498525718,29.226323413989107,40.99024771378388,Sancaktepe Emniyet
28.97017415567448,41.007918707678954,28.972077305702523,41.00896259237525,Çemberlitaş
28.784914568080143,41.02198080894612,28.78610343164436,41.02288119101563,Kömürcü Yolu Caddesi
29.22372426512911,41.02883934356011,29.22516273842445,41.029771656619815,Sultançiftliği
28.827048529130895,41.13518494869372,28.82825047174889,41.13620105099646,Tepeüstü
29.090055225026234,41.040231060978535,29.091784774022862,41.04136093788147,İnönü Caddesi
29.20661437156068,41.01270950326106,29.20784702815306,41.01381679628534,Gülbahçe Sokak
28.793130033253412,40.97047480693298,28.794317966470445,40.97137519302873,Atış Poligonu
29.038287289965186,40.99957502156785,29.039834707126133,41.000554976975664,İkbaliye
28.81527755418697,41.023569383990356,28.81847887466213,41.02607973364475,Mimar Sinan Cad.
29.083946145593774,41.02843506783974,29.085253854104327,41.02966793148331,Tantavi Caddesi
28.980073046294443,41.03593613896939,28.98128935473267,41.03706376089204,Tarlabaşı
29.14512125441369,41.072906806453,29.146317545773393,41.073905093470906,Yunusemre Caddesi
29.276771012070494,40.923834224466894,29.27817598526833,40.92475487562645,Gül Goncası Sokak
29.021464047262693,41.08889087609816,29.0226539524245,41.089791123862724,Basın Sitesi
29.07755174343952,41.017102988088254,29.079095758455185,41.01803741207678,Bağlariçi
29.09920880038383,40.878273163819,29.100429796044068,40.879257035963555,Düzayak Sokak
29.089610605547843,40.980479682228804,29.091423196825108,40.98154751614977,Sahrayıcedit Atatürk Caddesi
29.028278893820058,41.015207413358105,29.029780408000622,41.0161366867796,Üsküdar Askerlik Şubesi
28.911203906893935,41.03280453097176,28.91439611673091,41.036064685699216,Bayrampaşa
28.773136755999705,41.04389442383618,28.77550531189706,41.045191537211174,Prof.Aziz Ergin Caddesi
28.8646433371114,41.05058683119491,28.865832662600486,41.051487168766556,Şehit Emrah Sağaz
28.998343721356523,41.055424996297084,28.999927277948316,41.056510002945025,Otim Yolu
28.923119997915208,41.09045384954824,28.924310001787163,41.091354150413025,Arı Sokak
29.063862627461166,41.00960976873739,29.065226372295403,41.01051123126304,Kotku Camii
28.894871666675037,41.081888323304284,28.896160337822185,41.08342507644261,Galeri Caddesi
29.24031720098462,40.88033671290471,29.241731797934563,40.881248387161655,Pendik Kaymakamlığı
29.132431267089487,41.1519984194731,29.133623736451813,41.1529565803272,Sırmakeş Caddesi
29.004434072316887,41.08542257111252,29.005623927372984,41.08632282884846,Emniyetevler Camii
28.962937137987335,41.043175956483246,28.964126261709477,41.04407624347785,Kaptanpaşa
29.119898762414063,40.857151085982274,29.121084437261118,40.858051313978315,Lunapark
28.9813438756646,41.07689929459912,28.983165617792377,41.077949906320875,Vatan Caddesi
28.813874873755623,41.03265591786239,28.815093123365365,41.033529081388345,Gülbahar Caddesi
28.84136575520971,41.00322582155306,28.842554244506335,41.0041261784085,Bahçelievler Devlet Hastanesi
29.084355038926272,41.03857516233293,29.08707590140196,41.04027215945394,Sütçüyolu Sokak
29.100140742816997,41.031416084831434,29.10471045497781,41.034909434967815,Ümraniye Eğitim Ve Araştırma Hastanesi
28.892281924131282,41.03810490924059,28.89703771000415,41.042122488448655,Otogar
29.088163561938885,41.023399189814604,29.08935223773889,41.02429941014605,Sütçü İmam Caddesi
28.983533504965852,41.125272768504125,28.984724094726722,41.12617303145691,Ayazağa Mezarlığı
29.18199736952029,41.00708278465647,29.183462328313148,41.00819521535008,Baraj Yolu
29.19077011725056,41.02115921948867,29.192058882351006,41.02212878047157,Ulubatlı Hasan Caddesi
29.15643426502878,40.93942176977961,29.15773473408708,40.94040723019907,Ebabil Sokak
28.919352765379564,41.03312416595716,28.922588908119522,41.03569164826598,Bayrampaşa Metro
29.257211588677787,41.01942941125586,29.258436408716445,41.02038458859889,Meral Sokak
28.927309911475604,41.05931987399674,28.92855608559053,41.06020012516966,Gaziosmanpaşa Dörtyol
29.05258072992096,40.96978677548592,29.05376846976301,40.9706870244749,Çiftehavuzlar
28.995767821621058,41.10432364547233,28.996963177523114,41.10531435427353,Cumhuriyet
28.87656051243986,41.031554832769565,28.87774948727042,41.032455167191856,Sağlık Ocaği
29.187721677266563,41.020792884759395,29.18891632090275,41.021901115197174,Hamidiye
28.853758602707902,41.13157683475834,28.85494939700468,41.13247716520315,Habipler Merkez Mahallesi
29.029224112009974,40.998892071625384,29.03325103308571,41.0019392869214,Ayrılık Çeşmesi
29.133408389460573,40.94424529674951,29.13459561021134,40.945145503211016,Girne Caddesi
28.93051989714573,41.003748772530514,28.931795994289157,41.0056507273561,Koca Mustafapaşa
29.15232587298412,41.00265990689719,29.153514126684065,41.003560093063214,Sanayi Caddesi
28.820059209217955,41.063129820881755,28.821248790500658,41.06403017907987,İSTOÇ 19.ada
29.075413794146563,41.079186812294985,29.07717709851254,41.080734191111176,Ahmet Mithat Efendi Kültür Merkezi
28.7778529194558,41.00248818416877,28.779096077423173,41.00337081563723,Su Terazisi
28.94393761200013,41.013304204239596,28.945609386557532,41.01439179458965,İskenderpaşa
29.184996523300423,40.88879370398916,29.186517179697226,40.889980896010165,Egemenlik Bulvarı
29.17598592078722,40.89787770573578,29.177172278878807,40.89877789422459,Petrol İş Mahallesi
29.22407596347119,40.884045919201874,29.225262036187672,40.88494608075831,Mi̇thatpaşa Caddesi̇
28.859416026557394,41.103822917113014,28.861952780349284,41.10818818794019,Sultançiftliği
28.976535260734504,41.09468237248704,28.977824240637467,41.095585327507386,Hamidiye Mahallesi
28.83487526650135,41.042707723354475,28.8361997333601,41.04360827661205,Halk Sarayı
29.16916108465445,40.95000680376938,29.170859915146117,40.95115769536787,Seyrantepe A1 Kapısı
29.253295385102504,40.96539779647108,29.25462361644504,40.96642020351399,Yağmur Sokak
28.883991605685722,40.988678197401605,28.886652344974443,40.99023992045482,Aksu
29.02196132661842,41.10419129530834,29.024085688002273,41.10527316718854,Merkezî Derslik
28.94214409028099,41.05951225855286,28.94392590324357,41.06162373985045,Çeltik
29.044129377214443,41.01876226105243,29.046502195552737,41.021759214265686,Altunizade Camii
28.90530240481103,41.08467696789662,28.910015094319743,41.08703189938669,Abdi İpekçi Caddesi
28.908428281186026,41.05846284317123,28.909617718519,41.059363156790084,Gaziosmanpaşa Hastanesi
28.79527719503434,41.06380081477367,28.796466804688087,41.06470118518803,Masko 2
29.243365163025956,40.9743849321971,29.244552836628642,40.97528506776296,Elmalı Sokak
28.94447338022826,41.048864851968325,28.94566261947133,41.04976514799284,Halıcıoğlu 6-Şehit Eren Bülbül
28.854843880411963,41.01015909170345,28.85612909972224,41.0114320410829,Gençosman
28.85037069885286,40.98062518729313,28.851787602022277,40.98162731230598,Ataköy 7-8. Kısım
28.86080960837106,41.13121383653077,28.862000391340427,41.13211416343069,2741. Sokak
28.87012910398592,41.003452590514904,28.873079735314356,41.00933398305777,Haznedar
29.023334856194868,41.116301398375796,29.025115692453774,41.1194473574172,Atatürk Oto Sanayi
29.104374707350033,41.01756203852246,29.106025694698207,41.018778661203015,Şehit Selçuk Paker
28.90441394424589,41.09568084503489,28.905604055459293,41.09658115492645,75. Yıl Mahallesi
28.83187503613447,41.065430493708746,28.833332961003308,41.06638250505161,İstoç Oto Market
29.1544821493575,40.90867352795011,29.157388046403785,40.91167723248216,Cevizli İstasyon
29.105020316068078,41.02650571088744,29.106372083094232,41.027490288770714,Zeytindalı Sokak
28.977585204060016,41.06559167237526,28.978991889868155,41.06735752726023,İGDAŞ
29.022002431829097,41.02282464776058,29.0241670636665,41.02385785319604,Hatmi Sokak
28.967757519143312,41.03434785709451,28.96894648055288,41.03524814286659,Camii Kebir
28.902701938697213,40.98510983592488,28.903890061009612,40.98601016403648,Şehit Şuayip Seferoğlu
29.112108767224573,40.96540948320624,29.11342913190494,40.96637931649979,Sevgi Seli Derneği
29.133953111766253,41.09093447858341,29.13520888724509,41.09186952121652,Paşa Çıkmazı Sokak
29.14022258422347,41.13850913968931,29.141803411151002,41.139772860466095,Örnekköy Sapağı
28.977593071920072,41.08438986368284,28.97878292777395,41.08529013627821,Cendere Parkı
29.119482581125972,41.04704626228503,29.121087423356833,41.04833673780903,Sakarya Sokak
28.957658583897977,41.048002271558666,28.959052416087502,41.04902672819511,Fatih Sultan Caddesi
29.147916439919765,40.92806439975356,29.149103359750143,40.928964600206896,Karayemiş Sokak
29.085046339386672,41.01761720966763,29.086473659483186,41.01862578976777,Teiaş Bölge Müdürlüğü
29.252464373561576,40.98778318462504,29.253659625346273,40.98882681533656,Yakuphan Caddesi
29.044065761647573,41.128368226414686,29.045716237543612,41.12951877319149,Yeşilevler
29.02720392537018,41.10263297877264,29.028394074315937,41.10353322118825,MED-B
29.095893414200535,41.03266265785917,29.099772110109242,41.03543225195537,Eşref Bitlis Caddesi
29.012932080524756,41.09309786560961,29.014118408568233,41.09408618793653,Orbay
28.997836455362883,41.042639865945446,28.999025544328553,41.04354013401555,Valideçeşme
28.974167741704576,41.06683613765735,28.97924717641688,41.06862784786927,Okmeydanı Hastane Metrobüs durağı
29.249891195236252,41.0187910483815,29.251716806797596,41.019750951900406,Abitler
29.054287286881436,40.907643171102826,29.055473912803105,40.908543428857996,Kınalı
29.11109930998608,41.01236803548733,29.11237108797633,41.01335166447338,Dörtyol
29.017103715180923,41.096022525291986,29.01930609191868,41.097716174554755,Kazım Özalp
28.84152381788174,41.03614339626385,28.842875181377956,41.037129603419984,Mevlana Parkı
28.85033871783413,41.013210862723554,28.85170628108887,41.01424013723942,Mimar Sinan Caddesi
28.787185725640065,41.08151917420547,28.788535278160587,41.082619825830314,Dersan
29.031815697722227,40.99480957161386,29.03300390196461,40.99570982834704,Halitağa Caddesi
28.856534520512103,41.02622555920843,28.857916479991083,41.027133440789754,Esenyol
29.102157734061336,41.0644822826257,29.103360265585668,41.065501717175806,Orman Yolu
29.13856058936952,40.97553359978742,29.13996741126271,40.976538399890956,İnönü Mahallesi
29.008717790895982,41.11677387475093,29.00990820879281,41.11767412521,Nişantaşı Üniversitesi
29.09126873569064,41.13376900443708,29.09268226141422,41.13469119566343,Beykoz - Şehit Pilot Yüzbaşı Atilla Tapan
28.785052467227064,41.087351696569776,28.78688553501386,41.08865430291375,Tormak Sanayi Sitesi
29.035567162225632,41.063365868581855,29.03682983949769,41.06426313138517,Ömürtepe
29.179823540936205,41.03151785481368,29.181015457981456,41.03254014514818,Özdil Sokak
28.889121047350795,41.08366784010464,28.8903109523569,41.08456815985673,Gaziosmanpaşa Belediye Parkı
29.142595693667825,41.09319115149347,29.143898306194785,41.094163848439045,Akıncılar Caddesi
29.05315427472035,41.02339620893435,29.055074628052772,41.02438019150332,Altunizade
29.1113616161347,40.988978092347196,29.112800987983206,40.989914407854506,Mustafa Kanat Camii
29.116657135254204,40.86005788526546,29.11784286442143,40.86095811469516,Aşıklar
28.789519706795517,41.00243711415593,28.79069128904463,41.00339888544874,Çardaklı
29.14854872664239,40.99009689330502,29.155608625680593,40.99334567511626,Necip Fazıl Bulvarı
28.85668664369368,41.0229999325878,28.858040354434216,41.02391106744555,Parseller
29.040094750235927,41.06365443987357,29.04162285543507,41.064955960319,Kolej
28.772780894972552,41.00485795331563,28.7750544571063,41.00764696121229,Mehmet Akif Inan Imam Hatip Ortaokulu
29.266557956838405,40.919404255895344,29.26786964404111,40.92031024410862,Huzur Sokak
29.055719339266613,40.96684276086043,29.05768365950349,40.968043137411016,Göztepe
29.042005626362105,41.12912515322535,29.04321037315697,41.13014784653615,Vatan
29.149763013376102,40.97622777961388,29.150995291717216,40.97730212023082,Celal Yardımcı İlkokulu
28.812777775991353,41.06799258139271,28.81418792344933,41.069009818226235,İSTOÇ Yolu
28.890976151824503,41.05747273834573,28.892690848033332,41.058375261557444,Meltem Sokak
29.246689033319758,40.98899493436692,29.24787696633412,40.989895065593096,Narin Sokak
29.049893164491472,41.01172742812443,29.051105238124176,41.01260377172558,Genç Sokak
29.11227549400139,41.043091898320405,29.113464505672404,41.04399210164015,Üçyol
28.855222789726852,41.110934833514,28.856413209985757,41.1118351664475,Akşemsettin Camii
29.146728578293313,41.02408410692043,29.147917221375447,41.02498429304,Sevilen Sokak
29.2188685030688,40.975632956069084,29.220352499809163,40.97679304394225,Topal Osman Caddesi
29.230058675453584,40.90147354156362,29.233735297341983,40.90330870412453,Gökhan Sokak
29.222002637157406,40.91323949686759,29.223331468266196,40.91423544495429,Çi̇çek Kent
29.067529854812477,41.0010678821702,29.06871814486879,41.00196811779055,Şehit Timur Aktemur
29.21180231910853,41.000146224546135,29.21299048055056,41.00104637541404,Prof. Dr. Feriha Öz Hastanesi
29.26277239167931,40.918551521838445,29.26399600780913,40.91966057799792,Pazar Yeri
29.037125756540217,40.99820557907479,29.03847333953119,40.999115420906215,Sakızağacı
29.06488261377755,41.07910624408378,29.066250297613017,41.080382561923635,Küçüksu Kasrı
29.042275132673957,41.08434122800021,29.044257930153734,41.08565726244942,Nispetiye
28.870954629603506,41.07001571705134,28.872580569958785,41.07112638217987,Vadi Caddesi
29.160341875961635,40.92349458062761,29.16196117469147,40.92497580556319,Nadire Caddesi
29.098769214076693,41.143885191159015,29.100754722682424,41.1451075738024,Türk Alman Üniversitesi
28.93308597871583,41.02955227167289,28.937445069846113,41.03243126425212,Edirnekapı
29.05536205155659,41.141750874404906,29.056754951354158,41.14267012569512,Marmara Üniversitesi
29.074023251415547,41.00955439560448,29.0753137588027,41.011673804179736,Kırklar
29.096431639378167,41.041563568734425,29.097749361450436,41.04252543104278,Öz Işık Caddesi
29.152793405275197,40.97974619402734,29.154157590735743,40.98066080598545,Dörtyol - Şehit Erkan Kaya
29.221015953395515,41.01559042787696,29.222809433591422,41.017203396040365,Vatan Ortaokulu
29.100757011776672,41.04639609873111,29.101958988063565,41.047417901185824,Topağacı
29.236789984536173,40.88722244844836,29.240072101538303,40.889844764359445,Pendik Köprüsü
29.21637452780507,41.02392730679677,29.217707471919095,41.0249196931247,Seymenler
29.248960830884215,40.99008778843113,29.250150972518647,40.99138551150615,Hızır Reis Sokak
29.167245801996774,41.0556025441904,29.168442098471406,41.05659845567004,Yukarı Baklacı Girişi
29.186960432221827,40.95649978942801,29.188276565226424,40.957419209752615,Eğitim Köyü
29.03316247909837,41.1457698303141,29.034349224907558,41.146742669447185,Mekke Nur Camii
29.18074828166102,41.02518041959883,29.181976123114705,41.0262318802428,Arkadaş Sokak
28.996454824452695,41.09906048725931,28.997756872621128,41.100087412705186,Seyrantepe Merkez Cami
28.88322271976746,41.00874583270524,28.884411279942064,41.00964616725618,Kasim Sokak
28.791143233253504,40.97734152109816,28.79262976995278,40.97851347894051,Atatürk Ormanı
29.156360999248747,40.92756231253367,29.157629999604808,40.92850268720347,Çarşı
29.082738985224086,41.10426096039676,29.084556021495434,41.10576603980905,Çubuklu Muhtarlığı
29.228078278445448,40.90902117996914,29.22928291791177,40.90999191976306,Eylül Sokak
28.89360425839392,41.060424839449595,28.89479374131337,41.06132516051174,Tuna İlkokulu
29.160963358648438,40.91764329959746,29.16287603411083,40.91913458819437,İETT Cevizli Peronları
29.264959282857188,40.89985323937556,29.266466221822704,40.9016421595304,Şentürk Sokak
29.095642447538346,41.02790099538186,29.100291935563668,41.03047302195796,Ümraniye Belediyesi
29.04063770357889,41.11667048362969,29.041828096104958,41.117570716331116,Poligon Mahallesi
29.1707868821286,40.933496708217426,29.17230078918512,40.93540521170117,Esenkent
29.110863770349233,41.028498437435815,29.112081230687114,41.02955116203548,29 Mayıs Üniversitesi
29.15296212247033,41.03156285668857,29.15482096629686,41.03333914395085,Parseller Mahallesi
28.940746379380396,41.0822871117692,28.941938724278938,41.08325128802233,Boğaziçi Siteler
29.10950675301889,41.00303919438007,29.110695046655877,41.003939405580525,Fatih Sultan Mehmet Hastanesi Ek Hizmet Binası
29.233220214633548,40.9661235754124,29.2346833860289,40.967037024609034,Tomurcuk Sokak
29.24960063045083,40.92378334295183,29.25109037216581,40.924719257237825,Poligon
29.027958464444897,40.98721786994266,29.029146535242635,40.98811813001824,Bahariye
28.78187553254363,41.07395189520533,28.783290469865033,41.07489710392117,Hasbahçe Sokak
29.1503388841805,40.92473208935822,29.15237940050173,40.9268857116309,Esenyol
29.178519188358116,41.04088886651126,29.179717811022854,41.04191153344324,Köroğlu Caddesi
28.873660245107008,41.079142138985254,28.877037461672842,41.08245296518852,KİPTAŞ Venezia
28.782998548269525,41.0741194468964,28.787425279391492,41.08034694887206,Toki Ayazma İmam Hatip Ortaokulu
29.27125676561176,40.940049494797364,29.2725892331898,40.941017504804684,Çalıkuşu Sokak
29.111711172387277,40.9751515585702,29.11488722617364,40.97674813705834,Nuri Cıngıllıoğlu Mesleki ve Teknik Anadolu Lisesi
28.76380649186626,41.06302330701098,28.76499610786104,41.063923692950844,Olimpiyat Stadı
28.819516013608997,41.0439213030813,28.821618978487876,41.04558769717473,15 Temmuz Mahallesi
29.13535967044874,41.124714762493994,29.136795123675608,41.12595403759971,Kirazlıyayla
29.138461042684877,40.989354895608635,29.13971285299887,40.99039310419749,1. Cadde
28.886247706026733,41.036174918717386,28.892399057604322,41.03862963736375,Otogar Yolu
28.912295174438203,41.05936094425745,28.913484625266218,41.06026125570385,Cumhuriyet Meydanı
28.705440389217777,40.979610290911786,28.70689711011113,40.98064480859177,Ambarlı Siteler
29.168512675639754,40.90946639204119,29.1696993249441,40.910367207922256,Kemalettin Sokak
28.898431848716545,41.10603484428205,28.899622150989437,41.106935155679274,Şehit Nurettin Ateş Caddesi
29.081843043798433,40.97263597775627,29.083298958122917,40.97356132236393,19 Mayıs Mahallesi-Şehit Orhun Göytan
29.270030937721984,40.898667870945694,29.27164805671739,40.899660129577896,Ankara Caddesi
29.216093889819323,41.033600608410524,29.21732491639523,41.035248791463346,Valide Sultan Mezarliği
29.16820552024988,40.905879618564086,29.169623253499573,40.90711961188052,Sultan Ahmet Sokak
29.071997992395794,41.00024945871076,29.07419050050949,41.00190594134958,Esin Sitesi
29.071601092601256,41.00275460147229,29.07308260960734,41.00432249717131,Mobilyacılar Sitesi
29.043710850656062,41.02279977713914,29.044899549028578,41.02370002282171,Altunizade Metrobüs
29.026178204251387,41.083404036421626,29.027580796470755,41.08440396324435,Bahar Sitesi
29.058527723575448,41.11344080427212,29.06041527168546,41.11485419572394,İstinye İskelesi
29.27058316246891,40.97576049717827,29.27181484215341,40.976808502680925,Kaptan-ı Derya
28.99605377566238,41.11794987135607,28.997244224028357,41.118850128604926,199.Sokak
29.1099561757515,41.13591747116056,29.111172924993554,41.13702342868802,Elmalı Caddesi
28.867844394412828,40.99598074177511,28.86944961527786,40.99757225865518,İncirli (E-5)
28.999234597838655,41.06927953755627,29.00056639939554,41.07018646242899,Profilo
28.90548510882984,41.05652404279359,28.907958204352656,41.058140413196,Sağmalcılar
29.29759159446733,40.934967705992214,29.298822503736588,40.936168193911634,Gonca Sokak
29.130967099594592,40.919383346753335,29.135785682158225,40.92185980603992,Maltepe
28.935653021795304,41.06540284053565,28.93702098053193,41.06646965947736,Tabya Sokak
29.1707238016572,41.0291215688556,29.17209219908548,41.03047243006239,Serindere
29.09392338468607,40.87596577992868,29.095109414992823,40.876866020032026,Müstecip Onbaşı Sokak
28.807731237821464,41.07733188370753,28.80907776766928,41.07850811632773,Bağcılar Güngören Sanayi Sitesi
29.094472901097046,41.040694745068585,29.095676102135148,41.04156025471868,Zehra-Asım Ülker Anadolu Lisesi
28.975429307101603,41.035278459899814,28.978698694410447,41.03626654034618,Ömer Hayyam
29.05095703487976,40.98435219011864,29.052365160732812,40.98550810994758,Marmara Üniversitesi Göztepe Yerleşkesi
29.19214131134286,41.020315117920255,29.19347468864893,41.02130888192043,Erciyes Sokak
29.24528369544066,41.02654693687308,29.24647230421288,41.02744706308695,Selahattin Eyyubi Camii
28.765003094180592,40.98496480118608,28.76619130554741,40.98586519877574,Bloklar
29.050798337374562,41.02250453269547,29.052864134368107,41.02466818034221,Millet Bahçesi
28.896412363398138,41.01767489309521,28.898588157361566,41.01918434912408,Sosyal Meskenler
28.78119494369461,41.05781134127659,28.782553054391794,41.058853658730534,Lale
28.854497013126462,41.0667459494025,28.855845583429566,41.06765575059192,Fatih Caddesi
29.09888930510271,40.9521852873262,29.10007669457439,40.953085512634445,Sırmakeş Sokak
29.218166105614447,40.91353473262472,29.219503395704585,40.91488966659674,Yakacık Yolu
29.258152187344105,41.022332367699256,29.259403815163836,41.02331563225829,Şehit Abdurrahmangazi Caddesi
28.94715748761235,41.114686857843665,28.948347912085982,41.11558714211749,Orman Yolu
29.096001118709744,41.12664480249539,29.097454878146465,41.127575197662644,Beykoz Belediyesi
29.226929380667432,40.92234345970085,29.228188621260266,40.923254539899794,Yürekkayalar Sokak
29.116304719957373,40.94892315975374,29.117507178471314,40.95003674019915,Rüştü Sarp Caddesi
28.809464619900318,41.10174535856533,28.810649383537992,41.10269264121481,Mevlana Caddesi
29.2335851229589,41.01612020595897,29.23512787695894,41.01720199366334,Atatürk Mahallesi Peronlar
28.966440441698303,41.11729752081867,28.96812455671063,41.11838247793837,Ayazağa Mesire Alanı
28.720480412460503,40.981358990232586,28.72166858727439,40.98225940972937,Cami Sokak
29.05909117182465,40.96538357698171,29.06027882785839,40.96628382297909,Gelengül Sokak
29.247662731211065,40.97161864871083,29.249264270784472,40.97256035149084,Hasanpaşa
29.12692884487578,41.015822200455666,29.128117354796135,41.01672239950483,Ümraniye İtfaiye
29.09235311382832,40.97324888709176,29.093540885849503,40.97414911286893,30 Ağustos İlkokulu
