min_x,min_y,max_x,max_y,name
7.515458182540417,52.17156971330184,7.517193520489041,52.17298264631952,Neuenkirchener Straße
7.740788823224413,52.16677267341924,7.742250577108359,52.16767152654413,
7.5068729423629605,52.174153602071755,7.508413353533742,52.175043797824124,Brennesselweg
7.364418770664741,52.31532918766578,7.366777306948593,52.31721261345652,L39/Bruchweg
7.423867648473848,52.27829216412669,7.427263349821144,52.27923563613604,Oberstraße
7.432612988259665,52.28115118255812,7.434431607458684,52.28270891566662,Amtsgericht
7.649917822355646,52.27865703456434,7.651587176168616,52.279636265011575,Haus Schüttemeyer
7.621136925872021,52.26205196570829,7.622732581064185,52.26294443415225,Bevergerner Straße
7.687403149252311,52.14169241149964,7.688971348033939,52.14259218848158,Hidding
7.913896247880434,52.248406914339455,7.915795457390593,52.249348386047345,Siedlung
7.435844192132012,52.31428434368004,7.437310608284705,52.31518305628216,Dunlopstraße
7.78119603967171,52.28142669443471,7.783059458581791,52.282342805685644,Fisbecker Forst
7.903537082991688,52.184920348553725,7.904999517298361,52.18581925141018,Fletemeier
7.974361406215316,52.29887857705407,7.975919089619949,52.29978172214949,Atter Strothesiedlung
7.8160008609469624,52.29040360108128,7.817499244170406,52.291661298838854,Steinriede
7.9578510834016205,52.27056347188313,7.960114994088102,52.272426929204656,Thies
7.786005898398675,52.32006685316666,7.788072623282822,52.321232299326084,Schulzentrum
7.691644910097304,52.30395173991571,7.6931706860108635,52.30519975988719,Poggenkamp
7.711293837942277,52.2931004202333,7.712761856999325,52.294313879708966,Wersborgweg
7.616922256225382,52.1547113110281,7.618396145234379,52.155720888559834,Im Bail
7.601914488143802,52.152124437847405,7.60401810459237,52.15310806291229,Zurmühlen
7.395157952638541,52.22046074533006,7.396621247786796,52.22135945463195,Lessingstraße/Kuhnert
7.9409813628153145,52.38986164304063,7.943559458723596,52.39205704001877,Achmer
7.606500386643103,52.28022897611099,7.608188413456138,52.28123642360934,Millionenbrücke
7.9047956244271065,52.238248375086265,7.906501977258414,52.23915672498047,Looser Berg
7.570914306625972,52.17699270547936,7.572376293751895,52.17789149448339,
7.991352698414778,52.36145557555951,7.993591397694082,52.36241012493166,Schwarzer See
7.88296552757616,52.3161313617189,7.884432272721485,52.31703023824497,Stadion
7.7950433591545485,52.36393517935699,7.796511641167379,52.3648340206066,Moorstraße
7.72704035600976,52.2680741098244,7.728608439897906,52.26898128937505,Wagenfeldstraße
7.361027023567414,52.240813080171684,7.362486978534197,52.24178071944201,Offlumer Ehrenmal
7.4626099835703625,52.29884313850895,7.465436679598771,52.29987656853511,Canisiusschule
7.7854418111167245,52.27475950608448,7.787128504275431,52.276076748925114,Edelweiß
7.532160498965069,52.16699918243995,7.533689495260455,52.1679902174306,Neubrückenstraße
7.457122718016947,52.272661572099835,7.459049265032738,52.274195428460466,Kochstraße
7.7212452252126,52.29521649323124,7.7228940748717845,52.296207506556165,Schlickelder Straße
7.401735181458988,52.21247694327581,7.403198218964417,52.21337565668627,Wincklerplatz
7.545887782764582,52.15452310869994,7.547349017619426,52.155421891262705,Stichweg Südring
7.626847799559269,52.26154890121962,7.628312600805513,52.262447698743365,Hallenbad
7.442202435642038,52.28345970185024,7.4461065807733,52.28465740479387,Stadtbergstraße
7.756224451512254,52.284417951606976,7.758624838073859,52.28547214980589,Hubertusstraße
7.650308128951423,52.1924238915514,7.651770671405761,52.19332270841166,Feldhoek
7.685656667030375,52.29882969324875,7.68712273331951,52.29972850671445,Bergsiedlung 61
7.811496589955336,52.27905681691635,7.813825540396419,52.28064695972792,Postmeyer
7.667133585858246,52.41668702481535,7.668755814020042,52.4176664750373,Post
7.996484465568383,52.35733517820744,7.997955932848852,52.35834952174645,Borsigstraße
7.588761273233543,52.300034209696484,7.591360726257747,52.30094639032323,Marktplatz
7.92546319018504,52.27536615222073,7.926928610100633,52.27626504774326,Natosiedlung
7.913139510181462,52.268851902718794,7.91468049921828,52.26993239700671,Sonnenbrink
7.759364240306545,52.12263366685629,7.760824560020518,52.123532533107145,Ostbevener Damm
7.738633449707289,52.49166129864796,7.740105950632106,52.492560101315476,Schlichthorst Richter
7.762780860060392,52.31470344390972,7.7645606539634064,52.3160604563168,Ölmühlenweg
7.882178917837611,52.39673779219285,7.884835487339251,52.397723808700064,Sielemann
7.797640325216883,52.158442828451314,7.8006351870843,52.16018297100145,Blömker
7.541294994388026,52.15820175946237,7.5427712058762575,52.159220240419465,Freibad/Stadtpark
7.694916295906834,52.31414102630701,7.696484101851925,52.315111573677754,Forsthaus
7.662894136343649,52.3059191382022,7.6644645617262395,52.30688896177944,Abendsternschacht
7.801569780875387,52.32627867540209,7.803036819444125,52.32717752456152,Merschweg
7.733696005741194,52.269879809916645,7.736480786973953,52.27091449132291,Johannes-Kepler-Gymnasium
7.438509779903391,52.26365923393551,7.440088525100554,52.2646663660159,Michaelkirche
7.82042616341361,52.14800743105537,7.821942036308571,52.14893916889935,Abzw. Kuhdamm
7.820263522725704,52.2172767162951,7.822276180903922,52.21847018344043,Haus von der Becke
7.784265647207752,52.31650107751482,7.785732353116199,52.317399922448715,Hallenbad
7.9546476879032015,52.27296619450278,7.956757434294546,52.27452729927238,Kreisel Atterfeld
7.94767565137394,52.30093412320149,7.950157345589863,52.30188597724646,Eikesberg
7.396820251509734,52.27290827556943,7.399479730561296,52.27392114147343,Kämpe
7.492243372319874,52.29008802996268,7.493709028081289,52.290986769999776,Emstor-Werkstätten
7.860016577712648,52.312879959401805,7.861677724037302,52.31389454054958,Gödeking
7.872367250630512,52.20319741243005,7.874010145630121,52.20413248668096,Herkenstraße
7.392168669437888,52.21950364591454,7.393631930988222,52.22040235404746,Kantstraße/Hebbelstraße
7.747508145697529,52.43176569254324,7.748978654638357,52.432664507420235,Voltlage ZOB
7.534427292401207,52.13078195950724,7.535900707013117,52.13178904029168,Wiesenstraße
7.619891973233362,52.35944120862877,7.621661522333758,52.360961389927816,Lindemann
7.970845060168233,52.35701453340094,7.972634343177177,52.35800096544327,Siemensstraße
7.761413269714904,52.14536418482164,7.764254426242059,52.146602311338086,Kohnhorst
7.878890076931759,52.30984209837833,7.880442425533925,52.31076960123637,Friedensstraße
7.524670568787399,52.173943733862856,7.527968256635101,52.176195267105776,Wilhelmstraße
7.858215421576204,52.26993738106094,7.859672680530345,52.270890418617384,Schule Hambüren
7.623668565008609,52.32813692312201,7.625821638962466,52.32938447644761,Bahnhof
7.475996373318005,52.22357002824459,7.477459827085987,52.22446877171778,Klein-Berliner-Ring
7.525049530581982,52.171990039842655,7.526599575715639,52.17300206001677,Feuerwache
7.891776971297731,52.192298608436765,7.893513220809379,52.19345979170798,Rietbrock
7.711911631678585,52.28287022240382,7.713772771200444,52.28398957745101,Zentralfriedhof
7.48027465964042,52.230621616786124,7.481748339720159,52.23161768303497,Don-Bosco-Straße
7.7794383272174334,52.33963234035686,7.781016379171057,52.340660059551055,Hagebröcker Weg
7.798589546616372,52.26952460002219,7.800207556441387,52.27042899999256,"Laggenbeck, Müttererholungshaus"
7.694585048088072,52.34947622839503,7.696294862629935,52.351320290524946,Mitte
7.650321966912382,52.296869424666376,7.652953899329733,52.29823120996938,Wirtschaft Wulf
7.787265882559309,52.25976907267362,7.788730717762831,52.26066792728993,"Laggenbeck, Kardinal-von-Galen-Schule"
7.761796009661083,52.308703715427676,7.764905821557527,52.311048607923496,Abzweig Friedhof
7.960432573373142,52.35148006469664,7.961940728286178,52.352544034512235,Frankensteiner Straße
7.761631650686485,52.21321489702171,7.763497338985951,52.214502403277244,Wallen-Lienen
7.437921713491303,52.300839242206564,7.439387686924551,52.30173795775566,TAT-Hovesaatstraße
7.731336570809577,52.28679565669865,7.734132331976745,52.28806933980001,Oelmühlenstraße
7.473730609335923,52.27407512902465,7.475630784804226,52.275272371031285,Keimpohlstraße
7.433351298922104,52.264061117106195,7.435758703020742,52.26498838321447,Catenhorner Straße
7.950303887191659,52.29123064533551,7.954885623052006,52.29236795715973,Schule Atter
7.4215979785684585,52.26816991038692,7.423192416487663,52.26906648956866,Am Waldhof
7.412584827998227,52.40917205595652,7.414054372426915,52.41007074400561,
7.861381209769308,52.18542728728588,7.8633162727644175,52.18698881329653,Kreuzung Osnabrücker Straße
7.373671520352626,52.24342031764093,7.375367778419239,52.244766580766836,Feldhof
7.957610406808692,52.264001010557074,7.959078389179681,52.26515338938882,Hansastraße
7.765762287192363,52.27218220585704,7.7687458086403565,52.27316759488659,Lehrer-Lämpel-Weg
7.579178673201094,52.083949711435274,7.580699626919849,52.084883988517134,Siedlung Voßkotten
7.534205326648487,52.29002252584073,7.536020170695065,52.29112307401267,Am Backhaus
7.820788600571947,52.22336369916564,7.823489406174143,52.22437890200767,Feuerwehrhaus
7.721600061259563,52.29694437072622,7.723328043733265,52.298037729347925,Blome
7.478119948746817,52.225020927912674,7.479583451656647,52.2259196720497,Nasigerstraße
7.826148562433981,52.16396886924891,7.827730837349109,52.16486903072321,Abzw. Johannesstr.
7.77663619871888,52.31351027856039,7.7781028016070515,52.314409121403145,Ludgerischule
7.700414851775433,52.29343519019394,7.701880748570417,52.2943340097693,Heideweg 79
7.59867589395489,52.38338121589375,7.600144706419894,52.384279984069146,Anna-Stift
7.8974222542182115,52.27574695723012,7.900106344932129,52.27666514286204,Am Botterbusch
7.586307514242752,52.09674039633216,7.5877668861293985,52.09763920363062,Palmenspielplatz
7.444828382782964,52.302553240863126,7.446294417631094,52.30345195909912,Birkenallee
7.580230315197499,52.09679929751608,7.5816896851762525,52.09769810244669,Stockkamp/Tieckstraße
7.441152719790272,52.263855295599186,7.442824683416251,52.26481180355353,Unterm Waldhügel
7.9465186935914875,52.2843061217213,7.948003707374764,52.285355078171335,Birkenallee
7.536019994729112,52.164527909358284,7.5376017076295305,52.165509390632785,Grenzweg
7.889816274102499,52.21313722380267,7.891441924140921,52.214137876157416,Stettiner Straße
7.880183464420288,52.15694751226912,7.881756039014441,52.15793428771266,Niedermarker Damm
7.482451877225796,52.23396091336981,7.484157715248016,52.23488048678514,Asemann
7.545983024813264,52.161879004940566,7.547635970001571,52.16333609432337,Stadion
7.778018745900617,52.152417331340864,7.78022225842167,52.15337326922224,Große Stockdiek
7.378896287463117,52.30974175575616,7.380362512968652,52.31064044420581,
7.5478356092556345,52.11750417405602,7.549747594872093,52.11843962628498,Kanalstraße
7.8448389393305,52.28412084149678,7.846703058031762,52.28524125829222,Plönske
7.512071810903019,52.17612379014017,7.513810684937793,52.17707550861894,Käthe-Kollwitz-Schule
7.782563470675611,52.13393292658014,7.785673287697512,52.13520656064559,Abzweig Siedlung
7.63309909898281,52.33538072155751,7.634658305055981,52.33628897765658,Kronenburg
7.822728699851345,52.15592341665315,7.82422199932969,52.157007383132836,Abzw. Am Niederfeld
7.682428299502446,52.2733513516326,7.6840829997513795,52.27435454823145,Johannesstraße
7.6609333722167205,52.32359094918407,7.662485124638459,52.32450795031321,Gelber Esch
7.506359506321199,52.32913197971094,7.508016297108458,52.33007941942864,Abzweig Hörstel
7.415753084816618,52.28874504360376,7.417223514367958,52.2897204562447,Josefskirche
7.619153295544199,52.17465888537881,7.6213473055431775,52.17581471302696,Abzweig Hembergen
7.849399727963471,52.433289141740794,7.851099877463504,52.4343714583294,Wichmann
7.716344319357549,52.37685995904445,7.717856176326991,52.37810114082333,Kreuzkrug
7.969017255851848,52.300254243375306,7.970486642604889,52.301237756320894,Neumarkter Straße
7.762023299047227,52.13484494761566,7.763631104779686,52.1357720515142,Heideweg
7.3113334366737455,52.20757207147717,7.31317796926736,52.20874142863818,Kriegerdenkmal
7.598740941735567,52.17805081612375,7.600571758847397,52.1791049832321,Ottmann
7.535354833557284,52.126914676369864,7.537106867011655,52.12794222314831,Kiefernweg
7.717611138959683,52.28158061298296,7.719334471100401,52.282782687137704,Am Sonnenhügel
7.738020165632217,52.29419359591599,7.739607340736039,52.29508490394136,
7.464523303753159,52.27962252807622,7.466249388146149,52.28078087206286,Marienstift
7.65758911959716,52.24514308867853,7.659792471002247,52.24654821144551,Bringemeyer
7.921834716161465,52.28190628872584,7.925335278195857,52.28372707670682,Hansaring
7.925961272341962,52.400935050297306,7.928197133967167,52.40191545049688,Neuenkirchener/Ecke Gehnstraße
7.842133204189064,52.19182346296646,7.8444887989145755,52.19359925664222,Mühlenweg
7.730609278105839,52.26996326265367,7.732397326475476,52.27092303580865,Abzweig Reuterstraße
7.615713097306445,52.103409037579965,7.617291208698004,52.10430066228225,Montargisstr. 63
7.60794284205277,52.30289277418147,7.610137360729546,52.30382802619119,Schultenort
7.92059299113864,52.208166716869435,7.922079207902518,52.20923068298444,Kurze Straße
7.7318287628388065,52.20088402038466,7.733899241179086,52.20210677931789,
7.608018248433211,52.09422939196762,7.609477551933172,52.095128207995245,Lutherschule
7.666402131687272,52.25280109321739,7.667866668666832,52.25369990674575,
7.621291743236399,52.17147711229284,7.622969259981984,52.172387887788936,Fährweg
7.840500547624213,52.41537141548812,7.842100351353501,52.41649028129699,Altenheim
7.407097532296755,52.28217884743933,7.408562868126863,52.28307755252277,Wupperstraße
7.637914926331126,52.44687191332102,7.639385874034455,52.44777068664204,Osteresch
7.934171875372949,52.39283112286179,7.935650820107212,52.39375837692807,Volksbank
7.411419949412458,52.27520912866554,7.413013851706278,52.27616687107951,Meyscheperstraße
7.429882407645205,52.323280056927274,7.43170901149575,52.32552114248984,Wittenweg/B70
7.664288929638143,52.34901448645513,7.666064376456606,52.3501503136631,Zum Steinbruch
7.677842268235158,52.15177095859044,7.679257935638217,52.152689140691166,Reckfort
7.6303046080989505,52.1746767588545,7.63192819194513,52.17565924096823,Rathaus
7.8038203092028375,52.28164710720474,7.805557893549507,52.282561292918146,Feldweg
7.536326383933324,52.19734601389116,7.537789016454123,52.198244786071434,Abzweig Emsbrücke
7.570423438090749,52.13843820262145,7.571884162286445,52.13933699734129,Viehhandel Essmann
7.58219176198654,52.18142077370447,7.584828516034253,52.18337772734693,Selig
7.862016076366356,52.258533029645115,7.863609122588066,52.25948947013217,Staloton
7.562978282181775,52.13157051469687,7.56663995974804,52.135539386140934,Reckenfeld
7.446920958298636,52.276537326160714,7.448728934484855,52.277719074001055,Hohenkampstraße
7.508467666758318,52.173739289832376,7.509928640202238,52.1747007097454,Eisengraben
7.428593236792011,52.26456614478485,7.43262192142731,52.265606045271326,Emsland-Gymnasium
7.653879035373662,52.29775433673637,7.655515569020959,52.298677662167336,Ludgerischule
7.421806797464954,52.27018937058322,7.423710507805212,52.271130829809465,Zeppelinstraße
7.823669873445601,52.265801767179305,7.825134926866974,52.266700632784364,"Laggenbeck, Konermann"
7.565952820605286,52.36454503437684,7.567861685501322,52.365491766059016,Kreuzstraße
7.390490056184041,52.25989301055233,7.392091546901015,52.26120048888271,Schulte Sutrum
7.5015913732996475,52.29275351997899,7.5048894211276185,52.29377528108803,Kanalhafen
7.748025422016695,52.27233861426265,7.75001503404731,52.273448750719076,Abzweig Alpensiedlung
7.825459220258046,52.29587616795073,7.827060480690811,52.29683803180826,Echelmeyer
7.632790318007918,52.17670632685189,7.634364788246963,52.17773397306146,Herbermannstraße
7.442293613318072,52.349140044967235,7.4437611870977305,52.35003875499502,Berkemeyer
7.748401918338895,52.32992094850527,7.749903586494747,52.33086995129911,
7.490672958206553,52.36957073636726,7.492141242196797,52.3704694635952,Schweer
7.855540118873555,52.188016706251425,7.857916673596672,52.18902939478715,Teutoburger Straße
7.741472576569902,52.26444980317485,7.744047909226882,52.26558479893665,Wickingweg
7.42710598603622,52.28455444328276,7.428571414382135,52.28545315667941,Elsa-Brändström-Schule
7.916191406658078,52.20908951694987,7.920126574757694,52.21041938704065,Ziegeleiweg
7.790717928850578,52.34737515587375,7.792338369174215,52.348330043715116,Kaiser
7.724001234271358,52.30539998855939,7.726051277234638,52.30679121185026,Bockraden Kreuz
7.340635110909795,52.20523068593766,7.3422048809163485,52.20630081395712,Werninghoker Straße
7.6329461259166,52.093527509476,7.635010880414354,52.094801390515656,Hotel Bönstrup
7.554964947923923,52.13934827904927,7.556430350947597,52.14032932073704,Knatterdrom
7.702390141677082,52.29369462761384,7.704226454867428,52.29481757229503,Abzweig Heideweg
7.794929894283825,52.33162147690379,7.796397106037554,52.3325203230598,Brunsheider Weg
7.8490288323700526,52.40085007347019,7.850498367938081,52.40174892649358,Parkplatz
7.8621659533911865,52.278326644130175,7.8654314027208,52.28034213516673,Kreisel Ibbenbürener Straße
7.71304648316091,52.27292185854484,7.714998888992673,52.27497530189418,Unterer Markt
7.529784607617108,52.18993871463835,7.5312469927719095,52.19083748532423,Hüewel
7.7166983608632265,52.270050693826356,7.718312568392476,52.27276850597004,Amtsgericht
7.357863534880696,52.239387099314726,7.359939359658638,52.240349601248525,Am Rhin
7.553014227203236,52.123849134790326,7.55493227358622,52.124928964326394,Emsstraße
7.705134203752159,52.28118524409204,7.706699388338798,52.28224255578526,Am Fischteich
7.728588850548597,52.25616185151213,7.730217647960285,52.25712684813767,Motorradmuseum
7.67385602130397,52.27272203172358,7.675628376416939,52.27372116746516,Schierloher Grenze
7.626274933227122,52.258971874012246,7.628499748039707,52.26067562684729,Mitte
7.526020038746426,52.200304716191425,7.5274827616438085,52.20120348377114,Börger
7.418597829416078,52.289571260676354,7.420608170263466,52.290701338468914,Emslandstadion
7.343140356363145,52.22150309192676,7.345180255407884,52.22289980850261,Maxhafen
7.423442868706499,52.243654740299746,7.424909434063755,52.244651758903395,Schule
7.696426230729064,52.2749458041006,7.69788177697588,52.27591889541422,Brockwiesenstraße
7.638102953404463,52.43667852594325,7.6399070486695235,52.43769387318612,Transformator
7.397276158712301,52.317132952263314,7.398742641714754,52.318031647698724,Holstener Weg
7.86716233431831,52.31676278010411,7.868763859317689,52.317808819873,Am Klee
7.824986068466856,52.3367830973475,7.826783129506181,52.33769810276799,
7.4770549898824665,52.27921169339278,7.478674314543755,52.28023590661785,Eulenstraße
7.7630168013457235,52.293788030312214,7.764511795356576,52.294957369583464,Haus Schmiemann
7.641038182471167,52.3153090142991,7.64261252266908,52.31619978450421,Up de Hee
7.571553063075143,52.270881012543725,7.573018137304518,52.27177978741904,Saltenwiese
7.320742776636653,52.209076135808886,7.322782723152543,52.210197763241084,Kirche
7.4475900658380425,52.151275776195284,7.44973543995706,52.1522446244867,Hersping
7.9443825131969,52.28998582178298,7.9461020905660735,52.291056078245184,Bahnhofstraße
7.971914876064747,52.345261726966065,7.976319138459466,52.34649617644682,Hollage Kirche
7.946789279771938,52.25475848207236,7.948276121413222,52.25582211781611,Schule
7.448975572500781,52.292828003540436,7.450495629235352,52.29397809621957,Bergstraße
7.625152334195894,52.28730890086523,7.627567166956161,52.28822389932646,Kloster
7.672060372044596,52.31470612104126,7.675138562068649,52.31725249191304,Abzweig Heinrichstraße
7.451589959777926,52.23706523441372,7.453053840632842,52.237963965548545,Kirche
7.913658690347373,52.40842276414732,7.915128509943575,52.40932163581667,Ecke Doppheider Weg
7.63546780725207,52.17651254475017,7.638706485017735,52.17858081699099,Abzweig Birgte
7.373197008575325,52.24186615182966,7.3746609918563415,52.242764848132246,Heriburgschule
7.862153832842629,52.18331276229016,7.86399156947683,52.18441523752696,Rahestraße
7.9248549772346335,52.2057550395296,7.926336423063359,52.2067817602421,Ringstraße
7.7859192494320935,52.24907266978043,7.788834886597783,52.25036685225885,Burgweg
7.71281906589292,52.34680389207988,7.714286734450645,52.34770270788342,"Steinbeck, Püttenbeckstraße"
7.773226872574428,52.2788071764765,7.774692327751786,52.27970602348699,"Laggenbeck, Eichendorffstraße"
7.931813387976825,52.21548697163403,7.933623217018384,52.216417028634844,Mittelweg
7.588921888119293,52.09855620185266,7.590407608313919,52.099735698053024,Grimmstraße
7.916679069708258,52.2773946769867,7.918161624600382,52.27834582276014,Boyersweg
7.784788391052777,52.260166758179665,7.786773305926946,52.26109944210093,Lindenstraße
7.728762904667248,52.270656649586485,7.7302397970103085,52.271703050356415,Roncallistraße
7.791767128027721,52.359832879584665,7.793235272295005,52.360731720378936,Neuenkirchener Straße
7.770708952838117,52.13422130747107,7.773047647495692,52.13512309257837,Hilge-König
7.497699386915976,52.43392443983752,7.499169813486937,52.43482316012499,Dorf
7.7947379906912015,52.212328863909164,7.796344307378808,52.213280935705605,Sägemühle
7.669135818204828,52.24517049929279,7.6713986989079235,52.24669124937248,Kanalbrücke
7.378702405221392,52.2358700501459,7.38016619520867,52.23676874981608,Ringstraße/ev. Kirche
7.748466462366798,52.30538074875479,7.750184037302605,52.30639325091462,Goldbeck
7.527457522743038,52.16772615261232,7.529292581598836,52.16865594766431,Mühlenbach
7.787700271016743,52.26651995238795,7.789230632460183,52.267752047414646,Hauptschule
7.825624702706617,52.270062467190805,7.827089897605511,52.27096133277289,
7.943345093110941,52.29917095143316,7.944811307170349,52.300069848530896,Attersee
7.760617161663435,52.32278548499466,7.7630887561017605,52.324348129492876,Lage
7.779805824193128,52.31796687837098,7.78127257613204,52.31886572159255,Geschwister-Voß-Straße
7.778475914539644,52.32462097910253,7.7799428857859985,52.325519820861025,Bachstraße
7.745362215861624,52.45161079442841,7.746833384475209,52.45250960553503,Alte Schule
7.648484875306625,52.244403295869375,7.6499491250520695,52.245302104093696,St.-Bonifatius-Schule
7.63569958409317,52.16875799606804,7.638215078092943,52.17046762028091,Heckenweg
7.895058497361142,52.275343662333114,7.897145197414766,52.27630403821739,
7.948162041108191,52.32867299230109,7.949629567097853,52.32966720723186,RWE
7.428863516775409,52.275276325673055,7.431392469622725,52.27639587629804,Berufskolleg
7.369486808423624,52.23871570305996,7.37097681463782,52.23965320646912,
7.947985537173447,52.234584056669945,7.950161463727424,52.23549434344568,Schulzentrum
7.718632639937915,52.27530786048381,7.724013585725811,52.278468915460536,Ibbenbüren
7.641283113172098,52.3409998495551,7.643952069066792,52.34199796926423,Zumwalde
7.460230779921996,52.29118705162494,7.461705317769578,52.292194447721464,Oststraße
7.9505213768172975,52.309369104372884,7.952398323526102,52.31044079494514,Teichweg
7.5252633755630525,52.16287542443716,7.527947808265494,52.16441148677111,Richard-Wagner-Straße
7.522881911342029,52.15833512668573,7.524354892290854,52.15947727326173,Heilig-Geist-Kirche
7.402634944318912,52.28154634836603,7.404100256105877,52.28244505159607,Im Lütkefeld
7.597227850205418,52.30011173819496,7.600604956299538,52.30114166320251,Abzweig Herthasee
7.78840630102552,52.3192268770351,7.7898730992973775,52.32012572292847,DRK-Begegnungsstätte
7.627828995272967,52.24964690012398,7.6292934050913175,52.25054569983901,Lager Wall
7.491671068078117,52.22680422435137,7.493384141548134,52.22799047575449,Dechant-Römer-Straße
7.6569167108553575,52.158232044865926,7.659024882360498,52.15953855507584,Niehoff
7.535443979327974,52.16696075447146,7.5369842269544876,52.16833814537068,Abzweig Neubrückenstraße
7.882338931099992,52.31004764939414,7.883917672825937,52.31096334980348,Altenheim
7.851263216828684,52.19584495742822,7.85272598347538,52.1967438425355,LWL-Klinik
7.878096605334823,52.281215559793104,7.8795621949635395,52.28211444017074,Im Fang
7.701120532980321,52.25210288690453,7.702585067364554,52.25300171305874,Josefshöhe
7.80051655405669,52.3097699743118,7.801983046262813,52.31066882565179,Hüdepohlweg
7.467377375253255,52.36811202478817,7.46892053137478,52.36911947502751,Hauptstraße
7.873857206948638,52.16106549948274,7.876180685029025,52.1626654605188,Schützenstraße
7.581532777129707,52.271586571156405,7.584589417633558,52.27315502665959,Apotheke
7.851016030922782,52.22778625808456,7.853003970400531,52.22887474076755,Alter Postweg
7.611245611021854,52.1073278502972,7.6128736010303095,52.10908414943055,Beckermannstraße
7.681360423856061,52.29030612563473,7.683625279316766,52.291248874813796,Kohlenwäsche
7.976381693724417,52.3530847508525,7.97784970654889,52.353983649111655,Gewerbegebiet
7.981818305116032,52.35648091786141,7.983508694311,52.35749618194367,Pollerweg
7.478289570973595,52.284276984920645,7.47971823612305,52.28521291452378,TV Jahn Sportpark
7.8179819657920815,52.260288267675854,7.819446834521909,52.26118713228781,Velper Straße 207
7.960626931028093,52.35751507311259,7.9624014745660645,52.35844162711483,Mühlenkamp
7.541540538572365,52.136528705893745,7.543331662798174,52.13755619338976,Freilichtbühne
7.4416145686162665,52.275311580232675,7.443040138559142,52.27624741919612,Jakobi-Altenheim
7.628395350639206,52.09983888854067,7.629854849721931,52.100737711422305,Pauline-Bünhove-Straße
7.758312518447939,52.16066166994954,7.759774081880091,52.16156053001389,Abzw. Overbecker Weg
7.679870206362756,52.220904534449794,7.681375698177213,52.22214826545105,Hafen
7.876011799405408,52.30812985284978,7.877702805300376,52.30919884720638,Henschen
7.722087122761867,52.261348334904866,7.723655275687031,52.26257246447126,Südring
7.523080417266257,52.24079746932046,7.524569390139623,52.24217023060859,Dorfplatz
7.75915479005829,52.156274669470164,7.760616210269437,52.15717353049325,Tannenkamp
7.500425817222617,52.3217219756966,7.502402991937086,52.32301952457937,Lütkenfelde
7.677478218963261,52.311055990712575,7.679182279586312,52.31241310771517,Waldfriedhof
7.924236039367749,52.293353660368915,7.92600456169122,52.29440643940001,Bahnhof
7.523381680328557,52.181806554976,7.525012523982141,52.18271164503728,Am Hallenbad
7.949764213369505,52.28023939263744,7.9512504877367025,52.28129650725444,Düteweg
7.70441848594302,52.35318791546573,7.7059065148149655,52.35423368441359,Kanalbrücke
7.505671313167906,52.16276239502764,7.507512177414289,52.16401610522931,Sozialkaufhaus
7.399975903163527,52.28127914190376,7.401500301424256,52.282242857964015,Glockenweg
7.431161785682669,52.24323394272322,7.4332382156243515,52.24434995591299,Reithalle
7.309231303303719,52.20989259275855,7.310855592347342,52.210809506224976,Gärtnerei Brüning
7.704462670064966,52.29225598938429,7.705928530279787,52.293154810579004,Heideweg 51
7.778005970195184,52.23029617196091,7.779469830128886,52.23119502800259,"Tecklenburg, Schulte-Laggenbeck"
7.9387422728925925,52.2729210306936,7.941182720418926,52.27392567027496,Altes Zollamt
7.776312954155614,52.15207196625201,7.7777742461675095,52.15297083371147,Aa-Bach
7.397226904686646,52.28081085610548,7.398656091794397,52.28174394324992,Uhlenhook
7.793357175477782,52.284361773546955,7.794822824843174,52.285260626416616,Schule Höveringhausen
7.331170714389634,52.24852876182596,7.33263488605334,52.24942743813579,Offlum
7.792656370194223,52.351237078780045,7.794124230128113,52.35213592118356,Düsterdiek
7.640800738003936,52.17375349188504,7.642262662355395,52.17465230807796,Sportzentrum
7.805809066163812,52.32105237430756,7.807275934154479,52.32195122565605,Kriegerdenkmal
7.375163363838064,52.2263018502002,7.376626836592709,52.22720054976175,Gartencenter Kreimer
7.617115171802829,52.43851991659284,7.61858582856816,52.439418683370135,Sportzentrum
7.549727114869962,52.12803250590623,7.551187485512472,52.128931294056414,Kirchplatz/Grevener Landstraße
7.62715040858943,52.1731461210974,7.629935022044586,52.17421933165913,Friedhof
7.86682129611077,52.19566444793037,7.868296203155707,52.196669451847754,Bergstraße
7.84404530161757,52.17912530904832,7.846305601147606,52.18025728877012,Stadion
7.513227433369488,52.16793066823719,7.5147752690913645,52.1688584313725,Adlerstraße
8.002129646178501,52.36404175281635,8.003719260279157,52.3649328470415,Hörnschen Knapp
7.36965339717771,52.26692915453857,7.371118203255494,52.267827845423376,Landersum Melkhus
7.449938856111525,52.28531245452736,7.451604441848459,52.28622024552461,Overbergstraße
7.514418314373945,52.135225756513314,7.516022584045366,52.13621524344791,Lintels Kotten
7.367687947670089,52.23684844165612,7.3712355645891074,52.239002046401914,Westfalenring
7.504340352343548,52.18772501963742,7.505802648052152,52.18862378032506,Schöpker
7.8800326630503825,52.20423774183908,7.881662842857709,52.205140358137626,Lindemann
7.8201557722861015,52.236657502617334,7.821957419389548,52.23786159758074,Abzweig Schulstraße
7.894395282924733,52.16778389748504,7.896612617148616,52.16868390244824,Bachstraße
7.528292465471334,52.1598996256065,7.529776940268647,52.16076807402679,Evangelischer Friedhof
7.689349380733862,52.271855498855125,7.691184928078859,52.272806901567364,Postweg
7.625522305189858,52.32315441648357,7.628972225004379,52.32436286331618,Dorf
7.957897118119148,52.35339341410124,7.959375284407461,52.35447388584657,Stephansring
7.713936835113505,52.28056861773086,7.7154006626606115,52.281551881788225,Friedhof Kapelle
7.526235979609677,52.173421914088685,7.527697820779923,52.17432068587387,Sparkasse
7.714877090468875,52.30291376889955,7.716424418695727,52.30398943084446,Poggenkamp
7.418846818146513,52.27628725327464,7.420420976384835,52.27717784662418,Michaelschule
7.489261026408718,52.22583566336224,7.490905867794504,52.226741036671854,Holländerstraße
7.797159859252417,52.24893228210866,7.798882545368684,52.250018117953246,Haselroth
7.607349926801189,52.284053306145786,7.6092268691962595,52.28504449234006,Haus Schmitz
7.728172152901285,52.275264928348236,7.730454347507701,52.27616777170965,Alte Bleiche
7.880625050132415,52.313014356136904,7.882281745987593,52.31441454300436,Bullerteich
7.940963666659501,52.3935296046282,7.942579133356657,52.39450489522059,Grenzstraße
7.367840835605932,52.246418753373725,7.3693049648272595,52.24731744658819,Kita Abenteuerland
7.929647909437876,52.195113545460124,7.931110690845424,52.19601245450384,sudenfeld Westenberg
7.7317696816871875,52.31955882982415,7.733426318828452,52.32046017017636,Steinbruch
7.515733386254147,52.175038434781584,7.51721132076039,52.176379565152835,Weststraße
7.7278408816343545,52.48359218250092,7.730296729319772,52.48461671571998,Handweiser
7.6070535655648115,52.27611710608465,7.608518834805525,52.27701589387827,
7.72669223212774,52.3095489425792,7.728194363188861,52.3107973573127,Hage
7.591872525000181,52.29409495324406,7.593647047779997,52.29524099198212,Abzweig Bahnhof
7.934017010625628,52.340584555958166,7.935484589658795,52.34148344400587,Hünenweg
7.668003781190549,52.31276414455805,7.6695365227289045,52.31401495525972,Heitkampweg
7.8668466336296845,52.153116006387755,7.86841026258768,52.15401179355535,Dr.-Mann-Siedlung
7.51700994922582,52.1806274540586,7.518582855976495,52.1815169447017,Albertstraße
7.602455883390023,52.37880731455193,7.604121509417627,52.3803518848312,Rathaus
7.470726669621225,52.369291440496895,7.472194930787446,52.3701901594655,Schulzentrum
7.717730489229887,52.28640685452872,7.719275918135273,52.287434545273314,Rohmanns Anlagen
7.769494227131256,52.23305617360191,7.770958173195123,52.23395502636157,"Tecklenburg, An den Fischteichen"
7.875980664188105,52.31504721186055,7.8777806393821495,52.31615188811685,Bahnhof
7.505441866605513,52.17748438480345,7.506961139193309,52.17846551500378,Wildgrund
7.792152120048006,52.311502667852444,7.793961274313825,52.31265163223543,Hügelstraße
7.972994217884958,52.29263969251618,7.975005379549814,52.293569007732124,Storkamp
7.760998055577388,52.28610387910006,7.76246374475221,52.287002720863384,Richardstraße
7.604383364446521,52.177028867519866,7.6074029193201085,52.17824943538305,Gerdemann
7.743243544227368,52.26892994236892,7.74542665944312,52.27001735539082,Freie Schule
7.776224917718596,52.25254485445707,7.779270379355848,52.25404534287705,Brockschmidt
7.557239939496124,52.399504525197436,7.558709260890086,52.40040327476532,Dorf
7.606142120793658,52.12045799433618,7.607602279573751,52.1213568056267,Winkelmann
7.519946163352027,52.1719140952796,7.521423337643685,52.17294970463852,Zum Dorfgraben
7.6233845440737555,52.4442014403053,7.625578548543241,52.4455466596013,Wildgehege
7.491809776770668,52.440661241566666,7.493280423633974,52.441559958395835,Talge/Wilsten
7.585024748341937,52.098779966106406,7.586502945138575,52.09975023361134,Schründerring
7.755366112547107,52.288806380264866,7.756831887784038,52.289705219698575,Abzweig Schwarzer Weg
7.912847527105362,52.27625553317118,7.914392478107728,52.27724296671573,Cappelner Straße
7.45773136750964,52.36365534279964,7.459199432902376,52.36455405716267,Am Sportplatz
7.594380110593897,52.09218827942399,7.597001744876039,52.09383704035893,Westtor/Nordwalder Straße
7.929007404697828,52.400579790407626,7.930964697798651,52.40163180825142,Alte Schule
7.570364926103119,52.162498410224856,7.572639566082225,52.16350639076119,Kamp
7.551647501559491,52.17157760886157,7.553109298823355,52.17247639110108,Blomert
7.539099365357366,52.410341429633334,7.540569035033934,52.41124017032934,Siedlung
7.530242278090437,52.28291072166441,7.531707722300459,52.283809478298224,Im Lau
7.541773951199458,52.16544401499886,7.543912325479008,52.16732038603671,Kiesstraße
7.625745893774112,52.092622629822934,7.627590598582799,52.09357227061053,Leinweberstraße
7.590444826761106,52.09589349546722,7.591904173609938,52.09679230449559,Josefschulzentrum
7.96965675528967,52.331337950134525,7.971124044985102,52.33223684982961,Am Roten Hügel
7.97915586174265,52.342900849684995,7.980623538529761,52.34379975027917,Bergstraße
7.776400487674158,52.32738902967599,7.778229816313846,52.32851337031286,Abzweig Breslauer Ring
7.87548928333263,52.33901592573978,7.877062613844409,52.33994417377987,Meyer
7.633256969084065,52.110855373187896,7.634965732384118,52.11176292687458,Siedlung Fiege
7.838007330507658,52.41918397661766,7.839477469803744,52.420082823346114,Raiffeisenbank
7.8154386156301285,52.26944126878878,7.816903784684698,52.27034013117486,Laggenbeck Eggemeyer
7.4370773681442195,52.30965764306196,7.438543632272063,52.31055635690024,Röntgenstraße
7.781790652376064,52.27119254898851,7.783258346025683,52.272204650966906,Broelmannweg
7.390599550515082,52.39022595932181,7.392068449915491,52.39112464064024,Hüsing
7.440149349192055,52.29862984156119,7.441615251223156,52.299528558401036,Dorfstraße
7.468856121429027,52.294872051170174,7.470356078998841,52.295948248591266,Hopster
7.6441312514624284,52.24638600021467,7.645704642854312,52.247778299460705,Abzweigung Saerbeck
7.408821365480641,52.28619234737053,7.410286834942611,52.28709105259158,Friedhof Königsesch
7.58710910911406,52.282728524144524,7.588891197453878,52.2843361747356,Abzweig Elseckweg
7.802167514315114,52.43274928344645,7.803638086006133,52.43364811651722,Schröder
7.629440018702169,52.09284239854419,7.631108884793323,52.09388680148127,Gerdemann
7.534608876363343,52.17370934631741,7.537384334010508,52.175049719978865,Wüllscheid
7.370152652286682,52.24535405277571,7.3716167481458745,52.2462527471862,Kirmesplatz
7.414561931465734,52.27551994333157,7.416616026886038,52.27702943415515,Frankenburg
7.852897197225003,52.189881716389465,7.855212688800356,52.19112467724548,Lengerich (Westf) Stadt
7.708883527257183,52.279315407557355,7.710942053005634,52.28100469324164,Neuhaus
7.738311711237974,52.27405512203192,7.739850995134383,52.275058177794676,Herkenhoff
7.690643467553418,52.29899998393085,7.6936718794279395,52.30205806226952,Veit
7.859582421819849,52.18118051742814,7.862096739540948,52.182622361085315,Schule Intrup
7.625175616654152,52.13658950926366,7.627055782915354,52.137658490067096,Forsthaus
7.462398692079412,52.36207564169433,7.463866708331322,52.36297435826799,Marienstraße
7.79157084972475,52.26781140008249,7.792977344047508,52.26871169939456,Gründkenliet
7.420067321524552,52.24715361045121,7.421600972795474,52.24814398942897,Up de Deipe
7.439242185261461,52.240738598992905,7.441580896647456,52.24245860182766,Eisenbahnstraße
7.732482598948296,52.24772724496685,7.7339701006798895,52.24876585476918,Schlichterheide
7.432204432930787,52.27324848843606,7.4381055442495505,52.277889643054785,Bahnhof
7.547274249421105,52.12818488623354,7.548898145433037,52.129087613776775,Steinfurter Straße
7.607592887450355,52.150182390164595,7.609064512784822,52.15118260974422,Mitte
7.917551300186171,52.25807178330095,7.91904659476537,52.25933121660521,Vogelbreede
7.940224659134988,52.32173893411944,7.941885351659532,52.32292886587693,Rumeyer
7.3976571277737895,52.21232676730594,7.399462369005696,52.213835930800656,Sepp-Herberger-Straße
7.710802740142237,52.27661413251634,7.712733267074656,52.27836056568747,Anne-Frank-Realschule
7.803904114150829,52.26971707069044,7.805369286167067,52.27061592927316,Fledder
7.813590439148694,52.28362285040796,7.8151865659110875,52.284641849568274,Konermann
7.659406554854587,52.124239330566105,7.661923856447605,52.12580186948734,Naturfreundehaus
7.443240754942461,52.27765834262578,7.446006636870485,52.27870815874681,Ludgerusbrücke
7.5789557378259245,52.37135281011909,7.580798366756738,52.372283490166716,Grüner Weg
7.881204373528865,52.17380079113612,7.883752021688679,52.17520730772626,Dyckerhoff
7.695314913557417,52.34091961630965,7.696862080678081,52.34180228350903,Am Berge
7.4500116855067855,52.297800577360135,7.451504819021414,52.29868222185969,Rolandstraße
7.721226377610094,52.12571737558274,7.7228499227344845,52.126697424204316,Abzweig Grevener Straße
7.533338895698589,52.1692922623098,7.535310143180624,52.171144518569236,Marienhospital
7.611501335794331,52.11202892973677,7.613074262514352,52.11297266997721,Wentrup
7.669404255421929,52.30934198431485,7.670924248823834,52.3105884155523,Himbeerweg
7.786117613943508,52.32453117782112,7.787584586380094,52.32543002214244,Sportzentrum
7.511167834370158,52.17022045940258,7.513612477484563,52.171423805916284,Westring
7.456169612031987,52.27877184443475,7.458652560769808,52.2802812427201,Kopernikus- Gymnasium
7.7409259304625575,52.262397935505234,7.7430626780351375,52.2637464646374,Wittenbrink
7.6109546845134055,52.10159715649735,7.612514014847268,52.10275324251604,Friedhof
7.511355571710274,52.17847951221434,7.512819626808678,52.17945798751629,Vennweg
7.469905712459349,52.36439375692598,7.4716142854207055,52.365437142996875,Rathaus/ZOB
7.854432202695537,52.17863730411127,7.856368403286393,52.17984989595734,Abzweig Hans-Sachs-Straße
7.542778744140277,52.132496607632035,7.5442392562440865,52.133395392330584,Schillerstraße
7.525944320522989,52.168857476380325,7.52754827981557,52.16982852343835,Am Strietbach
7.824621375855208,52.19799616476466,7.827712306877514,52.199929235194965,Hunsche
7.574673984266044,52.095997989648836,7.577030216102526,52.09721950853291,Schmiede Melchers
7.483207014265556,52.2209298265407,7.48467038613647,52.22182857342169,Winterbrockstraße
7.911318318662197,52.314470593071796,7.914736069588742,52.315620709270924,Zu den Sloopsteenen
7.718352664992352,52.359303915787095,7.720446938504323,52.36037128225207,Stichlinge
7.844939620886966,52.40612136624594,7.846569063258967,52.40727560769378,Seelmeyer
7.692904055543974,52.307815193876,7.694422740636133,52.30904890595177,Kipp
7.381929396136604,52.240534031060164,7.38348310733386,52.24142976885914,Kaisersweg / Gärtnerei
7.908132057721296,52.277589054962064,7.909597542569021,52.278487945001864,Riegeweg
7.669924900027951,52.204032238572516,7.671914114206933,52.20548646194079,Spieker
7.407724458959453,52.28054864717782,7.409189741463963,52.281447352784284,Ochtruper Straße
7.959067975397131,52.30869315927507,7.961079944378577,52.3096659707221,Schmalkenweg
7.368591706987296,52.24206445287255,7.370055693445596,52.24296314708934,Heckingcenter/Rathaus
7.630428014074964,52.319855111857684,7.631926086761733,52.32091068768045,Abzweig Grüner Brink
7.92973588198567,52.20287375005994,7.9314633226701705,52.203792450093395,Kindergarten
7.7792999111456345,52.28230794268835,7.781206686076226,52.283335556062774,Kreuzung Laggenbeck
7.983180526396962,52.34498024928251,7.984648273874406,52.34587915068165,Andreaskirche
7.7782958012325345,52.31488652303432,7.78065688634655,52.31596477856806,Ärztehaus
7.745918668490806,52.32190328441432,7.747385531843463,52.322802115549116,Abzweig Lager Weg
7.743766552345975,52.29854562014745,7.745729652677206,52.29974637981476,Grenze
7.751225518814646,52.30920061186282,7.7527134836504,52.31030848806243,Assmann
7.743391879553805,52.2235487143626,7.746455101388364,52.224635894203566,Kirche
7.826223272100182,52.21419971336228,7.827689329065095,52.215169086436454,Königstraße
7.732681012075289,52.264007626665105,7.736278447645412,52.26720127479412,Schulzentrum Ost (Südzugang)
7.8491958399041835,52.194471257648566,7.8506585604004036,52.195370142315156,LWL-Pflegezentrum
7.379246447585365,52.30735827249587,7.381394940051219,52.30882162793263,L39/Devesstraße
7.614188747141514,52.098991794195996,7.615984151798675,52.099900905853104,Polizei
7.477783752906621,52.28101215636682,7.479655878929785,52.28214553942379,Zur Heide
7.918712070370457,52.25559818259507,7.920193527206749,52.25661961659954,Goldbachweg
7.650851323389789,52.36805470181689,7.652692079192561,52.36907199709586,Feldweg
7.427411165521406,52.257900447477866,7.429357941656353,52.25914025268093,Habichtshöhe
7.717033490683306,52.29107217144268,7.718552314240652,52.292036228399205,Alte Bockradener Straße/L501
7.6261635977827105,52.39230731098112,7.627824598531004,52.39324688812784,Nienkampstraße
7.740074546903282,52.25395141098012,7.742856678125466,52.25538147531373,Langenpool
7.449031474256066,52.302981240001714,7.450497526156883,52.30387995996055,Bonifatiusstraße
7.875999809512421,52.17453094139962,7.880302770183859,52.1771638793626,Bahnhof
7.7835897141514865,52.356633391172366,7.7851952890569445,52.35763300882918,Laukamp
7.718174120642599,52.36231460678877,7.719940481519973,52.36338139310475,Erlenweg
7.582308302654982,52.11590369857669,7.583768297718613,52.11680250138609,
7.636344401091292,52.25230469654314,7.638642787913152,52.253787903655095,Prozessionsweg
7.749187845588968,52.431743892253614,7.750658354746467,52.43264270770985,Schule
7.5899581544483725,52.092892860844216,7.591415947369507,52.09386233882898,Kreisel/Grimmstraße
7.689773488172977,52.27323099054954,7.691238712175315,52.27412980941367,Breslauer Straße
7.624873772262588,52.25717210125612,7.62633842810263,52.258070898706855,Feuerwehrhaus
7.684986961091546,52.23852998875351,7.686451039257349,52.23942881120968,Riesenbecker Straße
7.9286335269425425,52.31217146071817,7.931241477409029,52.31335073580761,Sporthalle
7.740263842712469,52.1331251194242,7.742773266701925,52.134172182008754,Auf dem Rott
7.531573120540235,52.18090864644029,7.533186364101731,52.18284385328726,Lindengrund
7.461819606462176,52.28819013844788,7.46331370003452,52.28951486148117,Am Krusen Baum
7.700369955563406,52.28235066977854,7.703054837064677,52.28386572927723,Poststraße
7.446415063043667,52.297658740150794,7.447880937369856,52.298557459811455,Kümpersdorf
7.944379363561077,52.287152385688,7.94594774163609,52.28815531424245,Preußenweg
7.801497994374048,52.261651622138416,7.8030534040158726,52.26258767762758,Velper Straße 130
7.7006431968245925,52.28832391275072,7.702283497030401,52.289227587263134,Lüdinghaus
7.944427079615533,52.333621418585366,7.94618483743643,52.33571398093213,Ortsausgang
7.429167773278055,52.32932674067679,7.4306375568252205,52.332039659156955,Gut Holsterfeld/B70
7.423921693745785,52.27667877980577,7.4261364960704155,52.2777078213592,Mathias-Spital
7.726903667287216,52.293062293928465,7.728494735324261,52.29396440606399,Quellengrund
7.444617917591025,52.30044964074702,7.446083882823039,52.30134835921525,Dietrich-Bonhoeffer-Straße
7.817273414180413,52.1609124902031,7.818934882575779,52.16186230899409,Hüntemeier
7.504410771570409,52.3341116630369,7.507210260159862,52.335627047074674,Mitte
7.843927978365073,52.22329044598835,7.846376025560584,52.2242505546354,Abzweig Brandenberg
7.698117869283704,52.24822670060646,7.701034295469559,52.24947982525127,Dörenther Berg
7.7997854653527225,52.21999887559979,7.801830132455618,52.22117952381558,Bismarckturm
7.847253950713995,52.161454404686694,7.849064063075028,52.16282279560289,Huneke
7.4069266029083485,52.27466387617007,7.408510996453294,52.27563222375762,Steinburgweg
7.786443870422919,52.255645074118256,7.787923530543807,52.25665932556869,Thunacker
7.471227755511608,52.30365363537131,7.472693844895448,52.30455236459105,Rielmann
7.535295166359031,52.27736233486717,7.536727937342681,52.278305164312634,Edelbusch
7.835665999234227,52.20934236093289,7.837129201074195,52.21024123903081,Meesenburg
7.612977827143615,52.287543578447426,7.615625875980251,52.28892351998021,Cafe Tebbe
7.724280274894554,52.291597663635486,7.725824319956657,52.292585236275464,Michaelschule
7.956581999004817,52.30493099238474,7.9580472026865365,52.30589790732989,Professor-Porsche-Straße
7.357916402225916,52.30931136041216,7.35938259821143,52.31021003954973,Diekenhookstraße
7.4313306427678345,52.26712356194162,7.432940658606105,52.26810943802168,Darbrookstraße
7.711892872265973,52.36844537568772,7.71413647968895,52.37029340647558,Schulzentrum
7.715172575156892,52.27763842038552,7.716776716446142,52.27873277956689,Mauritiuskirche
7.4657380723076825,52.296786442294,7.467727419484593,52.29807415788823,Canisiusstraße
7.542170990886564,52.169776467893925,7.543751314119122,52.170671332008745,Marienkirche
7.76095011110539,52.25928715633015,7.764197278762421,52.260397845625484,Schwieterjann
7.4467649214651255,52.28779198114856,7.448853989386327,52.28880651987551,Konrad-Adenauer-Ring
7.76381710473113,52.43996119039011,7.765287895600534,52.440860009573406,Kipp
7.526592743804827,52.17094830340497,7.528154251413086,52.171840095577075,Kriegerdenkmal
7.939316842494853,52.31280394148092,7.940974250782854,52.31371095855727,Rathaus
7.717229785332242,52.2789854861142,7.7186952150088635,52.27988431384912,
7.465934996151715,52.28818169159173,7.4674742074972045,52.289145208340436,Dörenther Straße
7.524074271011565,52.15627750415016,7.525836728377072,52.1571824958578,Schule Hollingen
7.8049380773661,52.31202304233446,7.806759720365814,52.31311925747179,Ostweg
7.50639851157382,52.11864085397397,7.507969194607711,52.11953004586091,Schweer
7.860222162173501,52.4229481734038,7.861692438132009,52.42384702656001,Lünort
7.467901225928636,52.28944600745595,7.469315367350465,52.29036399202819,Schafbergstraße
7.857648156077724,52.15675285343117,7.859109644223997,52.157651746532586,Birkenkrug
7.526766400550425,52.15717781311763,7.528843561968886,52.15882940437376,Bühlsand/Poggenpohl
7.5526836756384474,52.40945642686005,7.554153324749196,52.41035517310267,Abzweig Kirchhof
7.483037709533043,52.227304827064,7.484501290869168,52.228203572898394,Hallenbad
7.7421560584309175,52.23442471666235,7.744217328171595,52.23588648384752,Campingplatz
7.621475236592014,52.26547070253233,7.622940163774276,52.26636949743064,Abzweig Bachstraße
7.617304056808235,52.28858030508993,7.618769743559631,52.28947909487303,Alte Schule
7.511789156019382,52.181252117619294,7.5132512443742065,52.18215088234318,Frischholt
7.548663095486419,52.14065984138897,7.55071661135463,52.141630959289266,Postzentrum
7.879356150094791,52.35014146797889,7.881086753500232,52.351057432156246,Abzweig Schule
7.538792686494384,52.16974539116335,7.540828482350109,52.17119782304871,Kindergarten
7.73985911822444,52.16098937313652,7.74132068210847,52.16188822682684,Kötter
7.552560154368024,52.140934695876915,7.55403194330902,52.141946303429975,Joseph-Monier-Straße
7.4306748500198205,52.26150206052025,7.432309055850493,52.26240513945838,Waldhügel
7.851244338914493,52.26788747387099,7.852850767238185,52.26878402604232,Görtemöller
7.7807109125623874,52.142319664768806,7.782171887759399,52.14321853519472,Abzweigung Im Alpenbrock
7.881614423354241,52.150054684496304,7.883353383702865,52.15098061570074,Rote Erde
7.552751280074346,52.13010140546464,7.554211720307335,52.13100019449804,Industriestraße
7.615014750030419,52.36488668765173,7.616493843509979,52.36619501227898,Aabauerschaft
7.5493971527216095,52.155746213687266,7.550840150283959,52.15670108570782,Märkischer Weg
7.765628257542441,52.298024679228135,7.767094342786141,52.29892352073535,Nordschachtsiedlung
7.51782989671779,52.16303316613229,7.519404301642765,52.16400613384253,Haydnstraße
7.411420283481491,52.29298620784801,7.413032421091714,52.29389959105465,Am Großen Unland
7.698760823051738,52.27482004284634,7.700259770221036,52.275804256903044,Feldstraße
7.81328168606508,52.23919957221779,7.814857313702366,52.240395726859234,Ledde
7.712567933956735,52.285559761174774,7.714181264916346,52.28654663876003,Wiesenerskamp
7.689382473102184,52.23095841905223,7.690933492614625,52.23209206188273,Abzweig Brochterbeck
7.913842199961308,52.27350768545496,7.915471299155164,52.27450011444997,Sparkasse
7.980372033412207,52.34631553750835,7.982632074881362,52.347322463522026,Ziegelei
7.7389863706976545,52.337670645649034,7.7409806084431665,52.339386755104286,Espel
7.612314121459391,52.09312994515334,7.614027992948954,52.09448565494887,Martini-Schule
7.5405575305914265,52.172206913020865,7.542028175367475,52.173154586644394,Theodor-Heuss-Straße
7.552434708109309,52.09361880975815,7.555819666538824,52.09487013021199,Abzweig Altenberge
7.68034291597014,52.2717128921319,7.6818080843806325,52.272611707831295,Gustav-Hugo-Straße
7.51706665004578,52.23732880004803,7.518601945853316,52.238297899886,Roßweg
7.45681539404997,52.37413784379477,7.45828380636253,52.37503655616756,Englandstraße
7.525825824901813,52.15328225624408,7.527248771526377,52.15421294309562,Dreihuesweg/Herzbach
7.693267782543086,52.23880884780609,7.694942024664465,52.23972045224311,Abzweig Riesenbeck
7.632664868117891,52.31076644952978,7.634248442582934,52.31191185027253,L501/Köster
7.966230609999687,52.29236845420174,7.9692208851328195,52.293366446681645,Flugplatz Atterheide
7.661381529096577,52.29403552481958,7.663451965079923,52.29530177506101,Wallgraben
7.714916132261253,52.308273391962,7.716434465833004,52.30919170783163,Josef Verlemann Straße
7.6789764679695605,52.241489188792976,7.68062231969336,52.24273211121582,NaturaGart/Botanischer Garten
7.786955500964845,52.269681482377514,7.788452400577894,52.27078061748248,Feuerwehrhaus
7.41252585775117,52.268386745201404,7.413990742670683,52.2692854547607,Nienbergstraße
7.662333379299733,52.243908093280886,7.663797621055278,52.2448069066822,
7.773804998326905,52.2922893656028,7.77542610841258,52.29335283437871,Tegelmann
7.657145768935711,52.2953687360381,7.65993052436274,52.29689626268536,Zum Esch
7.5702160485069845,52.186366397300475,7.57276714870028,52.18772370114145,Ruhmöller
7.759414957004806,52.2983934040557,7.760889742539311,52.29938319580217,Abzweig Grubenstraße
7.404958905707795,52.20326443381059,7.406593465555344,52.20446264135258,Arnold-Janssen-Gymnasium
7.444458962668662,52.27114601618632,7.446076430966354,52.272044383780575,Stadtwerke
7.73441828877457,52.32281002558396,7.736576716056775,52.32407907409971,Moriss
7.437459667731946,52.26701205093213,7.439085431705187,52.26798624885863,Mittelstraße
7.845128637940478,52.24071515599329,7.8466174631286885,52.241613343960914,Blome
7.802043293628555,52.30129577341263,7.803509506690388,52.302194626550985,Brügge
7.503619137831341,52.43675413883804,7.505089662570047,52.4376528611245,Raiffeisenstraße
7.77752565965733,52.263758655546525,7.7839336860295205,52.266076955826435,Ibbenbüren-Laggenbeck
7.753379279806401,52.26138871695187,7.75563331726155,52.26265518217525,Hageböck
7.582381744872079,52.29839312089734,7.5839865601072445,52.29929557788618,Wiesenstraße
7.9256118305870515,52.240656067166825,7.9270695719574995,52.241630432280964,Osterberg
7.752382085712963,52.31273096264769,7.753951915679435,52.313694937327284,Schniederberg
7.6106802582921205,52.096679187513864,7.612203735012533,52.0976864123158,Saerbecker Straße
7.857349043225678,52.40006787210354,7.858818557080211,52.400966727860265,Reyering
7.450220931726062,52.30553153994423,7.4516870686866294,52.306430260018026,Apetito
7.859640890189745,52.25805023588456,7.861991920270778,52.26012477004144,Tonwerk
7.836649567710828,52.14085641565611,7.838281825123139,52.14194348436787,Alte Schule
7.652131422036113,52.346534362608594,7.6545326870652435,52.34799033730732,Kemme
7.843524551985562,52.30441995895261,7.845370445199115,52.30534264123812,Kapelle
7.820189773703287,52.235475165418826,7.821653826609687,52.23637403454482,Schule
7.71381512813442,52.271746534169,7.715302372435697,52.27278206552077,Rathaus
7.70910468584515,52.29121858848262,7.7105705144983485,52.29211741148067,Heideweg 21
7.732700690163984,52.27453523247387,7.734204703796033,52.27550926731689,RVM
7.676616050374252,52.27449362095044,7.678154947253879,52.27541597872832,Johannes-Bosco-Schule
7.506588476628208,52.168871505070065,7.508193627835668,52.16978569386997,Kupfergraben
7.527757686288446,52.172983913748084,7.529219514100743,52.17388268621448,Rathaus
7.439808155091611,52.27290291863896,7.441358853314437,52.27395998113689,Gartenstraße
7.406638285219019,52.27291434683057,7.408103315204504,52.27381305313152,Resseltstraße
7.8864014116180785,52.274645358018766,7.887866788677969,52.2755442419451,Pumpstation
7.41840681233428,52.267189486538896,7.420239989333806,52.26810191358506,Hessenschanze
7.4418546588644,52.26968163729781,7.443456739924642,52.27066396264883,Karolinenstraße
7.512860003196096,52.34166580289492,7.514958999657423,52.34287009659817,Hopstener Straße
7.549255673624526,52.15826582147002,7.551269921078534,52.15950217841712,Göcking
7.473481717260951,52.28539197490274,7.476211120922572,52.28695476855304,Marienkirche
7.550867040111531,52.12646570555979,7.552327360270567,52.127364494402876,Deutsches Haus
7.377199915771462,52.243597846191086,7.379120481896826,52.244521553997544,Am alten Krankenhaus
7.638391937447708,52.17383199233993,7.6398538629122585,52.174730807623064,Saerbeck Schulzentrum
7.712488043697798,52.288828422171655,7.714163656980733,52.289730877840796,An der Zechenbahn
7.381370399960959,52.33312855699617,7.382837400470714,52.334027242965846,Grundschule Holsten
7.682185453133594,52.27549129208828,7.6836507472167614,52.2763901078749,Fichtengrund
7.571317710738416,52.23154840957869,7.572781489640485,52.23244719038409,Hillebrandt
7.53532094069917,52.3878156286683,7.536789859692651,52.38871437129433,Greve
7.729071756680651,52.47343249891344,7.730543643660972,52.47433130104996,Wielage
7.735960962331364,52.26792658200056,7.737426038004555,52.268825417962795,Schulzentrum Ost
7.940240764262725,52.317166323582946,7.941888338650212,52.31818727642347,Gänsehügel
7.869811827010349,52.180686108807386,7.87145597681022,52.18162329024073,Liebigstraße
7.74798681632737,52.26314627450201,7.750375884506717,52.26438837194022,Alstedder Loh
7.71771572956079,52.28853088804936,7.719301971421019,52.289501011906744,Hardikskamp
7.4636940251875314,52.2773896342663,7.465362072909776,52.27841246567368,Schmale Straße
7.4774548890572285,52.27540631525364,7.4794062045605045,52.27714878254922,Südeschschule
7.670603345292721,52.31294803473088,7.672495851888359,52.313873665484806,Antrup
7.546761063506823,52.27391556723902,7.548230435615021,52.274902232711085,Fernrodde
7.915989803456234,52.274699853570056,7.917455196831949,52.27559874639389,Haus Hehwerth
7.655270273768226,52.42552421373735,7.657254516427246,52.4268443865554,Mühle
7.414458056632041,52.28660744617589,7.415923543789725,52.287506153786225,Stoverner Straße
7.70787676353362,52.27311982988704,7.710925194066932,52.2744119904676,Ärztehaus
7.950992332352389,52.324364853070065,7.952618870739287,52.32530834623605,Abzweig Sonnenkamp
7.631371910648001,52.348497328208204,7.632868996321109,52.34947997146932,Heiliges Meer
7.420462311220747,52.27747066832305,7.421939290069748,52.278501331617534,Schwedenstraße
7.781085501984094,52.26112378854932,7.782955392128123,52.26206641183277,Abzweig Bahnhof
7.420838759416619,52.28201792298625,7.422403944574218,52.28292927621772,Brechtestraße
7.750478392383126,52.32946958072132,7.7522690447722935,52.331214584776674,Schlickelde
7.89386909665444,52.21357045383421,7.89531040014718,52.21452684548704,Auf dem Lohesch
7.393027775611609,52.2434344475575,7.394491824814833,52.24433315240453,Holtstiege 11
7.393037652938138,52.22048874579862,7.394500947487762,52.22138745416336,Heinestraße
7.548557573985516,52.12949629576046,7.55017762736382,52.13048970419325,Kirchplatz/Emsdettener Straße
7.794678527918145,52.281338253595045,7.796155374935719,52.282350745449286,Höveringhausener Schulweg
7.399177338059736,52.21517444404279,7.400640462364413,52.21607315591923,Spielplatz Kinderparadies
7.683641084624829,52.30602808201853,7.685523818027433,52.307056716768024,Schacht Marianne
7.719578479436642,52.270525141962096,7.72127382004724,52.27142815803286,Arndtstraße
7.4579063366921075,52.28411518679633,7.459687559115437,52.285039213412816,Johannesschule
7.632211755686054,52.17255183768959,7.6337551522449765,52.17359556209424,Mehrgenerationenhaus
7.947491830615165,52.23285534762646,7.949042967176017,52.23378445205017,Nelkenstraße
7.91920814285507,52.27832745337064,7.920673657432312,52.279226346593305,Asternstraße
7.977088390472289,52.334406916482585,7.979134518372229,52.33623519513373,Sachsegge
7.821213130689455,52.152771358917875,7.8226744696218224,52.15367024104574,Poolweg
7.630514230946461,52.321607097344675,7.632027472284918,52.32249780252405,Abzw. Grüner Brink
7.815724067349979,52.45336728281084,7.817195332967998,52.454266117152855,Kreuz
7.492025656702326,52.291906028333806,7.494790357004863,52.29304397394927,Russenweg
7.740333279849722,52.2242616779016,7.741796920484228,52.22516052206179,Hanna & Patrick
7.626853128757195,52.09508028846578,7.628312471604249,52.09597911149716,Feuerwache/Hansaring
7.588079414145045,52.273336352704625,7.589738982655254,52.27428524652437,Altes Amtshaus
7.367402988435084,52.231059652295855,7.368866611997858,52.23195834766606,Heideweg
7.84670439622914,52.17903675863366,7.848831803451491,52.179942241359306,VW-Hof
7.857315705714511,52.192125509107754,7.8590317064724555,52.193394191002476,LWL-Klinik
7.884207191143048,52.21372475176563,7.885717107625464,52.21485154795923,Feuerwehrhaus
7.923182656066126,52.272783389561866,7.9256020471148965,52.27394590776103,Krümpelstraße
7.887789677770371,52.358135636382556,7.889518920306668,52.359046563696594,Pieper
7.445443864976214,52.26592248302028,7.447124730193288,52.26683441707779,Staelskottenweg
7.802892463345535,52.24178984979626,7.804869730581648,52.24302505021705,Sundermann
7.69172340344913,52.27236688702466,7.693995839544745,52.2735548903214,Wesselmann
7.461502960855388,52.26678390457884,7.463238725604634,52.26869869480365,Sandhövelstraße
7.45290318263847,52.302392439135154,7.454369217773434,52.30329116082714,Sandkampstraße
7.821958239047054,52.14439608559792,7.823529162892131,52.14529771439172,Strothmannweg
7.747040566419241,52.13989768286797,7.749529345764813,52.14098611889967,Rocklage
7.73994761903768,52.274033357613426,7.741592278960835,52.275045342349074,Hansastraße
7.970328761352403,52.30762450662186,7.972335837635087,52.308626800206675,Gartenstraße
7.725424043993811,52.352746997257015,7.727205554714719,52.35365680280421,Krekemeyer
7.828203514956595,52.20809449176508,7.829783786724628,52.20933400759576,Hollenberg/Bashake
7.415021479613856,52.19402823896624,7.416483920805608,52.19492696099584,Landgasthaus Clemenshafen
7.6290756349795315,52.318532729020895,7.630864852136717,52.31985857125607,Tegemannstraße
7.4372793014766,52.38615614886935,7.438748098941398,52.38705485109291,Brinker
7.458093650716185,52.276620060232176,7.459587046866511,52.27774933964924,Cordesmeyer
7.9581835965898,52.30372597737289,7.959776906566043,52.304719122622764,Dieselstraße
7.969068735724104,52.34483693753544,7.971226172880027,52.34583626340318,Hollage Zentrum
7.752029315056695,52.33107728406916,7.7534964852761155,52.33197611589429,Marienschule
7.521158127446356,52.15610443036932,7.5227474784533035,52.15699856951833,Wältermann
7.776684579882198,52.302968457731666,7.7783755345529855,52.304882141899874,Börger
7.684637293272926,52.225796630350615,7.686146712189993,52.22709166955049,Wasserwerk
7.4535194506756035,52.30431503915168,7.454985549736179,52.30521376081061,Düsterbergstraße
7.7056487188426654,52.29495656537848,7.707410178567111,52.29587253474969,Mozartstraße
7.52126811875996,52.24331064361595,7.522927585601032,52.244358256423354,Wischmannstraße
7.950913923507405,52.278579173747424,7.952416975613998,52.27964522574338,An der Riede
7.780036177522385,52.31394056529394,7.782235138151527,52.315516235379135,Landrat-Schultz-Straße
7.943695916970297,52.337917385209536,7.946076641743102,52.33998890211982,Halen
7.557034278039464,52.13027126706995,7.55858222944067,52.131308332744084,Grüner Grund
7.8073926240590374,52.317524773778814,7.808859376258771,52.318423626184824,Wiesenweg
7.551505293230282,52.13543740612067,7.552965907151841,52.13633619384197,Franz-Fischer-Weg
7.7676441234078615,52.3206444937874,7.769987369317452,52.32204380588389,Berentelgweg
7.921172621006406,52.24360073610758,7.922609184882888,52.244517763450446,Abzweig Großer Esch
7.458483755498162,52.273616035752596,7.4599488449116045,52.27451476420971,Herz-Jesu Kirche
7.426725341635461,52.276701423046696,7.428209156400713,52.277726276319555,Mathias Hochschule
7.370484502887076,52.24834815293083,7.371948697545462,52.2492468470311,In der Welle/Falkenstraße
7.50233251360982,52.37202383415365,7.503800886790474,52.37292256580888,Voß
7.558701030956736,52.11463090310182,7.560160969423052,52.11552969686086,
7.9402947162324695,52.34015565501155,7.941762284050271,52.341054544952506,Im Sande
7.671113340848342,52.35050595336128,7.674458860045142,52.35141794686301,Bad Steinbeck
7.565639549914105,52.09564405537642,7.568022747912486,52.096581544912894,Hof Hufelschulte
7.6120423360393525,52.37257232610377,7.613729765331568,52.373886342060786,Abzweig Recke
7.897282156676137,52.2328765692201,7.898796647149917,52.23410123064383,Loose
7.798521159732705,52.36663927411925,7.800831162770764,52.36850042697827,Torfwerk
7.724715825545125,52.294443628848654,7.726240479324551,52.29532677093782,Eisenstraße
7.7539909465741665,52.14680076962366,7.755452053754754,52.14769963033975,Lönsweg
7.469792299677636,52.367497640555506,7.471260500731246,52.36839635940689,Markelo Platz
7.448872244406197,52.29564790451595,7.450369654204072,52.296747195309436,Servatiistraße
7.438861023075755,52.31234784288616,7.440327377340114,52.313246557076084,Meitnerstraße
7.499464655089149,52.18765692063276,7.500926945307839,52.18855567932971,Kattenbeck
7.795353063543091,52.20607536722298,7.79681613677595,52.20697423274057,Prigge
7.777609308672628,52.306921488191435,7.780060007336845,52.30859511244586,Toschlag
7.607117683549978,52.09139366485859,7.6091344490976525,52.092679791481174,Rathaus/ZOB
7.747181956565519,52.22078197640188,7.74916603675699,52.22174512417038,Feuerwehrhaus
7.32956330269111,52.213235183455524,7.3316740055032446,52.21422521739943,Rengers
7.806721334063363,52.260445815381125,7.808943063576159,52.261688483708824,Velper Straße
7.84787537586815,52.18303732940191,7.8507806934937445,52.1844208315267,Münsterstraße
7.498788509985034,52.18432362051645,7.50025069041206,52.18522237944601,Theele
7.9420633080317495,52.25304669348394,7.943698087568146,52.25395170654496,Kreuzbrink
7.901777125531821,52.164190154439886,7.904233365327155,52.16568114532235,Mozartstraße
7.912674137129426,52.24635977178515,7.9141936652153335,52.247532928004,Kreuzung
7.9628347985275925,52.34909600965249,7.96507968076535,52.35087529132255,Penter Straße
7.687257666585895,52.288271582709775,7.689655922145842,52.28979681740884,Bühner
7.743206707816344,52.26584225828868,7.744754594176311,52.267046641325926,Hauptfriedhof
7.416307713401083,52.29540685210286,7.41778328743965,52.296414947836276,Naturzoo
7.7896459274406595,52.29313638875216,7.791111978282613,52.294072510905636,Kappelner Weg
7.917926061279479,52.25094886689455,7.919354142446787,52.251884332331564,Münsterstraße
7.471552200316438,52.289627471541046,7.473130401842941,52.29060242844671,In der Lake
7.772932176756515,52.28288023741093,7.775252827570731,52.283986259817596,Theodorstraße
7.472598895738412,52.28802332346132,7.474170405081496,52.28898447649672,Günsbachweg
7.891224507395279,52.21856925306717,7.893599995021266,52.22038144347333,Natrup-Hagener-Straße
7.463401638122342,52.26418591038104,7.465715451196892,52.265666289762386,Konradschule
7.876209689114314,52.26083069266171,7.878022821058669,52.2620821075798,Poppensieker
7.670388168659791,52.27443337509174,7.672595737772828,52.27575772473777,St.-Josef-Straße
7.431590890205229,52.270848910806585,7.433250503630395,52.271756789250276,Ferdinandstraße
7.712232098985309,52.29036778786521,7.713697901357339,52.2912666120981,Birkenwäldchen
7.760614173979315,52.30477217750823,7.762506234903219,52.306026222744606,Borgschulze
7.923255991750275,52.20846504742278,7.924719208534928,52.209363952541196,Natrup-Hagen Schule
7.643121786638225,52.1804108303624,7.645193319559763,52.1813774702816,Am Schulkamp
7.5656555137164885,52.27350307539107,7.568054280661066,52.274490625402315,Gewerbegebiet
7.811259510338886,52.18125262822296,7.812853190870829,52.18223057173725,Antruper Straße
7.8340845946615945,52.174273449004744,7.835836501457773,52.17519375116773,Vortlage Reithalle
7.903160716511607,52.26803175497554,7.904625883779878,52.26893064498838,
7.940442349852536,52.313937352983935,7.941909050429754,52.31483624698011,Kindergarten
7.438745060002154,52.31011524274014,7.440211340413697,52.31101395722208,Von-Liebig-Straße
7.723057845774383,52.30025359123353,7.724608660922154,52.30113440851597,Wetkampstraße
7.401986297090436,52.20725459468937,7.404312162811786,52.20948797149396,Bahnhof
7.577048709627455,52.297139939853565,7.5799464000229255,52.29821406190835,Merschweg
7.589804965589918,52.289721807730444,7.591984113684156,52.29122144525999,Gesamtschule
7.882915289904391,52.2279481983599,7.884481213686487,52.22886620095361,
7.874063856639447,52.279015807562594,7.87677374365164,52.27991679249537,Frehmeyer
7.908877327009045,52.207611547725904,7.912992086186734,52.210658344131325,Natrup-Hagen
7.697542221567646,52.321843779957305,7.6993701779765065,52.32289281948582,Abzweig Steinbecker Straße
7.441619889472533,52.26532019500349,7.443103217306973,52.26664840493149,Hänselweg
7.547361766247673,52.16730502117098,7.54883213274677,52.16832017876151,Herskamp/Schützenstraße
7.792539232918072,52.13177748436006,7.794830788716177,52.134187151300814,Heideblümchen
7.449397838386848,52.23610064414704,7.45329063829435,52.237545460777845,Dorfplatz
7.913156996770212,52.262266209950134,7.915046003656629,52.26335323849279,Glinsfort
7.669186703463611,52.31465147729998,7.670980896824845,52.31570132232877,Barbaraschule
7.58917114835387,52.29851156086706,7.590593645055633,52.29943273864943,Bahnhofstraße
7.699677863949597,52.29633260824387,7.701657136756838,52.297430890767615,Brucknerstraße
7.449781087375233,52.30217103978052,7.451247113037497,52.30306976018177,Am Stadtwalde
7.3754479209092425,52.19528770833042,7.377436382354547,52.19633409001077,Brüning
7.943625488513915,52.31230514380242,7.945626512435867,52.313214356292804,Bahnhof
7.880957950199361,52.17173143973533,7.8825654548014885,52.17263146022266,Hassmann
7.753482728131055,52.43272069159375,7.75495327220325,52.43361950836972,Alte Molkerei
7.8760705810551555,52.31235206932027,7.877806817688656,52.313446429338136,Friedhof
7.8051647967506605,52.31316267380925,7.806631403567666,52.314061526154354,Brookstraße
7.3227413444439335,52.20087650222266,7.3242803617443215,52.20175699752302,Geflügelhof
7.632562384172134,52.31578031920298,7.634372815337801,52.3168433803862,Grotemeyer
7.908115939107976,52.161773067595234,7.909934549952816,52.1630571326861,Stadtgrenze Hohne
7.431507241727038,52.27906404197138,7.433455751857003,52.28002035853785,Neuenkirchener Straße
7.729543319446675,52.316664279900856,7.731543692026537,52.318033620498994,Up de Gadde
7.515451535815775,52.424617335494844,7.5169216645821715,52.42551606446773,Bahnhof
7.941813158873017,52.327168782111585,7.9433669368932005,52.328468217597006,Halener Straße
7.814818847571819,52.29351918716939,7.81637165202707,52.294688912137225,Mühlenweg
7.7469920409154485,52.335643585281275,7.748459359418789,52.33654241468215,Friedhof Schlickelde
7.847258640554959,52.28561726493375,7.848724359751682,52.28651613503001,Familienzenrum St. Barbara
7.735642177570211,52.1408118818045,7.737230432524865,52.14243251797974,Ortsausgang
7.596192327372828,52.15325373532986,7.599775053407728,52.155398264077256,Sandhügel
7.738329517794513,52.24409351845008,7.740077975168868,52.24502088178024,Bocketal Bahnhof
7.667903161182493,52.414183905289484,7.669373039174391,52.41508269467371,Kiebitzweg
7.664916172458363,52.32997317295665,7.66650201988256,52.33146742674728,Hassel
7.3758019192188184,52.37435236138539,7.37727028121533,52.37525103857658,Cardijn-Haus
7.317628883976658,52.20672312259002,7.319568998611519,52.208284178007915,Burgsteinfurter Straße
7.427752911294292,52.286223907608154,7.4295445940082825,52.28715219264161,Schillerstraße
7.574380253783931,52.283518712958355,7.5758457465952445,52.28441748700445,Torfmoorsee
7.5449185901403455,52.13309677326071,7.546671308959695,52.134003626768106,Wibbeltweg
7.774169482782379,52.27246671768071,7.776178117933048,52.273574081261124,Kümperweg
7.551824096162048,52.15969500791618,7.553285504220502,52.16059379204649,Birkenweg
7.735436968119244,52.134434000224985,7.738896395160813,52.13654889410048,Christiäner
7.618921765679713,52.09762431488765,7.620553032802095,52.09862788505262,Goerdelerstraße
7.411514349632474,52.28132487630375,7.413103153248441,52.282260423132854,Berbomstiege
7.5565082816845655,52.115766455480994,7.557972817788168,52.116735544410986,Falkenstraße
7.558030683891181,52.402836825295964,7.559500116494891,52.40373557466678,Rosken
7.518594898134515,52.16092455815946,7.520179205241926,52.16191764183252,Lerchenfeld
7.706378496793691,52.29256264619337,7.708750101315766,52.293840652474884,Rheiner Straße 100
7.987084346499059,52.32631721841133,7.9885739532410724,52.32736358139172,Feldkamp
7.525609486145421,52.15938480035182,7.527076211394472,52.16045639959692,Reckenfelder Straße
7.555031293805748,52.11697750400714,7.556491306575056,52.11787629595555,Adlerstraße
7.425598731389764,52.27153646335642,7.427165870565611,52.27247543631243,Steinfurter Straße
7.649334913175237,52.181210590872425,7.6507970871819815,52.182109409090636,Wohngebiet Schulkamp
7.490770362404195,52.30606444157783,7.492266433180271,52.30729055832474,Heideweg
7.693238023427082,52.28614682329933,7.694704384038631,52.28712107626289,Niedersachsenring
7.745674700698069,52.28323942036057,7.749339723865419,52.28548889334832,Schule Schafberg
7.922732542338755,52.29691899590629,7.92458176215732,52.297850504385124,Schwegfeld
7.546397446263631,52.166337618698805,7.547863853033068,52.16731088116683,Herskamp
7.701978022071281,52.274451193081376,7.70451466560242,52.275549908728024,Abzweig Grüner Weg
7.691937637077884,52.12493034057764,7.694227701530319,52.12698621544038,Airportpark
7.598552598216514,52.09262049194474,7.600073503292479,52.093777907751885,Abzweig Bahnhof
7.526592742084076,52.18311746717246,7.52815965721793,52.18407883276988,Königsberger Straße
7.413710170065691,52.19507604509308,7.415709826609356,52.19626505456668,Ostermann
7.4778637966672274,52.255472357753725,7.47967320905239,52.2564048425341,Gartenstadt
7.666569091806104,52.32654182029014,7.668755535706431,52.327698318042586,Cesar
7.5404673189543345,52.14100310311316,7.54305767659985,52.14198299758549,Robert-Bosch-Straße
7.693670137837593,52.130042278883685,7.695130662506931,52.13094112107951,FMO Abflug
7.41816357209795,52.32192304807401,7.419630228323652,52.32282175188813,
7.435904434666097,52.31776034393306,7.437370965750684,52.31865905602915,Daimlerstraße
7.640890534067087,52.33887462114888,7.642520068275712,52.33977987887979,Albers
7.336347008758981,52.21710725025912,7.339635903699623,52.218932248706395,Tie Esch
7.972850348310287,52.31962274878811,7.9743172519634555,52.32052165117602,Pyer Kirchweg
7.785027110572568,52.31265457709374,7.7864936897511114,52.31355342286982,Paul-Gerhardt-Schule
7.587451942022596,52.271161022590135,7.589188554485061,52.27212607637804,Westfalenstraße
7.869743262563361,52.223080652676465,7.871421535884417,52.223987947367206,An den Herkensteinen
7.944415579783028,52.2252382908317,7.946323638962987,52.226838409688966,Am Plessen
7.888153425491638,52.279597728202916,7.89086005288969,52.28220106932469,Düter Straße
7.677028915668901,52.37205339754673,7.67994278334648,52.37297650256828,Rolfes
7.75110504953065,52.13271961266699,7.752553253052651,52.13367698686006,Schoppenhorst
7.563496966885531,52.29432117090038,7.5667474363446106,52.29578275432814,Heideschlößchen
7.4537587181492455,52.28357825998621,7.455719975083657,52.28453874056109,Emstorplatz
7.423193592747682,52.2877523958779,7.425598593245504,52.28936030453613,Körnerstraße
7.773507818438955,52.269955875751755,7.774972981887021,52.27085472421175,
7.62845528347354,52.107937745770506,7.630061816677052,52.10891265406199,Gewerbegebiet Wentrup
7.893260742310675,52.19364875077294,7.894723457982237,52.194547649190945,Talstraße
7.727625601148927,52.31424915778615,7.729649908853054,52.31558884253345,Frehe
7.682609258145221,52.15073014488804,7.684751531076959,52.15215145541902,Hotel Stegemann
7.785863319778794,52.13559712427896,7.787326581108532,52.136566675681664,Siedlung
7.602880768908444,52.37619233558414,7.606115708288246,52.377358386586245,Bunte Straße
7.461601078207066,52.28499955019472,7.463293017850745,52.2859124499117,Windmühlenstraße
7.775171212567659,52.28776721367262,7.777019786377577,52.28907837232802,Schmiede Lübke
7.6479107880312345,52.34489003140994,7.649491621618089,52.34599876840768,Grüter
7.718867296631476,52.37785494856464,7.720354296521113,52.3788294511364,Altenheim
7.500876940893185,52.16640217288351,7.502507862854406,52.167307927140655,NVZ Borghorster Straße
7.631129284652142,52.171086593487786,7.632591115709692,52.17198540647521,Seniorenzentrum
7.444373023127535,52.27286593760594,7.445886175366062,52.27400416212846,Jakobi-Krankenhaus
7.51017957094331,52.138128188990585,7.511670027198837,52.139037610846714,Hollingen 18a
7.734045819616701,52.14498106541965,7.736246478777847,52.14620203356177,Autohof
7.783101958664956,52.31336673123462,7.784841336058673,52.31428796894772,Diekbreede
7.741586895894191,52.28398848225814,7.7430525044405325,52.284887317705234,Schafberg Postweg
7.915985269839184,52.27185135618492,7.919635230839215,52.27469395795713,Grundschule
7.956960699930156,52.38916265636048,7.958429900348895,52.39006154360364,Zitterweg/Zweigkanal
7.793285493592105,52.29012917938641,7.795061410499312,52.29109671926411,Wacholderweg
7.966556510463275,52.30802967567971,7.968003892447063,52.30897842379644,Kromschröder
7.97360451276388,52.3109532448749,7.975274287939061,52.31185585513573,Bergstraße
7.392663433634016,52.19764740181388,7.394257364107364,52.19863629817422,Floth
7.790241719749591,52.35763297988957,7.791831276946717,52.35853302009428,Abzweig Kowallstraße
7.399830591367952,52.21191504365,7.40129360905595,52.212813756312045,Pfarrheim St. Arnold
7.999657281585823,52.35570922533119,8.001484526789369,52.35665577505569,Zeppelinstraße
7.561233092717459,52.13131197258874,7.562700506545958,52.13229632724757,Grüner Grund/Ost
7.591275010244367,52.38016877659318,7.593391498765909,52.38116642432269,Kanalstraße
7.705415607635059,52.282111373928984,7.708251164616577,52.284338027568275,Feuerbachstraße
7.512134699603971,52.44488573771903,7.513605500795312,52.44578446224355,Moosbeckeweg
7.686222269582676,52.27442169127886,7.687687530766585,52.275320508684345,Schlesierweg
7.759740579545083,52.27179182679043,7.762565014211789,52.272810074288614,Abzweig Laggenbecker Straße
7.4147842095001515,52.26438811702567,7.416337694038562,52.265303282332525,Kardinal-von-Galen-Schule
7.71799939711842,52.36547551933483,7.7198179968976515,52.36663438076894,Am Zollhaus
7.486991310278394,52.23089133926368,7.488418582779619,52.2318275602621,Rheiner Straße Mitte
7.91549170764338,52.24410305130137,7.916956092644447,52.245001948662576,Knüllweg
7.522434925338976,52.17782224645689,7.5239127753732795,52.17885245344685,Biederlack
7.508031883991164,52.29079654679292,7.509603919038605,52.292066452796966,Hafenstraße/Kreuzung
7.534114233855484,52.194348014105415,7.535576766532483,52.195246785857194,Heesters
7.444220420614799,52.291772603531506,7.445850979674758,52.292757396343085,Schwabengasse
7.448386607151363,52.30026612814565,7.449850794588574,52.301230171567326,Wielandstraße
7.956589565748076,52.321685312351526,7.95818632718142,52.32274218760315,Kläranlage
7.6092187557585165,52.08822862463191,7.611437617260192,52.08997987882471,Krankenhaus-MJH
7.7410084657370515,52.310052884352615,7.7424749345983095,52.310951715610784,Böckemeyers-Kamp
7.935483987172417,52.33847785860353,7.937676107692179,52.339771841010545,Oberseester Weg
7.5272876202875,52.15491832023291,7.52891848226793,52.155929379766356,Herzbach
7.817160813879562,52.30070675006154,7.818683687183004,52.30180344916466,Ahlemeyer
7.42331377815006,52.26084794228651,7.424778422268752,52.26174665767566,Waldmarkstraße
7.96610382868593,52.31592016698867,7.967735870659189,52.31682253300569,Neue Wiese
7.4400593288553765,52.14872860037506,7.4420110734914156,52.14965119985633,Ostendorf 82
7.718376190397171,52.36972446429242,7.719872408423116,52.3708073355442,Poststraße
7.466918577844626,52.285511771998735,7.4698388376629365,52.28690003497217,Memeler Straße
7.715997621602968,52.26698721964871,7.71754006848261,52.26856198018852,Werthmühle
7.694936604340023,52.346695783478516,7.6967059900945465,52.34782281661195,Friedhof
7.88181763212548,52.213354769571545,7.884184668117289,52.21458382883269,Stiftskirche
7.668584700596212,52.311390994562885,7.670066097585749,52.312408604897556,Buchsbaumweg
7.616510477261464,52.09254715838994,7.618242623053743,52.09357164120769,Röntgenstraße
7.440553106810731,52.301188241670694,7.442019093604432,52.30208695829155,TAT
7.947141573505414,52.27295298595103,7.949261619096037,52.273938314831994,Gohfeld
7.779561932957018,52.31645945990232,7.781389099946796,52.317503908678525,Schultenhof
7.3489107890297936,52.321266172377854,7.35352157027653,52.324231117579394,Salzbergen
7.4406881575995,52.31627164279583,7.442154642815976,52.3171703571664,GVZ
7.968093273059503,52.33028565027478,7.96956052721567,52.331184549689326,Am Dauwen Hof
7.353193553919773,52.23500605335899,7.3549658477042,52.235916246738284,Offlumer See
7.374773380595792,52.20703074881147,7.376236219834625,52.207929451150456,Am Feuchten Eck
7.690786365918308,52.129682877129376,7.6925975416184045,52.130624423218045,FMO
7.862598007758453,52.25242490047791,7.864179403604474,52.2541011993367,Abzweig Leeden
7.370205351059143,52.19942132906362,7.371906050160077,52.20032707098472,
7.9260638314613985,52.30526105957077,7.928124975805168,52.30654994051419,Zum Roten Berg
7.701192750981434,52.11023492248985,7.702752355157956,52.11125257740162,Airportallee
7.632574225039053,52.3627823078907,7.634042375326253,52.36368109207234,Ägypterstraße
7.5090793780898375,52.130265945704565,7.510552120470535,52.131312254220035,Hof Lintel
7.548370798118304,52.163725796572656,7.550250492500907,52.164997003697174,Friedhof/Dannenkamp
7.558285674624892,52.094772449324516,7.56270393352528,52.09608472125244,Haus Vogeler
7.842947550801753,52.32743796881617,7.844414649506749,52.32833683114757,
7.669391485254505,52.281142865507604,7.671602631551406,52.28276233523814,
7.7228197662099305,52.28822285509933,7.727132320015882,52.289962341973116,Osnabrücker Straße
7.727696111144366,52.39206809293396,7.729165289196081,52.392966907029425,Zum Harhof
7.413634409042806,52.26612946319096,7.415115098240832,52.267110036424064,Felsenstraße
7.380459189745322,52.230404906075194,7.382083899908866,52.23207579355954,Claas
7.991868184005436,52.34814398101117,7.994465413105268,52.349351616060396,Reiterweg
7.978098584351562,52.30696062911315,7.980904520756293,52.30793388875178,Richard-Eberlein-Straße
7.576026410183031,52.27319770009532,7.57840848860008,52.27446319839978,Stüwwestraße
7.551107861042605,52.12914971745078,7.552673739910803,52.13035318187964,Kirchplatz/Bahnhofstraße
7.865667439821375,52.26718436063941,7.867132560480063,52.26808323932437,Bahnhof
7.391859776326785,52.244449514337056,7.39476691856772,52.24545168655501,Hüveler
7.844257197208329,52.196202124473174,7.845748295875747,52.197187275250364,Martin-Luther-Straße
7.76105843497071,52.153499468934214,7.762519765356465,52.15439833102925,Abzw. Engelsdamm
7.876076076051206,52.32822776353366,7.877540521661267,52.32920933597502,Windmöller
7.593027146829197,52.0951675623801,7.594685340960108,52.096418437670465,Ruhkamp
7.478984428848707,52.29709743797928,7.482173670038698,52.29850535819165,Klesper
7.481133647878681,52.28746912769141,7.4825981454070325,52.28842697196179,Erikaweg
7.476236155711427,52.157130989735876,7.47806485389784,52.15837771051171,Ahlintel
7.773574552243584,52.319440355181605,7.775363742770444,52.32056744487651,Merschfeld
7.544398769166867,52.09060669569798,7.546462839639726,52.09159850514679,Abzweig Mühlenbach
7.854402646041345,52.18632248366517,7.856074657608484,52.18723311641154,Auf der Laar
7.8144293882572935,52.21811606302575,7.816276982417958,52.21931033331046,Stadt
7.48515863832777,52.224518063967494,7.487043072720591,52.22582773635956,Bahnhof
7.832495658577079,52.2240374625647,7.833959341732434,52.22493633739901,Grafenstraße
7.377107912405342,52.2355417652892,7.378621093591124,52.23652003448735,Rosenstraße
7.374217197781139,52.23946468778246,7.375796006108781,52.24045801219536,Realschule
7.966091825509824,52.34656898882635,7.9675754749656855,52.34759521105861,Maschweg
7.9544977736223945,52.25846517555933,7.95656343699937,52.26045452238641,Kiefernweg
7.629427446850028,52.257483665152634,7.631145558689029,52.258402034988684,Alte Gießerei
7.4661428283850535,52.27615383656067,7.468541767731527,52.277116763985156,Schorlemerstraße
7.41827466729747,52.29799834621957,7.419740533123544,52.29889705374257,Saline
7.665416523371918,52.2754396263157,7.6676717922587265,52.27669396079907,
7.599478443890642,52.27812513018996,7.601634561481567,52.27916036710777,Bergeshövede
7.3672302795752165,52.249836353771855,7.36869452085822,52.250735046190066,Meisenstraße
7.8957815854951745,52.22783987286318,7.89735480986215,52.22873802614088,Abzweig Ferienpark
7.79384797837896,52.255621478043835,7.795559625267883,52.256580820894094,Wieker Berg
7.442954735030223,52.26285527068048,7.444454168457117,52.26403562922793,Edith-Stein-Straße
7.561961807792526,52.09147940068405,7.563420992585921,52.09237819927864,Holling
7.458048743969634,52.2353076903075,7.459515349623101,52.23626220937188,Eichendorffstraße
7.667324968127533,52.29182825043978,7.669878227051413,52.293235348413596,Marienstraße
7.820437160971743,52.20127367162057,7.822257632282044,52.202213528729516,Abzweig Tecklenburg
7.708833190803439,52.355489471080716,7.711044309683145,52.356676727741174,Ruthemühle
7.422296225665482,52.264759363461245,7.424515176357797,52.265985035657046,Sankt Josefshaus
7.578760932688458,52.1110413497656,7.580444072048069,52.111954450327545,Herbern-Abzweig
7.381315936813847,52.25212325081009,7.382780263615908,52.25302194915189,Dieselstraße
7.770295831439262,52.35689211048478,7.771913170342649,52.35779608953283,Kreuzung Kowallstraße
7.546825499180064,52.119689525043015,7.548587808043555,52.12062067520283,Rheinstraße
7.467505134503756,52.29344951581034,7.469904576181418,52.29450248565482,Siedlerstraße
7.80407336487902,52.42366918243993,7.805543635441555,52.42456801752373,Soppe
7.512506177050039,52.234483747697205,7.5144936294249165,52.23544345286887,Elte Süd
7.909831402310659,52.2943779424834,7.91272519187413,52.295375600495156,Naturpark
7.969128690561484,52.343392004357874,7.9706434067481915,52.344568495456066,Goethestraße
7.58130666132425,52.10080372339954,7.582870433191141,52.10169317648605,Allensteiner Straße
7.51892780193,52.177753111113034,7.520484996861606,52.178712788854185,Hölscher
7.43205187044709,52.388136350141565,7.433520729972352,52.389035049820656,Dorf
7.936259397865362,52.3110921533744,7.937726002417999,52.311991046589625,Alter Mühlenweg
7.480986680571947,52.22302562716285,7.482450119830715,52.22392437279956,Engelstraße
7.483676019442714,52.22248387848305,7.486620443393645,52.224665609590375,Rheine-Mesum
7.354672489655705,52.237348955635454,7.356136310780763,52.238247644326385,Schützenplatz Offlum
7.566719386161237,52.08658089937286,7.568178414215852,52.08747970058984,Witte Max-Clemens-Kanal
7.558167737846945,52.120341103644805,7.559627862533102,52.121239896317896,
7.728040060781289,52.262088382929335,7.729504939556624,52.262987217034,Aaseebad
7.712150108076104,52.25881692358441,7.714890588538154,52.26116592412684,Brügge
7.749108583753526,52.248979591576095,7.7506772138658055,52.24991260803678,Bocketal Bahnhof (Ersatz)
7.551742013828957,52.20131201112045,7.553204786554494,52.20221078884226,Veltrup
7.8934757679805045,52.31412370083151,7.8968808381889675,52.31514850049155,Gartenkamp
7.351080273895112,52.2808866597782,7.352545526543363,52.28178534018364,Antekoje
7.678032149574886,52.27578139286137,7.6794974507765765,52.276680207101805,Kiefernweg
7.634101143205777,52.30564168792879,7.635679864306074,52.30711251184691,Barhornweg
7.555517425192443,52.18839876247235,7.558834170439,52.18974553248781,Auf der Heide
7.820991902838367,52.27764875937294,7.822774895431522,52.27872094042515,Pötter
7.800963106339591,52.21508057755053,7.803441017762904,52.216466045235386,Tecklenburg
7.925935860389671,52.28510233532749,7.928287639612024,52.28678506468459,Westerfeld
7.900394265625546,52.26509295516668,7.901859334666626,52.265991844797256,Hackmann
7.434094910175698,52.2723145433595,7.4355863900443735,52.27336815643524,Laugestraße
7.72526770629687,52.12776516825027,7.727191902028459,52.128731232334005,Berlemanns Brücke
7.451449503736607,52.28695924212854,7.452943694861665,52.2880041573162,Heinrich-Lübke-Straße
7.6127827564139805,52.090014381259806,7.6142905433709105,52.09112081832235,Fritz-Pölking-Platz
7.477091596722511,52.22212342790528,7.478555003681158,52.223022172057114,Kuckucksweg
7.529146293945121,52.38472942967374,7.5306151064482805,52.385628170288896,Huilmann's Möörken
7.383759750366171,52.2330140488058,7.385223450062481,52.233912751156176,Darlagenstraße
7.541164963813905,52.12670251588008,7.542635735580215,52.127713084032145,Haus Marienfried
7.691847655539966,52.287298891254366,7.6933133448080495,52.28819770870887,Uffelner Straße
7.446676825715034,52.27813070964033,7.4500677909180935,52.279372393704904,Euregio Gesamtschule
7.6527048591356035,52.40838904607366,7.654219341630244,52.40949515364806,Osnabrücker Damm
7.403552339341785,52.27400075147763,7.405092556272818,52.27497584845495,Goldammerweg
7.933315500936116,52.310948753792914,7.934782099348026,52.31184764617112,Schulzentrum
7.4502851787606525,52.282847242650334,7.452938819579686,52.284101354640576,Basilika
7.480790043733054,52.21918652690979,7.4822533566695695,52.220085273052604,An der Schmiede
7.774972966092895,52.299074847259476,7.776627734844574,52.30007755264094,Grüterschule
7.851597826319198,52.431246775389575,7.853068373988765,52.432145624574225,Oeker
7.884914574611298,52.27009907540794,7.886468327390572,52.27103222428338,Wilke
7.443748727503709,52.27980731770806,7.445967369802322,52.28092008033597,Hues Ecke
7.373820057181662,52.246531320533514,7.3757022457249715,52.24765967930292,Rheiner Straße
7.370779267572514,52.24441135256368,7.372243332859851,52.245310047398235,Sparkasse/Fußgängerzone
7.756745485349496,52.33883668385818,7.758212914982196,52.3397355161053,Windmühlenweg
7.69803198042772,52.29072886392216,7.699526815931754,52.29191463597723,Nordwestweg
7.357551455764199,52.23235999840841,7.3603195548313085,52.233977101176066,Molkerei
7.453797959506489,52.27479389280461,7.456273171263861,52.27704917378327,Südeschstraße
7.440531504729584,52.28564247945076,7.44203510155703,52.28696812046847,Paulstraße
7.788553809745319,52.20871935155193,7.790315891596695,52.209775048257384,Kreuzung
7.477841671630078,52.144361421792524,7.479302528771669,52.145260178169856,Wasserwerk
7.550058366472002,52.11610791725521,7.5518619278545245,52.11704138303965,Heimstättenweg
7.615270277936811,52.32971030862253,7.616737322432438,52.33060909134042,Am Flüddert
7.422905105777463,52.26219844781188,7.424409293769753,52.263272351766595,Stettiner Straße
7.704315868916868,52.14643920492136,7.707431922144409,52.14752209676038,Alte Brennerei
7.750587677515816,52.286771160261914,7.753348529758434,52.28779724102645,Abzweig Buchenweg
7.815983352152212,52.221022129770674,7.818344761978312,52.22261087074495,Gesamtschule Le-Te
7.781139145290328,52.455250488646335,7.782610455036968,52.45614931131721,Mertens
7.424614605410052,52.28091471245025,7.426332791920889,52.28182788765337,Hermannstraße
7.555429587139348,52.160175007238614,7.556891013242259,52.16107379272407,Buchenweg
7.637634261006227,52.337357075159154,7.639227834387169,52.338254124798276,Nordbahnstraße
7.89408829141761,52.357061412734645,7.895561209995474,52.358068187221505,Abzweig Halen
7.409254543727302,52.270648792841925,7.412126459763287,52.272352717069,Am Wohnpark Dutum
7.653935494772099,52.29863531201394,7.658106485952846,52.30050289800026,Bahnhof
7.377639810723028,52.30836125592968,7.379105989709043,52.30925994403232,
7.585774112946342,52.10312420896697,7.587468284996444,52.104034391104925,Stettiner Straße
7.428770946436093,52.27883667028582,7.430249952037121,52.27985032928668,Heinrichstraße
7.49100782392686,52.22851649300326,7.4926592711329745,52.22995900625401,Katholische Kirche
7.605509514188099,52.26825179197446,7.606990986251531,52.26927880790844,Kösters
7.626632548971231,52.37073913109833,7.629064148239,52.37190486641443,Recker Straße 19
7.818283812045695,52.269242991062946,7.820084883761506,52.27021040754114,Blomenkamp
7.321617006725627,52.224893362206885,7.323080393719299,52.2257920377548,Andorf
7.710956049950626,52.290719501429926,7.714052289156834,52.29270788989712,Nordstraße
7.3603708902677685,52.23110435387532,7.361834510167039,52.23200304608657,Sportplatz
7.548880869261946,52.185897482234246,7.55037073220981,52.18694121717052,Kettelerstraße
7.482086957971103,52.22437792703752,7.483550442431296,52.22527667292487,Bürgerstraße
7.844860216860939,52.18984935797917,7.846322783444717,52.190748241984544,Haus Widum
7.690836597444144,52.33209555111621,7.6924019044377925,52.33306004886569,Ostendorf
7.877167501089619,52.21965512284361,7.878791892447661,52.220555477134006,Dunkbachstraße
7.714571684466049,52.35886159490083,7.7163967205174,52.359792405379835,Steinbecker Straße
7.846518815732644,52.2819887758779,7.848424884344733,52.2830743234993,Hollenbergs Hügel
7.606787661021992,52.09348109214499,7.608246939344699,52.09437990781785,Martinistraße
7.574033836644115,52.132341401448095,7.575494363732003,52.133240198514656,Micheel
7.579105555493338,52.09478640328205,7.580603046616811,52.0958428957734,Stockkamp
7.477453336796341,52.235512266675414,7.4793755690822765,52.23646003377355,Brüggemann
7.5164462849913285,52.1407630783503,7.518055415969085,52.14174712158915,Hullermann
7.939497843290544,52.308296452689355,7.940964356991913,52.309195347274674,Bringenburg
7.443490591710705,52.28878162999959,7.445100208123395,52.289752769857785,Ludgerusschule
7.8099756517023184,52.27040434537378,7.811441647204019,52.271365254470005,Blickpunkt Osterledde
7.724076116177797,52.270931184297964,7.725541284161335,52.27183001566537,
7.841576032462233,52.229499050521,7.843206970547081,52.2304049495098,Brandenberg
7.887507516825818,52.31332125761358,7.889357875340809,52.314423997746395,Am Königsteich
7.964726183430206,52.35386825255571,7.966194216846225,52.3547671474084,Neulandstraße
7.330281219356269,52.211743972255505,7.332081468786718,52.21304642803025,Sofienstraße
7.850625158093066,52.1897715431343,7.852817439449044,52.19070695715959,Feuerwehrhaus
7.449526432020779,52.290323507830074,7.451004274660451,52.29163729210738,Friedrich-Ebert-Ring
7.8289447124000775,52.26335396614393,7.830409687911052,52.264252833819725,"Laggenbeck, Cappelner Weg"
7.726743847258273,52.34992545634159,7.728514511038069,52.35098953124579,Abzweig Püttenbeckstraße
7.981695979798901,52.36122740727288,7.983313323648369,52.36256229211335,Gewerbegebiet Schwarzer See
7.864493761268022,52.31281601113188,7.867478929100174,52.313902490607695,Merschweg
7.752730585220365,52.228715938636014,7.755440654316237,52.23032640445597,Brochterbeck
7.5079115515652495,52.25133728818115,7.510361435378408,52.2524385136223,Heine
7.705079514047507,52.25088062732705,7.706720187020771,52.2518576723395,Sommerrodelbahn
7.872498566208227,52.17883909289538,7.874436720877257,52.180236907543396,Brandenburger Straße
7.893633524563142,52.26334481737528,7.895302485689114,52.26452468264787,Abzweig Berstenhorst
7.979507945250009,52.3315065414371,7.981271644321697,52.333281457734266,Sandbachstraße
7.460059846807215,52.27020788854673,7.462289228497105,52.27216021263298,Scharnhorststraße
7.747472581572253,52.30394803075289,7.749174816966482,52.30493856875981,Hülsmann
7.945712485352467,52.24218046381407,7.947387416142972,52.24320003610721,Am Hüvel
7.697190153655704,52.11716088161945,7.698702554746746,52.11819881806482,Franz-Felix-See
7.784906892200433,52.31368207774652,7.78701640427149,52.31462632264297,Westeresch
7.3853985553810695,52.39606976091694,7.386867645051035,52.39696843904505,Raum
7.819323192923659,52.31068167436714,7.822675564788464,52.31246366755907,Langenbrück
7.467151139074822,52.30138417823952,7.469296768302376,52.30236882258165,Lambertihaus
7.861510865879642,52.2929966361321,7.863026635992336,52.294143963654385,Zur Sonne
7.9033143824060215,52.355561320646096,7.904883916785915,52.356462379339554,Halener Straße 11
7.9032844564779365,52.20044290362761,7.905123457245616,52.20181939670489,Altes Backhaus
7.872967601052605,52.15581487247369,7.874431697805563,52.156804227482,Abzweig Dr.-Mann-Siedlung
7.862598047805942,52.2728135615479,7.8640633524964025,52.273712438415906,Thieplatz
7.8589447622490365,52.24760552500525,7.861051939930983,52.248531375261,Gaststätte Kemken
7.799574688983936,52.26180947821509,7.801290315228935,52.26275812054513,Kleekamp
7.779681661384537,52.32176807868259,7.781148538940732,52.322666921280934,Draiflessen
7.617481980026715,52.38722502423641,7.619376327182328,52.38817627622683,Staden
7.782010547674264,52.31650997789138,7.783477252650289,52.31740882207218,Altenheim
7.622780825654849,52.17484219534568,7.624242774709264,52.175741004617294,Industriestraße
7.882708046031045,52.15265940575397,7.884248654954325,52.15360769421552,Kätker
7.52460756803281,52.17648340037302,7.526073231045623,52.17746919957917,Sautmann
7.747877439943957,52.28121118096402,7.749342960389042,52.282110018999404,
7.760680556431447,52.34271046109058,7.762252037270073,52.34359723876274,Tüöttenstraße
7.446182691576662,52.2375564268238,7.447634411190404,52.23851987260907,Am Hilgenfeld
7.638039315032593,52.301795179385614,7.639689188386455,52.30270272066075,Bahnunterführung
7.887158684057374,52.16965478628692,7.889241714084101,52.170579413905365,Stadtsparkasse Hohne
7.831439291743615,52.23283233082584,7.835132568227599,52.234864491456804,Abzweig Ledde
7.552849259880716,52.088465002253706,7.554308340500062,52.08936379770894,Berkemeier
7.768319847315347,52.322807380670014,7.769786753012971,52.323706219293484,Abzweig Wismarer Straße
7.616673154131779,52.09071929778368,7.6181577489412815,52.091607702061395,Albachtstraße
7.546315153338343,52.40490472777737,7.547784647050907,52.4058034721853,Torheiden
7.760364050384772,52.23787447551542,7.7618281499441135,52.23877332444803,"Tecklenburg, Bad Holthausen"
7.484779188105002,52.227612250210505,7.486299712810596,52.228711949051046,Sportzentrum
7.7352081374318455,52.2755158827119,7.736673462904415,52.27641471725148,Alstedder Grenze
7.883820463021778,52.313325398588454,7.886006771664583,52.314330127413925,Schulzentrum
7.675116540996889,52.35501039945212,7.676584459356899,52.35590920051106,Schwefelbad
7.697823910291064,52.283817252239395,7.69931188972919,52.28485754755913,Emslandstraße
7.5311205868376625,52.18508231399745,7.532582813550897,52.18598108596517,Hanfelde
7.62097712416784,52.10150183563453,7.622614872109465,52.10240866441359,Hansaviertel
7.668365225356982,52.317254852032846,7.669966370209071,52.31815384794257,Ludwigstraße
7.748915179313225,52.13265956940793,7.750375821016777,52.133558430555475,Kattenvenner Straße
7.940709758533842,52.33833003963044,7.942646736752696,52.33927236075167,Alte Schule
7.71168068463458,52.115214565433206,7.714234424965405,52.1167422343282,Kisker
7.932426455516821,52.337895355984806,7.933893944767985,52.33879424397921,Kampbreede
7.47257074043163,52.358946939319786,7.474038659976317,52.35984566064262,Bahnhof
7.852757273909964,52.274601085219345,7.854266731522044,52.27547731449704,Rabenstraße
7.767272681018388,52.30868517976612,7.768739119309953,52.30958402019737,Friedhof Bergstraße
7.643408717047215,52.29885773090212,7.646340973746267,52.300498967985874,Am Ring
7.929583637349495,52.39332226064069,7.931052962936947,52.39422113932335,Grundschule
7.423995350226397,52.323121446904395,7.4254620501936826,52.32402015305778,Wittenweg
7.729497601617509,52.25767434106772,7.731134687794187,52.25885165892929,Fordweg
7.52985017840963,52.17545925457098,7.5329391296942605,52.17785903862179,Emsdetten
7.731591122862916,52.27646148341179,7.73305647747432,52.277360316551565,Mühlengrube
7.895445955086039,52.159172168076736,7.897130044612671,52.16017463164336,Höster Straße
7.413352966895545,52.29050655771327,7.415847763010068,52.29170035170097,Randelbachweg
7.842843896348334,52.28230446537853,7.844309503959425,52.28320333458522,Grundschule Handarpe
7.535280418713443,52.20134021440687,7.536743181674363,52.202238985555745,Dirting
7.6346371429737365,52.17086736472756,7.637095870505848,52.174047091249456,Lindenstraße
7.416250088948213,52.28165397600349,7.4178382134274,52.282595823543325,Hünenborgstraße
7.453095157857805,52.35134241145988,7.45454054580638,52.352304387582386,Rheiner Straße
7.83247307754729,52.274054490160886,7.8343545334320055,52.27535981015996,Schulte
7.4018703261034196,52.20975584303785,7.40333327431989,52.210654556924204,Betreuungszentrum
7.374358256755851,52.36608786107481,7.375826343678483,52.36698653888716,Tewes
7.752381654473498,52.315486163924994,7.753985146371147,52.31672173515364,Beermann
7.561786267260279,52.132240279384106,7.56333383741166,52.133134719625474,Abzweig Bahnhof
7.440801658639175,52.2958301242832,7.442405937503198,52.296751074905075,Adalbertstraße
7.589633852232789,52.29498167090718,7.594140771559405,52.296308205059155,Hörstel
7.7747401862203995,52.324811440758154,7.776730426019329,52.32619845967288,Freibad
7.655772339587405,52.27708782195726,7.6583311607024305,52.27836557577137,Haus Gräser
7.993819174428573,52.37265972940865,7.996302207674739,52.3744115713403,Ziegelei
7.779129420597499,52.334233548817295,7.7807713766322,52.33518415055989,Strooteweg
7.751459579572194,52.227359506173364,7.753223417139655,52.22833689277736,Bahnhof
7.528330346328255,52.17185297925672,7.529796251494116,52.172904720694675,Gesundheitszentrum
7.635400271837071,52.47418441587756,7.636872128529742,52.4750831840855,"Settrup, Abzweig Emskamp"
7.3896419759747145,52.219161046445244,7.391105224452053,52.22005975351676,Gerhart-Hauptmann-Straße
7.793354660114391,52.46016158699265,7.794826140209713,52.46106041297097,Friemerding
7.544098446376679,52.393324927333836,7.545567554012912,52.39422367262884,Schniedergers
7.556986359508608,52.118986208026385,7.559278733113775,52.12037689173141,Erich-Kästner-Grundschule
7.783061594258774,52.34390207981187,7.784529206065994,52.34480092015169,Rottmann
7.555403807924635,52.402686868504404,7.557712101253215,52.40370843267402,
7.679880647479381,52.2758753925341,7.6813459528715935,52.27677420742911,Erlengrund
7.975111150415944,52.33155674938364,7.9765784498573735,52.33245565058051,Jägerstraße
7.835129597575994,52.19543313791871,7.837550398010199,52.196404562720865,Feldweg
7.793088196878099,52.26487377209962,7.794553203442586,52.26577262786396,"Laggenbeck, Abzw. Eisenerzweg"
7.981974667616903,52.35458355018523,7.983442732654932,52.35548244977894,Hullerweg
7.762252167062379,52.34588988346212,7.763719833267975,52.34678871650138,Espeler Weg
7.724494126413304,52.26857341057853,7.726534471878908,52.26974178876437,Ledder Straße 63
7.326556508192599,52.20763554917705,7.32802510040381,52.209057050752975,Schulzentrum
7.935991682786067,52.217571074897336,7.937519717396691,52.21870002458622,Lotter Weg
7.648140022398646,52.118402184427204,7.650742974244318,52.11959901249786,Siedlung Schürmann
7.525533078199428,52.28299802262069,7.526998522192727,52.283896777341916,Im Lied
7.531202733514172,52.18833171422981,7.532665066874437,52.18923048573281,Kleine Schweiz
7.844185984605055,52.19791895870406,7.845648815700919,52.19881784125963,Helios-Klinik
7.837217692326513,52.30686696815232,7.8386841079831635,52.30776583181139,Hülskrappenweg
7.598123902933277,52.22542640391319,7.599587497438388,52.22632519604968,Lager Damm
7.469717597410853,52.25762784747687,7.471199197473864,52.25887105245051,Am Goldhügel
7.906503039738098,52.280556233674616,7.908141964499706,52.28158986635084,
7.7692400553992105,52.47882699244399,7.770712144931712,52.47972580751956,Engelern Prinz
7.717483522817816,52.292123006188746,7.718943974939761,52.293095993379715,Schürfweg
7.439720127628932,52.26809992576026,7.441701173616069,52.269232473683644,Melkeplatz
7.316545376920511,52.21193878156931,7.318937550627255,52.21303396360575,Busbahnhof
7.640165507614842,52.17240685148391,7.642121984811085,52.17337364911518,Eschgarten
7.807892050085715,52.224947966610266,7.809355750230337,52.22584683335332,Waldfreibad
7.788438595644535,52.281330498030556,7.791078291376604,52.28245070398041,Goldhügel
7.621564096759721,52.32845470733542,7.623031103607824,52.329353492627554,Ostenwalder Straße
7.847241492994441,52.1897997322899,7.848965205577341,52.19079946717423,Abzweig Altstadt
7.757090483318723,52.320817782420825,7.758557317012549,52.32171661754264,Schule Lage
7.58537047823433,52.15771383820911,7.586840222645605,52.158717361735185,Wallbaum
7.571978998985083,52.131494201613776,7.573483001249847,52.13258239793322,Abzweig Jägerhaus
7.4289645955067325,52.42159887095132,7.431291382661398,52.423443730121136,Hermes
7.64650959674622,52.24752831478604,7.64878309187127,52.24858118658596,Kirche
7.379377706979587,52.25048573481131,7.381336198419429,52.25143376565145,Salzbergener Straße
7.845331552215854,52.25567245454346,7.84684754534972,52.256607145354664,Am Stollen
7.790315411070899,52.42624430533911,7.7925116865781385,52.42717769493669,ehm. Telefonzelle
7.585286108709763,52.375767781366456,7.587095895806726,52.37669471887954,Breischen
7.614010526896049,52.26488293897479,7.617000457403998,52.26673396089705,Kreisverkehr
7.365929769056808,52.232270752718186,7.367393431376553,52.233169447243725,Mühlendamm-Treffpunkt
7.624831921345282,52.248119000570924,7.626296279019764,52.24901779939204,Abzweig Eschweg
7.789394873241908,52.26029967236091,7.790859727079673,52.26119852760264,Freibad
7.5511790045135365,52.162388481844694,7.552647094429592,52.16337601793419,Am Wasserturm
7.693472343608945,52.34848869564532,7.694940056739818,52.34938750431791,Kirche
7.603817541737688,52.38415718050484,7.605663470004944,52.38546371979403,Rüschendorfer Straße
7.620332100290945,52.092547955108074,7.622074301752923,52.09354804414051,Robert-Koch-Straße
7.616560996907117,52.10129333174126,7.618196305433886,52.10230556824964,Montargisstr. 21
7.4324527235669935,52.19097583496868,7.43391507684779,52.191874564993505,Rote Erde/Tierheim
7.611329851225826,52.09178647583828,7.613749558459075,52.09283002554489,Adlerapotheke
7.742416477546437,52.31536568451651,7.743883122788646,52.31626451544691,Abzweig Nießings Kamp
7.821677596519894,52.16941780255419,7.824715001435155,52.17088546915289,Erpenbecker Straße
7.52509633824546,52.17844262926052,7.527344880478399,52.180061695851236,Martinum
7.720037265472937,52.26296858235558,7.7215829347094935,52.264116316876645,Tecklenburger Damm
7.523449752994089,52.280956084022726,7.525640449949483,52.28206461391814,Bahnübergang
7.941700252175906,52.22188787375817,7.943410350646685,52.22280052634594,Kleiner Markt
7.870172162545693,52.314210063540344,7.871638837755331,52.315108936423464,Einkaufszentrum
7.749763406408789,52.3678676872711,7.7512317939253075,52.368766512692346,Goeke
7.427606409262201,52.27035638026149,7.429109097626771,52.27134371944033,Im Sundern
7.444850805323903,52.29472654160027,7.447500990572618,52.29614545689113,Ludgeruskirche
7.8657827532006745,52.18223830892865,7.868224737377737,52.18373149089445,Schulzentrum
7.3909249775407435,52.21856346675746,7.392426723234772,52.21965663301353,Kantstraße
7.547113223751037,52.13365770685709,7.548573776632205,52.13455649310557,Eichendorffweg
7.382756565305917,52.23820754942556,7.384220435123125,52.239106250536416,Kreyenburg
7.788495516130585,52.26327266651692,7.789985392632179,52.2643010330709,Mitte
7.513613346817949,52.16467550911318,7.515234255781807,52.165580690912385,Matthias-Claudius-Straße
7.411915505492463,52.283700146506085,7.413380894929906,52.28459885345605,Königseschstraße
7.791452087538805,52.22434727516712,7.793975000294501,52.22594322490842,Bücker
7.396623790159617,52.21814544483069,7.3980870102652805,52.21904415513134,Kleiststraße / Lessingstraße
7.677773281419291,52.272681466144974,7.6799154256082005,52.273980376526225,Abzweig Meisenweg
7.706624396129489,52.25424398609131,7.708089004213966,52.25514281387194,Trüsseldiek
7.837390716219045,52.417784660613776,7.8390279781870715,52.419149437160975,Kirche
7.5112543347450345,52.15948319014264,7.512810165908767,52.160430009711966,Sternbusch
7.660662322532527,52.36830603013996,7.662313381469721,52.36924076885839,Dicke Eiche
7.651225460464345,52.335560519723806,7.653492432426926,52.33702758578904,Heeger
7.448135996344932,52.356080144253745,7.449603804069471,52.356978855708554,Grundschule
7.533281398290321,52.17907666579463,7.535039507321051,52.180001934416914,Polizei
7.736098886265387,52.45954459663242,7.737570314074086,52.46044340333102,Gohmann
7.551970042828747,52.11435657933317,7.553480152312676,52.11523662046739,Schwalbenweg
7.597881038886287,52.089107659511505,7.600440896824363,52.09153563449284,Greven
7.63615084064449,52.15485767827841,7.6380209615671655,52.1559711214842,Andruper Weg
7.375822721082042,52.25319955211255,7.377287079349196,52.2540982478494,Backhaus Triffterer
7.679000611297328,52.2877961422678,7.681046800184737,52.289185658141115,Schmitz Küchen
7.554468721184306,52.15811490727097,7.55593007919751,52.15901369269171,Sportlerklause
7.695349174384935,52.29607089273996,7.697416725652264,52.297210906211966,Am Luftschacht
7.684402415533583,52.27166689139571,7.685867584816108,52.27256570856748,Abzweig Schelderdiekstraße
7.538442900787512,52.357572221701595,7.540244194061847,52.3585016785598,Südhoff
7.61425380799039,52.158307901297505,7.615801792635644,52.15925789866126,Up'm Mersk
7.717847115194289,52.28332443450233,7.719671082249875,52.28442706533048,Waldfrieden
7.516153295128441,52.166574815606594,7.5176149052636765,52.16747358435594,Mölljans
7.6178940071408805,52.12691845969177,7.619740804679305,52.128238040621426,Pentrup
7.850985950488681,52.17594085331949,7.8552134717896,52.17735510053402,Badeanstalt
7.756470715949525,52.48140329480448,7.75794288438488,52.482302105159,Engelern Alte Schule
7.601073651435604,52.38311607818639,7.603286704551471,52.38454374392357,Schulzentrum
7.912890409125008,52.25619795261434,7.914355191163702,52.25709684734959,Hagenbergstraße
7.848102597766694,52.324517767777614,7.849569602540383,52.32541663218615,"Westerbeck, Gaststätte Brockmann"
7.476747251828243,52.38229964023285,7.478215948579115,52.38319835972956,Räkers
7.626759021425519,52.329826427822574,7.628355776359115,52.33081347216412,Wieter
