min_x,min_y,max_x,max_y,name
16.299170646611007,48.119633753031586,16.300556348997226,48.12051054670999,Brunn am Gebirge Radetzkystraße
16.28593685269604,48.22388168491638,16.287557946103476,48.22489731449073,Eselstiege
16.44672522846652,48.151688761228435,16.451106204610586,48.15342576049488,Zentralfriedhof 3. Tor
16.375575212699474,48.21108887754692,16.380110089058636,48.21391690222155,Schwedenplatz
16.168432811017873,48.201767676162696,16.170807241004862,48.20357051396292,Purkersdorf Hellbrücke
16.30290589072878,48.165274460223145,16.3042952048727,48.16615193952409,Marschallplatz
16.56739664521147,48.006142462546414,16.56901596714236,48.007571537699796,Pischelsdorf Ortsmitte
16.25445573291308,48.096241768573364,16.255799365897833,48.0972120311946,Gießhübl Hochleitengasse
16.355656157510055,48.08534261785079,16.357880143309526,48.086263682231206,Biedermannsdorf Siegfried-Marcus-Straße
16.461067623545237,48.12412392674582,16.462712440880935,48.12552848798172,Rannersdorf Kindergarten
16.408147198086965,48.10672823771165,16.409620398042698,48.107628562239825,Leopoldsdorf Lutzstraße
16.279743241777727,48.10093245940352,16.281521955111053,48.102294297263086,Brunn am Gebirge Dreihäusergasse
16.3443675681905,48.25527848484193,16.345714431519944,48.25617791512056,Grinzing/Sandgasse Wine Village
16.48830986076962,48.02918189505005,16.48965073891347,48.03008130491191,Gramatneusiedl Schulen
16.285684651919606,47.987205632265216,16.28709245294444,47.98820936761961,Tribuswinkel Manfred-Hirschhofer-Gasse
16.118078781189183,48.15339562769961,16.11951321597591,48.15467727200433,Wolfsgraben Forsthausstraße
16.278833695050235,48.19976397250466,16.280249700779134,48.20064502647774,Tinterstraße
16.369400721983254,48.205957585627914,16.37074627772253,48.20685701433448,Plankengasse
16.404620937114522,48.25132529589911,16.405967662583027,48.2522247040632,Scheffelstraße
16.39273442687,48.213723490661735,16.394080172830666,48.214622909300566,Vivariumstraße
16.292772883773175,48.22359091728018,16.29412411561832,48.22457658267264,Jenschikweg
16.469700123819095,48.168308880564325,16.471438752607234,48.1697105360148,Landwehrstraße
16.26841825453154,48.23723748776911,16.269833248414013,48.23814361169098,Hanslteich
16.32333422290962,48.17984230020523,16.325258979717514,48.180784900097215,Aichholzgasse
16.38166095330087,48.145028265670454,16.387440190546712,48.1474171774914,Neulaa
16.17610056542267,48.1119477926917,16.17929873739236,48.112932407880926,Kaltenleutgeben Langenbergstraße
16.315800404728964,48.23290951983538,16.31713989396305,48.23382288004692,Eckpergasse
16.32552795044953,48.17654796582605,16.327635509588486,48.178799046451175,Ruckergasse
16.21780718373438,48.005937516262286,16.220037020767215,48.00692978444087,Baden Strandbad
16.48293125541731,48.214514166999,16.484568547510857,48.21543723316123,Heustadelgasse Schule
16.475890608193275,47.99846267403461,16.477314487484463,47.99935072580301,Mitterndorf an der Fischa Brunnwiesengasse
16.313155794681453,48.1261374140943,16.315178902290445,48.12708668633917,Nowakgasse
16.323478341714114,48.20950719662337,16.326987891971207,48.21144157772609,Feßtgasse
16.2948911653444,48.012631575173565,16.296342333829656,48.01358752461954,Traiskirchen Hauptplatz
16.356639781409143,48.19598203283078,16.359745526105065,48.19762847577824,Kettenbrückengasse
16.275512140926843,48.178956025937985,16.276944458160855,48.180101173045756,Veitingergasse
16.393130821967436,48.20487210805135,16.3968491343674,48.20685633644445,Löwengasse
16.44775416656737,48.24801153730777,16.450794754506894,48.24920385174453,Kraygasse
16.272899679434254,48.25264141600605,16.274469719392958,48.25363838351614,Obere Waldandacht
16.35395259844256,48.22726320361526,16.35575035461089,48.22893827489922,Canisiusgasse
16.430065582648695,48.16477651124643,16.43258372791709,48.16644341738158,Florian-Hedorfer-Straße
16.288693780065714,48.07337922430377,16.290648906272835,48.07441433947292,B
16.199063676668658,47.865407544057256,16.200527800099337,47.86637515492784,Steinabrückl Kapellenweg
16.297771485737854,48.07631003709783,16.299649997895145,48.07747797306018,Mödling Griesgasse
16.46933436336994,48.203391891627604,16.470854966245124,48.20441277574242,Korbweidenweg
16.468334557137037,48.14477752630041,16.470042801852294,48.14591168137456,Schwechat Brauerei
16.26424042888015,48.12345478860793,16.267328437302385,48.124950826957054,Perchtoldsdorf Freizeitzentrum
16.397541164452832,48.19989856775059,16.39897643793812,48.20087483222979,Apostelgasse
16.474195564094313,48.22488021763238,16.475565332116798,48.22610748230127,Lavaterstraße
16.26919872493939,48.20365976730084,16.270544274787927,48.204559232661865,An der Niederhaid
16.30073895127157,48.26342204631639,16.302077453432215,48.264357253391445,Jägerhaus
16.45411698773086,48.097580213521226,16.455550894565093,48.09875422195697,Pellendorf bei Himberg Kindergarten
16.280192618086815,48.18148066748098,16.281537581638457,48.1823801324817,Schrutkagasse
16.20144062989014,47.85505352838709,16.202777169856162,47.8559530715758,Feuerwerksanstalt Neubaugasse
16.243755744202538,48.21695506395754,16.24510165553007,48.217854536005234,Haspelmeistergasse
16.15681993844302,48.0778869386976,16.158162261309975,48.07878646126537,Sittendorf Dornbacher Straße
16.292981099812884,48.14487176686133,16.29432509991015,48.1457712331013,Knotzenbachgasse
16.40230667767971,48.03362687833726,16.403647722021592,48.034526321625,Münchendorf Birkensee
16.300994026560225,48.18125397114838,16.302338973160584,48.18215342881424,Elefantenhaus
16.33424273055022,48.21411883549662,16.3371179616659,48.215309462431215,Yppengasse
16.470710255216442,48.21370783906454,16.472067145716423,48.21471616065987,Seidelbastgasse
16.261707692456767,48.24516079658527,16.263382811227935,48.246092003642616,Rohrerhüttenweg
16.452820318769046,48.15999764158311,16.45444109667299,48.160949099665295,Klebindergraben
16.584490519599782,48.12220883645387,16.5884562883189,48.1234525625388,
16.28251023073889,48.225546942906625,16.284083462844748,48.226469057200674,Heuberg
16.247840612029304,48.09700845522524,16.24918338770403,48.09790794473755,Gießhübl Johannesgasse
16.398102686618156,47.97107577260866,16.399442113084966,47.97197522735362,Ebreichsdorf Schloßallee
16.221636769788123,48.20694235942751,16.22298242994936,48.20784184053533,Albert-Schweitzer-Gasse
16.461885387023955,48.17492572182277,16.463511408494593,48.176035585465144,11. Haidequerstraße
16.272974350789678,48.081686791173894,16.274477351524624,48.08263510825256,Mödling Mühlgasse
16.38507068839436,47.90946391571071,16.386395109031813,47.910434783566465,Pottendorf Kirchenplatz
16.376840852373206,48.220686209919506,16.378457895377576,48.221764303476824,Malzgasse
16.35239627655976,48.19667645085911,16.35471366321292,48.19803773243229,Haus des Meeres
16.36576071302252,48.1583197637617,16.367417990630116,48.15924903644999,Sibeliusstraße
16.471031822316206,48.235278716239606,16.473046982881673,48.236455925801096,Blumengärten Hirschstetten
16.330602946809723,48.18948447422612,16.332693721405054,48.19069118235335,Henriettenplatz
16.41235339929201,48.17113657012316,16.415328529554703,48.17247792878168,Lorystraße
16.34640552428668,48.167406726140584,16.350590098270775,48.169672059393946,Clemens-Holzmeister-Straße
16.36685987699709,48.197248026757414,16.368711283501522,48.199782182267555,Resselgasse
16.392149403838275,48.26498747302603,16.394230676680642,48.2669080724758,Koloniestraße
16.413088972538667,48.27371385606387,16.41629296378435,48.277086827603114,Skraupstraße
16.305088701516052,47.954975550767934,16.30755347186807,47.95677709138666,Tattendorf
16.460268380648426,48.19693227888033,16.461619821062627,48.19799312106512,Dampfkraftwerk
16.38327017033232,48.18300718643627,16.38513402303361,48.18420950835396,Arsenal
16.42729894118616,48.26195272329663,16.429626967517233,48.26303017809242,Serpentingasse
16.44327478160854,48.1963723614211,16.445659147156636,48.197495281585724,Aspernallee Schule
16.08707838044934,48.18404695241766,16.08847232448676,48.1850358474209,Pressbaum Fröscherstraße
16.366735814882798,48.21257831210301,16.368460981421705,48.21356198633733,Renngasse
16.165466983942284,47.933138357370986,16.166905447927807,47.934118214274804,Hirtenberg St.-Veiter-Straße
16.403231082812393,48.249852729556814,16.405142916916876,48.25099816963947,Morelligasse
16.45662552943672,48.21681556096336,16.458269579784833,48.21810353925767,Wohnpark Lobau
16.218648086335318,47.92091673642956,16.21998631340651,47.921816263533266,Leobersdorf Franz-Schubert-Gasse
16.39648082643604,48.19856749018759,16.39782617326405,48.1994669097747,Hainburger Straße
16.478320118668524,48.13729708410213,16.47987888237649,48.13820511592625,Schwechat Franz Schubert-Straße
16.207252098074164,48.13757293585988,16.209085204900067,48.138602362637286,Breitenfurt St. Bernadette
16.40971381414316,48.17879605864981,16.413432028236926,48.18181447634891,Zippererstraße
16.08702183272531,48.05681313796533,16.088344473220587,48.057777461639596,Alland Fichtengasse
16.22383993170466,47.9484000851479,16.225217741569196,47.949341947368865,Kottingbrunn Wr.Neustädter Straße 22
16.418278907250766,48.164521860174695,16.419817581991225,48.16555225917988,Friedjunggasse
16.052091647000914,48.0452995611861,16.053760853620705,48.04620753883334,Alland Abzweigung Reha-Zentrum
16.096435633052867,48.12808729832623,16.098017777874116,48.12942120181744,Großhöniggraben Ampfergraben
16.316050794805918,48.067195131412724,16.317403500783634,48.06806246824762,Neu-Guntramsdorf Ozeanstraße
16.362658485688403,48.181925151419264,16.366092383006887,48.183929558353114,Kliebergasse
16.16886590727903,48.19271186738773,16.170366889547374,48.19374043262422,Purkersdorf Robert-Hohenwarter-Gasse
16.2535921804144,48.17618606243862,16.254937019316635,48.17708553752413,Sankt Veiter Tor
16.251404176592384,48.20699976448484,16.25274982313871,48.207899235477925,Uranusweg
16.340981762295286,48.2333718211494,16.342602446025023,48.234384479346694,Cottagegasse
16.10258790814433,47.94809082007471,16.10392689162175,47.94899037988842,Berndorf Gymnasium
16.06310586828006,48.067195486802895,16.064612129138823,48.068143012506994,Alland Gewerbestraße
16.40479813289321,48.15236628815466,16.40614226680579,48.153265711807606,Hederichgasse
16.425793966680008,48.25715810047038,16.427140833012892,48.25805749949184,Satzingerweg
16.300555966175217,48.146764719766395,16.302651430273638,48.14783153213183,Josef-Österreicher-Gasse
16.433619794543027,48.155945194050666,16.434964005149755,48.156844605911516,Tor 1
16.343664406344214,48.08286675898646,16.346954482958157,48.084051443503235,Biedermannsdorf Gemeindeamt
16.439201047249018,48.192892571206414,16.440764650156655,48.19385822797096,"Lusthaus, Aspernallee"
16.410561203931607,48.17299521484316,16.417839310921888,48.1764395954375,"Enkplatz, Grillgasse"
16.274633336243916,48.20290486819037,16.27597886348225,48.20380433177231,Niederpointenstraße
16.37506554255833,48.1504682457059,16.377079256829354,48.15165815335656,Selma-Lagerlöf-Gasse
16.466942842076314,48.23201681880272,16.471154456110504,48.23376745390268,Wien Hirschstetten
16.338353055982722,48.2457091209024,16.339701242387378,48.24669537869402,Sauerburggasse
16.309804456107248,48.148715008024865,16.312032653858488,48.15029119215933,Mühlbreiten
16.28486518063366,48.19409074365351,16.287575441980795,48.19546047016656,Zehetnergasse
16.39913206020078,48.18453504694078,16.400720415718876,48.185528537361165,Hofmannsthalgasse
16.360348659645556,48.14721156738271,16.363071660586876,48.14867302532515,Oberlaaer Straße
16.554635559447732,48.06010918592468,16.555923744980863,48.0609980136662,Wienerherberg Kleinfeldgasse
16.302542972971857,48.17022394295848,16.305978941765535,48.17154546036428,Am Fasangarten
16.348195475275162,48.22364104408804,16.35039519984102,48.22681901571728,Währinger Straße-Volksoper
16.340949482515924,48.26934008531705,16.342296717195055,48.270239514645446,Mayer am Nussberg
16.399776828971344,47.96841877148162,16.401545577223903,47.96953591967873,Ebreichsdorf Georg-Drasche-Siedlung
16.300885988733363,48.19741463923188,16.3039236794041,48.1989174530405,Leyserstraße
16.142005201767542,47.93871892284884,16.14405086171165,47.9397202914041,St. Veit an der Triesting Johannesgasse
16.37538680837537,48.219685504836455,16.376902282180527,48.2209075951098,Leopoldsgasse
16.225017683198782,47.944532439356415,16.22635651654139,47.94543196060641,Kottingbrunn Volksschule
16.070671179376305,47.97302566026708,16.072602117098352,47.97427263947208,Fahrafeld Hainfelder Straße 21/28
16.256534103228734,47.87271862066205,16.258939591640793,47.873727180288896,Siedlung Maria Theresia Gartengasse
16.406595687501532,48.13657698755361,16.407943111910043,48.137551112404246,Johann-Friedl-Gasse
16.383407521877114,48.21405525731819,16.387049790508033,48.216872516859105,Nestroyplatz
16.339921668399548,48.143021756299916,16.342292841402937,48.14492321535126,Traviatagasse
16.286759338401033,48.14569166989159,16.29005201658846,48.148674379466925,Bahnhof Atzgersdorf
16.516210320092867,48.20178561437418,16.517555679581488,48.20268498558771,Kaposigasse
16.315853684300134,48.20306225670503,16.317462950868514,48.204375828366246,Auf der Schmelz
16.170323314661438,47.91170790529927,16.171830780448516,47.91261469469919,Lindabrunn Ortsmitte
16.307570665461284,48.1666564153161,16.310664726354688,48.16815458571844,Schloss Hetzendorf
16.40943722944892,47.9634383693322,16.41202106938934,47.964360630933314,Ebreichsdorf Betriebsstraße
16.37521667336881,48.23812491543539,16.378442965190036,48.240654735316525,Höchstädtplatz
16.347506907263536,48.20094698147968,16.350457582823786,48.20267434308812,Siebensterngasse
16.425211841924398,48.175707778715804,16.42676166589955,48.1767416514705,Wachthausgasse
16.48574396427615,48.2049625095568,16.48745181047508,48.20594612557885,Lobaugasse
16.117422779142863,48.150791238280725,16.118767020617664,48.15169076168239,Wolfsgraben Drei-Berge-Straße
16.30446683131927,48.156268100170415,16.306454656272013,48.15778227686793,Gregorygasse
16.332535364037827,48.148620108891365,16.335889190154717,48.150665720861944,Purkytgasse
16.253685768800818,48.21799330183482,16.25504522471002,48.21899689778651,Elsbeergasse
16.48249904212834,48.21614678913572,16.4838678649961,48.217621810772314,Asperner Heldenplatz
16.349790441765347,48.169631314560846,16.352804472553178,48.17126491162408,Windtenstraße
16.22717837348957,48.21439926094514,16.228524226246627,48.2152987390177,Ferdinand-Frey-Weg
16.139048522407673,48.140200240797554,16.14039247734835,48.14109975916552,Breitenfurt Anzengrubergasse
16.334678651533277,48.21058887506496,16.33724981475874,48.21159663142474,Brunnenmarkt
16.41696296909264,48.161241375168466,16.419157601554975,48.16412309365223,Am Kanal/Hasenleitengasse
16.396774998586785,48.22884667226916,16.398234101812402,48.22981662765054,Pensionsversicherungsanstalt
16.349579159425655,48.11574125388079,16.351459736109714,48.116990146057915,Vösendorf Badgasse
16.292328514960722,48.08230466182545,16.293670884763312,48.08320413813719,Mödling Eisentorgasse
16.25778140709486,48.13191690183137,16.259150092421848,48.13296639783822,Hochstraße
16.450195074536722,48.142533996276875,16.45153892515271,48.14343340368525,Gruppe 147
16.396535367198098,48.146024894292324,16.398156428961986,48.14713630576268,Bergtaidingweg
16.449682309030965,48.212833137549744,16.45179219135049,48.21374406244983,Franz-Pletersky-Weg
16.60276013764405,48.04677382211742,16.60422875855114,48.0476737778297,Margarethen am Moos Hauptplatz
16.497200428755942,48.172978491272524,16.498521976303962,48.17391100837628,Finsterbuschstraße Nord
16.38552582838932,48.1666738613168,16.388216165311086,48.1682648376484,Absbergbrücke
16.393004845483723,48.22125671995015,16.394821982674298,48.22229679089175,Joseph-Roth-Gasse
16.39699203634452,47.91297420054827,16.398846467844766,47.91421719932949,Pottendorf Neustiftgasse
16.44509034199462,48.20759273668002,16.446678161184888,48.208510963444006,Kleehäufel
16.4938288286054,48.17767850785586,16.495173571074144,48.17857789210611,Zentraltanklager
16.363662981757876,48.20869846957246,16.366564352102294,48.21108837340736,Herrengasse
16.495077100147178,48.02095549910749,16.496874589276395,48.02237010127808,Gramatneusiedl Marienthal
16.31693886194184,48.124551576985596,16.320963423686937,48.12725029950272,Vösendorf-Siebenhirten
16.330959447543055,48.06170034205149,16.33230475583785,48.06262155776706,IZ NÖ-Süd Straße 15/WALTER BUSINESS-PARK Objekt 77
16.351628011451126,48.14030498941681,16.353227207331525,48.14145479917514,Tenschertstraße
16.09716674204168,48.04479285793328,16.098524163232284,48.04576514180763,Mayerling Altes Jagdschloss
16.455345181181958,48.18701342168025,16.45687812171672,48.18795687752724,Hellingstraße
16.17482946458578,48.03745120675781,16.176519830326626,48.03839289355091,Siegenfeld Kirchenplatz
16.10471577980468,48.163833171843365,16.10613482315545,48.16480552811234,Wolfsgraben Besenkopf
16.475407883719043,48.139649771061016,16.47850003920024,48.141922251159876,Schwechat B10/Rathausplatz
16.5028410468592,48.2082719918077,16.50429056638282,48.21025510799069,Mühlau
16.426392794700764,47.9633461774849,16.427732004996482,47.96424562247729,Unterwaltersdorf Mattäus-Mayer-Gasse
16.456309589345103,48.219326981082,16.46000331360076,48.222069488055354,Hardeggasse
16.23536910722648,48.21198246213958,16.236714892507994,48.21288193782323,Glossystraße
16.275629235634252,48.196049624070156,16.278236047237986,48.19755320823341,"Linzer Straße, Hochsatzengasse"
16.39770749966202,48.24570778629579,16.399846815866375,48.24727688802148,Sandrockgasse
16.24957965002332,48.01182754209323,16.25158477517606,48.012976583363994,Baden Goethegasse
16.305292560213683,48.147569797484955,16.308024574277468,48.1496628006157,Schloss Alterlaa
16.389358064612317,48.16409233155625,16.39184143079216,48.16555906744594,Urselbrunnengasse
16.39903769364546,48.15745877553315,16.400540007974907,48.158419424064334,Langsulzgasse
16.336266532736783,48.15090327514685,16.337610666976904,48.15180272481563,Triester Straße/Anton-Baumgartner-Straße
16.21664405085253,48.24642316169534,16.21799074888551,48.24732263826752,Hainbachgasse
16.151888383965428,47.9371554255197,16.153407338622667,47.93814490462754,St. Veit an der Triesting Hauptstraße/Bahngasse
16.345013057115633,48.187476079631715,16.346358142595655,48.18837552033075,Mauthausgasse
16.4730599017827,48.15629090194565,16.47440409790163,48.15719029801638,Dreherstraße
16.328531612668357,48.175237375645295,16.329876387046635,48.17613682431722,Spittelbreitengasse
16.450749754153705,48.155421444252006,16.452320399125586,48.15649185389429,Zehngrafweg
16.31339588121332,48.162028271862276,16.314740318505105,48.162927728100286,Edmund-Reim-Gasse
16.368920454248663,48.22518443377284,16.371629750738567,48.22724966850673,Gaußplatz
16.310557074841853,48.21322988171254,16.312418248867658,48.21416801137613,Weinheimergasse
16.253767621752974,48.003973148925006,16.25510797798033,48.00487265103775,Baden Bezirkshauptmannschaft
16.248865435102577,48.00175425300537,16.25210772569541,48.002828697191276,Baden Augustinergasse
16.225021673359745,48.09953445155068,16.226364526378426,48.10043394841214,Gießhübl Föhrenberge
16.506507739142563,48.207737512829254,16.507853260533775,48.2086368871327,Leidlweg
16.34307976536927,48.24311072498387,16.34518293655461,48.24546118624076,Oberdöbling
16.319218856431245,48.1510827103648,16.32180446626168,48.15302224604538,Steinsee
16.393951758783807,48.20367919010504,16.395297240916747,48.20457860985726,Geusaugasse
16.404598484801475,48.202016708163946,16.406356480481158,48.203302277157725,Lukschgasse
16.37035510426334,48.21897769377767,16.37216106257121,48.220198408752864,Obere Donaustraße
16.098124783964636,48.16610489216888,16.099587953887582,48.167218279758444,Pressbaum Sattelberggasse
16.274939257277367,48.17208685705001,16.276936660276547,48.17379868715578,Versorgungsheimplatz
16.213353934288786,48.0024190522528,16.215159863122196,48.003590447528964,Baden Jägerhausgasse
16.396572102186884,48.176281975654355,16.398028331221152,48.17740934800217,Gräßlplatz
16.359458358664217,48.15783667101765,16.361178766503663,48.15907375540917,Wienerfeldgasse
16.39901375003612,47.942966970572044,16.400352449667235,47.94386642939026,Weigelsdorf Anton-Reiner-Straße
16.104902640172124,47.94115575279232,16.10635886078523,47.94211104699176,Berndorf Bachgasse
16.282971528000076,48.096642424447786,16.285234085004646,48.09832301949711,Maria Enzersdorf Franz-Josef-Straße
16.30092845845892,48.076007413013244,16.302273647105025,48.07697748668249,Mödling Bozner Gasse
16.353315284329724,48.11353994971115,16.355702496565563,48.11536967549753,Vösendorf Spitz
16.454474910344466,48.1404031795071,16.456167306004783,48.14144917970376,Ailecgasse
16.439067531633867,48.17576723314943,16.440629379596814,48.17677882272926,Oriongasse
16.287744265626657,48.18663678557209,16.29019231161429,48.187618958329004,Fichtnergasse
16.22181546118608,47.94533731155926,16.22339811245075,47.9464542928822,Kottingbrunn Friedhof
16.391570265278265,48.13913865411926,16.39286673984944,48.14005164544477,Grundäckergasse
16.29062718464259,48.174940720671415,16.29268845999079,48.17605842433187,"Küniglberg, ORF-Zentrum"
16.233971441730677,48.08034241034585,16.236417861660232,48.08132279024184,Hinterbrühl Höldrichsmühle
16.29274079315795,47.914495362213394,16.294117309237894,47.91543423771815,Blumau Bahnhofstraße
16.402858682285217,48.02557447781018,16.404199517416092,48.02647392215211,Münchendorf Großer Gemeindesee
16.418263836350846,48.22888676486192,16.419924093015418,48.23001512706142,Goethehof
16.264068993002628,48.18385580476312,16.265657206862,48.18475569522355,Angermayrgasse
16.289836418326104,48.08593724114341,16.291535011669,48.087458186648234,Mödling Hauptstraße
16.390217056432224,48.196139188798725,16.391562343269243,48.19703861116359,Klinik Landstraße
16.267443502625436,48.145983072566324,16.269162791860335,48.14815125770004,Maurer Lange Gasse
16.460527336206063,48.24343462541452,16.462065763702316,48.24433437453613,Hilde-Hannak-Gasse
16.127980617218626,48.1666134298266,16.129637077860973,48.167547770420335,Wolfsgraben Liesinger Straße
16.37686656248667,48.21662119975988,16.37831374465289,48.21771510013526,Tandelmarktgasse
16.160163026180474,48.13486983006529,16.161989774195987,48.13577716993498,Breitenfurt An der Breiten Furt
16.36181612059826,48.178468637319384,16.364153470388526,48.1795062987916,Sonnleithnergasse
16.324384822877704,48.197309096484354,16.325998220907334,48.198489461756026,Huglgasse
16.160889860600374,47.951495958622495,16.1624234399252,47.9525097412199,Großau St. Veiter Straße
16.21233257300477,47.96687509318101,16.214207426134426,47.96802210253258,Bad Vöslau Thermalbad
16.207786002076645,47.96403098943865,16.2093907915572,47.96496301075359,Bad Vöslau Petzgasse
16.43482053477174,48.14523229344481,16.436164464920942,48.14613170651736,Kriegsgräber
16.187843640856673,48.239023156360496,16.18919015888766,48.239922643602455,Allerheiligenberg Schöffelstraße
16.361729059916296,48.259008058817365,16.36380177598577,48.26029594904248,"Nußdorf, Beethovengang"
16.316895573303302,48.047542863491124,16.31823702641598,48.04844233647144,Guntramsdorf Laxenburger Straße
16.30084464786603,47.956525053446796,16.30218375185792,47.95742454651578,Tattendorf Mühlgasse
16.386307006388243,48.247716644102674,16.389395379036905,48.249463421586405,Floridsdorfer Brücke
16.302512570629702,48.10896226573566,16.303855629091792,48.109861734226946,Brunn am Gebirge Industriestraße B West
16.32285997154782,48.250106857191895,16.324629988915426,48.25160995944649,Karthäuserstraße
16.385789057886235,48.26456049333275,16.387136141815166,48.265459906629594,Anton-Störck-Gasse
16.308848584036628,48.08501986498844,16.310191015683852,48.08591933497414,Wiener Neudorf Brauhausstraße
16.37115161170351,48.170799143054666,16.373482725312304,48.17376242176469,Arthaberplatz
16.205987213471502,48.24042445439575,16.207415585241908,48.241325645580844,Trollwiese
16.36791191076455,48.16809287021233,16.371137949707506,48.16988585196472,"Laxenburger Straße, Troststraße"
16.61399625402711,48.11002547618881,16.615496047484875,48.11093182383438,Fischamend Flugfeldstraße
16.45770398700443,48.12150666791093,16.45981076710299,48.122846759390534,Rannersdorf Baiergasse
16.255182311817563,47.993258315295364,16.256659388242195,47.9941588846688,Baden Haidhofstraße/B210
16.340764172727596,48.216032368459466,16.34358714482019,48.217838323196155,Alser Straße
16.449073611822264,48.158641979810334,16.4515607344229,48.16128124432983,Luzegasse
16.442085221366014,48.25375160830544,16.443437276372716,48.25483379164756,Anton-Sattler-Gasse
16.332614457669354,48.06641969941019,16.334033244572424,48.0673854005629,IZ NÖ-Süd Straße 7/WALTER BUSINESS-PARK
16.269826666019284,48.24338842777744,16.27120873710847,48.24433257211879,Exelbergstraße/Parkplatz
16.407311192281195,48.23481874622117,16.4094363326398,48.23704410711386,Wallenberggasse
16.38657855363804,48.20107338967664,16.388052212025563,48.20291006738226,Sechskrügelgasse
16.27686901330756,48.18050419000531,16.27850458290977,48.18143011018245,Tolstojgasse
16.379783293023912,48.03269816464465,16.381515607364147,48.03376823475376,Münchendorf Siedlerstraße
16.35479158452663,48.2403322216978,16.356227660116847,48.2420150457656,Pokornygasse
16.42004643317901,48.264435931902916,16.421727962228296,48.26537166836554,Ferdinand-Platzer-Gasse
16.439748983395187,48.1986006972621,16.442609674301394,48.20056078044723,Wien Praterkai
16.260712171330354,48.13134261059281,16.264175403149377,48.13477719704594,Rodaun
16.071277283189747,48.15960683177916,16.07279277378076,48.160973629828824,Pfalzau Ortsmitte
16.483783590232537,48.155838227342215,16.485271092964357,48.15689247070383,Alberner Straße
16.360716238429994,48.16999578064303,16.36265406481194,48.17098209352307,Holbeingasse
16.459726808402255,48.10636578197661,16.46118528760895,48.10726271794295,Zwölfaxing Brunnengasse
16.288053698519043,48.14178110386828,16.289467497938453,48.14275629604316,Steinergasse
16.31547478094817,48.22949628108585,16.3174180151729,48.230452719395714,Gersthofer Friedhof
16.370749461579873,48.151333581158006,16.372345038518205,48.152357718546966,Josef-Enslein-Platz
16.317509767542816,48.18431171205324,16.32080190472978,48.186792161909274,Schönbrunn
16.006498406781184,48.09676974439212,16.00831500628447,48.09830785611594,Klausen-Leopoldsdorf Abzweigung Kleinkrottenbach
16.455264411909646,48.24299356185227,16.45660988570036,48.24398643738828,Pogrelzstraße
16.31015754543668,48.16988572361731,16.312622622683048,48.17237182379576,Edelsinnstraße
16.42850219835312,47.917354118074535,16.429878200018145,47.91841678108585,Wimpassing an der Leitha Hauptstraße
16.40146724368761,47.9435130710866,16.402805956015204,47.944412528875674,Weigelsdorf Matthias-Sulzer-Straße
16.16782337448223,47.86503534533369,16.169408230036055,47.86595825482361,Wöllersdorf Hauptplatz
16.326109796255366,48.0695684070604,16.327454699485383,48.07079419288102,IZ NÖ-Süd Straße 6/Süd
16.294939373187592,48.150028027345975,16.29663971817164,48.15188087173797,"Atzgersdorf, Ziedlergasse"
16.1531888298534,48.223978349609276,16.154534969898567,48.22487785035377,Gablitz Schielegasse
16.32534325655765,48.238240258820504,16.326766552685026,48.239257229300826,Peter-Jordan-Straße
16.248581772596225,48.20724956402017,16.24992742713547,48.20814903594259,Merkurweg
16.25853578769795,48.01395443982906,16.259893506839475,48.01492985985525,Pfaffstätten Prechtlgasse
16.338084831706837,48.19261839535782,16.339755392104813,48.194092644381655,Mariahilfer Gürtel
16.34785133109465,48.20594150497881,16.352060396371016,48.207180790606714,Strozzigasse
16.45138909458334,48.228811113874364,16.455546379087217,48.23214620800209,Erzherzog-Karl-Straße
16.341400710920276,48.18224782120179,16.34339679239076,48.18345497086382,Wolfganggasse/Steinbauergasse
16.408568396538413,48.227762978128595,16.41305454491696,48.23021562288476,Donauinsel
16.12679990320277,48.19090623323171,16.130009068079755,48.192648960027825,Untertullnerbach
16.135961728589066,48.10252931715468,16.13739207484486,48.103422282765536,Sulz im Wienerwald Kirchengasse
16.337396914239676,48.18071001665413,16.339700830926994,48.18218320225938,Hans-Mandl-Berufsschule
16.406715570354848,47.9493089725542,16.408054429346773,47.950208427408036,Weigelsdorf Hauptstraße
16.302308428839417,48.0169669716509,16.304317423459793,48.01865352615283,Traiskirchen Aspangbahn
16.35375976098983,48.07148780763466,16.35520983532812,48.07239239144538,Laxenburg Wiener Straße
16.464583501280067,48.18232400372211,16.466377688612315,48.18371239663952,Freudenauer Hafenstraße
16.407173587656295,47.96346077375609,16.408512812045018,47.96436022620616,Ebreichsdorf Silogasse Süd
16.445262259278678,48.143590895379724,16.4466061404118,48.144490304582405,Gruppe 66
16.301988978806207,48.22310557461606,16.303335020913806,48.224005025346564,Karl-Metschl-Gasse
16.34359626136623,48.11827172696483,16.346034037257187,48.119618371396115,Vösendorf Dr.-Adolf-Schärf-Hof
16.457904965486012,48.01268458760438,16.459245434203787,48.01358401235769,Moosbrunn Parlamentgasse
16.411835897001072,47.955102274000545,16.413174902699385,47.95600172596166,Ebreichsdorf Gildenweg West
16.394073606086344,48.17561363219638,16.39570270953414,48.17669308569582,Hüttenbrennergasse
16.162319281774984,48.07555286465284,16.16376422188225,48.07644783528368,Sittendorf Feuerwehr
16.32405811937179,48.134891894814935,16.325757280013164,48.13630753581277,Schönbrunner Allee
16.300785258859737,48.0894555936955,16.302602137562307,48.09046970456047,Mödling Landespflegeheim
16.361995607410517,48.13270507030213,16.36371990334394,48.134098330043756,Halban-Kurz-Straße
16.264196836653586,48.10439479445729,16.26601608110745,48.105404381084,Brunn am Gebirge Föhrenwald
16.509890233727536,48.20823091356824,16.511235765948072,48.20913028639367,Arztgasse
16.394121625414986,48.19756799755795,16.395649647116446,48.19885944119294,Barichgasse
16.36072586825189,48.175930301535715,16.363246733504432,48.17690926372362,Bernhardtstalgasse
16.28049037797797,48.13714157853145,16.282717513819904,48.13880654490678,Schartlgasse
16.45405950209331,48.207489296784495,16.45551440384466,48.20897890293311,Zillbauerplatz
16.103977518712913,48.18442711955349,16.1057386974448,48.18549025734034,Tullnerbach Norbertinumstraße
16.254526491209607,48.20042665655498,16.257803546540227,48.20352312252214,"Hütteldorf, Bujattigasse"
16.456307908551018,48.158948668821964,16.45827402426854,48.160714758807835,Pantucekgasse
16.120388968377057,48.18296136704933,16.122200840206883,48.18431033324545,Untertullnerbach Wienerwaldsee
16.284435880315634,48.22490294893886,16.28674318155811,48.22616602615354,Schrammelgasse
16.17639077780709,48.13399026740793,16.177747421734676,48.13501183250372,Breitenfurt Kloster
16.303967116329055,48.1672789835133,16.30547468203454,48.16818561651503,Hervicusgasse
16.3685187629101,48.24467293989174,16.371329440047234,48.24620225788798,Dr-Adolf-Schärf-Heim
16.45779737310675,48.05951150380274,16.459267427213334,48.06048919609532,Gutenhof
16.565664521394133,48.00322140922152,16.567004678272934,48.00412079074019,Pischelsdorf Mühlbachstraße
16.197244935760626,48.20461750076932,16.199621353183986,48.20574320104581,Purkersdorf Sanatorium Bahnhof
16.173041857487647,48.03663361806882,16.174451445163374,48.03759788188829,Siegenfeld Badner Straße
16.441204722285754,47.977017581475685,16.442544277408146,47.97791701848644,Schranawand Am Eisteich
16.42459339156144,48.2216488725207,16.42612450971991,48.22267713025639,Harrachgasse
16.398890101269792,47.96222367206339,16.400229298433295,47.96312312789889,Ebreichsdorf Rathaus
16.161907198224323,48.07338293915307,16.16324940152764,48.07428246080993,Sittendorf Volksschule
16.350809386437707,47.87316780638364,16.353048218931423,47.87417809445942,Ebenfurth Haussmannsiedlung
16.26696493803599,48.00021387061844,16.268298163745612,48.00118192902395,Tribuswinkel Josef-Lichtenecker-Gasse
16.41924248217026,48.25266953497913,16.422336029045564,48.253656173158504,Carminweg
16.279365280795382,48.15426203489442,16.2808306164008,48.15516396508046,Eberstorferweg
16.410743053245334,47.942979072834994,16.412081746455527,47.94387852712725,Weigelsdorf Josef-Prisching-Straße
16.471322223507087,48.15458730146059,16.472666376177642,48.15548669850145,Hoefftgasse
16.450675920910193,48.2265427872794,16.452711767361926,48.228095113245836,Vernholzgasse
16.43231747349061,47.957382678178185,16.433656526205464,47.95828212178398,Unterwaltersdorf Rechte Bahnzeile
16.54670649425859,48.12796361498149,16.54804990541045,48.12886298498029,
16.32111091391865,48.24260570063642,16.322542841473982,48.243707735815725,Glanzing
16.19501152573155,48.14292938792438,16.19641037492244,48.14403221146649,Breitenfurt Laaber Straße/IZ
16.409292918864235,48.24400811362444,16.410990114383203,48.24511938938892,Wildbadgasse
16.479398178781015,48.1683272150315,16.481163346815812,48.1695745869134,Neu-Albern
16.26117976525524,48.08918982512283,16.262518536320094,48.09016107456779,Hinterbrühl Mannlichergasse
16.303093869501115,48.08133452944494,16.30507139097074,48.08270123013418,Mödling Arbeitergasse
16.263951799849316,48.180730306349545,16.26590039126684,48.182095136989275,Gemeindeberggasse
16.268902244916205,48.16323561735104,16.27059506131649,48.16418538301547,Buchbindergasse
16.226070548979646,48.21271532472993,16.22808984579693,48.213696875956856,Hüttergasse
16.283563580582836,48.14947809805938,16.285103308362523,48.15048389659379,Taglieberstraße
16.14831775118352,48.222263548704966,16.149663848569514,48.223163051258105,Gablitz Hochbuch
16.298280173811865,48.089537095120306,16.300361820197974,48.0905369057168,Mödling Dr.-Friedrich-Stöhr-Gasse
16.318226472452373,48.162798572795346,16.319570927265,48.16369802716721,Rothenburgstraße
16.402588242428507,47.95912047253033,16.403927357273844,47.960019927431944,Ebreichsdorf Parkallee
16.27217093532755,48.11105756053848,16.27351406440039,48.11195703942422,Brunn am Gebirge Friedrich-Schiller-Straße
16.409844277473873,47.956569373730275,16.411183322226982,47.957468826231974,Ebreichsdorf Rechte Bahnzeile
16.334646747671993,48.18853188354776,16.33608795188509,48.18949121640071,Fünfhausgasse
16.361551732969197,48.189412430135796,16.364437389831416,48.19050497519845,Leibenfrostgasse
16.280741868098886,48.21471796203092,16.282079830048904,48.215677937610366,Hertlgasse
16.391926793612928,48.23273179311549,16.393661276317026,48.2338793776954,Therese-Ammon-Park
16.41271872252779,48.18682515382173,16.414895989870566,48.18840094924512,Franzosengraben
16.300299293217954,48.22757074541093,16.303151428671598,48.22910376803766,Dornbacher Straße
16.22152463424619,48.00920635378417,16.223950558356382,48.01026214754164,Baden Horagasse
16.207537183678845,47.95869738258779,16.209365008998432,47.960111970540396,Gainfarn Gymnasium
16.40463790248979,47.94677427195386,16.40597669721231,47.94767372800838,Weigelsdorf Feuerwehr
16.54317138405124,48.18990541910109,16.54451641561753,48.19080478086069,Groß-Enzersdorf Napoleongasse
16.10604509836001,48.084482645323256,16.107455498973607,48.08539615418542,Grub Sattelbachbrücke
15.962876869636997,48.02960786328599,15.964218731082912,48.03056353660211,Klein-Mariazell Nr. 87
16.30982055808441,48.198518211541945,16.313018134219057,48.20097224927043,Hütteldorfer Straße
16.426174696194906,48.171665408740786,16.42803170434432,48.17391831976734,Unter der Kirche
16.052306287707026,48.21351733938465,16.05379421421243,48.214422760632324,Au am Kraking In der Au
16.35377820518006,48.22417735690013,16.357083634264196,48.22628103600897,Alserbachstraße
16.300961969737976,48.23423177784067,16.302708423612543,48.235478122352205,"Schafberg, Werfelstraße"
16.39732282229794,48.20561074788113,16.40031575172226,48.20685913409203,Wittelsbachstraße
16.514487125810845,47.9151771346556,16.516075271331538,47.91609486546619,Loretto Hauptplatz
16.32894274200095,48.225272804838305,16.332972791806885,48.22672386745884,Sommarugagasse
16.29534428725172,48.05027439618362,16.298570221445157,48.0527346052741,Guntramsdorf Thallern
16.28116437192556,48.23083557153155,16.28251062779883,48.23173502843111,Mitterberg
16.181215145694946,48.12586185053018,16.183124757394776,48.12680974982168,Breitenfurt Lattergrabenstraße
16.218834916797633,47.91969133596142,16.22219205301836,47.92077895460628,Wittmannsdorf NÖ
16.307490199515573,48.10888492498511,16.308988900449556,48.10987177484313,Brunn am Gebirge Industriestraße B Ost
16.429718915174348,48.2056045110339,16.433054685935364,48.20736144621894,Donaumarina
16.242924549667777,48.22415096438133,16.24427065006491,48.22505043558147,Haidersberggasse
16.07607052649707,48.180396408260684,16.07978079197343,48.18244068800536,Pressbaum
16.10020271421884,48.16247678029651,16.10292936927907,48.164471720314346,Wolfsgraben Engelkreuzstraße
16.317686284440594,48.21295633473182,16.320567384460297,48.214832700038315,Familienplatz
16.288985211599492,48.09018046185248,16.29032778812515,48.09107993811015,Mödling Hochbründlgasse
16.438953891260667,48.23744154802806,16.440321600953432,48.23894865189284,Häußlergasse
16.327784357320148,48.18640923863282,16.329135341519113,48.187425161321855,Grimmgasse
16.358224103442208,48.22461457565026,16.362484983958222,48.230305814931285,Franz-Josefs-Bahnhof
16.31339942331873,48.21284665127441,16.315916282531923,48.213827985036446,Redtenbachergasse
16.28087099240316,48.191100868356514,16.282216207321824,48.192000331606145,Mantlergasse
16.405367671434806,47.95693717289421,16.406706728266986,47.95783662706804,Ebreichsdorf Gartengasse
16.29881606333656,48.157915023523465,16.300253137512154,48.15887767643555,Wildgartenallee
16.30492469928514,48.21213898426161,16.309607715651673,48.21490708415316,Maroltingergasse
16.226465943833748,47.956559323799176,16.227759760646485,47.9574574758068,Kottingbrunn Friedrich-Schmolka-Straße
16.279629351374133,48.08232259457511,16.281786627011833,48.084416106584094,Mödling Spitalmühlgasse
16.30026935107721,48.172379021561866,16.301731748071425,48.17333777821665,Klimtgasse
16.461026140310253,48.020702560416574,16.46260266933452,48.02198003972379,Moosbrunn Volksschule
16.460589217747994,48.23428347910217,16.46204459918178,48.235244711825025,Am Krautgarten
16.305213812179854,48.11267136136172,16.306902386896095,48.11358053870941,Brunn am Gebirge Heideweg
16.245314508443155,48.01255174814983,16.246655091291824,48.0134512518129,Baden Germergasse
15.995057777081874,48.01478879896189,15.99685462136052,48.01593130067205,Altenmarkt an der Triesting Ortsmitte
16.520238826738908,47.91387678704989,16.521579577929494,47.91482351269486,Loretto Johannesbergsiedlung
16.095541450216086,48.206236351790274,16.09743263293908,48.20872494713456,Irenental Wundererplatz
16.091990404105704,47.916003534711166,16.093548591579005,47.91700903244302,Neusiedl/Berndorf Feuerwehr
16.4062043259527,48.19618825205552,16.407723276407395,48.197096947990566,
16.44038244809906,48.251284702878415,16.441729151590796,48.25218409708372,Doningasse
16.466884906462823,48.20541960226704,16.468320560436272,48.206444839654466,Ulanenweg
16.381028679460773,48.14883691454185,16.384002857291453,48.15473486451097,Alaudagasse
15.967236783550728,48.017332806290526,15.96857761624333,48.018232393672946,Thenneberg Kirche
16.315559370570966,48.14967053419521,16.31784171664453,48.151699020925086,Alterlaa
16.349809873422213,48.15440940805139,16.351501900302406,48.15623112931907,Tesarekplatz
16.523194389163844,48.1431181112193,16.52453821050998,48.14401748874257,Mannswörth Zainethbrückengasse
16.396886601374558,47.9601831710206,16.398278794724053,47.96115192884014,Ebreichsdorf Abzweigung Oberwaltersdorf
16.37622241856164,48.17241794192554,16.380066470527762,48.1761398857352,Reumannplatz
16.391606164072282,48.1599052111087,16.393087336720452,48.16080888888788,Theodor-Sickel-Gasse
16.239416559866182,48.010163964662375,16.241154039158598,48.011074935426365,Baden Adolfine-Malcher-Gasse
16.29567434040193,48.21116631021506,16.297020560449447,48.21213938974448,Steinlegasse
16.405297847315037,47.97427467424479,16.406637352386515,47.97517412571747,Ebreichsdorf Piestingaustraße
16.45694965523964,48.18227628872517,16.458778031828725,48.18447601021275,Seitenhafenstraße
16.41750824263163,48.09856351222372,16.419940815193463,48.09996000640352,Maria Lanzendorf Hauptstraße/Wiener Straße
16.543137798896097,48.12752131418996,16.54448120077371,48.12842068577181,Flughafen Wien AUA Haupteingang
16.193526728202535,48.134420612869285,16.195810706701383,48.13647380644618,Breitenfurt Grüner Baum
16.28127587215823,48.110559952361584,16.283545606023985,48.112014860894305,Brunn am Gebirge Ferdinand-Hanusch-Gasse
16.28738164914708,48.11320018851665,16.288901152617832,48.11422251144678,Brunn am Gebirge Feldstraße
16.3340172632751,48.07362303410762,16.335440960356724,48.074599925180635,IZ NÖ-Süd Straße 14/Straße 1
16.30858727024555,48.18571447285907,16.309932329473572,48.18661392710353,Wagenburg
16.31880540865689,48.1753421738863,16.320150191060193,48.176241626076276,Gatterhölzl
16.28328759289923,48.08628271500173,16.284784508212482,48.087283884934656,Mödling Lerchengasse
16.32352634935737,48.0879891678739,16.324868850359934,48.08888863208865,Wiener Neudorf Wiesengasse
16.340406226218704,48.15635975748584,16.343968065863958,48.158336139436045,Computerstraße
16.256343306156694,48.005228149467506,16.257683693576045,48.00612765049522,Baden Kollmannstraße
16.17860178416034,47.8630546005237,16.181889615054903,47.86396869970685,Wöllersdorf Satzäcker
16.340292716028053,48.19784163799153,16.341919273709184,48.199593660474456,Stollgasse
16.339065883162505,48.14833544671364,16.340795542046596,48.14955265474302,Klingerstraße
16.1298650100961,48.05650333278461,16.131206789662905,48.05740286717849,Heiligenkreuz Volksschule
16.277072448757725,47.97917735102266,16.27841215097096,47.98007684894001,Baden Weidengasse
16.408571333510935,48.25823640990625,16.410704632022743,48.259429199299134,Sebastian-Kohl-Gasse
16.413617624244257,48.13408124138525,16.415319775372232,48.135157058222006,Sebastianbrücke
16.2805882827604,48.13155815390433,16.282367333068972,48.132934656571535,Liesing Bad
16.240521194463618,48.20542276249947,16.241866805269833,48.20632223746333,Alois-Behr-Straße
16.220444295749452,47.95393125901894,16.221889001556942,47.95483134093928,Kottingbrunn Dammgasse
16.287385095733693,48.13766698450057,16.28900106761723,48.13880242463024,Dr.-Neumann-Gasse
16.275283444085215,47.9916832969017,16.276781456829504,47.99258830310485,Tribuswinkel Schafflerhofsiedlung
16.13955956508039,48.23594185002811,16.1413899369311,48.236998948767635,Gablitz Höbersbachstraße
16.21845018555341,48.20567775879441,16.219795814184774,48.20657724116847,Zimbagasse
16.583346944555554,48.02494542586286,16.58929110301122,48.026306299508946,Götzendorf Bahnhof
16.256419607653015,48.16650846216487,16.25776419207754,48.16740793779787,Lainzer Tor
16.276172595557366,48.1831224669047,16.27751760416874,48.18402193305798,Horeischygasse
16.42861343029197,47.96334071551354,16.43015616701776,47.96425298455806,Unterwaltersdorf Friedhof
16.329244451578294,48.158478757508895,16.33060254624301,48.15958264243492,Lichtensterngasse
16.45753225068703,48.240650539567405,16.460207754418278,48.24278455997253,Marietta-Blau-Gasse
16.283480353824423,48.0243529478633,16.28542404637098,48.025258752109686,Traiskirchen Goethesiedlung
16.328613229539773,47.98039715338939,16.330071370114126,47.98136784653754,Oberwaltersdorf Weingartenstraße
16.34866552435443,48.08275367207291,16.350007875357583,48.08365312788956,Biedermannsdorf Dorfweg
16.603676207258747,48.0899930243132,16.60501859239877,48.09089237564835,Kleinneusiedl Schwadorfer Straße 18
16.34081708323781,47.886641505205304,16.34255996891672,47.887636350574496,Haschendorf Großmittler Straße
16.299334142061543,48.20766588275654,16.30099873281974,48.20901223291651,Klinik Ottakring
16.25030027276142,47.887629614274964,16.252786095608357,47.889469639937666,Sollenau Petrigasse
16.279322076941884,48.20615095830426,16.281261513729103,48.20733942881777,Otto Wagner Areal
16.17391285675221,48.20694214362551,16.175489539860568,48.2078589564824,Purkersdorf Kirche
16.289231618701297,48.20360579716222,16.29077988198151,48.20451120284315,Lebingergasse
16.12338634666413,47.902005535534926,16.12476527956741,47.902929164345906,Aigen bei Berndorf Hinteraigen
16.343010885996954,48.17986050724567,16.34543944814514,48.18109743370798,Marx-Meidlinger-Straße
16.287078445611044,48.08752826130676,16.288420954114038,48.08842773865589,Mödling Stefan-Milow-Gasse
16.206741694377488,47.96653633803715,16.208081105366286,47.96743586192572,Bad Vöslau Josefsplatz
16.173063835941406,48.155270026997556,16.17489315771532,48.15624327357431,Laab St.-Koloman-Gasse
16.566157312031454,48.16933870893033,16.567581691041383,48.1703168910326,Mühlleiten Hubertusstraße
16.249323667255023,47.963379873022426,16.250972226409512,47.96457372713004,Kottingbrunn Flugplatz
16.02910940813233,48.0327331752586,16.03073969711366,48.03435852366489,Nöstach Dörfl
16.261536571141214,48.19272566886902,16.262990430228836,48.19370293110323,Seuttergasse
16.33008475791962,48.06748340761083,16.331390839119006,48.06841169175794,IZ NÖ-Süd Straße 7/Güterbahnhof
16.46929997220709,48.12121291218702,16.470931332345444,48.12214258802871,Schwechat Himberger Straße
16.468746148981275,48.16642651527062,16.470624709680887,48.16755007819358,Jedletzbergerstraße
16.307557595639153,48.03792526105252,16.308898804082244,48.03882473891005,Eigenheimsiedlung Fischergasse
16.15259565801418,48.22852444695114,16.15455913516496,48.22987495317031,Gablitz Gemeindeamt
16.272378044253184,48.187150878771554,16.2740902539108,48.18818302027397,Rohrbacherstraße
16.351968931702295,48.076458195694045,16.353416073119465,48.077348704206706,Laxenburg Leopold-Figl-Straße
16.336180705717513,48.14006659747824,16.33781709782975,48.14118500253749,Lamezanstraße
16.301890468989843,48.07065586261189,16.303232530732313,48.071555337350695,Mödling WIFI
16.27161583230691,48.165508391851,16.273566811594183,48.16720047853385,Dr.-Schober-Straße
16.346458334304863,48.24234412154676,16.349694673036687,48.24365107661072,Silbergasse
16.130510103982047,47.942907258415225,16.132546632633417,47.94423493480604,St. Veit an der Triesting Siedlung Morgenrot
16.31129614501423,48.16150885113375,16.312674457199257,48.16267344873169,Stachegasse
16.232431050216594,48.210870394665434,16.2343347530917,48.211820305705,Josef-Ressel-Straße
16.350521966098757,48.18735928293944,16.352615045803038,48.18981662766664,Reinprechtsdorfer Brücke
16.440986603930323,47.96241937902286,16.442380394886232,47.96335912094572,Unterwaltersdorf Dr.-Karl-Renner-Straße
16.32325262203137,48.13728829384452,16.324614077239584,48.13833550605868,Erlaaer Spitz
16.311639038433686,48.13825202154592,16.313151469454606,48.13941747847331,Eitnergasse
16.21630545988324,48.00801854289159,16.217645939857967,48.00891805707126,Baden Kornhäuselstraße
16.28295290241397,48.106124662041466,16.284295897311736,48.10702413792118,Brunn am Gebirge Adolf-Hruza-Straße
16.25876047182884,48.08198261762787,16.260651020177292,48.08298608316355,Vorderbrühl Husarentempel
16.40847783707453,48.032596325233975,16.409930059924807,48.0335179740701,Münchendorf Babenbergersee II
16.268316633215562,48.111142659873074,16.2696597665132,48.11204214008962,Brunn am Gebirge Pöllangraben
16.25879344657397,48.179913693338285,16.261463729322305,48.18098027336744,Stock im Weg
16.32540545787699,48.01807746271675,16.326746141840903,48.01897693724578,Traiskirchen Stadtrandsiedlung
16.302492411056992,47.956188838419116,16.3038375895456,47.957173461431985,Tattendorf Gemeindeamt
16.408263061049606,47.965543574130486,16.409602338651446,47.966443025831765,Ebreichsdorf Jägerzeile
16.459813600007436,48.1682653903195,16.46284177330467,48.16946634433166,Paul-Wagner-Gasse
16.144685320039844,48.19603369661054,16.147076188873783,48.19763010321869,Neupurkersdorf Postsiedlung
16.291387299385413,48.20026310154968,16.293094032876166,48.20193127420294,Torricelligasse
16.2607902094786,47.983027318805625,16.2621120882421,47.98397298075547,Baden Flugfeldweg
16.181289009090094,48.151357396350086,16.182796392209603,48.15236560359281,Laab Friedhof
16.303364249424657,48.0829190610646,16.30486345142234,48.08382373893902,Mödling Schulweg/Feuerwehr
16.133434463678224,48.10725474591706,16.134890337459915,48.108232254045554,Sulz im Wienerwald Kaltenleutgebener Straße
16.224849390025557,47.99253199432648,16.22644655697076,47.993579413664776,Baden Zur Hutweide
16.32677510667332,48.19630450143278,16.33031555802376,48.19908776497798,Schweglerstraße
16.33269492875618,48.15113327451068,16.334039070958262,48.15203272545184,Willendorfer Gasse
16.272471083182573,47.90203679861413,16.273812517203105,47.90300360129425,Sollenau Böhler
16.36791829868559,48.1781099123575,16.370067813009985,48.17915771720096,Erlachplatz
16.400208066181047,47.95722937192365,16.40154713352184,47.95812882803862,Ebreichsdorf Wr. Neustädter Straße 17a
16.299825958900605,48.11021321273324,16.301383226828918,48.11135793103234,Brunn am Gebirge Franz-Schubert-Straße
16.394565673460452,48.11189936461434,16.39621123052155,48.11303303542566,Leopoldsdorf Grabengasse
16.193373952393134,48.232626657882314,16.194729145706475,48.233636041492126,Mauerbach Steinbachstraße
16.390365981442443,48.26286689407169,16.39171301825799,48.26376630589062,Bunsengasse
16.21564053163067,47.92510053625626,16.216978868111752,47.926000063706596,Leobersdorf Marktplatz
16.435696298739934,47.95550487869556,16.437035300955454,47.95640432126662,Unterwaltersdorf Georg-Bannert-Straße
16.43980376914681,48.25539575929237,16.44118862242007,48.25696524061914,Melangasse
16.250489191571457,48.203439584314864,16.253148212344435,48.20443851641983,Wolfersberggasse
16.20346582528312,48.01044364094973,16.204806374460787,48.01134315901315,Baden Rauhenstein
16.306969369232394,48.17811337197105,16.30831423048718,48.179012827991535,Gloriette
16.15995109470411,48.22359900725541,16.16145160386318,48.22456479235526,Gablitz Wagnergasse
16.300584914918566,48.235574275345286,16.30193128480157,48.2364737246173,Schafbergbad
16.296375940414034,48.08811666300167,16.29771845930906,48.08901613696092,Mödling Landesklinikum
16.34738240363596,48.22978048339489,16.348728596074213,48.23067991656758,Weitlofgasse
16.239937404747963,47.9972926460321,16.241277594988365,47.99819215393068,Baden Rohrgasse
16.347020443285295,48.179782636264534,16.350998676999446,48.181937907130944,Eichenstraße
16.341151733946976,48.25458132979673,16.34314506172877,48.256237915087496,Grinzing
16.478039609253354,48.21090012866337,16.479550985242998,48.21180537131142,Plattensteinergasse
16.46862974666056,48.229848386549214,16.470954830956426,48.2311367123836,Contiweg
16.35338304247188,48.145417249845174,16.35538618992857,48.14651215839231,Jochen-Rindt-Straße
16.29564135714494,48.20936737240447,16.296987042576628,48.21026682755818,Pav. 24
16.402824266841495,48.21724580730123,16.407344721566673,48.218688082093266,Messe-Prater
16.300731129277196,47.919941393018895,16.302134972980472,47.92085790661996,Neurißhof Heidegasse
16.472374152287756,48.14136811031667,16.473940354525393,48.1423940974975,Schwechat Brauhausstraße
16.398735429323075,48.137491425350724,16.400502778541327,48.13874231779805,Leopoldsdorfer Straße
16.294479968194842,48.1719197874029,16.296076128458896,48.173007212630836,Melchartgasse
16.202824274240225,47.92660613858783,16.204485322595946,47.927661548407066,Leobersdorf Ared-Park
16.106427983886636,48.18848623956624,16.107773215875792,48.189385760396945,Tullnerbach Norbertinum
16.41782908908027,48.15827857089538,16.419312148735504,48.15929968062232,Gadnergasse
16.34077958306159,48.1877491912706,16.344471082181823,48.189328252578456,Margaretengürtel
16.27686707388334,48.23963537983535,16.27842102506502,48.24064062441127,Schwarzenbergallee
16.364516223375066,48.17190968991868,16.367026035492596,48.17293729099207,Herzgasse
16.42829166297725,48.25018983868747,16.431961778259193,48.25212866964843,Josef-Baumann-Gasse
16.47570631273983,48.13252790061302,16.47704988694431,48.133427299349,Schwechat Rödlichgasse
16.231536127490443,47.95651899265563,16.232972270985503,47.957421007326964,Kottingbrunn Emmerich-Kálmán-Gasse
16.474711181084768,48.18734722895979,16.476195919382324,48.188332370939044,Frachtenbahnhof Lobau
16.55215071927779,48.05831297400283,16.553653684229218,48.05923222506438,Wienerherberg Seegasse
16.244261696891005,48.0057049474313,16.2456021028443,48.00660445253148,Baden Fabriksgasse
16.311992485700593,48.02879066206682,16.313880154594912,48.03042632582144,Möllersdorf Aspangbahn
16.27406072626349,48.126251888306975,16.27583087667832,48.127420911525135,Perchtoldsdorf Schweglergasse
16.385138037904603,48.141599598438155,16.386811761241507,48.14250760162364,Weidelstraße
16.31802128802198,48.08400260642003,16.319511110280363,48.08490829359796,Wiener Neudorf Linke Gasse
16.58928425883147,48.00469083768103,16.592991902403465,48.005685380866396,Götzendorf Militärsiedlung Sommerein
16.40114664379718,48.151450787379495,16.402490755902612,48.152350212582796,Laaer Berg Kurpark Nordeingang
16.246707985946443,48.22145736481611,16.248054013785467,48.22235683514667,Eichbachgasse
16.28037561391433,48.12338029572854,16.282165190109023,48.12432820463071,Perchtoldsdorf Mühlgasse
16.31761516528402,48.08735685968107,16.318969732847513,48.08837283966391,Wiener Neudorf Europaplatz
16.07612156867751,48.178269518582574,16.07812444584012,48.17994298211075,Pressbaum Rathaus
16.364573483976635,48.18848816681495,16.367198951012842,48.191383566997196,Johann-Strauß-Gasse
16.484733532741203,48.216671558191685,16.48783946705121,48.21813710710072,Siegesplatz
16.374194129630116,48.24474094257141,16.375725676453005,48.24689402961341,Forsthausgasse
16.33105512990925,48.19879040521316,16.333491434802898,48.200031984811055,Beingasse
16.439227398910045,48.081443412749366,16.441095182154204,48.08249756243912,Himberg Hauptplatz
16.347795454658698,48.21386994625647,16.352367242632916,48.216006532437405,Lange Gasse
16.267981654059742,48.123927494132495,16.270599243499927,48.12521120261894,Perchtoldsdorf Heinrich-Waßmuth-Straße
16.61314912183511,48.115433300615706,16.617010351542532,48.11733430976725,Fischamend Bahnhof
16.210984796888976,48.05688231211433,16.21239840224311,48.05800878701824,Gaaden Berggasse
16.28718534530446,48.103998257374975,16.28944375953551,48.106683752107415,Brunn-Maria Enzersdorf Bahnhof
16.379079561606574,48.21693941368995,16.382843354760812,48.220047251433975,Taborstraße
16.287448206228206,48.13022030934005,16.28942509639472,48.13130148894539,Pellmanngasse
16.376164264883005,48.19371959959787,16.378184715465746,48.19536158742939,Plößlgasse
16.28011251022494,48.194726177098374,16.28403877712104,48.19618579348947,Gruschaplatz
16.363137571729247,48.169060458496105,16.365882335803,48.170497969792116,"Neilreichgasse, Troststraße"
16.373739248834486,48.204498260400975,16.375195151116575,48.20546133951048,Himmelpfortgasse
16.439800396787124,48.17692544240146,16.441454668487175,48.17803137399177,Simmeringer Haide
16.300134600483513,48.114297165730385,16.301477799238413,48.11519663423221,Brunn am Gebirge Europaring
16.478360609634574,47.94015608602101,16.479699190052013,47.94105551394098,Deutsch Brodersdorf Schubertstraße
16.244184536424097,47.89734131556872,16.24644866325202,47.900190059439964,Sollenau
16.404107144651228,47.943899322241094,16.405909157169795,47.94505787737358,Weigelsdorf Dr.-Rudolf-Kirchschläger-Straße
16.29728953759063,48.13659040194048,16.299686280496235,48.13804200024777,An den Steinfeldern
16.375931327232106,48.20551456519302,16.378116265427792,48.206545635905286,Liebenberggasse
16.366355402316252,48.24613848900031,16.368067407734696,48.247492211308845,Michael-Neumann-Gasse
16.46319371090197,48.136337660724756,16.464627094287138,48.13736483919549,Schwechat Klederinger Straße
16.221641223032474,48.0800717244126,16.224153579891162,48.08104407610116,Weissenbach Ortsmitte
16.35177368254715,47.991547088938646,16.35327011491094,47.992566811067036,Trumau Heidegasse
16.26679791729871,48.19655796632465,16.268143282429218,48.197457433638036,Cossmanngasse
16.30274982061453,48.140594841043864,16.304419081422353,48.14160235809874,Kugelmanngasse
16.212584151387638,48.00663067414103,16.214273344301322,48.00756752613714,Baden Helenenstaße/Aquädukt
16.279715954275545,48.10975466175757,16.281059045450807,48.11065413820509,Brunn am Gebirge Viktor-Adler-Straße
16.287807602478395,48.205885978650656,16.289376997604787,48.206905621090364,Schrekergasse
16.282155305016236,48.22833217150912,16.28350149470796,48.229231628453554,Moosgasse
16.357436409587137,48.26001668763766,16.358783390120426,48.26091611232477,Nußdorfer Friedhof
16.294806181289204,48.01818107837023,16.296521831590304,48.01967472202719,Traiskirchen Margarethenstraße
16.26713428035159,48.18743665637321,16.268461516880954,48.18840184285174,Wolfrathplatz
16.41663463756213,48.16823900911158,16.422817447631694,48.17274169682185,Simmering
16.43114732955395,48.262264430516346,16.433432938064424,48.263260390632595,Kefedergrundgasse
16.36196898660765,48.248082726239254,16.363555515817573,48.24980479839123,"Heiligenstadt, 12.-Februar-Platz"
16.346678009430352,48.18634378261091,16.348336807320507,48.189003037104605,Am Hundsturm
16.32783767953346,48.23883218051774,16.329184120180777,48.23973161944479,Döblinger Friedhof
16.341069914223457,48.251762152992775,16.3427190182164,48.25356568582905,An den langen Lüssen
16.304145291736624,48.02590482287759,16.305842018262734,48.02725737742235,Möllersdorf Volksschule
16.477599032443347,48.21218699254163,16.47956506908894,48.21329770609648,Haßlwanderweg
16.393890857712755,48.1558630568375,16.395312848858257,48.156921843017834,Siedlung Südost
16.38802863870676,48.2222423354889,16.39097413305468,48.224279796605195,Nordbahnstraße
16.437223252431664,48.163385212141264,16.438963311428076,48.16443390803124,Am Himmelreich
16.20962040737267,48.11987757245138,16.21101588855727,48.120848127401615,Kaltenleutgeben Hans-Czettel-Hof
16.423449887576094,48.1575422448595,16.42508355311511,48.15871854450452,Pretschgasse
16.357335721476932,48.11158570780548,16.359413833385787,48.11391690119584,Hennersdorf
16.48690667172382,48.223219846322394,16.490296522872484,48.224260055028694,Reglergasse
16.44368740065459,48.11045477121752,16.44581053008203,48.11180010046301,Lanzendorf Lindengasse
16.111844555527657,47.897683356549784,16.113266942717146,47.89864824342656,Hernstein Friedhof
16.39812755548325,48.105391480602904,16.3996592467,48.10630161945285,Leopoldsdorf Achauer Straße
16.37380575354208,48.144355658461144,16.375154347866182,48.14535054118502,Sulzengasse
16.167453019036188,47.913596347360155,16.168815995612956,47.914520109777364,Lindabrunn Eisnerstraße
16.364635647997208,48.24025000795244,16.36633285908974,48.24140543473589,Döblinger Steg
16.27999577115912,47.94736918384166,16.281291931933637,47.94829601546567,Teesdorf Kirchfeld
16.438466694543255,47.963631779881446,16.439805905151427,47.96453122008071,Unterwaltersdorf Reitschulgasse
16.253947672688025,48.11550255772832,16.255290927043756,48.11640204223441,Perchtoldsdorf Höhenstraße
16.26759601277334,48.14934227184383,16.27045803442851,48.15175459854788,Maurer Hauptplatz
16.368984495067437,48.1927286298517,16.37134760284443,48.19541335902905,Taubstummengasse
16.411079656204695,48.242738505669465,16.414862418358673,48.24430781932237,Donaupark Nord
16.33386634973363,48.19323991023649,16.336627631747238,48.1950496190646,Staglgasse
16.220104484087056,47.98322364632839,16.222061925596915,47.984501978256056,Sooß Gartengasse
16.401841259412194,48.26661263979654,16.405402711649923,48.26972584649204,Brünner Straße
16.31372681035825,48.18921660697443,16.316869270183798,48.19084374921229,Penzinger Straße
16.398884436075267,48.26067902791776,16.40136928896169,48.263242876897884,Floridsdorfer Markt
16.317542592332085,48.19554590876427,16.31933224265858,48.1980701509003,Märzstraße
16.404918614337866,48.270589258591,16.406784678385176,48.2724357817078,Shuttleworthstraße
16.296277696063147,48.12872349933831,16.299261087170716,48.13008766829665,Brunner Straße/Ketzergasse
16.478195289773836,48.17405954218269,16.479835905313173,48.174990958038364,Kraftwerk Freudenau
16.250522261114995,48.13673307672244,16.251875339161575,48.137737223185226,Haselbrunnerstraße
16.395216408012395,48.19230738945325,16.396561591688062,48.19320681050906,Klimschgasse
16.408628143291796,48.162617106961775,16.41010085786978,48.16357369277714,Max-Mauermann-Gasse
16.360265306778608,48.269087434346936,16.362493957468338,48.27059246194077,Burgstall
16.08119492856281,48.18463883547456,16.08254007120508,48.18553836448867,Pressbaum Sacré Coeur
16.393598931773127,48.23111416450067,16.39537990756547,48.23260341369191,Holubstraße
16.296743409039834,48.0717734688533,16.298091589213676,48.072775130624365,Mödling Friedhof
16.412049876641575,47.948941073557286,16.413388723058922,47.949840526404955,Weigelsdorf Sportgasse
16.374793524629265,48.27418557383437,16.376203379911747,48.27517582605386,Zallingergasse
16.04552118314488,48.17222412929044,16.046866016630794,48.173123670672865,Dürrwien Höferwiese
16.417380543171635,48.21325622460355,16.419041152967022,48.21418547561565,Pensionistenwohnhaus Prater
16.245026921799056,48.09730764822346,16.247150183638404,48.09830735254878,Gießhübl Friedhof
16.234112146915542,48.09695848496055,16.235429855550525,48.097898714576814,Gießhübl Hauptstraße 91/92
16.228171881177524,48.12668604614198,16.230269521162082,48.12796555302911,Abzweigung Kammerstein
16.464382481844687,48.20829866646642,16.466043237224966,48.209397219854004,Schierlinggrundbrücke
16.30436174570102,48.23276014414775,16.305717354220015,48.23375805573216,Twarochgasse
16.36214243753938,47.904359460546246,16.363480162172333,47.905258939416136,Siegersdorf/Pottendorf Alfred-Pauser-Str.
16.473726601750272,48.12859722839422,16.47548050682748,48.12992067189007,Schwechat Netzgasse
16.02682261241448,47.97169073831256,16.02824118789689,47.97263496159697,Weissenbach an der Triesting Prymhäuser
16.133034428235153,48.043182838881556,16.13443397319885,48.04435926082143,Heiligenkreuz Hofwiese
16.284569442809378,48.07902542718115,16.287250844148954,48.08086637299807,Mödling Bernhardgasse
16.323668269294004,48.226025796527566,16.325594733815986,48.227262303098776,Lazargasse
16.295244963306278,48.111385647079054,16.296953734864584,48.11241755197018,Brunn am Gebirge Jakob-Fuchs-Gasse
16.37190174414689,48.186672626223725,16.374096648368283,48.18855264950541,Kolschitzkygasse
16.29341198585946,48.08429581068302,16.297208035242768,48.08862086454857,Mödling Bahnhof
16.327300428648247,48.072502619772834,16.328805969969693,48.07380817934387,IZ NÖ-Süd Straße 3/REWE
16.191552500395154,48.23412048649281,16.19301879912076,48.235022013495296,Steinbach Laudongasse
16.11780213789376,47.89934615633577,16.119153946154324,47.90027151432437,Aigen bei Berndorf Feuerwehr
16.29511326437177,48.07698678891848,16.296635232722256,48.07802601109895,Mödling Weißes-Kreuz-Gasse
16.437792830565,47.96082907952793,16.43913196912986,47.961728520434235,Unterwaltersdorf Prinz-Eugen-Straße
16.246856272959807,48.20718806371981,16.248201926772268,48.20808753624297,Siriusweg
16.279273192435962,48.0452994566105,16.28061460729136,48.04619894335217,Gumpoldskirchen Schulgasse
16.254097338152437,48.129731897314855,16.25603135769965,48.130760000474154,Sonnbergstraße
16.281168442990793,48.16708442672984,16.28534467378197,48.169326743631814,"Speising, Hermesstraße"
16.506035798841516,48.14983088922408,16.507373303141996,48.150807210315826,Mannswörth Nova-Siedlung
16.30884086259504,48.09043050903109,16.31098566698771,48.091542566437845,Maria Enzersdorf Steinfeldstraße
16.272322833872465,47.98023235027451,16.27366256585721,47.98113184968816,Baden Sagerbachgasse
16.374396739322833,48.23014280050858,16.37628999460394,48.23125584383284,Rauscherstraße
16.260833311860548,47.94171106843361,16.262385387600023,47.94261443157755,Günselsdorf Gemeindeamt
16.30155248611087,48.12197792474399,16.302955916540952,48.122886374813866,Auf der Schanz
16.1881640674131,48.073750428235314,16.189514531780425,48.07474557153798,Sparbach Ortsmitte
16.394583649975953,47.90466005984077,16.39830368275621,47.90690528144897,Pottendorf-Landegg
16.246813564717083,48.1055056266116,16.248345430610588,48.106584573428194,Perchtoldsdorf Tirolerhofallee
16.58930183299285,48.12374719613573,16.5908581698642,48.125181102838766,Fischamend Zeppelinstraße
16.50401883488872,48.21494704915536,16.505725359476767,48.21614475098538,Flugfeldstraße
16.304246766862736,48.12535767558926,16.305680232894222,48.12631202435186,Kellerberggasse
16.294232824015243,48.193842309486236,16.296849965889443,48.194878750003795,"Linzer Straße, Lützowgasse"
16.479283227829505,48.21681249141738,16.481433371650567,48.21827193767946,"Aspern, Oberdorfstraße"
16.322881803818156,48.140984030639835,16.324437001347025,48.14190016946386,Meischlgasse
16.40536081086182,47.96162487326171,16.40669998883991,47.96252432670055,Ebreichsdorf Schulen
16.390811501757398,48.1564440026771,16.39302749052985,48.15748539850385,Florian-Geyer-Gasse
16.43678160473642,48.140369122762976,16.438383897649455,48.14145531225063,Zentralfriedhof 9. Tor
16.419612984765433,48.17407997002641,16.421018137941175,48.17515455251436,Krausegasse
16.3457848110916,48.259655785447606,16.347131788618476,48.26055521451488,Heiligenstädter Friedhof
16.311793765116217,48.08653476563733,16.313136234603604,48.08743423432524,Wiener Neudorf Bahnstraße
16.351063983457735,48.175178853463485,16.353169652005764,48.176140855642934,Martin-Luther-King-Park
16.455957703511064,48.07137527926357,16.4573510001007,48.07234012064051,Himberg Ebergassinger Straße
16.515350042870132,48.208143445323046,16.519473230747924,48.21021225991741,Duchekgasse
16.397998366463742,48.25419110434147,16.401973954063685,48.258007423798766,Floridsdorf
16.372977924615306,48.212574284706584,16.375128353344966,48.21468199728147,Salztorbrücke
16.38096460660239,48.17440518598074,16.384418474504105,48.17550198152766,Gellertplatz
16.45103004641735,48.246263531264766,16.45243544470018,48.24788386863132,Afritschgasse
16.428799151810054,48.15145159275036,16.43014324788382,48.152351007211834,Tor 11
16.200798479743668,48.22917632989686,16.202278220611475,48.2301566699998,Wien Hohe-Wand-Wiese
16.461154586780527,48.24498632672071,16.46390225929614,48.24619916245177,Gewerbepark Stadlau
16.3374714439219,48.084136702699254,16.33942115921899,48.085193395482946,Biedermannsdorf Haidweg
16.22312768380099,48.2135345601959,16.224473515936086,48.21443403976693,Anzengruberstraße
16.426386991389545,48.13062408225507,16.428078914913215,48.1315745181166,"Unterlaa, Stadtgrenze"
15.970053507927107,48.01725309549721,15.971568632252074,48.018226663059245,Thenneberg Friedhof
16.39115314550317,47.91271920897824,16.392638952434666,47.91372709101646,Pottendorf Friedhof
16.34836178027128,48.19251911601989,16.349977591535687,48.193671122630015,Hirschengasse
16.379953242455667,48.17260087431831,16.381642356281002,48.1736398249214,Waldgasse
16.36629317731766,48.19455631769047,16.367824028916516,48.19615542566829,Paulanergasse
16.273280925508356,48.10415716018976,16.274623874219447,48.105056639772926,Brunn am Gebirge Rosenstammgasse
16.327868285903968,48.156601156746994,16.32974312423513,48.15803754364832,Zanaschkagasse
16.401276746149318,47.96654117286178,16.402616053553203,47.96744062710051,Ebreichsdorf Wiener Straße
16.263976736442903,48.155704430101196,16.265428564111907,48.156659869753135,Ursulinenkloster
16.394673744414426,48.2705154271956,16.396346665436543,48.271840973068265,Lokomotivgasse
16.260846454797964,47.93969094508907,16.262185144934694,47.94059045487363,Günselsdorf Löwentor
16.279683372609526,48.11758528036646,16.281041120832878,48.118998619560905,Perchtoldsdorf Corneliusgasse
16.294279795970894,48.202200332616016,16.29564180317869,48.2032239670531,Braillegasse
16.41561377874392,47.94885797424241,16.41695262095582,47.94975742571981,Weigelsdorf Reitstall
16.4668510092936,47.94114464252113,16.468290192906622,47.942126757465054,Deutsch Brodersdorf Obere Hauptstraße
16.395503974316792,48.12100870328046,16.396921230472536,48.12201439662098,Leopoldsdorf Platanengasse
16.300609354525886,48.246808994600556,16.302369149458126,48.24778500373382,Neustifter Friedhof 2.Tor
16.336741045088726,48.25670501552446,16.33840635479291,48.25765112389615,Himmelstraße
16.2827418723305,48.08878778442219,16.284194427445243,48.08998971478414,Mödling Fürstenstraße
16.312694439394058,48.06316559199341,16.31445817027729,48.06450892400958,Neu Guntramsdorf
16.23163258035273,48.09676136914807,16.23314041332889,48.09786753084428,Gießhübl Brunnengasse
16.37117803071418,48.17735993848493,16.37460902091339,48.17932909149468,"Laxenburger Straße, Gudrunstraße"
16.274890180851223,48.101107639283164,16.27636161733677,48.10210026070428,Maria Enzersdorf Karl-Huber-Gasse
16.369458545375377,48.231732420025864,16.371248737799586,48.23365574179626,Brigittaplatz
16.303242814717898,48.20812894379601,16.306659180826575,48.21198618712466,Joachimsthalerplatz
16.474915030282034,48.20357222124335,16.47647436571626,48.204499277470816,Mühlwasser
16.187306163701287,47.91690502856351,16.188818738920055,47.91794027144061,Enzesfeld Brunnengasse
16.360978795458113,48.110984475720905,16.363019409361506,48.11196722491296,Hennersdorf Hauptplatz
16.294861342360097,48.10246109633118,16.297191855332397,48.10340680410239,Brunn am Gebirge Dr.-Julius-Wengraf-Straße
16.091811379812608,47.920338448882575,16.093289624166914,47.92125778881776,Neusiedl/Berndorf Landstraße 8
16.501313227288943,48.170399376778214,16.50276127683168,48.171292323147,Finsterbuschstraße Mitte
16.083902763414834,48.05411495120385,16.08531243418724,48.05503274837431,Alland Birkenweg
16.440437622441518,48.1535669305537,16.444829704798487,48.15529033585108,Zentralfriedhof 2. Tor
16.352447466320505,47.90203442665495,16.35457874118098,47.9034945733177,Siegersdorf/Pottendf Kirche
16.260850455743856,48.142577362090016,16.262328140465407,48.143486736893145,Rudolf-Waisenhorn-Gasse
16.269166698626922,48.116220870977806,16.271186385770033,48.1180068966151,Perchtoldsdorf Salitergasse
16.41583661581174,48.24167360159286,16.41718698868486,48.24261509816339,Strandbad Alte Donau
16.294874286403484,48.16099879097831,16.296468010134188,48.16195120785015,Emil-Behring-Weg
16.486705740930965,48.03435130242486,16.491439216422936,48.0372073775598,Gramatneusiedl Bahnhof
16.297730063134665,48.151353571616625,16.302050931415366,48.15408887370121,"Atzgersdorf, Bildungscampus"
16.398646025441426,48.25969809540758,16.39999297425728,48.26059750455472,Angerer Straße
16.33697570606932,48.17044163939787,16.33845460384933,48.171828586906074,Eibesbrunnergasse
16.278042589893943,48.21760813406702,16.27944991379415,48.21849546516438,Savoyenstraße
16.226730366072715,47.89160183547913,16.228067833667787,47.89250136448367,Matzendorf An der Raxstraße
16.217117730139538,47.983502109266645,16.218459070835625,47.98449219069003,Sooß Schulgasse
16.368759326283104,48.21308011766616,16.370880273628888,48.21398158225156,Tiefer Graben
16.43621301476414,47.96287909066469,16.43762678088321,47.96376460915107,Unterwaltersdorf Mitterndorfer Straße
16.264635890750835,48.220662211513705,16.266293406119125,48.22158718867478,Jubiläumswarte
16.441675045444015,48.24859463899075,16.444436052943477,48.25157655185492,Kagraner Platz
16.33787188363555,48.210124409296334,16.341933650024473,48.21240536704694,Josefstädter Straße
16.215208066099912,47.92953244623118,16.2170205165789,47.930529434315005,Leobersdorf Hauptschulplatz
16.262234807929513,48.20482046618211,16.263580391799284,48.205719933780614,Wahlberggasse
16.332321987034046,48.23835388129887,16.33366841267923,48.23925331866363,Hugo-Wolf-Park
16.37393576814214,47.96423996747277,16.375275031566208,47.96513943248958,Ebreichsdorf Hundesportzentrum
16.209044704993953,48.008711232502534,16.21068659693688,48.009629567611995,Baden Helenenstaße 53
16.476264811646598,48.20704445745956,16.47773078482482,48.20794404248792,Brockhausengasse
16.492240942379627,48.22530168131477,16.49382948354921,48.22631617558388,Lavendelweg
16.142770190934453,48.226064140287704,16.14456772010305,48.22749826012206,Gablitz Friedhof
16.297608357294965,48.07915776251654,16.29895064242799,48.080057237446084,Mödling Pfandlbrunngasse
16.353255141092784,48.20183637760851,16.3557464351316,48.20296546470361,Stiftgasse
16.09455857663426,48.042714741002655,16.095959018344228,48.04359195874098,Mayerling Schwechatbrücke
16.346370831825705,48.148278841637755,16.348086752772165,48.150745379039925,"Inzersdorf, Kirchenplatz"
16.314023414204172,48.09550287268615,16.315405110123734,48.09697235229836,Maria Enzersdorf-Südstadt
16.4061600280975,48.02982567878105,16.407500971603053,48.03072512118121,Münchendorf Babenbergerseen
16.3965964760079,48.10268471572108,16.398099624503864,48.103588084268424,Leopoldsdorf Petersbachbrücke
16.394811098197017,47.970107571901515,16.396150501506824,47.97100702806079,Ebreichsdorf Golfclub
16.29682410343738,48.22390260325318,16.298533091719932,48.22508129684041,Spinozagasse
16.256379668439617,48.13352786647207,16.2579222277751,48.13444053359294,"Willergasse, Schule"
16.47964725560134,48.22226499061375,16.481314524441043,48.223293946263695,Löschniggasse
16.447094891634617,48.21672607142192,16.4510710805128,48.220657213204724,Stadlau
16.270298689068017,48.15395541184485,16.27281972072505,48.155451351347004,Franz-Asenbauer-Gasse
16.363557575131832,48.21802787887159,16.365199058561668,48.21921483037659,Schlickgasse
16.06094826243862,48.00655137574979,16.06234974888496,48.00755509167011,Schwarzensee Maigraben
16.410592643216955,47.9747093753023,16.411932156483466,47.97560882465993,Ebreichsdorf Döllachgasse
16.424983907317426,47.962338177129865,16.42632309238013,47.963237622832324,Unterwaltersdorf Dr.-Schreber-Gasse
16.293427920621944,48.166256668622026,16.294772479100697,48.16715613134061,Siedlung Rosenhügel
16.273703702533354,48.12903873300989,16.27505339682334,48.13003176694018,Perchtoldsdorf Balthasar-Krauß-Gasse
16.35707981988681,48.190576982113306,16.35842497982184,48.19147641784912,Margaretenplatz
16.36543915030024,48.23074231827751,16.367364752015284,48.23271250205132,Gerhardusgasse
16.393748444192948,48.097570181723796,16.39509115550923,48.098469618238504,Leopoldsdorf Süd
16.444643183004846,48.14941989571522,16.445987216685666,48.15031930424694,Babygruppe
16.606514511243937,48.05106860515205,16.607970885862215,48.05196939481003,Margarethen am Moos Wiener Straße
16.19031641343202,47.84635924534269,16.19172294049642,47.84764716372336,Feuerwerksanstalt Kirchdorferplatz
16.356311660753722,48.17014346470454,16.357796143035547,48.17154493478069,Starhemberg-Kaserne
16.49502606853707,48.155368603887226,16.49832425197389,48.156993125212495,Schwechat Auf der Ried
16.431256174157202,48.26559348411465,16.43262652417436,48.26669511580158,Sorgenthalgasse
16.17539507266709,48.207652700712856,16.177839227222933,48.20855419919039,Purkersdorf Bachgasse
16.505365669162035,48.13571776316216,16.509387281458817,48.13716412151966,Mannswörth Bahnhof
16.29522517879975,48.21953712717772,16.296570820027675,48.22049967261593,Kempfengerngasse
16.214313315888823,47.97374045415943,16.215717718535267,47.97474847154244,Bad Vöslau Goldeckgasse
16.251177770598368,48.00015074817897,16.25251802913554,48.00105025178375,Baden Rathgasse
16.170285121077278,48.20470632394277,16.171701582852197,48.20559007517332,Purkersdorf Schöffelgasse
16.37057846078008,48.24018125809918,16.371977037065562,48.241369041728234,Adalbert-Stifter-Straße/Jägerstraße
16.366761229338135,48.151810780875564,16.36810537036901,48.15271021908679,Undsetgasse
16.184686140229477,47.92018396310866,16.186342051265072,47.921154421140265,Enzesfeld Gemeindezentrum
16.547388206852425,48.124850809842265,16.549386206397436,48.12650302777398,Flughafen Wien AUA Schleuse / CP-West
16.301464295808614,48.18361457141797,16.302809303912063,48.184514028544655,Tiergarten / Palmenhaus
16.312535178185875,48.202436527641545,16.31392484815206,48.203492273201874,Minciostraße
16.22100275238323,47.94251700306006,16.22250986045347,47.94355086073205,Kottingbrunn Defreggergasse
16.402402168804006,48.137015224426385,16.405698311591426,48.138716710776656,Oberlaaer Platz
16.44762077181822,48.23039640894405,16.451166901975785,48.23220357386362,Polgarstraße
16.136380050542584,48.08275912769001,16.13772905072123,48.08375737198144,Dornbach/Wienerwald Ortsstraße 15
16.2610575985963,48.015784811541174,16.2624824012641,48.01694858770301,Pfaffstätten Bahngasse
16.350998726258798,48.08190650588759,16.353337804086202,48.08368660741387,Biedermannsdorf Ortsmitte
16.420132606807265,48.15640461632636,16.421586901474484,48.157406272843225,"Hasenleiten, Industriegebiet"
16.327823315637495,48.22937144477717,16.33006878267125,48.232266484580656,Gersthof
16.252831308871137,48.08780200125374,16.254988895211728,48.088781699349276,Hinterbrühl Gießhüblerstraße
16.373259140975435,48.16802968827032,16.37486625319998,48.169180311839874,Ettenreichgasse/Schulzentrum
16.407845830225433,47.97565277484517,16.409185369475566,47.97655222511709,Ebreichsdorf Sechs-Erltumpf-Straße
16.333129755279465,48.223330739521,16.337794735016555,48.22573527565166,Vinzenzgasse
16.23646694676157,48.097344906337504,16.238586944624107,48.09834796532589,Gießhübl Gemeindeamt
16.312724223978048,48.20560769151816,16.31792705227989,48.2080453076816,"Schmelz, Gablenzgasse"
16.208635467986134,47.98407663973125,16.20997533175701,47.98497616023163,Sooß Obere Hauptstraße
16.218784121164514,47.97663822388737,16.220828193662882,47.978420833341275,Bad Vöslau Hansengasse
16.099758879272027,48.16914500170597,16.10134072179382,48.17018729814335,Pressbaum Brentenmais
16.344047435535458,48.211721697500565,16.346444494404157,48.21341894958817,Florianigasse
16.400346400190468,48.24505697806199,16.402270401442973,48.24690838613434,Josef-Melichar-Gasse
16.315738668814397,48.173519333544185,16.317478127366265,48.17468856645544,Hohenfelsplatz
16.40982980590384,47.938879272335605,16.411168393797276,47.93977872762663,Weigelsdorf Reinerstraße Nord
16.29832762321652,48.14876050049375,16.300705941098304,48.15114913033135,Gerbergasse
16.438784399634994,48.21087670864226,16.441723918678623,48.21301471673984,Donaustadtbrücke
16.363120520533585,48.251032062511875,16.36473091845802,48.25281656808987,Halteraugasse
16.427518451397574,48.16112754922579,16.429995306992737,48.16308829981157,Weißenböckstraße
16.289286643451295,48.133581697200455,16.291421057128883,48.13449650283743,Liesing Feuerwache
16.43731631371761,48.10602786304663,16.43923311502021,48.10710045333656,Lanzendorf Andreas-Radlinger-Straße
16.41544482588016,48.20346004869639,16.41934665364457,48.2084764373549,Ernst-Happel-Stadion
16.31373989291905,48.17644117305743,16.315084706799098,48.17734062690515,Maria Theresia Tor
16.165289330962572,48.02278195195555,16.166682771659477,48.0237339479845,Helenental Krainerhütte
16.12565135700455,47.95251316162345,16.127170440657302,47.95354413837684,Berndorf Friedhof
16.256261549015374,48.015840746384654,16.260116325400116,48.019014969722924,Pfaffstätten
16.09780750915292,48.09508010287913,16.099199088254448,48.095988096693276,Buchelbach Waldgasse
16.476257829747563,47.93857589493836,16.478845221162747,47.93981675891534,Deutsch Brodersdorf Ortsmitte
16.213982241406644,48.20898977325143,16.215574959047515,48.210005626399116,Herzmanskystraße
16.29071699360025,48.12997406528841,16.292060606123474,48.130873534674215,Franz-Lehar-Gasse
16.24775297537073,47.86587661198302,16.249221021863324,47.86720958752943,Theresienfeld Petrigasse
16.216596183233687,48.00199559328742,16.218000411569246,48.002873306456415,Baden Friedrichstraße
16.202255663845673,47.867800706028554,16.203699232026086,47.86881489391988,Steinabrückl Volksschule
16.309686458645903,48.087147980344824,16.311266139511982,48.08806021973683,Wiener Neudorf Reisenbauer-Ring Süd
16.142700482275895,48.21979084762721,16.144046517478376,48.22069035233584,Gablitz Daniel-Gran-Gasse
16.08918485832588,47.963428618775545,16.090939034807107,47.96469348143129,Pottenstein Fabriksgasse
16.363520324019557,48.152269015113774,16.36554983876796,48.15520415475993,Wienerfeld
16.305680113049792,48.136054569105774,16.30704098448493,48.13718513083332,Liesinger-Flur-Gasse
16.075789781545634,48.17716611409357,16.077275920032665,48.17807138592069,Pressbaum Pfalzauer Straße
16.419763347714234,48.273689100591724,16.421110651979713,48.27458849937052,Scottgasse
16.521486908615813,48.20278781555295,16.52283229105739,48.2036871844089,Mühlhäufel
16.274476400088485,47.990614151467796,16.2758163996406,47.99151364849488,Tribuswinkel Tattendorfer Siedlung
16.47944471533214,48.14689352811036,16.48105838677753,48.14797117180653,Schwechat Buchergasse
16.578750264718742,48.012704898261106,16.58021143730208,48.01364470132477,Götzendorf Kirche
16.320696848305737,48.248683179993925,16.322043551409894,48.24958261996862,Sieveringer Friedhof
16.27580741068606,48.18195856674923,16.277152389040133,48.18285803321344,Gogolgasse
16.28980314814777,48.23232777259162,16.292753957728706,48.23487035295255,Neuwaldegg
16.409972330359583,48.279310410272736,16.41285497774362,48.28116843697819,Carabelligasse
16.49148977473823,48.14795612991029,16.493910154926027,48.149134223761706,Schwechat OMV
16.31365314423183,48.20082199540711,16.315383285233352,48.201842860009045,Akkonplatz
16.33363675673231,48.183973210332155,16.336293226061635,48.18613934928006,Längenfeldgasse
16.33238506100545,48.260331197739966,16.334139684576616,48.261349092075015,Feuerwache Grinzing
16.473847773867973,48.23595792370508,16.47542751964051,48.23688177641427,Murraygasse
16.38314944027112,48.24058839360523,16.387302367661317,48.24316491399052,Wien Handelskai
16.4838111442718,48.22669479335405,16.48527685151901,48.22759180656436,Mittleres Hausfeld
16.35698078813049,48.16847347003016,16.358351014586564,48.16964912987203,Graffgasse
16.321473009661368,48.18296717496914,16.32281799005503,48.1838666249934,Bischoffgasse
16.466196981712212,48.13073366592604,16.46763995242569,48.13184310870935,Rannersdorf Wirtingerstraße
16.17259835537189,47.86340439103924,16.17457984585855,47.86432870909635,Wöllersdorf Mühle
16.264348807407668,48.16635375014423,16.26677097996742,48.16732989616436,Jenbachgasse
16.517273167860086,47.959293545138586,16.518773728803986,47.9603291548781,Seibersdorf Unterzeile
16.311071491500996,48.24737147468086,16.31250701183616,48.24835972528426,Kleingartenverein Hackenberg
16.42686841235496,48.151432942528295,16.42847165371856,48.15255943343966,Zentralfriedhof 11. Tor
16.347130668296206,48.21253782672959,16.350836822794122,48.21391337393293,Laudongasse
16.314822611642022,48.16391962331532,16.317514079498476,48.165937341168615,Altmannsdorfer Straße
16.14074560049302,48.22402110036597,16.14228619825851,48.224928199670835,Gablitz Marienheim
16.29476782056341,48.14520424385273,16.2987119811322,48.146806605200084,Brunner Straße/Erlaaer Straße
16.616768964248152,48.07870317063019,16.618756139953355,48.07967292989251,Karlsdorf Mittergasse
16.323073727597556,48.15969184143677,16.325575085148685,48.1619901880202,Am Schöpfwerk
16.25636716897302,48.11583535817139,16.257710430758237,48.11673484179134,Perchtoldsdorf Beatrixheim
16.397822870803907,47.94133187021478,16.399161528899718,47.94223132974752,Weigelsdorf Boschanstraße
16.402295665392987,48.24079255997935,16.404446232011534,48.241738640446634,Verbindungsweg
16.46047271964154,48.144777992623006,16.461931283291857,48.14577890737064,Baudißgasse
16.32920376949929,48.066204949521115,16.330663262788327,48.067187456128906,IZ NÖ-Süd Straße 10/Straße 9
16.454983075382703,48.2120003031659,16.456799426086555,48.21332968099788,Kanalstraße
16.225601568757867,48.21473006070568,16.226947430978665,48.215629539257144,Cottagestraße
16.23619149940377,48.00209720195098,16.237673997883395,48.00300219805237,Baden Gartengasse
16.297339764455373,48.20207805459494,16.2986941354947,48.203073445315034,Burgersteingasse
16.221330692275927,48.209759444484504,16.225366426065875,48.21091545270486,Hadersdorf Bahnhof
16.27924772013896,48.22616227631222,16.281697597522864,48.22774353269289,Plachygasse
16.33702980793615,48.23620729717274,16.338516293825027,48.23715910243053,Linnéplatz
16.285951694059406,47.948966733994425,16.28763280691068,47.950055265688064,Teesdorf Franz-Lejeune-Straße
16.097980339549512,48.1806772682308,16.099354354060793,48.18168983144573,Pressbaum Johannes-Brahms-Gasse
16.380691921704287,48.08006793170853,16.3820851830376,48.081054968147605,Achau Mühlgasse
16.326845467217932,48.26516789351312,16.32836431366441,48.266287531631676,Wagenwiese
16.424816490737882,48.1702162234996,16.426414493455468,48.171707417277275,Bleriotgasse
16.228311968726686,47.96601440885565,16.229669231650842,47.967057391000495,Bad Vöslau August-Schneider-Gasse
16.418415205580853,48.269853586262485,16.422455383578892,48.27195375700946,Siemensstraße
16.21003709068871,48.20970862793341,16.21405107752668,48.21106909560201,Wien Weidlingau
16.47045925778838,47.99708474714253,16.472719581601538,47.998808049791705,Mitterndorf an der Fischa Volksschule
16.425931941940032,48.089031520532444,16.428222501504262,48.090236858117294,Himberg Wiener Straße/Industriegebiet
16.253902676583195,48.01269141553216,16.255331719543108,48.013686684396376,Baden Trabrenngasse
16.060368807334658,48.009272418620064,16.061709392439685,48.01017198134322,Schwarzensee Ortsmitte
16.450160118149537,48.22329820261861,16.45150608153865,48.22419759734352,Am Bahnhof
16.368967944256315,48.21188218601227,16.370313655449472,48.21278161395012,Schwertgasse
16.277235240316642,48.108595547329884,16.278648561262138,48.109550052644316,Brunn am Gebirge Pechhüttenbrunnengasse
16.18824801298918,47.93070430915043,16.189795181482328,47.93168432091643,Hirtenberg Mittelschule
16.07951343071228,48.035722152184086,16.080917764758482,48.03660354759985,Maria Raisenmarkt Abzw. Untermeierhof
16.315836431484907,48.10456486778434,16.317179368233802,48.105464332178215,Vösendorf SCS IKEA
16.274006589050416,48.10697066053789,16.27534961067719,48.1078701394248,Brunn am Gebirge Heinrich-Albrecht-Gasse
16.37093578961855,48.02080559781883,16.372292810852915,48.02182890195965,Münchendorf Trumauer Straße
16.428296472385796,47.96511567799711,16.429635727311016,47.966015121965086,Unterwaltersdorf P.-Silberbauer-Straße
16.402790123234553,48.10390072851739,16.40441927546277,48.104811771563746,Leopoldsdorf Laimerstraße
16.26253313146262,48.159365127027705,16.263879467083107,48.16034847263229,Dostalgasse
16.398373293289445,48.26522655620012,16.40080370748347,48.26614904387647,Ignaz-Köck-Straße
16.44148247891538,48.142000594505845,16.44282632077593,48.14290000545631,Gruppe 84
16.37991213169363,48.22748263675465,16.38166068284615,48.22866828100187,Nordwestbahnstraße
16.165214850350146,48.07122527024845,16.166674656579488,48.072217279585296,Sittendorf An der Teichwiese
16.289608312670943,48.224687003965485,16.29119329070713,48.22563319497104,Wallishaussergasse
16.412587935445682,48.19775609759842,16.41463272391279,48.19947027656208,Wasserwiese
16.202980401931857,48.13754001639245,16.20503422193766,48.13907690978376,Breitenfurt Laaber Spitz
16.178310105785265,48.030733425609185,16.179765691249592,48.03173257437508,Siegenfeld Rosental
16.327381626991844,48.151797897830434,16.32977002199309,48.1535550590016,Schwarzenhaidestraße
16.260666502060467,48.09562165149939,16.2621603004783,48.096562147888164,Maria Enzersdorf Marienhöhe
16.35426973969417,48.06683619802362,16.35651685234549,48.0680110626072,Laxenburg Franz-Joseph-Platz
16.350060367125533,48.10928802516717,16.352703904191497,48.11032976748783,Vösendorf Seeparksiedlung
16.047490161494693,48.17899775235444,16.049916342314965,48.17998494830636,Rekawinkel Sanatoriumstraße
16.391119761485633,48.198706558833244,16.39247233875142,48.19969244106265,Ziehrerplatz
16.607651623343187,48.07823679546305,16.60925538289501,48.079167804753745,Enzersdorf an der Fischa Kellergasse
16.261351607420412,48.14385994460381,16.262783893178717,48.145009654533965,Maurer Berg
16.100099953309876,48.114142132761785,16.101443246454792,48.11504166720138,Gruberau Schusternazl
16.4672642445454,48.229303006515146,16.468610355139017,48.23020239344693,Plankenmaisstraße
16.40725024159545,48.27613332276842,16.409806691121847,48.27815609651873,Großjedlersdorf
16.305405345167053,48.15179760042762,16.306811658882626,48.15277829947681,Auer-Welsbach-Straße
16.454985935134754,48.204501326036166,16.45672303419909,48.205445477015004,Otto-Weber-Gasse
16.44810344619301,48.205225944944374,16.449430751035454,48.206190154285906,"Raffineriestraße, Ostbahnbrücke"
16.244308374565414,48.13719213107576,16.245645727757232,48.13817556827261,Kalksburg Kirchenplatz
16.32173964475683,48.223254805491194,16.32340937373903,48.224569701666574,Richthausenstraße
16.238446596997782,48.22045346332803,16.239792602735914,48.2213529366348,Knödelhüttenstraße
16.246378525295135,47.854727800510624,16.24799228459039,47.85604089969242,Theresienfeld Berufsschule
16.264315560725436,48.09163849479617,16.266054145515756,48.092597905647516,Maria Enzersdorf Siedlungsstraße
16.35151324157331,48.18224907682228,16.353003283542566,48.183186512759505,Embelgasse
16.380679139709514,48.181428162830734,16.382500179061193,48.18307717869071,Alfred-Adler-Straße
16.235207825335998,48.21059706200333,16.23655357439852,48.21149653795948,Oskar-Simony-Straße
16.299888787481876,48.18681543750702,16.306341477998846,48.18887579247343,Hietzing
16.370113074248774,48.209617286049514,16.371458725456808,48.210516713912874,Brandstätte
16.376070050003797,48.18810456622033,16.37768296755362,48.18905618768255,Argentinierstraße
16.216079163208807,48.24547106152619,16.217425836529365,48.246370538436686,Roßkopfgasse/Hainbachgasse
16.313066201323597,48.14132447741474,16.317356455605324,48.14327389001738,Erlaaer Straße
16.357243621177883,47.87618527409161,16.36457178721938,47.87857216738279,Ebenfurth Bahnhofstraße
16.21465988015188,48.06324499455169,16.216351819341213,48.064321005086924,Gaaden Steinbruch
16.313852990722083,48.191267736968456,16.31738313778538,48.19338722233438,Linzer Straße
16.284530487782597,48.158835290128785,16.287611846061484,48.15978665034884,Pensionistenwohnhaus Rosenberg
16.096264732788907,48.18392173186429,16.099720267580807,48.184840068123016,Tullnerbach Hauptstraße/Strandbad
16.2926306674339,48.25161379133944,16.29407601228399,48.25263021569632,Salmannsdorf
16.114438014301182,48.13069245349198,16.11608118491672,48.13159944655382,Hochroterd Abzweigung Sulz
16.19986890561857,47.96257367242138,16.202176090672552,47.96372372464399,Gainfarn Grafgasse
16.11623968165348,47.94239148567954,16.118891731205423,47.943459435648805,Berndorf Niederfeldkapelle
16.301463165242613,48.224129474602584,16.3028092344775,48.22502892536002,Umlauftgasse
16.260213382564014,48.19427332282842,16.261655618324344,48.19523877713037,Pfeiffenbergergasse
16.28884134115215,47.94188407518639,16.29083548978882,47.94332298797397,Teesdorf
16.485609965485693,48.22050200954125,16.486955834194926,48.221401390420745,Aurikelweg
16.334881317152092,48.25880726426608,16.336825168007152,48.259920602759436,Oberer Reisenbergweg
16.377361771376542,48.025856572967015,16.378702628330185,48.02675602699534,Münchendorf Gemeindeamt
16.372931261904988,48.22792417362425,16.374404437474823,48.228901926314904,Karl-Meißl-Straße
16.4540791214821,48.249738939540904,16.45563247619673,48.25078276045444,Markomannenstraße
16.136085322244647,48.09854450279607,16.137436577164628,48.09953799702136,Sulz im Wienerwald Josefsweg
16.200084843409282,47.85574999060604,16.20147982751524,47.8567221830683,Feuerwerksanstalt Industriestraße
16.47535784550917,48.21260601506095,16.476712653598156,48.21360488468222,Stavangergasse
16.388916993837604,48.140014272569154,16.39087729906064,48.141015728245996,Kurt-Tichy-Gasse
16.28135313741788,48.09572516094208,16.28269586230831,48.09662463902059,Maria Enzersdorf Johannesstraße
16.311321855460307,48.13564791849634,16.314718348107466,48.137902780801674,Perfektastraße
16.23091900802732,48.00348416555217,16.232426599325986,48.00463153446687,Baden Gesundheitskasse
16.09243427935459,48.20980862034532,16.094040296483893,48.21072279570258,Irenental Schulgasse
16.383775242158123,48.16892106721418,16.38526486243727,48.169973232797155,Eisenstadtplatz
16.40934022495977,47.94513867273338,16.410678974741355,47.94603812722886,Weigelsdorf Ludwig-van-Beethoven-Straße
16.445140311332228,48.252730071678734,16.446959810259834,48.25416678677772,Kagraner Friedhof
16.401806813014588,47.969116073166326,16.40314618668778,47.97001552679594,Ebreichsdorf Dr.-Karl-Renner-Straße Süd
16.463580717486064,48.21879556885309,16.4683055153324,48.22038226711104,Donauspital
16.139406507354384,48.17198184335256,16.14075129240118,48.17288135661052,Heimbautal Serpentinenstraße
15.975058481015788,48.029921080861136,15.976488219773152,48.030880819097575,Klein-Mariazell Abzweigung Stift
16.197168248501413,48.23103303872225,16.19851595630658,48.23197956100558,Vorderhainbach/Augustinerwaldgasse
16.303000274482564,48.185276171823155,16.304345325237765,48.18617562813945,Hietzinger Tor
16.31481690468154,48.129617869570296,16.31616049503704,48.13051733039225,Atzlergasse
16.350816228852427,48.13618487667297,16.35215997085836,48.137084323289486,"Inzersdorf, Biróstraße"
16.389613606266007,47.904912398450264,16.391149296201053,47.90582410161826,Pottendorf Schulen
16.424985878828075,48.177554649712256,16.429681313497163,48.180313300239476,Haidestraße
16.349232762572548,48.197605341334985,16.35395836687458,48.20001804645555,Neubaugasse
16.287222066817723,48.23634486083191,16.28869383683212,48.23736423916554,Neuwaldegger Straße
16.310058891822663,48.19274909971054,16.31291273836013,48.1942791696856,Reinlgasse
16.04841622233264,47.983697704572734,16.05070480974956,47.985242081807584,Weissenbach an der Triesting Neuhauser Straße
16.27513207362341,48.10817746082972,16.276475126103936,48.109076939132976,Brunn am Gebirge Felsenkeller
16.317260731479074,48.20852734492056,16.320671592449997,48.212329433322815,Schuhmeierplatz
16.36591715432231,48.25769168100648,16.368897871076495,48.26234266629783,Nußdorf
16.063388527652876,48.20724997767882,16.064777972723338,48.208339621877144,Rauchengern
16.193262224586267,47.962256264621,16.19598351875753,47.96345698213234,Gainfarn Volksschule
16.069186374247607,48.177757040269654,16.071804433206328,48.178833361127175,Pressbaum Siedlungsstraße
16.347525580365833,48.20337266379553,16.349667853738932,48.20489071598024,"Neubaugasse, Burggasse"
16.442244825337337,48.23283740572479,16.445793672553773,48.23445857426257,Donaustadtstraße
16.21209245027791,48.000959741633984,16.21343274946429,48.00185925832889,Baden Dörflergasse
16.31694028467831,48.23828009975701,16.31937402273698,48.239460738087594,Scheibenbergstraße
16.40067026985306,47.89186395676109,16.40260322213064,47.89287694411158,Landegg Bleistiftgasse
16.422946934812376,48.23582440902879,16.426130888653784,48.23909346911889,Alte Donau
16.096376128421674,47.957902868529686,16.097929158806288,47.958947448299064,Pottenstein Hauptplatz
16.302065456541502,48.13628970717342,16.304369749725208,48.13731929383697,Eduard-Kittenberger-Gasse
16.38978777175309,48.216353181505035,16.395374023358023,48.22078518298707,Praterstern
16.262667130571742,48.15134045661749,16.264993197307675,48.15242825919238,Gebirgsgasse
16.199421909199224,47.85320261757543,16.200835189526575,47.85432498136755,Feuerwerksanstalt Heideweg
16.527369156754684,48.083358257361375,16.528763940937846,48.0845545424765,Rauchenwarth Kirchenplatz
16.23218652338249,48.00512184665103,16.23458989120374,48.00652785774867,Baden Josefsplatz
16.29539853509414,48.22640611627054,16.29677046578451,48.22748938357207,Braungasse
16.250027206527886,47.997380983631174,16.252509293670773,48.0004451107222,Baden Leesdorf
16.37192110946807,48.174373606637985,16.375455649664136,48.17693449269135,Quellenplatz
16.39609319552332,48.21744340321698,16.397945111847516,48.218433697468186,Venediger Au
16.2761403044262,48.19747345752137,16.278775915498276,48.19847673464914,Hochsatzengasse
16.23846901509042,48.101419296828475,16.240843085803956,48.10234360327593,Perchtoldsdorf Tirolerhof
16.28454656301996,48.19051286837924,16.28777889618702,48.192093775205564,Unter St. Veit
16.29716303597079,48.185589585674485,16.3000302179024,48.18703727065561,Dommayergasse
16.37108415059058,48.210707679734384,16.373010349625954,48.211613720240756,Hoher Markt
16.147556426708622,48.230257786770544,16.149696025700806,48.23160801908855,Gablitz Ferdinand-Ramler-Straße
16.287722929982802,48.212891159387986,16.28905287551958,48.213842340254665,Pönningerweg
16.4308982633868,47.958132577958295,16.43223733630957,47.9590320220039,Unterwaltersdorf Bahnstraße
16.439205637365177,47.96807218037674,16.440544962329277,47.968971619585396,Unterwaltersdorf Figl-Straße
16.308926974659553,48.13179816868107,16.31027062506025,48.13269763128152,Talpagasse
16.581495905278626,48.012577913376845,16.58283629438492,48.0134772865848,Götzendorf Volksschule
16.216636823062593,48.080774563079764,16.218864309568556,48.081818757870685,Weissenbach Abzweigung Wassergspreng
16.248155267922293,48.20323467620408,16.249542927124637,48.20421532357866,Utendorfgasse
16.39631827093995,48.18689940369808,16.40139458305678,48.189607612931376,St. Marx
16.164124837015724,48.21911581264001,16.16564906165176,48.22043418636532,Gablitz Berggasse
16.13179234316105,48.13848053953125,16.133136256596554,48.13938006043184,Breitenfurt Raphael-Donner-Gasse
16.401728490984723,47.97081827328517,16.403067908717638,47.97171772667709,Ebreichsdorf Bienengasse
16.32949498346226,48.21121036777988,16.33243030276982,48.21233857398653,Haberlgasse
16.164970963778593,47.95563738813045,16.16647843117318,47.95671331188521,Großau Berndorfer Straße
16.317633440640183,48.24419366260096,16.319485754162837,48.245157137914944,Kammerergasse
16.450669053188392,48.14418049650069,16.452012946500915,48.14507990346143,Gruppe 152
16.608309552751933,48.08661372506884,16.60965184690465,48.08751307489273,Enzersdorf an der Fischa Fischamender Straße 38
16.279540713643478,48.097514760764234,16.28088348608308,48.098414239198426,Maria Enzersdorf Schulplatz
16.409904652748295,48.16537831539851,16.411397647174866,48.16627808455634,Swatoschgasse
16.31761300212956,48.18346307430896,16.318957997587667,48.18436252565362,Meidlinger Tor
16.245536576165772,48.21455066407281,16.246882423566483,48.215450135889974,Edenstraße
16.23384654445945,48.201475561055574,16.235192055275483,48.20237503890723,Auhof Umspannwerk
16.365225960884548,48.19907621369156,16.371672510371983,48.20329739097842,"Oper, Karlsplatz"
16.329865208291665,48.23668238071861,16.331211591422168,48.23758181924391,Borkowskigasse
16.353246534457096,48.181474466707314,16.354694898007242,48.18241686239433,Siebenbrunnenfeldgasse
16.31634770766544,48.106404168021356,16.317690692053144,48.1073036319412,SCS Ikea Eingang 3
16.21817011442372,48.246592438847856,16.219529994760663,48.24820846105784,Laskywiesengasse
16.540339081937216,48.129041865077234,16.541774127722583,48.130104313485106,Flughafen Wien Mazur Parkplatz
16.367141270667148,48.16423740708531,16.369598448462856,48.16592163837435,Grenzackerstraße
16.25602071566301,48.136428001940565,16.25849580284838,48.13849048279201,Willerbrücke
16.271317660083074,48.135519496474124,16.27266353868343,48.136497003262015,Pumgasse
16.18144598513494,48.236866250345905,16.18292630902965,48.238361749357786,Mauerbach Hauptstraße/Druckerei
16.240451819640867,48.218764863536464,16.241797780092426,48.21966433642635,Moschingergasse
16.436371497935983,48.23977800118225,16.437717901754915,48.24067739877992,Bernoullistraße
16.259279011611167,47.94314564360517,16.261069801299175,47.94467425688309,Günselsdorf Europaplatz
16.331062263382638,48.14040853986201,16.333112853206902,48.142202760979785,Hubermanngasse
16.437866547038055,48.19978494690851,16.439581746912612,48.20073585346745,Stadlauer Brücke
16.278645869211243,48.1262611908156,16.281652963138328,48.12756119222008,Perchtoldsdorf Sebastian-Kneipp-Gasse
16.44680153576433,48.235989274282424,16.44830126159815,48.23689562573506,Neukagran
16.336467702284196,48.18943249644302,16.33885280376369,48.19188313566656,Gumpendorfer Straße
16.1239194166513,48.182505918441336,16.125432077236194,48.183606981559834,An der Stadlhütte Wasserwerk
16.311767367494987,48.18611643905326,16.315705841114962,48.18884647214101,Schloss Schönbrunn
16.17517296292801,48.12241854513772,16.176516436820513,48.12331805482526,Breitenfurt Hirschentanz
16.217162814281863,48.122938259639916,16.21863149491028,48.12413264027422,Kaltenleutgeben Wiener Graben
16.32877092388099,48.19560469841025,16.33035254928897,48.19668206123119,Schmelzbrücke
16.36747976660373,48.24827338859303,16.368826433101848,48.249172811369384,Mooslackengasse
16.283650795571255,48.152044401164915,16.285160702514393,48.15300619831433,Ruzickagasse
16.313978632287903,48.24596950130827,16.31535126815098,48.2470199983894,Strehlgasse
16.312474019332633,48.113104167849286,16.313817180386675,48.11400363211328,Vösendorf SCS Hotel Pyramide
16.245711359064035,48.22348856480528,16.24705744066806,48.22438803515752,Jägerwaldsiedlung
16.330256252431237,48.19474292666454,16.340440906951827,48.19824486410801,Westbahnhof
16.325578559548774,48.217978512750605,16.32820764740396,48.21978480184615,Rosensteingasse
16.34900307872749,48.13241875084326,16.350684937485703,48.13352081442002,Vorarlberger Allee
16.487321208279095,48.22589535382403,16.4908576480052,48.22717745820416,An den alten Schanzen
16.28224922608086,48.092585267949254,16.28437240992343,48.09426717932913,Maria Enzersdorf Josef-Leeb-Gasse
16.395372547845273,48.154304828120644,16.39680485727044,48.155720871641996,Kronawettergasse
16.387757109137247,48.203612421812345,16.389679835679715,48.20473741209371,Weyrgasse
16.28945286890933,48.15262803953107,16.292389453497123,48.15438710500882,Endemanngasse
16.25512331434894,47.99896697000889,16.257142200113766,48.00043664419643,Baden Landesklinikum
16.401491965275444,48.27639623480615,16.406647058693977,48.27844517919625,Haspingerplatz
16.437821534154953,48.132251213879556,16.440052614135553,48.13464738874013,Kledering
16.1471353321186,47.93805079361264,16.148874480502748,47.93900400833271,St. Veit an der Triesting Schönergasse
16.022746460640263,48.02800780731571,16.024256852352934,48.02924785215211,Nöstach Ortsmitte
16.378603978266828,48.16786391724734,16.381379417077365,48.17011772630199,Troststraße
16.427356252061337,48.21922793069368,16.429256043329158,48.22072595963747,Neue Donau Mitte
16.322079127205797,48.17442814145849,16.32343717203003,48.17544145826769,Theergasse
16.163300210047453,47.86449852260953,16.165771314382404,47.866417871380065,Wöllersdorf Löffelwerkgasse
16.244535972163714,47.99957601435159,16.24590892632548,48.00063168491574,Baden Schützengasse
16.296202172592743,48.09271379204118,16.297547127788192,48.09367480791224,Mödling Passauer Gasse
16.433257223786725,47.96125067866733,16.434596375909095,47.962150121294826,Unterwaltersdorf Am Anger
16.357028291227298,48.18417051176769,16.3585052968433,48.18517943501192,Spengergasse
16.23133831819207,47.95432885039404,16.23276638150309,47.955283449550784,Kottingbrunn Brunngasse
16.422652408330737,48.130918097171325,16.42400819145158,48.13193120273106,Klederinger Straße
16.36548175053896,48.109828643574744,16.367427837564502,48.11135735694998,Hennersdorf Kindergarten
16.389294531323007,48.19306882735933,16.39173041618349,48.19421421383114,Kleistgasse
16.133696051669606,48.193199384645496,16.136537005779328,48.194439288176824,Neupurkersdorf Richter-Minder-Siedlung
16.426910598515697,47.912936455316434,16.428403196050624,47.91383914463544,Wimpassing an der Leitha Ziegelofengasse
16.409266304075427,48.20084028109793,16.410795273091264,48.20180107211483,Rustenschacherallee
16.307984367486956,48.17061917156406,16.30932903223251,48.17151862839854,Graf-Seilern-Gasse
16.2461025670859,48.08506095398809,16.247445032647956,48.08596044597469,Hinterbrühl Parkstraße
16.303269046860198,48.08513054107385,16.304754252849683,48.08603135891212,Mödling Hyrtlstraße
16.29047507673614,48.156221144995364,16.291910124019395,48.157423454395094,Pflaumengasse
16.408617795849477,47.947377072769775,16.409956603851775,47.94827652719247,Weigelsdorf Neuriesgasse
16.201654821264654,48.204421920045505,16.204190975154916,48.20564007654785,Mooswiesengasse
16.28963403567596,48.08834356182285,16.290976564048567,48.08924303813977,Mödling Jakob-Thoma-Straße
16.400356631426547,47.9599224721641,16.40169576827627,47.960821927798186,Ebreichsdorf Friedhof
16.339194532500233,48.23953204563488,16.34238834287593,48.2409961097814,Wien Krottenbachstraße
16.21580793616947,48.00556349723414,16.217142162055666,48.00652780240862,Baden Hildegardbrücke
16.195054861777262,47.8536561432394,16.196583048702614,47.8547654319637,Feuerwerksanstalt Stadtweg
16.312440894773736,48.216402946664,16.314727962168853,48.21739698845919,Römergasse
16.32209310449164,47.9741169294482,16.324007609647452,47.97586715364166,Oberwaltersdorf Hauptstraße
16.189858541521033,48.0174843909864,16.191493964498576,48.01915820798914,Helenental Abzweigung Siegenfeld
16.422749968806283,48.16542185651843,16.4254152751595,48.16767888245273,Fickeysstraße
16.343699273919462,48.20132498235244,16.34632280933923,48.20232168008762,"Westbahnstraße, Zieglergasse"
16.487611348143762,48.13824997093538,16.489126550486844,48.139223828649264,Schwechat Am Waldfriedhof
16.360264025426847,48.172646396486506,16.36187497159686,48.17361356327927,Inzersdorfer Straße/Bernhardtstalgasse
16.442864926471316,48.146049995097876,16.44420887321964,48.14694940486429,"Halle 3, Gruppe 40"
16.45048644596729,48.04518333220018,16.45257185580763,48.04612006802864,Velm bei Himberg Stadelgasse
16.126023619838186,48.17078904117767,16.12736837992026,48.17168855878545,Wolfsgraben Bundesstraße
16.377748741765377,48.1774706673153,16.379581587345598,48.17844462098639,Scheugasse
16.136821816862245,48.14058534047998,16.13816578289426,48.14148485948309,Breitenfurt Friedrich-Torberg-Weg
16.416675471621424,48.23799318093021,16.418459996936193,48.239354442417,Rosenschau
16.425082514567748,48.167292064722496,16.42694005186778,48.16866142729523,Geringergasse
16.213549225948107,48.05946200213645,16.21496647624632,48.06038329749826,Gaaden Buchengasse
16.42705809014877,47.955974377035204,16.428397109548445,47.95687382292698,Unterwaltersdorf Schloßgrabenweg
16.345545410911875,48.08404120454496,16.346853494527,48.084975795043555,Biedermannsdorf HLW
16.309382886092084,48.10791646688509,16.310725913627948,48.10881593307751,Brunn am Gebirge Johann-Steinböck-Straße
16.31313047514967,48.04661721986014,16.314503827643716,48.047513679719295,Guntramsdorf Kirchenplatz
16.304625662186318,48.025026659512235,16.30596653753589,48.02592614045039,Möllersdorf Mühlgasse
16.068093050357113,47.99063831828254,16.069433149415794,47.9915378816807,Gadenweith Ort
16.35317994453718,48.191270765167864,16.35756736866627,48.193542282051595,Pilgramgasse
16.389853858013463,48.19973814559339,16.393879690757263,48.203243704447615,Rochusgasse
16.390993359237534,48.227877470249396,16.393721131764277,48.22939555538219,Bruno-Marek-Allee
16.193687919308317,47.921524447626716,16.19520593203127,47.92255916710551,Enzesfeld Fabrikstraße
16.293452173023717,48.19669664157903,16.296411408173416,48.197811045783055,Lützowgasse
16.281925122734204,48.04303042956872,16.283854484239086,48.044384970552144,Gumpoldskirchen Thallernstraße
16.299634071382002,48.070826583613915,16.30101083297669,48.07179191622174,Mödling Bertha-von-Suttner-Promenade
15.979108198273623,48.016379407801814,15.980449001517915,48.017278992161664,Thenneberg Bahnhofstraße
16.280659963509574,48.07064565884776,16.282002036217108,48.071545141114896,Mödling Prießnitztal
16.44016957659492,48.21744382306705,16.44166742325386,48.218343676914245,Eisstoßgasse
16.050087812535683,48.04724592011803,16.05142938724042,48.04814547984527,Alland Reha-Zentrum
16.43114588034139,48.0871966849945,16.432623570546674,48.08826255857829,Himberg Neubachbrücke
16.462086630744903,48.11042703064067,16.46355066457452,48.111460769313446,Zwölfaxing Ortsmitte
16.19361793820687,48.11431347641847,16.194995058098698,48.115262923416076,Kaltenleutgeben Pfarrgasse
16.41071605959542,48.211620593956205,16.412061740101414,48.212520006006066,Trabrennstraße
16.374583068806913,48.234210797151235,16.375914625575692,48.235162402423754,Dammstraße
16.24767099211689,47.99841994744131,16.24901120761778,47.99931945252144,Baden Franz-Gehrer-Straße
16.296714083368165,48.140537169146846,16.29918421782972,48.141694192881275,Carlbergergasse
16.275494599956186,48.15899430296413,16.277203454306715,48.16022326217943,Sillerplatz
16.23220887965411,48.128656447124044,16.233661020075335,48.12962105280457,Kaltenleutgeber Straße 137
16.366097216141057,48.1604632814313,16.3674415835661,48.1613627185311,Kornauthgasse
16.107775573094884,47.94368144554194,16.11095905552582,47.9469966527913,Berndorf Stadttheater
16.420024297224305,48.23357148434786,16.422802808242913,48.235769721098514,Julius-Payer-Gasse
16.335241057680637,48.227449529942575,16.33782030314537,48.228951707065605,Aumannplatz
16.23526638405603,48.009600136148094,16.236598917680116,48.010562463531045,Baden Pfarrplatz
16.483228111914574,47.93597098061653,16.484564689468822,47.93694291912104,Leithaprodersdorf Hauptstraße
16.293214418995948,48.206856222831625,16.295359513757997,48.207875458446374,Waidäckergasse
16.464473491224574,48.21596646255818,16.46584110236339,48.216973237087544,Tamariskengasse
16.39426246248289,48.22250010736513,16.39677651276978,48.22401629782779,Leopold-Moses-Gasse
16.23558632440954,48.003771833023855,16.237545434931498,48.00480635956004,Baden Wassergasse
16.18157845086997,47.912469494372694,16.18292274977714,47.91345590546667,Enzesfeld Hohenluckengasse
16.433491362993713,48.17665354249025,16.435445086792082,48.17787917364416,Franz-Eder-Weg
16.31491324833525,48.179874673539054,16.3162581513826,48.180774126423515,Obeliskbrunnen
16.36045716929006,48.19451508305281,16.36180243041781,48.195414516909615,Schönbrunner Straße/Kettenbrückengasse
16.309992986160413,48.105364638638555,16.31143262006663,48.106426261265554,Brunn am Gebirge Hubatschstraße
16.34448762832377,48.22935068430627,16.34615006073061,48.230712015920155,Gymnasiumstraße
16.08736932512969,47.926190473517586,16.088793918742642,47.92712261425308,Grillenberg Steinhofstraße
16.2069011511841,48.206207024753944,16.208280048102925,48.20729907505994,Ludwiggasse
16.288093783464372,48.12302966427805,16.28943721626,48.12392913568461,Perchtoldsdorf Rembrandtgasse
16.437573853912635,48.13127479313553,16.439321040470514,48.13249450700051,Kledering Bahnhofplatz
16.415964342699958,47.93007640977994,16.418620497617866,47.932912409975096,Wampersdorf Bahnhof
16.485413290656442,48.20883404937993,16.486902707484752,48.20978905015872,In der Au
16.41017617245745,48.2487554967703,16.411522827238937,48.24965490319197,Mühlschüttel
16.404663513707728,48.214989493051505,16.406009285990354,48.21588890691076,Welthandelsplatz
16.244940767360692,48.13128757226778,16.247365239421903,48.1323367289007,Zugbergsteg
16.3780049800088,48.16975914034041,16.379633867331535,48.17068996685592,Antonsplatz
16.071590643249504,48.20059510486803,16.07297315841194,48.20165359432523,Weidlingbach bei Pressbaum
16.40758249135861,47.9484495297233,16.40903100561308,47.94936986957277,Weigelsdorf Kienergasse
16.354340608915116,48.189791993681055,16.355905207400657,48.191153160953014,Bezirksamt Margareten
16.40239770983897,48.24662897810275,16.403818984062905,48.247664621705795,Angelibad
16.353920516505077,48.17461865843153,16.357648747695414,48.17647537779337,Davidgasse
16.3500224890692,48.194285113939046,16.35351355010133,48.19573809848085,Esterházygasse
16.493867545686623,48.157816971477175,16.495485961187345,48.15884881890378,Alberner Hafen
16.191983247122213,48.23862275700522,16.193329752621228,48.23952224295771,Allerheiligenberg Talgasse
16.318679628920023,48.22904551856404,16.32057718734995,48.230088333126034,Krenngasse
16.33703592818834,48.23362254229243,16.338539114726075,48.23475215765594,Gregor-Mendel-Straße
16.51880185062949,48.045533047954436,16.520238050004586,48.046481551909785,Ebergassing Schwadorfer Straße
16.360904220063546,48.21751126021138,16.362545875262697,48.21865103987994,Berggasse
16.43847376630775,48.24493598467305,16.44045749937624,48.24630137596868,Steigenteschgasse
16.3935580188259,48.245471187051656,16.396062352993223,48.24733124187766,Neue Donau
16.188909771023173,48.206901155141026,16.192305378836995,48.20822657059016,Unter Purkersdorf
16.411521637726263,48.17685309920807,16.41470414342966,48.17850334918705,Hauffgasse
16.29344607040788,47.98755661819459,16.29602033251223,47.988531482328696,Oeynhausen Kirche
16.37967321542293,48.177030121812734,16.381044600390737,48.17810444308066,Wielandplatz
16.604817714132032,48.08313560918769,16.607615107983936,48.08460170477173,Enzersdorf an der Fischa Dreifaltigkeitsplatz
16.36715341274043,48.22772289939685,16.36960809859671,48.22969691839256,"Klosterneuburger Straße, Wallensteinstraße"
16.072758442875966,48.05998970696637,16.07441104526701,48.06139789326257,Alland P+R
16.29262397299646,48.07340712968551,16.294079223903136,48.0743271695851,Mödling Dr.-Franz-Josef-Schicht-Gasse
16.305901996452693,48.03782846074791,16.307243203269056,48.03872793921467,Eigenheimsiedlung Igelgasse
16.295085388717883,48.19166957091438,16.296430611004045,48.19256902904826,Weinzierlgasse
16.313879355644374,48.174308517924494,16.315311738924596,48.17533588194242,Weißenthurngasse
16.457955197346994,48.20394633929888,16.4595515426558,48.20494705926698,Rallenweg
16.24096347810712,48.22194346387347,16.24230952162602,48.222842936089336,Nikolaus-Pytty-Gasse
16.31281318154603,48.16521545597506,16.316686858715844,48.16759722529725,Hetzendorf
16.489203973681942,48.1580626804626,16.491355660884935,48.1591253324209,Mannswörther Straße
16.26321127281349,47.9450590829633,16.265664032091504,47.94607301790355,Günselsdorf Kirche
16.29687992314351,48.22817650563511,16.298207979299452,48.229135893809435,Heuberggasse
16.40458598554104,48.22023573013372,16.408759323138046,48.22188298073673,Hillerstraße
16.440904930180732,48.21297856774211,16.44225477050422,48.21395453211649,Kaisermühlenstraße
16.35079159233616,48.063920292867,16.35220331063541,48.06482570657815,Laxenburg Guntramsdorfer Straße
16.25319798960277,47.94278955639268,16.254837807136102,47.94371464379167,Günselsdorf Hans-Czettel-Straße
16.31588110905243,48.13624311648046,16.31825081023094,48.13793256006209,Hetmanekgasse
16.405403476252307,48.1660570976647,16.409320633770967,48.16831852808265,Grillgasse
16.341293312271535,48.23661798280866,16.342639687439846,48.23751741715382,Blaasstraße
16.201229569780516,47.89858903177896,16.202567229965286,47.899488568183905,Hölles Wiesenweg
16.29679418011297,48.17464705967006,16.298601179843295,48.17591309587582,Montecuccoliplatz
16.427685650012585,47.9590950774037,16.429024749684444,47.9599945225585,Unterwaltersdorf Bayernlandl
16.326023842440414,48.134621971995095,16.32736755727569,48.135521427967426,Vösendorf Haidfeldsiedlung
16.21754318110976,48.06963096396638,16.219147820239723,48.070690935882766,Gaaden Sparbacher Straße
16.363594248040044,48.1379140558336,16.364970650696836,48.13902324402882,Heizwerkstraße
16.23771223326216,48.21004056238466,16.239057966471833,48.21094003757814,Riedstraße
16.282656062567394,48.039120799454835,16.286604839626456,48.04223523332842,Gumpoldskirchen Bahnhof
16.23070204204126,48.00967354543993,16.23204255769687,48.01057305452287,Baden Casino
16.39959945083513,48.1857245677787,16.40113150352238,48.18678919153064,Grasbergergasse
16.474188196196923,48.1414254010052,16.4755320034874,48.14232479895684,Schwechat Plankenwehrstraße
16.11176883988096,48.03327581337639,16.11313916028025,48.03433828634687,Schwechatbach Hotel
16.246520327655194,47.99565274702661,16.24786047207976,47.99655225293615,Baden Hartergasse
16.46622217175354,48.1928183379596,16.4677444594539,48.193912411455884,Steinspornbrücke
16.02777352241729,48.02300031502759,16.02911447736383,48.023899884935744,Nöstach Neuhauser Straße
16.409821472744998,48.21695525562611,16.41349715824511,48.21857415354221,Elderschplatz
16.184587519460663,47.86305173434995,16.186075276746482,47.86408996565813,Wöllersdorf Am Wasser
16.176220973990027,47.930527397303436,16.17789555176118,47.9315773277451,Hirtenberg Bahngasse
16.39980463884218,48.22059549255693,16.401150560856856,48.22149490740537,Max-Winter-Platz
16.261698739180893,48.19025017894653,16.263140963163423,48.191149721027024,Innocentiagasse
16.147248185566085,48.173789044725474,16.148593014187778,48.174688555237566,Heimbautal Gartenstraße
16.3025903382654,48.17912296240638,16.3042717658741,48.180277337628524,Tirolergarten
16.261920090974957,48.147639693863226,16.263245706658957,48.148587805658266,Valentingasse
16.40765292507105,47.96057627362176,16.40899207463021,47.96147572634048,Ebreichsdorf Alter Bahnhof
16.20421859190824,48.22742804802364,16.205783573649523,48.22846753953072,Wien Greutberggasse
16.342203867173026,48.219675974176624,16.34553999030552,48.22256749376077,Michelbeuern-AKH
16.426987926344825,47.92182518301045,16.429674154632217,47.923345999433096,Wampersdorf Untere Hauptstraße
16.216962696574612,48.20675705509324,16.221534586244264,48.208179949470605,Auhof
16.327521230534494,47.97443612718442,16.32914637934242,47.975801869534024,Oberwaltersdorf
16.355697548805384,48.2265117846806,16.357043650903044,48.22741121528184,Lichtentaler Gasse
16.41354731688071,48.205135716942955,16.415629235690556,48.206461636846356,Stadion
16.387350150176797,48.276003588323434,16.389294385736324,48.277810459423364,Autokaderstraße
16.171832484231256,48.211816595287594,16.17343021296632,48.21273410483322,Purkersdorf Süßfeldstraße
16.30635949891898,48.21692591546973,16.308918060573387,48.218754067577024,Sandleitengasse
16.293529024969605,48.1370692954726,16.295200874380527,48.13813930422597,Seybelgasse
16.419690694284142,48.178624917968186,16.42173110022053,48.1797598053675,Simoningplatz
16.482269619984834,48.205769546590496,16.483899994336824,48.206796037617835,Niedermeierweg
16.301093644663577,48.16840255830869,16.30303951135564,48.16962262183303,Rosenhügelstraße
16.464531954789535,48.13849585123287,16.46698663648497,48.13957945032372,Schwechat Siedlung Frauenfeld
16.396609969284015,48.13761998931202,16.398355934632427,48.13856201100026,Bischofgasse
16.49935852365818,48.208734665139836,16.501084632985048,48.21075308103593,Auspitzgasse
16.478212646375756,48.13861718347075,16.47972071484056,48.13970284993015,Schwechat Ehrenbrunngasse
16.464679532406524,48.15944961477005,16.46672987679249,48.16048135477534,Mühlsangergasse
16.310832398997523,47.9602274200547,16.3127359063934,47.96152457991523,Tattendorf Oberwaltersdorfer Straße
16.49645016146199,48.21026781710925,16.49811323789656,48.21117318293249,Heustadelgasse
16.412675201176373,47.95139117786988,16.41460520632867,47.95239962295278,Weigelsdorf Sportzentrum
16.082471303962542,47.967403759030084,16.083976494274683,47.96836804048392,Pottenstein Hainfelder Straße 102
16.411352971341604,47.96481617467124,16.412692228358807,47.96571562529099,Ebreichsdorf Mitterfeldzeile
16.27109545247675,48.133275603664416,16.27307954890325,48.13420199648976,Liesing Aquädukt
16.295863096294298,47.95263078898652,16.297624304099248,47.95373791044994,Tattendorf Grenzgasse
16.322799641563883,48.18819997562127,16.324144758152162,48.18909942434127,Siebeneichengasse
16.339465857990294,48.25595228399198,16.340812741721198,48.256851715970505,"Heurigen Zum Berger, Himmelstraße 21"
16.177742448163254,48.239819303323344,16.179405648904,48.24093139665281,Mauerbach Heiligen-Berg-Siedlung
16.31129246739818,48.19576066862187,16.312737787688942,48.19753485588997,Märzstraße
16.43121382146317,48.169118770218375,16.432849303473155,48.17028817499846,Lindenbauergasse
16.475020207579156,48.16941548768843,16.47702234262229,48.17131050613122,Freudenauer Hafenbrücke
16.31746531819847,48.08581935688063,16.31894657787164,48.086850543113975,Wiener Neudorf Gemeindeamt
16.444276968393932,48.21386087145955,16.44574303571254,48.21488552852961,Mühlwasserstraße
16.47889536009381,48.162656143726245,16.480576156316815,48.164072807337845,Fabianistraße
16.344064316579143,48.16920473704625,16.34619896996576,48.17064368518025,Gesundheitszentrum Süd
16.483923763895593,48.22058410920406,16.485269635785393,48.22148349075794,Goldregengasse
16.300892922228048,48.1532907103406,16.302521477275395,48.154324589192704,Kunerolgasse
16.25506572007457,47.878789769278306,16.256561178879736,47.87969463073739,Siedlung Maria Theresia Fasangasse
16.021093079095547,48.02564353338272,16.02272372613737,48.0268006667241,Nöstach Hafnerbergstraße
16.414608010589493,48.18472057266814,16.41613192640306,48.18570206780566,Döblerhofstraße
16.264502728864958,48.119073759833725,16.265846070864512,48.119973240128985,Perchtoldsdorf Marktplatz
16.442923176135814,48.089363033972774,16.444657578596694,48.09069634185845,Himberg Pellendorfer Straße
16.40166047218219,48.202536241592234,16.403346345151466,48.204068882077046,Friedensgasse
16.182218842582994,48.13357566397772,16.183853650740424,48.13451473627252,Breitenfurt Hauptstraße 97
16.388065711776733,48.21912766108321,16.390880105264422,48.22120715626918,Mühlfeldgasse
16.281667939660224,47.94902714945749,16.283006860067893,47.94992665050515,Teesdorf Mittelschule
16.344734651789118,48.19650694435079,16.347802878274084,48.19783771885576,Zieglergasse
16.308077855435684,48.128346024913036,16.310914053438058,48.13146439496647,Siebenhirten
16.366751363533105,48.2213557665803,16.368396028924778,48.22330675586087,Roßauer Lände
16.186511800558197,48.12853674646421,16.187930798457312,48.12966475259874,Breitenfurt Josef-Schöffel-Straße
16.372952514836513,48.181624102837226,16.374456817858817,48.18296368377575,Columbusplatz
16.26339471732553,48.19892899227917,16.26959330414678,48.2014529481055,Deutschordenstraße
16.263280752889674,48.1528945617559,16.264790436281025,48.15398049810937,Heudörfelgasse
16.282913383854282,48.22417053013941,16.284250112098125,48.22508846956027,Kretschekgasse
16.24376259917155,48.202832106119665,16.24572157723858,48.204669104101974,Samptwandnergasse
16.436194850864958,48.20101313048799,16.437653149106772,48.20197876939563,Schipanygasse
16.4066867601027,48.20885029624423,16.40873817595958,48.21010958063193,Rotunde
16.305961749514648,48.0741855805088,16.307283855257815,48.075113619160646,Wiener Neudorf Brown-Boveri-Straße
16.303356749762635,48.03859100351062,16.304979265795197,48.040613761792,Eigenheimsiedlung
16.284814947527046,48.169147441594546,16.288739228019807,48.171280854454636,Hofwiesengasse
16.252514513119543,48.21056943482338,16.254503551273253,48.21206016293722,Wolfersbergbrücke
16.292114757136385,48.16343576816719,16.29345924258658,48.164335231795434,Siedlung Rosenhügel
16.368899426866033,48.25133068909993,16.370246172839195,48.25223011086248,Amtshaus Muthgasse
16.116376366836246,48.03006153181006,16.11775982704628,48.03107686791621,Schwechatbach Brücke
16.374591702439524,48.170254636182825,16.37616729377971,48.17122126214293,Leibnizgasse
16.261977145813805,48.114514505118244,16.263428151344204,48.11541439483759,Perchtoldsdorf Hochbergstraße
16.30988514668245,48.037824558116945,16.31131504959877,48.03871704176632,Eigenheimsiedlung Grillenweg
16.292912388996527,48.21489517569699,16.294410311966175,48.215892824230465,Funkengerngasse
16.459554491231327,48.17092619345295,16.461129241377805,48.171981575257696,Pfaffenaugasse
16.45830710586365,48.15456454722268,16.460205732804223,48.15561632795028,Leberberg
16.431285915571795,48.216305962496804,16.433318688235513,48.21780047385445,Dampfschiffhaufen
16.073442794256103,48.03077152865912,16.07480390460759,48.03180447088592,Maria Raisenmarkt Ortsmitte
16.410343839470393,47.959521874059284,16.411682960230312,47.960421325902985,Ebreichsdorf Postgasse
16.308783360832926,48.09448546572113,16.310126038887432,48.09538493424146,Maria Enzersdorf Südstadt Zentrum
16.387922875458408,48.23546460204668,16.390290783665513,48.23720442184109,Brigittenauer Brücke
16.579074162894717,48.069291947422066,16.58112813766763,48.07020615260554,Schwadorf Schulgasse
16.274435507864826,48.191481601184066,16.27763902203404,48.1928083204145,Ober St. Veit
16.443955501386615,48.130449935810326,16.44604689218458,48.13145696508742,Kledering Gärtnergasse
16.348263193097342,47.99207143922609,16.34974663548432,47.9930355039261,Trumau Triestingstraße
16.371490973520466,48.10862718844495,16.37370422605652,48.109874610156915,Hennersdorf Stiftergasse
16.34103971740654,48.24807586582889,16.342787874971247,48.249631134439596,Paradisgasse
16.37697570315329,48.272070464491165,16.378758461482285,48.273285689481085,Meyerbeergasse
16.4465450565435,48.11230499566395,16.449471940966642,48.114873746838065,Landendorf-Rannersdorf Bahnhof
16.29907984623801,48.02705323683064,16.300985520838044,48.028555211176446,Möllersdorf Lokalbahn
16.32054977283467,48.17999475023718,16.322841619026658,48.18105155107515,Tivoligasse
16.37614214423507,48.137669438558426,16.377818157753484,48.138681594718044,Indigoweg
16.439784424441445,48.13977737555832,16.441137874402052,48.140809924388996,Bertl-Hayde-Gasse
16.43625197814706,48.23506761131364,16.438781077330344,48.23700813705356,Arminenstraße
16.426038206126282,48.159847298721466,16.427735919139156,48.160949569298644,Wilhelm-Kreß-Platz
16.317110760042315,48.07536921971638,16.318422237026844,48.076310579579584,IZ NÖ-Süd Straße 3/Straße 2
16.1201152843105,48.15697513081826,16.122760537931917,48.15922907045901,Wolfsgraben Kirche
16.440708672562398,47.96538348046231,16.44204792713178,47.96628291949983,Unterwaltersdorf Im Winkel
16.257812896869055,48.20132695291222,16.259677723441104,48.20227788848958,Satzberggasse
16.12940360527524,48.11233565219163,16.13093888900959,48.11324774784236,Sulz im Wienerwald Stangau
16.306737735955604,48.245240051029455,16.308208761886267,48.2461436489654,Pötzleinsdorfer Friedhof
16.03794743374193,47.954421077041424,16.03938276480624,47.955323122941735,Pottenstein Grabenweg
16.22808349967916,47.95110109789192,16.229451198832468,47.952211201997244,Kottingbrunn Wasserschloss
16.0042531605579,48.014238223033225,16.006350430227727,48.01529467819277,Altenmarkt an der Triesting Abzweigung Hafnerberg
16.230156199499625,48.20725038349228,16.23173689799937,48.20831301650063,Mariabrunn Kirche
16.292998069297237,48.13315489681048,16.294698733301647,48.13408210337825,Liesing Friedhof
16.34197800053194,48.1476874495648,16.346304299843663,48.14919355407768,Sterngasse
16.240629578729514,48.13778315719998,16.241973421004808,48.138682642762795,Gütenbachstraße
16.27831680850158,48.20090856691208,16.279827190590563,48.201909733018105,"Baumgartner Friedhof, 3. Tor"
16.197066673116687,48.13674370061742,16.198562629094493,48.137691498853364,Breitenfurt Siedlung Eigenheim
16.346504680840955,48.190752272650805,16.34864881187818,48.19195449445166,Kurt-Pint-Platz
16.33303694920013,48.240265083298596,16.33513715461576,48.24123581723396,Rodlergasse
16.394454483239205,48.258848749433625,16.396841767453555,48.261996871338155,Nordbrücke
16.37807667179957,48.18806441850659,16.37949867642249,48.18908091140388,Mommsengasse
16.425323585307204,47.96453228462966,16.42667261611434,47.965590015305224,Unterwaltersdorf Ebreichsdorfer Straße
16.309309122867372,48.20952288917992,16.31255062975938,48.21321388013768,Ottakring
16.412835755731983,47.93639782534686,16.414904639608036,47.93830670983125,Weigelsdorf Dr.-Adolf-Schärf-Straße
16.339785137337792,48.1202608901609,16.34168037084522,48.121637610091305,Vösendorf Schlossplatz
16.15893670672517,47.936580917067545,16.160825316291596,47.93776500887144,St. Veit an der Triesting Hirtenberger Straße
16.419744068908773,48.093423430066565,16.421108246962127,48.094475455089494,Maria Lanzendorf Sportplatz
16.329058131262595,48.24096991830236,16.330415567897745,48.241975281432666,Kratzlgasse
16.33583720801932,48.062874511966136,16.33757799869516,48.06467318658379,IZ NÖ-Süd Straße 14/Straße 16
16.101699645817536,47.95464803722052,16.10395737690018,47.95685048985764,Pottenstein Friedenssiedlung
16.24051745587726,48.09791807756748,16.242075642009027,48.09882992250632,Gießhübl Autobahnanschluß
16.18884853564682,47.91318686512261,16.190324661691037,47.914091434876894,Enzesfeld Remisegasse
16.38771029727998,48.173307793973905,16.390137063643476,48.17455203810122,Schrankenberggasse
16.51184449712601,48.147655735535814,16.51317400021993,48.148625263718955,Mannswörth Danubiastraße
16.016252831099628,47.97110344415135,16.017940567167074,47.972206255667054,Furth an der Triesting Sägewerk
16.395583754622635,47.9425358698802,16.39692244508144,47.9434353300821,Weigelsdorf Fabriksstraße
16.295042743973212,48.087815962740905,16.296385255750167,48.088715437221715,Mödling Restitutagasse
16.279354085507432,48.23983095651167,16.280753207350113,48.24088654319761,Marswiese
16.608788733937324,48.06468149685594,16.61121656537446,48.06600150136659,Margarethen am Moos B10/B60
16.307357724132835,48.0785144656509,16.309126976950196,48.07957903351568,Wiener Neudorf Am Anningerpark
16.39487505210764,48.26272570887804,16.396161851182768,48.263599990692846,"Nordbrücke, Gebauergasse"
16.38838551250699,48.14590838450057,16.389729487195616,48.14680781546175,Hubert-Gsur-Gasse
16.202013073040842,47.89463366177434,16.204094039483213,47.8962623387857,Hölles Feuerwehr
16.29920785413942,48.108179653532915,16.300598776284243,48.109154353154736,Brunn am Gebirge Rennweg
16.286859787512725,47.94471321365669,16.288206210939816,47.94576028629534,Teesdorf Bahnstraße
16.3649766653489,48.19676268120644,16.366436415286632,48.197840888926564,Schleifmühlgasse
16.166286880143314,48.01898504171912,16.168132223889263,48.01993945869053,Helenental Schulzheim
16.006356857223796,47.971875240207744,16.007700042948134,47.97283745972222,Furth an der Triesting Lerchenfeld
16.297052389517134,48.237438674862034,16.298398810203732,48.23833812510058,Schafberghöhe
16.249032725943508,47.99583444747127,16.250372873790912,47.996733952491475,Baden Schießgraben
16.411430897196823,47.94733547331099,16.41276970250383,47.94823492665123,Weigelsdorf Josef-Bartmann-Straße
16.330678452461125,48.247158994771176,16.33205464803642,48.24821720488256,Börnergasse
16.2158102868902,47.92829315471207,16.217284914549463,47.9291980452983,Leobersdorf Gemeindeamt
16.154593388613552,47.93800282931459,16.15640994032491,47.93960642831313,St. Veit an der Triesting Kirche
16.257635984523837,47.98941557798281,16.259037312218727,47.99031562135679,Baden Auf der Heide
16.354199078893572,48.20624582370083,16.357232045147352,48.20759925670409,Auerspergstraße
16.409994670447475,47.97259027501983,16.41133412925311,47.97348972494241,Ebreichsdorf Am Piestingdamm
16.3538399047733,48.23807371463811,16.3554282526607,48.239753283187994,"Döblinger Hauptstraße, Gatterburggasse"
16.348605132130874,48.18474121651063,16.35041166811353,48.1858323142855,Einsiedlerplatz
16.020432324158406,48.084334618820314,16.02177487562361,48.08523418114306,Klausen-Leopoldsdorf Abzweigung Großkrottenbach
16.278171489231994,48.203190054865004,16.279607415869748,48.20407554499241,"Baumgartner Friedhof, 5. Tor"
16.224891971414046,48.00273494806006,16.22623942873721,48.003724651855585,Baden Weikersdorfer Platz
16.357746219924888,48.13877681750921,16.360314721297645,48.14089580097159,Kronfußgasse
16.31754659772752,48.22420852784154,16.31998246795822,48.225491573251084,Leopold-Kunschak-Platz 7
16.439938236733546,48.15285709505397,16.441282362957924,48.15375650490816,Tor 2
16.395984638919995,48.151850328238396,16.39803706748785,48.15339861740566,Filmteichstraße
16.373721740533604,48.20980266051628,16.375188980399543,48.21078909012566,Rotenturmstraße
16.27633126915907,48.14901641836295,16.27797113231398,48.15009398145737,Karl-Schwed-Gasse
16.02285093708499,48.083380019084494,16.024193462696516,48.084279580878885,Klausen-Leopoldsdorf Friedhof
16.26963831512441,48.14194742429576,16.271122112960384,48.14366452538475,Anton-Krieger-Gasse
16.32346443089638,48.20688102146315,16.325627006015818,48.20910483891572,Panikengasse
16.231549441425663,47.94344180656953,16.2330648591761,47.94444799330264,Kottingbrunn Josef-Pürrer-Straße
16.242061067848926,48.00090559933509,16.24373772730584,48.00207330076485,Baden Braitnerstraße
16.40458528341451,48.08608479496986,16.406437622330515,48.087058305591704,Achau Riedenhof
16.288961380644377,48.01458573241046,16.29165428998042,48.01606754279537,Traiskirchen Lokalbahn
16.326095489428873,48.20426879841012,16.328074112092335,48.205769463888835,Camillo-Sitte-Gasse
16.280482960041464,48.18402523963758,16.281904296902862,48.18513075152052,Rossinigasse
16.359558046443283,48.220025749355834,16.361792798388358,48.22178334061311,Bauernfeldplatz
16.471733035873978,48.22649631462107,16.473661450918353,48.22806928595828,Gotthelfgasse
16.33730446429507,48.121506352255686,16.339269630634075,48.12248124837085,Vösendorf Kirche
16.543218119029703,48.18723301890095,16.544563080639108,48.18813238106086,Groß-Enzersdorf Auvorstadt
16.43327878831548,48.20284569328386,16.435279313771996,48.20394960511886,Praterbrücke
16.31199639162918,48.173763498377205,16.314073701976206,48.17476840249872,Gaßmannstraße
16.436405045185676,48.25877585276746,16.438885527662844,48.2602487246457,Zehdengasse
16.391074908677243,48.24993078925875,16.393056100775834,48.251413407782394,Hubertusdamm
16.33085282923515,48.20380401050566,16.33256266289849,48.20477328093118,"Vogelweidplatz, Stadthalle"
16.328704828893013,48.16015238173408,16.33039227439871,48.16108311848746,Am Schöpfwerk/Eibesbrunnergasse
16.364229222005704,48.17568657160611,16.36695486640171,48.176647977764404,Neilreichgasse
16.419602978413188,48.22792967948743,16.42109747859586,48.22907695867912,Schödlbergergasse
16.51546872570918,47.98483269110198,16.517060373159758,47.98574120895647,Reisenberg Erholungszentrum
16.423269227246852,48.17929066127412,16.425806983656038,48.180437184363306,Rappachgasse
16.35200723922943,48.14289690883639,16.35362426307763,48.14397989109617,Ernanigasse
16.323360348221584,48.07540181274914,16.32478844878193,48.07629758716784,IZ NÖ-Süd Straße 4/Mercedes
16.353324086264,48.167125741195505,16.35541878814517,48.16904724818102,Stefan-Fadinger-Platz
16.290316898143985,48.161264437481286,16.29264298293206,48.16265580950468,Am Rosenhügel
16.318089554728527,48.1668666257981,16.32030490203128,48.16881590700482,Sonnergasse
16.381396529938808,48.221041122228634,16.383687245271943,48.22327494183364,Heinestraße
16.319206661668513,48.10999426882085,16.320549738049404,48.1108937311417,Vösendorf SCS Ostring
16.45126189295118,48.19171226869308,16.453175206921156,48.192854830467645,Grünhaufenbrücke
16.426960137536092,48.24725017653167,16.428571671892236,48.24867320744761,Dückegasse
16.288247353524174,48.21087397280843,16.291464739240006,48.21299672401282,Ottakringer Bad
16.41657027477633,47.96269288362615,16.420384206291345,47.96557503875402,Ebreichsdorf Bahnhof
16.288455681799885,47.915530004864884,16.289857219645725,47.91645619493462,Blumau Hauptallee
16.468892593937927,48.21819933906582,16.471683273940993,48.21930632341497,Kapellenweg
16.29194435420584,48.17209203319253,16.293691245866963,48.17317346624703,St. Hemma Kirche
16.266853357048383,48.00150855099515,16.26819364268217,48.00240804896755,Tribuswinkel Volksschule
16.333319520853028,47.88885225843312,16.33567335317236,47.890113085385806,Haschendorf Erholungszentrum
16.432449814315436,48.0364337751769,16.433792585097294,48.037384524722846,Velm bei Himberg Kalter Gang
16.316729104200057,48.160516957967175,16.320159213893113,48.16287643245905,Sagedergasse
16.100079287113,47.93636408273826,16.10164557872686,47.93758374025126,Veitsau Feuerwehr
16.27987137765424,48.18645803704804,16.283413088317293,48.18787628908781,"Unter St. Veit, Verbindungsbahn"
16.434749924857968,48.03842348503185,16.436091074836366,48.039322914930295,Velm/Himberg Schlosspark
16.289867134640108,48.09674425759502,16.291216964812804,48.097730742244885,Maria Enzersdorf König & Bauer Straße
16.3016858276121,48.2107224452343,16.30388147604779,48.211828852236785,Geb. 57 Direktion
16.096069782625108,48.097999855272434,16.097511311848372,48.09903884461696,Buchelbach Gföhler Straße
16.22245102320248,48.207908619792285,16.225640006330714,48.20966786393793,Badgasse
16.298420236603928,48.21800164657058,16.29995515598628,48.21915555344673,Paulinensteig
16.13651899201489,48.05578893832143,16.138578198401586,48.0568453628872,Heiligenkreuz Friedhof
16.364139999294405,48.253737754157875,16.367439832580477,48.255205383113136,Grinzinger Straße
16.51596993477355,48.1461054179671,16.517623370621926,48.14704268230696,Mannswörth Schule
16.08385107448679,47.959772935481475,16.085358161033312,47.96076168222225,Pottenstein Gutensteiner Straße
16.28563522841051,48.196381254990925,16.28842945181133,48.19740883039432,Seckendorfstraße
16.35590552073932,48.18772833768608,16.357478405676915,48.18898230987959,Bacherplatz
16.31646817230767,48.25370451942725,16.31803853054573,48.25461958067045,Sievering
16.348186761155855,48.000146077302176,16.349738243526694,48.001244422762674,Trumau Scheibenackerstraße
16.398228710079287,48.22168085076894,16.39981984840458,48.22274031640052,Harkortstraße
16.3473203341686,48.20871916748701,16.351395194400705,48.21033667069029,Lederergasse
16.39741862059375,48.2514160904094,16.399150374328674,48.25261110969423,Broßmannplatz
16.556019155963643,48.123458116610266,16.557362443703482,48.12435748335149,Flughafen Wien Fracht / Parkhaus 8
16.329476913427985,48.19102966875839,16.33289718221741,48.19231484006815,Geibelgasse
16.355373006181868,48.17644563407858,16.360954359496034,48.18157790204965,Matzleinsdorfer Platz
16.28282256648137,48.14692850127269,16.284591134968778,48.1479842438196,Rudolf-Zeller-Gasse
16.483877511410522,48.13935651742126,16.486546682864553,48.14038678376088,Schwechat Rotes Kreuz
16.249060351439027,48.08483734418859,16.250408347702624,48.08583645576529,Hinterbrühl Gaadener Straße
16.326445042911924,48.227074084216156,16.32936866593344,48.22847655690859,Czartoryskigasse
16.439764003316004,48.14775359461833,16.441107996375578,48.14865300534383,Friedhofsgärtnerei
16.256033026621957,48.20504198568594,16.257478170849936,48.20596921378922,Freyenthurmgasse
16.318745865477585,47.968750804765854,16.320122730399238,47.9696281949828,Oberwaltersdorf Lichtäckerstraße
16.223267872995972,48.124516694537476,16.227314382906442,48.12622202729039,Rodaun Waldmühle
16.44052963240512,48.079336080459,16.442257500107434,48.080278278037916,Himberg Hintere Ortsstraße
16.172287369865497,48.20601065124533,16.173633029882584,48.20691014871765,Purkersdorf Schwarzhubergasse
16.198685463638924,48.20569286315782,16.202225162555727,48.206929171804354,Purkersdorf Sanatorium
16.242809818402804,48.011734047657754,16.244150381332727,48.01263355230503,Baden Erzherzog-Wilhelm-Ring
16.37675534571526,48.079662339644315,16.37947839310402,48.081868290041434,Achau
16.30193380545103,48.11524152769214,16.303364193487628,48.11618407210634,Brunn am Gebirge Hamerlinggasse
16.461022399131785,48.23477961603627,16.46392878694254,48.23728865551979,Süßenbrunner Straße
16.3957709355889,47.98270147307615,16.39711066411455,47.98360092688615,Ebreichsdorf Betriebsring
16.281650377439924,48.22954664558377,16.283987931759007,48.23063515589127,Grasgasse
16.29259108379305,47.98451365417967,16.293930915932272,47.98541314578293,Oeynhausen Haberlgasse
16.34925375955168,48.24469338711006,16.35111451457298,48.24566988377003,Saarplatz
16.314619480311435,48.06397601150194,16.31595281763161,48.06494348803382,Neu-Guntramsdorf Dr. Theodor-Körner-Platz
16.355894520322792,48.20416126435535,16.362047198077178,48.2074082786717,Volkstheater
16.28991995284683,48.20625836260922,16.291311652196715,48.207130837145044,Flötzersteigbrücke
16.24664642571185,47.88617801761632,16.248887980099934,47.891462316908914,Felixdorf Bahnhof
16.129407008722318,48.141077039365186,16.13075099103576,48.14197656059791,Breitenfurt Wolfsgrabenstraße
16.29300440148829,48.19829157106528,16.294349798234,48.199191028897346,Hanusch-Krankenhaus
16.24067047205336,48.20909455684685,16.242045526639256,48.21019744303056,Pfarrwiesenstraße
16.480116533057302,48.21902821188836,16.482332559549867,48.220785600666595,Haberlandtgasse
16.347609637069738,48.189062980236336,16.34895476264097,48.189962419726136,Brückengasse
16.357829995515402,48.21615565254628,16.360668164712358,48.21841220339851,Schwarzspanierstraße
16.39654047321371,48.20885089890894,16.39846128014933,48.21028914919453,Josef Gall Gasse
16.491546203180423,48.02362385216327,16.493237586686362,48.0249713481026,Gramatneusiedl Gemeindezentrum
16.47347849918484,48.221442354309836,16.47651288241611,48.224172024645064,Aspernstraße
16.295923968137334,47.98579165487241,16.297263831587262,47.986691145090205,Oeynhausen Strauchgasse
16.410191547560856,48.18881871674296,16.41817496034154,48.192564589846995,Vienna International Busterminal
16.294553791276023,47.98397545448587,16.295893608448893,47.98487494547672,Oeynhausen Friedhofstraße
16.318963665611246,47.97640183793652,16.320784020461225,47.97798196257707,Oberwaltersdorf Europaplatz
16.385387528192968,48.15230098443245,16.386731671510184,48.15320041552991,Ada-Christen-Gasse
16.393680431120156,48.253246481931534,16.397282336068983,48.254757736686905,Matthäus-Jiszda-Straße
16.18863623578467,47.84797752698727,16.19001746163259,47.8498391988038,Feuerwerksanstalt
16.362725163559713,48.164548847277516,16.366286911882998,48.16728300537947,Raxstraße
16.471500018434178,48.142703057674176,16.473893773594728,48.14386028716909,"Schwechat, Wiener Straße"
16.14836716526989,47.932803733060176,16.151096987421703,47.93403294593301,St. Veit an der Triesting
16.367271204219943,48.207268185330946,16.368616795486282,48.208167614631435,Habsburgergasse
16.09664451958106,48.118887850183675,16.098022776480047,48.11976434897494,Gruberau Heiligenkreuzer Str. 35
16.28976795605861,48.170393939803404,16.292966726530754,48.17139514062338,Wattmanngasse
16.417001903851943,48.27195979732328,16.418493895000946,48.272926302358535,Siemensplatz
16.213880740156856,47.86951961231211,16.21548836827445,47.87076948786166,Steinabrückl Mitterweg
16.325422970158023,48.23949658013023,16.32676942955672,48.240396019832296,Döblinger Friedhof/Felix-Dahn-Straße
16.229369081778763,48.00609598131817,16.231052011530974,48.00731761886198,Baden Johannesbad
16.40363434013617,48.192437823215464,16.410629167126714,48.196775788737895,Schlachthausgasse
16.50648732455339,48.208850912912546,16.507832875122933,48.20975028704939,Haengasse
16.26539239793855,48.08061987370629,16.26731240596594,48.08157942674191,Vorderbrühl Jägerhausgasse
16.365940414423125,48.244597288015335,16.36728698528283,48.245496711947084,Muthgasse
16.418883182691108,48.10202871533216,16.421121848702796,48.103166630520825,Maria Lanzendorf
16.194237933667207,48.132684949045746,16.195581666077114,48.13358445091718,Breitenfurt Volksschule
16.398661238593434,48.17452119725983,16.400702761935186,48.176246532208815,Geiereckstraße
16.25218655007722,48.001755148478544,16.253526849656453,48.00265465148421,Baden Kanalgasse
16.477610956067934,48.227425193443885,16.479524636746046,48.22945277420465,Lina-Loos-Platz
16.404901023731913,47.952878472484876,16.406239975970045,47.95377792747738,Ebreichsdorf Theodor-Körner-Straße
16.29108588054605,48.21512157204799,16.29243171917642,48.21602102791466,Liebhartstal
16.402233463117355,48.273094580284,16.404791291289136,48.274652980658296,Trillergasse
16.22526987506211,48.00649688924432,16.226763319175987,48.00739891069914,Baden Pelzgasse
16.2576332676782,48.19533943499587,16.26521595873645,48.19860305704244,Bhf. Hütteldorf
16.327218474275075,48.13985145667535,16.32969093819011,48.14244485332567,Neu Erlaa
16.408921535344017,48.168931768398295,16.411434642022474,48.1709359851184,Am Kanal
16.06790054542578,47.977790762737705,16.069378253843485,47.97876013702553,Fahrafeld Feuerwehr
16.309226946749963,48.11396378741256,16.311195352290227,48.11510341127306,Brunn am Gebirge Wiener Straße 198
16.1846992267387,48.07458948283959,16.186051173286035,48.07559101704677,Sparbach Tiergartensiedlung
16.45161219336212,48.151144078504245,16.454382569914358,48.15249670950631,Zentralfriedhof 4. Tor
16.404001529347568,48.15943881425308,16.405761370547033,48.16033888568147,Männertreugasse
16.137679847845178,48.029915344745135,16.142251387432516,48.032260060474684,Sattelbach Bundesstraße
16.401554368205545,48.22001358867609,16.403057904813693,48.22103888027166,Erlafstraße
16.303464554331057,48.08767450490872,16.305264325164043,48.08895218470106,Mödling Templergasse
16.290462778224548,48.14099397297708,16.293099836724256,48.1423418922555,Leopoldigasse
16.22970186475163,48.21511466142692,16.23104773498402,48.2160141385359,Korngoldgasse
16.416685542037346,47.936245049187775,16.418120056343845,47.93748085037623,Weigelsdorf Grenzweg
16.44632538192068,48.227008088783904,16.44816752421396,48.22798301179027,Schreinerweg
16.300643697160204,48.217883798280724,16.30198970149288,48.21885580144806,Kollburggasse
16.425126175086522,48.25570422920451,16.42665982360686,48.256611070831575,Hans-Czermak-Gasse
16.385015811807843,48.22233538986715,16.38636178789435,48.223234810095214,Volkertplatz
16.085478513128947,48.21035827728534,16.087208192892927,48.21131312312529,Irenental Am Forst
16.277492149824994,47.94815554865539,16.278831049904024,47.94905505130727,Teesdorf Volksschule
16.21953404497436,48.00923124352682,16.220874554766144,48.01013075643603,Baden Bergsteiggasse
16.107452162033795,48.13080616578676,16.108958039754484,48.13171333424316,Hochroterd Grafenbergstraße
16.276327380887146,48.10764386099707,16.27767041883995,48.10854333896558,Brunn am Gebirge Wasserwerkstraße
16.42989684201889,47.959763677889974,16.431235957677664,47.96066312207219,Unterwaltersdorf Hauptplatz
16.343273880220305,48.239102583368876,16.34462031949061,48.24000201659362,Chimanistraße
16.447218984000642,48.141741095622734,16.448562815689446,48.1426405043394,Gruppe 142
16.332798528548857,48.074407468496275,16.334140671166658,48.07530693146623,IZ NÖ-Süd Straße 1/Straße 14
16.357645826037817,48.15495225953347,16.36172410749548,48.15653341622623,Frödenplatz
16.36039681708317,48.24374343993276,16.363535458147847,48.24597517798386,Gunoldstraße
16.39991183129691,48.19015623381656,16.402539675812466,48.19152323181398,Viehmarktgasse
16.337103910558923,48.13587375224869,16.33921081350708,48.13687715334409,Vera-Schwarz-Gasse
16.422138459239957,48.225214528408614,16.424936648888327,48.227161429352144,Schüttauplatz
16.4605835627829,48.159608609893944,16.462169355950678,48.16063257285025,Halterlacken
16.22676189079624,47.99972546695751,16.22808230677037,48.000673832530595,Baden Pötschnergasse
16.35162020272814,48.057807133172645,16.353198100398927,48.059276265724,Laxenburg Erholungszentrum
16.530389042061888,48.08285635264733,16.532017158447196,48.083762647354675,Rauchenwarth Raiffeisenstraße
16.237505129815567,48.08261307663449,16.239409573745135,48.08385572309454,Hinterbrühl Forstweg
16.325437560962765,48.17152624909914,16.329448954317453,48.1730766166574,Wienerbergbrücke
16.35275553471402,48.17193717925089,16.354628481490796,48.17353270699965,"Knöllgasse, Troststraße"
16.48837491783407,48.213193287646426,16.490331679542617,48.21413271270552,Hoechlegasse
16.171086669441046,48.241166563519606,16.17372592834284,48.242115036956314,Mauerbach Kreuzbrunn
16.37540338992435,48.2144066538986,16.376773012056507,48.21544174528608,Hollandstraße
16.134090887247076,47.9414720836213,16.136869479550892,47.94271125711767,St. Veit an der Triesting Buchbachgasse
16.306226049434407,48.243000368364754,16.307935049075482,48.24410193140537,Khevenhüllerstraße
16.471524435380502,48.233747561847885,16.472980362567366,48.23468663772135,Fritz-Feigl-Weg
16.344435142608802,48.154726187040204,16.34618578107579,48.1558334615708,Jungbauerweg
16.285640166210907,48.07181160749067,16.287066130714564,48.07272289185781,Mödling Prießnitzgasse
16.1475142215054,48.08958091090776,16.14882537573874,48.090509388559994,Sulz im Wienerwald Abzweigung Rohrberg
16.08564865378079,48.181651772257894,16.08704655252233,48.182682827538045,Pressbaum Dr.-Niedermayr-Gasse
16.311467022872495,48.140431244837416,16.312816877923098,48.141437255104535,Herziggasse
16.219021655041836,48.136657546761235,16.221528635352644,48.13776565497681,Breitenfurt Grenzgasse
16.37613774937955,48.197822014125045,16.378035677870617,48.19913941813975,Am Heumarkt
16.41720534006377,48.13182967976914,16.41918332547112,48.13293079594116,Kirsteweg
16.44422358566269,48.03944710868623,16.44560520780054,48.04088989122863,Velm bei Himberg Nelkengasse
16.03059021816399,48.03462852791918,16.03199298623066,48.035550949573555,Nöstach Oberdörfl
16.32300739567752,48.073860927300515,16.324398607865003,48.07482277260088,IZ NÖ-Süd Straße 3/Straße 4
16.28609094692694,48.02098758995627,16.287468356345553,48.02221970992329,Traiskirchen Europaplatz
16.402705934548713,48.152193387737924,16.404050065150738,48.15309281222434,Burgenlandgasse
16.398173844272108,47.974352172880096,16.399513355430955,47.97525162708221,Ebreichsdorf Arbeitergasse
16.279509637098087,48.10339236122101,16.280852562628393,48.10429183874167,Brunn am Gebirge Wällischhofstraße
16.438994903820006,47.97839498114723,16.440334495874342,47.97929441881494,Schranawand Hutweidestraße
16.34776428675913,48.174502751714535,16.34994311341436,48.17540984824904,Klinik Favoriten
16.321467081755795,48.162153673331765,16.322811517960897,48.16305312663078,Khleslplatz
16.37620989210629,48.24293171782467,16.381021022079256,48.24506643172247,Friedrich-Engels-Platz
16.517313279693592,48.20560031796766,16.518873452849896,48.2065649025983,Ultzmanngasse
16.10209987963732,48.0904325224681,16.103792919318785,48.0915205772525,Grub Ameisbühel
16.48402701704939,48.159099614771556,16.485904009657382,48.16093850194219,Albern
16.28059321159321,48.24214916434081,16.282199188552646,48.24305133562863,Artariastraße
16.40014443643004,48.21742976239882,16.402061649277623,48.21864677490161,Perspektivstraße
16.321859080148407,48.143600668468764,16.323659908806288,48.145031831931774,Goldhammergasse
16.385607617972692,48.23712939114243,16.386953981729157,48.238028808819905,Allerheiligenplatz
16.479377760737307,48.20644146216343,16.481259521628157,48.207447509602794,An der Bien
16.34019939022654,48.18448183114959,16.34172303098824,48.18539119527976,Steinhagegasse
16.42644596202457,48.20798550428727,16.427801938005775,48.2089900955937,Marathonweg
16.39201407544249,48.14882678542245,16.393358124259297,48.14972621453986,Jura-Soyfer-Gasse
16.43856616666011,48.19048781465257,16.44066474093744,48.19149551675031,Lusthaus
16.125475884217565,48.18889100618479,16.127654673908395,48.19081754174,Untertullnerbach Bahnhof
16.434908023980604,48.13158728550205,16.43686376907299,48.13258601529357,Kledering Kirche
16.295439104270187,48.11391076486349,16.29678229545275,48.11481023509913,Brunn am Gebirge Karl-Etti-Platz
16.424707163220994,48.261818973330136,16.426540230466156,48.26279122723971,Edelsteingasse
16.340763863832876,48.17157997759879,16.342108535879554,48.17247942236371,Kastanienallee
16.23562820363711,47.96552707553743,16.237093792669096,47.96654622444704,Bad Vöslau Flugfeldstraße
16.247197671909117,48.08605144727688,16.24921651294268,48.08740510560959,Hinterbrühl Beethovengasse
16.393312584550934,48.13832823044781,16.395272111187104,48.13929147009039,Hämmerlegasse
16.39571846144041,48.14823527434916,16.397585725478447,48.149783026180344,Gartenschaugasse
16.228954836353218,48.13744288347563,16.230511861422592,48.13841481581898,Bohattaweg
16.1601915884531,48.024373239439605,16.161537310095312,48.02540266051549,Helenental Abzweigung Augustinerhütte
16.307491437222613,48.231151749671554,16.308940957525245,48.23218545023491,Kleingartenverein Alsrückenweg
16.473835568231483,48.135896500499186,16.475179231453005,48.13679589946287,Schwechat Schloßstraße
16.31006981864232,48.082385065000736,16.311412181077934,48.08328453496182,Wiener Neudorf Martonygasse
16.44607977190858,48.24288718021312,16.44743722887508,48.24391641970558,Mergenthalerplatz
16.223005684626003,47.96379114333656,16.22436561948616,47.965051056582624,Bad Vöslau Alleegasse
16.439206997734065,48.08559802457545,16.440735006147587,48.0874148073283,Himberg Hauptstraße
16.348780761006704,48.22826634604565,16.359563178844322,48.237031616570405,Nußdorfer Straße
16.342083410963088,48.18519169838369,16.34502756072771,48.187673336499195,Gaudenzdorfer Gürtel
16.31824015852626,48.15621658462152,16.32007623076474,48.15764891579162,Jungnickelweg
16.16725458036379,47.910670931268655,16.168663617452246,47.911630568692026,Lindabrunn Angergasse
16.3957330162525,47.9755004407694,16.397270989670794,47.976622959299156,Ebreichsdorf Gewerbepark Nord
16.581168872725208,48.013755726086,16.582989327397158,48.01486237320084,Götzendorf Hauptplatz
16.431802085590515,47.96417327861113,16.433141314105566,47.96507272135105,Unterwaltersdorf Lindenallee/Sportplatz
16.266988082802463,48.13186454512629,16.268347118763852,48.132947854792285,Perchtoldsdorf Am Soßenhügel
16.19163245873021,48.23609534915541,16.19376506015575,48.23802755185911,Steinbach Feuerwehr
16.304629686562535,48.19328160388242,16.307651800172994,48.19424988830366,Diesterweggasse
16.280280215664906,48.22748247111255,16.28162638405971,48.22838192885012,Veletaweg
16.31920457084766,48.11696386936852,16.320547828870158,48.11786333059403,Vösendorf SCS Park/Europaring
16.278578666184885,48.162458143167676,16.280811497604795,48.164212989842525,Riedelgasse
16.383875449135118,48.15066428401638,16.385219550568383,48.151563715945976,Pensionistenwohnhaus Laaerberg
16.603178530723675,48.08817712406089,16.60452086893398,48.08907647590067,Kleinneusiedl Enzersdorfer Weg
16.08042700007424,48.181189393201535,16.08212770093434,48.18228300646644,Pressbaum Klostergasse
15.983536583347123,48.01646028815753,15.985534787190518,48.01795843350711,Altenmarkt an der Triesting Abzweigung St. Corona
16.42978580115731,48.147694092648536,16.43112979853641,48.14859350731367,Gruppe 78
16.493394907367403,48.016920222292455,16.49484529516679,48.01784687718861,Neumitterndorf Dr.-Kirchberger-Straße
16.19688686146124,47.92293702009382,16.19840654666139,47.92412297994522,Enzesfeld Wiesengasse
16.326249182994225,48.17988641587824,16.327748608041166,48.18159658386419,Haschkagasse
16.367551423903496,48.10951242966817,16.369313866384108,48.11087387065845,Hennersdorf Peter-Rosegger-Gasse
16.514340282343753,48.201795502854075,16.515732253414303,48.202870997077724,"Eßling, Wegmayersiedlung"
16.292161464281673,48.03706435551992,16.29424022542577,48.03858634487747,Gumpoldskirchen Am Kanal
16.21828032488655,48.248432362126735,16.219627074851115,48.24933183783613,Hinterhainbach
16.48266637240036,48.2237513790277,16.484065133155713,48.22515122083445,Billgasse
16.329720096135034,48.16329453429615,16.33183221484933,48.16469585834422,Schöpfwerk
16.322632404884448,48.05901580045645,16.32416839675974,48.059925199589316,Neu-Guntramsdorf Eichkogelstraße
16.39610686219455,48.25693721976833,16.39845662242381,48.25885781972544,Am Spitz
16.15259886471195,48.15879446841592,16.15394813556388,48.15977223152093,Laab Roppersberg
16.199679344082412,48.053719114876046,16.2013038568831,48.05473808460894,Gaaden Feuerwehr
16.101285412329442,48.20330240164401,16.102866185344567,48.204216598449925,Irenental Brettwieserstraße
16.229623584511806,47.93682733923243,16.23207454815715,47.94051454611133,Leobersdorf
16.608693225493006,48.08871852531904,16.610035574163458,48.08961787464252,Enzersdorf an der Fischa Julius-Raab-Gasse
16.33752438691043,47.99293256295372,16.338864412805233,47.99383203700875,Trumau Schloßgasse
16.276614353677257,48.18704251664083,16.278461431958643,48.188232680722976,Preindlgasse
16.454002477516198,48.17655458528946,16.455613965742785,48.1775570993467,Wildpretstraße
16.39744560250779,48.14119876488727,16.401273257299408,48.14403197215609,Oberlaa
16.220740995885578,48.21413168913079,16.222520406404485,48.21516550970034,Schloss Laudon
16.014178613836247,48.08848769295076,16.015760478441337,48.08968470714829,Klausen-Leopoldsdorf Volksschule
16.22253483024633,47.968128882315355,16.224884930082606,47.971729592700484,Bad Vöslau Bahnhof
16.335699891331107,48.217081024875014,16.337519827724666,48.21812195455351,Palffygasse
16.39419597547285,48.12361700302774,16.3955498236525,48.12464079691247,Rustenfeld Siedlung
16.31735808385249,48.12840435386779,16.319085122512707,48.12936224656308,Sevcikgasse
16.307135780051027,48.14044528380172,16.30848571903343,48.14144961615157,Forchheimergasse
16.33621821465974,48.20581317945472,16.337563785053174,48.206712620507766,"Thaliastraße, Koppstraße"
16.422791057580106,48.262912809183554,16.424369553099673,48.264021739837396,Leopoldine-Padaurek-Straße
16.134241060510973,47.949489244351255,16.135558437106386,47.95042815520513,Ödlitz Kirche
16.28349769683043,48.0835192603597,16.284840102895473,48.08441873960298,Mödling Babenbergergasse
16.466214676598064,47.990185639967976,16.467576026515985,47.99107265954182,Mitterndorf an der Fischa Unterwaltersdorfer Straße
16.253266675738534,48.00751514911743,16.254607123994834,48.00841465084529,Baden Hochschulpromenade
16.032601389040856,47.97368470634072,16.034753975903968,47.97465477642495,Weissenbach an der Triesting Sportplatz
16.345543737990305,48.16600697804192,16.34688826172118,48.166906421920544,Hertha-Firnberg-Straße
16.377712671280065,48.20152976741013,16.38098660073707,48.2037296384012,Stadtpark
16.4479788520169,48.2388852185845,16.44943694294646,48.23977738128239,Kagraner Anger
16.234744165730447,47.96369953431947,16.236170734304203,47.96465026560532,Kottingbrunn Eschengasse
16.268572419768752,48.11217975999917,16.269915579959946,48.11307923996353,Brunn am Gebirge Franz-Rehmann-Gasse
16.404566759149393,48.20818951478841,16.40675215181474,48.209547153807364,Prater Hauptallee
16.390918195200854,48.147289385092265,16.39226220450119,48.14818881487005,Wendstattgasse
16.166790090972174,48.13515843848988,16.168829707852563,48.13631315998107,Breitenfurt Ludwig-Steindl-Gasse
16.247926124876734,48.21851106479307,16.24927207485495,48.219410535169686,Karl-Bekehrty-Straße
16.43839100711873,47.885623923077496,16.43991619473336,47.886590476405196,Hornstein Esterházystraße
16.385433495270775,48.230127255730075,16.38740829094299,48.23163434235516,Innstraße
16.43258064733127,47.95941327838969,16.433919752364716,47.96031272157249,Unterwaltersdorf Goldackerstraße
16.27229120528999,48.01529608260416,16.273648493628183,48.016353117317635,Pfaffstätten Wiener Straße
16.284401860525655,48.08168166084934,16.285840943323418,48.08268513911381,Mödling Jasomirgottgasse
16.333893380012483,48.24614553491439,16.335556526532194,48.247090265408985,Daringergasse
16.045460830359666,48.153304627794085,16.046805169416245,48.154204172169216,Pfalzau Kaiserbrunn
16.382172973008707,48.16020026395449,16.384336169273634,48.16332016468569,Altes Landgut
16.370205367493863,47.876390176461584,16.371967529607744,47.87755282341639,Ebenfurth Hauptplatz
16.468981286855723,48.20785780242524,16.47088661528102,48.209048921186955,Schütthäufel
16.403484563281918,47.965264673186354,16.404823836420153,47.9661641267759,Ebreichsdorf Feldstraße
16.326189108070086,48.23408964805242,16.328942084074917,48.23580990980982,Türkenschanzplatz
16.233425119644707,47.96003184309553,16.23479378279872,47.961201156792185,Kottingbrunn Franz-Gruber-Gasse
16.304928199435015,48.08894792409101,16.306283100717064,48.089963875785436,Mödling Grenzgasse
16.037373299132526,47.9757291391187,16.038734095895702,47.97671108341834,Weissenbach an der Triesting Mittelschule
16.43385478719509,48.25759380392764,16.435455449031355,48.25866986509448,Vorwärtsplatz
16.11988699701766,48.16238551783634,16.121390808052332,48.16387648166462,Wolfsgraben Hauptstraße
16.44333813757856,48.18466205096578,16.445404648063356,48.18633984974219,Rennplatz Freudenau
16.284405817895195,48.10496546220635,16.28574878183022,48.10586493775632,Brunn am Gebirge Winzerhaus
16.61007497957467,48.11845086201519,16.611428219784113,48.11946383792234,Fischamend Fischaturm
16.34462616204923,48.18317630848769,16.34709157558268,48.185248975882764,"Arbeitergasse, Gürtel"
16.292250818783973,48.0084517770492,16.29456407172126,48.00954022448556,Traiskirchen Gregor-Mendel-Straße
16.074209321494838,48.16837057504031,16.075644981879613,48.16936112492429,Pfalzau Pfalzbergstraße
16.023617624203027,48.00035751148385,16.025062816432644,48.00169545863331,Altenmarkt an der Triesting Taßhof
16.27076509038601,48.10680325995855,16.272108109342298,48.10770274000416,Brunn am Gebirge Kesslerweg
16.222886660748618,48.00047166775189,16.22421873743453,48.00142953190477,Baden Schimmergasse
16.456372301670957,48.19952693792017,16.45800629176254,48.20046446231941,Kierischitzweg
16.377836869122255,48.19861635218186,16.379286831883853,48.19958754777839,Lisztstraße
16.265292059355506,48.15835003663885,16.266678044577308,48.15931216323112,Wittgensteinstraße
16.367637764418113,48.23871556310164,16.369389830942275,48.239661437260445,Dietmayrgasse
16.479469028946916,48.16512551525826,16.481130968784797,48.16645633038146,Warneckestraße
16.38202804647938,48.139466955624535,16.383622454699125,48.14037734442214,Franzosenweg
16.332592456534364,48.12260990407688,16.334290445101647,48.1236367951075,Vösendorf Mühlgasse
16.366422786310473,48.16242970609387,16.368146611350355,48.16371302806375,"Raxstraße, Betriebsgarage"
16.406666714074714,47.945922172278294,16.408005485626965,47.94682162768397,Weigelsdorf Bruno-Matejka-Park
16.32319151315984,48.08401699766597,16.325420083251394,48.08536950160242,Wiener Neudorf Schlossmühlplatz
16.466310920558,48.21227719040651,16.467722675447828,48.21316310941489,Orchisgasse
16.27042584642986,48.17458060682119,16.275107109816012,48.17818741342222,"Lainz, Wolkersbergenstraße"
16.41017677879513,47.950064470793656,16.411560061265508,47.95103985784947,Weigelsdorf Siedlergasse
16.40766805536867,47.95049057283116,16.409006944332724,47.95139002713109,Weigelsdorf Nüsslgasse
16.394767732589266,48.19589614408333,16.396777805759296,48.197206030599496,Eslarngasse
16.218201537387735,48.00165176972329,16.220253156372443,48.00265343111641,Baden Sandwirtgasse
16.188848951918235,48.2054347795401,16.190452243211425,48.20655862054735,Unterpurkersdorf Bahnhof
16.262076934021866,48.17990106419574,16.2634218657073,48.180800535766984,Josef-Kraft-Weg
16.386101217224216,48.26214234253707,16.387650292137362,48.263406700847554,"Jedlesee, Bellgasse"
16.240740807349756,48.13051316401191,16.243041795988894,48.131893634957684,Steinbruchbrücke
16.34744206114037,48.25324474874287,16.34994431097355,48.2550475101403,Bretschneidergasse
16.37080153293782,48.189436962175975,16.372802051041415,48.19046271273334,Belvederegasse
16.336679922296643,48.1593679758882,16.338024277416835,48.16026742407429,"Computerstraße, Gutheil-Schoder-Gasse"
16.379259912464633,48.268950942590095,16.38107118458581,48.26988665770988,"Jedlesee, Überfuhrstraße"
16.305930067700906,48.221756742535,16.307611638100447,48.22350139774908,Liebknechtgasse
16.283769452809164,48.121463185444554,16.286413583246844,48.123795939956835,Perchtoldsdorf Bahnhof
16.299090111382245,48.209737826702415,16.301396237430332,48.21197136436917,Pav. 61
16.260452693569878,48.1217008593384,16.26179610616042,48.12260034062431,Perchtoldsdorf Walzengasse
16.2257917645092,48.20764464360743,16.2279121805755,48.20893451662882,Mariabrunn Mauerbachstraße
16.275387954819873,47.97867475068798,16.27672764490918,47.97957424927468,Baden Haidhof-Siedlung
16.344458354578016,48.203826926362886,16.346068701136442,48.204745887803575,"Zieglergasse, Burggasse"
16.27752875003224,48.2146833078171,16.27895136974146,48.21581538133222,Feuerwache Am Steinhof
16.3096770465115,48.09815134771332,16.311288462694556,48.099425552468524,Maria Enzersdorf Südstadt BSFZ
16.287932048036318,48.017226858328414,16.289284157693462,48.01820954138338,Traiskirchen Mittelschule
16.421112028220392,48.261234093362184,16.42245516588939,48.26220290623161,Töllergasse
16.23276388197756,48.00936624402468,16.234273619002057,48.01034235567064,Baden Kurpark
16.344326224643368,48.21482106683206,16.3473856781689,48.21600039603,Brünnlbadgasse
16.29495053437459,48.074023609291594,16.29632546119372,48.075311590629745,Mödling Andreas-Hofer-Gasse
16.34762235512257,48.1110925741084,16.34896544458926,48.111992025854065,Vösendorf Fischerstraße
16.440144275423354,48.2200350731056,16.441640426430247,48.22108753514163,Siedlung Sonnheim
16.311196128744385,48.048025441806764,16.3133157233268,48.04963279366089,Guntramsdorf Lokalbahn
16.35975148095981,48.21176168829964,16.361449018366642,48.21275125311064,Wien Rathaus
16.282561456851557,48.07119615922561,16.28390354287471,48.07209564073708,Mödling Windtalgasse
16.336038232865796,48.19976540506687,16.338725074281705,48.204648605222935,Urban-Loritz-Platz
16.245694830262515,48.00315694747579,16.247035169472515,48.00405645248699,Baden Prinz-Solms-Straße
16.32374935143346,48.04307399380373,16.325811191596692,48.04485498257324,Guntramsdorf Kaiserau Hst
16.276411711395014,48.136246123774555,16.278380901169697,48.13782362506496,Fabergasse
16.307905586416197,48.20672332348004,16.31024528431811,48.208627957543705,Gutraterplatz
16.471749624270657,48.16984700274653,16.473094175413742,48.170746397215524,huma eleven
16.423749122593495,47.96112827679324,16.425088277104344,47.96202772316896,Unterwaltersdorf Feldgasse
16.337721971591545,48.142153014921206,16.339548925502957,48.14319098353656,Adamovichgasse
16.45478842538916,48.14931749700388,16.458662220205674,48.151298975153104,Hauptwerkstätte
16.332253059949995,48.15682598970149,16.333977837835047,48.15774941048796,Neusteinhof
16.48020502509046,48.00184195494015,16.48211442671556,48.00353627862248,Mitterndorf an der Fischa Landesmann-Straße
16.25744902842578,48.144519684161864,16.25962937046481,48.14543861603163,Lindauergasse
16.234971280785455,48.203632337177716,16.238264474347723,48.20558239784719,Wolf in der Au
16.27900429042092,48.196831449080584,16.28258878756496,48.198130358994895,Waidhausenstraße
16.381926241169822,48.178562161967214,16.383819584787542,48.17964837907716,Hlawkagasse
16.30602058562936,48.249773147041516,16.308706354064867,48.2513049539244,"Neustift, Agnesgasse"
16.173139020755517,48.20482185418861,16.178527488179014,48.20694845248568,Purkersdorf Zentrum Bahnhof
16.4071149475393,48.24367562542384,16.40934898103209,48.24539608322192,Warhanekgasse
16.392321826802807,48.22398491890213,16.39395055468485,48.225364849358066,Krakauer Straße
16.38472295380761,48.219904323243235,16.387571558619648,48.221066072586765,Rueppgasse
16.35387005452448,48.21389582146257,16.358236719811657,48.21515547499034,Landesgerichtsstraße
16.259506145128938,48.13795243582579,16.261612991689116,48.13953266522058,Rodauner Straße
16.133908032637528,48.08245024230807,16.13534596682028,48.083410457644405,Dornbach/Wienerwald Feuerwehr
16.452250082337972,48.15723619704216,16.45434950224707,48.15923372191594,Kaiserebersdorfer Friedhof
16.468108884585256,48.13732725150711,16.46966662604884,48.138427647359805,Schwechat Gladbeckstraße
16.39169933291387,48.255664554699216,16.39314006844923,48.25689404476767,Frömmlgasse
16.296786765338464,48.13283541667963,16.298812141575212,48.13384708418545,"Liesing, Industriegelände West"
16.472410371261024,48.20150480425685,16.474519860258063,48.20293294657815,Großer Biberhaufen
16.045280012613546,47.99605888859467,16.046916188024543,47.99712031111529,Neuhaus an der Triesting Ortsmitte
16.212056398283856,48.07813885054032,16.21340320117836,48.07911794941336,Weissenbach Autobahnbrücke
16.2156845650159,47.92251283605995,16.217022834726542,47.92341236390287,Leobersdorf Friedhofstraße
16.20528691313798,48.05474605546449,16.206851289605158,48.05581074453332,Gaaden Babenbergerstraße
16.21844468841597,47.93459408907748,16.21985142466839,47.93558952112286,Kottingbrunn Wagramer Hauptstraße
16.257379959050365,48.12428765901078,16.258723440680562,48.12518714095194,Perchtoldsdorf Berggasse
16.315208465791443,48.1861911740889,16.316553533926253,48.18709062587365,Busparkplatz Schönbrunn
16.318523108953485,48.17160446480477,16.320748889942138,48.172818633251815,Edelsinnstraße/Schwenkgasse
16.395369161765156,48.223859147098025,16.39721794115046,48.224800453199975,Jakov-Lind-Straße
16.31935125521752,48.22051014611133,16.32295561210711,48.22255703555765,"Hernals, Wattgasse"
16.46744774003678,48.1554929974999,16.469855332791674,48.157981933114364,Valiergasse
16.36211076073561,48.20304944060712,16.36542303101252,48.204980597512396,Burgring
16.270187147548747,48.19820100823951,16.27331200948607,48.19959702306317,Baumgarten
16.560192747775258,48.1193426910154,16.566483472473074,48.12255937132319,Flughafen Wien Busterminal
16.340706022480337,48.22548330740862,16.345938112131183,48.22715794162201,Martinstraße
16.55521439327312,47.98569905390731,16.55657271235164,47.98668484583537,Wasenbruck Kinderheimstraße
16.396063201554405,48.11403093890482,16.39743019636967,48.11515586101771,Leopoldsdorf Wiesengasse
16.35949734527662,48.1913644261972,16.36149439010319,48.19314720726442,Ziegelofengasse
16.429623702431485,48.238558057005086,16.431694897845762,48.24023449542515,Kagraner Brücke
16.413635490060365,48.25271825163081,16.415915330914558,48.25375102253265,Fultonstraße
16.401674942582847,47.955621494116286,16.40332915344328,47.95655190610829,Ebreichsdorf Wiener Neustädter Straße
16.378723664791067,48.18105403746784,16.380468799935137,48.1822198835565,Sonnwendgasse
16.224712508427814,48.00911641911519,16.227013692299366,48.010036280955454,Baden Mozartstraße
16.261759692578675,47.95756548437299,16.263156356376854,47.95852350524085,Kottingbrunn Maplanstraße
16.328306578553043,48.0641780594506,16.329681316951703,48.06505124025889,IZ NÖ-Süd Straße 10/Straße 13
16.34391563221333,48.16751854955398,16.345462758952635,48.169260250064944,Carl-Appel-Straße
16.26225092183318,48.13534113382244,16.263784576656057,48.13631926569642,Maireckergasse
16.274544922530882,48.11049434965786,16.275895173430577,48.11171115028447,Brunn am Gebirge Arbeitergasse
16.274280941577413,48.13748346528857,16.27586605953809,48.1385289345598,Aquäduktsteg
16.359478246727868,48.14407606127674,16.361296158974696,48.14504353923812,Kolbegasse
16.310852166668376,48.08031392368053,16.312201532350873,48.08130637606378,Wiener Neudorf Anningerstraße
16.285232012871315,48.084779892637954,16.286851982874698,48.085901407434925,Mödling Badstraße
16.443768873393044,48.22656730160617,16.44511492629647,48.22746669835597,Lange Allee
16.29719227802328,48.14309799614264,16.298641620312775,48.14434740336692,"Atzgersdorf, Friedhof"
16.45074735078456,48.22082180254089,16.452093248903537,48.22172119742125,Wiedgasse
16.432756220992825,48.146241393117876,16.43410017870029,48.14714080684429,Kriegsgräber 1. Weltkrieg
16.24203470689179,47.88185289023014,16.243438495738282,47.88276350931223,Felixdorf Gemeindeamt
16.39846883162712,48.13644761042541,16.39984087235398,48.137317388765624,Untere Kaistraße
16.301136756464434,48.25045057208894,16.30250034423868,48.25149932779514,Neustift am Walde
16.510767122205767,48.04916593938767,16.512149278752133,48.050239860039994,Ebergassing Siedlergasse
16.248514157859454,47.8724201205278,16.24998633384335,47.873581379361056,Siedlung Maria Theresia Wr. Neustädter Straße
16.44661128647466,48.160170952831386,16.4485798041007,48.16153933257662,Schloss Neugebäude
16.31004439934956,48.07617946450812,16.31138660037078,48.077078935454445,Wiener Neudorf Franz-Fürst-Straße
16.357235245749482,48.186698137274654,16.358750507090644,48.18776637268603,Siebenbrunnengasse
16.28293887805511,48.17626652001869,16.28447608707431,48.17796646672316,Jagdschloßgasse
16.52464538704452,47.997802227347584,16.526231715942277,47.998720672776265,Reisenberg Hauptplatz
16.393210876768414,48.20204060350097,16.394834127156255,48.203054809536134,Kundmanngasse
16.18128313090798,47.930738233369254,16.183884813885978,47.931734730913256,Hirtenberg Firma Hirtenberger
16.40629995609958,47.942658971950735,16.407638643602226,47.94355842801152,Weigelsdorf Mitterfeldstraße
16.088132235657344,47.96092601508593,16.090222904305453,47.96271024098226,Pottenstein an der Triesting
16.60481878686519,48.09158902469028,16.606161212792056,48.09248837527127,Kleinneusiedl Kirche
16.42779032038731,48.20735939694749,16.42913587930592,48.20825880301471,"Donaumarina, Chrastekgasse"
16.119983979249653,48.112646110296154,16.121613619575403,48.1137096895317,Sulz/Wienerwald Wöglerin
16.39591677258782,48.214778814834055,16.398317901855147,48.21625710122248,Prater Hauptbahnhof
16.21430552765484,47.972432509841475,16.215724747943106,47.97347203238176,Bad Vöslau Sinagasse
16.186734079093817,47.92742945162269,16.18820462410226,47.92844714838038,Enzesfeld Bachgasse
16.270727453743632,48.13059117304526,16.272189048672544,48.13149322694823,Perchtoldsdorf Goethestraße
16.333461991575923,48.23656772468202,16.33572158203394,48.237690401516545,Dänenstraße
16.35775690673089,48.19843420986827,16.359395696555573,48.199547090127936,Köstlergasse
16.213671885535263,47.93091195060873,16.215211386120927,47.931917532509026,Leobersdorf Leopold-Hörbinger-Straße
16.452982587707456,48.24684968410217,16.45531530896666,48.248126719010926,Forstnergasse
16.123709686089505,48.1358349120431,16.125418913381836,48.13673998799242,Hochroterd Heiligenkreuzer Straße
16.21757112801203,47.93293122537308,16.218932846445007,47.93389062137484,Leobersdorf Badener Straße
16.261198922833987,48.12708810498764,16.262940364005452,48.12859309539553,Perchtoldsdorf Bahngasse
16.362243714535186,48.15284758011095,16.36358788517291,48.15374701985146,Franz-Schreker-Gasse
16.264526318157404,48.096867558091525,16.26586908157237,48.097767041871194,Maria Enzersdorf Mitteräckerstraße
16.414888617796272,48.25971585970694,16.416650283886842,48.2608493399631,Hawlicekgasse
16.18041273117315,48.154033008708296,16.181858067494172,48.154935391279636,Laab Tiergartenstraße
16.440117322982744,48.22141929393793,16.441613878365093,48.222324906078256,Siedlung Einigkeit
16.373381129002162,48.163504620037784,16.37477407139406,48.16462597959539,Daumegasse
16.334872636522192,48.15849612343573,16.33668192518838,48.1600908713072,Gutheil-Schoder-Gasse
16.324983879006897,48.17371415231952,16.32681643608252,48.175996529942786,Hohenbergstraße
16.259929799854557,48.11064901227461,16.261288400603313,48.11168518760329,Perchtoldsdorf Gustav-Freytag-Gasse
16.13958481673206,48.193622794201026,16.142158189892545,48.194983674273026,Neupurkersdorf Dambachstraße
16.326352152819045,48.18268132820712,16.33073366265278,48.18450096021165,Meidling Hauptstraße
16.406847143071964,48.18101107723318,16.409075155599368,48.182561760241995,Molitorgasse
16.201898640511686,47.958736996130995,16.203432857445137,47.95970640324914,Gainfarn Kottingbrunner Straße
16.431518006702383,48.24204065815154,16.435168657333325,48.24446711736352,Kagran
16.247916805982015,47.89867852456182,16.24944299049968,47.89958967549045,Sollenau Kirche
16.471482225194478,48.12466099162229,16.473261382067456,48.12595310859275,Schwechat Hutweidestraße
16.23527066066439,47.997601288204514,16.237616439949257,47.99944266311714,Baden Roseggerstraße
16.443362780026913,48.243868339811165,16.444744922936888,48.24481056009479,Portnergasse
16.2587664581219,48.243738285266396,16.260371644266836,48.244655514845356,Exelbergsiedlung
16.37841361767479,48.21338312143653,16.38058513700136,48.214789644182495,Gredlerstraße
16.2485057965743,48.013530348773095,16.249846403159996,48.01442985118964,Baden Schöne-Felder-Weg
16.30149137454645,48.100963064924095,16.302834225175378,48.101862535038514,Brunn am Gebirge Auf der Stierwiese
16.139597277472276,47.94711283376552,16.14094642166885,47.94813636617316,Ödlitz Obere Ödlitzer Straße
16.452257387391423,48.116718470906825,16.454615161354386,48.11831530774588,Rannersdorf Zwölfaxinger Straße
16.114080213027744,48.19813407029356,16.117262659147332,48.19970388073675,Irenental Nr. 15
16.3162151675227,48.23194430518747,16.31928722309723,48.232918553190714,Herbeckstraße
16.462133828710527,48.02451256799665,16.46367738200566,48.02582323208839,Moosbrunn Leopold-Eder-Straße
16.51892106058745,47.99131954948973,16.520356037861667,47.992221350490986,Reisenberg Hermannstadtstraße
16.131969443173055,47.939729214350066,16.13471340822028,47.940970184801536,Berndorf Fabrik
16.478743123828018,48.13330843220857,16.480170876205776,48.134477667074194,Schwechat Johann Burkl-Gasse
16.121361749852767,48.16548608138744,16.1230615527303,48.166613918490604,Wolfsgraben Brentenmaisstraße
16.4122099047893,48.03175698010323,16.41355089490993,48.03265641985901,Münchendorf Dürrsee
16.298543242792515,48.1803423047515,16.29991255840786,48.18138379474964,Tiroler Gasse
16.31895413136296,48.0892768671459,16.320296668355294,48.09017633281664,Wiener Neudorf Eumigweg
16.22813527673492,47.96057624114382,16.229474523004388,47.961475758818956,Kottingbrunn Goethegasse
16.418838929729493,48.16577327862936,16.420321730427666,48.167487369964334,Anton-Stilling-Platz
16.4566448256134,48.230494097988256,16.458413173065185,48.231558001062076,Miriam-Makeba-Gasse
16.426507422070756,47.961230877340924,16.427846577626497,47.96213032262128,Unterwaltersdorf Fischagasse
16.230415938778304,47.946563344656965,16.231781762826774,47.947682055217776,Kottingbrunn Karl-Lange-Gasse
16.15908373018781,48.05559659291293,16.160507864653137,48.05661450695486,Gaaden Abzweigung Füllenberg
16.38193487876967,48.19860698416193,16.383503175512494,48.199613078967886,Am Modenapark
16.494033259479583,48.21176335298726,16.49648375134327,48.21285235761134,Jägermaiszufahrt
16.386289479008667,48.198146615003985,16.38871431400323,48.19985340870692,"Ungargasse, Neulinggasse"
16.514576877508496,48.205569562008165,16.516196478474022,48.20667599394956,Bambergergasse
16.44591004863384,48.23264711140491,16.44740934826938,48.23367218860571,Siebenbürgerstraße
16.363612939545657,48.24688476039609,16.367541979495037,48.251272779936045,Bahnhof Heiligenstadt
16.4233128741601,47.96486607700206,16.42465212553778,47.96576552296013,Unterwaltersdorf Am Rösselhof
16.38680674261836,48.26893266115335,16.38816655727614,48.26994533869477,Anton-Bosch-Gasse
16.441603086861466,48.14905559508437,16.442947112829707,48.14995500487778,Mahnmal 1938-1945
16.120406043930046,47.89910951893897,16.12174375583283,47.90000908102413,Aigen bei Berndorf Ortsmitte
16.42027199703781,48.239528182999,16.421671106456476,48.24049151691223,Bundesbad Alte Donau
16.47198760608179,48.16293635711553,16.473562197459145,48.16482877777284,Artillerieplatz
16.360617507674117,48.22222892555968,16.362156826778534,48.22380326161996,Seegasse
16.324100608374426,48.21224545015198,16.3303423630523,48.2147962030535,Johann-Nepomuk-Berger-Platz
16.33098680752457,48.220665483627215,16.332603383959604,48.222278466845154,Blumengasse
16.351039540194908,48.25327473429292,16.35297722675386,48.25436894696367,Neugebauerweg
16.259731462139225,48.09337993094028,16.261110433304026,48.094681368976154,Maria Enzersdorf Dreisteinstraße
16.467712189024226,48.1797624400796,16.47024677825399,48.181641063924765,Winterhafen
16.3224059952582,48.054912997599935,16.32382789975497,48.056300902235336,Guntramsdorf Adalbert-Stifter-Gasse
16.19428718714956,48.24505888606216,16.195653616341428,48.24593901333504,Steinbach Berggasse
16.301467635710694,48.20191041844168,16.30281866524973,48.20289928133645,Montleartstraße
16.319688189099033,48.21863658596707,16.321293419759954,48.21988941419748,Albrechtskreithgasse
16.425869807397284,47.95461237669536,16.42720879230021,47.95551182326682,Unterwaltersdorf Pollirmühlstraße
16.286620423680986,48.080787391716804,16.28820646606624,48.08208760838077,Mödling Stadtbad
16.174166696234405,48.11217264416969,16.175509903514463,48.11307215579328,Kaltenleutgeben Wiesengasse
16.253655537174822,47.95914169509775,16.25573066476569,47.96027450315975,Kottingbrunn Etrichstraße
16.58268516303723,48.070095735746165,16.584838321433413,48.07187777525508,Schwadorf Brucker Straße
16.479788785023604,48.14159850156644,16.483455831525607,48.14475246510823,Schwechat Bahnhof
16.483749780453955,48.15222387670884,16.485175320175163,48.15340872272094,Schwechat Schlossmühle
16.605145174586486,48.117018039233436,16.606653028534193,48.11841506004923,Fischamend Kirchenweg
16.325847733210285,48.130060342241826,16.327341349650826,48.13233985756322,Vösendorf Haidfeldstraße
16.322942058196283,48.17722516110083,16.32473274929091,48.17922434623708,Pohlgasse
16.427637260582458,48.18062565309128,16.429120060893045,48.181903412656666,1. Haidequerstraße Süd
16.350918773143388,48.204622155492586,16.35261505639938,48.2057840564813,Kellermanngasse
16.39439092479015,48.27237539893417,16.398366211731886,48.275176673401326,Jedlersdorf
16.144945368944978,48.138724291952556,16.14636503162351,48.139674408003025,Breitenfurt Schlossallee
16.370391616844355,48.2140049864468,16.371737382861102,48.2149044135156,Rudolfsplatz
16.466513623148902,48.13294942621214,16.46815134371625,48.13464037732518,Schwechat Europaschule
16.404113504060966,47.96985977366908,16.405452895640902,47.97075922629319,Ebreichsdorf Weidengasse
16.336850389046575,48.206734531334526,16.340186180390276,48.20937606412134,Thaliastraße
16.4765976211165,48.13957160134739,16.477941378567326,48.140470998614624,Schwechat Hauptplatz
16.2879946160495,48.074844775785216,16.28947839526063,48.076722823945055,Mödling Grutschgasse
16.29651672377847,48.01239535707081,16.29785727594564,48.01329484289177,Traiskirchen Stadtpark
16.211295789570748,47.997910441261574,16.212636010171657,47.99880995870131,Baden Erzherzogin-Isabelle-Straße
16.30062081953834,48.21233927352537,16.301966580182114,48.21323872643722,Pav. 29
16.366005672925336,48.1460498454828,16.36801812350289,48.147006755012974,Großmarktstraße
16.33200329911143,48.14572997395934,16.333347300603233,48.14662942600316,Triester Straße/Rossakgasse
16.313822987093708,48.18453427370864,16.315168012624305,48.185433726253905,Kronprinzen Garten
16.49165576262272,48.216606445997265,16.494175040524496,48.217818650928656,Lohwaggasse
16.56685510292531,48.00467680959195,16.56819529674148,48.00557619036976,Pischelsdorf Schulgasse
16.389014753803696,48.27288469788732,16.390608142291022,48.27411717903138,Winkeläckerstraße
16.393227655203894,48.082454087931325,16.39496094162914,48.08338681233139,Achau Friedhof
16.274818072837167,48.176884734116946,16.276469929199397,48.17790290486432,Ratmannsdorfgasse
16.39500763629405,47.959427571098885,16.39634676340991,47.96032702886341,Ebreichsdorf Schlossparkstraße
16.436986515985936,48.154379194590845,16.43833068370614,48.155278605371336,Gruppe 11
16.231427904043965,48.07657883928362,16.233831673058514,48.07817896030298,Hinterbrühl Weissenbacher Straße
16.356831458088177,48.069933985062015,16.35860274844569,48.07090231545074,Laxenburg Eduard-Hartmann-Platz
16.306352428528538,48.08652279897584,16.30791836879038,48.087487600163335,Wiener Neudorf Ferdinandsgasse
16.280475718935524,48.20434356932806,16.281821280789373,48.20524303063461,Raimannstraße
16.31613816593359,48.071184665213714,16.317480233785524,48.07208413474884,IZ NÖ-Süd Straße 2d
16.232014916568488,47.87524722668274,16.23368227453964,47.876329683178966,Felixdorf Hugo-Etrich-Gasse
16.382156243467115,48.137481333254556,16.383591362114124,48.138519966656816,Rosiwalgasse
16.061314980332853,47.982214467022935,16.06320231642137,47.9831604333591,Fahrafeld Hainfelder Straße 90
16.339145068674387,48.21464971451014,16.342751235870843,48.21572715157855,Hernalser Gürtel
16.440169930298815,48.215637986897356,16.44164087160275,48.21654171310867,Fischergrund
16.3280449470535,48.17669140527116,16.330353169514446,48.1785675955743,Tanbruckgasse
16.376184418746025,48.228968710889475,16.377744437811547,48.23004646448192,Wasnergasse
16.378244321001755,48.02804579677704,16.37960717267936,48.029452203149766,Münchendorf Ortsmitte
16.226045513278027,47.948595783233905,16.22804489576418,47.95146228752029,Kottingbrunn
16.578548928056346,48.07236040014095,16.58101536590594,48.07387149919041,Schwadorf Schiefer Weg
16.06342396244442,48.14675447017108,16.064784834113645,48.14768582964224,Pfalzau Klaushäuseln
16.29499042097114,48.08958246287053,16.296332978752233,48.09048193709209,Mödling Ferdinand-Buchberger-Gasse
16.337302795263465,48.18757910494482,16.3392392710203,48.1894016328034,Sechshauser Gürtel
16.038933946397265,47.98093012171285,16.04043475256845,47.98192807817198,Weissenbach an der Triesting Further Straße
16.35959641582235,48.24016288504686,16.36124540718509,48.24138089961944,Rampengasse
16.292249038724737,48.18648324660587,16.294797000599587,48.18746121699233,Wenzgasse
16.36129171186105,48.16124980989575,16.362972417929438,48.162821804311825,Sahulkastraße
16.288750781658262,48.19409633188939,16.29133703380816,48.19511584377221,Gusenleithnergasse
16.39083513625842,48.26792107821126,16.392805490365966,48.26958915972377,Hopfengasse
16.421971712346743,48.18576325130469,16.42351450278765,48.18678888656645,Kappgasse
16.169609372350997,48.01326674011298,16.171237928979945,48.01417995995641,Helenental Cholerakapelle
16.489245473916704,48.028190195163255,16.49058632576619,48.029089604798735,Gramatneusiedl Hauptplatz
16.2390251233146,48.21082536266955,16.2403708764191,48.211724837293254,Stammhausstraße
16.439819594221014,48.22575464918122,16.441223610895122,48.226630350601745,Veitschiweg
16.275721594652566,48.095723727788,16.27703640800482,48.096666271653554,Maria Enzersdorf Pachergasse
16.26408231234395,48.17395126407569,16.265427087384875,48.17485073588705,Hörndlwald
16.269608920236777,48.10448845957491,16.270951879491804,48.105387940387786,Brunn am Gebirge Schöffelgasse
16.277594917066214,48.13557626341574,16.27893868266024,48.136475736546934,Löwenthalgasse
16.547069827613775,48.05705478761328,16.54869697604255,48.058172812412735,Wienerherberg Fabriksgasse
16.510744643369918,48.20581337219929,16.512095256297954,48.20678602769342,Im Gestockert
16.460612030126267,48.217472260787765,16.461964968122132,48.21852743916583,Ehrenpreisgasse
16.32306867181645,48.23117212565729,16.327806619942464,48.232573507023794,Alsegger Straße
16.40026408219471,47.94050347061842,16.401602717508403,47.941402929343845,Weigelsdorf B60/Boschansiedlung
16.272016513834835,48.204878118346336,16.2742285244818,48.20584034864691,Klinik Penzing
16.31306766055645,48.086259022479275,16.315711900777664,48.08858875963436,Wiener Neudorf Bahnhof
16.471376676287928,48.171395113374636,16.47362379085469,48.1728375986678,Alberner Hafenzufahrtsstraße
16.623127566799837,48.078222527695154,16.62446963285373,48.079121872266334,Karlsdorf Bergzeile
16.384528279170507,48.26542463371709,16.385924620982387,48.266540365868096,Jeneweingasse
16.367680415678123,47.87753060020819,16.36949662805146,47.87921609765041,Ebenfurth Schulen
16.343669634745442,48.17297873859204,16.345755370597857,48.17392865376005,Unfallkrankenhaus Meidling
16.384992877954225,48.14848128405709,16.386336921749066,48.14938071590526,Adolf-Unger-Gasse
16.34436992381879,48.205285080912944,16.345715475892376,48.206184519049515,"Zieglergasse, Neustiftgasse"
16.45213674605879,48.20515563492678,16.45459136382446,48.20632034886904,Schillwasserweg
16.415381000081553,48.102938294675965,16.41689510434297,48.10400470536004,Maria Lanzendorf Industriegebiet
16.32084671552678,48.01931888524577,16.322128389378296,48.02021531428925,Traiskirchen Grüne Gasse
16.305359197668558,48.22383034863566,16.30675020280156,48.22494645103546,Rosenackerstraße
16.313895210073486,47.98292115786586,16.31523498964733,47.98382064209669,Oberwaltersdorf Schloßsee
16.188895503112636,48.11292606745758,16.190533401704602,48.11407493263085,Kaltenleutgeben Annagasse
16.412916616085578,48.230084720695544,16.414406358744174,48.231090558037884,Reichsbrücke
16.468198474329032,48.22358224332939,16.470324226700406,48.224505856781235,Zschokkegasse
16.295400545496662,48.163964725854406,16.296969260180486,48.165094174234284,Dorfmeistergasse
16.509031219504163,48.16565950202043,16.510495382127438,48.16662126684612,Ölhafen
16.396368943909494,48.107486534744226,16.39821365616002,48.108389665210424,Leopoldsdorf Gemeindeamt
16.252786727177035,47.89315845827302,16.25411647076561,47.89412934124103,Sollenau Feldgasse
16.259452327373126,48.203280765579485,16.260797872356292,48.20418023438325,Steinböckengasse
16.361416446283613,48.194775761322205,16.36382703470969,48.197725635954654,Preßgasse
16.362885042769193,48.17366048186719,16.36422975693846,48.17455991809523,Fernkorngasse
16.248771364894267,48.213790179761176,16.250308273944164,48.21521077765899,"Hüttelbergstraße, Campingplatz"
16.457174304878652,48.11651847527355,16.458659896661974,48.11750382459504,Rannersdorf Industriezentrum
16.3355214764625,47.99414227973793,16.33697592592447,47.995135820253715,Trumau Traiskirchner Straße
16.298156960097998,48.19331234330605,16.300884419593395,48.19513540827109,Ameisgasse
16.2706751490904,48.125315661398616,16.27201865063767,48.12621513856408,Perchtoldsdorf
16.401124154077795,48.26419766897595,16.402766433455714,48.265481354253595,Bahnsteggasse
16.47714051949043,48.208551306879876,16.478486080192205,48.209450693082154,Mühlhäufelweg
16.296322040218186,48.25123088187783,16.298006860788643,48.25226771749092,Celtesgasse
16.260551482414346,48.18186594697037,16.261962419677484,48.182785352708706,Seifertstraße
16.381602712837775,48.2330432115497,16.385713133271434,48.236890042929254,Traisengasse
16.330371730626734,48.14563282260715,16.331780206599845,48.14665222433247,Kinskygasse/Rossakgasse
16.3388330838555,48.222136174617276,16.341288016154838,48.22327570925022,Eduardgasse
16.282107196158112,48.17289068373653,16.287301964782507,48.174448051334714,Preyergasse
16.315677318622765,48.13460945759379,16.31728168018517,48.13562014184458,Stipcakgasse
16.256001935553222,48.084222352247224,16.257808656631788,48.08553864801608,Hinterbrühl Helmstreitgasse
16.32033235926613,48.177552084987816,16.322260123715715,48.179319515740595,Gatterholzgasse
16.3543227266022,48.248201749084366,16.35586429074559,48.249883006092205,Perntergasse
16.263583492719597,48.182866698523966,16.26510150775118,48.18386870133848,Einsiedeleigasse
16.388145324466162,48.259307039910325,16.389864796483895,48.26079343739885,Dunantgasse
16.28688166330295,48.13575051165835,16.288887934189553,48.136992887800304,Pellmannbrücke
16.287273293360688,48.07745710688711,16.288795407419048,48.07846719299837,Mödling Neusiedler Straße
16.39696995916493,48.19330444058458,16.398618692737582,48.194831744182636,Rabengasse
16.379288688898498,48.201060587108365,16.380634110805236,48.20196001285403,Johannesgasse
16.27622723913203,48.166833919699414,16.278371761494494,48.167749680347036,Strampfergasse
16.288609562848425,48.22190586916519,16.29116690829767,48.22343509346158,Predigtstuhl
16.2914336847033,48.12328200147059,16.29277731521732,48.124314098484774,Perchtoldsdorf Brunner-Feld-Straße
16.320527219680336,48.13739261785086,16.322243179445923,48.13845048142042,Zouvalgasse
16.41617866636056,47.93433657320965,16.417517133339285,47.93523602675258,Weigelsdorf Reinerstraße Süd
16.490759833420935,48.176834932102246,16.492522726384863,48.1778831060035,Lobgrundstraße
16.34120824165947,48.24522933646974,16.343327028257267,48.24703813993901,Sieveringer Straße
16.406875965306345,48.24922749616935,16.408222634390743,48.25012690379293,Theodor-Körner-Gasse
16.331045704048268,48.20651527856301,16.332391295665744,48.2074147213995,Kirchstetterngasse
16.095151367802156,48.12420806365654,16.096654994834573,48.12518633630358,Großhöniggraben Hengstlstraße
16.320946502562702,48.14722815962314,16.322368707330874,48.14895474021172,Rossakgasse
16.457062587215734,48.21818590359399,16.45840841247105,48.21908529636811,Sanddorngasse
16.09070814236355,48.18380714247138,16.09330035494042,48.184766758088884,Tullnerbach Weidlingbachstraße
16.479990026668492,48.2131028022733,16.48138487158437,48.21417949672887,Aspern Sportplatz
16.283137438046943,48.20634948489533,16.285924263234918,48.20744092675743,Reichmanngasse
15.98124883259875,48.02091045227338,15.982637371044158,48.021793347563225,Altenmarkt an der Triesting Klosterbachtal
16.169506461498347,47.95655628414288,16.17141554425311,47.95753851648728,Großau Vöslauer Straße
16.3995261152958,48.22265685569742,16.403310736213186,48.22509849271191,Vorgartenstraße
16.319370882283454,48.0809881308391,16.32078712230965,48.08198956906755,Wiener Neudorf Augasse
16.421075452965262,48.15956495778672,16.423297452264165,48.16149558850422,Gattergasse
16.266098784476053,48.138079603920616,16.268747797816847,48.139588573923895,Rodaunbrücke
16.365030988821307,48.251329984451594,16.366471398283213,48.252374993136826,Boschstraße/Halteraugasse
16.418904190432638,48.208440596782886,16.42387687403271,48.21257012622799,Stadion
16.477936690565873,47.934221593377686,16.480167305803537,47.93535420387613,Leithaprodersdorf Schulgasse
16.27688517728011,48.12815770134693,16.278306919279967,48.129137598581906,Perchtoldsdorf Babenbergergasse
16.54019609826017,47.95113965440505,16.54169974711822,47.95221010809452,Hof am Leithaberge Kotzenmühle
16.37515174509521,48.177588665991095,16.377029120055973,48.18029924611005,Keplerplatz
16.26563852716049,48.16318451444213,16.267114071025933,48.164178485545285,Glawatschweg
16.307063626577865,48.22514960040443,16.30972396552485,48.226760307847506,Dornbach
16.257275359289057,48.2300498221977,16.258639536757922,48.23098977758315,Schottenwald
16.24314717110512,47.85963442141725,16.245032818651858,47.862188875743534,Theresienfeld
16.25977129114384,48.159622194298564,16.261637005201273,48.16084240555395,Nästlbergergasse
16.294627801494446,48.15895961796241,16.296513433038022,48.159975492238374,Mona-Lisa-Steiner-Weg
16.35227071243411,48.18594627399709,16.35403911131475,48.1871587687986,Reinprechtsdorfer Straße/Arbeitergasse
16.34086449383501,48.19604593453981,16.34233775620515,48.197316839542324,"Mariahilfer Straße, Kaiserstraße"
16.265682268849194,48.135030465333145,16.267930442617047,48.136781425065145,Kaiser-Franz-Josef-Straße
16.32231411819177,48.077442586240345,16.32373808298735,48.078648013281835,IZ NÖ-Süd B11/Straße 1
16.167296130069406,48.24278408320156,16.168807068706442,48.243789216749626,Mauerbach Hauptstraße/Billa
16.35878473426575,48.25355299880608,16.360897374680075,48.25461043381153,Fernsprechamt Heiligenstadt
16.22102179859729,48.00549615219291,16.222370002024434,48.006504247737666,Baden Doblhoffgasse
16.195454234515253,48.24726775825352,16.196800965227332,48.24816724170942,Steinbach Lebereckstraße
16.491455406335565,48.13725260812948,16.493676491850795,48.13818549219709,Schwechat Am Concorde-Business-Park
16.41267677093427,48.09253409193939,16.414252229880592,48.093441408079656,Maria Lanzendorf Kanzelhof
15.972841252928962,48.0359625679348,15.974281148656692,48.03686443205241,Klein-Mariazell Stift
16.3265124454915,48.076007811030365,16.327828851690352,48.07695678827437,IZ NÖ-Süd Straße 1/Mitte
16.07060994537231,48.021939121114784,16.071950854399713,48.022838678848466,Maria Raisenmarkt Abzw. Laxental
16.369799530337676,48.215647844462325,16.374081754268843,48.218082288376095,Schottenring
16.342087630962357,48.206928829882436,16.345136783606645,48.20809874270679,Schottenfeldgasse
16.472933363915548,48.133043397449455,16.47566612920782,48.13456044991377,Schwechat Mappesgasse
16.395723453574583,48.18545565143191,16.397552579417358,48.18670878874637,Wildgansplatz
16.428370093026736,48.18191332938084,16.43087463465398,48.18434230143068,Kraftwerk Simmering
16.400529403808022,48.225703601004675,16.401867693914568,48.22667969839864,Walcherstraße
16.212016153919915,48.00338396237657,16.213396749420095,48.004335737516534,Baden Steinbruchgasse
16.29003155015822,48.20820307855492,16.2915993451402,48.20921981247186,Matschgasse
16.382259065611308,48.22427780887953,16.384992467382876,48.22620672237645,Am Tabor
16.343052400590572,48.19026639495701,16.345057346768648,48.19124335113441,Sonnenuhrgasse
16.34154047154566,48.140711040020165,16.343056325724376,48.1416449838113,"Inzersdorf, Kolpingstraße"
16.09466147851322,47.92798613655914,16.096298733468387,47.928953597706276,Grillenberg Hernsteiner Straße
16.37835567544105,48.18686933682856,16.386576431406407,48.18941536716293,Quartier Belvedere
16.386505380805897,48.17484438765092,16.393859625248986,48.18137052800367,Absberggasse
16.23232160796973,48.20577052363675,16.23389225907606,48.20697974724447,Wienflussaufsicht
16.246956359686354,47.859399451267,16.248563351645178,47.86138394813742,Theresienfeld Kirche
16.28172909134775,48.13336559801205,16.285076535797398,48.13637035329387,Liesing
16.29426326646747,48.07921752854866,16.29576782791168,48.080302471450295,Mödling Beethovengasse
16.396393613223136,48.22724988497126,16.39820496076421,48.228491335123266,Haussteinstraße
16.285758468504316,48.11031965798158,16.287516330287104,48.111436441668,Brunn am Gebirge Rotes Kreuz
16.276869477346487,48.12485085038889,16.278349623877855,48.12575544961839,Perchtoldsdorf Gauguschgasse
16.314811038772756,48.020058826962945,16.316755265720094,48.02102867356759,Traiskirchen Kugelzipfgasse
16.323720272836226,48.18579082722754,16.32540532684774,48.1868497722305,Hollergasse
16.44088808810059,47.964185380403535,16.44222731159357,47.96508481955861,Unterwaltersdorf Karl-Hietz-Gasse
16.244919006199858,47.99727824688065,16.246259193535412,47.99817775308212,Baden Rohrfeldgasse
16.33575399346527,48.03252643300467,16.33714070218867,48.033497466817145,Guntramsdorf Raststation
16.40686643876912,47.951757972776015,16.408205360932428,47.952657427186224,Weigelsdorf Im Schulgarten
16.471575190239285,48.178011633389424,16.473111300878763,48.17922226661062,Hafen Freudenau
16.187654767173857,48.23701385617175,16.189001232570533,48.237913343791185,Allerheiligenberg Goethestraße
16.364110150508953,48.211300885055365,16.36545584919789,48.21220031490705,Teinfaltstraße
16.26032203693754,47.87682312702536,16.26179856221829,47.87772657297807,Siedlung Maria Theresia Buchengasse
16.384950715159,48.03114790363618,16.38705349607108,48.03348769607986,Münchendorf
16.32895567535579,48.1719327426498,16.340083287128603,48.17738529917255,Bahnhof Meidling
16.043274953108835,47.98332548927132,16.047896435921317,47.98474832693001,Weissenbach-Neuhaus Bahnhof
16.414831156540647,48.23130763250852,16.41805984097979,48.233681357128866,Kaisermühlen-VIC
16.272484881725248,48.11758502291575,16.27379131291168,48.11851107660163,Perchtoldsdorf Friedhof
16.33267131926023,48.06098342667399,16.33412482092497,48.06197638015276,IZ NÖ-Süd Straße 15/Wendestelle
16.39186712503545,48.207578318477296,16.393936472916103,48.20920592832087,Hetzgasse
16.322976530238332,48.228475209751046,16.32443030399136,48.22948593870176,"Alsegger Straße, Czartoriskygasse"
16.25984619628445,48.205718735483856,16.261385104253527,48.20673156436042,Henckellgasse
16.381578330408338,48.142222758468904,16.384238003840686,48.144057683147146,Himberger Straße
16.277620728255243,48.10502984817972,16.279486846729252,48.106617451409775,Brunn am Gebirge Grohestraße
16.129364474501433,48.13981040681118,16.131296231609074,48.14079839386923,Breitenfurt Abzweigung Wolfsgraben
16.32878995496629,48.143654254732425,16.330886813107654,48.14467827989256,Breiteneckergasse
16.449288507000766,48.2417355795751,16.450861283068726,48.24300792048675,Freihofsiedlung
16.460433084806795,48.144932363430975,16.467403856321106,48.149124370455816,Bahnhof Kaiserebersdorf
16.432514950922165,48.15808984151529,16.43490656597851,48.15951769053933,Zentralfriedhof 1. Tor
16.288954966342967,48.12436026453499,16.290298433381206,48.12525973542764,Perchtoldsdorf Bachackergasse
16.437945854988627,48.233281820453186,16.439422846485012,48.23418617955501,Steinbrechergasse
16.307259564688728,48.203023499466426,16.310087239639135,48.2057311950195,Kendlerstraße
16.320555772798006,48.26354852958648,16.322365328757808,48.264471370552734,Cobenzl Parkplatz
16.437627972564194,47.95757487923936,16.43896702713075,47.95847432072279,Unterwaltersdorf Johann-Miltner-Straße
16.35988576388785,48.20938074558049,16.36146150884117,48.21168515163229,"Rathausplatz, Burgtheater"
16.417812072304216,48.1877542029261,16.419446518635368,48.189047661004146,Modecenterstraße
16.408791038070284,47.944110972546305,16.410129761630976,47.94501042741596,Weigelsdorf Johann-Strauß-Straße
16.289725430051398,48.1578062673012,16.291069769672152,48.15870573266147,Schluckergasse
16.093247116843568,47.95952681840343,16.09544487164635,47.961145182048156,Pottenstein Schulen
16.35538608229051,48.25443748681745,16.35673291741758,48.25533691314499,"Beethovenhaus, Probusgasse 6"
16.137728143893415,48.13853024045988,16.13907205586291,48.1394297595032,Breitenfurt Blasiussteig
16.260992463122854,48.20821686623395,16.262338136606168,48.209116333728794,Hüttelberg
16.376493262322203,48.2033423576614,16.37878280230821,48.2054469593654,Weihburggasse
16.24275120059261,48.20735793510418,16.24421660837383,48.20853696480015,Mondweg
16.362764287876438,48.22621355032375,16.366706410519612,48.228833605835085,Friedensbrücke
16.32387099944617,48.18112273834462,16.325273001569933,48.18222096091548,Rosasgasse
16.26045063067451,48.201057841822916,16.263122555982783,48.20291223624373,Rettichgasse
16.292277858001864,48.113734566297005,16.29362604330283,48.11476463365104,Brunn am Gebirge Liebermannstraße
16.21933608075546,48.20911986344518,16.221161517894604,48.21026443611787,"Hadersdorf, Hauptstraße"
16.125178071162892,48.16950201744102,16.126644831088505,48.17040498255802,Wolfsgraben Nord
16.452920203075035,47.949014352120436,16.454291400574263,47.949964947746274,Deutsch Brodersdorf Am See
16.477310747804573,48.13480709411534,16.479064466614876,48.13638980637388,Schwechat Wismayrstraße
16.30169693399279,47.92603602588072,16.303123067074555,47.9269376741041,Neurißhof Anton-Rauch-Platz
16.40462478326088,47.94785693924153,16.4063560098747,47.94910986096421,Weigelsdorf Volksschule
16.48406533610786,48.181048298352266,16.48607877940278,48.18215786692675,Panozzalacke
16.411310015630054,48.13545230761657,16.41273118677057,48.13642009235537,Unterlaaer Straße
16.489406580029897,48.21825769219354,16.49101541926765,48.21924059858765,Jasmingasse
16.311446751468385,48.076659647639815,16.31432157187274,48.07850173136378,Wiener Neudorf Griesfeld
16.28875417652809,48.03967868555791,16.290172226000976,48.04064771441053,Gumpoldskirchen Heidestraße
16.40324150921036,48.25673573176787,16.405016893400045,48.25766836846171,Patrizigasse
16.2812440854103,48.18504356866032,16.282949006823763,48.186200706273276,"Unter St. Veit, Hummelgasse"
16.369098920989405,48.203042172001794,16.37127396952011,48.20411072935124,Kärntner Straße
16.354795268441762,48.183564109154,16.3568121852801,48.18458613775958,Fendigasse
16.176707788497215,48.18174865005064,16.17805281125023,48.182648149912325,Purkersdorf Baunzen
16.22007895567646,47.923321736858355,16.221417244065044,47.92422126310448,Leobersdorf Raiffeisengasse
16.23929643630631,47.87862033658456,16.240633563431707,47.87951986337823,Felixdorf Volksschule
16.257520571183793,48.002840405259676,16.25918093256257,48.004247837685526,Baden Melkergründe
16.430774767732753,48.25326454912675,16.432292049296866,48.254349546317115,Veterinärmedizinische Universität
16.326392123221755,48.16384002163093,16.328699057231372,48.1656233687991,Tscherttegasse
16.16482912933373,47.86724300302851,16.166181070420112,47.86826929685536,Wöllersdorf Staudiglgasse
16.347731427393043,48.20508308151817,16.34907697231741,48.20598251844427,"Neubaugasse, Neustiftgasse"
16.38813307735692,47.90959646586471,16.389470922349215,47.91049593409759,Pottendorf Marktplatz
16.303865910289183,48.24667013676897,16.3053785908959,48.24767816316317,Neustifter Friedhof 1.Tor
16.302749614872358,48.079126425844265,16.304126685862283,48.080192973701095,Mödling Hartigstraße
16.47571293064009,48.217352291911055,16.478562707554143,48.21840009356167,Trondheimgasse
16.412739586585726,47.941586409727925,16.414204210331622,47.94251068951168,Weigelsdorf Judenweg
16.41458207471555,47.95688867467385,16.415921124984298,47.95778812528839,Ebreichsdorf Gildenweg Ost
16.33744719804427,48.13719311247684,16.33908678476621,48.13823027894457,Richard-Strauss-Straße
16.283320126046373,48.10045611554592,16.285250475962787,48.10241449509399,Maria Enzersdorf Franziskanerplatz
16.38294681940937,48.2040574088418,16.387679173445395,48.20867620635253,Landstraße
16.348018542916172,48.15323902345242,16.350281216491318,48.15449269975771,Otto-Probst-Platz
16.2170772885003,48.217436077980246,16.219201013012444,48.21859472030466,Wien Mauerbachstraße/Baumschule
16.35347830483382,48.13808227731626,16.35482209487637,48.138981722646186,Biróstraße Mitte
16.24987890126418,48.007768630970745,16.251606925510504,48.008981961282835,Baden Braunstraße
16.392798275656222,48.108409148893635,16.394226327045125,48.109386151079775,Leopoldsdorf Kirche
16.2297923966641,48.000887821518035,16.231434812601748,48.00218407870632,Baden Elisabethstraße
16.13677353219848,48.10105583736377,16.13811646755851,48.1019553625993,Sulz im Wienerwald Schöffelstraße
16.372977018980013,48.24152061863676,16.374511375315077,48.24262238139707,Lorenz-Müller-Gasse
16.279979669157974,48.25018074550103,16.281579024775045,48.25113316674391,Promenadeweg
16.334124757963707,48.208526773908986,16.336711591029935,48.20956430036991,Brunnengasse
16.216657555737488,47.88990621908266,16.218048248188563,47.890878880808266,Matzendorf Badener Straße
16.385044298243592,48.19376145534823,16.387749856055084,48.197139376140676,Rennweg
16.216966022595496,47.87325783068005,16.218339576380725,47.87432636872623,Steinabrückl Getreidegasse
16.400995161157482,47.942149370888494,16.40233383854546,47.94304882907379,Weigelsdorf Michael-Moser-Straße
16.332542420145362,48.170884742315216,16.334628785021913,48.17187635839222,Am Europlatz
16.186526867794367,47.913733582484205,16.188122536435543,47.91484951757936,Enzesfeld Kreuzgasse
16.320732581511717,48.074435367077925,16.32207891767153,48.075411032744015,IZ NÖ-Süd Straße 3/ecoplus
16.32889510009947,48.19254216997164,16.33049619577943,48.19397521135142,Grenzgasse
16.41443283077288,48.16462086082279,16.416128390584845,48.16574413946449,Mitterfeldgasse
16.413603907167357,48.21543423567656,16.415966198665355,48.216883532738755,Sturgasse
16.257478742945374,47.885042090369296,16.259187657954453,47.886093408953144,Siedlung Maria Theresia Schedlerstraße
16.604362277323975,48.12000028610211,16.606245528937364,48.12098401453859,Fischamend Wiener Straße
16.422999426624596,48.155473508093735,16.424504370700696,48.156478219459856,Speditionsstraße
16.23799322925048,48.13750697881867,16.239534276551165,48.138420621258255,Kalksburg Lodererweg
16.037916393140765,47.981956042364615,16.039272106723224,47.982981457452645,Weissenbach an der Triesting Kirchenplatz
16.326264395240894,48.13824457232371,16.327608204475112,48.13914402763878,Schönwiesegasse
16.40705024688453,48.21250989331718,16.408395952813077,48.21340930664508,Südportalstraße
16.46383092786581,48.201922379018534,16.465965310520534,48.203359363976716,Husarenweg
16.37401344540473,48.23270743757143,16.37546665595599,48.23395466181133,Brigittagasse
16.32991409691275,48.179776887359814,16.333845000622315,48.181863159297215,Niederhofstraße
16.38700913507882,48.22705958261296,16.390008286545964,48.22930209054603,Rebhanngasse
16.416489997166824,47.970668876128755,16.417829402532412,47.97156832383348,Ebreichsdorf Hundeausbildungsplatz
16.40558214727637,48.151282088220654,16.406926252422476,48.15218151174164,Laaer Berg Kurpark Nordosteingang
16.32092595960445,48.186782275169854,16.32227104011201,48.18768172479271,Weiglgasse
16.411404517097015,47.96901367501147,16.41274388260332,47.96991312495077,Ebreichsdorf Spielwiese
16.404687317817213,47.968808473697,16.40602668188455,47.969707926265286,Ebreichsdorf Anna-Gastag-Gasse
16.301211464433997,48.20892427336242,16.30255713528638,48.2098237266002,Geb. 79
16.306575200078488,48.04783084916828,16.308337952659436,48.05009035434801,Guntramsdorf Hauptstraße/B17
16.177294338745913,47.860576288155954,16.179822848076004,47.861990232091564,Wöllersdorf
16.3546457367437,48.25340685832287,16.356455309900486,48.254425330111985,Armbrustergasse
16.27966166760126,48.1397277620972,16.281551928241456,48.14105698014419,Liesing Schulzentrum
16.4722207122301,48.001688189618356,16.473560887456827,48.00258761034367,Mitterndorf an der Fischa Grenzgasse
16.266896801625606,48.17458576178203,16.268820189476756,48.17661793639593,Lafitegasse
16.330175192902708,48.138505373057285,16.33151900681246,48.13940482690524,"Inzersdorf, Zetschegasse"
16.10088108985106,47.94173341931625,16.102219909915448,47.942632980646906,Berndorf Margaretenplatz
16.39619522591394,48.14477575679124,16.397968402691085,48.14589313511582,An der Kuhtrift
16.227548250499883,48.21616076114592,16.228894149236215,48.2170602388169,"Wolfersberg, Schöffelplatz"
16.343970803797735,47.87198776993053,16.345617990117848,47.872928530344424,Neu-Ebenfurth Wr. Neustädter Straße
16.36715888986999,48.18751263681127,16.36956335980164,48.189073406043626,Rainergasse
16.336401209323807,48.18330417771886,16.337746190389392,48.184203622243636,Arndtstraße
16.32863390735914,48.07907899835125,16.329942987074038,48.08001490116429,Wiener Neudorf Buchenweg
16.378162188486847,48.1906442996648,16.380385936388453,48.192815241532585,Schloss Belvedere
16.264008850232354,48.11742465961833,16.26535214949725,48.11832414034437,Perchtoldsdorf Am Wallgraben
16.390743411409435,48.21316343419808,16.392639334426867,48.2145143927514,Franzensbrücke
16.44351680531119,48.08040138438078,16.446487382904795,48.08279990661239,Himberg
16.36888248673849,48.20863738574116,16.370228112967368,48.20953681422124,Graben/Petersplatz
16.37028244431385,48.20738469127991,16.373874370815894,48.20985492649959,Stephansplatz
16.329282756807814,48.262816857387314,16.3316563755771,48.26451296358667,Cobenzlgasse
16.21035860862216,48.004638331453634,16.211775684042202,48.00557884402201,Baden Weilburgplatz
16.336831023624033,48.177699005328975,16.341417600315218,48.18002169721713,Aßmayergasse
16.435046159820885,48.26175774009677,16.437565000180594,48.26361333871757,Eipeldauer Straße
16.372440943989965,48.19658416297356,16.376200799896278,48.203358012679914,Schwarzenbergplatz
16.33530813246068,47.984641129257724,16.336816664845138,47.985670670753336,Oberwaltersdorf Badeteich
16.306212213906274,48.12729897557462,16.30817886849274,48.12856022493813,Lemböckgasse
16.40631397656214,47.9720354742647,16.407653423139234,47.972934925697544,Ebreichsdorf Schafflerhofstraße
16.317196014057476,48.17557008988342,16.31873138222764,48.17662971015173,Stranitzkygasse
16.443062508111147,48.22124983565779,16.44477289075024,48.22229876356674,Deinleingasse
16.10742304013307,48.201236972002945,16.109257075127015,48.20240904717537,Irenental Klosterstraße
16.464998049600073,48.21001074799964,16.46673581217372,48.21134390997665,Binsenweg
16.43733163138718,48.08372866092684,16.43901271567165,48.084789494478564,Himberg Falkenhofgasse
16.49767534331332,48.21592221166994,16.49906235693658,48.217024587993684,Saltenstraße
16.342489970989377,47.99251395884436,16.343923824478747,47.9935260410684,Trumau Ortsmitte
16.231084292598467,48.00723899190701,16.23261020576285,48.00826190805882,Baden Brusattiplatz
16.32162654772834,48.23668802096325,16.324061049541267,48.23794205559238,Erndtgasse
16.347197124678235,48.23557430241484,16.349852061508514,48.23789111116946,Hardtgasse
16.36053444236967,48.14542746992691,16.362268856417803,48.14634083018388,Siedlung Blumental
16.219504317671404,47.93749728776302,16.2212696201652,47.93928991127143,Kottingbrunn Hügelgasse
16.603208399570306,48.041900132536114,16.604725000755394,48.042802867444074,Margarethen am Moos Leithastraße
16.310858276853743,48.08561336539646,16.312200722866287,48.086512834566086,Wiener Neudorf Gartengasse
16.3527810886493,48.23571148702384,16.354377329223176,48.23737035258894,Guneschgasse
16.26559765221475,48.1173041598847,16.266940947514513,48.11820364007799,Perchtoldsdorf Wegbachgasse
16.42715620471865,48.266619309967965,16.428520598541454,48.267811089956325,Heinrich-von-Buol-Gasse
16.39767793291902,47.94426327041761,16.39901666678459,47.94516272954466,Weigelsdorf Spindelgasse
16.40768119111773,48.23953906731678,16.41019759781156,48.24234573159687,Donauturm
16.282867385976427,48.238532011601684,16.28426551390171,48.23964678800274,Geroldgasse
16.46360501722706,48.22494915559171,16.465664874968127,48.22636934456582,Hartlebengasse
16.263133978183973,48.13840386876939,16.26501961975267,48.139484629807,An der Liesing
16.33071019981023,48.15692522658298,16.332166002614205,48.15785507292371,Nauheimergasse
16.318075690221196,48.13079397025168,16.31941930949667,48.131693429710865,Wienerflurgasse
16.380959888091223,47.978318069908546,16.382299511615432,47.97921753005378,Ebreichsdorf Pferdepromenade Nord
16.231266969925723,47.99886846279801,16.23256722701616,47.99979193654788,Baden Gallstraße
16.367110807291972,48.243157974442106,16.36863457281362,48.244460884514524,Heiligenstädter Brücke
16.307000979269578,48.20112906408196,16.30956756644474,48.20250000884937,Laurentiusplatz
16.279248589939456,48.15747965566821,16.28115551928964,48.15889654466262,Deißenhofergasse
16.40433880822966,47.89203036758849,16.405676191473315,47.892929832373774,Landegg San-Lorenzo-Siedlung
16.261529629757682,47.999651044287624,16.26359566133849,48.000697256861876,Tribuswinkel Schlehengasse
16.2429278095266,48.01072219792818,16.24565004022128,48.01173896768154,Baden Wiener Straße
16.271845454886773,48.10187265975933,16.273188344841362,48.10277214020335,Maria Enzersdorf Dr.-Rudolf-Strecker-Gasse
16.17516250269661,47.92822963817389,16.177863997705657,47.92978968818002,Hirtenberg
16.40647484315688,48.25445384983842,16.40878616997914,48.25556445634535,Hoßplatz
16.297868147733496,48.24620835679769,16.299357958899606,48.24731264318776,Neustifter Friedhof 3.Tor
16.05888208282648,48.15952168993481,16.0601907121237,48.16043950961225,Pfalzau Rudolf-Pleban-Straße
16.11102456849122,48.079790795029986,16.11339776049519,48.08083272142462,Grub im Wienerwald Dornbacher Straße
16.381928301008962,48.21546228874059,16.383274098693995,48.21636171122175,Johannes-von-Gott-Platz
16.514071667694473,48.04746019627734,16.515507933886827,48.04843140370178,Ebergassing Schulen
16.390356896847855,48.187359504940495,16.39231826233976,48.18845232604234,Heinrich-Drimmel-Platz
16.32594234644959,48.20149249849147,16.32761650284971,48.20330808243478,Guntherstraße
16.349537922275164,48.25888348608118,16.350884877434115,48.259782913881274,Wildgrubgasse 2
16.45452060401971,48.15419344579273,16.4562927938491,48.155370242565525,Widholzgasse
16.469299889872786,48.19910603892625,16.470694913565737,48.199995560422366,Naufahrtbrücke
16.308055173256143,48.18898312587046,16.309632424038675,48.18995027324386,Phillipsgasse
16.268164888581417,48.0983702363982,16.271093307602662,48.0996921592014,Maria Enzersdorf Kloster
16.35394136994249,48.15566037567549,16.356400723787452,48.15684667809459,Otto-Probst-Straße
16.409648926978694,48.27499780675468,16.411462265674082,48.27629609347999,Berzeliusgasse
16.013317779383975,48.087735621881016,16.01466652120953,48.088732878057506,Klausen-Leopoldsdorf Ortsmitte
16.15342045713037,48.11190845685458,16.154972344183317,48.112893642702765,Kaltenleutgeben Am Brand
16.46868354604079,48.152339159752515,16.470215402698386,48.153346629557596,Sängergasse
16.455528198903767,48.21386024168974,16.45714700461916,48.21496735833227,Strandbad Stadlau
16.302996872789684,48.19204035434328,16.306656987361535,48.19331119123112,Wien Penzing
16.26026169163664,48.0076537729256,16.262390150465443,48.008901304245306,Pfaffstätten Rennplatz
16.329693328656866,48.08202296852775,16.33103567105921,48.08292243143478,Wiener Neudorf Weidenweg
16.319993765822314,48.18965201139506,16.324487596830345,48.19109686554311,"Rudolfsheim, Anschützgasse"
16.469884197034187,48.13986246113513,16.471597984011915,48.14087922822543,Schwechat Sommerbad
16.443807315323184,47.97881055706803,16.445119887055462,47.979737042566526,Schranawand Obere Ortsstraße
16.151424315894502,48.198096078975894,16.152774786142228,48.19917382097118,Neupurkersdorf Kleiner Steinbach
16.256732932675227,48.118627458454036,16.258076267055912,48.119526941508695,Perchtoldsdorf Sportzentrum
16.512398843287446,48.04420039364456,16.513778153631076,48.04514430623099,Ebergassing Friedhof
16.133415518216403,48.14042083993622,16.134759481540826,48.14132036002686,Breitenfurt Friedhof
16.28958918177539,48.11926446667049,16.290974909476443,48.120312431900494,Brunn am Gebirge Wolfholzgasse
16.28674077946333,48.005788216464964,16.288143315450743,48.00678918335821,Traiskirchen Georg-Skrianz-Platz
16.406909767184732,48.1865822813662,16.40832163704488,48.18757001854163,Maria-Jacobi-Gasse
16.35464382779443,48.25056675163688,16.357876727584806,48.25209105504848,Hohe Warte
16.312805789094227,48.221951094451335,16.316913424508144,48.22423398903877,Hernals
16.196656780044975,48.01450586484021,16.199157313688968,48.0160399344549,Baden Jammerpepi
16.42931777014636,48.24612642233958,16.43090000426275,48.24750035136529,Prandaugasse
16.28509603116461,48.1810669140597,16.286700138950593,48.18234849958136,Stadlergasse
16.282464203078096,48.12649876421153,16.283992593152803,48.12740913583259,Perchtoldsdorf Rudolf-Hochmayer-Gasse
16.365719168726738,48.14192032011089,16.36770113094875,48.14282287993308,Südrandstraße
16.422348249373027,48.269043693227154,16.423836749201133,48.27032550603168,Franz-Sebek-Straße
16.315306338550144,48.11722715100158,16.317473767371727,48.118642948687864,Vösendorf Anton-Benya-Straße 1
16.416187870819215,48.18399618151837,16.418379562931182,48.18577575187328,Gasometer
16.517675308025346,48.20274211475437,16.519020691648677,48.2036414852075,Auernheimergasse
16.294739822493884,48.23007577326583,16.297197164862343,48.23125991078121,Himmelmutterweg
16.39937291509585,47.96116447207278,16.400712084607154,47.962063927889496,Ebreichsdorf Haltgasse
16.35301471296813,48.20363479371736,16.354593895884154,48.204551246120275,Sankt-Ulrichs-Platz
16.44107952826148,48.17830239748982,16.443651332786747,48.17955430832806,7. Haidequerstraße
16.51915019165838,47.95800269581669,16.52048920801929,47.958902104145174,Seibersdorf Marktplatz
16.432881321630248,48.24070353300169,16.436142343139405,48.24291005323557,Siebeckstraße
16.21266787740664,47.89249869168545,16.214197818971726,47.89342870721088,Matzendorf Höllesstraße
16.36855847194722,48.13772317620603,16.37165499850644,48.14088308176766,Bahnhof Blumental
16.109022034364305,48.0535853565409,16.110376965854208,48.05459894330388,Heiligenkreuz Mayerlinghöhe
16.285262304905086,48.1059800624372,16.28660529482013,48.10687953752546,Brunn am Gebirge Kirche
16.45224434790218,48.01182661232623,16.454509089762496,48.01294310153491,Moosbrunn Glasfabrikstraße
16.35597425699739,48.077063779158046,16.358069238861038,48.07831775209614,Laxenburg-Biedermannsdorf
16.270172724577012,48.00211254550506,16.271519375229122,48.003095454430415,Tribuswinkel Leesdorfer Straße
16.448081168542473,48.177472543337764,16.45003882986783,48.178491054109394,Bleibtreustraße
16.284891829774725,48.088700961012975,16.28623436995081,48.08960043894968,Mödling Franz-Skribany-Gasse
16.292670902568492,48.14683315619954,16.295701472206115,48.147935383699895,"Atzgersdorf, Kirchenplatz"
16.376115222883566,48.199534099545005,16.377744369397387,48.20075310060886,Akademietheater
16.410646587267177,47.94034137260878,16.411985212433752,47.94124082735346,Weigelsdorf Erholungszentrum Postäckerstraße
16.33074125134623,48.14278305122447,16.333237545847492,48.14419484735557,Dobrowskygasse
16.180621143127997,48.03800109407635,16.182148852628124,48.03891170596467,Siegenfeld Hochweg
16.371970239408608,48.21231668661121,16.37331596029654,48.21321611335117,Salzgries
16.362962354069808,48.24258731765706,16.365395954402246,48.24560199992178,
16.3615629352929,48.184799402183785,16.36407639314927,48.18676598563199,Laurenzgasse
16.35719744472432,48.13510407777401,16.358541154985122,48.1360035221884,Inzersdorf Großmarkt
16.478826936293157,48.140159596159414,16.481276154074852,48.14126812828513,Schwechat Möhringgasse
16.460607720701383,48.17854193765207,16.462420567050284,48.18002846279614,Seitenhafenbrücke
16.136342515914126,48.22206202317272,16.138298558639214,48.22384783710061,Gablitz Eitlergasse
16.250568230873494,48.00402459297068,16.25191206215287,48.005460106954395,Baden HTL/LBS
16.44368894558083,48.16189199064145,16.445271516434246,48.162911168245095,Hörtengasse
16.25839940557507,48.14866809007769,16.25995399910702,48.14976450998584,Kaserngasse
16.2567596680602,48.21781888478765,16.25836313584108,48.21874121536955,Hänflingweg
16.423495672149524,48.099964108161814,16.42506473551614,48.100957409598834,Maria Lanzendorf Kirche
16.311072971705663,48.25310339846413,16.312732533234684,48.254038701796325,Ährengrubenweg
16.33862603484438,48.203425162497176,16.341200960795902,48.20691193323139,"Kaiserstraße, Burggasse"
16.302208591814253,48.16018370886528,16.304082633433996,48.162612100759,"Südwestfriedhof, 1. Tor"
16.40514712412343,48.17391275106366,16.40819574305412,48.176816023290094,Geiselbergstraße
16.46523157651635,48.23406138512862,16.46787377058677,48.23543312772047,Hirschstetten Ort
16.384866235812485,48.07976624077739,16.386448058856992,48.08068855935196,Achau Gemeindeamt
16.366215426334648,48.2571446146788,16.367704130156543,48.25833321209651,Sickenberggasse
16.299064479289903,48.21342932062792,16.302352324796857,48.21490427959979,Ottakringer Friedhof
16.331340986655807,47.991561030085506,16.333036075394844,47.9937254625072,Trumau
16.215130783082937,47.963156399671774,16.21691241415682,47.96426949581311,Bad Vöslau Mühlgasse
16.429717896636845,47.92479920687136,16.431641601291165,47.9260027926497,Wampersdorf Lindenstraße
16.47493921257427,48.13730623454506,16.47652709888921,48.138669665623944,Schwechat Mischekgasse
16.049589266009622,48.044100932018864,16.05112283023085,48.045015734424474,Alland Groisbach
16.208853167781857,48.22380275403351,16.210219030749304,48.22483434539659,Wien Kasgraben
16.30944880064724,47.9835575571153,16.310788599074513,47.98445704284727,Oberwaltersdorf Schloßsee
16.41349909535461,48.132363306749404,16.41581491143746,48.13340419434808,Unterlaa
16.356658734805848,48.18173392693985,16.358125463025328,48.18277329561288,Scalagasse
16.31802919715588,48.19700399573954,16.321730694564728,48.200225487441415,Johnstraße
16.35995860862352,48.20066750122561,16.363225531114043,48.20362461784754,Museumsquartier
16.373294290220613,48.22177519055345,16.376641492572862,48.22401501962918,Obere Augartenstraße
16.31811850554599,48.215447018394634,16.320705300849863,48.217026737720104,Wilhelminenstraße
16.36011264260502,48.21278188629082,16.3680449268465,48.21673863767956,Schottentor
16.157232125526264,48.22628185961088,16.158891068456438,48.227221740665456,Gablitz Kupetzstraße
16.206406172293743,47.864228802396156,16.207752835188565,47.86572619751952,Heideansiedlung Blätterstraße
16.416408103710104,48.23028552185944,16.418030297055193,48.23139117852442,Schüttaustraße
16.431859371415474,48.15001879323853,16.433203428277768,48.15091820672364,Gruppe 74
16.340787566524508,48.138495160304814,16.342412834434814,48.139556439469146,"Inzersdorf, Slamastraße"
16.300423541056972,48.185309968494984,16.302676454213042,48.186466260233985,Am Platz
16.40405577027378,48.182756792819134,16.406883609736983,48.18501734393257,Litfaßstraße
16.42626606320601,48.18478624174969,16.427911942297243,48.185878795427534,Guglgasse
16.41966250100292,48.21216829225362,16.421412039750315,48.21330238825152,Dr.-Natterer-Gasse
16.16047247241488,48.20002062378943,16.163141638156272,48.201172578197856,Purkersdorf Rechenfeldstraße
16.28329624831197,48.21945575395963,16.284831847927173,48.220366846091814,Wilhelminenberg
16.472244590713217,47.93816882961144,16.47359170993879,47.93918257031563,Deutsch Brodersdorf Feuerwehr
16.385622452571752,48.23811119205391,16.387206280772766,48.23939347190498,Allerheiligengasse
16.193039585321102,48.24068735844101,16.19437490920846,48.24163774115854,Steinbach Kirche
16.30229220244282,48.07578216308689,16.303634397279176,48.07668163687573,Mödling Im Felberbrunn
16.381768651177428,48.05832547635536,16.383110348527886,48.05922492360696,Münchendorf Seedörfl
16.48779903224024,48.20825674770139,16.489150566768803,48.2092632522537,Danzergasse
16.34935189993909,48.146370846578286,16.354430341151215,48.14825696278731,"Inzersdorf, Friedhof"
16.449726558973488,48.153734892576935,16.45123464196336,48.15475378123087,Roschégasse
16.40082574075394,47.962599210026745,16.40453036597289,47.96381755820559,Ebreichsdorf Hauptplatz
16.39384077405369,48.191143415147415,16.396148283692046,48.192667337591,Oberzellergasse
16.27882419949951,48.120438353684946,16.280528701189986,48.12134794634336,Perchtoldsdorf Eisenhüttelgasse
16.301238412993072,48.1279469029871,16.3026016880309,48.12901809689727,Liesing Industriegelände Süd
16.50536552119934,48.16785321908628,16.506835378913895,48.16882688079599,"Finsterbuschstraße, Öllager"
16.400219202688834,48.21296853910293,16.402061912197517,48.2139767080043,Schweizerhaus-Luftburg
16.320018622961257,48.2514347458859,16.321436581843322,48.252437654008936,Fröschelgasse
16.327670376077585,48.2478352949937,16.329129233274273,48.249548504777486,Bellevuestraße
16.434187846732478,48.1519615938493,16.435531952960243,48.1528610061129,Gruppe 47
16.407874204976345,47.954396573178315,16.409213194724952,47.95529602678393,Ebreichsdorf Ackerweg
16.273563964300273,48.19310186723271,16.274909235426254,48.19400133272999,Hackinger Straße
16.36979613233306,48.22903052445427,16.37304266242685,48.23104752679322,Wallensteinplatz
16.398602319269596,48.19655631191842,16.40267375353829,48.19841018108188,Kardinal-Nagl-Platz
16.446278749072246,48.19530177647644,16.447750651691226,48.1962832234571,Dammhaufengasse
16.351710803140982,48.220381684385735,16.355977184322153,48.22351268591996,Spitalgasse
16.412280446575824,48.21378590074792,16.41526495885033,48.216060870392305,Krieau
16.428389715545382,48.17090293360812,16.430434452924416,48.172014482872285,Rohrhofergasse
16.30551974409743,48.19657760081037,16.308392275286884,48.199482281894866,Breitensee
16.333312346622446,48.203570373094784,16.334944672387053,48.20449368349244,Moeringgasse
16.3818287306389,48.20986225825175,16.38416459920315,48.21176688313895,Julius-Raab-Platz
16.46957795165418,48.1726725475477,16.471261195707186,48.17396973759104,Alberner Hafenzufahrtsstraße West
16.299286550907958,48.08614269386376,16.301384046829295,48.087281504153076,Mödling Josef-Hyrtl-Platz
16.33207885230587,48.18747157720943,16.334436797868275,48.18872304582039,Stiegergasse
16.220472931847635,47.87623202513341,16.221854069520766,47.87716687483154,Steinabrückl Badener Straße
16.33096117919576,48.2292870261355,16.333264783465687,48.23063301493183,Weinhauser Gasse
16.42289541902025,48.15653095915581,16.424327327456773,48.157507060679904,Schemmerlstraße
16.32590500681203,48.19070365366092,16.328844961725874,48.191875841977065,Rustengasse
16.318069561904608,47.98025025771633,16.319516486069915,47.981257372904885,Oberwaltersdorf Feuerwehr
16.265036655943206,48.187326202788405,16.26653853929021,48.188385897216136,Schweizertalstraße
16.43718525153619,47.964262892413856,16.438544752287477,47.9655030075053,Unterwaltersdorf Mühlgasse
16.422827493314067,47.9633731767898,16.42416670638393,47.9642726231724,Unterwaltersdorf Ackergasse
16.299472762433265,48.16642326835787,16.300912040598163,48.16733553101577,Pensionistenwohnhaus Hetzendorf
16.430989483325416,47.956591377854934,16.43232851637095,47.957490822107225,Unterwaltersdorf Heimatmuseum
16.27846775037208,48.09467196035228,16.27981044935474,48.095571439610396,Maria Enzersdorf Hofgasse
16.26701838378471,48.12113949229791,16.268830106528032,48.122522708058916,Perchtoldsdorf Spitalskirche
16.27403286252754,48.13637957441049,16.27600202837243,48.13741182660134,Korbgasse
16.389100328464735,47.93667216817964,16.390438871240804,47.93757163178269,Weigelsdorf Schivitzhoffen
16.136635886246523,48.219379646646054,16.13798191350906,48.220279153317044,Gablitz Lessinggasse
16.40410251770902,48.24440953094441,16.405700393154586,48.2463574716155,Friedstraße
16.330217769934425,48.21759849247892,16.333990230892883,48.21930901005809,Elterleinplatz
16.41143419224534,47.93561457838148,16.413084317307366,47.93692932186294,Weigelsdorf Schotterweg
16.45253372527162,48.22365711950046,16.45608772407208,48.22585052811633,Langobardenstraße
16.19912866268789,48.116733494838954,16.200991537223228,48.11763380509451,Kaltenleutgeben Gemeindeamt
16.29508324779517,48.09828964813232,16.296593154111005,48.09924835138129,Maria Enzersdorf In den Schnablern
16.276568263264668,47.90442997010873,16.277920936306916,47.90544952966988,Sollenau A.-Gsellmmann-Straße
16.214641941031466,47.95902443209367,16.217905692858277,47.961062019503856,Bad Vöslau Veilchengasse
16.27064514750989,48.13861532486047,16.27276144925245,48.13957227564478,Hoferstiege
16.467473424449516,48.21489480950485,16.46929363241455,48.216012244886095,Wulzendorfstraße
16.34613723993479,48.232053852596124,16.347654954570427,48.2335668469664,Währinger Park
16.460086725751836,48.01843078601788,16.462705272506103,48.01974221092427,Moosbrunn Kirche
16.52293482522114,48.04249472403211,16.524798776483596,48.04357107477397,Ebergassing Götzendorfer Straße
16.28758241366403,48.08230796098527,16.28892478606102,48.08320743897738,Mödling Gretl-Sätz-Steig
16.294986346817282,48.1489719675399,16.296330452905266,48.14987143242273,Hödlgasse
16.314500154349663,48.11082266348071,16.316336186667325,48.11247197083663,Vösendorf Shopping City Süd
16.11144643861468,48.164770324769876,16.113659063217785,48.1660723740613,Wolfsgraben Siedlungsstraße
16.465619704896568,48.11491567413211,16.466971599525174,48.11617602580088,Zwölfaxing Josef-Weiß-Gasse
16.314660722498598,48.131492799580734,16.31625097486003,48.132564300416924,Siedlung Wienerflur
16.473099290067733,48.158054273773885,16.474822508377297,48.159484549101705,"Kaiserebersdorf, Münnichplatz"
16.293471003949918,48.0815259677449,16.294907298927214,48.08242283220863,Mödling Goethegasse
16.3424609609283,48.21005893704091,16.345271382590997,48.211426640091524,Albertgasse
16.258723022694724,48.1664019128338,16.260222277423466,48.167384487009556,Kleiner Ring
16.168938300068827,48.111727580534144,16.17078199707312,48.11277161790142,Kaltenleutgeben Thumergasse
16.304010466531153,48.11315032159414,16.30539413585648,48.11409027834085,Brunn am Gebirge Kressgasse
16.32053270458079,48.18448462313412,16.323565344914243,48.1858811123866,
16.3287021000968,48.209333475072356,16.33144336121211,48.21039133387027,"Thaliastraße, Haberlgasse"
16.348247399354484,48.23805803701852,16.35008260650796,48.24043112554996,Gatterburggasse
16.287188643001308,48.25027519060005,16.289185047974915,48.25154815175851,Keylwerthgasse
16.35088416161153,48.21799362498851,16.35260781781578,48.21990968930602,Lazarettgasse
16.430397958467235,47.96623997849787,16.431737241229115,47.967139421464296,Unterwaltersdorf Don Bosco-Gymnasium
16.22862646191404,47.998497578188285,16.230048034886043,47.99939142171094,Baden Trennerstraße
16.32089995200234,48.06232931870217,16.3222502486263,48.06332488112002,Neu-Guntramsdorf Dr. Karl-Renner-Straße
16.487746797172797,48.21964806019903,16.489616486852352,48.2213383404206,Soldanellenweg
16.025756134650628,47.9902907420304,16.027515551248964,47.99152479673761,Weissenbach an der Triesting Abzweigung Eberbach
16.18514925991601,47.920649851330566,16.189140986340107,47.922777802962656,Enzesfeld-Lindabrunn Bahnhof
16.167655279328393,48.155801823687575,16.168953615830947,48.15670457583636,Laab Jubiläumsstraße
16.36732673094474,48.204275458624046,16.37010046242999,48.20590314024984,Albertinaplatz
16.274030916860337,48.15400629824429,16.276319680646854,48.15495480220829,Maurer Friedhof
16.29738703122409,48.081157562634395,16.298729368498883,48.082057037328234,Mödling Fabriksgasse
16.405580941344297,47.96700837372773,16.4069202583573,47.96790782623452,Ebreichsdorf Silogasse Nord
16.374731159683016,48.24895619001143,16.37607784002099,48.249855609950956,Griegstraße
16.40402224731798,48.196137401773186,16.405607099581324,48.197146300207265,Lechnerstraße
16.233138392852275,48.07513925100157,16.23448060688447,48.076038748961224,Hinterbrühl Wendestelle
16.1289344303012,48.054931432516675,16.13027616945802,48.05583096744643,Heiligenkreuz Stift/Badner Tor
16.3250657558578,48.24153869773116,16.32692934715195,48.24248200258435,Gustav-Pick-Gasse
16.38872723713082,48.26620389402137,16.390074362569923,48.26710330594095,Obergfellplatz
16.315000330500848,48.07284275607552,16.31647416918053,48.07374364391005,IZ NÖ-Süd Straße 2/Straße 2a
16.297818657957723,48.20934957279064,16.299164341763376,48.210249027172004,Pav. 90
16.205037492790844,47.86642795450649,16.20640930326339,47.86730314463212,Heideansiedlung Raketengasse
16.35287987658731,48.20875583254735,16.3565712236486,48.21178794957008,Rathaus
16.1424151275305,48.091897396036615,16.144262956536085,48.093587604563574,Sulz im Wienerwald Vogelgraben
16.434347875385996,47.96502047917858,16.435687124309535,47.96591992078358,Unterwaltersdorf Hasengarten
16.40313528657625,48.18647689051579,16.404480313122587,48.18737630944648,Neu Marx
16.218835769622885,48.00731544325922,16.220176230117794,48.00821495670363,Baden Schlossgasse
16.42561443159389,48.267437101243004,16.426961568098896,48.26833649871921,Giefinggasse
16.246660524691038,48.01132444828352,16.24800107504368,48.01222395167922,Baden Neumistergasse
16.326500221754937,48.1239811981417,16.32854667371514,48.12495510249211,Vösendorf Post
16.1894805385179,47.959002757955695,16.19181097769427,47.96088164285573,Gainfarn Großauer Straße
16.18728398574358,48.13432967858603,16.190252419078615,48.13536112240765,Breitenfurt Rudolf-Steiner-Gasse
16.077302152917834,48.057812204581154,16.079039854384956,48.05908579563693,Alland Hauptplatz
16.400647110199106,47.94608867113153,16.401985889503848,47.94698812883077,Weigelsdorf Frauenbrückenweg
16.303984818195993,48.111445601179184,16.305639985548254,48.11237529903559,Brunn am Gebirge Industriestraße A
16.2152199721728,48.20663775833028,16.21656562756606,48.20753724163258,Wolfgang-Pauli-Gasse
16.35798148339743,48.25440828729848,16.3593283163101,48.25530771266394,Mayer am Pfarrplatz
16.35783695742959,48.173536833849106,16.36122268256427,48.17480154737204,Belgradplatz
16.464632242636768,48.12819444067292,16.466083221885746,48.12939256644725,Rannersdorf Schulgasse
16.254433006923392,48.21631639514536,16.25577189464288,48.21727280460162,Günselgasse
16.37711872020649,48.23561936874358,16.382320923086784,48.238263909121564,Dresdner Straße
16.242294713774474,48.203982762688504,16.243640285958616,48.2048822372743,Freesienweg
16.323228406707923,48.1832293753084,16.32457339300809,48.18412882465415,Rotenmühlgasse
16.248254381155196,48.21597859995616,16.250319590201073,48.2177994903496,Ulmenstraße
16.38497196511427,48.190232284998096,16.386477354139725,48.19201576738499,Kölblgasse
16.22538230909198,47.88823393498716,16.226719690648846,47.889133464975664,Matzendorf Rosenstraße
16.226506408461827,48.09896081076379,16.22794098624078,48.09998858911783,Gießhübl Eichbergstraße
16.256180912713532,48.12781735908149,16.257524487017598,48.12871684088126,Perchtoldsdorf Haydngasse
16.366139318271753,48.1918465442965,16.367716600819826,48.19329130171358,Mayerhofgasse
16.475734185611135,48.22407630542463,16.477991360577967,48.22628634924123,
16.203620136720605,48.11828674709825,16.20566177049111,48.11930505381885,Kaltenleutgeben Wilhelmstraße
16.350672692154394,48.20173135677633,16.35310511905024,48.20268758005888,Kirchengasse
16.362683947620535,48.142975674540985,16.364054452543183,48.14404032522613,Wagner-Schönkirch-Gasse
16.25268514781374,47.93398134992215,16.25501452579292,47.935752971830226,Schönau an der Triesting Kirche
16.324125054251063,48.215489676136706,16.326937144123058,48.21683870552469,Mayssengasse
16.290498961974023,48.221294184218124,16.292268235496486,48.22244491560981,Otto-Hötzl-Weg
16.424886843623053,48.15294225790985,16.42764967300752,48.155428713850974,Bahnhof Zentralfriedhof
16.46286050924366,48.150639168198936,16.46451841648227,48.15170592191642,Wopenkastraße
16.272108680399047,48.11282643006974,16.273598895887414,48.11458224593113,Perchtoldsdorf Vierbatzstraße
16.3096062813363,48.24024499306479,16.311874083094132,48.241910387040306,Pötzleinsdorf
16.369209337068433,48.17540155084469,16.370894756136362,48.17703558273056,Leebgasse
16.180619213944357,48.11228665843596,16.182868784937785,48.11320664176771,Kaltenleutgeben Bachgasse
16.2020642181089,47.85672321378034,16.203629877694816,47.85822938542061,Feuerwerksanstalt Steinfeldweg
16.459802568722754,48.11243813467124,16.461257328453442,48.11333866528968,Zwölfaxing Stöcklstraße
16.301121934867673,48.191371393396096,16.302588363952513,48.19262110593889,Cumberlandstraße
16.46446157542561,48.02068351406038,16.466199721470623,48.02169018452959,Moosbrunn Wassergasse
16.410519352139637,48.196912892762036,16.41186464755746,48.19781230720021,Stadionbrücke
16.46889353991118,48.15869969256573,16.471785653495495,48.16147193065636,"Kaiserebersdorf, Zinnergasse"
16.354297538531235,48.243775398625495,16.35708325521827,48.24547599147631,Barawitzkagasse
16.408168572412876,47.95692377343405,16.409507627288328,47.9578232265282,Ebreichsdorf Rosenstraße
16.277834906912545,48.16829072969219,16.280447986755874,48.16991849563852,Klinik Hietzing
16.304843235527176,48.09973580664166,16.306192662911158,48.10073629290994,Maria Enzersdorf Donaustraße
16.605208962612966,48.09328883035979,16.60670233428916,48.0946559691009,Kleinneusiedl Fischamender Straße
16.241051185400163,48.24893070326201,16.242597960077962,48.24990242649096,Exelberg Rotes Kreuz
16.379123659719347,48.2149468140211,16.381183355712523,48.216793653596916,Karmeliterplatz
16.293233455367123,48.129446632470255,16.29514694722282,48.13051076596762,Josef-Meder-Gasse
16.339181141516946,48.200927314556886,16.341784409941422,48.20272823525672,Kaiserstraße
16.283804867626607,48.213871826003746,16.285158232372158,48.214859773911535,Hansl-Schmid-Weg
16.433722542561057,48.25011112465374,16.436928387405963,48.25120940681987,Saikogasse
16.394948208926255,48.211114239627165,16.397199209669097,48.21271619047961,Kurzbauergasse
16.26885269489209,48.007290699315874,16.271070412703008,48.0083143395852,Tribuswinkel-Josefsthal
15.993159065482285,48.01524689572953,15.994923636667437,48.01628230315421,Altenmarkt an der Triesting Volksschule
16.334798098407003,48.068353436225046,16.336269403927158,48.06935576376966,IZ NÖ-Süd Straße 14/WALTER GROUP
16.286764957419646,48.25786831139791,16.288729441253434,48.259060887913755,Dreimarkstein
16.260673212467108,48.10490715805593,16.262016187263377,48.10580664190679,Brunn am Gebirge Beethovenstraße
16.357519176517354,48.16593471164576,16.35920477385932,48.16764683980977,Gußriegelstraße
16.438873303383584,48.229448633240985,16.440371298138853,48.23040866638993,Benatzkygasse
16.141118319503384,48.10838939114843,16.142621890200335,48.109719240112,Sulz im Wienerwald Sulzer Höhe
16.45367227442931,48.01678919914261,16.455043021178174,48.01774850063717,Moosbrunn Hauptstraße
16.40713255632403,47.967548225076115,16.4096894140119,47.96889117492072,Ebreichsdorf Feldstraße
16.012923698626047,48.017395294903494,16.014463306411386,48.018493705155976,Hafnerberg Kirche
16.252235037603544,48.21956635699505,16.2537223656433,48.220589643013646,Dostgasse
16.46437769404147,48.153310927474394,16.467366912063877,48.1552338127534,Svetelskystraße
16.241877024429794,48.08529446378658,16.243495479676064,48.08622053639928,Hinterbrühl Brühlegg
16.307386884598408,48.15881011099712,16.30960481652199,48.16009268765004,Kirchfeldgasse
16.37584222459296,48.20607275328297,16.38175509801927,48.20847880886065,Stubentor
16.19587575516529,48.05424344314522,16.197217444579675,48.055142956817704,Gaaden Schedyfkagasse
16.386635952978818,48.15822168616721,16.38803424594724,48.15936921356646,Neulandschule
16.00714917543615,48.09197398962625,16.00903281955764,48.09324091036456,Klausen-Leopoldsdorf Agsbach
16.428729123688445,48.10157614815291,16.43050735401502,48.102590995019355,Lanzendorf Schule
16.29457179306914,48.17603746959416,16.295916606653115,48.17693693036846,Wattmanngasse/Elisabethallee
16.474664228284823,48.16692681108747,16.47614197821997,48.167979688434926,"Zinnergasse, Kaserne"
16.58669100853603,48.072516133294776,16.588335093996083,48.07343836685451,Schwadorf Volksschule
16.26803965328884,48.1787453028649,16.269567647611353,48.17965119714772,Gobergasse
16.176324596717325,48.15481584347238,16.17800340631416,48.15574395672756,Laab Schlossgasse
16.222221885432837,47.89001053459599,16.223559314308634,47.890910065366825,Matzendorf Buchenweg
16.16385032080008,48.11069198443038,16.165237679872128,48.11181291527559,Kaltenleutgeben Ellinggraben
16.33682390802311,48.240114005895016,16.338673397227005,48.241080494615545,Flotowgasse
16.433618525264503,48.24734102191272,16.435027138455467,48.24845001845423,Attemsgasse
16.344340068108743,48.24004808363984,16.34568653160193,48.240947516322635,Obersteinergasse
16.236472742114007,48.099444764219726,16.238039249210434,48.10066733584843,Gießhübl Berggasse
16.167701080448563,48.19943167349774,16.169984424082664,48.2008423257511,Purkersdorf Deutschwaldstraße
16.38553999921132,48.20984315714332,16.39147083028178,48.211896624225545,Radetzkyplatz
16.403386329130612,47.94468317154813,16.40472507057179,47.94558262841415,Weigelsdorf Karl-Baumgartner-Straße
16.011600110640945,48.106274315165,16.013018788482295,48.10721308467793,Klausen-Leopoldsdorf Abzweigung Hochstraß
16.425822341969585,48.26921392396379,16.427361458473243,48.270117576025164,Paukerwerkstraße
16.191127529144673,48.07391784121123,16.192707374913983,48.07483755892341,Sparbach Ost
16.38003503945071,48.19602179527983,16.382404196266183,48.1973204210895,Unteres Belvedere
16.423491596826267,48.206065755129615,16.425862228171432,48.207859913259995,
16.381259776722185,48.217301188758356,16.382605622980886,48.218200611204004,Glockengasse
16.46522699101313,48.17512862752824,16.466943744694774,48.176122443523646,Margetinstraße
16.058863363725017,48.17681810526236,16.063297188785036,48.17920612976798,Dürrwien
16.31134455437863,48.23026075837936,16.313018947761783,48.23126654073058,Schöberweg
16.19734630578809,48.05326105948038,16.19963592684278,48.05453149210285,Gaaden Kirchenplatz
16.314075726138142,48.0511642377725,16.315845385782822,48.0526326626571,Guntramsdorf Schulcampus
16.29953816900125,48.081427526622214,16.30109003945376,48.08317047286259,Mödling Bezirkshauptmannschaft
16.44396176520332,48.07663552787142,16.445469244396037,48.07778134078859,Himberg Friedhof
16.396252177765835,47.89919011338985,16.39781082137823,47.90009588664219,Landegg Hauptstraße
16.28900494992333,48.15000958935462,16.29064536783044,48.15130109476888,Pensionistenwohnhaus Atzgersdorf
16.233912487899413,48.13758131388028,16.23544181267092,48.13857058585543,Jakob-Sommerbauer-Straße
16.342565950312178,48.14202917560735,16.343909849400283,48.14292862435514,Pfarrgasse/Traviatagasse
16.290326115566998,48.182498940726745,16.29292262981711,48.18347797454586,Gloriettegasse
16.382849927919647,48.26969250693564,16.384203073451513,48.2706902927109,Jedleseer Friedhof
16.260069109056975,48.16200420777975,16.261565191752627,48.16297569197448,Sankt-Hubertus-Platz
16.320173782319298,48.205476269742064,16.322118948686125,48.20898212925673,Brüßlgasse
16.28128503412015,48.151918774692525,16.282625564104677,48.152892024914216,Am Spiegeln
16.342472565254116,48.13480217772523,16.344159142441818,48.135852201493975,Ernst-Krenek-Gasse
16.345437439801714,47.88756194541453,16.34755024481505,47.88919576776736,Haschendorf Bachweg
16.419129479500008,48.267408908036906,16.420507924328334,48.26828419121538,Kaisergrund
16.365709294072314,48.208009485096255,16.36705490563423,48.20890891486614,Michaelerplatz
16.27997161885942,48.14381280224709,16.28149157018612,48.14508938382389,Corvinusgasse
16.364792722010844,48.21349068535534,16.366138477695824,48.21439011460708,Helferstorferstraße
16.300417107851544,48.023388752428154,16.302425500506537,48.02482384777423,Möllersdorf Karl-Adlitzer-Straße
16.248177698702737,47.93603784261975,16.249516301032653,47.936937357343,Schönau an der Triesting Rudolf-Steiner-Schule
16.213196035697514,48.244020868420996,16.21499446581449,48.24516493116256,Sofienalpenstraße/Roßkopfgasse
16.35555747755583,48.13369477334883,16.357894718936805,48.13505726371176,Josef-Prangl-Straße
16.090520434086372,48.18537263324121,16.09720744453598,48.18676066966958,Tullnerbach-Pressbaum Bahnhof
16.356107326299107,48.229261315195814,16.358169196249694,48.23060642423903,Augasse
16.29442576224096,48.188743809686876,16.29726821176232,48.19004483875782,Braunschweiggasse
16.25687287870595,48.00735754972638,16.258213321026645,48.00825705023635,Baden Marianne-Hainisch-Gasse
16.369730514831538,48.15298548152562,16.371074684874955,48.15388491843677,Sindinggasse
16.259757973704396,48.217505315911446,16.262474950766926,48.218940169171056,Siedlung Kordon
16.239812365853957,48.0024334236413,16.24480467777903,48.00557241571,C
16.215045754244496,48.00046298114278,16.21649494093877,48.00187631860312,Baden Dumbagasse
16.605789626064762,48.11931722708426,16.607132773591793,48.120216572877304,Fischamend Kleinneusiedler Straße
16.337879480328436,48.185444019917,16.339561075438418,48.18641318105694,Korbergasse
16.447739949797715,48.1443735959332,16.44908384989222,48.14527300402892,Gruppe 121
16.44667795229717,48.04328803237415,16.44843924507061,48.04431536631275,Velm bei Himberg Kirchengasse
16.311821590895885,48.11527286790231,16.31316480882353,48.11617233206027,Vösendorf Anton-Benya-Straße 7
16.438071256332243,48.14365379396167,16.43941514335977,48.1445532060005,"Gruppe 82, Tor 9"
16.313855078604643,48.25540207717797,16.315236924927923,48.256351622698794,Gspöttgraben
16.14958316525958,48.136652206607714,16.151670529853067,48.13763499409681,Breitenfurt Rudolf-Ulm-Steig
16.285417740387913,48.10692267248943,16.287268372417593,48.108462628038836,Brunn am Gebirge Am Frachtenbahnhof
16.401874037706282,48.14106250377237,16.403709249308022,48.1421792556364,
16.454907712621726,48.22704844340026,16.459641234309586,48.229787615217575,Konstanziagasse
16.21554177948799,47.976753794421384,16.216914916954348,47.977988105494425,Bad Vöslau Jakobusheim
16.366952951835568,48.18344487811872,16.382177814545894,48.188060839439245,Wien Hauptbahnhof
16.070327331086162,48.05208378897496,16.071745571363397,48.053001510594434,Alland Neuhof
16.389137455799073,48.150268484986704,16.390481543903306,48.151167914975616,Max-Fleischer-Gasse
16.297171925083155,48.172078543165036,16.29913167340677,48.17319845539644,Stranzenberggasse
16.441604022870518,48.10869397574463,16.443523355676962,48.109710362138884,Lanzendorf Mühlgasse
16.233942777415038,47.96152572272774,16.235572465787563,47.9633960075725,Kottingbrunn Kastanienweg
16.318244246291496,48.04978267403945,16.31966445754604,48.0506700250886,Guntramsdorf Rohrgasse
16.294922467082493,48.16901587322125,16.298340234315223,48.171032965017304,Atzgersdorfer Straße
16.364417717013694,48.234709616346244,16.371038687253044,48.238108170115595,Wexstraße
16.509807710979345,48.20677109908679,16.511266085009357,48.20766740082671,Dumreichergasse
16.18530943776027,48.23485024070845,16.18693365524337,48.23604275943156,Mauerbach Heiligenbergstraße
16.473788944908407,48.204873655889074,16.475180225177233,48.20586609978769,Marderweg
