min_x,min_y,max_x,max_y,name
2.1473541610702993,48.43473304539315,2.150592706874605,48.43599866779478,Lycée Saint Hilaire
2.3029577343170216,48.56463811830438,2.304313065835279,48.5655376816597,Château
2.3303044187367954,48.2396551144251,2.3328421901721232,48.24129058525685,Manchecourt Maury
2.5068997815719705,48.56740862137539,2.508523722671211,48.56834337715756,Libellules 1
2.4339744436197974,48.63988134955947,2.4355219602861036,48.64094265047628,Ratisbonne
2.1289686026110153,48.42286021635613,2.1308088897970765,48.423848084311494,Clos Albert
2.3547228969725444,48.56689581371996,2.3560783031684527,48.567795386244214,Berthault
2.2447173980110295,48.56052422377819,2.24607260215397,48.561423776185805,Lavoir
2.460124771614603,48.56859310343851,2.4616457284486692,48.56958279637833,Plaine D'Ormoy
2.6133937716323574,48.50930277384152,2.615103637210186,48.51059532640774,Tessan
2.477073322649318,48.398442316995165,2.478436776933629,48.39945288281936,Chambergeot
2.408479657009746,48.6125331118489,2.4104912443369892,48.61366688668911,Le Lunain
2.3446085326729222,48.621099356023045,2.3464359624621056,48.622055744418574,Petits Champs
2.320169708977364,48.34466050304846,2.321573591883744,48.345588796828636,Château Gaillard
2.407359364432932,48.29741548808554,2.4087076356948116,48.29831511187867,Services Techniques
2.472178412763953,48.60203440703767,2.4735347873515603,48.602933992926694,Louis Robert
2.42976983050129,48.62679393849178,2.4312181660446037,48.62769846076035,Blaise Pascal - Les Passages
2.484670748200774,48.60675570651553,2.4860272519120286,48.60765529344884,Chevallier
2.4342831237457125,48.257213208647734,2.436076749831147,48.25871547884901,Mairie
2.255062148627415,48.595370368124804,2.2564283502584086,48.59640823180703,Louis Babin
2.1749602109224084,48.575378432499825,2.1763157892579783,48.57627796746403,Volumier
2.4483249039231154,48.60859304069851,2.449925493971556,48.609507259391165,Marques Avenue
2.278421288856514,48.59881312782396,2.279905710743621,48.599714972157074,Cendrennes
2.4232929276729953,48.63741669078017,2.4246704666709307,48.638397308945635,Lycée du Parc des Loges
2.484282770196045,48.60511620641425,2.485639229916834,48.60601579355013,Bas Coudray
2.446601136285775,48.51813240234478,2.4479552638348316,48.519031997619514,Collège Olympe de Gouges
2.5644114083631098,48.42042726079555,2.565834186404475,48.42130703899625,Marchepied
2.379161357076554,48.61967052941855,2.380944845148115,48.62070966940306,Les Quinconges
2.478693843392251,48.399946449467095,2.4803905432473314,48.401066131604914,Gare Routière de Milly la Foret
2.1446646293369698,48.37726213587821,2.146117628030038,48.37871450886586,Ancienne Gare
2.465937019949291,48.4075077031103,2.467935469868393,48.4089868972727,HLM
2.2695588488276788,48.549176086504616,2.2711194555433414,48.55008991357003,Ecole
2.6041781392650747,48.50917409575584,2.605854754204607,48.51011880456471,Vernin
2.46386176103088,48.59788913747202,2.4653774387615655,48.59914836131636,La Nacelle
2.4879096362983786,48.57767383467026,2.489389663040296,48.578576465319244,Station de Pompage
2.3014826655472795,48.518883925207845,2.302919232856906,48.52010277437141,Château de Frémigny
2.3055324787902625,48.60614502131724,2.306888921361793,48.60704457864685,
2.412045408583435,48.62997110833833,2.4137123832952203,48.63146532924838,Orme à Martin
2.1223827885144395,48.3572125012016,2.1237726119772122,48.35813909876437,Terrasse
2.3531629764946693,48.4372641329007,2.3545724291113963,48.43827246690039,Mairie
2.3243069429744727,48.6141015062312,2.326076262569899,48.615054794184154,Rue des Chamois
2.3986014555078596,48.39664789660032,2.3999523446224194,48.39754750336391,
2.1736211512868695,48.572375632415664,2.174976648893782,48.57327516754817,Badaudière
2.4479591383304213,48.6216614861553,2.4536756826136945,48.62412587415365,Gare du Bras de Fer
2.14873949172918,48.586525142289155,2.1504195158966493,48.58775785790218,Les Chenaux
2.292735349844389,48.55609971861782,2.2940904503100805,48.55699928134626,Closeaux
2.508100269198298,48.308060687246595,2.5094550285768467,48.309151812698985,Marlanval
2.421640402051539,48.550907306853915,2.4229953980747223,48.55180689311035,Rond-Point de la Verville
2.2288431177542423,48.566719425925264,2.2301984824142824,48.567618974038695,Les Marsandes
2.425506400903833,48.63831228874397,2.426880499991873,48.63933671091565,Bois Guillaume
2.1721366622781204,48.48907752604367,2.1734899379020964,48.48997707392016,Ulli
2.2874923898376656,48.327066401137245,2.2888414103161674,48.327965998826784,Fenneville
2.1499321359813433,48.527820422322,2.1514028639525384,48.528720677643555,Vallée
2.479821431125972,48.56764051251733,2.482143443248391,48.568997965654646,Rue du Puits
2.2249864323585027,48.35721855922632,2.2265707695859684,48.358203240102924,Bois Champbault
2.4713908524743813,48.449041995080655,2.4727431476404154,48.44994160488368,Les Bons Amis
2.534338947699611,48.485522779706734,2.5360556555138234,48.48651481896431,Planches
2.4406036445039097,48.56785869656058,2.442399352379326,48.56879570372057,Acacias
2.1429862743382047,48.44230060981617,2.144591134686561,48.44354629030584,Bois Bourdon
2.488245672381174,48.5866614634496,2.4899642414000565,48.58816883689882,Route de Morsang
2.4465231572464043,48.63514730845927,2.4478624403740126,48.636101291052825,Mairie Annexe Evry Sud
2.349883367222632,48.53453343175876,2.351316336879201,48.53552346815179,Les Fleurs
2.342936645890363,48.63285638224187,2.344358951184022,48.634107717532245,Complexe Sportif
2.295601338839452,48.58682132075242,2.2969572613146285,48.58772087921167,Poitou
2.1230512136808377,48.50089223270725,2.124404786510183,48.50179176725651,Fourchainville
2.4242390134642156,48.597469982165016,2.4259160877371437,48.59850021715847,Mairie de Lisses
2.5863130408615667,48.526312847444416,2.588624150779284,48.527375653873335,Rond-Point Saint-Germain
2.4943993818044636,48.35601958614171,2.495749218304821,48.356919213822614,Ferme
2.34776916802321,48.617024944348834,2.3492590368987556,48.617922855581014,Marie Laurencin - Valvert
2.560275079199071,48.35639495082576,2.5620098152282607,48.35734574955804,
2.4903357535799446,48.59136750490974,2.4916918465315305,48.59226709505462,Port aux Sablons
2.274197552883409,48.600954623959716,2.275553847275471,48.601854176004345,
2.1441013713863124,48.42624325312956,2.146663330267657,48.42903019668965,Gare Saint-Martin
2.2417951067784037,48.59869322024632,2.243558489501296,48.59967937819022,Belles Vues
2.1611726645668,48.519088729652836,2.1625267356160807,48.519988270311,Les Émondants
2.412212635124206,48.624969692717556,2.413795966107198,48.626005807175716,Saint-Guénault
2.271749482046281,48.54922349633462,2.274447107008361,48.55037860572447,Calvaire
2.4851465481688573,48.61097906109282,2.4865731479292306,48.61196013882272,Vieux Corbeil
2.2879072999860526,48.52756615473941,2.2894044029234677,48.52858154526398,Supermarché
2.1999321645956353,48.574584104987395,2.2032384534998313,48.57597209898613,Villelouvette
2.2856764752483354,48.59915612268563,2.2870327249080167,48.600055677278434,Bois de Châtres
2.4769913592872244,48.593147841561105,2.4786819022324003,48.59509790522835,Square
2.2382606425837888,48.584970663296296,2.244196395810219,48.586852158878095,Arpajon RER
2.320394979606052,48.608855976625655,2.3219138226091784,48.60981052280315,Mozart
2.410106005555442,48.59708708594522,2.4121382899621917,48.59805941463242,ZA Léonard de Vinci
2.358679207343279,48.49108100741794,2.3600325927963195,48.49198059254622,
2.3965702436315977,48.61956770308526,2.3986846534238095,48.62085899620778,Cimetière
2.4589929875691996,48.440382672547656,2.460616416115488,48.44148732749215,Scierie
2.2402179068302854,48.579523214776415,2.242013300522161,48.5808061854484,Longue Mare
2.5705001611544285,48.53284181129017,2.57343243495942,48.533841989516176,Beaulieu
2.164104424293004,48.43585975151574,2.165472275961083,48.43688954835775,Sous-Préfecture
2.4744872386003918,48.439622548137656,2.476004266711013,48.44052765185103,Place (Courances)
2.266643307986132,48.61186072557119,2.267999892174492,48.61276027439283,Aristide Briand
2.5359002355458347,48.53436533897647,2.5378330693769375,48.53533346158113,Saussaie
2.4459375751819112,48.584490491053366,2.4473466070068164,48.58560801850847,Centre Commercial
2.5311504111339196,48.556829199462264,2.53250558896844,48.55772880050215,Fercot
2.3919269858753163,48.39224808527139,2.3952817591646403,48.39543302153227,Gare de Maisse
2.1923583484691918,48.46729642206624,2.193711051706428,48.468195977897636,Ferme de Champigny
2.2843617565030954,48.470995093925175,2.2865138436417753,48.47189570608292,Centre
2.6065072199650907,48.4643582897882,2.608264062494109,48.466302415630345,RN7 - La Poste
2.187834496727948,48.487932366752226,2.1896043105811525,48.489753468333404,Garderie
2.261330170045955,48.61475342633423,2.262686830115858,48.615652973629786,Place des FFI
2.356224974693181,48.576030114304395,2.3575806254475515,48.57692968565979,Noues
2.43720147419567,48.59354152831573,2.439056950710754,48.59493007736245,Ikea
2.4690375503234923,48.61490985525581,2.470630668327123,48.61605271586767,Gustave Courbet
2.3210257067221156,48.61136202026851,2.3223822934265845,48.61226157969559,Les Roses
2.541772380563835,48.5336695026396,2.548973756766415,48.53623468851444,Gare de Ponthierry Pringy
2.152606657551479,48.34581887688378,2.153932944884375,48.34675352268915,Marancourt
2.557279871794279,48.442366784429765,2.55873912239256,48.44341871549137,Forêt
2.411048052362995,48.61827303989365,2.4124177487479095,48.619318060035354,Collège Paul Fort
2.3766323752293697,48.394361684077275,2.3782039241418085,48.395364815579924,Boulevard des Alliés
2.541320819573303,48.563341998381894,2.543788322387349,48.56677740260843,La Chesnaie
2.2870278842954024,48.52233886945507,2.288490116516154,48.52324113053466,Renault
2.44673622052694,48.606008767200144,2.44816677898823,48.60717423226795,Exona
2.299702764448966,48.52082186645999,2.301121936890475,48.521927032575164,Centre
2.377199678797882,48.53089143280426,2.378903523413632,48.53181306735964,Glycines
2.459757968518076,48.59149958549868,2.463545994827631,48.594213348016446,Gare de Villabé
2.171751701402571,48.48614142585679,2.1731048987777037,48.487040974107046,Frères Kennedy
2.463659527680568,48.61592400874903,2.465016272436893,48.616823591215294,Léon Blum
2.380499861092665,48.61417211519724,2.3818565390430178,48.61507168476698,Hôtel de Ville
2.2513037577302377,48.51858251904262,2.2529730776094747,48.519707787969814,Gendarmerie
2.2212142752132698,48.49508530772592,2.2228376246087316,48.49611569192437,Cimetière
2.1473999880030976,48.45534638805618,2.152102255468194,48.45639452036907,Faurécia
2.1828581435966,48.563805928498724,2.1843937509101856,48.56471457153678,Pont Guérin
2.343189780950228,48.51152427466812,2.3446307581753185,48.512911395576225,La Croix Boissée
2.6239154965462372,48.515153325873854,2.625305204097145,48.51625027390339,Farcy
2.3375704395747583,48.63049909749047,2.3389733530196346,48.63155730224091,Commissariat
2.3042207617288293,48.607433221543324,2.305577238423524,48.608332778420774,11 Novembre 1918
2.1903319270392854,48.56271333476859,2.191900067638225,48.56382186530242,La Cordelle
2.430162035495429,48.628776171298945,2.431809058754603,48.629939228822614,Les Arènes
2.4735130402846672,48.281905806916214,2.475203866299229,48.28312249325629,Herbeauvilliers
2.4365731168086535,48.62352628574172,2.4383588199780504,48.62472015883489,Lisière des Deux Parcs
2.176040271824616,48.44022233459005,2.177431324167286,48.441097064575274,Maison de Retraite
2.492142889228814,48.59616220516018,2.4934991108822926,48.59706179480418,Mairie
2.4578437814613805,48.623263374059874,2.459452219420715,48.62417032597556,Le Grippet
2.4987930344611087,48.561881761166724,2.5006894585121975,48.56287083952968,La Justice
2.395201106829878,48.42598022555458,2.3966844941714602,48.426965174398056,Pressoir
2.451805789618229,48.58819878951332,2.4534471159256905,48.589130310705286,Mairie
2.502596359520176,48.38789938808355,2.5039470405875064,48.388799011880785,Chemin de la Saussay
2.5709387005609954,48.31492603795257,2.5723099939433722,48.31627606196507,Marronniers
2.5024743113838666,48.255013077647575,2.5038214887231276,48.25591272231675,
2.195419864699844,48.47618778729173,2.196825834583831,48.477286912088104,Les Croubis
2.557233816622492,48.52942115626055,2.558883077210061,48.53035784399819,Rives de Seine
2.502398541338945,48.25679126393767,2.5038625557634684,48.257692036038826,Mairie
2.1710587748093415,48.45052592313833,2.1724110253707605,48.45142547682551,ZI les Rochettes
2.153376464814798,48.35635907793228,2.154819234853776,48.357260122042405,Fontaine la Rivière
2.3188110930503303,48.60485117575723,2.320277109408315,48.60583882422867,Beau de Rochas
2.5151462995045963,48.56530420117322,2.5165017006013066,48.56620379879117,Les Griottes
2.348733676106528,48.52226526658132,2.350105820768907,48.52344353334436,Les Plantes
2.360282046535928,48.57765685343495,2.361740787056399,48.578585435026326,Guichet
2.20749590801392,48.50773532358185,2.208849692158759,48.50863487638209,Les Acacias
2.1402563125462244,48.40465247249206,2.1416175905256236,48.40580512745151,Le Mesnil
2.5390080140127913,48.52150049046976,2.5404116905382557,48.52237840929354,Jonville
2.3502165900544805,48.48371634632572,2.3539180066270142,48.48726529270438,Gare de la Ferté Alais
2.377672273727395,48.400189944671034,2.381843223335514,48.402965561530685,Courty
2.32212280816768,48.45774310048504,2.3238899925707663,48.458848899067846,Hôtel de Ville
2.3490342294549467,48.489515808149136,2.35038757068674,48.49041539181502,Moulin du Gué 2
2.297602728375929,48.52583238950973,2.299056773155593,48.52673451047539,La Boissière
2.4687733109293353,48.49732469906306,2.4701268891863117,48.498224300901256,Ferrante
2.500185979157835,48.56375560667475,2.501549724023163,48.5649111932683,Église
2.5710961018550678,48.308454777493615,2.5724446982373967,48.309354422470825,Gare Routière
2.2943187581634796,48.562946819002065,2.2956740419906976,48.563846380962005,Pharmacie
2.4634294754375587,48.60369104276544,2.4648006182464886,48.60468785691375,Conservatoire
2.381786170770611,48.610989689757815,2.3844627465632353,48.61211381898981,Les Demoiselles
2.4026483503194447,48.641941910668855,2.405191406833871,48.64394107260669,La Mare à Pilatre
2.4755771079145945,48.60236900681892,2.476933492200176,48.60326859314544,Lamartine
2.1386609801787424,48.427935125117415,2.140012620008191,48.42883467484634,Pont de Chauffour
2.317811050492917,48.60039630494097,2.319551546554404,48.60153564543445,CEV
2.54124936851502,48.52447522246786,2.542612827391412,48.52541087730967,Émile Filée
2.257218148160585,48.45471904874765,2.260229054668059,48.45628304870824,Mesnil Racoin
2.474084780785339,48.59530223054571,2.4755175163183507,48.596569369180514,Montconseil
2.3825876734979117,48.526854056410144,2.3851614216092214,48.527866544497215,Rue Ampère
2.12351741021531,48.58358733914373,2.1248731899764075,48.58448686082006,Gloriette
2.3595296956719682,48.49241977043337,2.3612234088243804,48.493355729838285,Mairie
2.384184098861047,48.528937360416755,2.3860244984234984,48.5298736398555,École Croix Boissée
2.5795718526676836,48.31971967788595,2.5809207474230016,48.32061932207847,Château d'Eau
2.3788917421710924,48.3444747905172,2.380369457973481,48.345375009457165,Les Rabiers
2.5500910544403457,48.448295889746475,2.5514433456573378,48.44919551021794,Sorbiers
2.5796225795116743,48.49886719195835,2.5809762205798195,48.49976680800613,Centre Commercial
2.6193227369688836,48.51407853116084,2.6206729654695766,48.51506726809922,Archives
2.3322771654119303,48.62913335458827,2.3338324268619273,48.63030104546972,Place d'Hausen
2.4425576803683358,48.257868382202965,2.443904919751575,48.258768017761305,Saint Denis
2.469303957650557,48.44541013149463,2.470677446461269,48.44627926765154,Grande Rue
2.1990320102550527,48.597554931557966,2.200388189920261,48.59845446840593,Teratec
2.320553767846395,48.46126898968462,2.3224050880467098,48.462702648924065,Lavoir
2.1702667936359794,48.4535520902853,2.171743302288373,48.45444850866108,Rochettes
2.2112387378622502,48.48722178899353,2.2130682644418584,48.48838821071484,Chanteloup
2.4115139615933727,48.6030554656714,2.4132914082388446,48.60460477942564,Avenue des Parcs
2.474020344334999,48.305953383647214,2.475368855778409,48.306853016317085,
2.3890422440686705,48.61833720945599,2.3903856535729506,48.6193037899936,Marinière Lycée
2.610045432577263,48.46841622736336,2.611414269182518,48.46944007199755,Salvaterra
2.402826616854261,48.62305199960087,2.4043189783151453,48.62395050035217,La Garenne
2.379374692383265,48.63967299837295,2.3812551115780756,48.64089930149343,Maison d'Arrêt des Femmes
2.3510529096794053,48.60336571690846,2.352409290462655,48.604265283055724,Mare aux Joncs
2.1632441620594225,48.56730519168776,2.1651877982217487,48.568990295311515,Buttes Réault
2.179046287820555,48.55457265537463,2.180497209295196,48.555470144578344,Haut Fuyeau
2.3797174784030006,48.52308350811234,2.381071721732232,48.52398309185186,
2.305144924848817,48.6029639694218,2.306549874216069,48.60405202992862,Branly
2.1576732906064273,48.434437623408,2.159025109576438,48.435337176555805,Louis Moreau
2.597527727811167,48.28352357402878,2.5988756722754833,48.284423225935655,
2.3405293553261695,48.62336709891127,2.343271839831222,48.62492569950826,ZI Croix Blanche
2.4964203860584773,48.264599178816425,2.4977678140498707,48.265498821147915,Rumont
2.4999998567042536,48.591058604217054,2.5013559434051036,48.59195819574733,Villededon
2.146493890653755,48.36268744939003,2.1480201112226625,48.36359555064939,Jaugy
2.202313564193375,48.503580323820366,2.2036672359803973,48.50447987614352,Belle Vue
2.394673331635796,48.63320323911747,2.396568188447101,48.63507152385648,Bois de Saint-Eutrope
2.2380840950935195,48.60568612801318,2.239440505073312,48.6065856719508,Mare des Champs
2.4258392088884917,48.63722071424832,2.4273455898364165,48.638184885426,Clinique
2.2883845124773647,48.53147969925176,2.2922727095152147,48.53436577051613,Gare de Bouray
2.1716382883362906,48.33821019931228,2.1731024110603165,48.33911250067345,Ruisseaux
2.252620459345737,48.519444601935895,2.256892199175446,48.52140609597886,Lardy
2.247868845387851,48.51195391963899,2.249222754776059,48.512853480325,Dos d'Ane
2.5188998717580353,48.534892443092644,2.5204978252767347,48.53596895690994,ZA Bruxelles
2.339683688490626,48.59746226737425,2.3411610459444243,48.59845233457316,
2.301162548405074,48.62338922308802,2.3025194517480725,48.62428877687608,Les Daumônes
2.4481726560401325,48.63258304725194,2.4547703615347336,48.63580716826623,Gare d'Évry Val de Seine
2.5537125521468376,48.52361589543996,2.5550668479504264,48.52451550452447,Verdiers
2.1836248843032657,48.44595999816429,2.1850553205172973,48.446844201645014,Cité
2.193701689773719,48.45794634978802,2.196018908471794,48.45915244798801,Les Monceaux
2.3844125147622193,48.52453476051092,2.386546381246648,48.5255072400644,Mairie
2.4334995596325766,48.637195054760824,2.436025239601395,48.63811464534176,Lycée Baudelaire
2.3381224172389508,48.454666674896345,2.339686085718257,48.455620624208535,D'Huison
2.465364300266506,48.60577711459819,2.466793606009836,48.606814385216495,Ambroise Croizat
2.4324391172213238,48.592929819373104,2.4341082778553638,48.59408528071715,Aubépine
2.2870347971992357,48.59750112242287,2.288391002956805,48.59840067754122,Bois Joli
2.2345489701653016,48.60012032794635,2.2359052300022557,48.60101987201762,Rond-Point la Roche
2.399555281924268,48.29155806917102,2.4023478700839602,48.29555464576226,Gare de Malesherbes
2.19176872608668,48.58363143436882,2.1932573688495918,48.584681765616544,Zone Industrielle
2.354488326809278,48.48845682204339,2.356650092783393,48.49001127344705,Route de Corbeil
2.33557928167621,48.62054451964949,2.3369361184693678,48.62144408031465,Fosse aux Leux
2.4217453687307433,48.64208210984084,2.4237922295183396,48.643315289349886,Route de Mennecy
2.553560114305183,48.51895339508312,2.5549142857920915,48.51985300488129,Montlouis
2.1847771888413217,48.578174061043775,2.1867764060667887,48.57915233957778,Montauban
2.360840350420328,48.53210787896392,2.3636627684146383,48.53334358192903,Le Bouchet
2.5199138233717324,48.35879398215899,2.523289550534163,48.359813358990216,Rue de la Fôret
2.4420824571348607,48.25964098237865,2.4434297429851646,48.26054061758565,Mairie
2.312893451426885,48.60810058962884,2.3145489502303773,48.609113309632875,Lycée
2.4174527551343004,48.5532430287455,2.419485542090838,48.55612893861053,Piscine
2.488661694594424,48.38312479104907,2.4900192040775417,48.38412460859505,Auvers
2.4550749118156854,48.59097781671185,2.456668590569947,48.59189228338366,Cimetière
2.400762655574608,48.618500448186694,2.4023901430816323,48.61956105165508,Édouard Branly
2.504747779220278,48.47785066964826,2.5063272226839928,48.478833029715275,La Rionnerie
2.1581998042289707,48.43053795532836,2.159537890877127,48.43147194434468,Marie Curie
2.459577595640362,48.61834920924053,2.4609344044780097,48.61924879072381,Gauguin
2.491179213870697,48.601799605669825,2.4925355862406517,48.602699194294516,Ruelle aux Sabots
2.479133554044945,48.61382980746391,2.4804902460691127,48.614729392500465,République
2.6057759882029496,48.44538738629858,2.607128211882613,48.44628701366591,Place de l'Angelus
2.228349124967511,48.38288927530738,2.2299295789791898,48.38380692480407,La Forêt Sainte Croix
2.6351029565501576,48.50025428908374,2.6364566435292485,48.50115391088076,Péguy
2.4403287873435415,48.57467771867873,2.441739509825441,48.57563228125394,Eaux de la Vanne
2.327273048508971,48.481497375224585,2.3288437555748875,48.48241312486963,Moulin à Vent
2.3388497205093803,48.6280144558542,2.340194181563303,48.62896764376138,Rue de Liers
2.147596428670101,48.42968827855624,2.148992378918512,48.430753321123646,Haut Pavé
2.440468973596447,48.59028340847742,2.4418250265259402,48.591182991486896,
2.5550033500588882,48.47869779183343,2.556356450037873,48.479597408131006,Les Ruelles
2.5921569841537453,48.513455992393105,2.5935110159350816,48.51435560757135,Fernand Léger
2.4434939480112683,48.517279202514075,2.44484805211001,48.518178797450226,Stade
2.4408214020302013,48.61056701004267,2.442177998092236,48.61146658992164,Ecole des Mines
2.557049373039114,48.55201039746638,2.5584044270575594,48.552910002498045,La Chesnaie
2.4334946250244367,48.614192520361065,2.4349977113051624,48.61596209783372,Yerres - Louise Michel
2.5005298631629658,48.319490682848766,2.5018787369447932,48.32039031711557,Boissy aux Cailles
2.3397739764964602,48.45494083742288,2.341949439579779,48.456724363406906,Église
2.4381691732623776,48.635119412173545,2.4395264268607924,48.63601898779076,Champtier du Coq
2.4605282324240365,48.428247286894724,2.4618625626370547,48.42917881275751,Le Lavoir
2.2141987235009117,48.489590375503724,2.2156353797357995,48.490498723815215,
2.4387848567560186,48.62359358318103,2.4414622907600108,48.62689217084951,Institut de Biologie
2.5647806397378288,48.50601874903819,2.566477369595311,48.50732245120996,Petit Clos
2.243914805225659,48.58945065480937,2.245589382690678,48.591481644478634,La Poste
2.405325908707884,48.61966182776262,2.40688788453099,48.620803172306,Thorigny
2.2927039352526357,48.57964362046924,2.294059664902025,48.580543179494825,ZI Cochets
2.4145206241897124,48.62008334479328,2.4196694154540226,48.62339263815048,Bois Briard
2.5425105587004735,48.497721435190876,2.5440647389754854,48.49876356479363,Mairie (Saint-Sauveur-sur-École)
2.3853163702530673,48.369758198943366,2.3884964096062076,48.37319747745055,Buno-Bonnevaux - Gare SNCF
2.1792334789116166,48.436189178438106,2.180616421337767,48.43725662122718,Les Rouas
2.419664500095377,48.62612196369802,2.4214135991258487,48.62722223587519,Lycée Brassens
2.4492757183552905,48.63033503718026,2.4506726822750213,48.63141456232055,Patton-Mousseau
2.138063605859283,48.42600622503648,2.1394151943277633,48.42690577492731,Tour Penchée
2.494265496715483,48.603056805554026,2.4956219033951976,48.603956394410346,Rue des Chèvres
2.248945519018507,48.56216774704513,2.250744579461125,48.56308835308873,Les Froulans
2.179182477174384,48.57036773163018,2.180537923005032,48.57126726833369,Route d'Arpajon
2.316486670380066,48.622403632925646,2.318178033705874,48.623336167321966,Condorcet
2.3307742423606204,48.47736798051071,2.332300454370787,48.47827651953218,Le Verger
2.4080565045415465,48.29436228778897,2.4094046955860287,48.29526191217525,Gymnase
2.3547623794247086,48.50950981437171,2.356390724483831,48.51043378579837,Aubin
2.159679933358676,48.43806640867521,2.1610776722298506,48.4390649910935,Gaston Beau
2.403421123245671,48.54862534099459,2.4060793557985236,48.549813431844804,Ruelle
2.3722354305090527,48.36854909661328,2.373585569626753,48.369448703350876,
2.4694291603908587,48.59163254069996,2.470901535810841,48.59299775890885,Rue des Caillettes
2.2884546362133453,48.56192719459117,2.2899782648555536,48.56293210534202,Moulin à Vent
2.3281544736984454,48.61375301979631,2.329511126448709,48.61465258016784,Les Biches
2.342453850084498,48.63058744318749,2.3438700459882664,48.631883856643285,Cimetière Russe
2.243899322091258,48.58590805472419,2.2474781180669647,48.58802072849105,Porte d'Étampes
2.142935526478184,48.39759091662051,2.1443965775038865,48.39848888236381,CFA
2.5197583632708476,48.464769641511054,2.5212570343850884,48.46571435793467,Château
2.602743711232912,48.466260988102604,2.6040964888534,48.46716061186185,
2.1871657488398224,48.448884610438135,2.18881245060749,48.449916889100564,Bertrand Faure
2.5094926175059875,48.47395519437735,2.5108455826006604,48.474854805587036,Mairie
2.345141791465163,48.60020599140335,2.3469590310738284,48.60136471517982,Eurocontrol
2.478276895428767,48.59576215425034,2.479726501719353,48.59674484572346,Place des Victoires
2.3425967457113845,48.629063624627555,2.3441321572783504,48.62997287541714,Léo Lagrange
2.330936478867352,48.4830709071563,2.334349103538036,48.484556627489994,Lycée A. Denis
2.543703075197258,48.530080492801964,2.5455215405406006,48.53172780774426,Beaufils Poste
2.37174322873737,48.391371998448925,2.373093971398697,48.39227160151525,
2.4802692374819433,48.60759130689323,2.4816257626318294,48.60849089307112,Édouard Petit
2.4525312157120185,48.43269939579699,2.4541769864629446,48.433698003342855,Cimetière
2.591744790235644,48.43701261329918,2.5931888152977045,48.437897586516435,Brulys
2.5147637211358176,48.5272842405802,2.516952285443674,48.52870985923934,Grands Cèdres
2.3216407700038544,48.61409672042598,2.322997430144732,48.614996279538175,Clos Méline
2.173135839192887,48.595718334303015,2.174491960988083,48.59661786566083,La Maugerie / Verville
2.5653537432088593,48.520235057720356,2.5666747597397204,48.521170741636354,L'Orme Brisé
2.1552571392974658,48.45463755229769,2.1569858636122965,48.4556429464298,MAPAC
2.4487429302800594,48.574078190986796,2.4500907713163773,48.575023708779334,Jardins d'Ormoy
2.3052465175789747,48.610718821703486,2.3066030825731794,48.61161837826062,Mairie
2.1764106761721402,48.4323929852773,2.1791867189179515,48.434298794058385,Hameau de Bretagne
2.4060410768658413,48.62430428123744,2.4086592776676174,48.625956580206655,Traité de Rome
2.260214364947954,48.59179123734416,2.2632821305771076,48.5942417129632,Salvador Allende
2.405201644716481,48.63037025558547,2.406680059227024,48.631268544356075,Jules Guesde
2.515027947646791,48.532394265544305,2.5165280494639246,48.53332773375452,ZA Strasbourg
2.3975809121234497,48.293883988608734,2.398929088006381,48.29478361135548,
2.404693161713533,48.63578070779784,2.4104614267211195,48.6371850987335,Gare de Ris-Orangis Bois de l'Épine
2.4373138747530594,48.568859937577905,2.439009224578104,48.56993736206872,Bel Air
2.549390946402875,48.52661085883281,2.552962893173877,48.52817205278877,Bas de Pringy
2.501198165765731,48.38743818814273,2.5025488343422517,48.3883378118216,Les Grandes Vallées
2.5293120859372533,48.459405702692386,2.5311179083143673,48.46036839779321,Mairie (Cély)
2.5507296077527966,48.51946469529694,2.5520837923450963,48.52036430466748,Maisonneraie
2.375732385448953,48.419176850657976,2.3780509187705845,48.420682466473394,Rue des Sablons
2.4049717723690787,48.64404443374896,2.406599793035914,48.64526791842605,
2.471004143149023,48.585629764801325,2.4743755728979475,48.58957097145437,Gare de Moulin Galant
2.1494595040494917,48.36861124497937,2.150988495750365,48.36960375481511,Bierreville
2.383741254771466,48.61921183686432,2.386598334785856,48.620365765214395,Les Remises
2.445825676488189,48.62730258398841,2.448843418025813,48.63100751539932,Saint-Exupéry
2.475928973241342,48.59566694832542,2.477722749140697,48.59824080565077,Les Tours
2.3396394218428465,48.535222512582656,2.3409939783012184,48.536122087381514,L'Epine RD
2.1416156192282423,48.455738996136404,2.143297982201467,48.45665290396533,Parking
2.3830471734985754,48.5219259939492,2.384556327445286,48.52292250598466,Vallée
2.145263236822192,48.38374013404202,2.1466931624614256,48.384680965827584,Chemin des Clercs
2.42825797106558,48.56344773058136,2.4297640317268003,48.56435356943336,Gendarmerie
2.1356604636630934,48.43676072616559,2.137012336524575,48.43766027379817,Rue de Lys
2.1567561339642096,48.439323981537704,2.1582380708589044,48.44022141838601,Chemin Creux
2.471939988695238,48.60062030117438,2.4734928114896797,48.601626398640505,Cottage
2.603070248830589,48.521617308955506,2.604420349768162,48.52257539081827,Mont aux Lièvres
2.4950569354813537,48.50278089762576,2.496410664628596,48.5036805023386,
2.2266250946395134,48.508247902925206,2.231202558662326,48.51041310940887,Gillevoisin
2.5299988374565348,48.569838000557716,2.5313543626461428,48.57073759940669,Guiche
2.261542534510052,48.430914984264795,2.2637425680614798,48.431863116154844,Chemin Papillon
2.483900980949237,48.61178320696457,2.485257619163763,48.612682792999784,
2.175956985602241,48.4872753254696,2.177310214577128,48.48817487449427,Roussay Kennedy
2.3034990997005815,48.38546410890313,2.305637994540176,48.386488319591365,Le Poty
2.2998793575325998,48.58695681832274,2.301366044241801,48.58786118168265,Ferme MN 2
2.176472321338297,48.5745799322663,2.1778278788417507,48.57547946769758,Terres Soles
2.459312208147798,48.51086374229084,2.46118299292117,48.51196235663406,IME
2.3731416864002934,48.62203699089838,2.374510413232903,48.62305440899915,Les Closeaux Saint-Spire
2.5696057437241238,48.32046427852526,2.570954656368717,48.32136392143916,Villionne
2.170601463626039,48.44857179792038,2.1720729360066673,48.449544201992914,Emmaüs Bas
2.2178602289384926,48.588454628800726,2.219216171232621,48.5893541711632,République
2.1573919242440023,48.4290802817695,2.1589116741452754,48.43004571780428,Salle des Fêtes
2.5552686164296476,48.55677950213642,2.5567277831271644,48.557743997796656,Jobert
2.321070820177995,48.30922559653298,2.3224193799684527,48.3101252034311,Mairie
2.196168890381547,48.29553040788543,2.197680006707799,48.296467591365676,RD 24
2.5946764713574604,48.2841770118454,2.596064827015185,48.28511018810899,Larchant
2.1359083685939306,48.43035259963136,2.137350530521456,48.43129690020356,
2.3439620077124665,48.50955748814185,2.3454749946214997,48.51046451188534,Stade
2.4267099922959856,48.62344489237615,2.4331188325062367,48.62672698081317,Gare d'Évry - Courcouronnes Centre
2.141901790679691,48.42709982466984,2.143253409506531,48.427999375293915,Hélène Boucher
2.311956740433511,48.60894072092805,2.3133132597171584,48.60984027903608,
2.5433826618636846,48.52642875592277,2.5449337392890095,48.527335644108376,Piscine
2.525620146919921,48.553309258731474,2.5270277497499314,48.554268241177006,Temploux
2.4582410427326553,48.61484560906461,2.4595977573859886,48.61574519089974,Collège Senghor
2.2029980795761417,48.37534602896596,2.2045142508488262,48.376289513970974,Marolles en Beauce
2.1738998149581783,48.431976699851944,2.176095644963555,48.433653101424945,Coquerive Haut
2.2208170880113465,48.58162983766516,2.2256094247107403,48.58364095433606,Gare d'Égly
2.3517604617602874,48.52460671066211,2.353114738381056,48.52550628930203,Collège Doisneau
2.414381462675028,48.61267142117591,2.415754436816705,48.61371047870243,Chemin Vert - Piscine
2.36652049211373,48.52915981245298,2.3678630028670646,48.530097587213945,
2.2348267305328764,48.50934728121989,2.236164172224146,48.51031541801039,Château
2.1876506877881434,48.49447842472369,2.1890041123887443,48.49537797524018,Cimetière Martrois
2.324500820619463,48.609539128656365,2.32581928518008,48.610474470848594,Les Castors
2.4098355269129095,48.641907340393836,2.4112082751252073,48.64292945884955,Rue du Temple
2.4085979800437376,48.60047814365245,2.410349633115239,48.601965956734745,Plaine à Migné
2.364529610952978,48.60395961726135,2.366021488028817,48.60486358274039,ZI Gustave Madiot
2.4817360569910885,48.613589007259726,2.4830927431223975,48.61448859270463,Saint-Guénault
2.168163000263356,48.502895581078334,2.169587702360781,48.50379101884137,Grande Rue
2.5286782863297486,48.566190200356466,2.5300337137731996,48.567089799607956,Faisanderie
2.2199545496844513,48.57940072786578,2.2213102504861255,48.58030027209817,CD 19
2.52384218248579,48.46030961909732,2.52614571095605,48.461782680509685,Bois Beaudoin
2.4662921652884076,48.49634595686524,2.467822034355439,48.497346642985626,Place Adeline
2.404912409737319,48.613247868971534,2.406864586403545,48.61428212898408,La Vanne
2.3252433887841186,48.61265711997891,2.326600011363666,48.613556679985216,Mairie
2.3087083832107393,48.560916217465056,2.3100636169402757,48.561815782499046,Pinsons
2.1533250072792507,48.57584470383124,2.1549159955399673,48.57676029627278,La Boissière
2.5091637659779362,48.56785850177362,2.5105192341292883,48.56875809819075,Libellules 2
2.3274563487863107,48.566543567177185,2.3288835489728363,48.56750413278955,Sentier des Mulets
2.568066695301223,48.31525466724074,2.570030208743756,48.316524032517215,Mairie
2.4220696294316886,48.6107977698893,2.4253663465829827,48.611935649016374,Petite Montagne Sud
2.446335397320886,48.56680712654379,2.4482375975877146,48.56777497399372,Créapôle 2
2.2109903049206108,48.55292122675096,2.212345295251697,48.55382077321294,Saint-Lubin
2.4263660799777775,48.61542469782855,2.4278283202960913,48.616383202044446,Gaspéri
2.3751011755883265,48.39535509847353,2.3764520245470395,48.396254701490676,
2.223313441395178,48.422239715165745,2.2246649587733267,48.4231392847982,Grande Place
2.5658046965437546,48.43671157999526,2.5681968044322665,48.437971917768124,École
2.326171693764197,48.477397009272956,2.3275247063823823,48.47829659069115,École
2.554717940672372,48.47592240995388,2.5562523638071237,48.47683169008093,Mairie (Perthes)
2.250528658190292,48.51169229278573,2.2519880412307534,48.51265910715342,Dos d'Âne
2.3747772821042,48.62012304468452,2.376097612531918,48.6210480548844,La Mare aux Moules
2.412935598019849,48.64672232756201,2.4155987043494402,48.64767577291923,Avenue de l'Essonne
2.49875588869146,48.59615080470213,2.5001121114181966,48.59705039526225,Les Brosses
2.466882873463682,48.6050131076564,2.46823932665301,48.60591269230795,Chantemerle
2.5441449577908593,48.51575589541392,2.5454990423084527,48.51665550455049,Montgermont
2.283368397785974,48.43117717161624,2.2848564047281426,48.432116927789984,Place de l'Eglise
2.1419961917256622,48.43648734542705,2.143389208850491,48.437570754072254,Noyers Patins
2.4881816431255674,48.583044912538256,2.489672359709428,48.584054187460914,Hameau de Seine
2.093567689757323,48.42878685052495,2.0949509151341688,48.42965704916231,Les Cours
2.2249478120720294,48.52973152343403,2.2263021880970317,48.53063107652992,Église
2.2928465496234596,48.60099172213124,2.294202850531336,48.60189127783283,Langevin - Wallon
2.423511492816869,48.62755484396299,2.425124411218312,48.62849295467865,Champs-Elysées
2.4309175217120584,48.646478713626976,2.4322750784127742,48.647378286337315,Vieux Cèdre
2.16939966208682,48.571621632835914,2.170755138094747,48.57252116712795,Graviers
2.288138359167729,48.51803615536284,2.2894477377459626,48.51894914407969,Croix de Fer
2.614933112347851,48.50683923039175,2.6169559959616655,48.507864270599356,Liberté
2.3210149472236417,48.60333874669916,2.3232659855381543,48.60522298907323,BA217
2.4787443939593996,48.61085320725802,2.480101006154726,48.61175279270631,
2.3394448127270935,48.52965022323025,2.340802389728366,48.530740876719904,Moulin de la Brière
2.284281028303078,48.60140263530172,2.285641371927929,48.602368264612316,George Sand
2.446059970089412,48.61812902798492,2.4478118370994384,48.61926217404925,SNECMA
2.4024321904160404,48.62901336499968,2.4038268054739818,48.63028763489158,L'Ecoute s'Il Pleut
2.1248195774203293,48.35966926460259,2.1262013992970483,48.36062356092952,Poste
2.4167132264251117,48.31545871253322,2.418648462381466,48.31708897562412,Mairie
2.448821101368964,48.625501787646705,2.4502621060540637,48.62658451215671,Pasteur
2.319269642687903,48.62208703093062,2.3210341621602644,48.62303416944049,Chemin de Brétigny
2.5920645502423065,48.525078722351196,2.593619153703184,48.52599147771902,Rue au Loup
2.2227915732237786,48.577605927422084,2.2241472269461626,48.57850547254187,
2.265009115449907,48.56871483763138,2.2664252830070386,48.569661562337934,Jean de la Fontaine
2.3447699550913317,48.48792401098504,2.3464146477247936,48.48902088899081,Moulin du Gué
2.4419218363007738,48.60169487295254,2.444247168457594,48.60310912633854,Les Hauts Cornuts
2.3228311447011794,48.53918181027679,2.324245455963667,48.54029448903418,Petit Saint-Vrain
2.450429280189256,48.51267333674385,2.4517726179671153,48.51362606294568,La Bigotte
2.3227365263328066,48.542556714707935,2.324091273815004,48.5434562852562,Lotissement
2.570694513409471,48.52640649464066,2.5720488866840983,48.52730610532378,Donjon
2.376713094610169,48.27199330570842,2.378430293279711,48.27314162096854,Coudray
2.135878111644719,48.43954425568543,2.1381503882780666,48.44079164265166,Porte d'Étampes
2.4361147248534194,48.554406861575785,2.4374942628385807,48.55624683830942,Champs Fleuris
2.1618871991483153,48.45369402243876,2.1641044923175285,48.45475157881153,Lory
2.312885051861936,48.62169467349609,2.3143289441486634,48.622585126394966,Rosière
2.165130292073408,48.56943273315144,2.1664857081090725,48.5703322668124,Bassin Fosse
2.4823598071512802,48.605908881291064,2.4843111316983055,48.60759622134515,Stade
2.1694069869817554,48.44258712787941,2.170989634878461,48.44398425841259,Intermarché
2.5333931435123382,48.52942643458812,2.535417854155789,48.53036666571634,Pièces de l'Étang
2.3768446983721754,48.356210592312785,2.3781497986067364,48.35711820718297,Mairie (Prunay-sur-Essonne)
2.1908304652405315,48.484124036233105,2.194132438737328,48.485841506471985,Pont Royal
2.343993906792767,48.48534868525424,2.345361492333586,48.486393114653474,Pont de Villiers
2.4116252346176337,48.63175817315017,2.413392393945058,48.63352079238163,Marchais Guesdon
2.2241142601094155,48.59352392853085,2.2254703400603733,48.59442347143311,Collège de la Fontaine aux Bergers
2.3245744615278157,48.45648935077044,2.326031236911635,48.457431648935255,Mairie
2.4507505580280076,48.56471802593167,2.4521607390845492,48.56562257357661,Supermarché
2.4901077105659852,48.389956832394034,2.4914679902447467,48.39095776736585,Bois Dormant
2.1697112596734938,48.44420641971674,2.1712440434743945,48.445249180303676,Saint-Michel
2.558789664594409,48.52219046474706,2.561145208388452,48.52391895890896,Les Terrasses
2.2083573481547503,48.48559511401725,2.209930650441944,48.48650478603084,Ruelle aux Anglais
2.478339479366205,48.5724559556574,2.4807345737947792,48.575312042226564,Le Plessis-Chenet
2.5499473279234546,48.540454896993424,2.5513020721747135,48.541354502971,Sainte-Assise
2.1630895888293566,48.43450092278955,2.1644414113523314,48.43540047717426,Notre-Dame
2.4729687947550247,48.60882367286359,2.4774268785064404,48.6105593563274,MJC
2.347590505299606,48.63471914895902,2.3506266392012787,48.63790198406915,Lycée Einstein
2.5695797367374684,48.52127527942811,2.571539673191206,48.52272122095251,Valbois
2.3483902923366373,48.46001655904747,2.34979151156879,48.4609806408151,Clercy
2.1542991945965033,48.426640223185906,2.155650805587023,48.42753977677789,Base de Loisirs
2.480925277082082,48.602268940693335,2.4827010392868183,48.604628158526076,Maison de Retraite
2.3670450174231576,48.503760568476714,2.3687053895487535,48.50496573168713,Boigny Passage à Niveau
2.4617122802712683,48.60007573474317,2.4653841287697835,48.60205556277724,Parc Robinson
2.3061869370819634,48.56439641797763,2.3075422630696294,48.56529598198648,Saint-Exupéry
2.601850436771119,48.343526178507986,2.6031999633148573,48.34442582145648,Poste
2.154235431923309,48.593665160410765,2.1557325215157808,48.59494494106748,La Charmoise
2.2812718521159203,48.554252593083575,2.283323457479533,48.55572250724189,Graviers
2.2949863001482615,48.447140709843325,2.296338500004874,48.44804029012072,Orveau
2.2425525708844414,48.58232847136035,2.244087833440875,48.58378412804661,Hôpital
2.4320409963985665,48.61766733636115,2.4334042057796066,48.61874896358766,Place des Aunettes
2.240924699576861,48.51547392063461,2.242278700588594,48.516373479329346,20 rue Panserot
2.0881556220034576,48.47820133520403,2.0895085781949416,48.479100864759644,Place de l'Église
2.3274238317026983,48.47453030893228,2.328776768443588,48.47542989103185,Église Place de Selves
2.479042026297588,48.61222330141397,2.4805816753030396,48.613557597579984,Parking Crêté
2.4557326197368825,48.621152278316075,2.4581491797938764,48.62246511977995,Rond-Point de l'Hôpital
2.469702381989857,48.40411051706578,2.4710182218064127,48.40497148255591,Colombier
2.433076464485469,48.63159002434562,2.4344462362406514,48.63260117540071,Les Galants Courts
2.420010632727403,48.48859230208982,2.421363967398816,48.48949189787446,Salle Polyvalente
2.4245964715635,48.63421302155104,2.426282934866521,48.63591247737539,Pyramides / Lycée des Loges
2.2935959264066383,48.51817364246305,2.295062468797475,48.51906655744536,Tilleuls
2.562399813717134,48.53536213957048,2.5638825903889635,48.53626126037877,Base de Loisirs
2.3087548224141656,48.60257044437318,2.310508379129544,48.60348795576111,Les Ardrets
2.347449167307649,48.25214928963947,2.3487962328327026,48.25304891032464,Manchecourt Villiers-Martin
2.137139114953468,48.43349749724978,2.1407747107420914,48.43459019163646,Julien Pranville
2.3228769426998688,48.62074884622937,2.324237851642339,48.62171675345229,D'Alembert
2.3246837496303945,48.5653258672876,2.3271670513562497,48.566245632898706,Mairie
2.3765062717184873,48.615182262299605,2.3786823448437726,48.616724052750456,Cimetière
2.3147656288699228,48.6226253059846,2.3161063735907312,48.62358519345279,Techniparc
2.4327104107573367,48.64121514989336,2.4347935793028395,48.642712050422745,Lycée Notre-Dame de Sion
2.353988456549781,48.53997191167104,2.355343143591185,48.54087148829315,
2.3424257186435535,48.535655490113555,2.343867280456183,48.536854509336585,L'Épine
2.1297258544585733,48.55782880202641,2.131121452926115,48.55931989788019,Baville
2.313498049985773,48.60449030324924,2.3151245531085705,48.605458995678354,Quatre-vingts Arpents
2.173462468929422,48.541101929978396,2.1748171312509785,48.54200146998543,Rochefontaine
2.474167287963232,48.44124460219424,2.4758716150823212,48.44223819655418,Château
2.3891997479596796,48.42081000689236,2.390553353838507,48.42185129306159,Audigers
2.4522905876653227,48.62804027648503,2.4539622130531495,48.62910612322864,Bonhomme en Pierre
2.4150604801383238,48.49051796553061,2.416613014094665,48.49143153453922,Grande Rue - Eglise
2.2787416224745782,48.59587058143129,2.281945419446008,48.59744061768707,Jules Vallès
2.397436120723872,48.546295477524254,2.398978282254633,48.54720592253095,Centre
2.1907963747192354,48.59284013209676,2.192152425457842,48.59373966786713,André Simon
2.461212755511678,48.610613078245834,2.462842541599991,48.61153322189464,RN7 - Lisses
2.5974874339351097,48.493698881987285,2.598980971291478,48.494756917993534,Place
2.1454660961263023,48.581873541776915,2.147007904328553,48.58287845808603,La Touche
2.5821635440440307,48.50151479202041,2.5835172560469206,48.50241440794405,Centre Commercial
2.1884648152439428,48.58871658672527,2.189875078956172,48.59012341314138,Val de la Rémarde
2.1680425901996205,48.4494055233937,2.169394809981127,48.45030507657014,Emmaüs Haut
2.2204607632095166,48.58586112831882,2.2218166369610053,48.58676067164515,Trévoix
2.50711791412292,48.474227794558736,2.508470885984245,48.47512740540563,École
2.244374708342429,48.591997476142666,2.2472724964378723,48.593592522029184,Porte de Paris
2.268937462833627,48.51572569478001,2.2714168394106915,48.51667330565061,Les Graviers
2.372274862808905,48.534726058561546,2.373914341988045,48.53586154152737,
2.5284160471034283,48.27807338453312,2.5299928454182536,48.27947488201367,La Roche aux Sages
2.141811136767311,48.43335490258025,2.1434638568184163,48.43454509756903,HLM Bas
2.296690254721268,48.600569021726535,2.2980465454326815,48.60146857823755,Lanson
2.2045134068987418,48.483323741732065,2.206978848375039,48.48506202128734,Bon Coin
2.4683676128490126,48.399900427842994,2.4698158856760775,48.40080237214313,Saint-Jacques
2.4297213896310765,48.287186720661325,2.431156611865473,48.28812397907393,Mairie
2.171544811864769,48.433005572602845,2.173662787972736,48.434220426063874,ZI Coquerive
2.327003429014371,48.29458324288032,2.328581667454096,48.295664957153576,
2.299494315593642,48.51543673093435,2.3015000847840583,48.516341669104136,Stade
2.4230356894207548,48.60285628702287,2.424615410416663,48.60387531273723,Ferme de Place
2.3446027559455254,48.53261501193039,2.345957244197438,48.53351458803376,Le Domaine
2.4371272960972603,48.55001319494734,2.438485514746759,48.5517248049543,Chevannes-Seigneurie
2.3626996903103734,48.47728520598217,2.364052709828252,48.47818479398201,Les Vieilles Vignes
2.4074803133144824,48.572650909697096,2.4088358868150146,48.57355049026717,Château
2.419870202921538,48.30486314846365,2.421297696443125,48.30580475141264,Villetard
2.304537551489051,48.60467549825526,2.30616566046799,48.60605440190847,Maurice Boyau
2.5769136729883586,48.52988272530752,2.579484525356719,48.5312820727459,Le Larré
2.276297792104332,48.550075973087445,2.2785926960592104,48.5515123727498,Crèche
2.1206054172234627,48.581738255446055,2.1222021791079935,48.58282724459106,Stade
2.3420720758071094,48.63396277809659,2.345272587490196,48.63523058461321,Piscine
2.4917981455247413,48.606899206027045,2.4931546545865007,48.607798793937356,Saintry Entrée
2.159765800253298,48.43976014011154,2.161362799453567,48.44079155963034,Montfaucon
2.3028284885021226,48.56058321799839,2.304183711650174,48.56148278196571,Église
2.4683551122362823,48.60210510732072,2.469711487880069,48.603004692643616,Rue de Paris
2.267832320676571,48.516428400044575,2.2692376817817848,48.517339599568906,Carrefour Berger
2.2648122187611217,48.61641848430285,2.266457278894462,48.61733741582575,Paul Fort
2.134724612217172,48.56594945830166,2.1361571910954464,48.56723354147277,Tuilerie
2.476750956673252,48.5913874357427,2.478243237300972,48.5924637642282,L'Ermitage
2.429673230653663,48.60539611759676,2.431033868051651,48.60638598209752,Bois Chaland
2.3618961193451184,48.44314245459105,2.3632605829399953,48.44415904455148,Provenchère
2.4266477353071476,48.62040056678726,2.4282905745977885,48.62226313257393,Les Estudines
2.148947426243073,48.55742899648915,2.150271576453452,48.558350303064344,La Pointe
2.469249777366178,48.60470220745948,2.4706062227499914,48.60560179250487,Palais des Sports
2.1827249540417117,48.5941287772507,2.185770644862361,48.595434814924836,Les Ormes
2.5025406902455805,48.56672792679087,2.5040050068088058,48.56772267319419,Chemin de Halage
2.495162903979201,48.38459688833446,2.496513496130074,48.38549651162989,Chambergeot (Noisy-Chambergeot)
2.4501416045288225,48.572931406379965,2.4514971955913416,48.573830993584345,École Maternelle de l'Aune
2.4437669089242613,48.514525840376926,2.4466490020858904,48.51610857439005,Mairie
2.476971045596407,48.59954290649704,2.478327354518043,48.600442493467305,René Pierre
2.4364036927044044,48.56550642714775,2.4379434143733363,48.566643072875,École Sablière
2.4303426926084133,48.56251698801693,2.433142405028257,48.563837708476406,La Poste
2.460902612039054,48.62308338244553,2.4623788907235453,48.62408141754512,Les Tourelles
2.176421209036977,48.39874601168981,2.1777652896856847,48.39967678817458,D'Huilet
2.298248821813359,48.58058832000798,2.299604578340095,48.58148787995611,Presle
2.5937005029324545,48.512036692195565,2.5950544971560285,48.512936307768875,Vosves École
2.6047421964450126,48.46777026869794,2.606117908782414,48.46874163103601,Route de Paris
2.374560628514094,48.612645931157296,2.3767069723432788,48.61383556720212,Rue des Clos
2.4287565182645765,48.59857347387412,2.4302579819535803,48.59955602600888,Maison de l'Enfance
2.1639967627782846,48.4420874464197,2.1656628849502706,48.44346218168652,Jean de la Fontaine
2.1130065969049623,48.347754321988,2.114369203721582,48.348766977772506,Marbrerie
2.416108402190817,48.64806491492133,2.417465997937278,48.64896448504295,Essonne
2.413909177818732,48.278429333301,2.4153567171332133,48.27931796656828,
2.309621556332742,48.5629186175358,2.310976843818089,48.56381818242832,Mésanges
2.2193847020792594,48.49301252114382,2.2207380980907008,48.4939120788201,Rue Fontaine
2.362207816226961,48.55286141162616,2.3640763743888344,48.5542504887146,Haut de Vigne
2.4218140775003127,48.628992593998944,2.4234497873859504,48.63020639887889,Jean Renoir
2.3091517598574303,48.6000511204953,2.310508040293786,48.600950679468816,Collège Pablo Neruda
2.4356664412079696,48.60013047751153,2.4372480547572613,48.60105732122321,Clos aux Pois
2.4303531338565567,48.64279787449913,2.4322544579848264,48.64415732575007,Champs Élysées - Grand Bourg
2.5113763309551005,48.52551209830012,2.512730669151413,48.52641170166428,Caporal Petit
2.463179994732564,48.595984707219074,2.4645362053848854,48.596884292745244,
2.281975270869495,48.51781312238344,2.2839876220735276,48.518820078463456,Petit Mesnil
2.4927676200033573,48.57048910683051,2.4943713746898886,48.571617793261225,Mairie
2.3667280419130203,48.6021882973805,2.3681149618991326,48.603135702449705,ZI Bordes Sud
2.477519219024959,48.60152340661326,2.47887558108938,48.602422993351105,Castors
2.618736743989427,48.4486400858658,2.6200890560933305,48.4495397140987,Cimetière
2.223271624055265,48.49882802118563,2.2246251761138973,48.499727578778305,ESAT
2.2560801877346406,48.31240980312097,2.257428812425863,48.313309396843025,Blandy
2.2995128308232355,48.60506440841179,2.3038348129919104,48.60812100681418,Gare de Brétigny Place
2.260665698785133,48.402371109723774,2.262016701375103,48.403270690240234,Abribus
2.6078169768746653,48.50816115687456,2.609341120844114,48.50906934316441,Chamlys
2.4805612653423252,48.61297500729505,2.481917934771414,48.613874592669305,Mairie
2.3647908539501046,48.539079160165166,2.3664013502694634,48.54018563989856,Tournebride
2.5980006632423995,48.44219887263616,2.599695438402204,48.443296427163475,Plante Rabot
2.5507079671722135,48.44452973889614,2.5523235346032163,48.44552736041758,Château de Fleury
2.4135307707959766,48.61024505476045,2.4158825317066186,48.611441742656005,Chemin du Vexin
2.492360795624919,48.52936141140392,2.4937993948499595,48.53104828843145,Bouletterie
2.482961742536697,48.37421698837304,2.484312057575163,48.37511661159129,
2.2453596431392784,48.599435586463706,2.2475879627602655,48.6011370337533,La Petite Folie
2.2401730504875195,48.560652685692965,2.2420947475225743,48.56158411453047,Rue du Parc
2.377272375039021,48.41712286249547,2.378763017558428,48.41824643745887,Mairie (Courdimanche-sur-Essonne)
2.139498996015171,48.576955736720436,2.140854604172986,48.57785526324337,Les Buttes
2.466012201271934,48.5086908080751,2.467906391176983,48.50968639266439,Louteville Pavillons
2.318665312179894,48.63024448360374,2.3205818898555464,48.63117391664091,Boëldieu
2.226078593007968,48.57900449738089,2.227543904841964,48.57993990219631,
2.4129876123182066,48.63791554480485,2.4145407874969305,48.63891555496311,Aunettes LEP
2.3985970599269906,48.6396969202475,2.400144936010124,48.64061347855877,Pomponne
2.4537600083640947,48.571866166531755,2.455678091246185,48.57301883263415,Moques Tonneaux
2.470334451782639,48.599650950656184,2.4718623456545687,48.60101944853468,Rue du Département
2.497496391217645,48.56605920242632,2.4988518088921214,48.56695879753809,Beau Rivage
2.6335375672095047,48.49946248909995,2.6348912328702396,48.50036211086456,La Forêt
2.4931630600302417,48.505270116346026,2.494612841384984,48.50621198338956,Château (Nainville-les-Roches)
2.6325710067874706,48.504201382212514,2.634028696580934,48.505112617020316,Gabriel Péri
2.1651999924824867,48.34610440529127,2.166564807762841,48.347131694586054,École
2.286963872875046,48.52445611669502,2.2883181272804367,48.525355683269034,
2.281299226226401,48.603740926399574,2.283016172184343,48.60484637334868,Bois Badeau
2.281486267529408,48.469046414025875,2.2828709362442985,48.46992728522884,Mairie
2.493893663806995,48.590575204599965,2.4952497363036956,48.59147479536443,Rue du Stade
2.2088377617112864,48.39823531483554,2.2101886384601523,48.39913488512834,Guignonville
2.2714028917773272,48.51952912129872,2.2731509027289882,48.52048037909286,Rond-Point
2.3602291333296135,48.48146232578294,2.3621558655256694,48.48263967351578,Tertre
2.255756941077626,48.60984527787351,2.2574713676455334,48.61169332115632,La Ferme
2.2589688946789512,48.51341828386305,2.2603430997733147,48.514397215870915,Mairie
2.1564786384604666,48.43084512326384,2.1578303617226244,48.431744676699935,Libération
2.4576814634815873,48.345895751827506,2.459151533930057,48.34689424816528,Tousson
2.436919022583073,48.63812957958387,2.4383105827897307,48.63911212017121,Le Parc
2.2204671912873706,48.5891421774642,2.221813210599784,48.59009532220448,La Chapelle
2.419256479620077,48.30707532551547,2.420657316693641,48.30804057437751,Près de Villiers
2.3716772437195943,48.3347793059693,2.373271057125384,48.33581829386352,Église
2.2554207865259155,48.615544894002085,2.2574937270104165,48.617053288305705,Le Jubilé
2.285295158561148,48.558348871688764,2.286928238182543,48.55931222719662,Charbonneau
2.531736986276302,48.5362103978056,2.5330916138258224,48.5371100021588,Fauvette
2.547527872155506,48.311119914949685,2.5492989291390518,48.312036085167776,Butteaux
2.2935204047537483,48.559467518806166,2.2948755954005766,48.5603670811579,Jardins
2.138382892527823,48.45715162744509,2.1397353076594445,48.458051172518665,Mairie (Brières-les-Scellés)
2.2457903678795064,48.607628227364884,2.247146832285652,48.6085277725991,Les Folies
2.2446285447225005,48.51204171998068,2.245982455442118,48.51294127998331,HLM
2.535044274516632,48.50670139216397,2.5365236254490577,48.50760140780089,Domaine de Montgermont
2.3044419919039085,48.600682833734744,2.3058496033000995,48.60155926603717,Cossigny
2.15924877061335,48.450995124526784,2.160601029569324,48.45189467543704,ZI Haut
2.1433617467371047,48.43793362534924,2.1447136534489015,48.43883317461454,Cottages
2.329035522582888,48.617559220013995,2.330392277564102,48.61845877995016,ZA Parc
2.20680076114593,48.29296515831631,2.2085560816765355,48.29399644461654,Gare de Sermaises
2.237985025395081,48.370389109544845,2.2393351747698085,48.37128869041911,
2.3072464696887875,48.61427262179226,2.308603130462955,48.61517217817183,
2.495044099660218,48.600226820098975,2.4997959926156015,48.6017208395764,Réservoir
2.421260926994739,48.612739212486254,2.422825974511311,48.61377088744712,Dame du Lac
2.2144559723236057,48.6022128823076,2.2169884315644706,48.60341351424518,121ème Régiment du Train
2.4663574440674036,48.59524990079818,2.46800444420419,48.59662949942755,Papeterie
2.1485012085555253,48.44074322496819,2.14985319162939,48.44164277499561,Gendarmerie
2.4181771996152537,48.6482382147697,2.419534800512388,48.64913778519458,Hameaux de la Roche
2.3634968964681295,48.45300819591325,2.364874507435743,48.453953303898345,Jouy
2.247513417395803,48.55904022337276,2.248868582768575,48.55993977659125,Piffrets
2.4178903351688255,48.39605366001046,2.4192144616077753,48.396923639711176,ZAE du Chênet
2.5075531363514836,48.36692648609943,2.508903263755012,48.36782611386493,Église
2.5383623295540074,48.53142235210136,2.5397379722232674,48.532455647194325,Centre de Santé
2.308746294647125,48.5594123901578,2.310811401616969,48.56037651034628,Vieux Lavoir
2.2402505190830375,48.35615127951824,2.241602780040367,48.35713902043637,Roinvilliers
2.5638025978146652,48.41406061971654,2.5652689979843024,48.41495638021424,Mairie
2.442866224599599,48.63461247182276,2.4448995728144416,48.6357104263541,Rossini
2.3764565274292817,48.594318913983216,2.3778126727071514,48.595218485981,Semardel
2.300897494478307,48.59031814888222,2.3024277053629447,48.59131505094779,ZI Languedoc
2.4098281277594213,48.60701549772723,2.411696762732655,48.60840690262024,Ferme des Folies
2.5601317546779754,48.402955185572445,2.5614828454173066,48.40385481439197,Cornebiche
2.5886144168683862,48.52603039357935,2.5899687832212703,48.526930006385115,
2.10671472320562,48.45622247611207,2.1085976714672636,48.45749522388239,Le Chesnay
2.601051833171581,48.5097207916083,2.602405766915289,48.510620408356175,Nouveau Cimetière
2.4741142819891397,48.611784307663264,2.475470918126005,48.61268389230107,Gare de Corbeil-Essonnes - Santé
2.578436612857586,48.432963159090484,2.5800357838717196,48.4340481409284,Rue des Plantes
2.4228423920786826,48.623690318087036,2.4243806115915847,48.62459988195653,Paul Delouvrier
2.23492785061047,48.58307872769272,2.236493751732631,48.58412437229573,Les Ruelles
2.227269152301155,48.58998465827837,2.228666951902362,48.59094774155342,Vernet
2.431458878046589,48.522633803862256,2.4328131220773477,48.523533396102025,Hôpital Georges Clemenceau
2.262090517430844,48.521392918927866,2.2634446827300416,48.52229248103616,Hôtel de Ville
2.4211987759140916,48.619422125081115,2.4229141232232627,48.620510974564404,Avenue du Lac
2.233760195623979,48.593469378613925,2.2351263050703594,48.594485621317354,Cerfeuille
2.1544378133366155,48.43293914815057,2.1558827912199856,48.43382855170553,Rotonde
2.365232729769439,48.49979837381314,2.3666274707859416,48.5009046259215,Boigny Centre
2.2080501322724078,48.558397827499526,2.20940526790059,48.559297372464414,Mairie
2.6320497138342693,48.51098829007996,2.633403686245845,48.51188790988453,Bouillants
2.4286666881141943,48.63361683780365,2.4301150125713313,48.63481056160666,Jacques Prévert
2.3385964254130345,48.51245961088968,2.339950374731094,48.51335918907446,Saint Gombert
2.547476996419969,48.45058300120278,2.5491434027318216,48.45165369851582,Loricard
2.6269237938455077,48.47494818750945,2.628276806235578,48.475847812455065,Fay
2.425907604830754,48.5647095156403,2.4283241943444973,48.56706506431684,Les Châtries
2.3043714192063782,48.397820687454995,2.3057400748505907,48.398810412252374,La Main Ferme
2.476074278810609,48.58519189085575,2.477593922944544,48.58651300828628,Pressoir Prompt
2.4410604710295183,48.5937989427614,2.4424909448227003,48.594679817121964,
2.4526898048959263,48.586862459434045,2.45405389563365,48.587864640499255,Chemin des Prés
2.432038124826185,48.546421812236495,2.4334685736149564,48.547378687737535,Sangliers
2.200893850005579,48.29471935487976,2.2022538536236587,48.29591564506013,Rue de Paris
2.431498106877054,48.63213793176668,2.433067398608778,48.633246868298365,Rosenberg
2.3851246535537176,48.52797882204458,2.386530451413484,48.528854577694524,Cimetière
2.447168833140864,48.57081600643848,2.4485243669799392,48.571715593525845,École Maternelle Clos Renault
2.153462846224795,48.440423721004464,2.154841657632401,48.44136917881089,Barthélémy Durand
2.3707980999381815,48.52775776595962,2.372149998782523,48.52871903383072,Turelle
2.2460281736658074,48.60502427644137,2.2474802227465616,48.606353523238454,Marie Curie
2.525191628550414,48.533752431079584,2.527334081341614,48.53527056921253,Hôtel de Ville Florelites
2.293644570858675,48.59939662192874,2.295000829295933,48.60029617803535,Gayot - Babin
2.53444683795382,48.531122384624865,2.535809763205771,48.53215231531864,Cyclopes
2.2780878159621705,48.316031694194066,2.2794814839935165,48.31713540541269,Brouy
2.1777842517667856,48.48979532546131,2.1791375484122097,48.49069487450256,Moulin à Vent
2.428906627379119,48.6350585902281,2.430350469406091,48.63596700911285,Jules Vallès
2.1889879967128496,48.450855840748524,2.1906207055627034,48.45193675919319,Notre-Dame des Prés
2.151108559144862,48.34801456682137,2.152629540735804,48.349010233006624,Saint-Cyr la Rivière
2.175228464792237,48.57723754012019,2.177039933068828,48.57816576007977,Les Sources
2.1872315510208233,48.59177679455311,2.1887008516861624,48.592769905433705,Rue de la Libération
2.3457527542616643,48.62455475634402,2.347644041503949,48.62551154410285,Remise Neuve
2.3002819226385913,48.401012823204745,2.3016478741258752,48.40189777628806,Maison Rouge
2.538509750197339,48.45633338038613,2.5401219525303036,48.45730751867826,Pâtis
2.5430678462995786,48.524128996138806,2.5444221538000114,48.52502860382561,Collège F. Villon
2.4284726550834415,48.55336921824415,2.4301360501587927,48.55452798186536,Centre Commercial
2.351189616913783,48.49901155219267,2.35299489191331,48.500940946456794,Les Murs
2.4836480602508013,48.565677787363335,2.485408535057797,48.56662441299623,Mairie du Coudray-Montceaux
2.3255914955260777,48.472585132588215,2.3270056046858043,48.47352116733713,Montaquoy
2.384490113898471,48.425489522790976,2.3862170800578903,48.42644187760175,Jarcy
2.2713994687260404,48.59483720192743,2.2739671346391805,48.59581089873328,Paul Langevin
2.5327778438973594,48.503763505786665,2.534264953952899,48.504707593734764,Brinville
2.175232272814938,48.4882458256277,2.1765855273645984,48.48914537433614,
2.305737373938663,48.56164221780415,2.3070926262130067,48.56254178215995,Capucines
2.452548894445571,48.40077809267813,2.453899905673035,48.401677707286176,
2.162268634294255,48.4235415220229,2.1636201658875134,48.42444107794089,Salle des Fêtes
2.373812898248577,48.52417788151663,2.3772911574903417,48.525542282185114,Baudelaire
2.378124629263486,48.414728267223545,2.3795817697109105,48.41567803256619,Rue du Clos Saint-Gervais
2.4355399439201837,48.628694462063564,2.437196323630156,48.630813833417335,Cité Administrative
2.4107388790451343,48.6443447324575,2.412515725015565,48.64552876752759,Fauvettes
2.424099591813962,48.62430739474097,2.42684053624149,48.62550032571947,Évry-Courcouronnes T12
2.2233019311873496,48.49761833314671,2.2249080684617755,48.49863866650444,Chagrenon
2.49174650220037,48.527155395410794,2.4936008010556345,48.52849862902773,La Mare
2.3664304245163907,48.611450092868836,2.3678786738596767,48.61238660685022,Gabriel Jaillard
2.4278598260203528,48.630962165293,2.4297460811370226,48.632581500513744,Les Miroirs
2.178179461376612,48.55321523053275,2.1798799430013758,48.55437196952793,Feugères
2.4750492387146896,48.61314330542563,2.47677017429269,48.61525309382549,Sous-Préfecture
2.3710053130720192,48.43295551379206,2.3725829902332207,48.43390488516713,Château
2.59717231755955,48.51458019650731,2.602268664450227,48.515752535316224,Vosves
2.367767550856488,48.613858025680315,2.3692559487849003,48.614827174158776,Les Coccinelles
2.3163188973192637,48.60595232901431,2.3182356955332954,48.60728847113952,Bois de Vétille
2.528095341603126,48.56205720006961,2.5294506584999277,48.562956799894785,Champagne
2.6009530497940796,48.34254507847987,2.6023025502920856,48.3434447214846,Place (Ury)
2.390119387548447,48.447118401269314,2.3914716125840076,48.4480179986949,Marchais
2.190406184112517,48.46364707789764,2.1917724148225206,48.46469712201872,Impasse des Prés
2.177615089321988,48.48697452525887,2.1789683108570173,48.487874074705026,Collège le Roussay
2.190280166813226,48.57646637517532,2.1943012781016837,48.57942468837922,Bout du Monde
2.474075519764563,48.57515177465383,2.4765219796073272,48.578153274234666,Demi-Lune
2.2770893191398285,48.61353251835718,2.2785028758844166,48.61440948141863,Petit Paris
2.4956836122001045,48.474460895358185,2.4970365879095513,48.47536050460618,Route de Corbeil
2.133957889733586,48.428707398310614,2.1352778130427317,48.42963470117254,Les Bosquets
2.45355083018813,48.61916439824334,2.455235067872505,48.62030157025598,Hôpital Sud Francilien
2.3752644675654926,48.52914684962356,2.376764327081276,48.53021285037338,Avenue du Général Leclerc
2.1693231069523224,48.574112141062386,2.1706731912175306,48.57508475855172,Fontaine Cadoret
2.441408252088227,48.559079684811636,2.4429555440657555,48.56000261406644,Chemin des Chèvres
2.6005899259254397,48.44541925869842,2.602084872318244,48.44637354088977,Grande Rue
2.152825657665154,48.59460063654567,2.154181742520253,48.59550016341816,Galloterie
2.4478570791217993,48.574851606703206,2.449212720998878,48.57575119326112,École Élémentaire Pasteur
2.458211101250354,48.57322618553729,2.4599258932717643,48.57417131480333,Les Rochers
2.2890318860741474,48.52344311641367,2.2903861140808766,48.524342683550415,
2.2373133874296283,48.5755080101844,2.238790014410356,48.576783489235076,La Voie Creuse
2.3034598901217564,48.5975446616311,2.3049281102387464,48.598753837567955,Moinerie
2.313985281329082,48.558717015919676,2.3154368214104597,48.55969938405402,Route d'Évry
2.5383950375987947,48.2907784780989,2.539743162500641,48.29167812186547,
2.490004584766039,48.57433793046932,2.4913753146258353,48.575357369284006,Compagnie des Eaux
2.5184219967222767,48.35461917789898,2.5198825071742283,48.35551542202561,Bourg (Vaudoué)
2.295110524686616,48.60262191227153,2.2970956786387204,48.60387278735566,Carrière d'Encausse
2.3275670367919337,48.630785480770115,2.329854309499068,48.63191570370283,Roses
2.4429395948080757,48.587501774570036,2.44435561280242,48.58857612516268,Les Brateaux
2.3592005389441324,48.63397953793624,2.3606027572909714,48.6352448619323,Rond-Point de Fleury
2.387296194957759,48.3597950968831,2.3890848223329164,48.360886728305246,Mairie (Buno-Bonnevaux)
2.2435994419323677,48.51611429535676,2.2450502608915204,48.517035204056704,46 rue Panserot
2.562384775644814,48.500161935663186,2.5637335258722596,48.501119664081386,Ferté Alais
2.4616604456610762,48.61459850879217,2.4630171544568165,48.61549809117215,Henri Matisse
2.4753530310802017,48.57918597088089,2.476898872705602,48.58062662840987,Cavignon
2.238894175307459,48.59968492745757,2.240250424859143,48.600584472506405,Butte aux Grès
2.3394826425101267,48.62889994648486,2.340976254450787,48.62980325351494,Mare au Chanvre
2.456207072937883,48.58838073269907,2.457708230598837,48.589300766380155,Église
2.333775346344885,48.62319932002236,2.335132253801108,48.62409887994179,Lucien Sampaix
2.444245982845832,48.56995999748749,2.445712021220215,48.570972602474825,Buisson Houdard
2.442471997696796,48.61087630994065,2.4438286024252807,48.61177589002364,Snecma / SAFRAN Gare Routière
2.1921597610260264,48.4663539220142,2.193512439149629,48.46725347794966,Traversière
2.29317458556425,48.56090801895277,2.29452981459016,48.56180758101133,Centre
2.5625863270221916,48.50292299327778,2.5639400730730366,48.50382260668667,Place Caerano
2.193489952708415,48.59454005089234,2.1955364572271696,48.59601804946754,Morionville
2.5472121869850666,48.55804004728149,2.548661909948584,48.5589366526598,Montesson
2.2903509512588194,48.52604031648917,2.2917052488959366,48.526939883474896,Québec
2.1835719275392838,48.48402562435817,2.1849250726383977,48.484925175605724,Tassigny
2.4968252749856603,48.58971680432988,2.4981813251243845,48.5906163956345,Place de la Résistance
2.3646263918898205,48.61345942523285,2.366042603661021,48.61444267464366,Caroline Rier
2.479696940676824,48.608585285811905,2.4810254620813406,48.609524513618446,Saint-Spire
2.4044188646026408,48.64421766665898,2.4071509302458973,48.646499004665536,Auguste Plat
2.635065923998479,48.50269938927764,2.636419676080944,48.503599010686884,Le Bœuf
2.26338645333378,48.40572094560329,2.2647561507152627,48.40663290483429,
2.248937254395794,48.605195744554464,2.250979284900022,48.60665432820432,La Grande Folie
2.298248740042674,48.60164862166122,2.299605060110944,48.602548178302875,Revol
2.13684043134622,48.424100125031366,2.1381919688410718,48.424999674932394,Rue Reverseleux
2.564153674840256,48.53020261851968,2.5655305212271333,48.531146581298856,Pré de l'Étang
2.407310744220452,48.61672811973826,2.408753254854279,48.617866879294326,Mairie
2.0744879340753024,48.43276525051753,2.076252073015203,48.433731949978906,Mairie
2.4436759800334693,48.48482769995164,2.445029220087572,48.485727300012684,La Padole
2.216657235986789,48.58046502830263,2.21801296418452,48.58136457166131,Cimetière
2.465298427169544,48.6167079186603,2.466696279692098,48.617741081046766,Général de Gaulle
2.276204009227523,48.43159111046109,2.277555790929572,48.43249068950292,
2.3610094592112256,48.43309217755632,2.362525144241306,48.4340194214996,Rue du Barreau
2.1429878931933115,48.366457119778005,2.1443379069921087,48.36735668018576,Départ du vélorail de la Juine
2.1517109661368883,48.43585469952549,2.1540741350335297,48.43716949892595,Simone de Beauvoir
2.5498717593641564,48.559750651967455,2.551169345615082,48.56064484752551,Paladilhe
2.4041488913784392,48.29539848818849,2.405497108749984,48.29629811177576,
2.280628665887445,48.6086949644522,2.281989033229728,48.6096737353642,Côte Valorge
2.301879354871121,48.615436322395176,2.3032360452818064,48.61633587756892,Léon Blum
2.430538481179427,48.631170623618075,2.4320070220867116,48.63217037636144,Facteur Cheval
2.3681985280738416,48.529115249745956,2.3725403410573773,48.5329522150431,Gare de Ballancourt
2.1488765057402124,48.425871223756204,2.1502280944444827,48.42677077620759,Bressault
2.4675653138854883,48.38904276234781,2.4696259701368817,48.39079233844545,Saint-Pierre
2.441167222278367,48.63267320845037,2.443743857732962,48.63370211710651,Nowy Targ
2.210791064755598,48.555931827008905,2.2121461354167793,48.55683137295505,Village
2.4559217913458884,48.61213745604883,2.460943953928867,48.614966974685395,Lycée Robert Doisneau
2.547377419779665,48.48068174967193,2.5492221786084537,48.4818404498719,Les Sablons
2.142316908148951,48.57701889291504,2.1442265913503635,48.57814040610848,Belle Étoile
2.353933712033352,48.476883992010016,2.3559481951093595,48.47842514044321,Gendarmerie
2.2934171573782223,48.585459120856676,2.2947730427763267,48.58635867910741,Ligne Blanche
2.2483598727081753,48.47350698959112,2.249820824877684,48.47449471039618,
2.513260323309263,48.56353660115996,2.5146156767970433,48.564436198804415,La Guiche
2.438048641962734,48.531578023902426,2.4394484576019257,48.532691975767875,Aqueduc
2.36432730902599,48.445748064526455,2.3657010919774764,48.44681873536263,Pasloup
2.1778479765117797,48.540721064565375,2.1792207293372288,48.542079235361896,Place
2.4079282700124685,48.64308521518959,2.409285730117392,48.643984784774645,Centre Commercial Ferme du Temple
2.1181819530783152,48.5835866740907,2.1196090477539498,48.58471232506376,Orée du Bois
2.454490892675649,48.56968899749376,2.4573815683747626,48.57088425884803,Belle Etoile
2.442506523291245,48.56578785045721,2.4439180801709397,48.56668304885767,Charles de Gaulle
2.4389841564118706,48.62108017509852,2.440859005737217,48.62266480197523,Place de la Commune
2.217377080268478,48.49182586425225,2.219013615969795,48.49275093592803,Église d'Auvers
2.368409620358659,48.59492531472288,2.3697657797795406,48.59582488524131,Parc de Tréville
2.1789031308181337,48.444795835776986,2.180410867339787,48.445702364248326,Jean de la Fontaine
2.1226448291253766,48.55010681540234,2.1273084552093606,48.55213502528995,Saint-Chéron
2.6162366152289462,48.51188276178717,2.6183712940787567,48.513378638445126,Prieur
2.4381289063913103,48.5920140064199,2.4402236887932656,48.59299619424089,Petits Champs
2.4366038694510865,48.573285025524214,2.438648930013017,48.57444907318803,Clos du Manoir
2.1850943040028112,48.493292224915656,2.1864476961746218,48.494191775048215,La Huchette
2.584614308167008,48.430777771735464,2.5863765877851246,48.43196182824476,Longues Raies
2.3018496279513005,48.593415821426795,2.3035335778129338,48.59459747870765,ZI Limousin
2.4226596782999534,48.634880113365284,2.42401692182662,48.635779686599015,Lycée des Loges
2.288837192911285,48.486664812644335,2.29049160496407,48.48766428651944,Orgemont
2.475163292395232,48.45215928541808,2.476598412482219,48.453168814471766,Église
2.47231154872981,48.61511043820956,2.4737447491726052,48.61607266176192,Cimetière
2.2490653344587446,48.58019492487362,2.2504210657054684,48.58109447509038,Collège Jean Moulin
2.4565693680940925,48.627990271654156,2.458035736041878,48.62888532825838,Beauvoir
2.471845922344778,48.38620596680089,2.473305676615495,48.38744033252961,Grande Rue
2.270780249612241,48.43053778896531,2.272568247867259,48.43146911126281,Poste
2.476176282384667,48.463521570080495,2.477979223105184,48.464480630383655,Châteauvert
2.3330285660342476,48.54147373890978,2.3349623266264987,48.54247286186563,Église
2.215306954809398,48.54703258707354,2.21714424828019,48.54797111324289,Bas de Torfou
2.162049061997609,48.58590082614125,2.163488038195204,48.58685087379842,Arpenty
2.2491160833027846,48.58690252789803,2.2509920239658765,48.587889472784006,Carrefour Mouton
2.5706663952366657,48.52776969474937,2.5720208048569173,48.52866930521509,Bel Air
2.4684925015259114,48.60635693635045,2.4699054980699047,48.60746856308002,Centre Commercial
2.562715271985815,48.40918108590639,2.5640665281089365,48.41008071405803,Les Pâtis
2.421285292516758,48.60341114184777,2.422805703611618,48.60483385754152,Les Malines
2.3062233475770304,48.607531407322334,2.3081084527661986,48.60866739193726,Victor Hugo
2.4584159761103743,48.58994280709675,2.4597720240080823,48.590842392867586,Gabriel Péri
2.4281370033069343,48.640662269154326,2.4297742973549634,48.64171253060435,Gutenberg
2.172839998287545,48.327802513294415,2.174189001891067,48.32870208666942,Fontenette
2.5312009512074267,48.533977353710085,2.5327450509750147,48.535009846275784,Baticop
2.4115303284562897,48.638696214553775,2.4128876716727508,48.6395957854105,Rue de Strasbourg
2.3925265875083617,48.61829226987425,2.394689312109277,48.61920113014369,Louis Bourdet
2.4027406668423206,48.297275388451126,2.40408893328642,48.29817501151309,Jean Cocteau
2.4755523244904594,48.593659606137,2.476908475624267,48.594559193827365,
2.4436430123056967,48.56710508592164,2.4451593778550973,48.5686990597993,Jeannotte
2.527254518598376,48.27658151343362,2.5286846794508873,48.277480986532,Amponville
2.5450777753186267,48.5219377958412,2.546432024780512,48.522837404123216,Albert Einstein
2.1582080295396984,48.58915833549539,2.159563970644479,48.59005786446844,Donnerie
2.611510131801998,48.44551704850494,2.6130279689753575,48.44642115150113,Miss Greenough
2.4563754972295793,48.433494506011364,2.4577460984311554,48.43436479370973,Église
2.32891079978442,48.61541359545632,2.3307743060134802,48.61638260509841,La Rogère
2.1813865303233753,48.561736161531876,2.1827626677704806,48.5627678377211,
2.1665446497291465,48.44514801818683,2.1682931430161503,48.446413282024466,Croix de Vernailles
2.257206373198407,48.61349456664775,2.2586179220031406,48.61448163320615,Chemin Royal
2.1612139534964325,48.34152270574906,2.162866545912064,48.34255749376579,Mairie
2.388701713662987,48.6101728778537,2.390338982978182,48.61113462099121,Faisanderie
2.4700322063667883,48.60716483052019,2.47255129575975,48.6085568678155,Parc Chantemerle
2.268708972745332,48.56938948389796,2.2704321190970043,48.57066641634229,Mairie
2.2896183893573623,48.5980586222146,2.290974610798118,48.59895817774945,Les Vendanges
2.369295343324395,48.608487980120934,2.3710418532281454,48.60942332014658,Les Trois Parts
2.4517779750400237,48.57440762808834,2.453154725288781,48.57544747165333,Val d'Ormoy
2.5244704956906574,48.529817361651816,2.5260134036148423,48.5308065380494,Orangerie
2.4651909802389596,48.57061721902611,2.466878655645923,48.57164635194317,Centre Commercial Saule Saint-Jacques
2.4153886460715577,48.59891274086119,2.4169042563580523,48.6002577584183,Mona Lisa
2.3118992903158633,48.627607822398645,2.3132563098349617,48.62850737756546,Noue Rousseau
2.234005697403972,48.36896977763461,2.2354837047116116,48.36996552235617,Bois Herpin
2.4189741916249097,48.61102211836738,2.420615803648568,48.6119507818401,Chemin de la Joute
2.5419082764762253,48.53016649745745,2.543542727229239,48.53109050271463,Mairie - RN7
2.318333518795134,48.55984824678029,2.319859983680892,48.56120795244363,Bouquin
2.3527301996075156,48.57420121447,2.3540858005339698,48.57510078549419,Botteaux
2.557148599342957,48.25925738420585,2.5587123998897727,48.26025681543135,Village
2.184009007156547,48.485552524429174,2.1853621930210534,48.48645207553471,Musset
2.495372812757324,48.37392658491682,2.497078099256787,48.37525851084905,Porche des Ecoles
2.14044968999464,48.43471152543871,2.141801510191969,48.435611074525056,Libeccio
2.1839592735125866,48.4880823246334,2.185312526665048,48.488981875330474,Centre Commercial
2.3537053843374314,48.5349474803367,2.3551907187158228,48.53585011964758,Longue Raie
2.413315980927698,48.61629312941608,2.414764014081003,48.61769337034388,Le Lac
2.608701553249138,48.50538396363375,2.610573208005488,48.5065383617678,Justice
2.4178806974797595,48.608911298863354,2.419431999181902,48.61033970030501,Les Peupliers
2.3507080739206994,48.463590205963776,2.352060726220441,48.464489794000364,
2.5467524140667446,48.528417289900865,2.548148690391092,48.52938600992147,Avenue de Fontainebleau
2.5639418107086076,48.345747080848454,2.565291389385577,48.34664671911596,Meun
2.3707723182133016,48.60253361511601,2.372128681924433,48.60343318484821,Imprimerie Nationale
2.4903285638049986,48.56218810705336,2.4931325048846937,48.56375279199366,Terminal David Douillet
2.255837307633246,48.58041830933628,2.2573568904654064,48.58143339064007,Stade
2.4384601543416773,48.636205603819384,2.439835347648756,48.6373101961079,Rue d'Antin
2.160128217332718,48.45348560033579,2.161632489883934,48.45460749962193,ZI Bas
2.3852489500383873,48.3640261986729,2.386837552935888,48.36494290143776,Stade
2.3797558420238394,48.36003669530123,2.381105758110281,48.36093630466296,
2.1225090493359677,48.580655371900384,2.1242139399019218,48.581642086430186,Mairie
2.1346660520494716,48.42340278012012,2.136243854135813,48.42432371998878,Belles Croix
2.458929161688508,48.58458085474215,2.4606270385198155,48.58564044474652,Rue des Mésanges
2.19289316008674,48.529864516626354,2.19432164190394,48.53082338334213,Église
2.3726728030775104,48.27200588898805,2.374020397057545,48.27290551097613,Coudray Ecole
2.2133069658400766,48.512529317144256,2.2179999927119884,48.515231315437475,Chamarande
2.188194445038711,48.59509083256249,2.1895505551389562,48.59599036740139,Saut du Loup
2.4079762372988367,48.550693308800064,2.4096535681901057,48.55163159147905,Stade
2.3600352519436214,48.62786691094703,2.3615232470019767,48.62912738823296,Hôpital Manhès
2.518724329883228,48.35753096184562,2.5201676738466854,48.358526738101894,Le Vaudoué Bourg
2.1628938454494016,48.43196281794353,2.1646410615366,48.43292538251817,École les Prés
2.5608908147305267,48.51887119463203,2.5622449853651466,48.5197708053324,Village
2.4480347562019746,48.56268104228744,2.449409345362266,48.563768257629015,Cinéma
2.201007358782192,48.48078805757869,2.2027616451027976,48.48172724273163,La Martinière
2.4747220766837925,48.59975178553404,2.476337518941525,48.600865014532246,Louis Drevet
2.353599607825258,48.62147179554006,2.35657158722442,48.62249950548927,Clément Ader
2.36040424081017,48.62983721012742,2.3618445584106498,48.63079258983301,Mairie de Fleury-Mérogis
2.2991446634627692,48.40545543733206,2.300539238375163,48.40637076242582,Porte Frenneville
2.1362521840916084,48.51166076736263,2.1378378158459186,48.51268233236675,Bois Fourgon
2.566935816885951,48.351216066400916,2.568586783027333,48.35226143320383,La Mare aux Ormes
2.5482793623998123,48.44770898981225,2.549631637698262,48.44860861015215,Mairie
2.2639096054745846,48.51477547116054,2.265441592483885,48.51568412888271,Les Roches
2.2817349021726683,48.59718812291815,2.283091097984531,48.59808767704595,Brèche aux Loups
2.17980413372512,48.44081261887999,2.1813336722643784,48.441914381141075,Cimetière
2.172230469318763,48.42958923617609,2.1736746344723827,48.430482263717145,Sablons
2.550610849097061,48.523866195649894,2.5519651510008803,48.52476580431451,École Maternelle
2.1774192445712433,48.44889505416426,2.178748858288303,48.44985264508082,Rue des Ponts
2.3485340976476246,48.621122073299375,2.3501898966518517,48.62205722695533,Plessis
2.172289406614936,48.53503648037159,2.173794897123273,48.53594091962373,La Briche
2.49910231397891,48.31712748021871,2.5005355782465797,48.31823101960049,Boissy-aux-Cailles
2.4355338527435912,48.54712550421509,2.436885048656869,48.548082495556216,Les Vanneaux
2.5968991274519575,48.32152117705023,2.598248072634993,48.32242082291424,Bessonville
2.252166636272761,48.58002332454159,2.2535223638907738,48.58092287542242,Collège Albert Camus
2.124010612832807,48.55344923671855,2.125365587358512,48.554348763245194,Mairie
2.2004065633469594,48.38893498464013,2.201835532917791,48.389824715247684,Mesnil-Girault
2.1500242689465274,48.58929997920253,2.1518624299114615,48.59044392026523,La Soulodière
2.493840705502422,48.38347452784774,2.495199389298626,48.384434871864116,Église
2.350401582795556,48.62255286720392,2.3519903228092103,48.62367653287907,Augustin Fresnel
2.14705163536117,48.416115823203036,2.1484029648238328,48.41701537676075,Arrivée du vélorail (gare d'Etampes)
2.2232649555426542,48.5795738201365,2.2247044499730793,48.58059787972856,Ancienne Mairie
2.12581546358421,48.51212613325758,2.127169336606318,48.513025666706184,Cimetière
2.397739987848798,48.6104943671468,2.399105012776433,48.611488632665825,Bois Bailleul
2.4641227799923895,48.56716730488741,2.465478220124683,48.56806689507692,ZAC des Haies Blanches
2.1752567630560704,48.5714741321598,2.1766122371242145,48.57237366780406,Fosse Ronde
2.35433074394612,48.47154891989094,2.355792259745837,48.47245407921302,Fontaine
2.255946998925132,48.603647800471286,2.257433995022261,48.60472129949274,Chanteloup
2.210325892679057,48.51861756223689,2.2117565054608335,48.519516637728046,Route de Torfou
2.4377546484463504,48.56328524609295,2.4397268817723186,48.5651708407007,Lycée Marie Laurencin
2.440313868030288,48.55784973214294,2.4418466338389395,48.55875786789682,
2.2109478684133603,48.548165426382184,2.212302731758916,48.54906497358175,Salvador Allende
2.4551345037673715,48.58423817431477,2.4571208887300164,48.58561552582515,Gymnase
2.3025995402714488,48.39121370471807,2.3039502598796058,48.392113295246006,La Lieue
2.347471265427442,48.48123715519579,2.349910001529191,48.48238715308885,Mairie
2.189011739314523,48.46140856294425,2.1906251635783724,48.46249133705595,Villemartin
2.1405557351321947,48.57817229282966,2.142247861737772,48.57915570596573,La Belle Étoile
2.4299366360754404,48.61742755586693,2.431379162131909,48.61839314411045,Jean-Marie Djibaou
2.4488785199172916,48.57103491376864,2.450315478984438,48.57197318604968,Tournenfils
2.1535221950469596,48.43784747335677,2.155325005465891,48.43893982583808,Résidence de Guinette
2.436923017333417,48.564603706734076,2.4382783827895884,48.56550329323022,Sabilère
2.2126532147504614,48.561440727894826,2.214142893649586,48.56308817186183,Facteur Cheval
2.0907573674472606,48.425792199353616,2.0924103299958214,48.42689190057741,Longuetoise
2.4348171290464955,48.595719700259984,2.436291466029393,48.59714759940478,Bel Air
2.426331557799885,48.545838230651306,2.4282723388031298,48.54707936902239,Cols Verts
2.4599055591711676,48.60404464312224,2.4653643053775847,48.60647167204322,Gare d'Essonnes Robinson
2.3659728451264797,48.55083243699831,2.367449751076749,48.55173106296067,Mairie
2.4408267806731776,48.6308034361941,2.4425388178091167,48.63172016391298,Aguado
2.5195960392895977,48.53982159887814,2.520950760815197,48.54072120108627,
2.4844391981575105,48.60302660623914,2.4857956019553225,48.6039261937252,Piscine
2.3628316736185115,48.4973476193504,2.3642672260409814,48.49852078003012,Boigny Salle Polyvalente
2.3580677257343696,48.572193313840835,2.3594232744059336,48.573092886123376,Marquants / Croix boissée
2.4488181280346133,48.58965873311586,2.45046157098147,48.59072026665986,Collège Rosa Parks
2.49022117658793,48.56528982411819,2.4949806437653894,48.567092176271444,Gare du Coudray-Montceaux
2.4981677901754917,48.380682258572385,2.499557713970547,48.38156034119432,Porche des Ecoles
2.460212395696695,48.58287444855624,2.46162130905801,48.58420735132115,Pavillons des Linottes
2.3604913648453856,48.53928541104428,2.361846035294156,48.540184988919904,Place Duquesne
2.419629143925778,48.60613612547674,2.421130551034262,48.60759957408939,Champagne
2.473270191341512,48.38206253730893,2.474769686390096,48.38386108280297,Mairie (Oncy-sur-École)
2.3614352005593324,48.623144546191604,2.3645611658633343,48.62426103997084,ZI des Ciroliers
2.379663153150838,48.609446774005384,2.38133684284634,48.61037722622051,Pierre Marcille
2.258850439666047,48.594644525007304,2.2602065604961443,48.59554407495671,
2.275035635960102,48.54751113577942,2.276336360679045,48.54841686357152,Comices
2.442778468630708,48.57407446466409,2.4441850329989747,48.57499493511828,Bas Clos Renault
2.1536054402533744,48.37401720309755,2.1550560563143244,48.374923496134485,Boissy la Riviere
2.58902407691646,48.429195702167874,2.5906578196711187,48.43030209784667,La Forêt
2.22970768444277,48.58015541713485,2.231519819550774,48.581100883233866,Molière
2.527747311332563,48.55683909968243,2.52910248877054,48.55773870028199,Puits Beau
2.1565099647628414,48.43531325947674,2.1647470566507034,48.43831467483555,Gare d'Étampes
2.131336095915443,48.498257489786056,2.1331483973672696,48.49923031077254,Saudreville
2.28901838678932,48.56415798813349,2.2924692242458082,48.5671229315755,Gare de Marolles - Centre Commercial
2.476279944634062,48.610679306371296,2.4778720480864793,48.61185459373628,Félicien Rops
2.6103485020774024,48.51989414488032,2.6117975924248262,48.520779954957845,Place de Verdun
2.4343832311910543,48.56358860685079,2.435738568932499,48.5644881931135,Sablière
2.4334304402395666,48.59926426140448,2.435886462022906,48.600212139018225,L'Églantier
2.4120364132433805,48.47520095814533,2.413345189930551,48.476118041217404,Retolut
2.4524225891803417,48.610429352774936,2.45390051031602,48.61162084611565,Paul Maintenant
2.4237848731937603,48.54711422272281,2.425548422979682,48.54829137723374,Porcelaine
2.362214257233036,48.605824494063356,2.363584443507106,48.60685840585125,ZI Bordes Nord
2.525646499559972,48.541697460736685,2.527071703827809,48.542670139189475,Place
2.350946912360013,48.520818710437005,2.3523010877814823,48.52171828952717,
2.5469080849624004,48.55277780592857,2.548309122520539,48.553838493771,Croix Maingot
2.299252011350272,48.58135991997214,2.300607788802968,48.58225947999195,Promenades
2.304527212812636,48.39326770469543,2.3058779873380173,48.39416729526865,Valpuiseaux
2.3764785187483697,48.60876340885022,2.3790327889420673,48.60982919256866,Général de Gaulle
2.3264125883374724,48.56783081635198,2.3277680118097224,48.56873038361216,Croix Boissée
2.260425572481111,48.593755467973544,2.265619660933474,48.59533179102908,Le Parc
2.1268131021328274,48.58414713879241,2.1281688980581754,48.58504666117136,Rue de Courson
2.3923338981905045,48.5888792122167,2.3936899019424147,48.58977878774754,Centre de Traitement
2.1475112718308202,48.4391517043151,2.1506473362900502,48.440258697509364,Meuniers
2.4243744484485017,48.61426446883079,2.426291959990224,48.615272732006666,Petite Montagne
2.3334481693295435,48.47915900874297,2.3348012308154638,48.48005859122119,La Ferme
2.4859845038819737,48.61005450668186,2.48734109623056,48.61095409328252,
2.501089427290652,48.390346788378714,2.5024401728173697,48.39124641158565,Croix Saint Jérôme
2.430550950398063,48.46358731622599,2.432154345721116,48.46452508250099,Église
2.373524348041465,48.53292060941389,2.3748788520951862,48.533820190550315,
2.1451876328861443,48.434561204402755,2.1471242244928637,48.43648224766028,La Poste
2.555281639062889,48.472001291290496,2.55663456103378,48.47290090867394,Collège de Perthes
2.293637978885218,48.51594089772748,2.2951944260844863,48.51745370163506,Grandes Roches
2.631923823748679,48.50779835624879,2.634360187590139,48.50987554361975,Jean de la Fontaine
2.1796415092238584,48.432750120771814,2.180993290954219,48.43364967919202,Saint-Pierre
2.4468412163205593,48.60475388172577,2.448326988574871,48.605795918244674,Les Longaines
2.2966106325618116,48.55735161834147,2.2979657675918204,48.55825118162261,Pins
2.3779965786914596,48.37122235757561,2.3805256966144572,48.37355654394795,Route de Maisse
2.3203681276098274,48.56242623437564,2.322144880315208,48.56371876587601,Bois Minard
2.4463923116582635,48.56494670603653,2.447747688462673,48.565846293927784,ZAC Montvrain
2.302893178194962,48.61099775303043,2.3044101294742085,48.61213804693859,Les Halliers
2.549801926103166,48.518094195246476,2.5511560739949237,48.51899380471795,Couperin
2.4722867480410393,48.58445090564946,2.473642652074347,48.58535049431489,
2.460778392304553,48.60240599681721,2.4625642077356558,48.603305803135534,Allée de l'Essonne
2.193037577738207,48.49226804104692,2.1966273865950305,48.49555436496802,Étréchy
2.4415217303641223,48.61763276601046,2.4433418344419158,48.61875221681617,Place Jean Malézieux
2.221860874903758,48.502537121627256,2.223214525265744,48.50343667833671,Moulin
2.260341984730855,48.52208632138725,2.262241418288309,48.52302817896092,Saint-Exupéry
2.5199311890443847,48.48254973577493,2.5216183057757764,48.48348906451755,Monceau
2.150691249066248,48.43973796150764,2.1521480493420384,48.44067983819324,Vallée Collin
2.1808920228616238,48.446608561543265,2.182335073386511,48.447504537601105,Mairie
2.4118752834275314,48.57484670951395,2.413230916701017,48.57574629045031,La Martinière
2.3654949989759944,48.54661635204256,2.366926598773969,48.54753854757866,Pasteur
2.350741829841044,48.49060395375933,2.3522023671107215,48.491502646201575,Stop Cerny
2.3203695572942573,48.46587844024142,2.3219624402804624,48.466851558976316,ZA des Grouettes
2.271298195719905,48.41003180925582,2.272649404438084,48.41093139070818,Petit Marais
2.2948073000142117,48.41258579861371,2.2964790993585673,48.41365530105742,Grand Frenneville
2.544111991267758,48.52074799580802,2.545466208831586,48.5216476041564,François Jacob
2.3365775092590026,48.54056143433736,2.3379403903920704,48.541553165529464,Saint-Caprais
2.1469115449387384,48.43802202494016,2.1482634552464974,48.438921575023606,Henri Poirier
2.431373386651607,48.293092107715346,2.432769812668618,48.294219991970024,Base de Loisirs
2.3106163765861236,48.619900140042205,2.3123545256308136,48.621024959782744,Louise Michel
2.407468477046366,48.6268433074828,2.4101580298963534,48.62794043304108,Jean Mermoz
2.623983739338853,48.51662619093365,2.6253378607430444,48.51752580903086,Cartonnerie
2.465936916747258,48.612615920609024,2.4678802296478937,48.61370167972321,Charles Robin
2.3823066057579525,48.428108109877364,2.383884290753684,48.42918569015454,Tilleul
2.303480194446017,48.61517116349308,2.3063136542643083,48.61624580362759,La Fontaine
2.413161818611461,48.293246387288875,2.4145099815150037,48.294146012675355,Bibliothèque
2.4194488560292444,48.6376724759006,2.4214427414842365,48.638613524410346,Camille Guérin
2.1495548774060698,48.43092885934812,2.1523312366103613,48.432163743365095,Religieuses
2.247895405000115,48.47469485228083,2.2492660939273046,48.475722147326536,Villeneuve
2.1701056789795277,48.42761222144687,2.1714573212005748,48.42851177851696,Les Augustines
2.3526822471287363,48.57064621419514,2.3540377530127348,48.57154578576901,Coquelicots
2.3702645581499153,48.61622654583059,2.3720595393447166,48.61715735439659,Grand Noyer
2.258238005299543,48.615115799225194,2.2599363007213578,48.61631110092261,Pierre Curie
2.297497169058147,48.562096618628594,2.2988524310953284,48.56299618133548,Mairie
2.3077675719579327,48.60663132114301,2.3091240281936365,48.6075308788211,
2.462142517211766,48.61912078649599,2.4635472882022116,48.62011531329297,Strathkelvin / Tarterêts
2.2271127069599745,48.51508372205417,2.22846669320849,48.51598327790975,Château
2.5648399472531027,48.50138829302256,2.5661936528416254,48.50228790694189,Faronville
2.142443339215842,48.423431524318026,2.1437948609702273,48.42433107564577,Services Techniques
2.4756473484597135,48.58177122412785,2.4772524561100107,48.58330687496265,Rue du Chêne
2.417031412533315,48.64707630970548,2.418830387781696,48.648181389716,Centre Commercial Aunettes
2.472720013269241,48.30542455931138,2.4741937852257867,48.30641274066177,Mainbervilliers
2.0577893451679246,48.372537326730004,2.0616255444403757,48.37589053766226,B
2.5681162113761418,48.51459560614196,2.569594143675351,48.51610782296219,Croix Blanche
2.1668476049148047,48.43854300203765,2.1682044956524096,48.439527197912284,Rue Van Loo
2.1794856759845027,48.49355017060259,2.1808805277405785,48.494803229292394,Maison de Retraite
2.293067780332736,48.523829516051826,2.294422019821411,48.524729083912256,Collège Tillon
2.3284321627763456,48.620211068310454,2.329972632748477,48.62112063173824,Diderot
2.265635091054947,48.619495413088124,2.2673424161641003,48.62072928710812,Église
2.3138659156689134,48.61076952089181,2.3152224844813514,48.61166907907232,
2.3769945777471366,48.39079982473343,2.378295225630014,48.391715274517274,Marché
2.396925195263891,48.630038561259525,2.399051326178307,48.63207593984464,ZA Bois de l'Epine / Bois de Saint-Eutrope
2.3747618229439245,48.43289925470372,2.378735666791942,48.43591765758304,Gare de Boutigny-sur-Essonne
2.3721727300366044,48.438391416131424,2.373526368222565,48.43938308341911,Cimetière
2.4376350025800924,48.63248322001874,2.439011579371019,48.63473997983692,Petits Bois
2.3798685715152414,48.538596509317635,2.381223228620064,48.53949609064659,Mutualité
2.3454424498558843,48.50710674853715,2.34688955261429,48.50837425110538,Les Bédouins
2.4794755364049483,48.59881605699545,2.4809624612622323,48.599755942490034,Belvédère
2.565650104971552,48.55505957454777,2.5669908968706308,48.55598222523735,Chemin de la Justice
2.300466781129857,48.61886190423602,2.302005720561222,48.61988249572826,École Jean Macé
2.291704913990145,48.558795818929454,2.29306008616457,48.55969538103462,Château d'Eau
2.315852186217563,48.60812617098297,2.317627012328725,48.60904492913726,La Marinière
2.4248208765576433,48.28113688540864,2.4261687235662324,48.28203651455559,Vieille Ligne
2.2760282618081735,48.56774416584016,2.277444741465935,48.568707834074345,Zone Industrielle
2.1810290581317697,48.44300922443222,2.182456444719672,48.4439040754815,Les Acacias
2.4255331782780467,48.27710668859148,2.426945525752073,48.278417011246646,Place
2.297310517873733,48.565930018947526,2.2986658822798134,48.56682958101656,Clos Neuf
2.3257604008102115,48.611753919860234,2.327116999337455,48.61265348010392,Mairie (Église)
2.340834281917102,48.6189589035981,2.3422731350667396,48.62116269624622,Valvert - Route de Corbeil
2.5264832061307003,48.27805557786185,2.527830993971241,48.27895522210251,Jacqueville
2.3681100894892118,48.50735320787304,2.3694639106484447,48.508252792091156,
2.1707263428004255,48.4568405184952,2.172208862759358,48.457736281405424,Automobiles
2.3407947832310434,48.51423193328401,2.343257213642714,48.51543216374512,Église
2.150217667101346,48.451378225603335,2.1515699330832945,48.452277774360425,Avenue des Grenots
2.551133631866847,48.52896089919578,2.553723961334542,48.53001460206748,Jean Ferrat
2.1684187532541057,48.56324118748793,2.1730783951628596,48.565394563550356,Gare RER Breuillet Village
2.322446120770301,48.6100303839228,2.3239255806645356,48.61101461605174,Gymnase
2.4948510921762974,48.39304888902015,2.4962019079330915,48.393948510944206,Plaine du Mée
2.4391911278515126,48.56992159495217,2.440774574225063,48.57097260500917,Jean Jaurès
2.294185693764998,48.56776841939349,2.2955411063892446,48.568667980570595,Puits Sucré
2.49509838866039,48.39049720672339,2.4964658148165078,48.39137939267288,Bois Dormant
2.171276281206602,48.57506826201832,2.174668545284615,48.57767953924021,République
2.299473581837445,48.61999624110841,2.301035017087215,48.621334457588425,Ludothèque
2.166360204713726,48.43280150479589,2.1677257916360575,48.43367769456315,Juineteau
2.5605376908405364,48.440112520557626,2.561951813021688,48.441086679335,Forges
2.4144755131004874,48.63084920074177,2.4158522830778746,48.63207459918192,ZAC Horizon
2.2453207617700346,48.59598256300493,2.2467470153283116,48.59714397221073,LEP Paul Belmondo
2.5414881976582846,48.520287095936155,2.5428424024416305,48.52118670402826,Marie Curie
2.442468901881782,48.533607386125475,2.4448958067097686,48.53468311534397,Rond-Point des Cèdres
2.26567851802306,48.52097227184509,2.2678264696021033,48.52259102866864,Eglise
2.4926432387101816,48.4800118960049,2.4939963614001663,48.48091150395947,Place de l'Ancienne Gare
2.5430186793311815,48.49339862199678,2.54533078661977,48.49501437377357,Étrelles
2.549190034567094,48.49656076624993,2.5513016687460137,48.49786013315023,Grandes Haies
2.5505672900487584,48.557274432949896,2.5519869120048653,48.55817176699108,Trainard
2.1828976533557447,48.560088319299815,2.1845432505915334,48.56120718075106,Mairie
2.179496399227155,48.486205924986656,2.180849600951433,48.48710547497722,Acacias
2.438617919470213,48.62421101128281,2.4399748806527906,48.62511058868148,
2.1463164522436395,48.422544384666985,2.147952653179614,48.42369551544463,Petit Saint-Mars
2.153612521358002,48.557602913060336,2.155066169030703,48.559308286746294,Mairie
2.473023443600876,48.57729870503472,2.4743791565143094,48.5781982949296,Rue des Ronfleurs
2.3817062835122615,48.52965293042597,2.3830858115301967,48.53062026934737,
2.150038783398481,48.40143404792249,2.151485214843012,48.4023699517642,Ormoy Village
2.0885947978381827,48.363277187853,2.090036107086429,48.36429421204707,Chanval
2.196697785724861,48.49952812691912,2.198154216671151,48.500458772593994,Relais Cocatrix
2.333297372345264,48.51163860912312,2.337576360582814,48.513147797752815,Route de Bouray
2.3785431090327687,48.413575185275484,2.3799290853591537,48.41456801449135,
2.4057790598212905,48.627607600117074,2.4074599422559215,48.628704399758675,Les Osiers
2.4627530372918898,48.61243020434192,2.464660574318334,48.61358724194536,Montagne des Glaises
2.4934428570317015,48.59855760525788,2.4947991430791334,48.599457194706495,
2.1445615327772076,48.59234401278518,2.1459351638975717,48.59327478706352,Mairie (Courson-Monteloup)
2.537569042910655,48.569375300037876,2.5389245571903634,48.570274899926545,Capitaine Freedy
2.2789748562576624,48.498784741628796,2.280312841443349,48.49974355788533,Boinveau
2.1790763202072028,48.43928313976078,2.1804137845100455,48.44021005988619,Les Blandards
2.4036359437936667,48.611235586633505,2.4049760515337115,48.6121604130402,Les Bocages
2.1168264520717295,48.42791014549895,2.1182695515858545,48.42880365439867,Valnay
2.309262266007363,48.61873655699537,2.310773641115114,48.61985494297197,Sablière
2.2548966824186847,48.6067256854276,2.256365320077045,48.607715414559586,Tuileries
2.376814940173147,48.33886515066607,2.37985746558449,48.342869166157605,Gare de Boigneville
2.37367305888501,48.6402247595295,2.3762161324012094,48.64131504202387,Maison d'Arrêt des Hommes
2.357511231029597,48.60667505426541,2.3590782655626064,48.607741145762986,La Tremblaie
2.3468936153931614,48.5247912161686,2.3489302800641276,48.52610228353074,ZAC
2.603109618199649,48.45033113033471,2.6047899176457245,48.45145669996862,3 Poiriers
2.371649898800913,48.6074220412869,2.3756587398175895,48.60878664817182,Les Petits Bois
2.4337493795607523,48.55940381299787,2.435565808144563,48.561549185811955,Les Cèdres
2.2314060095866886,48.339079221115036,2.232836290534966,48.34002677879772,Ezerville
2.4594821004735214,48.59544140622267,2.460973899469904,48.59634159374316,Collège la Nacelle
2.431592335141315,48.55405947995843,2.4329530650891242,48.55503651994041,Verville - Seigneurie
2.277268553547508,48.54850321953715,2.2786234466102817,48.54940278042689,Verger
2.25869594965921,48.457402481167414,2.2600443517539808,48.45835771860477,
2.5043046796155286,48.56127352520084,2.506327512863039,48.562287675704816,Le Golf
2.4446568361685643,48.575776382985815,2.4466906701126376,48.57677251780621,Église
2.4284318205264053,48.33097425620785,2.430069280120951,48.3318801438197,Bois Minard
2.4517768959509048,48.52771794515557,2.453567103436732,48.528831354308444,
2.4268978705975246,48.60989544975734,2.4283166315251337,48.61109975000505,Dauphiné
2.3784014414109027,48.360096195421164,2.379751358723511,48.360995804543016,
2.3679499511265867,48.55522431164586,2.369305049011438,48.55612388831832,Gymnase
2.07890914835647,48.37097311571356,2.081213953954388,48.3721666818391,Mondésir
2.3810327817550037,48.522819407979924,2.38238701837994,48.523718991984296,
2.4403676771018006,48.537625204350825,2.4417223230202847,48.53852479561346,ESAT
2.4918687477279766,48.59926500542283,2.493225052383207,48.600164594541546,Église
2.3813517409378573,48.52587830819307,2.3827060591970364,48.52677789177115,
2.401373955934046,48.61040705502374,2.4028250402066043,48.61130244407749,Les Vergers
2.3814299463964903,48.52054799574609,2.383077354870821,48.52156730362022,Mille-Club
2.4226117388621917,48.60152901605207,2.424107960303269,48.60243268394641,Complexe Sportif
2.104489474405689,48.42883712930337,2.1058411257886727,48.42973667066034,Pierrefitte
2.1702919332142305,48.43034152081829,2.17241270914706,48.43196405381801,Sybilles
2.4300514774571256,48.56950420424539,2.4344830312413994,48.572034895332344,Gare de Mennecy
2.6249163765247627,48.50850399341964,2.626594818784157,48.5094391068411,Barthou
2.4699339968154925,48.611436847151964,2.4751169979765826,48.61496455798717,Gare de Corbeil-Essonnes - Zola
2.145098564253675,48.436590125039956,2.146450435931942,48.43748967492383,Collège de Guinette
2.4422041465159805,48.621550006356436,2.4437569501626153,48.62297849280393,Collège Paul Éluard
2.318970713252956,48.341722179178,2.3203006891022575,48.34266732037232,Mairie
2.555180293017413,48.25602297432447,2.5565275070782354,48.2569226256399,Le Buisson
2.2306246781713717,48.58180725119961,2.231976719665418,48.58279304822125,Intermarché
2.338678363740107,48.53855740243975,2.3408969425516752,48.539983797298596,La Grenouillère
2.456410492320922,48.39812598300049,2.4577862031754036,48.399083616793405,Porte au Roy
2.5683842592028836,48.419219726715355,2.5703654425021325,48.42042897261756,Chardonnières
2.3503848509364897,48.48084340883279,2.351797649529753,48.48198269076039,Les Deux Ponts
2.264148866232615,48.59009766559602,2.2682361357277165,48.59225399097177,La Norville - Saint-Germain-lès-Arpajon
2.4320659550761143,48.60361069728114,2.4338505468948757,48.60465700160857,Pyrénées
2.4563959956612047,48.43599342264164,2.4577225991906344,48.4369234769734,Le Puits
2.427608521995585,48.62727041690357,2.429125134394688,48.62847564424868,Agora
2.471675686749723,48.57408200487963,2.473031313365738,48.574981595084715,Rue de la Ferté
2.2675396338960625,48.61522532356444,2.268960068392354,48.616179576389165,Gare
2.157930548845029,48.59898626994669,2.159442351462192,48.59988743003899,La Roncière
2.4720399601529883,48.60596490735623,2.473396439962579,48.60686449260814,Médiathèque
2.5676023873349036,48.52001151347052,2.569364314392571,48.52093178668224,Croix Blanche
2.1499791180320065,48.42070695458238,2.1513731770182156,48.422046945302014,Hôpital (Étampes)
2.3668136676173277,48.554000411648296,2.3681687325209353,48.55489998831592,Marcel Charon
2.2429175206925716,48.578832024514114,2.2454523906234654,48.58040927749053,Lycée René Cassin
2.3624757419425557,48.47948269124315,2.364040254199819,48.48039730884916,Plateau
2.4178821053729522,48.62708592544224,2.4196863991853337,48.628190719874056,Lycée Georges Brassens
2.3504190893535437,48.49432015743371,2.351813423828227,48.49623194244739,Aérodrome
2.48721022271381,48.608638706484484,2.4885667773984474,48.609538293479886,Villoison
2.5697233318599007,48.35415369401432,2.5710746719851874,48.35502320528126,Église
2.2296164875113935,48.57645552660788,2.2309721126570454,48.577355073356074,La Mare aux Bourguignons
2.432341728585547,48.63871144753233,2.4339818710265653,48.6396155524638,Nouveaux Champs
2.371717396879821,48.60415775269618,2.373129693508723,48.60582474717547,Arnaud Massy
2.2644303960483123,48.55061070024535,2.2657855059339456,48.551655799708314,Mairie
2.4279157942993614,48.636408916917915,2.429381705753953,48.6376035821679,Maurice Genevoix
2.569583075360436,48.528751731266134,2.5739788542445097,48.53091769138941,Gare de Boissise-le-Roi
2.5364066733281896,48.458556259964155,2.5380210282660873,48.45961623992735,Place
2.3036101427705993,48.58644071995372,2.304966057381725,48.5873402800104,Centre Commercial Maison Neuve
2.2710624335551075,48.35534054236203,2.27255036757862,48.35660935683395,Mespuits
2.168195579606349,48.48782572639368,2.169548820574716,48.48872527357014,Vallée Barbot
2.2893917887187056,48.60362746241563,2.2911856074582997,48.60457073791747,Claudie Haigneré
2.455066912366632,48.346453888220985,2.4564164877511065,48.3473535117433,Ferme
2.2174226862600355,48.591354937778206,2.2189235157561784,48.59230706173564,Orangerie
2.163712139405518,48.58216911923807,2.1652584655560907,48.58366818017931,La Donnerie
2.467337053406211,48.60331094708866,2.46895044407168,48.604386152876806,Léon Cassé
2.4497570070593486,48.61029803517826,2.4511349932040667,48.61133936457243,8 Mai 1945
2.3111312709110883,48.60363038594278,2.3129898388870873,48.60502351442382,Maryse Bastié
2.2889473651234153,48.599876522422676,2.2903036350322243,48.600776077541404,Van de Walle
2.4322465447450763,48.644750713387836,2.433604055379454,48.64565028657646,Chemin du Trousseau
2.5584195754452352,48.51744697213186,2.56036341702353,48.518450128675546,Stade
2.3855554634669183,48.60983864347828,2.3872290326437953,48.610972356549,Maisons du Golf
2.4572632100872007,48.569075134112126,2.460103097668835,48.57015986748394,Roissy Haut
2.106743262883865,48.51243993559278,2.1080971373108244,48.51333946437093,Montflix
2.2140353313362082,48.4080175150422,2.215386468834187,48.4089170849217,La Montagne
