min_x,min_y,max_x,max_y,name
4.905661936819785,44.922002532250836,4.907024391576021,44.92306475566761,Montgolfier
5.033954871455576,45.03895244953039,5.035390128408026,45.0398525504149,Magnard
4.891327607171906,44.949844780455955,4.892716359707783,44.95094095804618,Stade Joseph Claret
5.035653593366738,45.02126971077159,5.039183215230148,45.02335773402223,ZI de Beauregard
5.0520344990321115,45.04452430069361,5.058341261916282,45.04645458131099,Lycée Triboulet
4.866391029365241,45.041281327524004,4.867798183761039,45.04273433278233,La Roche-de-Glun - Chemin des Écoles
4.859016751906187,44.918440902237,4.860742507602844,44.919578602325416,Les Croisières
4.825051755509415,45.070697100393794,4.82633893984946,45.071671599306555,Avenue Foch
4.940736507089638,44.86374574554852,4.9420744023658,44.86497163373552,Beaumont-lès-Valence - Maison des Associations
4.969047418399437,44.9795614383998,4.970576076953232,44.98047328168747,Alpes
4.958278334603705,44.97026353715663,4.959550570946046,44.97123311789681,Stade des Combes
5.050861610938566,45.034566523735094,5.052275793422703,45.03564704481857,Les Moulins
5.213995135121359,45.08503014713247,5.2152648644697175,45.0859296528267,Les Gamonds RD1092
5.201735628951463,45.14971035082368,5.203591789971238,45.150956806331244,Croix de la Cave
4.890483256974987,44.92999981933093,4.892327120878336,44.93099484126673,République
4.920870442366584,44.939714872408956,4.922187840715067,44.94095948688274,Ader
5.274242162517193,45.110386565959914,5.275527840462787,45.11126323351225,La Serée
4.947851884692784,44.964499460652426,4.949314932011409,44.96542214254226,Fleurs
4.906463576806186,45.11613631146596,4.907689227668453,45.11705438815104,
5.2239398227099505,45.059434948139774,5.225208976879779,45.06033445181934,Les Richards
4.91487966642378,44.91672408358701,4.918868605351523,44.919892100147415,Pôle Briffaut
5.085381336905486,45.07997404389382,5.08707917182803,45.08113133620747,Génissieux - Mairie
4.930026351623559,44.940185356271385,4.93136174802505,44.94106828687683,Valence Thabor
4.91702102705306,44.94151423803222,4.91880121901252,44.94260005491685,Pompidou
4.877135630765873,44.96281253034734,4.878799478442192,44.96378529026636,Sellam
4.851075924942169,45.058013111878594,4.852408671786772,45.0589905880137,Chemin des Cerisiers
4.944561150280683,45.115134057374725,4.946023289416149,45.11609183763594,Marsaz - La Croix
5.246316309721701,45.14266766158813,5.247587289862308,45.14356713837088,Billonnières
4.94048608731439,44.95257325862657,4.941753112329301,44.95347294133381,TAD Chemin de Plovier
5.26876467288979,45.097310087823786,5.270135226948808,45.09820991214342,Le Sibert
5.023248533849171,45.03853476476169,5.024803486176939,45.03948835140005,Les Arcs
5.2843547637994215,45.12129017173238,5.285625235777977,45.12218962822644,La Ferme Blanche
4.896860606130968,44.94738265560222,4.898174705238354,44.94837628818291,Cyrano
4.908651907296701,45.158970508728544,4.910053693469797,45.15987499126845,Saint-Barthélemy-de-Vals - Ferme Terrot
5.193034231921991,45.089766799743245,5.194305666335173,45.09066320006414,Carrefour le Reynaud
4.828779414077679,44.93734512850437,4.830046185586723,44.93824487145644,TAD Ferraton 1
5.251375289150688,45.07258015761027,5.2526447104337395,45.07347964234873,Les Charbonnots
4.882540042981469,44.95241423732618,4.884165359635559,44.953324289042875,Pavillon
5.049645679401093,45.05702862910298,5.051765651510756,45.05812040101665,J. Moulin
4.8465744660571115,44.95791324101608,4.847970049917626,44.9590275446121,Lavandes
5.086376373420474,45.010725154957775,5.0879976757551475,45.01191627397557,Chatuzange - Charlieu
5.090584196253703,45.00140036692345,5.0919019066193485,45.002285932966664,Chatuzange Stade
4.862061554482827,44.937436827445225,4.8635075150585365,44.93851586263073,Tremolet
4.982270617106569,44.89797921804011,4.983639937877158,44.89893986867952,Crozat
5.026187814430199,45.019637976219315,5.027489282136476,45.020516323539965,Portes du Vercors
4.874957742680959,44.91279954883902,4.8762516549287716,44.91369835074929,Tennis
5.06276899942778,45.044665063686224,5.0649418082140185,45.04581984165157,Gambetta
4.895876503424614,44.97213982279767,4.897711754119939,44.97316376926375,Chanalets
4.8804030959141675,44.90638622163187,4.884087146875923,44.90859745479053,Victor Hugo
4.8987394526647385,44.95410274123366,4.899965949841031,44.95502225826704,Lycée des Trois Sources
4.9223280097067965,44.941356327283344,4.923765715178339,44.94256734235649,Poincaré
4.884266800125927,44.97038619569264,4.885725228319008,44.97140548956575,Bourg-lès-Valence - Les Jonquettes
5.248556602897833,45.05940199016927,5.2499557543735,45.060525404226006,Saint-Nazaire-en-Royans - Village
4.882945203809224,44.91439620701546,4.8843644362882,44.91571425192492,Lafayette
5.165123595445273,44.999544842769744,5.166372107366841,45.000444357033786,Beauregard-Baret - Les Picards
5.026423067417778,44.97553922955011,5.027959761900866,44.976525583376926,Alixan - La Poste
4.8878252248955825,44.94645613737805,4.889148116431186,44.94748819267993,Parmentier
4.870114182237372,44.874128996017795,4.8713567197328285,44.875067103626016,Portes - Léger
4.812138762138501,44.92333942323549,4.813405237529164,44.924239176725415,TAD Chêne
4.983836083266044,45.06387113315266,4.985141702012744,45.06489773214223,Saint-Bardoux - Pont du Chalon
4.879370250730655,44.9562109085297,4.880743276060061,44.95749306684426,Fauvettes
4.983006064940968,45.11896108324047,4.984276734692109,45.11986071671971,Collège Pays de l'Herbasse
5.15073430559661,44.97221998330673,5.151977292157467,44.97315481621715,Rochefort-Samson - Place du Village
4.885896768190424,44.90763844465776,4.887300231804563,44.908844752891994,Bois de Murat
5.002761053227796,44.93432302736335,5.0040282448303905,44.93531797197701,Les Poulains
4.914015517397364,44.945296304909675,4.915755881416696,44.946270526311054,Jouvet
5.173993452133242,45.057777005961114,5.175307649349941,45.05869269384941,Eymeux - Résistance Liberté
5.084103180568557,45.05204607935069,5.085545815129679,45.05312882067082,Les Allobroges
4.8625356194484795,44.93023281100415,4.863905378496831,44.93122038897922,Pascal
4.833287258473324,44.969809232205534,4.834554741189748,44.97070896775525,TAD Peupliers
4.8886794911977836,44.91342781914301,4.890089190371126,44.91435371155832,Gataud
5.011029858528354,44.87513919757123,5.013047858326968,44.87648825741135,L'Ossel
5.131225240277049,45.069690171368165,5.132614659009953,45.07066972859303,Le Maniscey
5.200181108835199,45.08680439346382,5.201538889413415,45.087705406499964,Ecole
5.036633262814237,45.146179342405254,5.038066744541856,45.14712372429098,Margès - Village
4.9938425650682845,45.04750801698422,4.995288087364261,45.04857733596867,Granges-les-Beaumont - Lycée Horticole RD532
5.087494020828613,45.05060766074867,5.089495360673551,45.051577791367514,Charcot
5.119841320574267,45.03511123649267,5.122223362180996,45.03623962638272,Chatuzange - Le Martinet
5.031088789813458,45.0844306845786,5.032642214174173,45.085417639160156,Peyrins - Grenouillet
5.123753576431262,44.96609480864173,5.125087129159138,44.967024779873725,Bésayes - Les Taureaux
5.038947186172186,45.04965162550501,5.042203265007279,45.05096900102488,Lycée du Dauphiné
4.8636191075649675,44.927777811926376,4.864995389238303,44.928684087184585,Lavoisier
4.996303166624035,45.04975366000808,4.997643431773462,45.050653439945414,Lycée Terre d'Horizon
4.841151555818892,45.058511466402905,4.842519646833033,45.05940913356455,Poulenards
4.92130135960934,45.01916813553868,4.922668096988804,45.02013452294498,Beaumont-Monteux - Écoles
5.201325268863144,45.16258924942224,5.2025967307288,45.163488750536956,La Bruyère D.68A
5.093611005573133,45.12035428445696,5.094942593522079,45.121287015386734,Geyssans - Village
4.829080151979117,44.91302851915772,4.830424947708751,44.913980080799824,La Vignasse
5.07436825658613,45.05010889889533,5.075845466580727,45.051027924945075,Schoelcher
4.844267525295946,45.09084254455049,4.845537674363203,45.09174225541026,Crozes-Hermitage - École
4.881420598916334,44.92863181519158,4.883684462394734,44.930661833289825,
4.821463052033859,44.96093162853545,4.822730347631521,44.961831371425404,TAD Les Près
5.267971872853325,45.10719925766334,5.269218024925482,45.10813054189345,Carrefour l'Allière
4.983273992514181,45.053297278121335,4.9845432071199625,45.05419692183884,Nouvelles Granges
4.955323448722119,44.85095672923845,4.956593050874198,44.851929670644644,Beaumont-lès-Valence - Foissonnet
4.896610959793292,44.91522263848715,4.899191484319796,44.91778176558615,Petite Marquise
4.820655639549023,44.90301954358309,4.821968964073813,44.9038980562529,Toulaud - Lotissement
4.9143199692429835,44.93163773881557,4.915839125198659,44.93300828355596,Malossanne
4.869527506596623,44.884699934691376,4.870793093061149,44.88559966526928,TAD Mermoz
4.90728233446552,44.85380097155733,4.908535662533962,44.8546735279083,Beauvallon - Les Corneilles
4.855918459196217,44.930430118917094,4.857138237085819,44.931317880650845,Guilherand - Village
4.957393243594366,45.079573148417246,4.958819927150138,45.08052179902711,Clérieux - Usine
5.2445449722424256,45.07248718822977,5.245814929280785,45.073382711644626,Ecole Gare
4.804522181114793,44.93047112190754,4.805788818554158,44.93137087805341,TAD Combette
4.885101450354097,44.886601282725074,4.886502906360591,44.88761307558985,Cité de l'Escalade
4.862521424604613,45.05811803597244,4.864479708183281,45.05947100201558,Tain-l'Hermitage - La Mule Blanche
4.888618420810988,44.94392311462023,4.890206709399968,44.944907485282215,Gay-Lussac
5.033824494117736,45.0355302789747,5.0354710276620205,45.03731042150707,Allende
5.199462047820468,45.182382250423856,5.200733951771439,45.18328174953533,Belan
5.307120987082712,45.098367144215196,5.308717841322963,45.099763239631194,Les Barillats
4.863223887975017,44.93258641889782,4.864703403879538,44.9335358456155,Rostand
4.8494427703362595,45.05611677795593,4.850921727023763,45.05707252113829,Girondes
4.8929117780124,44.961217696317995,4.894579344218343,44.96236268904705,Paré
5.094974696188997,44.8988890163152,5.096393734524975,44.89989357127575,Châteaudouble - Village
5.2386149441333405,45.15726516037026,5.239886255451807,45.15816463958877,Maladière
4.8885865191136295,44.89604158240727,4.890071837989745,44.897672078985856,Route de Beauvallon
4.866202821954857,45.06476764807821,4.867472377700659,45.06566735188246,Avenue des lots/La Teppe
4.896319474393609,44.928378129538,4.897586525703097,44.929302670425386,Berthelot
5.249711779589314,45.075511936504704,5.251008017836169,45.076397863319485,Les Charbonnots RD21
5.071501967357531,45.040616501686685,5.072770832260597,45.04151609827312,Saint-Ruf
4.9128379783729255,45.153640987746115,4.914262206623663,45.15524899355482,Saint-Barthélemy-de-Vals - Le Pilon
4.945311540134656,44.97442967977053,4.946670287696844,44.975329291052894,Hauts de Surel
5.268169413449809,45.085620438107526,5.269520384674799,45.08654956150606,Les Mouraux
4.87383711352149,44.93162101364077,4.875326017644232,44.93263444684707,Guilherand Centre
5.223000956614004,45.09943563048528,5.224228945851843,45.100344169103536,Le Grand Fayet
5.076596742781742,44.96434200579474,5.078796448506774,44.96538563623309,Bésayes - Baraban
4.835275946249524,45.01633043638566,4.836544453412453,45.01723016357516,
4.949393204608327,44.914231759441556,4.950676492271278,44.91516734036127,Guimand
4.982449549194939,45.04989378418561,4.984585584118686,45.05090867972679,Granges-les-Beaumont - Village
5.040963172564048,45.04759687034591,5.042245321295863,45.04861437930826,Petite Martinette
5.268983200952585,45.152103236708086,5.270409960807537,45.15313018516138,Les Combes
4.858065716505522,44.94052386637323,4.859608945787158,44.941853843010286,Pôle 2000
5.146193031796134,45.014762221515426,5.147400371065262,45.015647877996315,Beauregard-Baret - Pigerenton
4.867309126097809,45.02825371579922,4.86867637783675,45.029243676460496,La Roche-de-Glun - Les Pialoux
4.801249686079263,44.94810612249176,4.802516713590018,44.9490058774692,TAD Boye
5.254846666925512,45.12785998765094,5.256143328985356,45.128729912031005,Le Donger
5.026191453766624,44.97315275842371,5.027744249859008,44.97429574162105,Alixan - MJC
4.815334254968837,45.075253884901684,4.816866943239048,45.07633011504725,Centre Commercial
5.0720123815546945,45.0446216533014,5.073469472755537,45.0455346814387,11 Novembre 1918
4.908100396067883,44.90942813711143,4.909784442096865,44.91105485199946,La Prat
5.200059251091913,45.037680650468026,5.201294244567991,45.03859864908573,Hostun - Village
4.857337674852156,45.070316433155114,4.858580427275102,45.07125016645221,Tain l'Hermitage - Route de Chantemerle
4.912948958881406,45.0587294692347,4.914201022527201,45.059668296711145,Chanos-Curson - Chanos
5.0875778653156685,45.15474911370909,5.08886243480691,45.15565828625814,Le Chalon Mairie
4.799324707599816,44.93699462113695,4.800591492069988,44.93789437882399,TAD Poutet
5.242632220520912,45.168536862497454,5.243903779063274,45.169436337461555,Chapaize le Haut
4.87175846985612,45.18278630969678,4.873962429382474,45.184048558754775,Saint-Uze - Combe Tourmente
4.876210644035788,44.87440557334829,4.878062125268245,44.87627517136338,Mairie de Portes
5.063357952294516,45.03048379652123,5.065697843384113,45.03160442491224,Delibes
4.84986027367049,44.96909407558392,4.851320020282738,44.97006283113165,Pied la Vigne
4.980720834847987,44.80843131131224,4.982276561992256,44.809578229351885,Upie - Ancienne Gare
4.875974857025985,44.9653809255073,4.877432923246478,44.966390430074625,Nobel
4.843628853079832,45.06798600665937,4.844908271532506,45.069034693061184,Tain-l'Hermitage - Chocolaterie
5.2014465325782915,45.16585614971714,5.202718067013567,45.16675565024203,Font Froide
5.017527425300003,44.96088878022603,5.018794574329426,44.961788419734035,Fianceyon
5.339914109096481,45.04677955285195,5.341245798283688,45.047751051148516,Sainte-Eulalie-en-Royans - Village
4.811798977574015,45.06740690826293,4.813146318079727,45.06842189160407,Lycée Marius Bouvier
4.832886866694985,44.93400578842993,4.8343880220767215,44.93506892951786,Verger
4.889369595814113,45.17393023266008,4.890743483246653,45.17494032295573,Saint-Barthélemy-de-Vals - Villeneuve
5.04241938493348,45.0466874891787,5.0439923082050555,45.04784233738809,Duchesne
5.063617645733453,45.05001747526301,5.064892825890973,45.05098495643447,Coalville
4.832165073221244,44.93223867689338,4.833733827328317,44.933717835415266,Perdriolles
5.125209500729499,45.08820115018657,5.127079451072797,45.08938831568884,Châtillon - Cimetière
5.2999366066885685,45.063130120298595,5.3013340854445055,45.064086303974044,Auberives-en-Royans - Le Village
4.911671405993748,44.94229031386178,4.913640211161515,44.94328889864169,Chamberlière
4.969377421246761,45.19622968629398,4.970727060746583,45.197215099207334,Saint-Avit - Le Village
4.874312974906153,44.928284733995916,4.875673601305881,44.929177226728555,Provence
5.085525533785957,45.08496933467695,5.086855695219374,45.08605643473067,Génissieux - Centre Bourg
4.844499916946998,45.0102228382338,4.845768282713381,45.01112256172695,
4.833748007697057,45.06681862542439,4.835104194016683,45.067792874557675,Passerelle Marc Seguin
4.9401969022660115,44.84859383686069,4.941841222091217,44.849662204036065,Colombes
5.309357322364168,45.031801259248134,5.311356208800176,45.03325288065643,Saint-Laurent-en-Royans - Les Chaux
5.297611949254758,45.08932359068333,5.300074336642228,45.09100105761975,Croisée Saint-Just
5.186430909940403,45.105004495532384,5.187789088307207,45.10590550443139,Montena la Croix
4.998739366082094,44.88036630708818,5.000083094631638,44.881309955698526,Plan du Moulin
5.270084759911316,45.06477321656472,5.273065025771011,45.06649385635928,Clarivaux
4.889816312656278,44.938063054105946,4.8911622849466765,44.9389599458161,Barthelon
4.84449179951861,44.95247658055213,4.845939087820153,44.95343178490942,Gai Soleil
4.817546785073298,45.0982794515813,4.818973714524125,45.09954794744452,Lemps - Giratoire
5.255430743334599,45.175975867038524,5.256702456247077,45.17687533292042,Le Bois
4.973123673861675,45.059088121808834,4.974487325149872,45.06003627796701,Clérieux - Les Greniers
4.893191849555545,44.9446348614697,4.894497533622158,44.94561519533171,Passerelle
4.835862147935206,44.970849132936664,4.837129651727378,44.97174886702413,TAD Les Eygas
5.192034835759698,45.08662421680664,5.193315160971108,45.08755568296677,Gare
5.217703946432947,45.11431668941663,5.218975951822616,45.11521311039063,Les Terras
5.038677267191225,45.05130314036367,5.040173312736076,45.052216419908966,Montmartel
4.904555940733941,44.92605662387913,4.906969485747012,44.92780508367521,Jean Jaurès
4.880935241600081,44.87429251647247,4.882497958849133,44.87525660017533,Aragon
4.887443220424663,44.948892657566866,4.888704581604243,44.94993551830328,Val d'Or
5.0675690295921205,44.89608758264396,5.068898471213758,44.89703621732594,Les Peris
4.988309888152978,44.9386487048716,4.9896940094767555,44.939551595102486,Petit Bois
5.19943621321803,45.16751934924113,5.200707786374168,45.168418850718105,Carpe Diem
5.022795129373925,45.02420258669382,5.0240636702534465,45.02510221326621,Beauregard
5.065883298944403,45.073719402707525,5.067152900674171,45.074618997252294,Tancoa
4.961226143805333,44.95723876455306,4.962493255834476,44.958138435407214,Rousset
5.107723689366182,45.026435638761306,5.108973556244131,45.02738037384619,Chatuzange - Centre Aéré
5.04034167714601,45.02265451345573,5.041707394143366,45.02379820736937,Baron
4.897642316254423,44.92901074595887,4.898912683481392,44.92997705399923,Villard
4.903665735736307,44.91105162629211,4.9054831000322885,44.912013173225745,Utrillo
4.880744165335254,44.90903389430745,4.882112256974115,44.90997006812725,Mallarmé
5.199362308344115,45.087673683321846,5.200847696857757,45.08859631682096,L'Olivier Bourg
4.907963264852903,44.92622854794724,4.909229734797172,44.92712825201326,Grand Charran
4.92438475127755,45.05644444014214,4.9256705879129585,45.05747772896525,Chanos-Curson - Curson
4.9039494290877474,44.94225949374094,4.905550563496376,44.9433038712005,Amandiers
4.8772000570466325,44.938220541703366,4.878592232912222,44.93917789567588,Magnolias
5.209028966231753,45.04746031231882,5.210472797179282,45.04841263969294,Hostun - Les Guerbys
4.87302714645897,44.93320675397988,4.874419987190439,44.93464359601675,Beaulieu
5.207998670091741,45.150020041521195,5.21074796933151,45.15097950570186,Hameau des Routes-La Pinède
4.8181048428033595,45.09364732311907,4.819431236243416,45.09644417671384,Lemps - La Tuillière
5.175272313874142,45.02937171099803,5.176480783089213,45.03025208843251,Jaillans - Village
5.2108572375699165,45.1099989145758,5.212122763507813,45.11095088526965,Carrefour le Moulin
4.868424608582346,45.00824826658765,4.870374513156083,45.00997155196528,Pont-de-l'Isère - Giratoire Nord
5.059209669355672,45.02428090808181,5.060730990968904,45.0259171787756,Sironi
4.873749255283129,44.88951913615788,4.875014944373795,44.89041886380278,TAD Moloïse
5.210135437590431,45.18678123904743,5.211424463620868,45.18786856085748,Bayet
4.904727741436587,44.94473826841245,4.906075219368622,44.94571927661641,Chavant
5.07221694557333,45.04749373223901,5.073572144803878,45.04843628426355,Mounier
4.829259114995195,45.0403022416295,4.830858485802904,45.04121545840813,Place du Marché
4.892344563291739,44.9467601496998,4.893839731296972,44.947841401690106,Bourg Mairie
5.282215251635407,45.07563600988506,5.283629646224444,45.076574317410675,Saint-Just-de-Claix Ecoles
5.0489861180921585,45.04518999189618,5.051075586050855,45.04632804574443,Sémard
5.283704900693709,45.15023315039608,5.285047371573806,45.151617318217745,La Poipe
5.25180959733235,45.16199106481233,5.253081002250266,45.16289053514664,Chapaize le Bas
4.961838063622665,44.975022074762386,4.963305018952572,44.9759399430538,Ponsoyes
4.897237851973387,44.91217722502358,4.900643023971197,44.91380890724497,Mandrin
4.882546229313508,44.933637250002626,4.88404739300078,44.934667256257285,Bords du Rhône
4.952783105242392,44.96799470645086,4.954398959549782,44.96907808451084,Monts du Matin
5.048872663491364,44.91047537147462,5.050217847431624,44.91150416677665,Les Faucons
4.790339668541346,45.06952526476431,4.791887634921257,45.07065843527186,Croisement Givat
5.159560053819857,45.04841791419892,5.1617144531270664,45.04951131422389,Eymeux - L'Écancière
5.290909393667769,45.08225201036488,5.292438787117015,45.08358007322798,Les Garennes
5.209304899933101,45.106070147371106,5.210575099658439,45.106969652588084,Les Sablières
5.058420650272628,45.05065123699483,5.059866325019177,45.05155624111556,A. Rodin
5.046504259683419,45.044950601539696,5.047957731890211,45.046046739459634,Cours Didier
5.21679057940081,45.124894417821764,5.218149418857959,45.125795482142735,Tremole
4.931666789906975,44.97020825767572,4.9329342097380415,44.97110794228469,TAD Dony
5.047473758724553,45.047900375225574,5.052305813021576,45.04959611003029,Romans Gare
4.924207382951405,44.92124767704206,4.92570427987476,44.92227922189399,Roberval
4.880425685879275,44.95384890379007,4.882005322563126,44.955224163585555,Chabanneries
4.884601970176032,44.91643131227648,4.886012332903204,44.917699672683256,Franklin
4.824853234819907,44.93533212735996,4.826119964845247,44.9362318726009,TAD Chamblard
4.91886596015325,44.92934152970484,4.92107733549212,44.93032177107146,Verdi
4.899990988834162,44.858002195579814,4.901657363782944,44.85963005132147,Beauvallon - Village
4.906179171651326,44.95270764160933,4.908458836751754,44.95382565987448,Turgot
5.309012350433904,45.07800328958439,5.310689421002918,45.07907560831437,Tunnel de Bluvinaye
4.8501274218491375,44.88267282957487,4.85139297781221,44.8835725703859,Le Vivier
5.059038154025624,45.0271976398071,5.060369981298337,45.028260692206736,Bois des Naix
5.326177045607564,45.116347254026905,5.3279611974054655,45.11741615712712,4 Routes
4.856340778640805,44.92613217192527,4.857805739979633,44.92708858830368,Beaucaire
4.874167329044697,44.935035210746605,4.875508407458567,44.93598616252287,Faucon
4.838435822353627,44.93690373090165,4.839702577309014,44.93780346905916,TAD Cerisiers
4.948306040201023,45.052617368536495,4.949856694474969,45.0535380599353,Clérieux - Pont de l'Herbasse
4.9757756377691775,44.88541919182465,4.9775284373186865,44.88682012733894,Les Véores
4.9492482291430155,45.01260326571417,4.950516570498074,45.0135029342462,L'Ardoise
4.983060183191614,45.12309959906371,4.984452259400425,45.12407072246573,Saint-Donat-sur-l'Herbasse - Place Jean Jaurès
4.8433792470510335,44.949852008824834,4.84481396727391,44.95076292062229,Beaumartel
4.883289606005394,44.86804209960311,4.884570681800591,44.86912964294448,Résistance
5.065664944374188,45.03493795880343,5.066996261311516,45.03586333413916,Moutet
4.903051255867838,44.85765197045746,4.904674424971783,44.85881108979511,Beauvallon - Le Lac
5.335895979054852,45.083360732464435,5.337904019402747,45.084289067830944,La Guibaudière-Cimetière
5.076334803890633,44.95316123529134,5.077571792637754,44.95401976430949,Charpey - Les Presles
5.216635171360578,45.202850792773035,5.218869094629117,45.204164835524054,Village Point Propre
4.882069111695677,44.95771442674756,4.883791517416279,44.95879008217421,Bourg Centre Commercial
4.9200771116923585,44.94128934871109,4.921642190069857,44.94275789736827,Becquerel
4.878770536157512,44.90596353416612,4.880380437412096,44.906989450480715,Chantecouriol
4.904655398805201,44.957076826647544,4.906172275967227,44.95802355244347,Vorgine
5.095880516535035,45.05284897506713,5.097642522708381,45.05380715241732,Papin
4.8362670675729635,44.93215429890768,4.837509129170739,44.93301770073716,Saint-Péray Ployes
5.090881181927998,44.938389340396995,5.092173654596274,44.93926638073651,Charpey - Village
5.239244678819917,45.097564158319166,5.240805124694838,45.09849574188512,Garage Flandrin
4.907256984807936,44.913403403529514,4.908840497830946,44.914367656823046,Hopital Est
5.139544765562366,45.218862564803295,5.1410167734167365,45.21983932668006,Montrigaud - La Reilla
5.073287533266016,45.05702393364348,5.074689364805461,45.0580285663538,Route de Chatillon
4.930982160281955,44.93834158046111,4.932309924503025,44.93939359196563,Roland Garros
4.94914428122147,44.90851110182652,4.9510294091119,44.90988880036753,La Ruelle
4.866377150972339,44.89990361458616,4.867883294329889,44.90094773600141,Baldi
5.058668068829631,45.19655559299686,5.060026872556575,45.19764576422624,Montchenu - Le Poulet
4.856584527930559,44.94348232223208,4.857886032006045,44.94458892874661,Maladière
5.07626554418083,44.873991943904976,5.077590254924162,44.87489275606485,Combovin - Village
5.287449851764451,45.09398574590026,5.28918542856089,45.09498041071171,Les Sagnes (St-Just-de-Claix)
5.048967487782595,45.028902894383975,5.050236111839883,45.02980250557593,Cimetière Bourg-de-Péage
5.063692443948954,44.998498699125115,5.064958256695341,44.99943180080592,Chatuzange - Carcaille
4.860758859281287,44.92721276735431,4.862208540583015,44.928216532495924,Savines
4.969400069372961,44.9733657680348,4.970667530265082,44.97426543192544,TAD Mirabeaux
4.81860349116162,45.12014754041195,4.819874308501808,45.121047259548924,
4.88849008126566,45.07362130915464,4.889964250063222,45.07459028222219,Mercurol - La Chapelle
5.085572662627962,45.05038328338709,5.086894537271719,45.051349415692165,Déportation
4.846257333110126,45.00881503856793,4.84752566654995,45.00971476139281,
4.896236077706459,44.92358839618335,4.897794980415375,44.92465970399124,Colomb
4.951068215042223,44.9123589791568,4.9524842972924565,44.91330450840929,Z.A. du Guimand
4.910254650924733,44.94471725711582,4.911863023992821,44.94587628959235,Signoret
5.309483363348381,45.126946475928314,5.310796434117884,45.127893423965894,Bas Gervan
4.983490252527526,45.00260167417166,4.984758347107439,45.00350132578852,Parc du 45e Parallèle
5.0412866107778385,45.03564731796638,5.042638783133642,45.03675522436674,Belvédère
5.232519839801295,45.164249345353056,5.234053384768428,45.16533230168654,Cizieres Bas
4.953948240164164,44.9727525118449,4.955478467591679,44.97380104899234,St-Marcel - Chapelle
4.904357405660444,44.92990379287588,4.905581390578446,44.93079690670158,Mirabeau
5.201504677924889,45.12578014656663,5.202775321667716,45.126679653392564,Bois Rousset
5.247223309928246,45.0994646411073,5.248617337951135,45.10047417218044,
4.928770494340297,44.91354997080321,4.930093102332503,44.91443532901529,Centre Pénitentiaire
4.909955258243492,44.93586223913815,4.91203944188802,44.937183319923236,Cimetière
4.864191034263877,44.892374049165554,4.865558073309601,44.89356471885082,Motte
5.340236324540735,45.098041164417864,5.341613573518348,45.09902873557047,Monteux
4.844357730211594,45.05646138956914,4.845773368562583,45.057367310447965,École Les Luettes
5.217686114215804,45.08488083967107,5.219033785529765,45.08582896022676,Hameau les Gamonds
4.951251734223045,44.965689283649326,4.952906193947241,44.967047606863616,Étrau
4.808105547137664,44.93367642305013,4.809372252530581,44.93457617691077,TAD Fauterie
4.82149364570467,45.07244896096653,4.822942003303156,45.07362858247244,L'Octroi
4.794637507244311,45.065507927579276,4.796701197906209,45.06652567321621,Les Sables
4.8925572983567225,44.947837483868916,4.894083312130933,44.94886589445982,Île Adam
5.071174475109707,44.88696933754212,5.072439825498783,44.88792066237029,Le Bayle
4.883194627756609,44.92117254783731,4.88460529762174,44.92232396423607,Trinitaires
5.0694241626754595,45.17304478825124,5.0707693394633475,45.17396061136116,Crépol - Village
4.913910162394623,44.91178070034841,4.9152562373746305,44.912780974034796,Grand Rousset
4.902597288558485,44.92749566193701,4.904219144594083,44.92905747136051,Gardon
4.883543455247907,44.900682156841704,4.884949004688664,44.90199021651891,Pont des Anglais
5.312480848657527,45.10368951120751,5.314127222089693,45.10512246133511,Calais
4.887133332750646,44.95028522698863,4.888461927342003,44.95138802143417,Jean Bart
4.83662173132944,45.05874097764423,4.839013973349994,45.0601962574685,8 mai 1945
5.263585155301941,45.078904283920124,5.2648648414116295,45.07983561584989,Le Creux
4.832518181789575,45.01816879149111,4.8341620233977745,45.01993850709015,Passage à Niveau
5.002915350774097,45.111585815113436,5.004363965932697,45.11252491361729,Saint-Donat-sur-l'Herbasse - Grande Plaine
4.814145722158128,44.945235825467,4.815412677508837,44.94613557449386,TAD Buissonnet
4.9844307485808566,45.030170176607854,4.985699451053464,45.03106982335234,La Vanelle
5.322734653756051,45.123740284067615,5.324005145814219,45.12463971589102,Barrage de Beauvoir
4.873886162473482,45.06830396410677,4.877682256202522,45.070308018484056,Mercurol - Le Chenêt
4.8493033099808,44.94595903611452,4.85156163109431,44.94884674785033,Beylesse
5.042543134686977,45.08771159722866,5.043813064935654,45.08861120273128,Condillac
5.146001768563362,45.15321027120954,5.147680333636079,45.15415628876545,Montmirail - Village
4.982043856135665,44.994553137776215,4.98336914684823,44.995439662118315,45ème Parallèle
5.250285083356828,45.08918014335556,5.251574822104603,45.09060975655613,La Plaine D21
5.059286292262859,45.03390669141868,5.06065580899791,45.03488520855664,De Gaulle
5.13253107384961,44.958176712245276,5.134110285114119,44.95932561217228,Barbières - Allée des Tisseurs
4.808834844777905,45.069894634004086,4.810104554888105,45.070794365956786,Chemin du Marquis
4.807262514516461,45.110188686130485,4.80864808553388,45.111160713756156,Vion - RD86
5.306856612012216,45.083636725367214,5.308237806412248,45.084808768124184,Bluvinaye
5.057552411912298,45.067431200115024,5.059136189457917,45.06834999997183,Maison de Retraite
5.321104757018455,45.123380183519394,5.322375242552123,45.12427961643922,Beauvoir-Barrage
5.047785242860805,45.05291533996229,5.049166983298652,45.05390242721051,Boulodrome
5.3333671268051335,45.10857408626823,5.3346372727634765,45.10947351369037,
4.867106718499236,45.171288228149436,4.868346579125161,45.17220037143903,Saint-Barthélemy-de-Vals - Les Sables
4.94856433369731,44.97528930596965,4.949824645044475,44.97623909400992,Cévennes
5.209505032531893,45.085090145773314,5.210774767060006,45.08598965418588,Hameau la Rivière
4.90916679193763,44.91185398783924,4.9105427556285015,44.91302190564779,Plaine
4.878511145886864,44.93192543330827,4.880180696726661,44.93372476899897,Sadi Carnot
5.009676480149927,44.820464691643394,5.010984024780728,44.82188520823211,La Baume-Cornillane - Les Batailles
4.8773122914151035,44.87255699500217,4.87863723975811,44.8734602367956,Zola
5.121480199003871,45.14474709828965,5.1228275639136625,45.14565968596812,Saint-Michel - Place Val Fontaine
4.92753005674704,44.93002831050227,4.9288707795547895,44.93135581711614,Rossini
4.87558840676161,44.931501728754036,4.8770718264730935,44.93248217376096,Clemenceau
4.805721643408644,45.06639925421647,4.807413352530454,45.067351546159614,Croisement Le Cornilhac
4.899395433212369,44.95085600475106,4.901324224969371,44.953142835991954,Rhône-Alpes
4.888479673963091,44.9332811548213,4.891619005971372,44.93604393035221,Basse Ville
4.904548758456756,45.160388148159676,4.905849938196215,45.16133825165829,Saint-Barthélemy-de-Vals - Les Loches
5.055407006984171,45.03614665252226,5.056788893726447,45.037126147421034,Espace Mossant
5.215274456627238,45.1510927257873,5.216956062651661,45.15203634581552,Le Mas des Routes
4.95908318898858,44.903720788697136,4.960453250966271,44.90470496581534,Roche Colombe
4.869360958037248,44.90332545943812,4.87120376634731,44.904322575125775,Pont des Lones
4.830478842310481,45.03241605370011,4.8319256757687565,45.03504504598565,Les Condamines
4.909530236751338,44.93982472530668,4.911119846314023,44.940793383228964,Dame Blanche
4.898371371789078,44.95010595044172,4.89982447470463,44.951024853369866,Temple
5.221038679117735,45.144540203159885,5.222391322443639,45.14546969657478,La Planta
4.865629970853972,45.17194583968758,4.866918724538455,45.17291776001303,Saint-Barthélemy-de-Vals - Les Peupliers
4.9961277078870125,44.89914050721186,4.997762001279969,44.900045539062724,Maltras
5.2561904772757195,45.154512712283186,5.257589121116942,45.15555885426515,Cabaret Neuf
5.0467268336045805,45.047378713320846,5.048117042232674,45.04855240616575,Lycée Bouvet
4.824661213015623,44.937309427468215,4.8259279866495355,44.93820917249266,TAD Ferraton 2
4.948800885512668,44.95302126088296,4.950067914129492,44.95392093907738,TAD Michaud
4.957919004937463,45.07348292651218,4.959363252351877,45.074506045288544,Clérieux - Ancienne Gare
4.7944791261752115,44.953337221233376,4.795746273495233,44.95423697872757,TAD Putier
5.0751497671469314,45.04076810273744,5.0764186324705225,45.04166769722236,Lecomte de l'Isle
5.0420168813503965,45.09250629746014,5.043286918272245,45.093405902499796,Le Truchet
5.021452968733794,44.871817697482825,5.022837431324808,44.87278700241881,Montvendre - Village
5.055033358384414,45.056132028880455,5.056430754132612,45.057069360484164,Jodelle
5.136273592484539,45.064891941418566,5.137561703801021,45.06576325828022,Saint-Paul - Ecole
5.281161812808481,45.162312429763496,5.282902052573893,45.1635585382761,Les Grands Pains
5.0669119393086826,45.033901122194074,5.068242095008163,45.03489676664214,R. Schuman
5.081420423132718,44.89436688179364,5.08272677838179,44.89526211815706,Trompette
5.279042297116662,45.14374817972795,5.280389490881773,45.14468721047304,St-Just
4.8765938139872835,44.89829760815452,4.877887188063664,44.89919819156262,Village de Chaffit
4.841931578882673,45.0605578851563,4.843402119630795,45.06159551480881,Avenue Bel Horizon
5.068753248118567,45.04604057422107,5.070848785607449,45.04737563104491,Mistral
5.040911804456605,45.0903816969823,5.042181795166277,45.09128130297764,Pied de Peyrins
5.239774574871643,45.12754015837715,5.241045224713865,45.12843964158188,La Plaine
4.902793382398979,44.93323498419813,4.904315596322716,44.934337924530084,Latour Maubourg
5.279395810114562,45.123802340787584,5.2806639914725375,45.124787658805,La Gare
5.17625571940773,44.99788865909854,5.17761288260392,44.998787640879776,Beauregard-Baret - Les Reynauds
4.963256737633869,44.893795868261996,4.964519714070177,44.89476096762423,Bel Air
4.900024201235037,44.96093596907212,4.901621229333117,44.96201397574737,Cimetière de Talavard
4.866703402641967,45.03623373910234,4.8681208448482005,45.03766265647617,La Roche-de-Glun - Les Chassis
5.326539024349346,45.114319293191755,5.327901782576447,45.11532864974567,Saint-Romans - Le Village
4.898750375195191,44.914161775285315,4.900205968603718,44.91552957951834,Condorcet
4.79656604203909,44.942870020920296,4.79783295763113,44.943769779040665,TAD Fournier
4.9042681724234924,44.94963887044879,4.90611537971395,44.95070346906256,Lautrec
4.86879051461385,44.89320297561694,4.870659114449344,44.894201826087446,Frachon
4.820013704667516,45.118975540671656,4.821284494995666,45.11987525928918,
4.932138938224148,44.96583605745528,4.933406261420852,44.96673574250514,TAD Conflans
4.876583172281242,44.86753074404819,4.877975833119719,44.86853590062721,Thorez
4.909061327542766,44.90663922768434,4.910548842642747,44.90829592986593,Centre de Rééducation
5.254202311642607,45.142804664036035,5.255473287939939,45.14370413592291,Girardière
4.889601102397374,44.92808161608453,4.890956792686223,44.928983726533865,Briand
4.927246136761771,44.94986493029206,4.9285968630662875,44.950765069686355,Couleures Sud
5.296600535554987,45.038834894075606,5.297974565038239,45.039808305865485,Saint-Thomas-en-Royans - La Limonière
5.0703047080914425,45.04944682166165,5.071760002153875,45.05041947111891,Daru
4.84008842782729,44.92736043056445,4.841354971835197,44.92826016939631,TAD Ployes Haut
4.81834157253457,44.95896922759993,4.81960882713141,44.95986897236095,TAD Plaines
4.873902896167891,44.965269227128324,4.87839987911077,44.96815147188131,Bourg - Marcerolles
4.878368313604516,44.88442732136934,4.879873854150534,44.885329060443546,Aurores
5.050437092363152,45.06933763863047,5.0517888654053005,45.07048573773518,Mours-Saint-Eusèbe - Gpe Scol. J. Vicat
4.943833832830774,44.966724160638634,4.945101166812067,44.967623839321725,TAD Liberté
4.8754193219530775,44.92959257561692,4.877195837758632,44.93142368299129,Tournesols
4.946995911177002,44.85662022612604,4.948393079792566,44.8579131133071,Beaumont-lès-Valence - Les Mottes
5.308321181590006,45.071985586369024,5.309528815352594,45.07285431312547,Hameau de Veyrand
5.080714768152485,45.01547268509689,5.082600715128081,45.016663715216104,Chatuzange - Chanterelles
5.1060349036960435,44.912795798389915,5.107321397088297,44.91370610154249,Peyrus - Ecole
4.896899875806055,44.97427122991249,4.898261544262684,44.975279532447246,Armailler
5.058797016620217,45.071866900553836,5.060066582999694,45.07276649940602,Mondrions
4.908301266567983,44.956157486171044,4.909877645101297,44.95717834650303,Bellevue
4.879206384726657,44.86622873272403,4.880793322315981,44.86787090438539,Collège Jean Macé
5.051789117417169,45.06320827265384,5.053881995027679,45.06569971769163,Cèdres
5.193624839008657,45.110960143016875,5.194895160585684,45.111859656942386,Chemin Maguière
5.066256372952259,45.03035061698711,5.06771070125192,45.0314212918764,La Fontaine
4.877711231325961,44.91403424494378,4.879516627351426,44.91568086906391,Marcel Paul
5.045340068454013,45.13012551348982,5.046724754895287,45.13137324541334,Margès - Les Sables
5.035091511015174,45.03328479832779,5.036784078015305,45.034701839765674,Zadar
5.10663337295224,45.12378473789508,5.107964624975409,45.1247021617139,Saint-Michel - Les Bessauds
5.33079214235553,45.0829092646201,5.3321478540961555,45.083800535240464,La Croix du Beau Geai
5.067242668708377,45.04033980045422,5.068511530910536,45.04123939950561,F. Chirat
5.282690442941736,45.14163094328714,5.2845339228137975,45.143574931634696,Chatte Ecoles
4.998981344861755,44.995675253195415,5.000384836049304,44.99659055754294,Les Marlhes
5.101765880295048,44.98848503773433,5.103571919495891,44.99016913710109,Marches Gare
5.025126619082715,44.97080708312005,5.0263939805451505,44.97170671683997,Alixan Stade
5.2317945365508,45.13068015617506,5.23306526303612,45.131579643784015,Les Sables
4.896101071501829,44.92615478632973,4.897467527347768,44.92705781365914,Voltaire
4.8365837942970895,45.07099380404469,4.8378525063367315,45.07193819587223,Tain-l'Hermitage - Place du Taurobole
4.866030220023239,45.04810373448819,4.8674893239288,45.04914558929166,Mercurol - Les Chassis
5.2796787303305655,45.10011796413929,5.282032532588739,45.102257472714186,Propriété Viennoise
5.062326095851911,45.034307381305844,5.063695806480687,45.03536966050709,Jean Bouin
5.285875989903244,45.05389006601698,5.287994868607687,45.0551589860296,Saint-Thomas-en-Royans - Malleval
5.084785711419138,45.04669717639691,5.08611026984938,45.04769785383232,Marie Curie
4.88718464198093,44.95941153424448,4.888556384521364,44.96049433475541,Le Long
4.900078652856384,44.90567793047487,4.901790451741799,44.90674534491205,Méchain
4.919444746205522,44.92489118820677,4.920892648218211,44.925805587511746,Méliès
4.931627109784208,44.96840175752234,4.932894489860844,44.96930144243806,TAD Robins
4.981854037418437,45.12551014320061,4.984237044252702,45.12744385765608,Voyages Bertolami
4.944974929446154,44.90466605043135,4.946790914985679,44.90629642674826,Rue des Ecoles
5.027706164619247,45.033656000620695,5.02898611107384,45.03463733521561,Coquillards
5.197691598815512,45.142359500186195,5.198938203167891,45.14329039949281,Croix Rouge
4.977177226711272,44.988425610964896,4.978483038075739,44.98945122402912,Rovaltain
5.087910209709654,45.05547350754822,5.08917938990519,45.056373092411555,Les Chasses
4.931149957091037,44.92257779585242,4.932820620286678,44.92381307771539,Valence - La Bayot
4.890271998063752,44.92246497815916,4.891733335398387,44.923766954578056,Cécile
5.218934411497729,45.1414401530953,5.220205388091359,45.14233964686383,Emperey
4.97198653581319,44.8331439088452,4.97425683598349,44.83409460713848,Montmeyran - Place Dejours
4.958776145191152,44.89932277112864,4.961257287672465,44.901504431319125,Buzatte
5.0089790961128475,45.08097668735749,5.010248903516089,45.0818763126026,Fontanille
4.876270305600446,44.914904529018756,4.877543796933991,44.91582507085453,Port
4.841198863735903,44.9430204357725,4.8425531382492455,44.943919464201606,Saint-Péray - Mairie
5.056365847112373,45.04922657840504,5.058172122950193,45.05041312279644,Lacoste
5.315245017421018,45.07609999358245,5.316514982436705,45.07708990637831,Ferme Guerin
4.814758611693896,45.08301796887262,4.816299089480688,45.084091230954485,Place
5.107877822343401,44.98152807371573,5.109279238853583,44.982690718660635,Marches - Le Gué
5.033212826514551,45.02483198964539,5.034481373110894,45.02573161031458,Cassiopée
5.155762970388773,44.97930586174157,5.15704250795072,44.98029625708396,Rochefort-Samson - L'Etrat
4.869252063424183,44.92461528262668,4.8705302051238,44.92561299774933,Combes
4.757704925493383,44.93789111019926,4.759862260298895,44.9388656829065,Leyrisse
4.966571891742105,45.18067848924925,4.967876622049635,45.18163141293812,Ratières - Village
4.877022606763937,44.87748191870469,4.878418446657987,44.87842014639217,Doucet
5.01650995066305,45.05824518764201,5.0177792489648905,45.05914481231803,Maison Blanche
4.989549169238232,44.941971500102696,4.990943531916394,44.94292699962787,Grand Bois
4.890630900112838,45.16748325358031,4.892005368767522,45.1684764556865,Saint-Barthélemy-de-Vals - Villeneuve de Vals
4.815625857255375,44.942091625587345,4.816892742411363,44.94299137437352,TAD Gachet
4.929591710457114,44.935620054633546,4.930860589125364,44.93657534533075,Valence le Haut
5.148295765801821,45.11170893878049,5.149602633694138,45.11260916118821,Parnans - Salle Polyvalente
4.8354275680883925,45.0632083451572,4.836799533488251,45.06411075483654,Sacré-Cœur
4.881117291858089,45.0701562007754,4.884253807864616,45.07333597487247,Mercurol - Le Corbeil
4.908565634957333,44.85705285243352,4.910932734847736,44.85809555021554,Vicherolle
4.878415891658576,44.93687623126209,4.879821737453184,44.93813280064564,Grand Duc
5.112746550035408,45.13501870871952,5.114353010086581,45.13611049809571,Saint-Michel - Lacour
5.039317211652759,45.01723073876847,5.040853459750483,45.018154441883624,Centre Aquatique
5.320864856631777,45.11208313655387,5.3223747723306545,45.113153300196515,Les Condamines
5.1167222043389184,45.19559764164457,5.118179672626842,45.19652053563742,Miribel - Chareaudière
4.841142060745622,44.95009827711875,4.842423241938714,44.95098202244622,Collège de Crussol
5.046040584306562,45.04606928986679,5.047437457758583,45.04699487677889,Libération
5.047592481871878,45.03875226469751,5.048847905249314,45.03970733361135,Delay d'Agier
4.9214088564673855,44.92097030745932,4.922931608258122,44.92195445603458,Centre de Tri
5.18390201425369,45.09788636974594,5.185187982525443,45.098763529575734,Les Terrots
5.106462751881344,45.12791307428479,5.10781724772382,45.12881402569848,Geyssan - Desviage
4.841549758587383,44.94445396072916,4.842799244961072,44.94531283897171,Crussol
4.964078637808566,44.966967066091314,4.965345961830563,44.96786673386899,Condamines
5.088542381367628,45.05239866136644,5.089868763161955,45.05339398011951,Centre A.F.P.A
5.089714182739473,45.048980126964594,5.090998887875384,45.05001467890448,Romans Z.I.
5.166248010756669,45.076524875066504,5.1685518607703935,45.07812929617177,La Baudière
5.047824934564823,45.04053009824663,5.049234676047161,45.04147114405798,Place Doumer
4.873174731874749,45.16969154345141,4.87526901728616,45.17064216285759,Saint-Barthélemy-de-Vals - Place de la Forge
4.846542158141802,45.06999253693433,4.848338340369982,45.07091666327473,Jules Nadi/Paul Bourret
4.872574559654251,44.879960135099694,4.873840040003037,44.88085986486097,TAD Ampère
5.246470897200001,45.071325480222406,5.247749099145428,45.07219441945586,Barrière
4.835859896686187,44.9386507303825,4.83716994235699,44.939558720413245,Crozette
4.866032139711807,44.932261779360715,4.867418797253165,44.93325932690625,Claudel
5.277981032265818,45.10764411132259,5.279469584381588,45.108649242090266,Le Bois de Claix D71
5.05468545432256,44.97116800785157,5.055923641919063,44.97207379176743,Bésayes - Les Marais
5.043176334495867,45.04300026406364,5.045016360885957,45.04403213271996,La Presle
4.949840379146378,44.84690105220941,4.951267911404979,44.84791432245696,Périon
4.910050699365755,44.94747570655862,4.9115394088022635,44.94851271173857,Garenne
5.3362342778530225,45.063640801529075,5.3377042664287515,45.06461965464572,Pont-en-Royans - Stade
4.917979447582004,44.94957444157347,4.920125853426898,44.95088385707289,Jardins
4.956877142383443,44.900037979554554,4.958199695640544,44.901083690191086,Malissard - Poste
5.108627042553262,44.912082791686835,5.109922857224393,44.91300300828244,Peyus - Village
4.913038748388021,44.85438293077095,4.914501987585514,44.855293819248814,Beauvallon - Stade
4.976587300900603,45.02516077407811,4.977855898735247,45.02606042588211,
4.940551211510243,44.898251322975824,4.941835591492988,44.89912807646711,Beaumont-lès-Valence - Les Trois Bûches
4.816215460477868,44.923620724273675,4.817481939189049,44.924520475687224,TAD Tourtousse Village
5.019161809272999,45.040834057747446,5.020441442737811,45.04180707537641,Long Séjour
4.82823219017186,44.93950192853751,4.829499009492611,44.94040167142334,TAD Géant
5.016151517279338,45.061250087780344,5.017420882348614,45.062149712179696,Triboulier
4.942518956318899,45.014945976152575,4.9440629711793465,45.015957164270766,Place des Pierres
5.041465595576558,45.05920705690605,5.042738303317391,45.060214743055326,Gloriette
5.054864411268322,45.05046760157208,5.056383926135489,45.05277607666994,Chenier
5.020971280941291,45.036097817412994,5.0225254241075366,45.03707203302658,Yourcenar
5.084219217560983,45.03422844105139,5.085593515781782,45.03513431986262,Chatuparc
5.265678934658274,45.051661239678346,5.266929369108107,45.05258276006713,La Motte-Fanjas - Village
5.08363005429688,45.0000467966406,5.0848455428087185,45.00094020278888,Chatuzange Église
5.06031615544609,45.01718309099288,5.061554841419347,45.01804730846775,Bourg - Le Pit
5.161579505712476,45.14103821443665,5.162897592069339,45.14193118545103,Montliral - Le Thau
4.877606966571843,44.88013424323556,4.879064703249387,44.88144605141378,Dormoy
5.097021159787411,45.032511541563906,5.098445430128987,45.03353792586576,Chatuzange - Quartier Canard
5.080305722959643,45.055461844286896,5.081631728441934,45.056645542156616,Royanne Stade
5.303847126653647,45.077071494710076,5.30517287459842,45.0780184052653,Carrefour Rte de la Blachette
5.058780078191506,45.02924843482665,5.060997287651435,45.03063711791962,Mindelheim
5.032330242336388,45.01430918856697,5.033598557289401,45.01520881139302,Royans
5.136647566939507,45.07065891293892,5.137912234141536,45.07161088690497,Grande Place
5.0415719624037845,45.05269738965239,5.043044804911542,45.05360134062807,Grande Martinette
4.890330584973665,44.91871529022669,4.891684187304544,44.91975385806818,Bérenger
4.93011732394835,44.91249075270071,4.931383475697896,44.91339044725974,
4.85014022969941,45.06622877258065,4.851582952806398,45.06723227563685,Tain-l'Hermitage - Les Pillettes
4.94048603877927,44.95698435897539,4.941753160864349,44.95788404098502,TAD Château de Plovier
4.866141523017481,44.938418544929505,4.867880950150747,44.939652678865635,Gross Umstadt
5.027408597162711,45.04148348562644,5.028792424878779,45.04238661130624,La Paillère
5.098076305928304,45.05737910586582,5.099997082930341,45.05841799999711,St-Vérant - Centre Cial
5.218977028082393,45.17349225867224,5.220252771547516,45.17445764122645,Ecoles Primaires 1 et 2
4.907445730774759,44.919783482282945,4.90879679904024,44.92096292153331,Robinson
4.847444874154153,44.96058322625162,4.848767858862512,44.961501638668025,Salle des Fêtes
5.0770741831822,45.05707185196466,5.0783454168357665,45.05801654799479,Royanne Centre
4.897135726683058,45.110998675614674,4.898556271274221,45.11207546375818,Chantemerle-les-Blés - Mairie
4.964841573145684,44.97730089709222,4.967011861467045,44.97833923601772,Saint-Marcel Mathias
5.186343104738675,45.08526304876836,5.187806698269729,45.086176951314535,Tintonière
5.045748919372678,45.03517264586914,5.047119403816726,45.03615008578724,Grande Rue
5.0796609653355045,45.04967761084277,5.0812135829676555,45.05063589800518,Deprez
4.8919670345387845,44.922427168175695,4.894051180490782,44.92348246391057,Malcontents
4.862529783672714,44.934683075559846,4.86386906097157,44.93582643645684,Gagarine
4.78798878565697,44.94772611919265,4.789255814014746,44.948625880768326,TAD Bellevue
4.9230831624690055,44.93835487436804,4.92445721180182,44.939565162991066,Perrin
4.841165954383886,45.054969640416516,4.843122353513596,45.0564532626784,18 Juin 1940
4.8939770995968574,44.93044184237765,4.895854066814847,44.93223057881006,Pôle Bus
5.026972968372175,45.15642346903006,5.028327662207732,45.15747593079988,Charmes-sur-l'Herbasse - La Griotte
4.967672880707957,44.963194366763524,4.968940118930574,44.96409403319675,Les Petits Eynards
4.795031974511329,44.93077151958506,4.796298625159357,44.931671280375916,TAD Vergomas
4.914786024528197,44.933909974577254,4.916169045584978,44.935425405254165,La Bonnard
5.246172881925999,45.10011095817983,5.247442917658855,45.10101044177917,Le Village
5.181360514946379,45.01839622669775,5.182663482828763,45.01930087292408,Jaillans - Les Vernets
5.269391157336701,45.10772298664976,5.2706087454252275,45.10862681281393,Au Matrere
5.01916986831868,44.907609137467155,5.0205432334668405,44.90900142348434,Gendarmerie
4.907072302715149,44.92909589067676,4.908800068635607,44.93039508940532,Valence - IND
4.973404190292116,44.98234011459112,4.975296462608808,44.98360023402593,ZA des Plaines
4.8142968742625465,44.922304623691176,4.81556332540474,44.92320437626972,TAD Chambaud
4.883345399670963,44.891991998116545,4.884780444943619,44.89301027915164,Mourettes
4.930759735019595,44.91792729544728,4.932171215346102,44.918913611466884,Simonet
4.9403839812579085,44.86734368254041,4.941868633115263,44.868713594243346,Les Chirons
4.902689791857767,44.92371797045447,4.904368947445758,44.92475995816567,Camille Vernet
5.067887694687578,45.042710693079826,5.069285012477911,45.043668090208286,A. de Musset
4.877818258224482,44.90303622023511,4.879232631291842,44.90428737290459,Pompiers
5.2370009621216935,45.16457696045224,5.238272437463614,45.16547643950681,Les Arrodières
4.818610086002045,44.93957262613302,4.819876913664186,44.940472373827845,TAD Dusserre
5.313304650941459,45.132620281767565,5.3145753486303695,45.13351971819109,Plaine de Gervan
5.0279666926897315,45.221230993581074,5.029376722489811,45.2222728182812,Tersanne - Route de Tersanne
4.850249200109873,44.888444687178456,4.851791598374901,44.889522112732934,Soyons Centre
4.83431041105494,45.06471933996904,4.835579988606455,45.065619059991754,Carnot/Rampon
5.320884733354363,45.068876891920496,5.322145065217503,45.06980290788992,La Remise
4.915068604827177,44.94234784220333,4.916407085486408,44.9433224736371,Philipe
4.929758816704055,45.01006649946546,4.931706541176028,45.011443406746665,Champagnol
5.149168689825164,44.98599690199089,5.150572077902428,44.98696798220971,Rochefort-Samson - Les Buis
4.829065771661526,44.9290497868516,4.830697255098191,44.930120235799116,Tourtousse
4.868787228163388,44.88270823434381,4.87005277149455,44.883607965616875,TAD Marcon
5.093079673405583,45.055401304173586,5.094518621308616,45.05651159582766,Z.A.C Est
4.95155434502124,44.96860614337791,4.953189460417006,44.969628075244195,Monettes
4.8748279516190856,44.89270998416885,4.8762460940681205,44.893767358979424,Montmousseau
4.898867492489172,44.937687421752784,4.902321533356238,44.939639463056956,Dunkerque
5.290351262894963,45.13866215486548,5.29227592204587,45.14007848156624,Chatte Collège
4.817493520322234,44.93412407853037,4.819239787259961,44.9351291836802,Chantegraille
4.829447422237724,44.91837395434738,4.830815029101999,44.91928521358797,Camp Romain
4.889556000616474,44.95964455691925,4.891939493958103,44.96103201344381,Laennec
5.077107733958486,45.043842103538786,5.078376665658554,45.04474169642098,M. Pagnol
5.103246724739215,44.972247864666016,5.104893086848788,44.97323058361635,Marches - Conton
5.065649239620374,45.168490095863135,5.067143835919329,45.16952133190135,Crépol - Zone Artisanale
4.884169708641316,44.88863023301799,4.885535994997134,44.88977327002355,Gerbaud
4.826622824416109,44.910120531939086,4.827889276080486,44.911067967987215,Vocance
4.891951940108661,44.94258062360454,4.893329493253107,44.94384702046841,Saint-Marc
5.062734060635022,45.037388944083204,5.0641539048739075,45.03838822827382,Baticoop
4.916410536163054,45.10672329627355,4.917750846853193,45.10803278779792,Chavannes - Le Mouchet
4.886559513139837,44.88284515906301,4.887912043320137,44.88404447420277,Margier
4.873400633621414,44.8823624355022,4.874666166035688,44.88326216445847,TAD Guesde 2
5.282414882731807,45.07385736494312,5.284166739921647,45.075359481802316,Saint-Just-de-Claix - Le Village
4.885630720276242,44.879249527560376,4.887131166737192,44.88028292348083,Auréats
5.132492309068218,45.088041444420476,5.133792590281773,45.088959355494616,Châtillon - Village
5.269114882651097,45.10997026607248,5.270385116929337,45.11086973388641,La Vache
5.188301523323841,45.09357317298085,5.189578473086749,45.09443672619552,Le Poing
5.181147523880359,45.084781837198996,5.182417275716773,45.085681362760305,
5.075754614946324,44.878244047001424,5.076984482576351,44.87915645252912,Les Etroits
5.225556307786861,45.09239238460727,5.2274536982984445,45.09340751617217,Le Perrier
5.061152668651915,45.05184689221549,5.062426930245106,45.0528638077452,Les Etournelles
4.941133863496691,44.88390332403881,4.9425986035096665,44.88556424841302,Beaumont-lès-Valence - Les Quarts
4.900507651104186,44.95850157542856,4.901835227248108,44.95955991855755,Abricotiers
4.88946954849319,44.94012072378886,4.890862146505548,44.94119287614593,Barjon
5.090297482034086,45.005416894995705,5.0916742285300804,45.006726246314294,Chatuzange - Mairie
4.888380919958092,44.958384042082365,4.8897254586429,44.959653457730006,Bourg-lès-Valence - Montée du Long
4.918401865475742,45.150408101949644,4.919793663123884,45.15150236481114,Bren - Nezille
4.935247501040145,44.957197157312315,4.936846997757626,44.95811114279559,Chantre
5.015929966136176,44.90078256859352,5.017199737160631,44.90164623076473,Monchweiler
4.835190475370686,44.92287462897335,4.8364569242927695,44.92377437098747,TAD Chabrier
4.91579790899306,44.935824118011794,4.9176773902752124,44.93680402346046,Mandel
5.115840762195749,44.93848704363478,5.117162135649685,44.939400555960596,Saint-Vincent-la-Commanderie
5.011162423149431,45.06054358634463,5.012431776479457,45.06144321361545,Les Balmes
4.890803721642104,44.923738204722255,4.894847512125792,44.929433738896435,Valence - Gare Routière
4.953032174640409,44.97030903472728,4.955784491977871,44.97130301157538,Mairie de Saint-Marcel
4.880439916650936,44.88013455685194,4.881983597410847,44.88117953599968,Revel
5.06762768830528,45.028110652059205,5.068943111974536,45.02903864788706,Goubetière
5.047988387640665,45.07731358144585,5.049423294093601,45.07865626360662,Mours-Saint-Eusèbe - Liorettes
4.883038902675035,44.874021382458565,4.88486736469423,44.874965054508365,Chaffine
5.176830032657088,45.052097321720666,5.178159040967961,45.05300174130561,Eymeux - Savonnettes
5.160455200576688,45.077070130420125,5.161724799024401,45.077969669539264,L'Echarpe
4.900036027095288,44.93254724765856,4.901345212315933,44.9336096856522,Servan
4.8831815006570745,44.89795390585334,4.884564169104935,44.899055166150184,Jacquard
4.848194984088675,44.96330520967694,4.849575213084341,44.96424506486717,Valvignière
5.20503031398998,45.1946129530748,5.206302485600666,45.19551244688436,Chapponay
4.94659780165826,44.86875076195908,4.949341056195217,44.86985901625281,Beaumont Collège
5.3535199133415965,45.07451199006171,5.354789286223983,45.075411409896766,
5.015242043921722,45.02261768447393,5.016510555707067,45.02351731548613,Bonlieu
5.076249209697736,45.04907068137218,5.0778257980786305,45.050130409030785,Vinay
5.0557367658757695,45.03874817410606,5.0597530329880405,45.0406984775938,Collège de l'Europe
4.83416733456879,44.935933335541264,4.8356014658135225,44.93696471706123,Sainte-Fleurie
5.031577973585079,44.91015848282611,5.03284642650049,44.91111221712274,Les Flandennes
5.019278564159488,45.042148026414374,5.020775927339025,45.043121858271455,Hôpital
4.91780305061851,44.94032132741566,4.9192130079164444,44.941582125915986,Valence 2
4.959546099966642,44.89744705731316,4.961184812117281,44.89881764492556,Malissard - Les Roches
5.094746996826447,45.01038972867246,5.096026850970902,45.01137085636534,Chatuzange - Chalandoule
5.006262418004587,44.98839127928766,5.007530181626438,44.98929092067243,Riffaudy
4.870616801017809,44.93650933706922,4.872199576420707,44.93764432008784,Pierre Blanche
4.858277600467056,45.06155338595435,4.860053285621333,45.06306151103942,Tain-l'Hermitage - La Teppe
4.919110477966266,44.93633842231366,4.921186200609122,44.93734403502976,Védrines
4.891132685802175,44.921139832871155,4.892456539442171,44.92208787306832,Génissieu
4.92542000620218,45.10418388983553,4.927113850537774,45.10520534519219,Chavannes - Village
5.042961683221184,45.038151993427576,5.044230516402236,45.03905160653237,Quai Libération
4.918079454476311,44.92584179571844,4.919434841776314,44.92685107879065,Afpa
5.145995053903206,45.08074012643401,5.14726474570048,45.081639673525466,Peroux
5.25185788868704,45.144778563466666,5.253128910895901,45.145678036492306,Les Molles-Girardière
5.278160606842087,45.11131846329732,5.279639290745051,45.11228143587118,Bourg
4.81444121405073,45.072847835632764,4.815710985614201,45.07374756432811,Centre Sportif
5.2402906557972,45.11922439813204,5.2416492424465035,45.120125401831736,Grande Grange
4.93265699553896,44.852693311028276,4.934256993712429,44.85377535592767,Montéléger - Village
4.902133942857015,44.94063787810941,4.903551912356361,44.94154716218341,La Cartoucherie
5.239533496924827,45.07643600397972,5.240806401420428,45.07733389584078,Les Vachères D21
5.061911126653623,45.05507857289945,5.063698176953225,45.05628209229468,Collège Malraux
5.03256924918344,45.034656739396944,5.0343558287365955,45.03564535414058,Bonzon
5.293075408307237,45.143543309596254,5.294604769768772,45.14462406395234,La Gloriette
4.87725739507048,44.87026361348624,4.878634764460111,44.87122653531974,Pasteur
5.305465180819116,45.07549027476551,5.306734618755294,45.076389725193216,Voie Charbonnel
5.097564722756553,44.9409850925536,5.098888976808192,44.94192450741616,Charpey - Vignolas
5.247869969045542,45.178321479018436,5.249200028898063,45.17923842060011,Le Grand Chêne
5.239128388567035,45.11570692637093,5.240451408254498,45.11659287344972,Les Carres
4.967860082757638,44.836435246269055,4.9694781704561075,44.83782886222209,Montmeyran - Plein Soleil
5.023700673932306,44.93131647925313,5.025255406353816,44.93231030599298,Les Charmilles
5.155154615439707,45.007718017340906,5.156473284640246,45.00865238260788,Beauregard-Baret - Les Marnes
4.887048451712899,44.91000584937344,4.888459235579241,44.910906992579406,Grande Plaine
5.0573786667732055,45.03748405789281,5.058660229917348,45.03841874188451,Zamenhot
4.8632979464069885,44.93824282393571,4.864942036952377,44.93958545739003,Guilherand Centre Commercial
5.231766591033829,45.07907238489459,5.233023412665509,45.07999741486939,Les Guillots
5.221574994373789,45.08307429972487,5.222855008652927,45.08400570013209,Les Buissières
4.8808328659643445,44.9118315324843,4.882175179519288,44.9128168847624,Monge
4.842142790898028,44.939884832074476,4.843409608763887,44.94078456788632,TAD Hauts du Mialan
4.9283910169327765,44.926960727401756,4.930180368389966,44.92798721277411,Pêcheraie
5.078649489267644,45.03550858333856,5.081371151570946,45.03660242386068,Pizançon ZA
5.085310522821031,45.08129980884508,5.086580276793829,45.08219939111469,Chopin
5.077110541829472,45.04582820148665,5.0785345925842655,45.0467984519152,Parc
4.930156746092483,44.952489326124116,4.93171023991812,44.953470506160016,Couleures
5.046459853344795,45.03744981007735,5.0478559338567335,45.03838125591437,Renaissance
4.876944312499857,44.900250102564,4.879437353129921,44.901327515438275,Clinique
4.891377574475115,44.96280961141377,4.8928218780943356,44.96380269424162,Route de Châteauneuf
5.043095901410619,45.03651069333547,5.0443646982128065,45.03741030662447,Les Saules
4.921314535669734,44.937720456060894,4.922635352330202,44.93901307610295,Niepce
5.214131356153202,45.13148199634178,5.21542854616444,45.13236780355104,Traversée des Etangs
5.278338018122821,45.060958354632504,5.280843000466478,45.06205291268671,Pont de Manne
4.898629462476029,44.90473514461121,4.899967309515028,44.90563655834242,Jullien Davin
4.892783616334725,44.94117936559964,4.894069110268172,44.942126922589445,Egalité
5.0471970855602954,45.09221439769848,5.048554860913479,45.09311993175522,Peyrins - Mairie
4.898556685838984,44.936435959670504,4.899866815209429,44.93735614020528,Collège Jean Zay
5.247390516288453,45.151117962587584,5.2486616832951904,45.15201743737141,La Chapelle
4.803040811262764,44.94587332275856,4.804307788406225,44.94677307720236,TAD Sauzet
5.271621374936476,45.0502293280311,5.273315192530137,45.05123469772429,La Motte-Fanjas - Les Hauvets
4.936192410781061,45.0141592476399,4.9385208098082325,45.01536116731631,Châteauneuf Centre
5.191481118863667,45.14071722164262,5.193759852128905,45.142001901605695,Montagne Ecole
5.197808171191618,45.146906940158935,5.199131825626286,45.147792859661934,Le Truchet D68
5.303046416831211,45.13439151710803,5.304373381604033,45.13533838285151,Gralere
4.900910917117497,44.95989225386609,4.902467274815391,44.96086617526428,Talavard
4.835546343267509,45.071386518292094,4.843560965065836,45.07331366201812,Tain l'Hermitage - Gare SNCF
5.052537803444117,45.0561979546676,5.053884297777914,45.05718781245003,Giraudier
5.29407383816058,45.048145087897346,5.295590586270885,45.04953663086703,Saint-Thomas-en-Royans - Village
5.065461071493574,45.04849004766879,5.066898494047731,45.049477003685524,Klee
4.839334001421642,45.051470501700635,4.840631603906716,45.05248619808252,Les Goules
4.927046698452342,44.923344918910146,4.928482659756166,44.92439150710675,Gaumont
5.1090364803630575,44.975929486531115,5.110476370757289,44.97694818436648,Marches - Village
5.262980762944021,45.11182149519167,5.264369141203515,45.112868304803065,L'Image
5.011240566770824,44.984141880325176,5.012508232859359,44.98504151963492,Feraillon
4.849095681768748,45.061221586936604,4.850413122213326,45.0622082129436,Rue Barbara
4.940896264876126,45.11731775235718,4.942573028277504,45.11837458753805,Marsaz - École
5.314399720533654,45.07055702919752,5.316678276168663,45.0724643138671,Le Birollet
4.895811966672796,44.92714521697648,4.897196918689701,44.928229650559885,Valéry
5.250009903845127,45.098284359220116,5.2512798957390565,45.09918384073889,
5.006243223583724,45.06033128497067,5.007512576046071,45.06123091498943,Servonnet
4.793921249037209,44.951241720930156,4.79518835063337,44.9521414790308,TAD Grange
5.1038389828116495,44.959693292679844,5.105160818835696,44.960610707080846,Bésayes - Route de Tourniol
4.842137190462969,44.99629562242838,4.843496307073926,44.997215976995676,Châteaubourg - Centre
4.9199991317978204,44.9116970852731,4.921284689102104,44.912742581734946,Stade Briffaut
4.926579781893185,45.01736186645128,4.9280452373745955,45.01835436388206,Beaumont-Monteux - Barrage
5.226726971230642,45.08071148419856,5.2280528300270666,45.08165841577633,Le Mas
4.925240779815452,44.9709069560288,4.926508219830735,44.971806643931636,TAD Marquet
5.018867544675497,44.90340312966123,5.020255570944594,44.90434254560713,Les Silos
4.889207772101313,44.91210645410388,4.890650718913523,44.913024949466894,Baumes
4.914635354627497,44.92654799941367,4.916361992089148,44.927717076730296,Peyrus
4.976564198079432,44.94028702821567,4.978083002810574,44.941296671350386,Guimandet
5.3466972428664405,45.060099034707505,5.348073779749806,45.06100493479251,Pont-en-Royans - Village/Pont Picard
5.140171747148871,45.017613564282456,5.141440153384037,45.018561535642576,Beauregard-Baret - Les Baries
4.96158460924963,45.067732650277144,4.96289719265696,45.068641649448296,Clérieux - La Vosnière
5.143849318312106,45.10791320933787,5.145640106848802,45.10945015184646,Parnans - Carrefour du Gazon
4.883659995308775,44.960074041879054,4.885140747504968,44.96112316592026,Zone Commerciale
5.142130440257802,44.999859626726945,5.143538042327809,45.000864051949556,Rochefort-Samson - St-Mamans
4.9289612009491925,44.92520114013196,4.930387671916214,44.926620660778944,Rabelais
4.8887536934319,44.92660715955632,4.890344617980691,44.92792260096114,Loubet
4.880804384844536,44.93644590569345,4.882076416804427,44.93743007453115,Prague
4.900146630361171,44.955376283290754,4.901602753692155,44.956387210533045,Brassens
5.093238834048004,44.93691856620332,5.09450166937299,44.93783839955239,Charpey - Ecole
4.908620993538687,44.91706385783313,4.9100387954666305,44.91804549230047,Archimbaud
4.887089094615838,44.96578586347384,4.888364005723214,44.96677713640942,Bourg-lès-Valence - Aire de Covoiturage
4.947457217410542,45.13447757130328,4.9488409866535426,45.13553307753968,Bren - Mairie
4.880147494488057,44.93135380638825,4.88142476456789,44.932320488126415,Brandons
5.325802892510211,45.0629603173303,5.3271182523175185,45.06399103637193,Le Bel - La Plaine
5.1780487972261575,45.06410482126275,5.1793674010808735,45.065023278460835,Eymeux - Les Planas
5.21668443455578,45.117760081317044,5.217975365303696,45.118659918650025,Le Pilon-Le Mas
4.833840658225611,44.92822697990713,4.835269839387491,44.9293580445021,Chavas
5.339212912562232,45.08539989952473,5.340506884626719,45.086289899935146,Ecole
4.8192117434028106,44.900833433626566,4.820446652361477,44.90175226595201,Toulaud - Stade
4.873873581239056,44.86711250648584,4.875218070947141,44.868155845005006,Picasso
5.0064249050801735,44.90204269999952,5.008446765410623,44.90359381289394,La Fusée
4.929020945415125,44.91996421457468,4.93277944753276,44.92134595524864,Monnet
5.202365660526186,45.15438564908835,5.203636939065719,45.15528515087085,L'Hôpital D.68A
4.962271530966917,44.840175747557325,4.963996711736074,44.84241704487496,Montmeyran - Pelingron
5.292892327977211,45.021892463911236,5.294332973640479,45.02280193612948,Saint-Jean-en-Royans - Collège
5.057869645342275,45.0630416864636,5.059372558762096,45.06397451291852,Z.A Revols
4.968290392627012,45.11732373588282,4.969691710493768,45.11822576411764,Saint-Donat-sur-l'Herbasse - Gramm Vert
5.036543888277993,45.160949691036095,5.0410948495351,45.16271892451431,Charmes-sur-l'Herbasse - Cabaret Neuf
4.897106735798504,44.93161880194398,4.899252764797032,44.93287151607021,Marne
5.078002932134311,44.95562531312502,5.079340769391462,44.956524186848526,Charpey - Les Presles
4.864917920964198,45.06775038655726,4.866321474903266,45.06865101337695,Maison des Vins
4.840244763768827,45.063692413815076,4.841627235168841,45.064940685628315,Avenue de Nîmes
5.029354029340912,44.93730054383327,5.030864568865042,44.93827866082762,Montélier Centre
4.911780475659011,44.914491411703295,4.914847387147999,44.91627653467789,Laffemas
4.933244185659746,45.019100639766506,4.934740895153554,45.020017426287346,Beaumont-Monteux - Route de Beaumont
4.880213318477928,44.91355082948559,4.882294936456664,44.915590756610854,Algoud
5.298615543668957,45.135100833430194,5.299964456080439,45.136049066467756,Les Cigales (Gralere)
5.304273198489106,45.146310231366805,5.306484634315316,45.14735540423305,Les Gameux
5.083690985665766,45.002119905545484,5.085000315755826,45.00305699442036,Chatuzange - Sarrazines
5.230392860766335,45.16880621069885,5.232101453937465,45.16977874708878,Cizieres
4.88287435533972,44.91846376445651,4.8841933959029005,44.91947604678571,Lesage
4.9813569922771,44.9471292998457,4.982658020318812,44.94814403562474,Fauconnières
4.839868410555732,44.9289251306326,4.84113498910677,44.92982486932821,TAD Ployes Bas
4.825637066463955,44.968837730206225,4.826904533200531,44.96973746975461,TAD Rouveure
5.073981441648323,45.02622759371068,5.075887695823619,45.02726582934038,Pont des Seigneurs
4.838497219919212,44.94135384573579,4.8398823211048,44.942260655802,Malet
4.834888238038632,45.05321658823146,4.837288225679746,45.054579007665104,Champagne
5.079118530765632,45.053360166532464,5.080544599207859,45.05427151733986,Les Chasses
4.883239429421446,44.96499654457538,4.884506770232536,44.965896255385225,De Broglie
4.97827981687609,45.05092107657472,4.979548982759017,45.0518207233855,M.M.D
5.009147742856491,44.90164437445025,5.011071053389843,44.902828672091275,Les Gouvernaux
5.287465850088183,45.14074561108924,5.2894535913706235,45.14178568531861,Chatte Pharmacie
5.040975945719225,45.04392275293006,5.043195845945237,45.045068659792875,Clérieux
4.826678403046233,44.95646382948887,4.8279455966182585,44.957363570471976,TAD Clarençon
4.858884754100145,44.92225242674961,4.860227609002878,44.923358635926895,Gustave Eiffel
5.01127544669517,45.049377485492954,5.012544552933888,45.050277114467114,Rosey
5.326187648425113,45.02860631126257,5.327623364049728,45.02956719488242,Saint-Laurent-en-Royans - Village
5.13465238503208,45.098213018160074,5.136276278069577,45.099581689349364,Châtillon - Petit Châtillon
5.1784149545827445,45.07571664705819,5.179670047267481,45.07667635254434,Eymeux - Village
5.035532558248048,45.01298168935661,5.036800841377177,45.01388131060335,Limousin
5.019048863292748,45.03831468691106,5.020334739650286,45.03919301256417,Auriol
4.94456942994482,44.96307793093396,4.945960337449941,44.96403476527456,Vivarais
5.275269859808584,45.13930207031171,5.276540739770138,45.14020152964715,Chirouze - Violettes
4.897895907742819,44.92134308461422,4.899189056196312,44.92230731035827,Serbie
5.064006542377869,45.05401600062702,5.065374765551228,45.05506112638834,Teinturier
5.304914636548363,45.12457017847066,5.306185163025178,45.125469621488044,Carrefour Bertiquière
5.1513831650096815,45.127399821015054,5.152821318950891,45.12843036754381,Montmiral - Le Saladot
5.089021023565177,44.94126745965375,5.090448883207935,44.94217671669279,Charpey - Fontaine
4.880201981081814,44.89373810659528,4.8817523192011905,44.89552797180145,Allende
5.3235735239486,45.07989615027512,5.324836474184246,45.08079374957557,L'Enchère
4.831474176083772,44.95906793089974,4.832741423579797,44.95996766906108,TAD Lègre
4.867499866286173,44.924277186874015,4.868981585209722,44.925328872336586,Route de Soyons
5.028235486294181,45.04228440064404,5.030992705024039,45.04381565668498,Y. Rabin
5.08518890914133,45.04453273536218,5.086461298894798,45.04555884359337,Les Vignards
4.9060564259693775,44.934096439217036,4.907459185666063,44.93501965746018,Basses Crozettes
4.868558441653722,44.93928999929578,4.870660489908229,44.94038870665341,Anatole France
4.983387809464837,45.12105895224427,4.984784733865592,45.12203306875159,Saint-Donat-sur-l'Herbasse - Parc Bert
5.045886334231163,45.1236286873449,5.047224558451406,45.12499276470623,Margès - Pont du Chalon
4.807940971704889,45.067433833587444,4.809210627961321,45.06833356637345,Route de Lamastre - Touron
5.003216715037446,45.02480978132863,5.004485284593512,45.02570941863147,École A. Dureau
4.955984022890215,44.9713528205433,4.957413646248894,44.97226051756554,Musique
5.094485156792025,45.08375489497528,5.095775245308433,45.08462606494796,Génissieux - Buffevent
4.839861725300914,44.94243423453232,4.841299375761214,44.94345306539277,Saint-Péray Mairie
5.033675732526075,44.99624885278224,5.034918465380264,44.997154246926634,Alixan - Savoie
4.789061234636002,44.94330661910661,4.790328165035587,44.94420638085436,TAD Sagnes
4.831835771415922,45.05014463819334,4.83310502824616,45.05104436176746,Pôle Médical
4.921181437970085,45.00164634271065,4.922667984943239,45.002869315323125,Brignon
5.081762309622525,45.04440711172756,5.0833731919585965,45.045868858445104,Espaces
4.94934566082538,45.10454566483613,4.9507923653594705,45.10571229262503,Clérieux - Les Tuillières
4.917950153378354,44.92143352745518,4.919366201621982,44.92278583699105,Poitoux
4.887922645005105,44.922184511124414,4.8896139493627215,44.92316840442745,Saint-Victor
5.079686722302112,45.042678611358696,5.081094552270611,45.043655207962864,Boris Vian
4.929649924829489,45.179367245057335,4.930879171258089,45.180263054507826,Claveyson - Village
5.084392716656735,45.00543948608809,5.085664782720847,45.006410513766625,Chatuzange - Tissons
4.879136513750917,44.986129444795175,4.8806645797573465,44.98730335176693,Châteauneuf-sur-Isère - Le Saut des Chèvres
5.230298522267123,45.125207091467395,5.231621280654193,45.126092808426314,Bourg
5.328235078856803,45.0709099952738,5.3295449209911085,45.07180980469353,Balai
4.952256087037546,44.914838151138845,4.953921752356043,44.9159894641359,La Forêt
5.216350726538416,45.134074494167606,5.217709271688699,45.134975405795146,Le Plumet
5.024340579318635,44.974389883184735,5.025608020309312,44.97528951677527,Alixan Mairie
5.215455846625343,45.17412135461952,5.216727552963764,45.175020845339596,St-Antoine Place
5.076942885891366,44.97390796679709,5.078219416962147,44.97478363302536,Chatuzange - Les Routes
5.06148637080157,45.023146257530954,5.062751728247889,45.02407224235732,Bayannins
4.904333710812272,44.958245859193546,4.905626246097033,44.95920979636519,L'Allet
5.099704611134251,44.936150869664225,5.100998587823763,44.93707283028935,Charpey - Le Galon
5.048465736507879,45.054964396284674,5.050023230440901,45.056557846924534,Grand Large
4.836690731009203,45.0630944904604,4.838955727097875,45.064927094381325,Tournon - Gare Routière
4.890014755215549,44.91591509865221,4.891327572329357,44.91683809557881,La Palla
4.908444423621139,44.94916802559941,4.910031756971693,44.950089358603805,Val Fleury
5.086109928886111,44.96344663920644,5.087532978926824,44.96453063583107,Bésayes - Royannais
5.04183326709957,45.057175602186625,5.043357167590054,45.05829909567369,La Sylla
5.083388025988335,45.05383640612337,5.0846571736273685,45.0547359938364,Plaisance
5.06680248283111,44.94330819107343,5.06843050950513,44.94444115041836,Charpey - Centre Equestre
4.825791190025824,44.930339427200295,4.827057809639236,44.931239172760556,TAD Les Putiers
5.134562623702629,45.02282223226759,5.135850678769058,45.02375286763495,Beauregard-Baret - Bois Vert
5.123999387881893,45.06705858898217,5.125693679529122,45.06815571901339,Maniscey
4.884239783752109,44.904471080962544,4.886150992184388,44.906521758203034,Fontlozier
4.902419196226169,44.95844509523944,4.904116474856261,44.95985750982351,Follereau
4.980355522467938,44.803694868635965,4.9819166663044685,44.80482448851026,Upie - Village
4.785041217372581,44.94050837198181,4.787668427893096,44.94384160252316,Le Pin
5.144315685325538,45.08122183418901,5.145611253974739,45.08216800599801,Châtillon - Péroux
5.051164995584026,45.162020976922044,5.052619199192125,45.16316598861459,Crépol - Les Silos
5.105055427554016,45.05996143325261,5.107549543618369,45.06137820611515,Saint-Paul - Parc Saint-Paul
5.260827083026827,45.136639465602585,5.262097916554616,45.13753893435632,Carrefour Montloubet
4.907716980689892,44.930571313190825,4.9090070176513025,44.93147848658991,Massenet
4.993462777786521,45.00065957674183,4.994730821846643,45.001559223218315,La Roue
4.903381420314958,44.94643181224693,4.90480476673435,44.94735657866651,Bruyères
5.266390677750666,45.17331547023125,5.2676623218290315,45.17421492972762,Maison Giron
4.927927277722198,45.00835880533727,4.929424170677683,45.009275556058725,Gymnase
5.2281593733639,45.140819438334304,5.229705991197593,45.14185852663202,Les Mouilles
4.902096341066138,44.951480865419846,4.9035301672341385,44.95253888008938,Collège Gaud
4.879173366486493,44.88853332167755,4.880776023713455,44.89048069900072,Grangeneuve
4.920778683420062,44.90517555553841,4.922232730097033,44.90643891797067,Saint-Ruff
5.309317993590566,45.054652417601204,5.310743203995365,45.05556163663525,Le Mas D531
4.928418534500674,45.10990331379112,4.929931321850834,45.11118464183884,Chavannes - Gourras
4.894231101102779,44.94120323828943,4.895652942238643,44.942690987278034,Table Ronde
5.0519946578901695,45.05105544483485,5.053542173314751,45.052010870621416,Servet
4.906563778455798,44.911514108247495,4.908858678558225,44.91252282111476,Hôpital Sud
4.901766708641883,44.93072254001722,4.902968594258005,44.93159525954254,Chantal
4.9185251581962275,45.08129156298483,4.919795041449381,45.082191236975646,
5.304924502104112,45.136680179431,5.306195297469186,45.137579620527696,Carrefour Seillère
5.1967206720186585,45.05590666987397,5.19815070457485,45.05699031077005,Hostun - Les Fauries
5.219643611448518,45.09624631123274,5.2209362862804385,45.09717348864359,Le Fayet
5.2554007605479,45.09911132461058,5.256729241202047,45.10002847512581,Ferme Rozand
4.894874084329315,44.93592674806035,4.896435838662657,44.93704465877158,Sécurité Sociale
4.90346726616609,44.90358781169061,4.904868681188962,44.904601781844306,Valence - Lautagne
4.972942452509413,45.004732195179415,4.974672145475004,45.00590400458601,
5.150741293668645,45.01464491541158,5.152049408042759,45.01558358454705,Beauregard-Baret - Meymans
5.047020057886091,45.08501975964399,5.048479888866017,45.086250472041,Escoffers
5.200209957456446,45.1104608435172,5.20163994516588,45.11136905652571,Le Pouyet
4.888098218857498,44.93012398316539,4.889366981964542,44.9311007166676,Parc Jouvet
4.851315205156511,44.971612679851134,4.852623994107683,44.972543320117275,Cornas - La Mure
5.034201980572556,45.010911188821005,5.0354702190529474,45.01181081113896,Les Plantas
5.132831880452807,45.0698660129496,5.136055168129486,45.07123416077134,Saint-Paul Village
5.01893815251755,45.04348736426671,5.021620737478485,45.04455567304,Romans-sur-Isère - Hôpital
4.831399008570214,44.92556402091674,4.8330839457963615,44.92649934504899,Chavaran
5.075161843624577,45.04576484244399,5.0765970741506,45.046706989540276,Balzac
4.8568773409270385,44.93281995209061,4.8582636572584255,44.93381514790082,Guilherand Village (Express)
4.922317386319753,44.925404200033995,4.923723965743122,44.92709920876535,Chopin
5.060497839938085,45.04472374049549,5.0619594607558644,45.045946180398104,Ampère
5.284610135726484,45.127628872295624,5.286051262905368,45.12853642774015,
4.862472377455705,44.88499025894994,4.863803848493183,44.886218347009375,Portes Z.I. La Motte
5.095151522333619,45.102035821177395,5.097383229620664,45.10381342113017,Geyssans - Les Fayolles
5.248630360310266,45.16519496408311,5.249901839272875,45.16609443587587,Carrefour de Chapaize
4.911857989109338,44.918373635508146,4.913408289386248,44.919469669738874,Barbusse
4.918747914227291,44.885646647572585,4.920013485421472,44.88654635238791,TAD CLairac
5.114532416820328,45.02222891524163,5.116910596354896,45.02400135155663,Riousset
5.082986079128844,45.03491983844209,5.087481460182267,45.03622471904882,Chatuzange - Barrage
4.886903537028668,44.92339638032231,4.888377836200362,44.92447757228458,Péguy
4.8688571352457295,44.931354934359106,4.871461260764582,44.93278390894331,Guilherand Mairie
5.021918296477777,45.063333989544326,5.02318770314908,45.06423361041571,Charbesse
4.947966792233307,45.024960866348344,4.9492354074078095,45.025860533612004,Les Beaumes
4.924657126430407,44.937234918073436,4.926112409492559,44.93822102444016,Montesquieu
4.892336530198137,44.934903108318196,4.8942620803179,44.93616737300907,Préfecture
5.051044301227165,45.03981861781922,5.052390463743151,45.04072173919308,Hôtel de Ville
4.8744065141685216,44.963257010660115,4.875811520579354,44.964247704015804,Stade Marcerolles
5.082724128336705,44.93978670725901,5.084959205214131,44.941158808794356,Charpey - Gamet
5.033642716597303,45.043534234774135,5.0349947939026345,45.04447470260796,Récollets
5.056430224239897,45.04165400066517,5.0592193343934575,45.04378434598428,Figuet
4.9704406884354,44.89935989387033,4.97217120278285,44.90037608489902,Boudets
4.954693894619567,44.934655803027596,4.955997204455076,44.93577129682011,Les Teypes
5.09577954572388,44.9980676802757,5.097227178463027,44.9990154646768,Chatuzange - Part Dieu
4.8851494514719676,44.91946609726401,4.886510004240801,44.92036135566267,Danton
5.211351448689977,45.09053181632307,5.212658454383322,45.09148798358159,Aux Vallins
4.95671071644484,44.955236447142724,4.9583929812050656,44.95626855157446,Thodure
5.053852608344714,45.04007256603433,5.055126623537594,45.04104605769498,A. Vallon
4.918200716600244,45.09406006390902,4.919470883045212,45.09495973605144,
5.062479057420273,45.04118879917036,5.063747942199503,45.042088400789474,Beausoleil
5.315236254393204,45.0739008516908,5.316553746537528,45.074839048282485,La Mairie
4.976967586779269,44.988740828984774,4.981018447575649,44.993914660929306,Gare Routière Valence TGV Rhône-Alpes Sud
4.946663717784663,44.900714630847745,4.948380651011365,44.90205213203281,Sylvestre
4.894367814823183,44.874674223906716,4.895729116436113,44.87596175352679,Portes-lès-Valence - Ferme Margerie
4.872369877883358,44.887412535636386,4.873635521773851,44.888312264324284,TAD Guesde
4.903456965986938,44.93873154380817,4.905003924907761,44.93966759625439,Guynemer
5.242110440446409,45.15056289449033,5.243329362314021,45.151467104974465,Jacquemont
4.910747285713897,44.991684297219614,4.912255711776964,44.99260205111022,Les Chaux
5.055094048816262,45.067152634571386,5.056498257551506,45.06811081552601,Cigalière
5.049628019925976,45.0382859496918,5.050889415336627,45.039240253164344,Place Andrevon
4.868191234321808,44.87251118251327,4.869502963172866,44.873414516995474,Rameau
5.187444859673773,45.10886024099163,5.188715139921746,45.109759758967634,Hameau Maguière
5.210764536149582,45.12990014969792,5.212035263441238,45.130799650261224,Grand Champ (Clapet)
5.075066448360864,45.03231111660072,5.076427288246641,45.03349465353048,Chatuzange Gendarmerie
5.061494254564957,45.063391384268755,5.062960728031534,45.06452424565931,Hirondelles
4.883338425245645,44.91268662288302,4.885386535496421,44.914145021865714,Cassin
4.8709839524367835,45.00240717317403,4.872336148038854,45.00359538267243,Pont-de-l'Isère - Village
4.907393155272023,44.94463580155087,4.908924443191938,44.94656681691013,Cézanne
5.089034048698792,45.00629275868704,5.09030285165866,45.007240641275196,Chatuzange - Les Pierres
4.916534236459934,44.93750992633105,4.919004076448752,44.93928047986372,Kennedy
4.960931849561191,44.970962811016676,4.962350374753874,44.972119290043786,Coubertin
5.052867554757391,45.03468743389367,5.054530902405786,45.03641846837976,Alpes Provence
5.028753337834722,44.974090639426585,5.030002058888743,44.974995460267294,Alixan - Vercors
5.02838280256688,45.089643455439436,5.0298849156041605,45.09143063532966,Peyrins - La Rivière
4.910589695568914,44.95423156082693,4.9125263444533624,44.95602614845813,Manoury
4.9178267145134,44.95248187090292,4.91908909052392,44.95345962880628,Godanger
4.938378709000825,44.859235868708204,4.940147400424906,44.86153284262288,Beaumont - Gare
4.853806253461584,45.07055194536851,4.855075946196126,45.071451654592195,Jean Moulin
4.971451553685807,45.119474789088294,4.972893556246136,45.12056761958946,Saint-Donat-sur-l'Herbasse - Cave Coopérative
5.0250528126581075,45.03941039136801,5.0265811320611995,45.04035076722884,Camus
4.8846923418914105,44.86901380161049,4.886029451178754,44.870111237625636,Neyremand
5.279530776943881,45.1415358312809,5.28107002790913,45.142590868042696,
4.940271255347786,44.973638960235085,4.941538744295596,44.97453863972529,TAD Le Rat
5.308888114998542,45.03920628202463,5.310084688046977,45.04007451749129,Saint-Laurent-en-Royans - Les Gachetières
4.876223724980463,44.97424924349562,4.877491274674657,44.975148956465,Viallon
5.036072015917929,45.04395660269754,5.037422743371093,45.04492063692854,Bastions
4.889358087783678,44.95561384335059,4.890770012554324,44.95662091129677,Avenue de Lyon
5.149237898877495,45.15449291426089,5.150569902401829,45.15539178571189,Montmirail - Mairie
5.224810564796867,45.14587145523867,5.226081634791054,45.14677094472045,Les Courtis
4.884178512970772,44.87135284880369,4.885490173334116,44.872397228773835,Renoir
4.892348436997846,44.93701816790203,4.893924379023958,44.93881554235778,Côte Saint-Pierre
4.9586242316094165,45.07602307324532,4.959893968028884,45.07692272671497,Clérieux Église
4.836371924945662,45.05708406461915,4.837703977919775,45.05797293528826,Roche de France
4.879452141079879,44.96381234350304,4.88071945857482,44.96471205645759,TAD Bergès
5.038670585888884,45.037757092193544,5.039939413735332,45.038656707766414,Les Ors
5.11482074654676,45.0960798309026,5.116118157201484,45.096951168889966,Triors - Village
4.875417289966265,44.91969544480175,4.876732511426596,44.920614255013426,Épervière
5.340759554220667,45.062484138635334,5.343337898800603,45.06409706869352,Ecoles
5.039678830987282,45.19620853895813,5.041188104233482,45.1972604836267,Montchenu - Village
4.89326621440799,44.96775251824234,4.894766007721906,44.9689147013864,Bourg Ecole
5.275514473341082,45.12440999084965,5.276785526519079,45.12531980911684,Champ Raillet
4.930721638945397,45.053270284200615,4.932166497036354,45.0543490698138,Chanos-Curson - Les Machis
5.270914587564279,45.136630168740915,5.272185412015302,45.13752963121799,Côte Galet Foras
5.041652485149242,45.04026432190594,5.043290709766777,45.04120669471518,Lafosse
5.074871029453318,45.035118760511295,5.0763800375363335,45.03634469327105,Pizançon Centre
4.982766129247042,44.992014451260076,4.984093873614866,44.99290254864508,Plateforme Scientifique
4.848700920972251,45.0127191126274,4.8499612776689185,45.01365068718391,La Roche-de-Glun - Village
4.898774518583145,44.9259065305308,4.9017362409073675,44.92732749067229,Berlioz
5.017645510246455,44.900145070704156,5.01893238756207,44.90104462895504,Chabeuil L'Hopital
5.019450870504113,45.04751278760855,5.020719929123472,45.048412412351475,Croix Meilleux
5.066945307219584,44.99319416981132,5.068214493442919,44.99415933007317,Alixan - Millard
4.969499281389374,45.02668227227755,4.970767918247754,45.02758192768272,Les Blaches Est
5.066278291034549,45.03204721439201,5.0681384387074,45.0331328848112,Tordières
4.864303205890079,44.92210438261065,4.8659105887513245,44.92310451858571,Bellerime
5.075363364657927,45.02938343972344,5.07669607563266,45.03075231310802,Village de Santé
4.950752307729397,44.97248365610366,4.952081993387233,44.97338344387155,Terrasses
5.242840448232762,45.13906466023184,5.244111351351958,45.13996413972715,Les Boudillons
4.884799313004436,44.922922768453546,4.886170816460466,44.92392123186305,Espérance
5.112448119145645,44.97310901309114,5.113754982749644,44.974157491856865,Marches Bas
4.92761421040959,44.85869527438726,4.928869993204152,44.85955582532836,Lycée Agricole Val de Drôme
4.824353528331339,44.926807326560535,4.825620071334037,44.927707073400306,TAD Biousse
4.881104040471442,44.89885816439441,4.88260340696765,44.90039971644836,Marseille
4.79618121606917,44.93612482029189,4.797447983601223,44.93702457966908,TAD Coudiol
4.889863648694308,45.070346411376214,4.891388861294017,45.071388019438686,Mercurol - Les Audouards
5.043301052424797,45.053278177001964,5.045622136416505,45.054678821138964,Diderot
4.8444176202167055,45.06070844370797,4.846420279733235,45.061613056203186,Gymnase Jeannie Longo
5.183821208611388,44.996473575286664,5.185092891106872,44.997439224674075,Beauregard-Baret - Village
5.218261531312645,45.13924633477628,5.219548471661203,45.140123564697056,La Sablon
5.090797378034559,45.00683852021022,5.092146106077115,45.00781289443645,Chatuzange - Salle des Fêtes
4.862974630025817,44.88797360504323,4.8643299882144575,44.88927165145773,Seguin
4.919939346842617,44.91921194021011,4.92129443222323,44.92034769709513,Maison des Sports
5.130314113036508,45.21819037470313,5.1316910741851665,45.21909869345217,Montrigaud - Mairie
5.0712268168225405,45.042823217599654,5.073228561947819,45.0437949146347,Saint-Exupéry
4.786337123042693,45.067354337369814,4.789444534127273,45.06835087360705,Tournon - Saint-Jean
4.8491467520386635,44.966358377427404,4.850562792037478,44.96750762426926,Jacemont
4.889999764745716,44.95376574983819,4.89138774724759,44.95478164030565,Le Valentin
5.257896905058418,45.10464575999052,5.259280296574809,45.105637639994676,Le Silo
5.239678183964491,45.14889703305443,5.2410517191602635,45.14979286690842,Croisement Vatillieux
5.062261925466121,45.01131729680177,5.063500471399804,45.012181502658756,Bourg - Tépier
4.960003291130969,45.02281113615564,4.96227710510817,45.02396906073707,Les Peupliers
5.013517099503976,44.90077080471617,5.014883885685102,44.901775895065555,La Gaieté
4.8156266037628,44.96513002740952,4.816893995903582,44.966029772551366,TAD Chaban
5.0127032357657875,45.06849448739907,5.013972763862676,45.06939411256098,Les Voirasiers
4.822816390243559,44.95750332860306,4.824083609421626,44.9584030713578,TAD Grand Bois
5.199906665954875,45.171785449720495,5.201178333637154,45.17268495023873,Les Reynauds
5.05506748063513,45.0342395595056,5.056356000622632,45.03530248700376,Patriotes
4.859377469964181,45.06976007144368,4.86189815273011,45.07124132954141,Tain l'Hermitage - Zone des Grands Crus
4.866441391125256,44.92617416824098,4.868131905877772,44.927359931700856,Matisse
4.885318031114,44.95273687013109,4.886885311111697,44.95368614776417,Cimetière de Bourg
5.064299856813892,45.05140912279238,5.066174753364236,45.05297237766988,Verlaine
4.882918532773478,44.973762745185624,4.884186066880424,44.97466245477501,TAD Jonquettes
5.044007767968399,45.03956969383328,5.045276631654807,45.04046930612665,Leclerc
5.04766682521519,45.051481466726166,5.049610830564488,45.05251713435824,Verdun
4.853334823190134,45.05519884403434,4.854604176467909,45.056098555926376,Tournon - Hôpital
5.064514760902578,45.20395479356879,5.065875829799095,45.20484926242135,Saint-Christophe-et-le-Laris - Le Laris
4.963703354081816,44.9350335880379,4.964990845332718,44.93609231185966,Parlanges
5.077400868967412,44.97920543777834,5.078617735362008,44.98011406183399,Chatuzange - Couppier
5.021809742460623,44.92765690494791,5.02331097080858,44.928787588444926,Montélier Centre Commercial
4.974749928024596,45.07817801668681,4.976415126164769,45.07933199987367,Saint-Bardoux - Le Puy
4.8225561854210115,44.930654626414594,4.823822814244633,44.931554373546234,TAD Amourdedieu
5.268571363734834,45.136431481893766,5.270249709071734,45.13744981986591,Foras
5.044426224681336,45.034452193546144,5.045694974941882,45.0353518064138,Quai Clément
5.195672041586641,45.11919654612589,5.196957961398684,45.12007325334336,Les Muronnières
5.295993009982304,45.090534872961776,5.297262789593555,45.09143432699698,Les Sagnes (St-Romans)
4.861799992316412,45.00730462449006,4.863288393267081,45.00823384230046,Pont-de-l'Isère - Les Lys
5.0577703305493875,45.05626769552323,5.059131102726736,45.05723446164491,Vessette
4.988343903131607,44.991452351757744,4.989863770752907,44.99238499678094,Soubredioux
5.065159170038396,45.04327721847805,5.066849268805723,45.04440474546776,Piscine Buttet
5.290229266851795,45.01871162143359,5.291539477941665,45.01971151689772,Place Albert Chaloin
5.007369723655941,45.08746108742629,5.008639675973178,45.08836071253379,Croix de Porte
4.8954959320185125,44.937864025568366,4.896862039760031,44.939015202323745,Réservoirs
4.801227562069595,45.066371434700095,4.802828339878942,45.067378164430224,Clos de Cornilhac
4.850815744437452,44.89502367381566,4.852317865190217,44.89639132635692,Pyrite
4.947888716216614,44.96632040475468,4.94952194156948,44.96734774480011,Bouleaux
4.927657676894596,44.93301119658326,4.928938723597954,44.93403110321119,Toscanini
5.340812296366453,45.085926480823154,5.342047699612534,45.086833418751844,Bourg
5.033192169208207,45.01776275213413,5.034937895953548,45.01904326809604,Z.A. Bourg-de-Péage
4.972673515703041,45.08569000604405,4.974122745510128,45.08660315896171,Saint-Bardoux - Village
4.944309282438735,44.96410770081258,4.945967251733039,44.96511164280765,Roche
5.130891768526043,45.029505214809284,5.132161630983245,45.030451285156396,Beauregard-Baret - Pêcherot
4.906699385390316,44.904619066455766,4.908338642795365,44.90562036386728,Corniche
5.080321298802548,45.0463919851398,5.081749620229625,45.047303673637295,Vercors
5.043212523917231,45.10425758992567,5.044612045497819,45.10524148732978,Peyrins - Les Étangs
4.883237741394716,44.90917235491567,4.884595399703024,44.910204632082554,Grands Moulins
5.015120649291661,45.14780948552853,5.016482667348936,45.1487186166653,Charmes-sur-l'Herbasse - Village
4.887833926771725,44.92500083555434,4.889254448406781,44.92612697033785,Marguerite
4.88070972143136,44.86970246135543,4.882097283373765,44.870906440907675,Portes Jean Macé
4.959972971403343,44.97328297620731,4.961553982409812,44.97444433854373,Genève
5.225344287549989,45.05549872894044,5.226734922963267,45.056434849211676,La Baume-d'Hostun - Village
5.060824325657468,45.03263393303884,5.0626203852365945,45.03365957377054,Hall des Sports
5.199114859784113,45.08458421597316,5.20039514323648,45.08551568388422,La Combe
5.245844831836853,45.167645463417145,5.24711636774676,45.168544936541856,La Blache
4.8469287464554895,45.06733681491856,4.84820865725582,45.06860028501211,Rue Bouchet
5.18910421567506,45.09179079820008,5.190405787486241,45.09266910164252,Les Pinets
5.175325267587315,45.1591517474812,5.176669129450581,45.16004385239374,Montmirail - Merlancière
4.941392702212369,44.860046430393275,4.942711595408612,44.86100176952839,La Tour
4.980695420457486,45.12126043194702,4.981928881892271,45.1221737676674,Saint-Donat-sur-l'Herbasse - Place Chancel
5.2397988338772565,45.07076068465137,5.24596027069192,45.07212407596568,Saint-Hilaire - Saint-Nazaire Gare
4.765848375436422,44.941059927295385,4.767520904005778,44.94202935848273,Le Fringuet
5.026652456212025,44.93793643874881,5.02808814764886,44.93901306129082,
4.9638853418387,45.059611941274134,4.965212139370834,45.06059299295549,Clérieux - Les Sables
5.046256024218703,45.00496594355355,5.047571601590763,45.00585844359324,Bourg - MFR Mondy
5.206868841891483,45.084706937834284,5.208541162442191,45.08566296253853,Pont du Furand
4.920701902203015,44.96872055465704,4.921969297444038,44.96962024530343,TAD Ferme Muscat
5.2254670964296634,45.11379891581814,5.226732702224466,45.11475088394043,Les Roberts-Croix
4.924497633139381,45.12660601946465,4.926424169494298,45.127684878769216,Les Blaches
5.006108950600258,44.86153234695013,5.00767734167328,44.863385252427,Montvendre - Les Romieux
5.0385664504523096,45.03243814780726,5.040230253073788,45.033413203738384,Soreno
5.225529083344915,45.17121165746137,5.226800716242386,45.1721111424977,Chabeaudière
4.913117212528842,44.92005035550082,4.9145044364231225,44.92095764262659,Prévert
5.108432333478372,45.06118632254917,5.109667662524056,45.06209347703359,Le National
4.952292333747826,44.974320578896574,4.953550531081131,44.97526184969242,Le Plateau
5.246459429223211,45.1326052770971,5.248117154847658,45.13364445164261,Les Thomassons
4.980397722792577,45.12266828282365,4.98166847684092,45.123567917136526,Collège le Pendillon
5.023984461326072,45.03355004810394,5.026415804214734,45.03461183094137,Dullin
5.030979828451504,45.04403764235368,5.032334938220603,45.04506593408537,Romans-sur-Isère - Meilleux
5.047160691351196,45.11844939983094,5.048546041873874,45.119846067097725,Peyrins - Chapelle Saint-Roch
4.838906633852818,45.0693066952341,4.840167764424459,45.07026840437862,Nadi/Jaurès (B)
4.958836177691679,44.90629723392064,4.960474877980212,44.90741082210888,Trésorerie
5.125075476494686,45.01550909423988,5.12644361206397,45.01648752494971,Papelissier
5.252953624346561,45.15960676497773,5.254224975235893,45.16050623498123,Chapaize
4.923634204061247,44.9317071080634,4.925133613847095,44.93269030047578,Beethoven
4.875033624795013,44.87107662049818,4.876493055241063,44.87202978842587,Joliot Curie
5.1038803498224645,45.016226509042454,5.105148649790145,45.01712609091722,Chapoutier Debayet
5.057380554533256,45.0314106677,5.058636528284157,45.03238085783967,Pirraud
4.9259642703114705,44.931530185506695,4.927482401574179,44.932484892746665,Asti
4.969617622175204,45.02299307201783,4.970886177461965,45.02389272794241,Le Coppe
5.046026937423576,45.050161877028664,5.047335331922892,45.05122207484609,Bonnet
4.981821616838237,45.03295287611718,4.983090382796519,45.03385252384302,Centrale Electrique
4.912643242648387,44.93775142456518,4.914042061634857,44.938792149618095,Romans
4.927106175882934,44.927645308697066,4.928454748143164,44.92885708870931,Gounod
4.954598448205015,44.9006364589322,4.955971884415669,44.90168705207582,Mairie de Malissard
4.822848858923095,44.923974625959595,4.824115340742599,44.92487437400124,TAD Contèze
4.871426761725124,44.92571986890288,4.87332502469594,44.926976538095495,Jouhaux
4.995723231152783,44.93624480321203,4.997343869025274,44.937311396325406,Bayet
4.913461860072925,44.941150258084285,4.915067535097991,44.94208782421011,Seignobos
4.979172347124724,45.121113934142414,4.9804421493541255,45.12204036558377,Saint-Donat-sur-l'Herbasse - Place de la Marne
4.82882812754253,45.06823269695719,4.831727071936614,45.06972910021192,Quai Farconnet
5.047279582997163,45.04179776001179,5.048635709723634,45.04276739617147,Pont Vieux
4.85580162026039,44.91364532717355,4.8577530082795315,44.915618131207,Les Freydières
5.051758602917465,45.07033829431266,5.053420859346488,45.07132267441739,Monteil
4.872763079704129,44.938613846014846,4.874677121088711,44.9396284040872,Tilleuls
5.347934653183929,45.12482029223497,5.349205146381667,45.12571970772353,Le Carra
5.077269448630599,45.087704607052885,5.07853935098563,45.088604192906914,Génissieux le Haut
4.845261503800604,44.9448898593502,4.848323658901359,44.94708555153332,Bouvat
5.14440224642124,44.967986416830364,5.145800163734398,44.968942568362195,Rochefort-Samson - Les Marnes
5.308917188957286,45.134912066691896,5.3102526125617375,45.135867833285644,Avant Carrefour Seillère
4.898791558783963,44.91928966834533,4.9001431982635095,44.92033512786794,Desmoulins
5.045861765973023,45.03981669437353,5.047130633649835,45.04071630558638,Clémenceau
4.889059096122932,44.936643275472235,4.89035970003767,44.93751772425509,Thannaron
4.917756249619926,44.93217310725243,4.920177652728344,44.9334036718732,Mozart
5.023320502671632,45.00852108559989,5.024588696955915,45.00942071436015,Hameau Les Drets
5.042847546090514,45.0553036790332,5.044906567564872,45.05676281707283,Collège Debussy
4.894795375748487,44.93423624536555,4.896171309305799,44.935163563225196,Turin
4.947628259453131,45.014160993165625,4.94887813863913,45.015087706522706,Châteauneuf Ardoise
4.863459618312189,44.89418961400396,4.8648871710864965,44.89514497435862,Coeugnet
5.267484577325449,45.12841026702223,5.268755222254927,45.12930973293667,Montmartel
5.136851665239645,44.95616241621061,5.13815483265677,44.957099483699274,Barbières - Village
5.198172882819334,45.193736486872965,5.199597020797291,45.19479331315426,La Jayère
4.893955443168427,44.92475281006796,4.895241254445183,44.925679189795055,Place de la Paix
4.912642358304438,44.92817521602235,4.914240540817784,44.92957150221691,8 Mai
4.9375724745886345,44.85047002323359,4.939144286767822,44.85155095709185,Les Trois Becs
4.962861988148626,45.05430742286987,4.964334502291825,45.05536283646991,Clérieux - Transformateur
5.020416830380767,45.15158446380433,5.021898771646514,45.152494635708834,Charmes-sur-l'Herbasse - Les Grands Verts
4.837615189541778,44.92166292948917,4.838881610121254,44.92256267047164,TAD Pinatte
5.076671342565541,45.04212737677651,5.078057693492938,45.043109072372104,Général Albert
5.008698476825327,44.84080633254599,5.0100643299135355,44.84194216737705,Montmeyran - La Paillette
4.85683144066894,44.91763263404638,4.858097758990634,44.91853236591433,TàD Croisières
4.974551166071586,44.98727772822725,4.976109605214624,44.98834282679174,Marc Seguin
5.083926396322058,45.083641808633956,5.085196203293014,45.08454139132582,Génissieux Église
5.080954453694497,45.042115898547586,5.082369751398468,45.04304734824687,Collège Lapassat
5.276661417873311,45.10611654996073,5.280145092734925,45.10728900679787,Le Bois de Claix VC
4.913657592615066,44.95505309680296,4.917327422295771,44.95633281378897,Econdu
5.075899007067624,44.98637317141439,5.077170193520719,44.98734832846324,Chatuzange - Les Bernards
4.910742082506122,44.91282326796406,4.912037228482486,44.9137769233655,Abel
4.863050630161507,44.973346240041195,4.864318169496048,44.974245959919486,Hameau des Combeaux
5.268187730008783,45.11558363720273,5.269532175351737,45.1166363626955,La Croix de l'Image
4.938536283454018,44.959481976290725,4.940138927651853,44.960980724060825,Plovier
4.948212379723975,44.97046885809,4.950062094679462,44.97201498502253,Champs
4.838516780285999,45.053732735512895,4.840137197212819,45.05554159007047,Hélène de Tournon
4.880926006107605,44.96088679360693,4.882418233218725,44.962078695802184,Sapins
4.922457645223976,44.92835611730119,4.924968382884251,44.92986653817049,Bizet
5.025387573073504,44.93526891414584,5.026894279058639,44.93623035086716,Saint-James
5.017582717366992,44.89766007133844,5.018906781432317,44.89860592863091,Chabeuil - Gare Routière
