min_x,min_y,max_x,max_y,name
9.091539301505192,48.94115871331405,9.093002997156836,48.94212688665941,Entenäcker
9.162271074828498,49.07473432686635,9.163640325134923,49.07563387309839,"Lauffen, Spielplatz"
9.160622852645485,48.98005024006661,9.162356141390024,48.98125376007403,Husarenhof
9.23838783536646,49.32352114844008,9.239763964579186,49.32442065152467,"Allfeld, Ort"
9.282611217218346,48.96674383494616,9.284270175778047,48.96843736416954,Blankenstein-/Steinstr.
9.193308610867108,49.05034912571602,9.194677189089402,49.0512486742487,Rohr/Hart
9.179593314007036,48.93483713315528,9.181130616379278,48.935777569248835,Starenweg
9.281545232733938,49.00529862506856,9.282912567202935,49.00619817489609,Aussiedlerhöfe
9.15982286072015,49.075754926891975,9.161192139243818,49.07665447307277,"Lauffen, Kindergarten"
9.449520199504352,49.03631471948552,9.450890504251818,49.0372367802988,Spiegelberg Schule
9.144306928890572,49.06891666982228,9.145740368203178,49.06987713011661,"Lauffen, Stauffenstraße"
9.190822156876758,49.05100336433631,9.192450565614038,49.051945815087755,Neckarwestheim Schillerstraße
9.503762122673127,49.17562901106206,9.505170882520677,49.17649938864988,"Pfedelbach, Schloss"
9.499451894848757,49.19847777462018,9.500848609463516,49.19935122512138,Altstadt
9.489869214496737,49.208593413610664,9.491329688211808,49.20949068633745,Großenhainer Ring
9.255511280851573,48.94313171923519,9.256876919091306,48.94403128072948,Krankenhaus (Wendeplatte)
9.103413555381035,49.24261023893233,9.104787444595393,49.243509761032456,
9.290718946597872,49.06995353049481,9.292088053336736,49.07085306946985,"Abstatt, Happenbacher Straße"
9.241673376977529,49.202224822804084,9.243104024692132,49.20340137692544,"Neckarsulm, Karlsruher Weg"
9.03639314877862,49.04446217855317,9.038379647838306,49.04552161949579,Cleebronn Mitte
9.239662336588307,48.97980456837642,9.242511249432914,48.98165369520762,Hauptstraße
8.888951876585615,49.166279874335125,8.890467726954235,49.16718332566007,Adelshofen Friedhof
9.091501728905847,48.94326702754527,9.093079572732725,48.9442489719261,Birkenweg
9.411089291972772,49.20134374541072,9.412574105653565,49.20224545457069,Wiesenhof
9.18709343798871,49.141877847834955,9.188622457175656,49.142781452153265,Schollenhalde
9.287305367446887,49.08539475423916,9.288986327043848,49.08632984602053,Untergruppenbach Neugreut
9.213313053043246,49.134764102302995,9.214776943268836,49.13608439740861,Rosenberg
9.294372085554947,49.084579859859495,9.298231517993118,49.08640653578276,Happenbach
9.390308502684688,49.19159917258114,9.391811200525273,49.192609227417414,Siebeneich
9.261170581499897,48.9427431291386,9.266927917993138,48.94457435555717,Marbach Bahnhof
9.2399395451004,49.13234184734541,9.242144557199373,49.13328495299855,Fichtestraße
9.20181863877667,49.12584828405459,9.204132264953774,49.12682081655004,Wertwiesen
9.28484219421176,49.06582219851905,9.286224805811083,49.0668397013388,"Abstatt, Siedlung"
9.099733810805114,48.97574176975107,9.101229192207446,48.976748730245895,Waldhof
9.29096926875489,49.00018226814642,9.292431531023208,49.00108263182688,Bachstraße
9.272924324145505,49.042375627644844,9.274292675793184,49.043275172319824,Ilsfeld-Abstetterhof
8.918324783260958,49.2191994829881,8.91981471351193,49.220099316977816,Reihen Gewerbegebiet
9.463493741638583,49.13669114467533,9.464864658256896,49.13759065528918,"Unterheimbach, Schule"
9.216635389386807,49.123102637710815,9.218287022805336,49.12508516170988,Hessenhof
9.221307396499087,49.23304492466465,9.22327120492003,49.23422937465728,"Hagenbach, Ohrnberger Straße"
9.483596224195308,49.18041943273304,9.485062375532959,49.181375567201165,"Windischenbach, Schlaghälde"
9.237506457176323,49.18294407351,9.239001644786,49.18393342647513,"Neckarsulm, Robert-Mayer-Straße/Trendpark"
9.23776585022221,48.98191832167295,9.239132549724518,48.98281787829173,Melchior-Jäger-Halle
9.270271579943232,49.125582934063026,9.271642219995792,49.12648246590166,Waldheide
9.33851643314816,49.23734899129595,9.339939473268558,49.23836740847385,"Neuenstadt am Kocher, Benzstraße"
9.17857024208383,49.117323546920176,9.179949258492295,49.11833015300757,Gutedel
9.317843095694533,49.182612340451655,9.319215304233575,49.18351185951303,"Eberstadt, Grundschule"
9.437581296048984,49.161558845018526,9.438952903852204,49.16245835494601,Scheppach Bahnhof
9.292159080530487,49.15455882084094,9.294358270332909,49.15587674411606,"Weinsberg, Öhringer Straße"
9.247939526964103,49.056645127867775,9.24930827298014,49.05754467209692,"Ilsfeld, Schule"
9.015078425870552,48.958485563388294,9.017279662522125,48.960073837025256,Bahnhofstraße
9.142876994787159,49.29651022422165,9.144253305049691,49.29744327572853,Schule
9.111107028628151,49.143349431275865,9.112478171346668,49.14424896868889,Kulturzentrum/Freibad/Schule/Bücherei
9.192211247621286,49.234616370937665,9.193585050327979,49.23560722851308,"Jagstfeld, Marienstraße"
9.217834804007577,49.17047547083475,9.2206034111004,49.171567643515985,Rötelstraße
9.066992572724219,48.957032830815066,9.068459631546025,48.95792546908395,Am Friedhof
9.412517936307008,49.09231017731476,9.414283866721483,49.09331612137656,Hirrweiler
9.402491820887459,49.13935105440844,9.404007182064479,49.14036664559595,"Eschenau, Schule"
9.422864753719354,49.20680910594921,9.424678941814955,49.20800779404606,Neudeck Abzweig
9.366212726865228,49.11249427743188,9.367712172164635,49.11347622251803,Hößlinsülz Wiesenweg
9.378804658992124,48.9883943591816,9.380762234269557,48.98938818767458,Allmersbach am Weinberg (Aspach) Röhrach
9.375420371488987,49.10794695831829,9.376983131007334,49.1089845416754,Seemühle
9.194377831070845,49.14336533302967,9.195748968885217,49.14426486693507,Landwehrstraße West
9.080645715001365,48.90731241562457,9.082085943577166,48.908613574807646,Heyd-Schule
9.150630307142023,49.00954295916652,9.153108658873606,49.01215283714742,Walheim
9.184332620419138,49.146081624422244,9.185974386743341,49.14726477571657,Kastanienweg
9.15366831141066,48.955229317315485,9.155034288554905,48.95612888264922,Pleidelsheimer Straße
9.413509088122986,49.212598547606596,9.414882111783387,49.21349805235796,"Langenbeutingen, Altes Lagerhaus"
8.849295646976971,49.04709890758978,8.850758350049944,49.048388592063205,Maulbronner Straße
9.143824744654369,49.041930037261466,9.145570448246783,49.04316916293456,Schillerplatz
9.105602563796593,49.02244487323305,9.107434330020268,49.023410127286176,Sonnenhalde
9.376292301526782,49.06638893413855,9.377661298388636,49.067288465826024,Kaisersbach
9.242041915836918,49.20061486102945,9.243458885632034,49.20175773875813,"Neckarsulm, Breisgaustraße"
9.09915650793513,49.079357216007104,9.10085359299303,49.08026668404481,Hausen Raiffeisenstraße
9.259231278903037,49.101499732118796,9.260789919456196,49.10247376739844,"Donnbronn, Donnbronner Höhe"
9.423793333215503,49.0701395325012,9.425154371720742,49.07099746710702,Wüstenrot Lohmühle
9.236703207533845,49.182128119968965,9.238042687122679,49.18305047959656,"Neckarsulm, Stiftsberg"
9.16648733535549,49.29075827920304,9.167866264751169,49.29172102072609,Abzweigung Hohschön
9.292310376622575,49.002139425245744,9.2936776233119,49.00303897471889,Hauptstraße
9.402329688822567,49.241341649229625,9.403703511086201,49.242241150734955,"Kochersteinsfeld, Rathaus"
9.113027795757423,49.24692383941355,9.114401804216826,49.24782336055123,
9.109421463010339,49.10456722821317,9.110791536964912,49.1054667717516,Wartbergstraße Ost
9.10428372063247,49.14530844294725,9.107717116396959,49.14688668561931,Badener Straße 35
9.197093808206358,49.236268142678185,9.198694992387985,49.23717255732859,Jagstfeld Hohe Straße
9.220486851561322,49.174300433146065,9.22208654998511,49.175210466911274,"Neckarsulm, Rötel"
8.972855390673194,49.10071380810777,8.974385809762378,49.10161599188079,Kleingartach Rieslingstraße
9.273846575660487,49.08822470083926,9.277291137595164,49.09024148837435,"Untergruppenbach, Kirche"
9.30306799655431,49.29595293685168,9.306584114047276,49.29804859894191,Siglingen
9.237340407912829,49.19880368958425,9.238678594946878,49.199724209944705,"Neckarsulm, Reutlinger Straße"
9.206245562544826,49.15304754518569,9.208560406125455,49.155200266723426,Zukunftspark Ost
9.318894824811991,49.025414707359204,9.32028527652129,49.026501492528695,Oberstenfeld Beilsteiner Straße
9.368800016469264,49.2201740862992,9.370327382226431,49.22114071335403,"Brettach, Seligenau"
9.174326594179602,49.116208589092956,9.175884807792627,49.117235510877315,Möwenstraße
9.097884971191034,49.14749163140942,9.099256228786759,49.14839116855533,Eichendorffstraße 8/Hölderlinstraße
9.186427801568154,49.15287606812726,9.188066007730345,49.15412653202989,Maasstraße
9.387219112470904,49.135738989717005,9.388711384946026,49.136734310274925,"Affaltrach, Siedlung"
9.167128591752675,49.073514926881025,9.16849780820966,49.07441447308369,"Lauffen, La-Ferté-Bernard-Straße"
9.451769208271482,49.09605221674037,9.45420983640268,49.09717423495759,Äußerer Stollenhof
9.233515992144598,49.21142723951044,9.234889007802463,49.21232676045428,"Plattenwald, Klinikum"
9.179194183154246,49.18445610167559,9.18068851980353,49.18545709831762,Riedgrund
9.129280850318194,48.9245533079842,9.130652649564858,48.925538291936455,Alleenstraße/Alter Weg
9.30130059770756,48.94941982148113,9.302666402225087,48.950319378483506,Erdmannhausen Schweißbrücke
9.017430352805873,48.95810738411696,9.021083544713498,48.96026604722398,Sersheim
9.283215101923288,48.96367952187195,9.284581298013348,48.964579078092704,Friedhof
9.253595684191929,49.15698110625502,9.255038512052014,49.157876192953836,Wolfszipfel
9.215436040998135,49.066671811511945,9.216965762651785,49.06757778850726,Schozach Kirche
9.360170541526317,48.990488692272386,9.361628857707586,48.99143520756804,Kleinaspach Ortsmitte
9.277210555271939,48.97438802247981,9.278577044666001,48.975287577484856,Rich.-Wag./A-Ulrich
9.04762514918019,49.173086617020594,9.050588931116554,49.17481217345288,Massenbachhausen Heilbronner Straße
9.484529468671196,49.2109330385504,9.48625442384137,49.211887061842866,Huberinusplatz
8.985928587928175,49.20409723518694,8.98730141207485,49.20499676477784,Kirchardt Schule
9.142344695207452,49.08755802978946,9.143716898542399,49.088914770139475,Lauffen (Neckar) Siegersgrund
9.12371291133192,49.18337823510062,9.125090493257241,49.18431656463582,Kirchhausen Attichäckerstraße
9.18803726843471,48.95995274999702,9.189667258253586,48.96100118107241,Fischerwörth
8.909052718197415,49.216340836689966,8.910538880765253,49.21731456326922,Reihen Alte Steige
9.246595858162436,49.202527254930736,9.24837655194778,49.20402746443733,"Neckarsulm, Albstraße"
9.495105200245872,49.18855359190517,9.496631891265613,49.19020580778957,Öhringen Steinsfeldle
9.121497238425398,48.95153716474512,9.122879158626834,48.95269213518766,Fischerpfad
8.972446046591042,49.09955821806907,8.973974055829947,49.10046488195798,Kleingartach Kirche
9.13938463084493,49.188920094853145,9.141084867560384,49.18983510525195,Biberach Maustal
9.13308538209051,49.11048842907272,9.13445561787941,49.11138797089203,Friedhof
9.315349231587534,49.01971025749519,9.317021475258121,49.02090534266327,Oberstenfeld Nussbaumweg
9.28271748051419,49.0858013879528,9.286615322776308,49.08679611282185,Untergruppenbach Siedlung
9.149872455545195,48.92055690575625,9.151259046689594,48.92147889415376,Breuningerland
9.442405577525077,49.04733284192109,9.44431471439932,49.04867725832576,Spiegelberg Gieshof
9.135208300246182,48.996275336023714,9.13823011957971,48.99885378561172,Bahnhof Bussteig 2
9.22376119220393,49.169389385557956,9.225236979092928,49.17095936974433,Kaufland
9.288897742452617,48.9967226357711,9.290492953400152,48.997650962917625,Großbottwar Waldstraße
9.328365901646977,49.29123732006743,9.331049641998817,49.29363940713759,Züttlingen
9.14983575920714,49.07557937109306,9.15168264236514,49.07664942781324,"Lauffen, Postplatz/Elefanten"
9.194872109268697,49.19561493713363,9.196244690687132,49.196514462831104,"Obereisesheim, Mühlstraße"
9.136121012173616,49.28335052020352,9.137614488646983,49.28430817959417,"Neckarmühlbach, Wilhelm-Hauff-Straße"
9.188612898992524,49.13965115979327,9.193615948427508,49.14286822470859,Grünewaldschule
9.203891152050028,49.14060950281621,9.20980933159403,49.144045922544926,Heilbronn Hbf/Busbahnhof
9.24569079983388,48.98195450618716,9.247310594744393,48.98287849397327,Talstraße
9.220803013313821,49.14827158802948,9.224243453735916,49.150288041003954,Technisches Schulzentrum
9.208127084505321,49.16827101262783,9.209598019312683,49.16917198650023,Albertistraße
9.047873057388465,48.95096790918149,9.049333243917415,48.951909890583316,Winkels
9.449528125201997,49.09559336191989,9.451063366184588,49.096592951442,Stollenhof Abzw. Wüstenrot
9.26775851313111,48.940814419494274,9.269124086809043,48.9417139804704,Schwabstr. 43
9.098811314502859,49.20947373627451,9.10018428547465,49.21037326369028,Betriebshof
9.408437157898383,49.21380583172114,9.411199743595974,49.21474256854627,"Langenbeutingen, Mitte"
9.146690925922748,48.9481138328401,9.148169068602504,48.949155067093486,Agentur für Arbeit
9.191937537966396,49.23746963370235,9.193339966142164,49.23834416548772,"Jagstfeld, Goethestraße"
9.22062372165516,49.1368802332714,9.221994678295008,49.13777976669332,Cäcilienstraße Ost
9.225704997370435,49.18934393753504,9.22707740257845,49.1902434624297,"Neckarsulm, Häußlerschule Nord"
9.229330354727807,49.198833701919824,9.23080074228967,49.199818298053486,"Neckarsulm, Realschule"
9.21831959224063,49.18503849133483,9.219818708131944,49.18593990864576,"Neckarsulm, Ganzhornstraße"
9.216086864242309,49.223135929271024,9.21773650685114,49.22421367456038,"Kochendorf, Mitte"
9.323542727637367,49.0947353807976,9.324985859324778,49.09662781906187,Oberheiniret Ortsmitte
9.09633401374592,48.94513403797966,9.098183082415131,48.946080062392376,Gerokstraße
9.305209333237581,49.298636263922475,9.306691367384062,49.29980753503112,"Siglingen, Grundschule"
9.16293648090566,49.22535782276198,9.164378120637977,49.22628617701486,Grund- und Hauptschule
9.229082878507247,49.183949741369965,9.230660123427175,49.18498505858787,"Neckarsulm, Carmauxstraße"
9.439014778571261,49.16283404520468,9.440386421329599,49.16373355475986,Scheppach Mitte
9.50307769528322,49.191024951557075,9.50445010460303,49.19192444840739,Theodor-Storm-Straße
9.204541898891641,49.197019936714284,9.206013100826167,49.197978763215545,"Obereisesheim, Mühlrain Nord"
9.089056566033683,49.26986445672226,9.090556418397016,49.271953943077406,Siegelsbach Mitte
9.128820118332786,49.10784772878889,9.130190281638097,49.108747271175865,Pfarrhaus
9.2432687152273,49.18910492040922,9.244871985331946,49.19013177939432,"Neckarsulm, Aquatoll"
9.376804459766277,49.12031293838843,9.378174940148796,49.12121246157616,P2 - Breitenauer See
8.986150534847877,49.25842233943838,8.987524865155107,49.25932186052639,Hasselbach An der Weed
9.488648584317401,49.19481155455577,9.490125012100368,49.195808445411394,TÜV
9.196252929078684,49.198431583577374,9.197800669607814,49.19933781644819,"Obereisesheim, Friedhof"
8.899170824435872,49.10009012771885,8.900540775586634,49.10098967224591,Mühlbach
9.143693141938167,49.192329327913875,9.145604153946342,49.193561671932564,Biberach Alter Friedhof
9.20922243651109,49.11773297765188,9.21071656586508,49.118727822339686,Max-von-Laue-Straße
9.193615529279219,49.278132245664814,9.195169973530954,49.27908015359508,Bachenau
9.445722758054668,49.03592769169653,9.447566836918783,49.03715750832703,Spiegelberg Sulzbacher Str.
9.510044048076553,49.19449115231313,9.511416551808106,49.195390647651344,Panoramastraße
9.122001543059564,49.142322531370674,9.123372656912801,49.1432220685941,Kirchenplatz/Rathaus Mitarbeiterparkplatz
9.09769013918987,49.01857825074658,9.099220659732847,49.01957984918578,Erligheim
9.14550194630069,48.94598841539006,9.146938456872782,48.946894284006206,Buchzentrum
9.474762882888367,49.19893995027502,9.476135517004238,49.19983944968949,Flürle-Ring
9.371939325374992,49.073893037513116,9.37344997222582,49.07479796249735,Etzlenswenden
9.19094996695961,49.13350193216641,9.192320832997243,49.13440146779833,Schuchmannstraße Ost
8.954764477174054,49.262589939888755,8.956138922836042,49.263489460076045,Adersbach Rathaus
9.279435031206447,48.96884022213016,9.280801368731018,48.96973977783449,Mörike-/Goethestr.
9.328625194468698,49.18355730814119,9.330103906048848,49.18451269171225,"Eberstadt, Siedlung"
9.18702886735201,49.09810498390556,9.18852922861707,49.09912811608491,"Talheim, Rauher Stich Industrie"
9.213639197291073,49.147135345306225,9.215025620527944,49.14933425455548,Europaplatz/Bildungscampus West
9.271834786374137,48.97127736533002,9.274136759813679,48.97312637052341,Schulzentrum
9.193158240608836,49.15521372285144,9.194818231755885,49.15702019199354,Fleischbeil Nord
9.250415199486286,48.95734053937368,9.252948916932686,48.95860381500122,Murr Blattert
9.13374659189457,48.92089314672908,9.13650431774212,48.92201405512786,Ludwigsburger Straße
9.168100761933573,49.11532133804456,9.169943039706878,49.11624286211299,Kelter
9.49165498754059,49.205952851945185,9.493027812348162,49.20685234801929,Kaufmännische Schule
9.199457865515184,49.165073608769674,9.200856638201326,49.16595609056423,Liebermannstraße
9.06720931515732,49.07643786454256,9.06999246526663,49.07878192417242,Brackenheim ZOB
9.23932221446253,49.19923030112772,9.24074509205222,49.20025259863835,"Neckarsulm, Neubergschule"
9.200313170213342,49.11809450697631,9.202770228243878,49.11966181809676,Friedhof Sontheim
9.333078747486057,49.23672674536902,9.334452452438402,49.23762625459562,"Neuenstadt am Kocher, Grundschule"
9.339576106127053,49.14646889782046,9.341379672556572,49.14750122504489,
9.338969686316473,49.147728461183384,9.34219046342461,49.14906083249528,Sülzbach
9.123016169757616,48.93949023863721,9.124823420649925,48.940842261690854,Dürr/Rosenstraße
9.058696585486166,49.23964321517217,9.061990366387016,49.240668680141866,Babstadt
9.24870527586733,49.24115412019661,9.250129627194873,49.24210577972064,"Oedheim, Heuchlinger Straße"
9.190220820511907,49.15136593354609,9.191592179445072,49.152265466418655,Sperlingweg
9.286515740123109,48.96821812235694,9.287882059812773,48.96911767760771,Starkenäcker 11
9.072124824213555,48.96879581710821,9.07349117577019,48.96969538285652,"Kleinsachsenheim, Wilhelmstraße"
9.20627331590032,49.19222333013532,9.209169087841818,49.19351806572422,"Obereisesheim, Freibad"
9.32803260548476,49.02576187251013,9.329467921213293,49.02672345630775,Oberstenfeld Kreuzstr.
9.226168445773133,49.0843115293249,9.227537954175922,49.0852110706398,"Flein, Abzweigung Talheim"
9.461166052704675,49.085034640482135,9.462535547191608,49.08593415948236,"Wüstenrot, Löwensteiner Straße"
9.407873354903915,49.1004379843193,9.40926094962643,49.10138621545735,"Löwenstein, Abzweig Lichtenstern"
9.209650852102223,49.17167825684206,9.211095043485036,49.172666343052796,Lichtenbergerstraße
8.942007578714982,48.9940527189492,8.94337462129783,48.99495228101557,Hildenstraße
9.099495993178193,48.94290208596798,9.10129491475278,48.943878814611175,Zahnklinik
9.115931914348776,48.9425071479099,9.118997989386264,48.943502152890744,Waldschule
9.238751301301201,49.212294180501154,9.240390602913816,49.2132309180963,"Plattenwald, Ehrlichstraße"
9.158177763203842,49.07557022684147,9.159547036760495,49.076469773123264,"Lauffen, Marktplatz"
9.217667624518462,49.22569941415319,9.219059270528172,49.22665538559155,"Kochendorf, Oedheimer Straße"
9.199671934832025,49.23710214051128,9.201045665122628,49.23800165945347,"Jagstfeld, Friedrich-von-Alberti-Gymnasium"
9.45188615574242,49.084749339877774,9.453255644155945,49.085648860086756,Wüstenrot Silberstollen
9.068778861750584,48.96798333388724,9.070342940019938,48.96933886501626,Kleinsachsenheim Neuweiler Straße
9.220721453715353,49.170782235928826,9.222093346234706,49.1716817640359,"Neckarsulm, Kaufland"
9.20178210712274,49.19291528218244,9.203397669401419,49.194748123519375,"Obereisesheim, Brückenstraße"
9.24668995774345,49.1343554339116,9.248060842200854,49.13525496605309,Badener Hof
9.037402254735245,49.170349732632246,9.038774145256166,49.17124926733255,Massenbachhausen Daimlerstraße
9.209504359596268,49.21788210495663,9.21221137825317,49.21997633579227,Bad Friedrichshall-Kochendorf
9.150811416840959,49.30273478112235,9.15220698341022,49.303778518711056,"Haßmersheim, Steg"
9.136786902513517,48.92742521037869,9.13969971265076,48.92869359260832,Stuttgarter Straße
9.43413798518737,49.08157776233726,9.435541315342238,49.08266743742543,Wüstenrot Stangenbach
9.356471768847046,48.99333995704732,9.357891427527731,48.99423194224227,Kleinaspach Sonnenhof
8.933715399588598,49.18627380085884,8.9356778518434,49.18841703948976,Ittlingen
9.364099831994695,49.060795928462795,9.365777769979626,49.06171327165666,Billensbach
9.35307440529218,48.96401817543114,9.354725593988983,48.96504492407455,Kirchberg (M) Frühmeßhof
9.259571802038149,48.941178499554,9.261264196840116,48.94221159978289,Marbach Krankenhaus
9.161154538619446,49.182249234465566,9.162633060023838,49.183195765269865,Fa. Böpple
9.401726754657933,49.1838797280902,9.404005741542113,49.185420921564656,"Schwabbach, Kindergarten"
9.23525982589097,49.20012248333576,9.236741572400021,49.20110021664469,"Neckarsulm, Danziger Straße"
9.288291884929043,49.05965516736146,9.291277605637312,49.060781434598226,"Auenstein, Weinbergstraße"
9.221481625862666,49.14076836700108,9.224522357636204,49.143372576339495,Harmonie/Kunsthalle
9.454741796536627,49.081411948323996,9.456250469543269,49.08230516195445,Wüstenrot Schönblickstraße
9.33144605523808,49.232359379560556,9.333754740963482,49.233330921061665,"Neuenstadt am Kocher, Schafgasse"
9.316350423747021,49.03010311357751,9.317893170590722,49.03110103925136,Oberstenfeld Mineralfreibad
9.35222098402588,49.1611221650794,9.353730940093934,49.16219221202065,Wimmental
8.93869459107842,48.99315201890541,8.940061608935132,48.99405158105934,Rathaus
9.194444773724321,49.12210336492513,9.195980324556796,49.12311393504424,Bahnhof Sontheim Nord
9.200630642825253,49.15156102148096,9.202286263296918,49.15272357864592,Peter-Bruckmann-Brücke
9.053934350839347,49.03988462251958,9.055302649148416,49.04078417744517,Abzw. Tripsdrill
9.392034046910494,49.026732131862936,9.393401953001575,49.027631668101634,Kurzach
9.025411697974725,48.99768702937522,9.026990799431628,48.99873687061926,Staffel
9.156607851081656,48.996234120591815,9.157974948883178,48.997133679372894,Albert-Schweitzer-Straße
9.459981305503673,49.18997184862396,9.461353694392313,49.190871351340576,Verrenberg Sportplatz
9.285135222019859,48.979842000506046,9.287404713206785,48.98096443444096,Kleinbottwar
9.196433252807562,49.067570539512936,9.197836446016705,49.06863145988687,"Lauffen, Landturm"
9.126083607165537,49.108653528803906,9.127453792805959,49.10955307116086,Nordheim Kiga Hauptstraße
9.063055940634749,49.00963976846992,9.0644036639557,49.010557231191356,Besigheimer Straße
8.975647093213773,49.15401964184497,8.978333901099498,49.15552982936632,Gemmingen West
9.277021599018493,48.963865721647956,9.278387800919523,48.96476527831668,Kleeblattheim
9.215097799866218,49.250257884519506,9.216560694339671,49.25168591527972,Heuchlinger Mühle
9.182951845730976,49.16441030720528,9.184328354762151,49.16538449267324,Hammerschmiede
9.44603020292982,49.0383762197444,9.447503105096894,49.03948928011854,Spiegelberg Löwensteiner Str.
9.202269916600796,49.1983750880463,9.204698185199359,49.20003718824512,"Obereisesheim, Fuchshalde"
9.17565833683326,48.9607466182467,9.177024463127388,48.961646181717995,In den Beeten
9.241132523066808,48.947312319071685,9.242498276879266,48.94821188089298,Kelter
9.220609775909713,49.12569063239474,9.221980424040488,49.126590167569965,Hohenstaufenstraße West
9.07228448755212,49.0828282625593,9.074137318507068,49.084089437544776,Brackenheim Danziger Ring
9.164242717722495,49.24451300955668,9.16621281349528,49.24827285603798,"Offenau, Bahnhof"
9.506103722528751,49.196307552180315,9.507476277356792,49.197207047784154,Nußknacker
9.151011790227384,48.94278052637655,9.152874805923545,48.94379187179332,Buchschule
9.372877055945855,48.96281985710763,9.374751041082854,48.963861541316,Großaspach Zwingelhausen Abzw.
9.297094563632264,48.94774006116723,9.300188248949972,48.94909429869173,Erdmannhausen
9.253294976846892,49.17572880720122,9.254637228534516,49.1766553923832,"Binswangen, Firma Becker"
9.03890112124479,49.06775656101167,9.040268176977355,49.06873593859073,Langwiesen Ost
9.183274764584587,49.18730869466161,9.186152034320761,49.18823420555248,Böllinger Mühle
9.10677353897756,49.23658793850977,9.10814726099812,49.237487461455025,
9.196962330752807,49.141147771381185,9.198385868928476,49.142254928089955,Wilhelm-Leuschner-Straße Nord
9.43249174288937,49.01998193362589,9.433859457013671,49.020881466338636,Jux Wetzsteinstollen
8.937964408393023,48.991887018812385,8.93933139162069,48.99278658115236,Pfarrhaus
9.38354427440668,49.16922371021331,9.385032570559735,49.17012295712167,"Dimbach, Mitte"
9.052204683451787,49.030540485358706,9.053879215732298,49.03144831468067,Wildparadies Tripsdrill
8.911670576225957,49.059931824412345,8.913039423793702,49.060831375552404,Zaberfeld Naturparkzentrum
9.278760077057344,48.9660766814493,9.28015829906003,48.96713660340245,Steinheim Kelter
9.182676825917065,48.95894610362972,9.184730283792485,48.96108519396846,Ortsmitte
9.320267515172263,49.03789931946054,9.321641684782255,49.03887838045261,Beilstein Breslauer Straße
9.197984757433295,48.9562869400337,9.199352143577105,48.95725545978455,Hohenzollernstraße
9.287902673684428,49.24904444440471,9.289276726250213,49.24994395555999,"Degmarn, Ortsmitte"
9.501869688080385,49.17272737789387,9.503370208759494,49.17365292137014,"Pfedelbach, Huber"
9.462837011651445,49.087545325744344,9.464447590213561,49.088457774332774,"Wüstenrot, Freibad"
9.135432820151447,48.939329416614314,9.137431381779454,48.940436381839355,Robert-Bosch-Straße
9.284535823051687,48.96213822180269,9.28590197688466,48.963037778161926,Rielingshäuser-Str.
9.437742091890463,49.029906475839134,9.439135205536541,49.03105802407498,Jux
9.110400075817813,49.14488501367579,9.115226325135538,49.146414445572695,Leingarten Mitte
9.20001457177506,49.212788338617685,9.201387628179567,49.21368786134706,"Untereisesheim, Durtal Brücke"
9.187869842060293,49.16663201885513,9.190032470353493,49.16772364423726,Schlegelgrund
9.092115508870961,49.039529874365954,9.093994943424034,49.0405007510101,Am Schloss
9.105155366612118,49.23459233832989,9.106529033363925,49.23549186163488,
9.392945160172209,49.13670404841873,9.394549638637788,49.13774145145864,"Eschenau, Gabeläcker"
9.439066094714295,49.17173932576462,9.441447133807367,49.17363793731856,Bretzfeld Bahnhof
9.04105842631011,49.138396485952946,9.044049052076572,49.139500715554206,Schwaigern West
9.017251109087482,49.084185143216736,9.019146260801023,49.086111755535136,St. Ulrich-Straße
9.17922350342035,49.14512192844414,9.182022806103705,49.14636548055648,Kraichgauplatz
9.195537024502938,48.929229527128086,9.199609872005118,48.93082617841817,Freiberg Bahnhof
9.48716109208707,49.191136750483324,9.488533507802778,49.19203624948117,Ziegeleistraße
9.439909314070773,49.16751014562479,9.441281085829862,49.168409654339726,"Bretzfeld, Fa. Schulz"
9.271674009532994,49.08670491578259,9.273629262326818,49.087867488018816,"Untergruppenbach, MAGNA (L1111)"
9.050676214354365,48.94752621525853,9.052041985634181,48.94842578470622,Breuninger
9.054998964187186,49.225038052838734,9.056794691602652,49.22624548022359,Treschklingen Ortsmitte
9.3243463235365,49.15625456879825,9.325834074297537,49.157157131191674,"Grantschen, West"
9.27523242426491,48.9693305220083,9.276598775673488,48.97023007795633,Musikschule
9.048197550221913,48.965117518938044,9.049568648486298,48.966108280751904,Bannhalde
9.165915776917075,49.163784173552685,9.168144930534881,49.16480016629466,Maihalde B39
9.202410215542026,49.10302844882535,9.204693584154223,49.10393365120094,"Flein, Talheimer Straße"
9.1478592520891,49.071412554735694,9.149341544679361,49.072311845223076,"Lauffen, Bismarckstraße/Evangelisches Gemeindehaus"
9.22669623998921,49.15490411082096,9.229252466446635,49.15594069033833,Käferflug
9.07615046003853,48.94420281522204,9.077516139944338,48.94510238474272,Am Türmle
8.989553325318441,48.97599401731528,8.990919874683739,48.976893582649474,Horrheim Feuerwehrhaus
9.103753491400852,49.0041941020037,9.105303905920314,49.005103598047434,Erligheimer Straße
9.226126149135702,49.1383097759834,9.228940643618555,49.139375825463055,Mönchseestraße/Landratsamt
9.15956785136676,48.996220420655206,9.160934948597415,48.99711997930951,Elser-Ring
9.062246599769493,48.955931216007976,9.063612600216468,48.95683078395673,Realschule
9.24245978825167,48.97915372161134,9.243826411694018,48.98005327835333,Schlossgartenstr.
9.415967979529283,49.21323454779652,9.41734102037653,49.21413405216807,"Langenbeutingen, Schulstraße"
9.220529105438947,49.19108980680308,9.223982344493757,49.194850238545406,"Neckarsulm, Audi Forum"
9.105079746961215,48.90625331518413,9.108168596963425,48.90741680241612,Klinik/Schule
9.36549387173269,49.133702368582526,9.367347722855433,49.13494433146923,Ev. Gymnasium
9.104621741883085,48.94268530812318,9.107247547383892,48.943819093826555,Schubartstraße
9.28426077303248,48.965799222078864,9.285627026903912,48.96669877788576,Blankenstein-/Hardtstr.
8.847101456827255,49.046892724453166,8.848469943206862,49.04779227551157,Schule
9.1660475543597,49.22873017182655,9.169486942407895,49.23035541527398,Bad Wimpfen
9.119915428501814,49.1433740314182,9.121286571471021,49.144273568546566,Kalte Gasse/Ärztezentrum
9.097468255526234,49.242590738848335,9.098842144451547,49.24349026111645,
9.202119396217602,49.169058110014525,9.203620204674548,49.17001948975643,Feurerstraße
9.152091208629825,48.99201712016531,9.153458191336027,48.9929166797994,Heckenweg
9.08785726602746,49.00232101990952,9.08922453395274,49.003220580055206,Sportplatz
9.196733080451553,49.16596269239018,9.198233016897762,49.1668657076033,Brünnlesstraße
8.895312309391178,49.07210172558068,8.896681490632165,49.07300127438407,Ochsenburg Wendeplatte
9.365831500050527,49.11732683759465,9.367201899867025,49.118226362369974,Hößlinsülz Käppelesfeld
9.188200681129052,49.234450226542734,9.189598022889015,49.23532547269346,"Jagstfeld, Offenauer Straße"
9.185457807488016,49.143990518275686,9.187849793101078,49.14525107965805,Derfflingerstraße
9.223129021636627,49.178939827432664,9.22547690870933,49.18107462977708,"Neckarsulm, Gewerbegebiet Süd"
9.256277318909474,49.278486813047266,9.257917182942498,49.27955038685355,Sportheim
9.152964914873053,48.99650404672291,9.154355286201568,48.997543952824174,Freibad/Fitkom
9.306083179878316,49.3134245501845,9.30745902005198,49.31432404978019,"Neudenau, Reichertshausen"
9.233538224524343,49.14547798928122,9.23520486974951,49.146410910957115,Karlstor
9.505634054910825,49.17949945083193,9.507006144974916,49.18039894913254,Erich-Fritz-Halle
9.498982582215953,49.16015490139101,9.500357916989763,49.16112829844601,"Heuberg, Ort"
9.270163065027905,49.10045417747426,9.271570335095733,49.10153582217321,"Donnbronn, Süd"
9.143699321222213,49.30805810626315,9.145241936826142,49.30896278514461,"Haßmersheim, Spielplatz"
9.3566874006426,49.233015946197725,9.35806099927653,49.23391545376693,"Neuenstadt am Kocher, Betriebshof"
9.216735535209386,49.095351081760796,9.218258768847742,49.09639031825299,"Flein, Gänsäcker"
9.433202202132774,49.16065424055082,9.435247147257396,49.16256194590947,Scheppach
9.214950617132237,49.16305943389484,9.216529977120784,49.16397396618001,Fiat
9.183861300236238,48.970769119235236,9.185227699722557,48.971668680729444,Friedhof
9.153959645496286,48.919685941971586,9.155688011768405,48.92067956532202,
9.380869709029586,49.222106967408074,9.382337289095904,49.22304243225631,"Brettach, Cleversulzbacher Straße"
9.126271546141695,48.938795983874215,9.128080754770153,48.939708016198544,Dürr/Marbacher Weg
9.49552792303461,49.20341745200934,9.496900676853278,49.204316947955164,Untere Bürgstraße
9.289804958849848,49.076045728312664,9.291176955156981,49.07796727157202,"Abstatt, Industrie"
9.380317737241437,49.10070156573242,9.382230561530553,49.101802533099956,Löwenstein Reisacher Straße
9.358166551739759,49.05824594755488,9.359563247719244,49.059161552380615,Maad
9.195964924611953,49.15085294497827,9.19759977222782,49.15177215515942,Saarlandstraße
9.275008713953017,49.09166181300823,9.276736375187724,49.093017387285215,"Untergruppenbach, Alter Friedhof"
9.226830020875182,49.3029783464631,9.228205579073148,49.30387785350164,"Bernbrunn, Ort"
9.194623853440836,49.20687403800833,9.195996746515027,49.20777356195642,Untereisesheim Danziger Straße
9.139619087821234,49.11042121948727,9.141150353708134,49.11180048807206,Nordheim Auf dem Weihen
9.132359612268933,49.28322604860466,9.13400638697733,49.28413235142297,"Neckarmühlbach, Ort"
9.05807361934583,49.209075535801155,9.05944658064089,49.20997506416364,Fürfeld Untere Torstraße
9.11437629299393,48.997295452671715,9.115803702888483,48.99817774642199,Heinkelstraße
8.999850570806956,49.067548424482126,9.001219629192928,49.06844797548264,Realschule
9.02350304509677,49.09593984505521,9.025529151694172,49.096889855357986,Krämerstraße
9.186457652431965,48.9362592246894,9.187798853381642,48.93720477488555,Bilfinger Straße
9.27367946033383,49.15266336938877,9.275802496147708,49.15371524390428,"Weinsberg, Weidachstraße"
9.146999694318637,49.19877107832589,9.148471104536885,49.19971682145577,Biberach Franz-Lehár-Straße
9.170224321928261,49.13915165478387,9.171709477185567,49.14012454516906,Haselter
9.248862523344375,49.055491844979876,9.250717631573917,49.056458559643545,"Ilsfeld, Backhaus"
9.018151490126764,48.99930170069801,9.019534512348322,49.00042759923316,Hohenhaslach Steige
9.399495371972785,48.97351519144161,9.400864729370719,48.97453060851188,Großaspach Hohrot
9.13090064931246,49.10560152865023,9.132270750657957,49.10650107131451,Hausener Straße Ost
9.1827579942357,48.963885118667896,9.184124205723355,48.96478468129683,Brühlstraße
9.406654966392239,49.06912733598643,9.408024033516359,49.070026863978136,Stocksberg
9.006297599719199,48.9559055157377,9.007663600279246,48.95680508422706,Sersheim Einsteinstr.
9.293202794611119,48.99946747628979,9.294656300942203,49.00046752362759,Großbottwar Rosenplatz
8.929167454716044,49.05512197307375,8.930765539666524,49.056241327008685,Zaberfeld Ortseingang Ost
9.294147245798694,49.16054670601934,9.29554791592302,49.161561636742945,"Weinsberg, Abzweig Weissenhof"
9.14936435167944,49.19632137322443,9.150897045519068,49.19726372607551,Biberach Hahnenäckerstraße
9.267833702333045,49.16906447508999,9.270163390336226,49.170317790179276,"Erlenbach, Rathaus"
9.138883137474119,48.99685056257453,9.140732858421096,48.99784993554383,Enzplatz
9.229634629424655,49.178087731792566,9.23246618352037,49.17928707069249,"Neckarsulm, Bechtle-Platz/Südtangente"
9.138949892376207,49.178453634407845,9.140976501981374,49.17943566627833,Kirchhausen Konradsberg
9.309938815186134,49.04355705106633,9.312337448964362,49.045443799421726,"Beilstein, Schulzentrum"
9.29876218265965,49.262853845923345,9.300136617272486,49.26375335404134,"Stein am Kocher, Ortsmitte"
9.085554561977116,48.94641056284727,9.087054340472179,48.947350536603025,Bissinger Straße
9.2734456885971,48.96648791085029,9.277243338241192,48.968308284201456,Steinheim Bahnhof
9.22383130886814,49.18305834797452,9.225376890793942,49.18433135076504,"Neckarsulm, Einkaufszentrum"
9.502263969131869,49.1797255500144,9.503748131437781,49.18068284982701,"Pfedelbach, Realschule"
9.319408074495987,49.133452636671215,9.320778925431947,49.13435216329345,"Lehrensteinsfeld, Lehrener Straße"
8.904874848878867,49.134604830345666,8.906245751142395,49.13550436961909,Eppingen Mühlbacher Straße
9.356370807108284,49.21474421871398,9.35784669528865,49.215674480827516,"Cleversulzbach, Kieshofstraße"
9.231678991138343,49.18981523775989,9.233051408809194,49.19071476220483,"Neckarsulm, Verbundschule"
9.278187292732186,49.14644463599511,9.279558507204989,49.14734416396958,
9.105186922280176,49.238934994414365,9.106998991682508,49.239952805415456,Bad Rappenau Gartenstraße Wendeplatz
9.203984814836561,49.166303835089096,9.205356585117283,49.16720336487564,Leinbachstraße Süd
9.110596065041806,49.140708731061274,9.111967134933131,49.14160826890349,Kantstraße 75
9.214371703181566,49.218626207634,9.215882627102575,49.220264047247184,"Kochendorf, Bergstraße"
9.398336816408369,49.10671757917173,9.400100796811653,49.1081915212278,Reisach
9.243750106200016,49.053600389410875,9.24528488678739,49.05471741058654,Ilsfeld Bahnhofstraße
9.060811693595635,49.138573630304116,9.062182706390516,49.13947316966067,Schwaigern Bahnübergang
9.027703906223731,49.083228864754766,9.029345567350756,49.084264157448615,Stockheim Aussiedlerhöfe
9.277312151040501,49.092512452887554,9.278762152165227,49.09379394684033,Untergruppenbach Freibad
9.197416045133904,48.953645335557574,9.19879115625406,48.95465126404592,Robert-Bosch-Straße
8.999370096020288,49.015397077054,9.000932802794141,49.01630392297563,Brunnenwiesen
9.349623860741826,49.14407939835121,9.35298645243502,49.14574492577511,Sülzbach Schule
9.314854997687487,49.175612196896815,9.316320504172555,49.17654690277815,"Eberstadt, Steg"
9.405345046208573,49.21557454738027,9.406718153699632,49.21647405258432,"Langenbeutingen, Mühlweg"
9.230232152210288,49.17716817791387,9.231816051453805,49.178105021003105,"Neckarsulm, Bechtle-Platz/Carl-Zeiss-Straße"
8.901636408533227,49.13451069044449,8.903527587362081,49.13552020759921,Eppingen Krankenhaus
9.349031286655629,49.16171134024476,9.35040291326552,49.162610859719884,"Wimmental, Bürgerhaus"
9.223055447544663,49.2762355824193,9.224618248595526,49.277669316859516,"Höchstberg, Bachmühle"
8.928975044630885,49.06221172440342,8.930343955384894,49.06311127556132,Gesundheitszentrum
9.259637077409778,49.210847260364254,9.261071201123613,49.21185748280702,"Amorbach, Lahnweg"
9.10977735213878,49.18425628265111,9.111931651873471,49.18534041482224,Kirchhausen Schloßplatz
9.168623013873377,49.038321785422994,9.169967988763828,49.039268614038,Neckarwestheim GKN Verw.
9.101501288938492,49.147744626964815,9.103318710869116,49.14882395574617,Eppinger Straße/Evangelische Kirche
9.462395955759726,49.07591512169125,9.464570953240461,49.076965979532375,Vorderbüchelberg Abzweig
9.251170185255216,49.238400684014444,9.253146414668208,49.23955291501669,"Oedheim, Hauptstraße"
9.192910927708088,49.20872773810773,9.194283872248157,49.209627261857015,Untereisesheim Herzog Magnus Straße
9.004890394529637,49.065287811064835,9.006265006141035,49.06628128887973,Güglingen Heilbronner Straße
9.052784889197016,49.286635810722515,9.054600812458578,49.28755598942693,"Hüffenhardt, Hüttigsmühle"
9.14347894836095,49.19686223976699,9.14536315569953,49.198082860100534,Biberach Hallenbad/Friedhof
9.406993192965627,49.16287932024251,9.408582240037854,49.16389126133588,"Waldbach, Kirche"
9.250086422706891,49.13935453939429,9.255144297911212,49.141494633072895,Trappensee
9.190286843244586,49.082385435757416,9.191779849599012,49.0834791641555,Talheim Hochstetter
9.358889008519853,49.137510688797796,9.360617588970905,49.13946997850958,"Willsbach, Sportplatz"
9.438210446323822,49.17498179577903,9.439703100738441,49.17595365549445,"Bretzfeld, Bretzfelder Hof"
9.10448904475522,49.07651373364954,9.106473256529725,49.07820471413138,Hausen Neckarstraße
9.39183233364398,48.99065226189076,9.393428764800202,48.99164263755535,Allmersbach am Weinberg (Aspach)
9.19620846741899,49.19650201687896,9.197850120989267,49.197844483287575,"Obereisesheim, Biberacher Straße"
9.225501473281073,49.183640135133324,9.227093028697464,49.18468356481798,"Neckarsulm, Hohenloher Straße"
9.405533892983378,49.13983734146159,9.406904906925138,49.140736858502976,"Eschenau, Schwabenstraße"
9.126390893685777,49.10236902831705,9.127760906285658,49.10326857164768,Hausener Straße Süd
9.203657009913547,48.960766246447406,9.205325311833095,48.961832962842244,Wiegehalle
9.41728833142036,49.07606001637415,9.418718366253323,49.07697688326363,Altlautern
9.443865019894211,49.189329087026195,9.445586275791563,49.19028701132702,Bitzfeld Schumm
9.49830460723958,49.19735335172418,9.499677192647717,49.198252848240294,Seniorenresidenz
9.330345942852663,49.29427084265722,9.332721586786715,49.29603257422429,"Züttlingen, Neuenstädter Straße"
9.496630101279896,49.20104513049937,9.499311522421866,49.20273901824573,Heilbronner Straße
9.153668272829192,49.030996987583784,9.15529952986455,49.03207561239024,Sportplatz
9.114638438601984,49.147785537040335,9.117510651681252,49.1494207716055,Leingarten Eppinger Straße
9.214015862932609,49.171700581587224,9.215391938360392,49.172717518364465,Dieselstraße
9.297086069328317,49.256627748719,9.299000950144237,49.25779340112576,"Stein am Kocher, Mäurich"
9.099209847168648,49.002603764655845,9.100567657769519,49.00353793501508,Freudentaler Straße
9.379436564144209,49.09428070592715,9.382091562537218,49.095471299370224,Post
9.425749157337151,49.03645329271624,9.427986343362548,49.037368007363206,Spiegelberg Parkplatz Zollstock
9.225532238434981,49.28919352772295,9.22703986244375,49.29017637221638,"Höchstberg, Bernbrunner Straße"
9.189047958739726,49.045726673301004,9.190564441693486,49.04670222650207,Neckarwestheim Rathaus
9.227955203221198,49.14213263390894,9.22966349290123,49.14327026610905,Karmeliterstraße
9.323005097929846,49.18108771686571,9.324325896690564,49.181994482630735,"Eberstadt, Am Hilber"
9.397035311853804,49.04982517484728,9.398676187640781,49.05085122472291,Gronau Prevorst Löwen
9.33123047955597,49.29869962455936,9.3335671176785,49.29987607287088,Züttlingen
9.177563819910132,48.95847605881437,9.179511475830155,48.959435041673125,Bietigheimer Straße
9.11142354263584,48.938198415208525,9.112789057339173,48.93909798475621,Neuer Friedhof
9.215540895101427,49.165552605238105,9.217498015945258,49.16699992110338,Imlinstraße
9.268664642256354,49.06810759079386,9.27007005620388,49.0691681084508,"Ilsfeld, Landturm"
9.16219121323539,49.02092212264888,9.163558986728152,49.02182167731585,Amselweg
9.246470448594454,49.20017233905712,9.247843151349711,49.201071860907575,"Neckarsulm, Friedhof am Wald"
8.986783057560924,48.97920078657204,8.988121246410486,48.9800988131049,Marktplatz
9.438509623458577,49.08503877518652,9.440032480666218,49.08607952482811,Wüstenrot Schmellenhof
9.15902581105218,49.22628169301799,9.160758093649052,49.22747188096878,Parkplatz/Seegarten
9.25437056710138,49.23496264205236,9.255744232840897,49.23586215791236,"Oedheim, Neuberg"
9.164683860460581,49.07565149337794,9.167770483934753,49.07704963960955,"Lauffen, Ilsfelder Straße/B27"
9.459531957442726,49.19344344886734,9.460904442453348,49.19434295109719,Verrenberg Abzweig
9.14329376647667,48.999554560651916,9.144782036364525,49.0005540393407,Auf dem Kies
9.033104568028003,49.067252365809225,9.035907241084972,49.06836173597443,Langwiesen West
9.196258120083588,49.167036798695825,9.198203623039369,49.168901283792366,Widmannstraße
9.08330201031193,49.28817380629507,9.084798487211103,49.28910969318229,"Hüffenhardt, Gewerbegebiet"
9.34566206959341,49.17850816632557,9.347267029196498,49.17941643372037,Hölzern
9.261312609046387,48.94108781928116,9.262678190895203,48.94198738068347,Ziegelstr. 6
9.244598940005686,49.20397290935641,9.246148863043828,49.20500949065755,"Neckarsulm, Rhönstraße"
9.196085432472843,49.19394123703527,9.197457967482714,49.19484076292949,"Obereisesheim, Einsteinstraße"
9.28126067133263,48.97323002254457,9.28262712860441,48.97412957742008,Spielplatz
9.132284157909442,49.112242829195466,9.133654442060653,49.1131423707693,LIDL
9.389326937264382,49.16670330941781,9.390710587177464,49.167690148159124,"Dimbach, Friedhof"
9.20013104621751,49.120522831397174,9.201501553737305,49.12142236856758,Raidweg
9.32140648357793,49.1762715401118,9.322778516349398,49.177171059852824,"Eberstadt, Im Wiesengrund"
9.13799573315206,49.19631280995597,9.139448661551945,49.19719568984856,Biberach Bonfelder Straße
9.14884544926884,48.9245139684529,9.150593447807184,48.925443331775114,Frankfurter Straße
9.044188097784534,49.04214370958078,9.045838906209344,49.04309098904675,Schloss Magenheim
9.145115990776823,48.92491485482862,9.14655231092778,48.92611654483456,Tübinger Straße
9.249479906479191,49.2134782269822,9.25112084022036,49.21484552584396,"Amorbach, Reichertsberg"
9.236053805047277,49.18103512367532,9.237584498916751,49.18207547634247,"Neckarsulm, Trendpark"
9.049487156099499,49.178592431601444,9.051265037376007,49.17982796856459,Massenbachhausen Herdstraße
9.164020718360002,49.1387550987965,9.16706432817549,49.139864576631176,Böckingen West
9.2118886769846,49.142049629651616,9.215064977653507,49.14406941614794,Experimenta Parkhaus
9.202907815349368,49.26377039351335,9.204497910770588,49.264677728432495,Obergriesheim
9.50019637725146,49.19230675145888,9.50156882263544,49.193206248505604,Siedlungsweg
8.998987679537835,49.204701935222,9.00036052046224,49.205601464742784,Kirchardt Heilbronner Straße/Industriegebiet
9.129642841101422,48.95994473832593,9.131013159205667,48.960917161617296,Kronenzentrum
9.133019722502466,48.96169551741431,9.134385877467698,48.96259508255041,Mühlwiesen
9.261291588252742,48.9639759693732,9.262786311616269,48.96494903051727,Murr Hardtlinde
9.174967365387825,49.139578615363234,9.177483333213948,49.14050848488469,Helmholtzstraße
9.14344923146841,49.07287181093651,9.144957573636148,49.073770589011424,"Lauffen, Hölderlinstraße"
8.980528969608365,49.183736733604995,8.981901230395877,49.18463626635979,Berwangen Kirche
8.976605452799436,49.242719438232974,8.977979347205705,49.243618961731805,Ehrstädt Schlossstraße
9.13317646708057,49.06966140940261,9.13472002975859,49.07056989063821,Lauffen Köberersiedlung
9.1809959396873,49.150689903497955,9.182614058716803,49.15174039640228,Florian-Geyer-Straße
9.277493044764846,48.96783952197737,9.278859355173054,48.96873907798727,Mörike-/Uhlandstr.
9.174490203052176,49.246531640600665,9.175864196908156,49.247431159364105,"Offenau, Südzucker"
9.137370338989943,49.07213047717789,9.138846160428756,49.07309652276362,Lauffen Abzweigung Schule
9.17943983284172,49.16366070438145,9.180817969633445,49.164667294763404,Burgundenstraße
9.033713508986356,48.98404276341784,9.035171195486026,48.98493213645151,Hohenhaslach Langmantel
9.449429001441795,49.16306431976372,9.451896085532425,49.16478978059375,"Adolzfurt, Wiesentalstraße"
9.235506726428472,49.15832793541779,9.236878273518284,49.15922746454695,Wartberg
9.218335466651194,49.178621597242824,9.22131998671169,49.18132941961105,Neckarsulm Süd
9.062532749491059,48.95808349540293,9.06411524968233,48.95898920461704,Bildungscampus
9.207016330403023,49.159860877207045,9.208711878398606,49.161123923011814,Containerterminal
9.278251090371027,49.09608888495073,9.27992721384301,49.09721951509961,Untergruppenbach Neuer Friedhof
9.320959740307563,49.12868613636626,9.322330459620042,49.12958566359839,"Lehrensteinsfeld, Friedhof"
8.855212184616274,49.05213632469909,8.856580815416034,49.053035875265635,
9.363349912743061,49.124156693404885,9.365083388149104,49.12520570592006,"Willsbach, Neuhaus"
9.335491475365425,49.24290335466924,9.338045024837342,49.24380874532545,"Bürg, Krone"
9.376257776028128,49.095981569030066,9.37778202207621,49.09693903050293,Löwenstein Teusserbad
9.05303036410344,48.937462086039844,9.054687536500555,48.93836781397891,Glemsbrücke
9.132648629120077,48.94606774349131,9.139275596950075,48.94993173960843,Bietigheim-Bissingen
9.308398838660747,49.011888077847516,9.310220047926764,49.01323327877044,Großbottwar Sauserhof
9.407000344463665,49.13611334125186,9.408371255444541,49.137012858712716,"Eschenau, Köberleweg"
9.223881507660707,49.15357610936573,9.225517796758735,49.154688390700265,Neckarsulmer Straße
9.332159966355256,49.09780513445065,9.333529833569948,49.098704665514,Oberheinriet Wendeplatte
9.157020533498578,49.281774363284306,9.15914793096613,49.28390157315253,Gundelsheim Bahnhof
9.214838735646914,49.12001655044877,9.217826827894292,49.122251865932725,Schwabenhof
9.109627336597754,49.033700522665114,9.110995463377538,49.034600077299615,Schlossbergallee
9.179360353361655,49.14900879420317,9.181391035785238,49.15049480621929,Buchenhof
9.018248100629883,48.95504401262529,9.01986420122605,48.956451685977875,Danziger Weg
9.17794867751545,48.96174565935976,9.179404161799148,48.9627025078772,Schule
9.12504109360263,49.10640748143262,9.126596908061158,49.10737951809129,Nordheim Kiga Südstraße
9.334055767874785,49.010282127681194,9.335423232050326,49.011181672283456,Oberstenfeld Lichtenberg
9.192895152123706,49.232252904443826,9.19426964673827,49.23322189535002,"Jagstfeld, Deutschordenstraße"
9.2748328847505,48.96490112164605,9.276199115188005,48.965800678318594,ASB-Heim
9.340177993969496,49.03489765711176,9.341618503425993,49.03586054284428,Gronau Krone
9.026492319866884,49.0683435338161,9.027921085939084,49.0693539659974,Frauenzimmern Backhaus
9.154439710171973,48.91865961446541,9.155804689793483,48.91955918549931,IKEA
9.058791360669332,49.22785614914814,9.060439549645714,49.2291472510259,Treschklingen Siedlung
9.405851891814496,49.18075368497511,9.408591711434436,49.18202191140681,"Schwabbach, Schwabenstraße"
9.505029297330058,49.19089185168177,9.506401702555756,49.191791348282685,Platanenallee
9.21913370996757,49.001734344276215,9.220507384470757,49.00269695539977,Ottmarsheimer Straße
9.499714361354075,49.19946534435361,9.501088833431409,49.20074225558203,Altes Rathaus
9.194321069442047,49.24900924129805,9.19569513051379,49.249908758666685,Duttenberg
9.404784690230029,49.107887846105264,9.40617911382619,49.10876345365394,"Löwenstein, Evangelische Tagungsstätte"
9.12364201635899,48.92086557769638,9.127420936812545,48.922857587075185,Tamm (Württemberg)
9.50847269717078,49.17781615686416,9.50995190246904,49.17878004306563,"Pfedelbach, Kelterstraße"
9.199989333968261,49.18149061565646,9.201443967951828,49.182390284310316,Neckarau
9.188917881282324,49.15404086446741,9.19240449429581,49.15519137464368,Klinikum Heilbronn
9.241682284998882,48.94288208691523,9.246284553990364,48.94523543698658,Benningen (Neckar)
9.04001243221244,49.04723301531104,9.041505065635185,49.048174984232816,Cleebronn Grundschule
9.241818700437689,49.20354147104875,9.24343359681295,49.20445702905812,"Neckarsulm, Heidelberger Straße"
9.135873360495932,49.260979234597016,9.137408441256497,49.26194076496224,Bad Rappenau Abzweigung Burg Guttenberg
8.952236978559496,49.262491939896975,8.953611421451173,49.26339146006782,Adersbach Mehrzweckhalle
9.296491663139971,49.179777577438436,9.298097342230916,49.18069722269068,Gellmersbach
9.513337856891296,49.19387945249675,9.514710342992625,49.194778947467725,Starenweg
9.269676475481631,48.966291408105306,9.271123419781368,48.96729319179138,Steinheim Murrer Straße
9.112860370196866,49.18358708031506,9.114621122925678,49.1845444201236,Kirchhausen Schultheiß-Hammer-Straße
9.21970514397063,49.13874393003247,9.222314252274428,49.14083370031826,Wollhausplatz
9.059803704703013,48.95340388869055,9.061391000179748,48.954320711414276,Oberriexinger Straße
9.090219379806692,49.2347027935181,9.091768914373896,49.23560970649085,Bad Rappenau Raiffeisenstraße
9.23463394395334,49.19862324291765,9.236100755996217,49.199577757000476,"Neckarsulm, Berliner Straße"
9.100060854761265,48.946428994464135,9.101656152771572,48.94760260563186,Rathaus
9.149565124358384,49.12353321614777,9.151098779496618,49.124574783872475,Schlüsseläcker
9.048463629003416,49.1432463305763,9.049834770985514,49.144145869388495,Schwaigern Leintalschule
9.289191123465589,49.00335146107292,9.290978973948738,49.00449953873637,In den Frauengärten
9.130010285214217,49.11025542899869,9.131380514756394,49.111154970966055,Lerchenstraße
9.509441605073524,49.19036585194802,9.510813994811295,49.19126534801645,Ahornweg
9.478751013947749,49.20643881142788,9.480216788494593,49.20736478812567,Westallee
9.218560526386781,49.136530233181645,9.219931473563848,49.137429766783065,Cäcilienstraße West
9.226161563892276,49.13383583320322,9.227532436056647,49.134735366761475,Silcherplatz West
9.297553515576896,48.94551143373476,9.29899308492188,48.946454905523886,Erdmannhausen Bahnhofstraße
8.985683200938048,48.98237050106287,8.987062599183425,48.983382598788445,Maulbronner Straße
9.274809564744098,49.29281984732358,9.27618483519337,49.29371935264115,"Neudenau, Grundschule"
9.271817767556623,49.082899930777835,9.273187232382183,49.08379946918686,Untergruppenbach MAGNA PT
9.141813445055936,48.96274166203658,9.14330474990585,48.963637237879794,Friedrich-Ebert-Straße
9.399317559488804,49.08747278505577,9.400857743359015,49.08838081498414,Klinik Neulauterner Straße
9.239419971202317,49.203732956596305,9.2407676313464,49.20466594298072,"Neckarsulm, Crailsheimer Weg"
9.129222860157466,48.99352712992508,9.130744237250733,48.99447146944035,Sachsenheimer Weg
9.058082374640566,49.24116633831295,9.059456225346127,49.242065861651845,Babstadt Ortsmitte
9.096849427770831,49.145591075136515,9.098485295583336,49.14666407750458,Leingarten Eppinger Straße West
9.14472449955192,49.29006415326237,9.146589902983159,49.29123834642749,"Gundelsheim, Böttingen"
9.11588941841196,49.144098231409394,9.117260581561778,49.14499776855535,Karlsruher Straße 9/1
9.141752507596724,48.94779610647429,9.14349779926323,48.94875279395318,Freiberger Straße
9.268276872397653,49.287559139219645,9.27559901357245,49.28954491774976,Neudenau
9.248602551373873,49.2080312477659,9.250721127272977,49.2100701220861,"Amorbach, Sonnenhalde"
9.074424173323777,48.96882441568243,9.076051126314029,48.96972738431369,Kleinsachsenheim Bietigheimer Straße
9.393803241413147,49.12174443940059,9.39517375849809,49.12264396056399,"Weiler bei Weinsberg, Siedlung"
9.148841709953372,49.26168145157757,9.150240190919167,49.26272394802107,"Heinsheim, Lindenplatz"
9.058574401738175,49.21004404442528,9.060706096252781,49.210979155860834,Fürfeld Volksbank
9.192639105737126,49.16884302451095,9.194814092094957,49.17011907455345,Länderlesstraße
9.154101521018415,49.072357252603354,9.15556517914074,49.07331034729767,"Lauffen, Wilhelmstraße"
8.910855792708006,49.1397123260085,8.912318504095936,49.140608173922395,Eppingen Rappenauer Straße
9.247946948755102,49.24347174249639,9.249320851188607,49.24437125746832,"Oedheim, Mäurichweg"
9.48502324208763,49.209187151753504,9.486396157802595,49.21008664821101,Möhrig Abzweig
9.458615343452465,49.15887538284345,9.460130357403019,49.15986431708522,"Geddelsbach, Abzweig"
9.219815315108756,49.22268215301222,9.221537480910255,49.223614747242685,"Kochendorf, Bachstraße"
9.13946576144489,48.96444705128387,9.140827233598037,48.9653856483949,Grünwiesenstraße
9.213178344762108,49.28928236714572,9.214738257083809,49.29030523281826,"Höchstberg, Müssigmühle"
9.137219781081217,49.04272502045891,9.138866717899527,49.04374297900348,Gemeindehalle
9.154424432546847,48.990274120078,9.15579136741849,48.99117367988672,Hartweg
9.146758829346863,49.30079359867186,9.148185375804665,49.30177990115217,"Haßmersheim, Ort"
9.27127107431536,48.94367421984863,9.272636725624004,48.94457378011603,Ringstr.
9.3688087694468,48.98111832707459,9.370175430470658,48.98201787288997,Kleinaspach Karlshof
9.446216938649085,49.0373540914436,9.447668160068208,49.03829180834096,Spiegelberg Großhöchberger Straße
9.07276350722717,48.9573752104515,9.07415029700288,48.95832078934363,Lichtenstern Gymnasium
9.139190501548285,49.070630624900105,9.141911402211436,49.072644177533824,"Lauffen, Schulzentrum"
9.357693504838254,49.13365669513681,9.359185494132182,49.134899004122474,"Willsbach, B39"
9.05637522136846,48.93772276745843,9.058168977198337,48.938848932170416,"Unterriexingen, Hauptstraße"
9.17442489248952,49.16212603279232,9.176206604452126,49.16313686584413,Gemeindehalle
8.893787707367673,49.064835882430074,8.895345589962966,49.06587391757256,Leonbronn West
9.164313817287901,49.2395063299697,9.165880880063394,49.24089136911646,"Offenau, Talweg"
9.183423431269023,48.940142280569596,9.185674065277484,48.94148551859886,Geisinger Dorfplatz
9.132705262199481,49.17943308653481,9.134352840621652,49.180409912495556,Kirchhausen Carl-Zeiss-Straße Süd
9.278361412045895,49.057853529063465,9.279730187891525,49.05875307090119,"Auenstein, Rathaus"
9.106554917126068,48.94537668208246,9.108263781399542,48.946469117685574,Bissingen Hallenbad
8.908730317711921,49.129606529905345,8.91010108230847,49.13050607005942,Eppingen Realschule
9.191718329027367,49.11448623069752,9.193088670929354,49.115385769267206,A.-Salomon-Schule
8.959160300172773,49.2609308397334,8.960534699836327,49.261830360231414,Adersbach Aubrunnen
9.40605629975649,48.98742269913438,9.40774433127692,48.989326514123746,Rietenau
9.222420123945797,49.12946693274565,9.223790876003989,49.13036646721908,Schmidbergstraße West
9.439026210264696,49.051004303335645,9.440492794592076,49.05189359653738,Wüstenrot Lautertal
9.065110953591967,48.95882427775055,9.06648024804594,48.95985892220206,Hauptstraße
9.054486083735144,49.1766842220536,9.056004316821019,49.17765737773513,Massenbachhausen Kirchhäuser Weg
8.974103315820802,49.061977933004755,8.975638487552382,49.06290896610644,Pfaffenhofen Ortsmitte
9.128838835850825,48.94605811611321,9.13020456412029,48.946957683851515,Karlstraße
9.29647968992839,49.2623201457882,9.297854110004266,49.26321965417652,"Stein am Kocher, Turnhalle"
9.154042645592995,49.06924739936473,9.15554897180847,49.07095523505525,"Lauffen, Mörikestraße"
8.994082641911525,49.06965202464876,8.995451758089649,49.070551575315996,"Hauptschule, Güglingen"
9.37099560735443,48.97835762696942,9.37236219256255,48.97925717299514,Kleinaspach Karlshof
9.256041394976164,49.2130071929246,9.257548336621353,49.21412733383117,"Amorbach, Weichselstraße"
9.381108136672248,49.22333744667824,9.382481463241401,49.22423695328635,"Brettach, Gemeindehalle"
9.136693106517262,48.99515930864038,9.138065992644165,48.99616079130621,Martinshaus
9.243129884866041,49.212791785629285,9.244775313621224,49.213703614447994,"Plattenwald, Europaplatz"
9.233468211618009,49.07212588876298,9.234903783648713,49.073007811035914,Abzw. Ilsfeld-Schozach
9.333220462691969,49.08426509064558,9.334726539663652,49.0852679093483,Unterheinriet Abzweigung Farnersberg
9.23277187176501,49.1377627410347,9.23440391934548,49.13899485910609,Friedhof
9.181645698797697,49.14264205913321,9.183079102443598,49.143744339982874,Bruchsaler Straße
9.103319265437065,48.96094481495475,9.104963532921133,48.961858085132455,Metterzimmern Kindergarten
9.137725568526559,49.070209304445605,9.139101232191466,49.07121019549543,"Lauffen, Stadthalle"
9.060041625319085,48.93514351560989,9.061647996169908,48.93676959766158,Industriegebiet
9.176721357691813,48.93470385479789,9.178233042906882,48.93569154511118,Palazzo
9.454135941957427,49.20897714974461,9.455508857939783,49.209876650219925,Schwöllbronn
9.276330878970988,49.05841437688061,9.278497163561358,49.06017923450914,"Auenstein, Hauptstraße"
9.062519450527418,49.16351748524261,9.063896248246724,49.1645074144678,Massenbach Volksbank
8.902714381124852,49.13169535944507,8.906412930790493,49.133846318308684,Eppingen West
9.114662120290589,49.024728124273366,9.116084975349507,49.025702975589944,Hofen
9.277837968945319,48.973390122425535,9.279204430992484,48.974289677539105,Händelstr.
9.284765022823926,48.96947672238681,9.286131377112344,48.97037627757784,Alte Kleinbottwarer Str.
9.10417138977096,49.102614527982816,9.105541410205467,49.10351407198194,Heuchelbergstraße
9.435136808729458,49.035962047893705,9.43663969207496,49.03686525210228,Spiegelberg Hüttlen
9.196979759626297,49.19198093690599,9.198352240329067,49.192880463058735,"Obereisesheim, Häldenstraße"
9.013294713565058,49.00089892945108,9.01514777989804,49.001871071122586,Allmandklinge
9.27914168240181,48.97241092239872,9.280508117535707,48.97331047756591,Beethoven 89
9.356406762375642,49.141714442040914,9.359260417791438,49.143421079766476,"Willsbach, Bahnhof"
9.46393675731181,49.13967880413035,9.465342647658147,49.14099399577117,"Unterheimbach, Post"
9.199742759903373,49.198596389961835,9.201335445047038,49.19951271014127,"Obereisesheim, Hessestraße"
9.32061858904188,49.146904737777795,9.321989810885732,49.14780426218687,"Ellhofen, Rathaus"
9.113156541860455,49.18134076044431,9.114531256104822,49.18239673950772,Kirchhausen Schloßstraße
9.115566449963731,48.95889430223771,9.118368262686715,48.96008840019034,Helenenburgweg
9.263088457267372,48.944282417992284,9.265112736848229,48.945613881940425,Gartenstr. 28
9.147432895390155,49.07368809722728,9.14894410076833,49.07471580277622,"Lauffen, Olgastraße"
9.081010032828823,48.944353390083094,9.083468565284232,48.94529381024985,Enzstraße
9.08731784205595,49.06551665472032,9.08878154220636,49.067612745110566,Meimsheim Lindenstraße
9.208467649552778,49.01110102306023,9.209835150400426,49.012000576904484,Carl-Benz-Straße
9.222173489889983,49.143918365955955,9.224469675817028,49.14555870856274,Berliner Platz West
9.18488982862062,49.0490312253936,9.186258371337782,49.04993077457111,Neckarwestheim Weststraße Spielplatz
9.322170633393016,49.14332083569449,9.32379836419672,49.14438976426661,"Ellhofen, Sporthalle"
9.104959959573412,49.00131516697247,9.10639044675077,49.00234343283084,Wette
9.211632748616394,49.12070908728323,9.21357874801528,49.12193751241023,Hochschule
9.106200563774642,49.18424143440388,9.107572836201232,49.18514096556088,Kirchhausen Wimpfener Weg
9.142168262490207,48.970601219773975,9.143645536824014,48.9715032802134,Kammgarnspinnerei B27
9.303892834550965,49.148085508229485,9.307966569730423,49.149329725184856,Weinsberg/Ellhofen Gewerbegebiet
9.265591216828629,48.969835021689285,9.26695758311192,48.97073457827536,Kaufland
9.137576792952615,49.064317943962806,9.139087907295444,49.06529315587092,"Lauffen, Kirschenweg"
9.436801179883096,49.03257225506828,9.438265522429209,49.033472144901765,Jux Kindergarten
9.203048578155329,49.1444508170401,9.204536019988803,49.145353782954416,Hafenamt
9.498313346720776,49.2035223218335,9.499686255091687,49.20450947772769,Kastellstraße
9.13162744536555,49.106299678175354,9.133669069338179,49.108349462745245,Nordheim Südstraße
9.078358617180596,49.089402482515034,9.079755887497347,49.09068751740033,Dürrenzimmern Bachstraße
9.226170829744484,49.19311997764405,9.228364825906564,49.19460840943928,"Neckarsulm, ZOB/Ballei"
9.07671708961105,48.90965570341601,9.078186200892866,48.911340396395474,Haus Frank
9.198847886520301,48.95898153781083,9.201036504981849,48.96002606337891,Pleidelsheim Am Friedhof
9.394426248093222,49.04995727796412,9.395947352267404,49.05085912201855,Gronau Prevorst Feuerwehr
9.255554294269977,49.21114843984743,9.258271165435445,49.21251278465739,"Amorbach, Isarstraße"
9.484652367830545,49.21265318883724,9.485981227576707,49.21350361068518,Lindenallee
9.02165941288752,49.13404428341594,9.023092889725245,49.13495751615656,Brüchlehöfe
9.218673183229285,49.14906142622733,9.222736679953384,49.15217634979356,Sülmertor
9.31484471850065,49.054615189911544,9.316238884555462,49.05579751000008,Söhlbach
9.423743622404002,49.172065406542295,9.425096573096987,49.172980393119644,Rappach Ort
9.192484879256126,49.167417068416846,9.193837623137862,49.168363831143,Palmstraße
9.096860837251171,49.212510017931876,9.098289261290821,49.213672981798545,Bonfeld Biberacher Straße
9.137416974233666,48.956239157166706,9.138833520161267,48.95761664271626,Krankenhaus
9.08883296933968,48.90434709987993,9.092333622809786,48.90545750194731,Abzw. Bf
9.196914526107793,49.14373263312674,9.198285673847696,49.14463216683798,Landwehrstraße Ost
9.149023012441676,49.12060490364089,9.15054849761151,49.121826696301504,Siebenmorgenweg
9.133806466846094,49.066953935925596,9.135245125478308,49.0684828639351,"Lauffen, Parkfriedhof"
9.219050282213985,49.2706834827188,9.220765821417391,49.271817517272105,"Untergriesheim, Abzweigung Höchstberg"
9.022030679069262,49.001312919328214,9.023397920925659,49.002212480636544,Schule
9.148438624980512,49.229940324246584,9.149912436252947,49.231250322706025,Kindergarten
9.291638681624848,49.237289908371416,9.293903212497861,49.238294992532545,Degmarn Landesstraße
9.12513883192635,48.96066536230996,9.127048357537491,48.96200368002772,Pfarrstraße
9.15185111985902,49.073007903367014,9.153353680649014,49.07390999661975,"Lauffen, Alter Friedhof"
9.419520748837197,49.20710730909287,9.421725350861228,49.20824677186762,Neudeck
9.438702985637148,49.17720854200092,9.44034580147457,49.17831674776928,"Bretzfeld, Mitte"
9.395578426422222,49.11876535269159,9.39740926721836,49.11973094783192,"Weiler bei Weinsberg, Ortsmitte"
9.059808412442223,49.07964502489763,9.06118108799456,49.08061387505314,Stockheimer Str.
8.990768396447969,49.206638639749386,8.9934412995804,49.20803556787106,Kirchardt Ritter
9.258330238946469,48.961484949706694,9.260237459232094,48.96256894897625,Ortsmitte
8.917933957895647,49.02481112158829,8.919301842122573,49.02571067837647,Dorfbrunnen
9.144736043300924,49.175967409742256,9.146758151527939,49.176942890890444,Kirchhausen Schlupf
9.217923286967329,49.18717678289819,9.22447462927022,49.19143489740861,"Neckarsulm, Friedrichstraße"
8.9894243744202,49.204259087923305,8.990901422976945,49.20524361205994,Kirchardt Ortsmitte
9.32086397368652,49.17833610497251,9.322266130253746,49.179578294934956,"Eberstadt, Rathaus"
9.103794732548808,49.245267350856025,9.10520466333806,49.246221848980305,Bad Rappenau Wagnerstraße
9.261599394409066,49.1722891587254,9.263263608231068,49.17320904141822,"Binswangen, Engelgasse"
9.352210106667354,49.13853873858357,9.353581093253176,49.13943826138106,"Willsbach, Realschule"
9.160034820104434,49.283411380838544,9.161549381118425,49.28437281886258,"Gundelsheim, Stadtmitte"
9.501843875025145,49.178015250453484,9.503215924861465,49.17891474951099,"Pfedelbach, Schule"
8.980371841375533,49.24283227870674,8.982162543393004,49.24440532176069,Weedplatz
9.139509120861748,49.107685828973935,9.140879279106732,49.108585370990816,"Bahnhofstraße, Abzweig Bergstraße"
9.112001334850687,49.24410423917695,9.113375265123798,49.245003760787846,
8.97713325369232,49.06405024732294,8.979371949322202,49.06537465177778,Pfaffenhofen Siedlung
9.468835474701635,49.17779604823568,9.470207525192423,49.178695551728836,Lindelberg
9.25667425172085,48.93748433037487,9.259774130630467,48.94016079514769,König-Wilhelm-Platz
9.227737376158407,49.14071974393786,9.230053363833907,49.14185620824361,Friedensplatz
9.102256308302202,49.23831431665558,9.103679398010813,49.239730183229476,Bad Rappenau Druckerei Stein
9.203385753097816,48.956161412060624,9.204894246061134,48.95706488793974,Beihinger Straße
9.181333966592872,49.236239586814094,9.182798435854032,49.23716511274028,"Offenau, Abzweigung Duttenberg"
9.22241324674249,49.18386678289577,9.223787651705033,49.184853316742505,"Neckarsulm, Gewerbeschule"
9.169930272089777,49.17943482693465,9.171417223521924,49.18045317303062,AUDI Tor C
9.199241859962902,48.924853850191894,9.200669535433084,48.925839649674565,Harteneckstraße
9.288666167729808,49.15136274882505,9.290769059700773,49.15315347046537,"Weinsberg, Katholische Kirche"
9.232513028013688,49.13340413758449,9.234014571130164,49.134385762357304,Dittmarstraße
9.077768464901713,48.90716281233577,9.079133135080827,48.908062387628966,Festplatz
8.974180306364161,49.09833279766517,8.975684096551118,49.099341002334036,Kleingartach Feuerwehr
9.297353641591538,49.21223478378258,9.299524951608703,49.213642616088805,"Dahenfeld, Industriestraße"
9.109120766829934,49.10215479452945,9.111472635442077,49.10349350417712,Nordhausen Oststraße
8.941989524870733,49.070917524971435,8.94335867514213,49.07181707499335,Michelbach Wendeplatte
9.135074880010858,49.06429380372678,9.136471319557582,49.065348695940216,"Lauffen, Johannisbeerweg"
9.194790405421028,49.13072333205079,9.196161194534971,49.13162286791394,Gartenlaube/Viehweide
9.242886158323644,48.981344521797276,9.244252841621941,48.98224407816741,Ortsmitte
9.451242196697866,49.22503749960655,9.452669809416102,49.226051200189985,Baumerlenbach Lindich
9.09845199054803,48.93932828749482,9.099882812516757,48.94029191244107,Lindenstraße
9.12060126520611,49.1058622284646,9.122545232103016,49.106800771849954,Nordheim Zimmerer Höhe
9.26224362188226,49.23967073740744,9.264095179500188,49.24058926272214,"Oedheim, Neuenstädter Straße"
9.141018067791785,49.29936894400769,9.142393532176037,49.30026845595708,"Haßmersheim, Friedhof"
9.09548122208315,48.96243932092206,9.097828768469984,48.96351908056362,Metterzimmern Kleinsachsenheimer Straße
8.89368655769871,49.07438757124468,8.89513104634802,49.07527622784603,Ochsenburg Ortsmitte
9.12177373196027,48.96142737422015,9.124618591006875,48.96277337193091,Löchgauer Straße
9.114080067785103,49.23452253845946,9.115453732188923,49.23542206150529,
9.43331475078111,49.08631994253993,9.4347365861736,49.087248660819874,Stangenbach Haus Waldesruh
9.27436797532394,49.211881017511026,9.275847384742164,49.21288229253835,Lautenbach Abzweigung
9.496835630579097,49.16035936471871,9.49863097102906,49.16127903541733,"Heuberg, Bergstraße/Kiga"
8.90072816001012,49.14023624223506,8.902102339951885,49.141194657705825,Eppingen Zylinderhof
9.279447715331848,49.14821089994682,9.281061586190969,49.149205399491215,"Weinsberg, Schulzentrum (Weibertreuhalle)"
9.309420210111156,49.18876184056988,9.31079258981883,49.18966135939477,"Lennach, Kelter"
9.149583863124935,49.07711148346214,9.151094730890437,49.078009516465485,"Lauffen, Jugendhaus CVJM"
9.175732042604457,49.07301533139117,9.178197645231092,49.07416157061185,Lauffen Vorderes Burgfeld/Hoher Steg
9.121082171142424,48.95031142845234,9.122666432668323,48.951245470386645,Badepark Ellental
9.260080607053707,49.058423303090116,9.26320337654314,49.06004963383722,"Ilsfeld, Industrie"
9.153092403735135,49.30265996799216,9.155102822269303,49.305020096466,Haßmersheim
9.445006186434624,49.1912183860696,9.446404813294999,49.19227211363746,Bitzfeld Schule
9.130491769021019,49.140456631372395,9.131862830949435,49.141356168592374,Sudetenstraße/Klingenberger Straße
9.141570154295566,49.06839701769147,9.142982950495654,49.06937148213066,"Lauffen, Weststadt II"
9.08996199607085,49.04148640804471,9.091493501449774,49.04283549119182,Burgplatz
9.46847296027823,49.135374544890986,9.469843839616136,49.136274055073535,"Unterheimbach, Vogelsang"
9.16363662979044,49.283307109232524,9.165152565317817,49.284352290758854,"Gundelsheim, Grundschule"
8.945139993652491,49.07318682512507,8.946509206359668,49.07408637483967,Michelbach Wendeplatte
8.927040341569574,49.057396318464455,8.928456563209538,49.0583732813636,Zaberfeld Evangelische Kirche
9.27453410756458,49.16652233510876,9.276372788135568,49.16772906484421,"Erlenbach, Auweg"
9.357823227978592,48.98922169352448,9.360326381506745,48.99031850810545,Hardtwaldhalle
9.109251428962855,49.14773498259348,9.111083002397955,49.14970351627991,Leingarten Kiesberg
9.437306482476695,49.05358813654637,9.438675117425102,49.054487663418136,Lautertal
9.109511486719324,49.0008418200888,9.110878713256035,49.001741379875945,Besigheimer Straße
9.337212634049754,48.965725986366394,9.338796770405017,48.96664171373412,Sportplatz
9.434151774840537,49.177548846065015,9.435523825061347,49.17844835389954,"Bretzfeld, Bildungszentrum"
9.30472883563726,49.24074443476493,9.30621295822129,49.242215864984615,"Kochertürn, Theo-Förch-Straße"
9.219915235290062,49.12051041807481,9.221291265635811,49.12151498187222,IHK
8.996192985841647,49.01669419749505,8.997798007665509,49.01761760264696,Ochsen
8.921695356375144,49.14853883123824,8.923066643642343,49.14943836872652,Eppingen Tiefental
9.295769499047527,48.94929642124442,9.297135300886355,48.95019597872021,Erdmannhausen Schweißbrücke
9.186142598089585,49.22923193039366,9.188906319658866,49.23071596043354,Bad Wimpfen im Tal
9.264287732373361,48.93938961925559,9.265653267567572,48.94028918070905,Hauffstr. 23
9.086358911388814,49.27032855744064,9.08812214871044,49.271685774974365,Siegelsbach
9.406940438573704,49.15853317093523,9.408476374792748,49.15949815392345,"Waldbach, Eschenauer Straße"
9.154347984250666,49.023761156803886,9.156260907343153,49.02511924346364,Fährgergasse
9.161515062934654,49.07559792691713,9.162884337028938,49.076497473047596,"Lauffen, Martinskirche"
9.221706661835373,49.215204294992276,9.223151029669882,49.21630980475578,Campus
9.131280271048526,48.95629693750267,9.133086445378629,48.957954563033475,Auwiesenbrücke
9.178633050000494,49.23103634018916,9.18177788767416,49.2319879581577,Bad Wimpfen Im Tal
8.90785562055593,49.13665463046817,8.909226579464667,49.13755416949659,Eppingen Wilhelmstraße
9.138713788396325,49.06561445476021,9.140056606396888,49.06653994483694,"Lauffen, Traminerweg"
9.144920181222567,49.30478181325413,9.146538852033274,49.30582129758404,"Haßmersheim, Lessingstraße"
9.112092031688457,49.02897225957929,9.113685670984749,49.02988624051188,Hofen Aussiedlerhöfe
9.195400584981668,49.08265981954314,9.197200412410595,49.08358938069086,"Talheim, Volksbank"
9.052291133324209,49.03476994786949,9.054196669704684,49.036489406676395,"Einstieg ""Rasender Tausendfüßler"""
9.307538016341555,49.24605834497475,9.308911983588652,49.24695785498994,"Kochertürn, Kreuz"
9.056178084056299,49.14591233510089,9.057835914662238,49.14692756429124,Schwaigern Sonnenberg
9.38001638860336,49.22588410404887,9.381391612249303,49.22686179590795,"Brettach, Gochsener Straße"
9.408543024677376,49.029722692118476,9.410369856626858,49.03069002215336,Nassach
9.09014127911179,48.94172067468875,9.091725017768718,48.942634825402074,Westendstraße
9.228236825606793,49.18633868515198,9.231263180315892,49.18738421609215,"Neckarsulm, Mozartstraße"
9.3246477049006,49.12847637511305,9.326293000775761,49.12940522509276,"Lehrensteinsfeld, Wehrturm"
9.471797149688628,49.15106747385896,9.473382144209516,49.152187326209834,Adolzfurter Hälden
9.216237737093367,49.13010897015583,9.218565710553193,49.13199884855179,Südbahnhof Süd
9.18939798163855,48.991521959476266,9.190851818496595,48.99269313982643,Gartenstraße
9.17505263531804,48.93906014912462,9.176608502538999,48.94037907018782,Löchlesäcker
9.292826167344076,49.08367780640479,9.29466272793691,49.08489579359285,"Happenbach, Abzweigung Abstatt"
9.141120111615722,49.10836082905796,9.142490288352397,49.10926037090678,"Panorama-, Bergstraße"
9.252786141650393,49.17900673761707,9.254158258292405,49.17990626234763,"Binswangen, Herdweg"
9.382748447314542,49.13576133990837,9.384119352599123,49.136660860056224,
9.154874188844547,49.07492972109769,9.156308916543823,49.0758076786699,"Lauffen, Uferstraße"
9.460333622088266,49.08746017310209,9.4617012762464,49.08843542654852,Wüstenrot Im Neubruch
9.171956992045613,49.160000623776575,9.173363108255085,49.161073175858235,Rathaus
9.21567239449251,49.21296928571859,9.217885501231727,49.214317913681185,GIF
9.421316497133162,49.14920463342501,9.423326626707311,49.15039296075102,Wieslensdorf
9.171252841598792,49.1135170301102,9.17262315836254,49.11441656985454,Stauwehrhalle
9.229473229959266,49.18724713856286,9.23305664788211,49.18924979707313,"Neckarsulm, Binswanger Straße West"
9.0436136517659,48.95210711557124,9.044979548224216,48.953006684393515,Porsche
8.98381252705812,49.25898393948694,8.985186872945393,49.25988346047785,Hasselbach Grundstraße
9.431386819697524,49.05992794742217,9.432897380865242,49.06091285248664,Wüstenrot Neulautern
9.318940029209612,49.02361265177608,9.320319770562312,49.024625648116974,Oberstenfeld Rathaus
9.248275968963178,49.13354763390236,9.249646830980772,49.134447166062344,Badener Straße
9.245494412850121,49.13858221960173,9.248146077502188,49.13969068217615,Einsteinstraße
9.14580099204238,48.95616179650123,9.147452906578222,48.957073603573775,Poststräßle
9.225701514859196,49.18807933743592,9.227073885089693,49.1889788625288,"Neckarsulm, Häußlerschule Süd"
9.066374329803407,49.21015443834767,9.068061871478553,49.211178960987816,Fürfeld Industrie
9.216373098012323,49.15329477164363,9.218814549254553,49.156226642505054,Industrieplatz
9.219255596808813,49.216961835049425,9.221084799439357,49.2179036652916,"Kochendorf, Amorbacher Straße"
9.20022937444881,49.17325440333809,9.201609327999455,49.174356596605755,Böllinger Straße
9.504623374682689,49.19808886660413,9.506306822814386,49.199009033548265,Hofgarten
9.271539875226468,48.941266922628145,9.274296961668815,48.94293179814633,Erdmannhäuser Straße
9.161158960877492,49.22652382635771,9.162622741012422,49.2277596732117,Bad Wimpfen Kelter
9.09213302137005,49.20983126994318,9.093500772381164,49.210802529665365,Bonfeld Sägewerk
9.271284186793231,49.33224802847398,9.27298591368624,49.3332925710104,"Billigheim, Schmelzenhof"
9.508948189527581,49.191486052001196,9.510320610357343,49.19238554796327,Schwarzdornweg
9.123336940484037,48.942398659847505,9.124823855866165,48.94341014013849,Panoramastraße
9.221648830321508,49.224351910065565,9.2231944720302,49.225375189926986,"Kochendorf, Lindenberghalle"
9.010138685224797,49.13190102953023,9.01150951477277,49.13280057043452,Stetten Grundschule
9.214874575015504,49.15084310816511,9.216499629824582,49.15176559199249,Etzelstraße
9.231241198846583,49.20212680272671,9.232612899568009,49.20310279694548,"Neckarsulm, Amselweg"
8.949559219107382,49.05778468419935,8.95156988659557,49.058767016482946,Weiler an der Zaber Abzweigung Bahnhof
9.10393984298069,49.10144142387751,9.106415616711928,49.10261207567114,Nordhausen Kelterplatz
9.075797332828287,48.958806458049814,9.077205161451767,48.96018044184741,Zimmerer Pfad
9.188955444203474,49.083706212342285,9.190339355651998,49.08472488749008,"Talheim, Horkheimer Straße"
9.336156751414917,49.03231685046524,9.337640644406102,49.033691149186026,Gronau Schule
9.228126574033883,49.19616966996826,9.229590223488422,49.19706852998803,"Neckarsulm, Friedhof Steinachstraße"
9.26817193721248,49.07502155445376,9.269563866554748,49.07596084537587,Ilsfeld Wüstenhausen Gruppenbacher Straße
8.915287316577189,49.21667149361188,8.91721418221482,49.21758940651571,Reihen Kirchenstraße
9.322452031180793,49.08601256857438,9.323853968702913,49.08708763115428,"Unterheinriet, Oberheinrieter Straße"
8.997937251606121,49.047095822880046,8.999305748394189,49.04799537708471,Eibensbach Kirche
9.016597202613166,48.96301871631233,9.01796339738298,48.96391828365241,Fessler Mühle
9.13424144723194,48.95259702727774,9.135747241759233,48.95440697248239,DLW
9.49801240333011,49.20485975229176,9.49938519655721,49.20575924767274,Krankenhaus
9.135109188614937,49.069190162597984,9.136595109475934,49.070093137396476,"Lauffen, Charlottenstraße/Heimstraße"
9.300001942130693,49.075640558863675,9.301393781054943,49.07658454406367,"Abstatt, Bosch"
9.288822685329158,49.06746629999599,9.29034081300548,49.06846739997759,"Abstatt, Rathaus"
9.328513443534293,48.96321876568412,9.331093952251955,48.96433700919231,Rielingshausen Egelsee
9.233600712000055,49.24849024263982,9.23500969141464,49.24938125677935,"Hagenbach, Abzweig Willenbacher Hof"
9.343366054924106,49.05338565313846,9.345124651676255,49.054342047294405,Abzweigung Jettenbach
9.511111608416309,49.19013705204715,9.512483991468136,49.19103654791731,Am Rappenhäusle
9.225158439084796,49.130304515852345,9.227527170683766,49.13188488416011,Stuttgarter Brücke
9.205515277725196,49.0163361233863,9.206882922228656,49.01723567657841,Ilsfelder Straße
9.40640346112399,49.09124649200713,9.408753731205474,49.09229100922514,"Klinik Löwenstein, B39"
9.083557444945724,49.27163172951486,9.085911753781359,49.27255717068795,Siegelsbach Siedlung
9.15173896681895,48.9457623605565,9.153213634918195,48.94674123942414,Parkäcker
9.1332138541541,49.141539931506706,9.134584945815744,49.14243946845806,Eldoradostraße/Hafnerstraße
9.27532865377683,48.97226220958615,9.2781632666786,48.97328033907621,Horrenwinkel
9.056768511367908,48.96226240992972,9.0582032933983,48.963256189946065,Metterbrücke
8.964336863576431,49.241947938221145,8.965710736431491,49.24284746174366,Ehrstädt Eulenhof
8.992323077053493,49.066675691711445,8.993934921658745,49.067675307771204,Güglingen West
9.134780643379438,48.99339099467172,9.136178960674291,48.99426640451769,Katholische Kirche
9.490538397818458,49.20520205181109,9.491911202070543,49.20610154815339,Austraße
8.938327177405338,49.169283175832646,8.939792115169015,49.170375506331524,
9.082592851441312,48.90529620918793,9.084489549927161,48.906216290956635,Mitte/Helenenstraße
9.198251971601202,49.196119383507394,9.19973865898393,49.19775138056283,"Obereisesheim, Kegelgasse"
8.958689087323226,49.01772421476043,8.961370038260895,49.01886658037873,Kirbachhof
9.363567750227633,49.24143797717054,9.365724440431297,49.24248812406174,"Gochsen, Hauptstraße"
9.184644354008498,49.118573269353625,9.18640024946672,49.11956422921647,Lutzstraße
9.378793314054217,49.133578112350804,9.38030459117721,49.13447688759973,"Affaltrach, Rathausgasse"
9.237043973430115,49.05633045847925,9.238750517781924,49.057601141749814,"Ilsfeld, Steinhäldenweg"
9.142693446861024,49.075091114041584,9.148464571304828,49.07756331538845,"Lauffen, Bahnhof"
9.136525409704696,48.940660315830755,9.137890990264717,48.94155988413397,Theo-Lorch-Werkstätten
9.195519799133923,48.97409540411755,9.19725686955079,48.975400410812234,Schloßstraße
9.163042890149901,49.183586545730755,9.164416311280577,49.18459665422502,Fa. Leitz
9.06788346280544,49.13993249869538,9.071429044011202,49.1414273097032,Schwaigern Ost
9.22118023727798,49.26434968012152,9.224232510318569,49.26799215544043,Untergriesheim
9.129062162360274,49.11191322911159,9.130432437610546,49.11281277085317,SOPO
9.3229175970148,49.08978208453767,9.324365507840488,49.09066631529019,Unterheinriet Sportplatz
9.141694201412562,49.19409300472738,9.143077199822777,49.19513419520709,Biberach Finkenbergstraße
9.099333531921777,48.983975092486624,9.100799168257026,48.98515160665267,Weißenhof Ost
9.258622636599373,49.28086478540064,9.261333300989083,49.283312639196566,Herbolzheim Mitte
9.380625812931866,49.22504794678689,9.381999186981886,49.225947453177724,"Brettach, Ärztehaus"
9.224071935413924,49.12864053273168,9.225442664535487,49.129540067233044,Schmidbergstraße Ost
9.167632442853764,49.183393854245644,9.169061459318927,49.184589245527754,Wannenäcker
9.224147887887366,49.14237707681306,9.22647868759483,49.1434308522467,
9.199263308711599,49.17770914038987,9.200644890890572,49.17871445952783,Milchhof
9.30063925110587,49.00597824700556,9.30201314332908,49.00729235292645,Großbottwar Flickenwiesen
9.407318778385092,49.11329320390129,9.409035219903052,49.114390295896946,"Eichelberg, Backhaus"
8.92716437981958,49.060058907313085,8.92874952542274,49.06116139275461,Zaberfeld Michelbacher Straße
9.351097083157645,49.14284892811766,9.352862450082123,49.143815165939365,
9.208688201028307,49.1689705212168,9.21128531734157,49.17052947489349,Großkraftwerk Ost
8.937497757560624,48.99560301910751,8.938864842453196,48.996502580857225,Dreschhalle
9.147411564488417,49.07543469854334,9.14886513238747,49.07632970137772,"Lauffen, Karlstraße"
9.430726591229481,49.175331657125994,9.433283827590035,49.1763884946134,"Bretzfeld, Steinsfeldstraße"
9.122113087293144,49.25203653317063,9.123786617773918,49.25318066692328,Zimmerhof Ehrenbergstraße
9.051151513127671,49.03534052214326,9.052519686860718,49.03624007782149,Schnaufender Trullaner
9.063916959510713,49.040463103560924,9.065682137028036,49.04139769671184,Bönnigheim Sonnenberg
9.11209369030189,49.000584420108126,9.113460909672888,49.001483979856616,Steinbachbrücke
9.172604265496895,49.183872693217346,9.17399293377407,49.18489560649264,Wannenäckerstraße
9.327257594098025,49.224737281584964,9.330245797641224,49.22583332013744,"Neuenstadt am Kocher, Seewiesen"
9.248752612421185,49.144899934807576,9.250123787522622,49.14579946515713,Rampachertal
9.22258346863084,49.12622543249681,9.223954131318912,49.1271249674679,Hohenstaufenstraße Ost
9.09803661752614,49.24602095770235,9.099588078052758,49.24708084232973,"Bad Rappenau, Siegelsbacher Straße"
9.285623109198449,48.982452860323455,9.287050385001722,48.98357361762216,
9.28438788097994,49.14741356679026,9.288732010362827,49.1490596686231,Weinsberg Bahnhof
9.232166923192315,49.14777844959165,9.23385187264889,49.14870775063107,Paul-Göbel-Brücke
9.179577054439292,49.12475811258002,9.182018650767562,49.12576428831843,Kappelfeldle
9.371135931987,49.05650959431538,9.372688666355977,49.05748180520616,Klingen
9.224014850533221,49.12342077717316,9.22539524866668,49.124440022757575,Herbert-Hoover-Straße
9.15480958412579,48.995104055840656,9.156277912366031,48.99601274337546,Friedrich-Breining-Straße
9.146023877960328,48.944950473223535,9.147662227068666,48.94587722696722,Dresdner Straße
9.511030767845726,49.19306965227105,9.512403232038725,49.19396914769342,Schwalbenstraße
9.08138405585258,49.040931507914394,9.082757744065367,49.04190659200169,Bönnigheim Freibad
9.279133399799917,48.97113762229862,9.280499800137605,48.97203717766602,Kindergarten
9.261708257310088,48.93755091901818,9.263073742631423,48.938450480946486,Uhlandstr. 22
9.334387341146765,49.22720502873918,9.335837059600864,49.22837947075745,"Neuenstadt am Kocher, Im Daistler"
9.23815880906759,48.97761512134858,9.239525390879065,48.9785146786161,Im Wiesental 21
9.10365726224059,48.9073942126785,9.105021937736186,48.90829378728622,Schulbus
9.189753396350849,49.07754215405121,9.19185222074986,49.079317046796696,Talheim Wart
8.938647066837342,48.99492391904466,8.940014133176222,48.9958234809201,Katharinenstraße
9.168285370279763,49.074943108137965,9.17057981880606,49.076042693478676,"Lauffen, Ilsfelder Straße"
9.211260876560113,49.13078804245454,9.212843221112898,49.131699657617396,Besigheimer Straße
9.269086208897571,48.94113021956804,9.270451791042289,48.942029780396616,Schwabstr. (Einmündung Goethestr.)
9.406594540664717,49.11462636027965,9.408001463753788,49.115502239480776,"Eichelberg, Kelter"
9.230104695436586,49.13165733514586,9.231660902793971,49.132679564816385,Waiblingerstraße
9.147671425976709,49.1074383068668,9.14975267968956,49.11054938864748,Nordheim Bahnhof
8.984581927426259,49.111161439112095,8.986242070241138,49.11207946101644,Niederhofen Kelterplatz
9.093025745825885,49.24188224446472,9.094499956821794,49.242864655515966,Bad Rappenau Vulpiusklinik
9.235345331711411,49.13094514612235,9.236815173841348,49.13197775378976,Löwensteiner Straße
9.260055665974551,48.93690901890856,9.26142113396733,48.937808581056096,Mörikestraße 20
9.097102562735,49.040279547212656,9.09949089140312,49.041239487732504,Schulzentrum
9.180015385754205,49.13979080061057,9.18360088770998,49.141114524714965,Sandhof
9.243920354143096,49.24480511312635,9.245388548950896,49.24578898684388,"Oedheim, Am Bautzenwald"
8.897011883313569,49.06290274908578,8.898735614623314,49.064011950737196,Leonbronn Hühnerpfad
9.239359801585037,49.32746025927319,9.240753197697229,49.32848524043176,"Allfeld, Assulzerstraße"
9.095199899388307,48.94102898694327,9.096702896583787,48.94193011302869,Eichenweg
9.272838471958485,48.97314862221731,9.274204927980438,48.97404817774735,Beethoven 25
9.24646023314007,48.98319982206295,9.247826966804713,48.984099377901714,Schafäcker
9.28000166163411,49.05786147263209,9.281640452346759,49.059442445084144,"Ilsfeld-Auenstein, Beilsteiner Straße"
9.453935500912818,49.219671640902845,9.455335399781891,49.22074695892363,Baumerlenbach Erdwerk
9.203669968888446,48.96492908421286,9.20524513422413,48.96635481484959,Süwag
8.976201315152363,49.09576033973067,8.977530081662682,49.09668425962418,Kleingartach Im Martinskirchle
9.33316432024701,49.18448348267711,9.335043181233221,49.18564001681168,"Eberstadt, Klingenhof"
9.09913430200776,49.2420487412539,9.100534493822071,49.24292155791432,Bad Rappenau Friedhof
9.325716719582692,49.15830217424292,9.327172082426815,49.15923122542189,"Grantschen, Mitte"
9.192912317317846,49.17057792011745,9.194475686031883,49.17151687894964,Falterstraße
9.079876339017062,48.966273744546115,9.082894263068294,48.96766365151197,Kleinsachsenheim Zeil
8.933766379028736,49.168613632691496,8.935138220986047,49.16951316727329,Richen Erlen Bahnhof
9.150002857406367,48.99521748202695,9.15137194160242,48.99620371792991,Ulrichstraße
9.28167112087558,48.96860582860348,9.283147668322654,48.969791737195536,Steinheim Kleinbottwarer Straße
9.237358882151195,48.9795813214765,9.238725517795634,48.98048087848817,Endwiesenstraße
9.130204949911512,48.94503031605705,9.131570650059302,48.945929883907674,Carl-Benz-Straße
9.296405104131233,49.16409323057311,9.297915605267683,49.165277569343196,"Weinsberg, Weissenhof Kreisstraße"
9.307783529014014,49.245146044913724,9.30915747091614,49.24604555505095,"Kochertürn, Kirche"
9.402985795780005,49.1366583598708,9.40471941599232,49.13758589960743,"Eschenau, Schloss"
9.164505937432732,49.142822832249095,9.165877062530061,49.14372236771566,Schäfer Reisen GmbH: Busterminal
9.063477587600191,49.00565847447936,9.065233205559135,49.00661632596002,Alleenfeld
9.17007161761705,49.1370232319232,9.1714425823445,49.13792276804154,Beschützende Werkstätte
9.243582275879668,48.98006292172013,9.244948924065769,48.980962478244564,Backhausstr.
9.189714929778209,48.993031040852145,9.191168469773737,48.993931959125234,Hessigheim Brückenstraße
9.147017518970364,48.94035561936603,9.148535877656343,48.94138328064511,Breslauer Straße
8.982561891691411,49.15084626363497,8.985462722217264,49.15215783884608,Gemmingen
9.162244605591304,49.24723934536216,9.163805886626896,49.24857146614291,"Offenau, Bachenauer Straße"
9.195767001476181,49.147875435943256,9.197254996278318,49.14916006352781,Mittlerer Weg
9.30869658573368,49.07656292844962,9.31035811147624,49.077594699463944,"Abstatt, Bosch Tor 6"
8.92056763396207,49.22248203703899,8.921940966055738,49.22338156292578,Reihen Oberer Renngrund
9.213027185321833,49.10012032695214,9.214689401617813,49.10154507326659,"Flein, Rathaus"
9.234377983108498,49.19633563765271,9.235756016711996,49.19731336227989,"Neckarsulm, Steppachweg"
9.125985659017283,48.99245954673978,9.128360842811535,48.99339785356314,Schäuber
9.22671994234545,49.16061405795219,9.228173961738367,49.16194224180899,Kirschengarten
9.243149804941064,49.16715293636035,9.244521595003947,49.168052463604354,"Erlenbach, Weingärtnergenossenschaft"
9.078578279472545,49.21197643622235,9.079951320509538,49.21287596374246,Bad Rappenau Gewerbepark Buchäcker
9.506764056521297,49.193855452034306,9.508136543364108,49.194754947930164,Münzstraße
9.467111124375425,49.137968545006586,9.468482075519233,49.13886805495792,"Unterheimbach, Friedhof"
9.225297313733346,49.16645303573029,9.22666908621569,49.16735256423443,B27 (Karl-Wüst-Brücke)
9.116514704729815,48.95564201665582,9.11788069524404,48.956541583308905,Friedhof Sankt Peter
9.3742254121572,49.13456473791205,9.375660591920541,49.135541761987675,"Affaltrach, Sporthalle"
9.135825024573956,48.99081581974841,9.137191975395535,48.99171538021631,Chausseebergstraße
9.203932141138537,49.00130678625115,9.205473259620826,49.00221101375395,Hessigheimer Straße
9.150465857913494,49.078194057069055,9.152929588632379,49.07974737462231,Lauffen Nordheimer Straße
9.148518231843566,49.227133991318674,9.151177670695587,49.228091809158954,Bad Wimpfen Steinweg
9.07320311129518,49.2683079580364,9.074817886192061,49.269222542062394,
9.224521897781312,49.210465923514725,9.226023505151957,49.211470776482265,"Kochendorf, Hasenmühle"
9.32770077933072,49.23317711764105,9.32951852278786,49.234222081202894,"Neuenstadt am Kocher, Mühläcker"
9.107454411991686,48.94229926272018,9.109074386451724,48.94335363716882,Grotzstraße-Friedhof
9.162704623220268,49.24457563918963,9.16407887171141,49.24584026074663,"Offenau, Saline"
9.156609466857597,48.98777071992864,9.157976333107253,48.98867028003608,Friedhof
9.213031360282974,49.12935657750214,9.214418840291874,49.13038072224068,Liebigstraße
9.197941251707709,49.21423113867383,9.199314348247388,49.2151306612909,Untereisesheim Schafhaus
9.454099540217115,49.06481727225186,9.455450561856605,49.065743927484675,Spiegelb. Vorderbüchelberg
9.153118793259116,49.23276403904095,9.154492406706082,49.2336635609238,Bushaltestelle
9.224383759676394,49.192064737707106,9.225756240272782,49.19296426225761,"Neckarsulm, Marktstraße"
9.132441456697093,48.99510476966396,9.134189146396693,48.99603533057188,Kirschhaldenweg
8.93969145424645,49.06878142482252,8.941060545766929,49.06968097514222,Michelbach Bäumlesäcker
9.411058283840994,49.096979638415334,9.412428116066483,49.09787916154925,Lichtenstern
9.17145541025237,48.918696114850206,9.172820389709294,48.91959568511447,Monrepos (LB-Eglosheim)
9.268472634595682,48.94518346932784,9.27052297018844,48.94615853128877,Nelkenstr. / Ecke Fliederstr.
9.4628032811174,49.095730728312894,9.464348670184064,49.09673221285651,Innerer Stollenhof
9.272950149026993,49.09551399140036,9.27434344926748,49.09655150791466,"Untergruppenbach, Blumenstraße"
9.06055556607682,48.96066136984218,9.065372078914036,48.96255193852357,Kleinsachsenheimer Straße
9.214438856562824,49.160430475852586,9.216079941248799,49.16150192407961,Brüggemannstraße
8.982952815654569,49.24539513842539,8.984326784349138,49.246294661539416,Ehrstädt Johann-Schneider-Straße
9.233337119719188,49.15156183481804,9.234708480228077,49.152461365146685,Schickhardtstraße
9.13931094726874,48.95989501739131,9.140677052700017,48.96079458257343,Bolzstraße
9.194056598585542,49.04395852523531,9.195425001370815,49.044858074729376,Neckarwestheim Schloßstraße
9.468662161327655,49.185996048866436,9.470034438566396,49.18689555109808,Verrenberg Golberg
9.483194258840571,49.107198574878076,9.484738841878766,49.10820182501062,"Neuhütten, Schoch"
9.39870378482226,49.118623039422985,9.400074215087894,49.11952256054158,"Weiler, Ortsmitte"
9.20594316738099,49.23928026905752,9.207348328738084,49.24022733077991,"Jagstfeld, Freibad"
9.317164703830588,49.02813522373564,9.318575629225881,49.02935407031315,Oberstenfeld Katholische Kirche
9.243247582146179,49.13257134001938,9.244658210580187,49.13361115967744,Gemmingstal
9.323320951199204,49.02333859499408,9.324656854529918,49.02427450456397,Oberstenfeld Lichtenberger Straße
9.281197755448943,48.967073222059625,9.282564044488131,48.967972777905004,Am Hochhaus
9.122335496001183,48.95907362130686,9.123929515416657,48.9603976787878,Hillerplatz
9.116296762104724,49.18421146522373,9.118013841310033,49.185193033461445,Kirchhausen Rudolf-Harbig-Straße
9.150520461452942,48.919520421736784,9.153657750913654,48.92073430444148,
9.211506762957058,49.22960495322721,9.213015135296505,49.23059844675236,"Kochendorf, Industriestraße"
9.107942076283306,49.18333953435903,9.109314323692175,49.184239065605745,Kirchhausen Hausener Straße
9.046532664403744,49.10439142752078,9.047902735585643,49.105290972443996,Neipperg Schule
9.010995116705201,49.26733230927319,9.013449198856186,49.26967020199845,"Untergimpern, Bahnhof"
9.478851103442457,49.191865464520525,9.480805096738262,49.19276883546306,Wohnmobilpark
9.403627182306415,49.24181934933887,9.405001017602055,49.242718850625735,"Kochersteinsfeld, Lindenplatz"
9.139649898849171,48.924322258228095,9.141186502918758,48.92533804173976,Ulmer Straße
9.065488945703782,49.074450217441104,9.066872254878431,49.07546578232553,"Brackenheim, Jugendhaus"
9.261508784274024,48.93946097249703,9.264431936615539,48.940964266190406,Güntterstraße
9.481475275088068,49.14662226175274,9.482948720219897,49.14763733818271,Geddelsbacher Hälden
9.271019139396362,49.168213824563566,9.272463160462237,49.16915557535857,"Erlenbach, Weißenhofstraße"
9.4959421367271,49.199427750656,9.4979829472138,49.201125350096966,Kultura
9.447207829579952,49.19179084281496,9.44886476593056,49.19271715737849,Bitzfeld Lessingstraße
9.438181277529372,49.23706141547244,9.439776425773246,49.23812778454934,Baumerlenbach Mitte
9.226872411067028,49.123160632389414,9.228242988881767,49.12406016757527,Herbert-Hoover-Siedlung
8.913444205899177,49.13045712991489,8.914814994120153,49.13135667004986,Eppingen Schulzentrum
9.203382185951885,48.95870241473964,9.204715117102667,48.95964238456186,Pleidelsheim Hauptstraße
9.463840525360144,49.18856304875856,9.465212874534982,49.189462551205956,Verrenberg Ort
9.281514695223873,49.149659562358835,9.283926497410535,49.1511728372387,"Weinsberg, Linde"
9.119165887120793,48.96331522451358,9.120555211942529,48.964355575072666,Antonia-Visconti-Straße
9.083749407224044,49.06761418429068,9.085229490136925,49.06860401569621,Meimsheim Zabergäustraße
9.459432965334484,49.153179329038764,9.460964038094573,49.15408537098384,Wiesental
9.451950893391329,49.18625131286605,9.45450577819136,49.18808532992585,Bitzfeld
9.149494238584838,48.93866577993831,9.151132758035455,48.93976242007826,Posener Straße
9.50821604903957,49.19440745217875,9.509588550845507,49.195306947785745,Hungerfeldschule
9.159796648254158,48.989138620105315,9.161163551709976,48.990038179859425,Wasserturm
9.182731270959325,49.09688612908747,9.184101128999457,49.097785670877265,Rauher Stich
9.195911429112227,49.15272738532373,9.197392480486153,49.154415714472684,Freibad Gesundbrunnen
9.253383720782564,49.21047767238389,9.255255273466872,49.212200287781336,"Amorbach, Bordighera Allee"
9.365114843489213,48.990776446609466,9.366510557185228,48.991831452995314,Kleinaspach Schafhaus
9.325506119014676,48.95943406123279,9.326870282879531,48.96041763831199,Rielingshausen Hauptstraße
9.377681943814224,49.1370846325468,9.38052265898294,49.13860791286147,Affaltrach
9.240838344924505,48.982317021805336,9.242205055021536,48.983216578159336,Friedhof
9.195712103417483,49.04361122525253,9.197080496538504,49.044510774712194,Neckarwestheim Feuerwehr
9.100712005342109,49.03973681957776,9.103072895955103,49.040967678225016,Kirchheimer Straße
9.486049377089243,49.18081231421306,9.487476326033077,49.18170854478017,"Windischenbach, Bachstraße"
9.14286948729505,49.07400189129925,9.144312107727298,49.07488430850389,"Lauffen, Lindenstraße"
9.214232772531371,49.22843418500728,9.217048142317974,49.229556388901216,"Kochendorf, Friedrichsplatz"
9.484652430297416,49.19390635767287,9.486031168244924,49.19490364194529,Verrenberger Weg
9.0937488189739,49.213707326273614,9.095129781140438,49.21469697361953,Bonfeld Rappenauer Straße
9.149919632704108,49.19290078043747,9.151337465552855,49.19397141863863,Im Förstle
9.04813375894438,49.1042739885861,9.049750942972674,49.10533051134029,Neipperg
9.197153449554788,49.119582081889405,9.198654153425101,49.12048461810147,Spitzwegstraße
9.268837271974173,48.94339270876099,9.27055834642416,48.944867080465635,Rielingshäuser Straße
9.105069635245407,49.14285983114743,9.106440764730772,49.14375936881732,Röthestraße/ Kirschenweg
9.141034613796506,49.00167967247156,9.142413986514033,49.0026884273607,Oberamteigasse
9.201408243655992,49.016260154164584,9.204307353599141,49.01722614640934,Rathaus
9.455318519863056,49.09092647877511,9.457678070560512,49.09249502124667,Spatzenhof
9.13188747140503,48.95811201711276,9.13325352856539,48.95901158285194,Enzbrücke
9.222503975674323,49.28508656412328,9.22399582070072,49.285985135827474,Höchstberg
9.183208253082963,49.13062530623308,9.184560744710728,49.1315596934381,Ziegeleipark
9.501864743883944,49.176633048805115,9.503229654457515,49.17758405093773,"Pfedelbach, Katholische Kirche"
9.489575121759858,49.17920151862573,9.490921082964109,49.1801156810168,"Windischenbach, Häldenstraße"
9.290232400023463,49.072089155355876,9.292455683904128,49.073856745450016,"Abstatt, Überrück"
9.111790382568012,49.139440030980246,9.113161417406658,49.1403395689845,Kantstraße 9/Theodor-Heuss-Straße
8.977491458229004,49.0216570619281,8.979436445048162,49.02260363845241,Ochsenbach Buchenrain
9.328677277626037,49.03867717877085,9.33016742556751,49.03968212122182,"Beilstein, Schmidhausen Abzweig"
9.084907979797453,48.904605617115855,9.087188622376722,48.905548883232264,Mitte/Wernerstr.
9.237341085748335,49.03565882018516,9.238758718180387,49.03662227969116,Pfahlhof
9.0263898190257,49.26069947351822,9.02795598313744,49.26166462587985,
9.119169149503952,49.10556532844508,9.120539250469104,49.106464871519684,Rewe
9.347225675434,49.053732184868785,9.348995528814662,49.05470351340199,"Beilstein, Jettenbach-Ort"
9.315063251355236,49.03907577125888,9.316463448377966,49.040153028494764,"Beilstein, Apotheke"
9.184944106976403,49.11420542891982,9.186350293500135,49.1152977708258,
9.246502314024319,49.12301653301732,9.24787288592006,49.12391606694737,Gaffenberg
9.389013319405668,49.12586402767529,9.390390386174339,49.12682687201351,"Obersulm, Breitenauer See"
9.320622860230397,49.084553978912986,9.322154335093858,49.08545872108487,"Unterheinriet, Südliche Brücke"
9.353987541015044,49.214119097089736,9.355501057422424,49.21511360288245,"Cleversulzbach, Rathaus"
9.15219639243412,49.07025712173366,9.153673309723628,49.071158778249995,"Lauffen, Körnerstraße"
9.486568470809482,49.20358393328869,9.490264230378264,49.20511057785138,Öhringen Im Brenntenstock/EKZ
9.112110668121263,49.23974152011183,9.114923339352247,49.24104363959605,Bad Rappenau Kurpark
9.390916766245166,49.10540173796512,9.392286833666798,49.10630126199946,Frankenhof
9.166680647573791,49.022217465713304,9.168463460136268,49.02402838954289,Adlerweg
9.082391234470578,48.95828138308993,9.084022664373126,48.9593339167432,Im Holderbüschle
9.059026537002682,49.00814730251365,9.060496168234792,49.0090362973476,Freudental Post
9.011960891752953,48.96020330646404,9.013902745751432,48.96189256967086,Vaihinger Straße
9.399657401784092,49.241216776673255,9.401802193254612,49.242559622964976,"Kochersteinsfeld, Post"
9.078045742584717,49.08441390938847,9.079491478157768,49.085618652128765,Dürrenzimmern Meimsheimer Straße
9.260484733777107,49.10045551115164,9.262553763961975,49.10139278915867,"Donnbronn, Kurze Straße"
9.15458808584214,49.11896631751293,9.156373410851716,49.119971381033935,Schlossweg
8.935674580579475,49.16687984896112,8.93766356191064,49.16894959892711,Bahnhof Richen
9.006606488600728,48.95890009135951,9.00900541332359,48.95984050896819,Industriestraße
9.101198112639555,48.94233006990436,9.102714585834372,48.94329182971392,Tammer Straße
9.110620207690896,49.035810322845514,9.111988392284172,49.03670987711924,Schlossfeld
9.111222247513261,49.14922873173799,9.112593552461524,49.15012826822677,Augelbaumstraße 70
9.20830029257473,49.12794695311485,9.211265820206393,49.12915394945253,Gildenstraße
9.442069556535786,49.23459194873714,9.443562543546552,49.235560051154344,Am Bolzplatz
8.966798204919433,49.2028764351516,8.968170995087915,49.20377596481318,Bockschaft Ortsmitte
9.158293415061276,49.232091747130234,9.160265374345627,49.233541153279944,Bad Wimpfen Erich-Sailer-Straße
9.208369886889628,49.1029038287283,9.20982261382991,49.10385757123075,"Flein, Haigernstraße"
9.356277636714792,49.136051836485585,9.357755560728176,49.13703756349893,"Willsbach, Waage"
9.23369088972609,49.18992443783284,9.23506331022099,49.190823962131866,"Neckarsulm, Wilfenseeweg"
9.493671892007614,49.195766418478684,9.495226205401886,49.19679788152372,MAHLE
9.508915182585447,49.179780114644565,9.510368814835294,49.180677385295105,"Pfedelbach, Otto-Rettenmaier-Straße"
9.21996446052019,49.13405943303053,9.22133533943013,49.13495896693419,Südstraße Ost
9.278255389426542,48.96457322175052,9.2796216105112,48.965472778214135,Marktplatz
9.109113061694549,48.944945272247594,9.111310134495268,48.94591412833217,Grotzstraße
9.143710001929284,48.941159409889345,9.145591895703074,48.942220288700895,Berliner Straße
9.408415213130908,49.138394241509715,9.409786186776966,49.13929375845486,"Eschenau, Bergstraße"
9.314523475225235,49.149304168427165,9.318691339623875,49.15060016653947,"Ellhofen, Bahnhofstraße"
9.450117100049635,49.02703822862966,9.451656586722192,49.02831325430812,Spiegelberg Dauernberg Abzw.
9.200366651748158,49.162244448192,9.20185765215991,49.16360965141071,Albrecht-Dürer-Schule
9.26298464355728,49.064236755238646,9.264647163438827,49.06517554503186,"Ilsfeld, Bustadt Ost"
9.247602081071314,49.20996580715941,9.251838291529053,49.212162379187845,"Amorbach, Haydnweg"
9.093380136304313,49.23925418694885,9.0950787655286,49.240171013169764,Bad Rappenau Raubachstraße
9.153603702341595,49.18154513504195,9.154975897623585,49.1824446649228,Briefverteilzentrum Sonderverkehr
9.107330357534819,49.14849603162191,9.108701642440842,49.149395568342854,Eppinger Straße 118
8.846106645710492,49.05178515904721,8.8475625574463,49.05276534091193,Brettener Straße
9.232230753311296,49.199179164494566,9.234114381524776,49.20096774095058,"Neckarsulm, Viktorshöhe B27"
8.984532419155398,49.20906543557854,8.98590538084794,49.20996496438625,Kirchardt Altenberg
8.966867485298406,49.146507446577196,8.969809432952335,49.14859415393508,Stebbach Flürle
9.223735182052435,49.18643834276591,9.225248216148746,49.187732756499436,"Neckarsulm, Wilhelmstraße"
9.139118214215477,49.00032555787209,9.140511086903519,49.00141224199289,Kelterplatz
9.217855966683173,49.13360543293146,9.219226833267623,49.13450496703325,Südstraße West
9.191231774570813,49.12021677676307,9.192780532845449,49.121353523256715,Ackermann
9.053384821455625,49.142533354133825,9.055004779667904,49.14353814537159,Schwaigern Gemminger Straße
9.12806091337073,49.17963340007301,9.129424788359751,49.18058539965433,Kirchhausen Carl-Zeiss-Straße Nord
9.288027036987152,49.06875243459112,9.289615960729785,49.069724764705356,"Abstatt, Schule"
9.22486000893234,49.14737046430707,9.226379489802559,49.14827523570502,Gartenstraße
9.220067629112766,49.14577359862555,9.223440200998425,49.14694893527337,Halllenbad/Bildungscampus Ost
9.499688030316202,49.2009030972884,9.505801948498968,49.204271363246214,Hohenloher Straße
9.282039573562244,48.94675199929477,9.283427689930933,48.94777793993648,Erdmannhausen Huober
9.147249652232016,48.99753305115816,9.150988182506138,48.99870147195636,Jahnstraße
9.147696814052201,48.919267106531194,9.150210088992653,48.92209195833088,Breuningerland
9.000017233766963,49.06605773223497,9.001402466057067,49.06708256757904,Güglingen Kirche
9.11163990083463,48.90582632144181,9.113387163635592,48.906889046110265,Am Wasserturm
9.164635840028792,49.12068589972793,9.166712668466184,49.1217144013138,Landgraben
9.297964867888806,49.002875023877316,9.29967688066342,49.00413429432115,Großbottwar Kelter
9.12773114941043,48.92116481755846,9.129244747942376,48.922070382457285,Alter Weg
8.993312311738274,49.11733322559391,8.994703888465143,49.11837357417311,Forchenwaldhöfe
9.194849379357567,49.14500613105242,9.19627981948869,49.14616526862576,Hans-Sachs-Straße
9.127383312901403,49.10823942879418,9.128753487069801,49.10913897117057,Nordheim Rathaus
9.188055427469887,49.10096511041578,9.189432571845114,49.10195418940259,"Talheim, Rauher Stich Fa. Gross"
9.287140163681395,49.10505373310182,9.2885102362539,49.105953266862855,Obergruppenbach
9.057716599922657,49.16660738207694,9.059319693862848,49.16820261721987,Massenbach Industrie
9.133669107943753,48.99202711980328,9.135036092026214,48.992926680161446,Schwalbenhälde
9.182285833741494,49.07049932700951,9.183654966217444,49.07139887295523,Vorderes Burgfeld/Landturmstraße
9.114326356611011,49.14132633116753,9.115697443363088,49.14222586879723,Einsteinstraße/Kita Lützelfeld
9.23394587406581,49.185503340197315,9.235325624994497,49.186496959562284,"Neckarsulm, Binswanger Straße Ost"
9.272597297946914,48.96392562148545,9.27396350199209,48.96482517847922,Brühlstr. 20
9.360339330890799,49.129572838279536,9.361710069027934,49.13047236168505,"Willsbach, Breitäcker"
9.50434295298656,49.19409245188474,9.505715446899389,49.19499194807974,Münzstube
9.135279950082367,49.24304973949141,9.13665384988685,49.24394926047334,Hohenstadt
9.501661375773464,49.19965285213472,9.503034024113058,49.20055234782976,Marktplatz
9.10232907897852,48.93924548239707,9.104194318606172,48.94017731785519,Südstraße
9.501509939554552,49.195041851763335,9.502882460332032,49.19594134820113,Hofgartenweg
9.225202821145022,49.158674635118366,9.226574378804056,49.15957416484636,B27 (Kreuzenstraße)
9.065738258300357,49.06520975900044,9.067206733721349,49.06631634083907,Botenheim Kirche
8.849421924370084,49.049244375861974,8.850862472439601,49.05021422407939,Rathaus
9.055997710540579,49.00624192541414,9.057432692129362,49.00715577413004,Freudental Gewerbegebiet
9.154420832659547,49.18067628948175,9.155912467194746,49.18164201039018,Briefverteilzentrum
9.133338710620182,48.92517797309573,9.134772684995399,48.92616442679331,Alleenstraße/Brächterstraße
9.088223645459168,49.067891057347644,9.089598452627113,49.06889364208779,Sportplatz
9.25281239984631,49.21206448562163,9.254432989395141,49.21310149590747,"Amorbach, Wolgastraße"
9.459286132670773,49.07961832718945,9.460961698087406,49.080705212923675,Wüstenrot Firma Zügel
9.042949232186587,49.25487270789921,9.044931228524362,49.25639617446153,Obergimpern Gewerbegebiet
9.149755770683651,49.25693254213065,9.151166936937623,49.2584205577701,Heinsheim Siedlung
9.083875353334685,49.29044593139157,9.08750977807075,49.292355753697215,"Hüffenhardt, Ortsmitte"
9.033700751833459,49.04191348109184,9.035502857946254,49.042903632832875,Cleebronn Turnhalle
9.110987985049485,49.24048353887799,9.112361814925235,49.24138306108679,
9.22603813294476,49.2397838854033,9.227374770053625,49.24070591406207,"Hagenbach, Mitte"
8.892667534440266,49.1699179746042,8.894172164909762,49.1708205253872,Adelshofen Wartbergstraße
9.228232244197905,49.135271333380366,9.229603155750553,49.136170866584344,Silcherplatz Ost
9.047144875467023,48.95004514163185,9.050195426143492,48.950986358699026,Eichwald
9.176987148903102,49.14126590581004,9.178649545162214,49.14219889442605,Schanz Süd
9.49429941779343,49.19297865085799,9.495798283006645,49.193939748933076,Treffener Ring
9.363938421050014,49.11374627544522,9.365582569227453,49.11557212392432,Hößlinsülz
9.261856704887533,49.061933809791995,9.263384596182473,49.062905189899034,"Ilsfeld, Bustadt Mitte"
9.429198956845404,49.20206045415968,9.43056904532466,49.20304734526874,Weißlensburg
9.089996732629043,49.06412260508404,9.09252526156667,49.06514479596532,Meimsheim Lauffener Straße
9.461592215339302,49.08323531604495,9.462900488219464,49.084126283347125,Wüstenrot Schule
9.322230867449932,49.126723036268736,9.323601532477394,49.12762256369592,"Lehrensteinsfeld, Lauchäcker"
9.196042813312227,49.159172657125474,9.1976312808381,49.16008944296803,Breslauer Straße
9.197944114853955,49.01360212296185,9.1993116851016,49.01450167700283,Besigheimer Straße
9.118603765436259,49.147942731754355,9.119975034536864,49.148842268210416,EKZ Rewe
9.372995626114696,49.243513436385356,9.374937570402103,49.24446076401251,"Gochsen, Buchsmühle"
9.477379864657864,49.211352898066544,9.478956438328792,49.212303601089864,Unterohrn Hohe Steige
9.126705895067055,49.1396304560425,9.128510238634247,49.140786330102316,Leingarten Südstraße
8.904899590049384,49.17346166732684,8.907978794821386,49.17473563577607,Dammhof
9.254231754114207,49.13693149384565,9.255897141602967,49.137874704646975,Trappensee/Literaturhaus
9.14390663031244,49.07183641624666,9.145405771968091,49.07277808325746,"Lauffen, Schillerstraße"
9.204885020005685,49.137881387313335,9.206948180930318,49.1390881117046,Karlsruher Straße
9.152188254625273,49.22888399531202,9.15385294678027,49.22995180451278,Bad Wimpfen Friedhof
9.44754493273579,49.188889127185796,9.449508062914132,49.189848673316924,Bitzfeld Kleerainweg
8.90831876392023,49.12181722419943,8.909693936632078,49.12279117567103,Dachsbau
9.109292514970347,49.14433643132554,9.110663685004878,49.14523596863922,Karlsruher Straße/Alte Post
9.155887637020703,48.953358517216195,9.157253562944371,48.954258082748524,Höpfigheimer Straße
9.228758189231087,49.1752496430382,9.230466906668138,49.17621005542474,"Neckarsulm, Trendpark Süd"
9.356035310180397,49.08799979648629,9.358372982853156,49.08903070463376,Vorhof
9.165059063571094,49.285349343417735,9.166434136391299,49.28624885654706,"Gundelsheim, Kolpingstraße"
9.2009499795751,49.168419890586826,9.202317618755625,49.16938670909895,Wimpfener Straße
8.935794906490807,49.192921760642975,8.938419885100236,49.19400224089529,Abzw. Kirchardt
9.2310102386033,49.12916844017613,9.232466860508964,49.130125059788355,Winzerstraße
9.00783146137426,49.12952301143737,9.00959313740452,49.13043698865675,Stetten Kirche
9.459227852145341,49.07778753979198,9.460597147751413,49.07868706017253,Wüstenrot Linde
9.231524141409874,49.19242700981193,9.233021157941216,49.19338968999542,"Neckarsulm, Stadtwerke"
8.982693115877819,49.155872245240246,8.985683359423838,49.1570582780607,Gemmingen Rathaus
9.040571927473023,49.254715154265654,9.041974378114853,49.25569414547791,"Obergimpern, Ortsmitte"
9.05640938565853,49.141128042768564,9.058433906430398,49.14214025814447,Schwaigern Marktplatz
8.962616891324101,49.14597013071626,8.963988108684164,49.14686966924852,Stebbach Rathaus
9.077240407959215,49.08650124660225,9.078730088401949,49.087412652530325,Dürrenzimmern Friedhof
9.136650751528022,49.09440776326851,9.138328036880198,49.0957709369663,Lauffen (Neckar) Rotenberg
9.322468338645317,49.008905462092386,9.323888960671658,49.00984093787373,Kelter
9.203475695947343,48.9355305653931,9.20486600451087,48.936594634427315,Menzelstraße
9.230919730921974,49.153050821259534,9.232590569411437,49.153954078734984,Wartbergsteige
9.157665935931089,49.22248063833344,9.159039264033098,49.223380161631326,Ferdinandstraße
9.075365680329911,49.07952971216539,9.076777124763934,49.08040238755787,Brackenheim Strombergstraße
9.21754547372554,49.141475458590655,9.21961921401702,49.142553144488,Rathaus
9.378275308664753,49.0990072326195,9.379801592025125,49.09991066737813,Löwenstein Neue Gärten
9.132916947965342,48.95886409306282,9.134694059032563,48.96011910713155,Schillerplatz
9.15130582391674,48.939650916044826,9.152671376049376,48.94055048391989,Sucystraße
8.983773502161048,49.08228354159942,8.98526149283212,49.083177558306275,Abzweigung Kirschenhof
9.147636363811518,48.95418989890422,9.14919083519421,48.95509560111599,Steinheimer Straße
9.497598522605113,49.15474258372544,9.499033478886833,49.15568981624501,"Buchhorn, Ort"
9.199179639409767,49.193449037080896,9.200552160545099,49.194348562883825,"Obereisesheim, Johannes-Kepler-Straße"
9.336184731103156,49.23387305117695,9.339025005060915,49.23500159955617,"Neuenstadt am Kocher, Schulzentrum"
8.923271836168215,49.05810114397418,8.92480616546617,49.05900775605336,Zaberfeld Leonbronner Straße
9.095969234893225,48.94408995287553,9.09746436988974,48.94498724706102,Kelterstraße
9.218782515905325,49.16152998515669,9.220352041896865,49.16419399512641,Hans-Rießer-Straße
9.512206945741864,49.19467665247947,9.513579454142308,49.195576147484964,Realschule
9.079604796604988,49.29000714234015,9.080980003376787,49.290906657624646,"Hüffenhardt, Evangelische Kirche"
9.187530959104363,48.995728921285064,9.188898040853559,48.996628478679646,Schule
9.368570310345142,49.13697669847045,9.370433794599338,49.13793420199365,"Willsbach, Ost"
9.09284576482576,49.23470273817023,9.094219435153073,49.23560226179457,
9.247184027992116,49.142562538276714,9.248911272026184,49.143630161232075,Wilhelm-Blos-Straße
9.499605923030957,49.19616316190255,9.501142668849228,49.19780173775468,Pfedelbacher Straße
9.450247735414566,49.049818337040094,9.451616264484347,49.05071786292442,Großhöchberg Denteltal
9.201656297989791,49.19650869582035,9.203204800523501,49.19748060375682,"Obereisesheim, Wimpfener Straße"
9.47498831460058,49.21018660221487,9.476382984856276,49.211241597639905,Unterohrn Landesstraße
9.104698162510855,49.104595828145584,9.106068237465456,49.10549537181916,Wartbergstraße West
9.213226827887764,49.16914087881156,9.215544880348137,49.1701931224592,Salzgrund
9.20943535339257,49.22785641680393,9.210819545544382,49.228889783128764,"Bad Friedrichshall, Rathaus"
9.443769476062066,49.16304754550975,9.44514112383772,49.16394705445481,Kindergarten
9.10170782876771,48.94652941571858,9.10307357120946,48.94742898424615,Schillerschule
9.210522215503763,49.01359382331478,9.211889784448978,49.01449337664992,Carl-Zeiss-Straße
9.145506280909933,48.99613070785158,9.148679525668953,48.99719859358512,Paul-Gerhardt-Haus
9.209579219349408,49.10184269420118,9.211440479875142,49.102975705201125,"Flein, Heilbronner Straße"
9.483929411009976,49.17933412048304,9.485305751438514,49.180276499794005,"Windischenbach, Ort"
9.14275494635709,49.19157599087743,9.144253253911817,49.192543208976005,Biberach Weirachstraße
9.236542628464527,49.18713343770659,9.23791497148192,49.18803296225811,"Neckarsulm, Stadion"
9.089445427408801,49.26761115834052,9.090992917104694,49.26867041634822,Siegelsbach Kirche
9.169347494245065,49.07333922691868,9.170716705716774,49.07423877304605,"Lauffen, Neckarwestheimer Straße"
8.98198214205101,49.020357041138176,8.983545552603944,49.0212687589179,Kirche
9.07491856885636,49.076018163712725,9.076356829952383,49.076966736258264,Brackenheim Theodor-Heuss-Siedlung
9.137249417909736,49.24189461690299,9.14115201500591,49.243786740114345,Bad Wimpfen-Hohenstadt
9.260914984812572,49.212310371017374,9.263006314308438,49.213337255463316,"Amorbach, Grüne Mitte"
9.119721754804559,49.04014971169013,9.121986753746684,49.04120348958088,Hohenstein Post
9.193912295851085,49.05144502581797,9.195280904105289,49.05234457414676,Neckarwestheim Rohr/Hart
9.287198030005175,48.998216224734655,9.288565169930457,48.999115775229996,Schulzentrum
9.383286771772282,49.13461671557401,9.384676229247576,49.135645484042364,"Affaltrach, Am Ordensschloss"
9.424463181692701,49.17471493202998,9.427052490533013,49.17609994552973,"Rappach, Erlenweg"
9.466706742493718,49.18734424884635,9.468079057400764,49.188243751118165,Verrenberg Grundschule
9.269762271384472,48.93933058853952,9.272386131752304,48.94030261204982,Silcherstr. 32
9.107669145775883,49.142100631126176,9.10904025419971,49.1430001688386,Parkstraße/ASB-Pflegeheim
9.201490122928778,49.209098538369645,9.202863077025524,49.2099980615951,"Untereisesheim, Mitte"
9.125807534583721,49.14294413148439,9.127178665387785,49.143843668480386,Hoppenstraße/Versicherungsbüro
9.122161202590455,49.24916351246429,9.123506603254665,49.25010328709442,Zimmerhof Kreuz
9.112061419893037,49.23797293869802,9.113435180081446,49.23887246126676,
9.147350615163646,48.947083418257876,9.148699490910458,48.94804298132658,Im Feldle
9.404032058997727,49.16267205979967,9.40541105628668,49.16363343139268,"Waldbach, Alte Schule"
9.270678027301068,48.96908932181845,9.272044372638346,48.969988878146225,Riedstr.
9.23625706341995,48.98094752154767,9.237623736527118,48.98184707841701,Endwiesen 15
9.10494806445506,49.14074203097985,9.10631913552115,49.141641568984916,Röthestraße/Parkstraße
9.218478537011988,49.166073290737785,9.220001470376559,49.16766180891374,Läpple
9.375594230184438,49.226753210859144,9.376986263501102,49.22774448881307,"Brettach, Neuenstädter Straße"
9.060072139203406,49.07414141120657,9.061457060976624,49.075164288611965,Brackenheim Krankenhaus
9.1220505861416,48.957013616854425,9.123416613831015,48.95791318311029,Haus an der Metter
9.2574017258119,49.2094490712912,9.259514502173921,49.21089026290066,"Amorbach, Kelternberg"
9.181702432417913,49.1471900655423,9.183182967643308,49.14838203354933,Schanz Nord
9.352852262717425,49.23474317642611,9.354454233680523,49.235687722464206,"Neuenstadt am Kocher, GIK"
9.198459526269987,49.160377690057636,9.20042716742414,49.16136151063406,Sachsenäcker
9.202097898993705,49.29688470707461,9.20358300173168,49.29785359287108,Tiefenbach
9.201651978286588,49.13744187144307,9.203651922044495,49.13861142757542,Theresienwiese
9.266542645354253,48.97227375888318,9.269331713478108,48.974187419480295,Wellarium
9.399551432419958,49.13636361020635,9.400881070847996,49.13729258907096,"Eschenau, Friedhof"
9.330467525357077,49.23613779153365,9.33236721547405,49.23756910621331,"Neuenstadt am Kocher, ZOB Lindenplatz"
9.255956903884218,48.940027245342904,9.259210676644132,48.941592060527995,Rathaus
9.255435143473123,49.174777822392,9.257125051123909,49.175939677719526,"Binswangen, Hauptstraße"
9.230812807675681,49.130484733572544,9.232564388934382,49.131632466370405,Schweinsbergstraße
9.476926555999079,49.09305321742629,9.479672406656723,49.09426055820281,"Weihenbronn, Fa. Trefz"
9.187808618197376,49.128196796257036,9.19029827418807,49.129251505067344,Jäkleinstraße Ost
9.400220992296875,49.14300266475147,9.405285479539423,49.144764984812596,"Eschenau, Bahnhof"
9.395575823340232,48.96789918609537,9.397051778308334,48.96915391332498,Großaspach Friedrich-List-Str.
8.986272981671004,49.1576211366046,8.987900316799529,49.158532463465434,Gemmingen Hausener Straße
9.182275276236243,49.089231928476515,9.183644923722659,49.09013147148821,Abzweig B27
9.244404165430927,49.20139109216929,9.246011137174735,49.20245240781398,"Neckarsulm, Schönbuchstraße"
9.299885215832033,49.21075215069136,9.301343289144546,49.21176114921336,"Dahenfeld, Bismarckstraße"
9.241613441875721,49.323065648510934,9.242989558069192,49.32396515145379,"Allfeld, Adler"
9.317134422647413,49.02580289397179,9.318500080399232,49.02671210584724,Schule
9.239690831580026,49.13934845319978,9.242534744874753,49.14056940226169,Pfühlpark
9.10153897230433,48.94339361390116,9.10299322825735,48.944546485211085,Ludwigsburger Straße
9.055128429966002,49.24277511770201,9.057598682213156,49.243919384292,Babstadt Grundschule
9.254884039450916,49.239221945948664,9.257425556675562,49.240203654766106,"Oedheim, Rathaus"
9.421027869755942,49.21345803038928,9.422478135593975,49.214469569488514,"Langenbeutingen, Bössingerstraße"
9.321920350302186,49.23571300684635,9.323313449899196,49.23674769293906,"Neuenstadt am Kocher, Firma Bordt"
9.303855753294052,49.30248252926948,9.305441146333441,49.303496170546346,Siglingen
9.484299885351342,49.199521535426,9.487143626839714,49.20093399887535,Öhringen West
9.117057561197198,49.14099863118547,9.118428638776283,49.14189816877929,Schillerstraße 5
9.159432347065225,49.11869329195105,9.160804250977177,49.11968610752239,Tränkgasse
9.147073921308714,48.95101665831802,9.148534073678226,48.951904441531155,Gustav-Rau-Straße
9.469944699451927,49.16877544760099,9.471316500441924,49.1696749523635,Stöckig
9.474394333131952,49.0934604701104,9.47599840252264,49.094482015203866,Weihenbronn
9.264301890651431,49.02290202580065,9.265669709289243,49.02380157416402,Raiffeisenstraße
9.20002854798004,49.207284638187254,9.201401451974604,49.20818416177748,"Untereisesheim, Siedlung"
9.182148290918962,49.09543382895908,9.183518109039955,49.096333371005656,Rauher Stich B27
9.158372112916044,49.0247184577754,9.160962584742034,49.026133140446305,Kurze Straße
9.184875296814305,49.14883292908518,9.186637210860333,49.15009467113798,Kreuzgrund
9.402607223243562,49.18162853489936,9.404516237630956,49.18397622106812,"Schwabbach, Volksbank"
9.271377805879698,49.07314464757352,9.272856991754834,49.07407845194932,"Wüstenhausen, Linde"
8.996639248746213,49.06779164462367,8.998987818777119,49.06901724024335,Güglingen Schulzentrum
9.192261706386102,48.934034133111844,9.193677835260496,48.93505155974547,Stadtzentrum
9.247854387175218,48.981632258342486,9.249158916392608,48.98252104105106,Obere Seewiesen
9.183798775564604,49.09588380623023,9.185379721350197,49.096835392863795,"Talheim, Rauher Stich Landstraße"
9.23369392757735,49.184103154489605,9.235096370359352,49.18514834459704,"Neckarsulm, Richard-Wagner-Platz"
8.969228741230511,49.09941842874153,8.970890755255665,49.10052677127279,Kraichgaustraße
9.2650586289017,49.10245459211527,9.266857479308847,49.103752508142435,"Donnbronn, Ortsmitte"
8.969252215233329,49.2598407395995,8.970626584773484,49.26074026036531,Adersbach Auf der Höhe
9.172981661798392,49.156938030686305,9.174716332528293,49.15788276965927,Leintalstraße
9.15901433856086,48.91687076316387,9.16128376055823,48.91814343540457,Eglosheim Golfplatz
9.410217552136208,49.184982397275334,9.411804750771527,49.18593840187586,"Schwabbach, Carl-Zeiss-Straße"
9.28519286026653,48.96673782218894,9.286559139669656,48.96763737777573,Höhenstr.
9.309228178959692,49.05953890194745,9.312373217255875,49.06053349889482,Helfenberg
9.241747237660674,49.17925403726097,9.243119362284617,49.18015356270373,"Binswangen, Josef-Schwarz-Schule"
9.26546922256867,48.94011321935537,9.266834777371995,48.94101278060929,Schwabstr. 19
9.243941031369713,49.14010225067385,9.245961277755583,49.14155963837909,Pfühlpark Ost
9.083757862677018,48.90733361241607,9.085122537304189,48.90823318754865,Ersatzhaltestelle Paulinenstraße
9.205990497492703,48.9954778063488,9.207487708677924,48.99654899360515,Lange Straße
9.109911539008664,49.23659083855692,9.111285260966305,49.23749036140786,
9.093294625487836,49.23754033839807,9.09466837449089,49.238439861566704,
9.49838771085437,49.194523926494604,9.500704157009235,49.195747777965366,Friedhof (Eingang)
9.21621754166239,49.12653214768847,9.21777415909728,49.127835051058874,Beethovenstraße
9.14146687892699,48.94400359897471,9.142833923038575,48.94499700049022,Gröninger Weg
9.199544418325596,49.19497423721032,9.200916981629184,49.19587376275443,"Obereisesheim, Südstraße"
8.919036214510669,49.21552155861802,8.921896812628239,49.21820608868427,Reihen Ziegelei
9.267171427954416,49.13164647340839,9.26860377925211,49.13270002636364,Jägerhaus
9.361193149949816,49.239393230218305,9.362597148064602,49.24052526966684,"Gochsen, Austraße"
9.27563606052187,48.973997222389315,9.277002539416426,48.97489677757533,Jo.-S.-Bach/R-Wag
9.193493879524583,49.084183238084286,9.195489816767614,49.085138062373574,"Talheim, Rathausplatz"
9.10713116036082,49.0388476707939,9.109270587935619,49.03993068613629,Burgermühle
9.30802007826714,49.03926713146059,9.309774381959397,49.040692677515906,Busbahnhof Beilstein
9.132963150174149,48.95234431668035,9.134329049796037,48.95324388328435,Realschule im Aurain
9.109329997638627,49.24510240570811,9.110891703395927,49.24600819431234,Bad Rappenau Johann-Strauß-Straße
9.212154084891111,49.149972883063995,9.213569113643498,49.151045616137615,Fügerstraße
9.42485778843994,49.18781610319245,9.42621011415151,49.18877029625205,Birkenhöfe
9.331586693363825,49.040718403939024,9.333052003583632,49.041703896031756,Schmidhausen Ort
9.345837337679978,48.999270745374716,9.347389264658657,49.00022935399526,Kleinaspach Sinzenburg
9.483040338210754,49.20945265164244,9.484413261679919,49.210352148322066,Möhrig
9.400207285440887,49.118228632097605,9.40191691972962,49.119166968196254,"Weiler bei Weinsberg, Schule"
9.190219714076806,49.135891864784966,9.192784573657411,49.13704983733986,Friedrichstraße Ost
9.144450258242022,49.0702695423336,9.146031739671264,49.07131105763241,"Lauffen, Paulus Zentrum"
9.054897669064339,49.13780981496917,9.058120459321037,49.139185542286604,Schwaigern Bahnhof
8.993987653058692,49.2254177677361,8.99862190264756,49.22678176308135,Grombach
9.12168096921467,49.14042573121674,9.123052030757773,49.141325268748005,Festhalle/Friedhof
9.04508449850097,49.17295568401966,9.046532304291857,49.17392301593725,Massenbachhausen Sportplatz
9.106146308033708,49.242582017738414,9.107680887535565,49.24348678226428,Bad Rappenau Grundschule
9.107069266933355,48.958394216725786,9.108435333042602,48.95929378323894,Metterzimmern Bietigheimer Straße
9.011040954950557,49.06627743748103,9.012890842957962,49.0672044627285,Güglingen Ost
9.239912261565719,49.142908791999325,9.241315639880654,49.14402460784876,Pfühlbrunnen
9.188615810953046,49.131106600797494,9.191394979628578,49.13227498388703,Seestraße Ost
9.165518947938581,49.12755873107684,9.166889652024011,49.1284582688879,Westfriedhof
9.151005904740062,49.0031941505475,9.152678298663226,49.00430774945209,Neusatz
9.133668538108866,49.10738524451681,9.135857861266137,49.10858685385228,Alter Friedhof
9.197439362814169,49.11729260759557,9.198991534696235,49.11824819173629,Staufenbergstraße
9.000878148079957,49.00862934976373,9.00227755328459,49.009741250084616,Bromberghöfe
9.23229060357781,49.18891793770916,9.233662996369588,49.18981746225555,"Neckarsulm, Pichterichstraße"
9.19183277383178,49.11812221814469,9.19371612725648,49.119037881959386,Hofgartenstraße
9.19012883448353,49.22744474364356,9.191654668626825,49.22846705636526,Bad Wimpfen Lohwasenweg
9.183770796960966,48.991989858538034,9.186071497861814,48.99340104086344,Sattlerei Eisele
9.149603928209624,49.03597559501723,9.151620916057666,49.03976162922422,Kirchheim/Neckar Bahnhof
9.38910276668147,48.970032077038994,9.390476132597245,48.971020822772935,Großaspach Forstboden
9.29756404376488,49.26008863209277,9.299298961897561,49.261032768249535,"Stein am Kocher, Grüner Baum"
9.121434085568799,48.9539309500346,9.12615988645803,48.95722599698796,Ellental
9.005724053550605,49.06322820078559,9.007193151386238,49.064247999143674,Güglingen Ochsenwiesen
9.242297561888266,49.05464023528925,9.243627141261925,49.05556876404941,"Ilsfeld, Kelter"
9.191478285979835,48.92787081606973,9.192843513977353,48.92877038389495,Stuttgarter Straße
9.069193606425921,48.9583989571046,9.071048697180842,48.959414841172965,Ludwigsburger Straße
9.120116694715602,49.14447220564,9.12344123634516,49.14564712462365,Leingarten
9.235898788536412,49.203081208893046,9.23739581365229,49.204073891096186,"Neckarsulm, Öhringer Weg"
9.11946678975834,49.14618153163062,9.12083801021459,49.147081068334145,EKZ Lidl
9.182811432839374,49.18415486202765,9.185486862873626,49.18515013880342,Mühlrainstraße
9.155697883478753,49.07090226936771,9.15716932085614,49.071794930532505,"Lauffen, Stuttgarter Straße"
9.128642612091232,49.143064008104126,9.133148372288426,49.145189554166926,Heilbronner Straße 106
9.212770741756604,49.10945686369575,9.214631173892837,49.11108203688919,Flein Sommerhöhe
9.231031288591982,49.143065836931,9.232465509179569,49.14427346282317,Schillerstraße
9.411424959899698,49.21462354764699,9.412798040007134,49.21552305231758,"Langenbeutingen, Schule"
9.198479790196126,49.2298942048602,9.202020174526597,49.23252988828833,Bad Friedrichshall Hauptbahnhof
9.311499973313776,49.00957253918089,9.312869207806951,49.01051448362178,Hof und Lembach Talstraße
9.008815281961315,49.06673702442474,9.010184318036554,49.06763657554003,Herrenäckerstraße
9.143662875635544,48.972469018461645,9.145029324332224,48.9733685815031,Kammgarnspinnerei
9.150960183807449,49.11917258974353,9.152628021633623,49.12010491049423,Felsenstraße
9.20000291119159,49.209941738394555,9.20137588876305,49.2108412615702,"Untereisesheim, Kelterplatz"
9.013305144968943,49.136149295819976,9.01625305530594,49.13758160198386,Stetten am Heuchelberg
9.312013151269502,49.0416067005683,9.313585851001891,49.04257319877528,"Beilstein, Langhans"
9.044743319965505,49.176601271378445,9.04659377476152,49.17755962909521,Massenbachhausen Backhaus
9.272417564149793,49.15065376375735,9.27543278641291,49.151825172485935,Weinsberg West
8.988888290902823,49.15755118940329,8.990401810086782,49.15851701032868,Gemmingen Schule
9.340480607987931,49.23506765282224,9.342079191151614,49.23609564703001,"Neuenstadt am Kocher, Hofgartenstraße"
9.266367592269166,48.94486675070096,9.268129820162272,48.94631154968276,Gartenstr. 48
9.206268840802089,49.15091637286648,9.207742959142447,49.15210412630463,Wohlgelegen
9.32818800146039,49.09704455072721,9.330573598194505,49.097950449314,Oberheinriet Lerchenberg
9.258472385697683,48.942788119312915,9.259838014244536,48.943687680651735,Friedhof
9.153177720749433,49.24245144565384,9.15488067963872,49.243355454348645,Bad Wimpfen Freibad
9.294054791866996,49.16242434724339,9.295659556472026,49.16336389055603,"Weinsberg, Klinikum am Weissenhof"
9.469460880960979,49.13632766390941,9.471908917534579,49.13766893444182,"Unterheimbach, Siedlung"
9.26195680229155,48.974844483659965,9.264791192451787,48.976429814718,Kreuzwegäcker
9.50050970861975,49.180921989593266,9.501895789480793,49.18194130974886,"Pfedelbach, Weststraße"
9.098408410821515,48.90411462988122,9.10005188832715,48.90516786989647,Steinbeisstr.
9.18974475918233,49.13406253217872,9.191115640774795,49.134962067786,Schuchmannstraße West
9.205844289782675,49.11978161877445,9.207367710503295,49.12068298120513,Jörg-Ratgeb-Platz
9.179262313563552,49.13734153216919,9.180633286395928,49.138241067795526,BSZ Haselter
9.199548538015614,48.97536822000969,9.200915061939668,48.976267779955,Kleiningersheim Blumenstraße
9.179493439348901,48.942418163670844,9.180868959969798,48.94341893611757,Mönchsbergstraße
9.154015542927993,49.22196703821486,9.155388857037018,49.222866561749896,
8.935223646137151,49.018351820909665,8.936591353877196,49.01925137905506,Alte Mühle
9.151270142884966,49.18054699552388,9.152995862371386,49.18148780479188,Stadtgärtnerei
9.098765086411493,49.2364767464632,9.102704140756682,49.238454142128596,Bad Rappenau
9.258715926781589,49.21210812061078,9.260346651655576,49.21312542921668,"Amorbach, Rheinstraße"
9.20417165038548,48.93796010985039,9.20582374817732,48.93902708999008,Beihinger Platz
9.225647646818002,49.22503256261827,9.227027152167906,49.226042737329294,"Kochendorf, Friedhof"
9.009308856205152,49.06861202457226,9.010677943792606,49.06951157539249,Kindergarten Herrenäcker
9.233598299742633,49.13976344048427,9.235955114774509,49.14134539444001,Finanzamt
9.249507844996808,49.011576924390546,9.250875354947217,49.01247647557413,Holzweiler Hof
9.049845791819463,49.029599921684344,9.051213808169218,49.03049947828041,Schnaufender Trullaner
9.226708824720703,49.200691870780695,9.22949594171033,49.20285150412318,Neckarsulm Nord
9.324983258293,49.13237283317615,9.326468646329769,49.13339636678767,"Lehrensteinsfeld, Neuwiesen"
9.19666355304417,49.17075473523571,9.198035446911314,49.17165426472906,Im Falter
8.912284630433506,49.135331833066914,8.91825295626692,49.137458963898524,Eppingen Bahnhof
9.172738059814119,49.11219823004209,9.174108340146882,49.113097769922625,Wagenburgstraße
9.443154779839,49.164946979744435,9.446649620691426,49.16651731569999,"Adolzfurt, Abzweig Scheppach"
9.141300279836308,49.0665601967358,9.142679621526984,49.067568802864045,"Lauffen, Daimlerstraße"
9.15387223036041,49.027492661329006,9.155277172118163,49.0286665385411,Papierfabrik
9.22557711334329,49.2223760364051,9.226954686533078,49.22334446353275,"Kochendorf, Remmelesweg"
9.441531297928783,49.19120302592467,9.442901906540106,49.19213317380509,Sommerhalde
9.10571511849736,49.144074931251986,9.107086281478674,49.14497446871279,Karlsruher Straße/Röthestraße
9.098585491924988,49.03694082276026,9.09995370805277,49.037840377204496,Hofener Straße
