min_x,min_y,max_x,max_y,name
9.690502906186595,45.71212383891608,9.69194698606934,45.713840260792416,Via Goisis
9.70952333826845,45.70313104447421,9.711059830114426,45.704735268003695,448
9.404213361777229,45.420470862084805,9.405575540384866,45.421393137479306,PAULLO Case Rotte
9.527864024451095,45.32988567896463,9.529775593557776,45.33158589851061,
9.469177677819761,45.707555486705395,9.470954525019584,45.70850111360695,Via Volpino
9.404807830097067,45.416387857048235,9.406242968489948,45.417354042541284,PAULLO Pasubio/I° Maggio
9.836624214858274,45.584663120935566,9.838063383915992,45.5856337786907,"Palosco Via Giovanni XXIII, 2"
9.646196868172167,45.6483979696278,9.647478131200142,45.64930443031623,Stezzano - Via Circonvallazione
9.686869841256504,45.694477591073095,9.688154158612763,45.69537760889079,Via Borgo Palazzo 100h/102 - Viale Pirovano
9.374618941104268,45.56414795684274,9.375957213722623,45.56527797195173,
9.542937636783991,45.33168815020157,9.544213763114385,45.33258824976251,
9.658446570301658,45.69161228821872,9.659730829573027,45.69251231174518,
9.710467476515497,45.69105195684746,9.712117832806026,45.69243994345543,Via Celadina
9.436321313181002,45.66482259895017,9.43762209059644,45.665772300849106,
9.296095333036632,45.47985132870099,9.300627311000824,45.48197971365567,Segrate FS (Segrate)
9.434091297711808,45.63502805062871,9.435596197791817,45.635949049480494,MEZZAGO C.na Orobona (SP233)
9.65996933547067,45.70216703367625,9.661303659352386,45.703182866109195,442
9.492047322098285,45.40364775227526,9.493325077809294,45.40454784768886,Spino d'Adda - Manzoni/Mulino
9.666871701822474,45.58420577721509,9.668277899027908,45.58511002278098,Stezzano - Via Colleoni 3/5
9.44283401020972,45.668601670077344,9.444117789706048,45.66950172988684,
9.403569588452454,45.53854425750145,9.404850411471243,45.53944434246276,
9.583692333492069,45.720226984101174,9.58497726639668,45.721127015862855,Brembate sopra - via battisti (chiesa)
9.607771661835363,45.73845257202368,9.611646090409932,45.74281364379413,Via Milano
9.784681024336056,45.53886950161061,9.786221977646617,45.53985599763889,Cortenuova - Via Romano 8
9.609995914629387,45.738921182563196,9.612561885075491,45.73982651749557,Via Papa Giovanni XXIII
9.6621613094894,45.71680232212763,9.66348079112383,45.71787347743861,274
9.408554258949936,45.48001800077647,9.41018303774045,45.481176999224765,LISCATE Europa/Principale
9.586771446341139,45.63238067159755,9.588242753925167,45.63338052816851,Via Papa Giovanni XXIII
9.592383477058101,45.70065094523864,9.594866909253946,45.701770110539506,Via S. Clemente 13
9.386037421103499,45.67716042305224,9.388041199340153,45.68028811300087,Osnago
9.294426872116164,45.49523354883421,9.295706727828248,45.496133651130066,Via Suardi - Via Battisti (Segrate)
9.387157213041474,45.62416236338366,9.388439986885022,45.62506243658054,
9.70919035819252,45.65937836541252,9.71122603746558,45.66036673526265,1008
9.472791644838617,45.63077426897024,9.474074555071619,45.63167433099392,CORNATE Colnago - Via Madonna
9.593900280295161,45.52371255130541,9.595596717143271,45.52473414738536,Treviglio - Piazza Mentana
9.41814604107469,45.60079221672167,9.419511858049917,45.601934182326865,ORNAGO Via Bellusco
9.764387901567096,45.721388757001236,9.765996899174173,45.722431342436025,Via Valle Gavarnia
9.340987553967429,45.53234686126701,9.342700420629303,45.53326361445627,
9.350064394296147,45.61730074368543,9.351421698839719,45.61887725617221,VIMERCATE Oreno - Via Matteotti
9.631517871506704,45.664975683724165,9.632801528373257,45.66587571623978,Via Gioacchino Rossini
9.385163469188258,45.52526405322499,9.38782344981056,45.52675080700202,Scuolabus
9.493909128455737,45.42165246032222,9.495312272393877,45.422639139624955,Prevostura - SP1
9.413300667483751,45.698345670692184,9.414585132437516,45.69924572927203,Merate - piazza italia
9.607044897858529,45.71740847819099,9.608471750387793,45.71835669664857,
9.357895815013768,45.52709265420344,9.359176384918586,45.527992745760784,Piazza Ronco
9.33809599171404,45.46835038369394,9.339597307281052,45.46925951634442,Via dell'Ontano - Via del Pero (Millepini)
9.67805164553445,45.69930087768566,9.679602987724255,45.70076417623474,"Bergamo (via Frizzoni, 26)"
9.73102251930292,45.7007578412766,9.735869189310268,45.702257388233974,Via Papa Giovanni XXIII
9.619322985340004,45.47012096725835,9.620602214543338,45.47102103270562,
9.713862728748845,45.713359095164975,9.715147471115166,45.71425910479886,Via Piemonte
9.326349604669751,45.52781845277612,9.327630195268549,45.52871854718817,Via Pascoli - Via Leopardi (Cernusco sul Naviglio)
9.609589579221186,45.73394668731041,9.610874820662557,45.73484671265356,Paladina - Sombreno
9.428999692428572,45.432371550555715,9.430278107490723,45.433271649408454,MERLINO Gramsci (Comune)
9.320559620566064,45.526385052405,9.321840179373334,45.52728514755926,"Via Vespucci, 30 (Cernusco sul Naviglio)"
9.308657790066762,45.47931936018218,9.311293221099842,45.480536242095624,"Via Dante, 140 (Tregarezzo)"
9.697355641977724,45.50312764086943,9.698974453652985,45.50431025921854,Fornovo S.Giovanni - bivio s.p.131
9.654438466540734,45.65089230700129,9.659151412719329,45.65283750328327,Via Papa Giovanni XXIII
9.3047311020309,45.54200529514024,9.307023997546132,45.54291540492375,Via Dorderio/Via Quarto
9.420027926823506,45.59775019730021,9.42165808038122,45.59903710291804,ORNAGO P.za Martiri
9.334289101487732,45.572161656645775,9.33557069844894,45.573061743318505,AGRATE Centro Colleoni (Nord)
9.645588882501666,45.73756119912227,9.64687971842013,45.7385788008239,325
9.618385171104018,45.63859988050929,9.619668228778577,45.63949991945469,823
9.69780781422836,45.69696859231092,9.69909218563881,45.69786860765292,854
9.583018945172189,45.72792468465618,9.584304054716647,45.72882471530786,Brembate sopra - via battisti/cà barile
9.364717065789065,45.51384075349384,9.365997334142042,45.51474084647042,
9.368558498887813,45.669075665970716,9.369842301042063,45.66997573399352,
9.373886358985272,45.49459989635792,9.375294144611484,45.495634903633885,Via Manzoni - Via Vittorio Veneto (Vignate)
9.62510593830771,45.69128444408276,9.626619058906655,45.69220245602029,Via Antonio Meucci
9.652313882659135,45.65547548480733,9.65359731721693,45.65637551515659,Via Mascagni
9.305110235343921,45.47203414743907,9.30638956459854,45.47293425252522,"Piazza centro commerciale, 2 (Segrate)"
9.329913881934342,45.507848225594955,9.331311420298134,45.508849374395126,Via Mantegna - Via Bizet (Pioltello)
9.671612840109097,45.69440038964272,9.67289715976307,45.695300410321174,Via Camozzi 14
9.461188451330917,45.61257086678488,9.462470948581595,45.61347093317928,BUSNAGO Via San Rocco
9.367593795446217,45.65186596456022,9.3688772044839,45.65276603540402,Via Stazione - Via Lombardia (Usmate-Velate)
9.522433427291112,45.59764216974499,9.52371557260987,45.598542230219095,scuolabus
9.639370464496803,45.68048921583803,9.641929658277922,45.68412920406129,Via Martin Luther King
9.364497090753314,45.61255944508591,9.36592930974499,45.613463154904835,
9.356427557738414,45.43243600108347,9.358691007585694,45.43354384923432,PANTIGLIATE Gramsci/Della Repubblica
9.574238259532201,45.700400781780225,9.575522740358451,45.701300818183775,Via Colombo - Via Tasso
9.358139742249637,45.65646466445221,9.359423257682252,45.657364735512054,
9.596434501130753,45.71445318467788,9.597719298755598,45.71535321528614,"Trenino ""Le Cornelle"""
9.85676118351171,45.567105539899266,9.858204712312174,45.56817596011553,Pontoglio - v.le Alighieri/Verdi
9.599556672115995,45.725741885827595,9.600841727769705,45.72664191413643,Paladina Via Brembo Ghiaie
9.353794041369468,45.47177834962554,9.35507335856383,45.4726784503387,
9.420337807679056,45.57217566111263,9.421619392241347,45.57307573885155,CAMBIAGO V.le Brianza V.le Vittorio Veneto
9.646925059206781,45.35746426074587,9.648201740672011,45.35836433921807,
9.620970487222397,45.71592258684696,9.622255312659277,45.71682261311701,403
9.333945773971678,45.530567153338644,9.335226425965178,45.5314672466256,"Via Briantea, 66 (Cernusco sul Naviglio)"
9.656841667617934,45.70338423776068,9.659231312231467,45.70721465190964,Viale delle Mura (Seminario)
9.533739539178491,45.688010724489466,9.538740995637024,45.68926596394925,Terno
9.733900828966828,45.70827060476478,9.735186772218317,45.70925359496043,Via Roma
9.643652370926032,45.65746376953468,9.646110419002909,45.660495358576675,Stezzano
9.800013387518666,45.68611646284367,9.801297111133326,45.687095236838786,"San Paolo Argon - nazionale, 53"
9.462629316070906,45.43836344562323,9.463907883900603,45.43935675433389,COMAZZO Roma/Verdi
9.608864692395972,45.67165638232165,9.610148507488246,45.67255641764233,795
9.66284046600439,45.701129560493655,9.664081329972406,45.70202723909282,441
9.363738157776586,45.51887489615351,9.365250338468401,45.5197963039671,Cassina de' Pecchi M2
9.487455207653316,45.67792757366901,9.48873919225394,45.67882762629511,
9.803256959576238,45.649603482757335,9.804705535831893,45.650511217241565,COSTA DI MEZZATE - Villa Landri
9.726493857106915,45.40427610892207,9.727828732954858,45.405266115624556,
9.445217422603518,45.46092016662792,9.446541080921559,45.461800433187946,COMAZZO Lavagna - Marconi/Toscanini
9.486502521551438,45.61644199912065,9.48954807829755,45.61797119750918,TREZZO Via Brasca Via Piave
9.555660579549942,45.52328455558866,9.557611922199563,45.52422264465377,
9.768831358132358,45.69862654845909,9.770275344629992,45.69966515155202,420
9.657051896112408,45.69230384457004,9.658461306419987,45.69331495542565,Via Broseta 55 - Via Zendrini
9.586492277188723,45.628971777106514,9.587775122699975,45.62987182285751,718
9.53610825020809,45.43920091751203,9.537405650800276,45.44027758238637,
9.609441577258353,45.716670785931285,9.610726422625511,45.717570814032726,Via Donizetti - NECTA
9.35539227792451,45.512735297273686,9.35695991959443,45.51371860173699,
9.294610504344217,45.473375784373594,9.29593576385515,45.47461084233776,Strada Provinciale 1
9.58191388544506,45.73312208497888,9.583199114443964,45.73402211498515,Almenno s.b. - via cà del luf
9.572626645360804,45.701622681749875,9.573911154530144,45.70252271821416,Via Colombo 30
9.674311134055973,45.6821128065282,9.67805738585064,45.685111825905814,Via San Giovanni Bosco
9.76567717332507,45.691683654001594,9.76696813076498,45.692632245760024,981
9.624877451782803,45.73905293746893,9.62641675875444,45.740450962700464,Via Campofiori
9.5147836709804,45.52578562438419,9.516571030214374,45.526906509414204,Via Milano - Viale Europa (Cassano d'Adda)
9.57770930899546,45.69839914319919,9.579757590808512,45.699622155574986,Ponte S.Pietro XI Febbraio
9.731688119506844,45.71603418640573,9.733856271394297,45.71713461504745,Via Dosie ( Fronte poste)
9.605979791423291,45.732094262408076,9.60735161130113,45.73308063755789,614
9.488242226258855,45.533830758585815,9.49184415841623,45.53524744529052,INZAGO SP11 Padana Sup./E. Filiberto
9.628338206350632,45.5021314748608,9.629587997647391,45.50304432479929,Caravaggio - Via Treviglio
9.681614895323506,45.69528280133831,9.683029502800926,45.69618809866505,Via A. Maj 32 - Scuola Fantoni
9.604539854550069,45.69251637056239,9.606558963458305,45.69421543507379,Via per Mozzo - Via Crocette
9.584487833313032,45.65157688880207,9.58650057217714,45.652978411052615,864
9.413849175930476,45.66436248426091,9.415478621259327,45.66529401595215,RONCO B. Via Brigatti
9.373925219990943,45.52445299906365,9.377002492091957,45.526192100297244,Bussero
9.672196852048096,45.65838108684697,9.673480347824178,45.65928111311691,572
9.60887713591837,45.66784898202146,9.61016086396587,45.668749017942524,862
9.815792533971424,45.67054540249106,9.817076265873506,45.6714453974726,Gorlago - via alighieri (tri plok)
9.492933296982185,45.58965731801935,9.494415301096522,45.590627981352775,GREZZAGO Via Roma
9.79796081160397,45.469983684645875,9.79923998824577,45.47088371531783,Fontanella - via circonvallazione
9.649659468897791,45.35663306092374,9.650936130980496,45.357533139040164,Pagliari/Pandino
9.604286185787585,45.68967338336534,9.605570414097407,45.69057341659863,Via II Giugno
9.739076494451144,45.68520994032069,9.740544904870447,45.686202159365166,1121
9.340704930783646,45.52559915325919,9.341985469151952,45.52649924670504,Via Porta - Via Puccini (Cernusco sul Naviglio)
9.370984916518346,45.53585445555292,9.372265683411506,45.53675454441131,Via Piave
9.430130943761391,45.40735377275793,9.431398257538431,45.40826822711432,ZELO BUON PERSICO S. Bassiano
9.644251455060243,45.49957047175345,9.645531344818245,45.50047052821049,Caravaggio - Via Santa Liberata
9.576283370665902,45.697462566795686,9.578230226450735,45.69873121754324,Clinica - Via Forlanini
9.537573839346361,45.68652031807271,9.538969562979982,45.68751848191556,Via Roma - Nodo A2
9.53857738193133,45.689879748166234,9.540013620030031,45.690787351858226,Via Per Valtrighe - FBM
9.293257313185554,45.49160124849948,9.294537086759085,45.492501351464796,Via Roma - Via Mazzini (Segrate)
9.398753826832806,45.4199728950871,9.400042777582495,45.42093580465757,PAULLO D'Acquisto/Ronco
9.68536546938888,45.36589436493265,9.686642330482666,45.36679443503124,"Crema , Via Stazione"
9.669978835685235,45.659787886753705,9.671262364187452,45.66068791321019,535
9.591459966676885,45.67343322708435,9.59353054014825,45.6744759739405,Treviolo - Via Colombo 3
9.672327176357964,45.68250058876724,9.673611223514138,45.68340061119665,"Via per Zanica, 67 (distribut. api)"
9.380805756091366,45.62034496274619,9.382088443836349,45.62124503721804,
9.718136484170584,45.72433485985219,9.719504117268412,45.72556463974048,928
9.389240518131622,45.52701955580829,9.390521081794818,45.52791964415594,Via Mattei 52
9.339965470900864,45.51323955224655,9.341245729034911,45.51413964771769,"Via Firenze, 7 (Cernusco sul Naviglio)"
9.32916096860741,45.53101255315562,9.330441631330354,45.53191264680863,Via Adua - Via Dalla Chiesa (Cernusco sul Naviglio)
9.597301343741744,45.649537379613086,9.598584656144794,45.65043742035092,
9.579721143607651,45.62882829172487,9.581386863783381,45.630141008518244,715
9.506899181168414,45.610831865945904,9.509156516748272,45.61219393286696,TREZZO Via Brasca Via Vanoni
9.607486794219776,45.671482482192694,9.608770605664706,45.67238251777127,1096
9.299849908011284,45.50974465020426,9.301130091932066,45.51064474976002,Via Buozzi (Centro Commerciale) (Cascina Burrona)
9.391197340418213,45.45454109189017,9.392782564488671,45.455725508221974,SETTALA V. Veneto
9.39721672936101,45.52989937903504,9.39928777550787,45.53130352064238,
9.549725060872166,45.64858232227885,9.551159738510828,45.649560977476,Madone - via Italia - bivio per Filago
9.421879438723193,45.54048163466345,9.423237965187166,45.541485865252554,Cascina Antonietta M2
9.350998036777108,45.436887360183086,9.352353362844779,45.4380610392983,PANTIGLIATE Risorgimento/Vigorelli
9.45379718882623,45.61736474525793,9.455094109772062,45.61844385467399,BUSNAGO Via Italia
9.727874367491077,45.712026346590825,9.7295760320846,45.713135352920155,Via Fratelli Cervi fronte (Via de Gasperi)
9.368385869343157,45.52236895435367,9.369666330587227,45.52326904561058,
9.760871462866099,45.67034528997512,9.762882038788845,45.6716128091702,Brusaporto - via battisti (municipio)
9.364040564616522,45.52275825416557,9.365321035314688,45.523658345798665,
9.50981379878596,45.635123071815116,9.511096801117242,45.63602312814897,
9.670659865072324,45.71840459145387,9.671944734799883,45.71930460851006,San Colombano
9.597292850594545,45.692676783025455,9.598577149291762,45.693576816938545,Via Abruzzi
9.69896288647418,45.694445417751886,9.707383001843656,45.698866104834984,Via Monte Gleno
9.68088591967936,45.668022491459126,9.685633134479145,45.67120025279217,P3
9.363925806684206,45.607415070354165,9.366585322442047,45.60939689070823,VIMERCATE Via Damiano Chiesa
9.760187693932162,45.72492195805225,9.761502701554534,45.726257241866634,971
9.541011298355404,45.3630980333071,9.542393098807327,45.364012665985385,Dovera - Via Europa / Via XIV Maggio
9.343972668587922,45.5575188559389,9.345253931346964,45.55841894402536,
9.539461352346153,45.60437777152086,9.540743647551572,45.605277828443214,Trenino Thomas
9.67350867243737,45.71689402931979,9.674784423867818,45.717816370397344,Via San Colombano 29c
9.355118039858345,45.581620730259445,9.35658755974271,45.582524169735116,AGRATE Via Lecco Via La Malfa
9.558037447733671,45.683798579205934,9.559321552160144,45.68469862075812,Via San Francesco - Scuole
9.616391357296887,45.72135898577018,9.61775484591117,45.72225421347664,710
9.383589035683961,45.69464145096345,9.385416371347917,45.696017149249855,Montevecchia - Bivio Passone
9.387884044893267,45.647667165282186,9.389167355033011,45.648567234682034,
9.708318048359887,45.36804076730083,9.70959495150735,45.36894083266301,Crema - Via Vittorio Veneto
9.616379361190726,45.55161927345703,9.61766043869273,45.55251932650694,Castel Rozzone - Corso Europa
9.76391908799652,45.630080293659354,9.76520191185854,45.630980306304394,"Cavernago - via roma, 5 sottopasso"
9.64200829694869,45.56634967683901,9.64328970292984,45.56724972312489,Lurano - Via Provinciale
9.649240503956984,45.494734067180005,9.65113639609847,45.495637032780635,Caravaggio - Via Oberdan
9.403005862058263,45.66614480524704,9.40453483757388,45.667168594392756,RONCO B. P.za Dante
9.737114275099175,45.69567767421055,9.73949073519595,45.6971059845604,Viale Fratelli Kennedy
9.416172087964668,45.533715584493194,9.418526714878828,45.53514631425658,Gorgonzola Deposito M2
9.627966735459331,45.36174284865124,9.6297207648515,45.362649951349034,
9.29449889419863,45.49328414868287,9.29577870574577,45.49418425128142,Via Suardi - Via Grandi (Segrate)
9.351368214863985,45.43321209453254,9.352719990603816,45.434261405317265,PANTIGLIATE Risorgimento/Bixio
9.567534799297995,45.54270621380821,9.56894839714707,45.54374188618345,
9.50929564885778,45.613188770043344,9.510578151045618,45.614088829920775,
9.614857875154819,45.74307298847575,9.616143324727872,45.74397301148824,Via Roma
9.849309921160653,45.62835470298774,9.850592678678236,45.62925469697588,Telgate - via arici (parcheggio)
9.425989831182767,45.50848945640215,9.42726996873681,45.50938954356202,Via Maffia - Viale Gavazzi (Melzo)
9.738840659878518,45.734329729772526,9.740805517047548,45.735490851900465,Alzano Sopra
9.364778076952323,45.422411019098895,9.366064122685087,45.42340418075978,MEDIGLIA Mombretto - Pinturicchio/Terracini
9.818318006386729,45.687603564346155,9.820324202769294,45.68914623597363,Cenate Sotto - s.s.42 (gewiss)
9.596841071821128,45.673331881457884,9.59812492806537,45.67423191850613,Treviolo - Via Ambrosioni Via Amato
9.323172426803003,45.530451109165966,9.32535287008349,45.53182759001752,Via Ambrosoli (Cernusco sul Naviglio)
9.741333526325468,45.67766560989612,9.74293017312633,45.67873628981217,Seriate - Via Brusaporto/Via 5 Giornate
9.70459738540868,45.68208989178812,9.705881414457293,45.68298990817574,71
9.57577478812319,45.35127046058357,9.577306408068198,45.35239223947902,
9.656518960547631,45.70897898419467,9.658472445019802,45.709983916555785,542
9.711325327634786,45.71342539492174,9.71261007222971,45.71432540504212,Via San Martino Vecchio
9.652249411752715,45.695523893070856,9.653791192985446,45.69645350711148,380
9.507054147235323,45.61331156989645,9.508336652668497,45.614211630067665,Trezzo - via Nenni
9.405113677401115,45.70615537084935,9.40639832252168,45.70705542911486,Merate - pagnano centro
9.689520573830082,45.69772108318221,9.691090122694176,45.69884831686134,Piazzale del Cimitero
9.406145661869953,45.419545743358235,9.408397345682918,45.420627857953995,PAULLO Fleming/Alessandrini
9.49919777892249,45.70213156917353,9.50062641915117,45.70346163018081,Via Monsignor Bosio
9.501439097152081,45.612313896214346,9.503961700787487,45.613761102055726,TREZZO Via Brasca (Dep.)
9.645556953160447,45.69296618717077,9.646841246716683,45.69386621279316,Via Broseta 115 - Piazza Risorgimento
9.673680282012704,45.69949949023725,9.674964717859039,45.70039950972665,Via Verdi 28
9.490177797823426,45.39789988358404,9.491611405750483,45.39895481643324,"Spino d'Adda - Vittoria, 19"
9.695019473108585,45.709259593016405,9.69630412675904,45.71015960694743,Via Filippo Corridoni
9.337369254892424,45.53226825363135,9.338649945043786,45.53316834633291,Fermata Via Goldoni
9.65169360723913,45.644558283888024,9.652976792637112,45.64545831607592,Via Rizzo
9.805108988854016,45.46325128490055,9.80638801099443,45.46415131506314,Fontanella - Via G. Gentile
9.657852201354133,45.66265468587398,9.659135798520836,45.66355471408994,Stezzano - Via Stezzano
9.739525858424955,45.72853889892875,9.740810941434075,45.72943890103505,Villa di Serio - via kennedy (enel)
9.493242491338313,45.670656973483936,9.494526308567876,45.67155702648017,
9.692789715530264,45.39462118652595,9.694286784746668,45.395524813457556,Pianengo - via roma/via pertini
9.758710825843446,45.707578578504084,9.760532371534499,45.70863611989325,Scanzo Via Monte Negrone
9.681507219681649,45.7096682526436,9.682931750787066,45.712983380903545,Via Ponte Pietra
9.356124791279695,45.60832766054442,9.357407208652734,45.60922773941982,VIMERCATE Nuovo Osp.
9.532815521709772,45.68583777747616,9.534099678188827,45.686737822487935,Via Roma - Cimitero
9.28181201518598,45.473467154311,9.284314786328007,45.47476904297528,Strada Rivoltana - Via Dante (Segrate)
9.322573053801703,45.51464845156535,9.32385334613735,45.515548548398904,"Via Don Milani, 13 (Cernusco sul Naviglio)"
9.566861927704775,45.39101210158277,9.568286370270902,45.39202869841146,
9.672637563460759,45.68363168888542,9.673921636411281,45.68453171107846,Via Luigi Tadini
9.33905474645536,45.595094503229454,9.340752153076272,45.59600179680074,CONCOREZZO Via Dante Via Cattaneo
9.363118201836338,45.61621926151479,9.364400798094742,45.61711933844944,"Servizio urbano di Vimercate - VIMERCATE, VIA MANZONI NR.1"
9.55103171102669,45.65194667615182,9.552315088868616,45.65284672381223,Madone - via Giovanni XXIII
9.360195499073894,45.537323355126574,9.36147630085799,45.53822344483766,Via Caravaggio - Cascina San Pietro
9.496991647996548,45.37236015906878,9.498322756087633,45.37335094079631,Spino d'Adda - SP1/C.na Fraccina
9.331508565347445,45.514491277232366,9.333407281130112,45.515539906376794,Cernusco sul Naviglio M2
9.728042277890905,45.67856767632048,9.729503622301163,45.67950933452387,63
9.663296874459341,45.603715781705155,9.664579125414944,45.60461581825873,"Comun Nuovo - Via Spirano, Via Verdella"
9.645180899009377,45.680213786128505,9.6464649008679,45.681113813835424,523
9.660829464455201,45.648408685016676,9.662112735419289,45.64930871494723,Stezzano - Via Friuli
9.688453396332653,45.68944900281553,9.689758398576597,45.69081889710859,75
9.632468983188831,45.70131887822281,9.63376871746663,45.70236612167584,392
9.68503542512246,45.713330592391664,9.68632017474704,45.71423060757221,Viale Giulio Cesare
9.704678277098179,45.703246175253604,9.70626872870698,45.70419282504396,447
9.848989503743633,45.506734793328164,9.850269496096235,45.507634806635416,Calcio - Via Papa Giov. XXIII - Chiesa
9.454525817651046,45.42739823177443,9.455947476319688,45.42851706818773,COMAZZO Cava - C.na Mariana
9.442813754052517,45.46150863214702,9.44409984516709,45.46250306763152,
9.62772375833309,45.69231978555918,9.629008041547433,45.693219814404785,Via Giacomo Puccini
9.729641394372484,45.70706612098281,9.731456707002062,45.70799247916919,Corso Europa
9.316029010154352,45.518461751579615,9.317309389785922,45.51936184838466,Via Roggia Arzona (Cernusco sul Naviglio)
9.576120226463841,45.73820668492001,9.577405573426256,45.73910671504401,Almenno s.b. - via alighieri (scuole)
9.366435220717,45.60349501447352,9.367754384000937,45.60486448542535,VIMERCATE Via S. M. Molgora
9.693661028914034,45.713101393190726,9.694945770953824,45.71400140677315,109
9.572719234112142,45.737506584596076,9.574004565778605,45.73840661536793,"Almenno s.b. - via alighieri, 79"
9.555606748514478,45.44420452792578,9.557090149345369,45.445171071369735,
9.63540242301789,45.49917845451389,9.636663174781624,45.50005934528984,Caravaggio - Via San Francesco
9.640018221663281,45.52393616762712,9.641276582703483,45.52486753203362,Vidalengo - Via Francesca
9.688243340071562,45.694597291212354,9.689527659797442,45.69549730875153,Viale Ernesto Pirovano
9.46576010476661,45.48464175695353,9.467039695145573,45.48554184301062,
9.62575882161254,45.70442431454364,9.62739347570638,45.70535488566566,201
9.646874459606687,45.678365111368905,9.650614427024122,45.68014219086107,Via Promessi Sposi
9.71883249682251,45.74006513482354,9.720127307809287,45.74103156491433,751
9.42990273466259,45.63491921416883,9.431394364225843,45.63591198538782,SULBIATE Via IV Novembre
9.730653753731989,45.67643589391055,9.731937646129072,45.67733590605326,64
9.647114853477953,45.69295568730834,9.648399146398884,45.6938557126556,Via Broseta 112a/114 - Piazza Risorgimento
9.672579241759614,45.67678478833833,9.673863158112477,45.67768481162556,Via Campagnola
9.91761581010362,45.61095217131929,9.91915429843689,45.61224892884251,San pancrazio - farmacia
9.68247210796542,45.64885064705991,9.683833289051051,45.649743752838575,Azzano s.paolo - cremasca/villag.sereno
9.312056128005919,45.5446890625137,9.313425467397368,45.54611363728446,Via Increa
9.606220567243389,45.69131398365608,9.607504832641228,45.692214016307915,Via Republica fr 6
9.725472322864366,45.68433652597247,9.727104564376331,45.68590587434781,Piazza Caduti della Libertà
9.385489300936955,45.41888966467759,9.386773298085792,45.41988353505615,MEDIGLIA Vecchia Paullese (P.te Muzza)
9.366981207544413,45.60558362791211,9.36833069648178,45.60694357191555,VIMERCATE Via Milano
9.41256614854325,45.656273367321695,9.41384965137831,45.65717343264248,BERNAREGGIO Via Roma Via Torino
9.615436149938912,45.57995268264838,9.617539657429845,45.58101191848832,Arcene - Via Agostino Gemelli
9.723018380189346,45.656525391572664,9.724301819673293,45.65742540839115,812
9.335549710597297,45.52734845315782,9.336830289339272,45.52824854680645,Via Videmari - Via Don Bosco (Cernusco sul Naviglio)
9.660765540249015,45.670949656207995,9.662104558855987,45.672104943503854,Via Muzio
9.661730384075128,45.690445788424356,9.663014615798945,45.691345811539556,Via G.B. Moroni 154
9.298077309026958,45.47065131611426,9.299507500523724,45.471587670166066,Navetta IBM
9.569198938067013,45.56887990773359,9.57052456635726,45.56975289202587,Pontirolo Nuovo - Via Italia
9.364626922859484,45.61438426144511,9.365909477071312,45.61528433851912,Servizio urbano di Vimercate - P.LE MARTIRI VIMERCATESI
9.582756242056393,45.719470383966275,9.584041157832539,45.720370415997756,"Brembate sopra - via IV novembre, 8"
9.661933384641285,45.74382132622535,9.663475412917698,45.74479727286596,Piazza Alpini
9.483113280106432,45.704505476902014,9.486412067870312,45.7056971761582,Via Morlani
9.690999500527738,45.755697446239864,9.692249092482827,45.756548686530266,Zanetti S.p.A.
9.443458485532329,45.71445347374312,9.44474331438314,45.715353526221044,Imbersago - madonna bosco
9.60074373326357,45.72017343408518,9.602133166359106,45.721140965851,Corso Europa Unita 18
9.709372943671035,45.71200189461852,9.710657656193842,45.71290190534532,Via Imotorre
9.751417060020922,45.706049735355755,9.752687838045524,45.70700556422469,Via 4 novembre
9.316804331105525,45.5799957420732,9.318087170133714,45.580979157631056,MONZA V.le Sicilia Via Pompei
9.741335552986666,45.70871626724348,9.742645050761197,45.709672232581156,457
9.698373776650744,45.42943433018591,9.70004312261687,45.43054286942978,"Sergnano - via marconi, 17"
9.49221921044931,45.404806553363414,9.49350209571032,45.40626164655638,Spino d'Adda - Manzoni/Pomella
9.492296991000376,45.56237729076213,9.493652310584174,45.5633060089628,
9.38959497299305,45.52218565544478,9.390875426933334,45.523085744519456,
9.607375874481246,45.670423594155714,9.60941433372407,45.67149000701571,736
9.41978003352094,45.63351894714478,9.421180969913083,45.634542352839276,SULBIATE P.za Giovanni XXIII
9.42045318558034,45.62212107133586,9.421810117947972,45.623113328588445,BELLUSCO C.so Alpi Via Mezzago
9.606077815539226,45.75041683613203,9.607685486127815,45.75133706398463,Via Angelo Gotti
9.687698811706301,45.362159764857296,9.68897558816483,45.363059835106576,
9.297814339270479,45.48897824574006,9.299260262011893,45.48999495421055,Via Morandi - Via Cristei (Segrate)
9.320851335473886,45.51625535161631,9.322131664465488,45.51715544834797,Via Don Milani - Via Kolbe (Cernusco sul Naviglio)
9.430024729334027,45.411854359339344,9.431617267102396,45.41300274070066,ZELO BUON PERSICO Dante/Cardazzi
9.873774595108047,45.511287035164266,9.87516580701867,45.5121893648232,Urago d'Oglio - via Rudiano/Castelcovati
9.325795041388123,45.519698583435265,9.328341358931063,45.52060971658863,Via Da Vinci - Via San Rocco (Cernusco sul Naviglio)
9.565360821412483,45.70218255064979,9.567264981874082,45.703462649010135,Via Don Allegrini - Scuole
9.704042597565115,45.52298147914594,9.705323002301963,45.52388152081792,Morengo - via umberto i (acciaierie)
9.597138205736591,45.70158641809904,9.599122042570675,45.70275037310566,Ponte San Pietro - Via Papa Giovanni Ventitreesimo
9.351753993549462,45.43175104635902,9.353032406384347,45.43265115360525,PANTIGLIATE Risorgimento/XXV Aprile
9.864266236104502,45.592157401884855,9.865548163731829,45.59305739807873,Palazzolo - via palosco
9.444547113007042,45.544185551443604,9.446298744942075,45.54530555921613,Strada Padana Superiore (Villa Fornaci)
9.682104506885777,45.67800544484072,9.68385228592444,45.67934575541218,1155
9.463885843891372,45.57387297523064,9.46519455282749,45.57511322468831,BASIANO Via Donizetti
9.378834473964382,45.610450091253725,9.380493047127974,45.612012698771245,VIMERCATE Via Burago
9.660890670223072,45.6726986939801,9.662271127764132,45.67397240564136,"Bergamo - Colognola, edicola"
9.37154753286013,45.534418255468026,9.372828267069622,45.53531834449621,Largo Giovanni XXIII - Posta
9.448149505129532,45.60000321833917,9.449687184316884,45.60140478180299,RONCELLO Via Matteotti
9.599178197954775,45.52176996965814,9.600458601932088,45.522670030305854,
9.634341152024309,45.397230148023624,9.636013542162583,45.398490152146984,
9.456225916429249,45.604101432053206,9.457586180032635,45.6050957678673,RONCELLO Via Giovanni XXIII
9.453535598262583,45.511602558314294,9.45481580165179,45.51250264164986,
9.69805114757242,45.702513743439184,9.699374149022738,45.70347235641282,Via dei Bersaglieri
9.653728945491224,45.7226530969568,9.655337949565538,45.723842703161154,317
9.689127267110697,45.67476068972668,9.690411132758266,45.675660710237224,Orio al Serio via Locatelli 18/18a (Commune)
9.43825797315019,45.545362734261786,9.44094959814963,45.546598167910055,
9.670203084192547,45.664365366814735,9.671734809906207,45.66554273329122,533
9.66069038079805,45.73436419180435,9.66197561907596,45.73526420815958,281
9.440380334703974,45.615270285009125,9.442033264332665,45.61637651467285,BELLUSCO Via dell'Industria
9.690627729556354,45.71403666478015,9.692876067518448,45.71500603576986,Don Orione
9.800525913854793,45.61953459676001,9.801808485993401,45.62043460320368,Calcinate - via degli olmi (farmacia)
9.631025242439987,45.40753175777697,9.632649164930255,45.41095895297549,Casaletto Vaprio
9.604369337874093,45.65012408024324,9.605652662011098,45.65102411972075,Dalmine - Via Manzoni 66
9.35585814339354,45.613111366193614,9.357260055711642,45.61409413376284,VIMERCATE Oreno - Via Fermi
9.725259372025285,45.61263556240555,9.726612128335825,45.613536837567516,Basella - Santuario
9.416093803214713,45.5813288615928,9.417375596706457,45.582228938371394,CAVENAGO Via Piave
9.623530741805139,45.47401466792587,9.624810058077394,45.47491473203807,
9.822899866263331,45.63278860030423,9.824182733580528,45.6336885996594,Bolgare - via dante (s.chierico)
9.807307802232101,45.68567964070705,9.808768295819212,45.686641958705586,"San Paolo Argon - nazionale, 29"
9.692121391924326,45.71012831038034,9.693430002394837,45.71114228931093,472
9.61468138466546,45.6723935828691,9.61596521521765,45.67329361709488,1031
9.346031881171275,45.53000345385935,9.347312518763305,45.5309035461049,Via Stampa - Via Anguissola (Cernusco sul Naviglio)
9.612300021642074,45.74815855992137,9.613685466162858,45.7494469362149,Villa D'Almè (via Sigismondi - Albergo Emiliano)
9.292648517858195,45.495702224823575,9.295007339080207,45.497996284869814,Via Cassanese - Via Giovanni XXIII (Segrate)
9.37057336542919,45.60930638984422,9.37243942510911,45.610904264857005,Autostazione di Vimercate
9.707572484943768,45.56591916043035,9.70893622017609,45.56696223945798,"Cologno al S. - via crema, 60"
9.708633007463023,45.576265442748124,9.710051944004425,45.57756154612029,Via Crema 7a
9.677571108850659,45.693634137697465,9.67899779383569,45.695008061730306,Via A. Maj 16 - ACI
9.331205707354767,45.48253084720145,9.332651088789257,45.48343935281625,Via Monza (Parcheggio) (Limito)
9.701656525955288,45.661011989836375,9.70294007391138,45.661912010127494,758
9.381729035318898,45.52247275145204,9.383130211428778,45.523377058619104,
9.799355542008655,45.46731448458777,9.80063465784084,45.46821451537594,Fontanella - s.s. 498 (cimitero)
9.413687096266594,45.65763871560285,9.415200702847521,45.65864488396132,BERNAREGGIO Via Roma Via Napoli
9.648357604704426,45.6884928870659,9.649641795172194,45.68939291289802,Via Carducci
9.901355671439026,45.607179907572466,9.902637928390169,45.60807989239105,Palazzolobivio sgraffigna
9.331102533742817,45.53409575348778,9.33238326619457,45.53499584647647,Via Cadore - Via Tonale (Cernusco sul Naviglio)
9.333822504803512,45.46904309518946,9.336150271705767,45.471520206327135,Via Giovanni XXIII - Via Kennedy (Millepini)
9.440546092455158,45.54831031015871,9.442020706351565,45.54933938977135,GESSATE Via 25 Aprile
9.574318485573588,45.35491749666701,9.575685516493559,45.355897803310924,
9.73894902534887,45.415634836651144,9.740258468768907,45.4170896632624,
9.662756126372912,45.69191877894393,9.66479470946919,45.693246280854765,Via Zambonate 89 - Cinque Vie
9.459517004555053,45.514729024620266,9.46084629395065,45.515900475181155,POZZUOLO MARTESANA Moro/Rossa
9.364970337726044,45.616835130977776,9.366295362084026,45.61794116870551,TPL Vimercate - Oratorio Scolastico
9.528888807060834,45.68708247728806,9.530172992838505,45.68798252267602,Via Albisetti - Via Trento
9.654406059833452,45.545879120148605,9.655779533574405,45.547452579683394,Brignano - Via Pagazzano
9.377222145880397,45.43613384798279,9.378500654048612,45.43703395198146,
9.381105250267709,45.46887148634433,9.382683344437469,45.47055441271192,SETTALA Premenugo - SP161/Milano
9.340231632828901,45.50777785182681,9.34151176710684,45.50867794813743,
9.460563718159374,45.583790035450306,9.461893482824484,45.58493836429461,BASIANO Via Porta
9.516743186634502,45.464651184389346,9.518080006966867,45.46617691549381,Giulio Cesare/Rembrandt
9.340996861241333,45.52291585306056,9.342277338694219,45.52381594690369,Via Cavour (Parco dei Germani) (Cernusco sul Naviglio)
9.606420171857177,45.72999282433322,9.607876826927304,45.73131757473388,641
9.431422562146999,45.40848164880854,9.432700437771931,45.40938175115563,ZELO BUON PERSICO XX Settembre/S. Antonio
9.605780114051234,45.67372726167125,9.607170783190698,45.67462703828288,886
9.64678694727908,45.71096068870362,9.648071652597709,45.71186071126031,Via San Vigilio (belvedere)
9.510793258155578,45.52443376312558,9.512073741747939,45.52533383683852,Via Da Vinci - Via Zappatoni (Cassano d'Adda)
9.322115383563794,45.5786901642517,9.32601609802925,45.58111784932061,CONCOREZZO Malcantone
9.797778713570839,45.680826701307325,9.799062686277438,45.68172669865636,"S. Paolo d'Argon - Via Baracca, 2"
9.315930111780633,45.456489046671244,9.317209088159833,45.45738915329304,San Felicino (Peschiera Borromeo)
9.589944695160767,45.70617878349408,9.591229304726863,45.70707881646992,Ponte S.Pietro - via s.clemente (legler)
9.753339883021868,45.67416259604398,9.754623716834898,45.6750626039198,Brusaporto - via seriate (bù)
9.415187637857287,45.57827736129954,9.416469362064065,45.57917743866463,Cavenago - (Casello Autostradale)
9.849803171542598,45.65023590477639,9.851086428296032,45.651135895187224,Chiuduno - p.za roma (asilo)
9.453860135351157,45.507640496790145,9.45839505523469,45.50925033480273,Pozzuolo Martesana
9.403693504091853,45.52559430499423,9.405141891557113,45.52650289501839,
9.478673317089655,45.685772573706444,9.479957482819236,45.6866726262577,Via Bergamo 49
9.407976871650122,45.4165862992292,9.410310982539308,45.41784694832407,PAULLO Vecchia Paullese (Cimitero)
9.50720633384472,45.32935710331001,9.509109658353866,45.3308046969573,Lodi - SP25 Piave - Loc. Mozzanica
9.56010208683588,45.74150508393006,9.561387513057253,45.74240511603399,Palazzago - Via Longoni (Campo Sportivo)
9.361096348688648,45.4285697963758,9.362949151605914,45.42971520265719,MEDIGLIA Mombretto - Vecchia Paullese
9.507922791327863,45.47160722388353,9.509401402311195,45.473269475654256,Matteotti (Posta)
9.635022949564958,45.666933684184166,9.63630665031432,45.667833715779786,Via Lallio
9.649670100683599,45.688858887211936,9.650954299192774,45.68975891275199,Via Carducci - Via Deledda
9.827808897804811,45.66512940341955,9.829092502037879,45.66602939654408,"Carobbio d. Angeli - via tresolzio, 19"
9.324769817838641,45.52242089523535,9.326311680978877,45.52333310482786,Via Buonarroti - Piazza Risorgimento (Cernusco sul Naviglio)
9.663303793602754,45.71583089057593,9.664588606270865,45.71673090938799,Via Pietro Ruggeri da Stabello
9.759067274981524,45.476323058613985,9.760478326498996,45.47727624102668,Isso - Via Roma/P.zza IV Novembre
9.441756918518603,45.62714012407376,9.443276989975741,45.62842277604937,MEZZAGO Via Concordia
9.588678658930979,45.70932918364078,9.589963340956876,45.710229216323235,"Ponte S.Pietro - via s.clemente, 90"
9.352738935270585,45.47231104961641,9.354018264662914,45.47321115034783,Via Turati - Via Togliatti (Lucino)
9.69462995485179,45.449999299467756,9.696185544248678,45.45090920058362,Trezzolasco - s.s..591 (bar summer)
9.622787020681317,45.555253374290274,9.624068179200904,45.556153425673685,Castel Rozzone - Piazza Castello
9.708010560797248,45.69287987292054,9.709479738190744,45.69390032700326,Via Pizzo Redorta
9.359122640216437,45.59908884351271,9.360958953295295,45.600091457210496,VIMERCATE Via Monza (Torri B.)
9.704090897508884,45.76274967446741,9.705552501620932,45.76376272545162,Via Bracc
9.65438518112646,45.69741619534296,9.65652308620497,45.69866386101132,Via 4 Novembre (fr Banca)
9.591546558373771,45.65176762628434,9.59336104011937,45.652952673235546,853
9.404934912450559,45.64653152727981,9.406915100601532,45.64824937338815,BERNAREGGIO Via Prinetti
9.419182685794413,45.49878545714956,9.420523818369501,45.499783242725805,MELZO M.ri Libertà (Cinema)
9.70087141482516,45.711722019462556,9.702908013135007,45.71360670274597,Via Corridoni
9.654137573660046,45.65285203416736,9.657215578493215,45.65441620959966,Via Azzano
9.385252557291984,45.43517604832808,9.386531042635516,45.436076151636136,SETTALA Nenni/Bettolino
9.607146366137064,45.700156684432876,9.608430833747326,45.701056715531124,Via Piatti 12 - Comune
9.312754767073724,45.46141394770405,9.314306533419806,45.46246895203934,Via Veneto - Via Toscana (Peschiera Borromeo)
9.605489726279032,45.6861468831864,9.606773873605754,45.68704691677757,
9.34286742508351,45.50847675200598,9.344147574851734,45.50937684795828,Via Pavia (Cernusco sul Naviglio)
9.381408100152207,45.56591519753558,9.382706799920674,45.566948702292,CAPONAGO Via S. Pellico
9.674986210416664,45.51268387557755,9.676266389455957,45.51358392438635,
9.297820602602696,45.47650621792897,9.29993484174815,45.47765698875188,Strada Rivoltana - Via Buozzi (Segrate)
9.33775536004991,45.432601776433664,9.33929503681352,45.433709923594726,"MEDIGLIA Bettolino - Colombo, 23"
9.536699041440665,45.596529370695535,9.53798115845762,45.597429429268544,"Crespi - Piazza Vittorio Veneto, 3"
9.645944383061636,45.68935171507102,9.647672815824594,45.69042978399088,Viale Salvo D'Acqui
9.597634784503994,45.750541536729465,9.599558616430318,45.75175196243303,Almenno s.s. - via garibaldi (5 vie)
9.745996951219732,45.68717029490925,9.747439248106211,45.68815120482281,818 Pedrengo - via tonale
9.379614987054941,45.57786148733384,9.380924218608337,45.57888131239547,AGRATE Via Filzi Via Cavour
9.685106559064995,45.63336671941626,9.686426740700485,45.63445248020566,Zanica - via marconi (semaforo)
9.74342884732756,45.65702620033531,9.745182644512107,45.65840859997608,"Seriate - via cassinone, 1"
9.473252949198933,45.541347157664525,9.474942503263197,45.5423929509913,INZAGO SP11 Padana Sup./Cavour
9.59917315456835,45.70108478384527,9.600457645317553,45.70198481611873,Via Mozzi
9.798502859329389,45.68557870176269,9.799786940518718,45.686478698201,"S. Paolo D'Argon - Via Baracca, 4"
9.602880012723734,45.6523110802927,9.604163387161728,45.6532111196713,739
9.32986051433725,45.58728088380051,9.331528598138465,45.58885311660334,CONCOREZZO SP3 Via Pio XI
9.662781900887383,45.695134301873516,9.664068599567287,45.6960957980312,Via Garibaldi
9.478921393886852,45.536871169321444,9.480362907976923,45.53789443066252,INZAGO SP11 Padana Sup./Marchesi
9.692259588296249,45.664989406508575,9.693785708494598,45.66649019254379,Orio al Serio - Aeroporto/Airport
9.771012789606008,45.70003989994222,9.772297210247224,45.70093990002152,816
9.422788976885785,45.69356826146344,9.425806620358047,45.69455123920442,Merate - via dei lodovichi (scuole)
9.843786526311165,45.64999794743073,9.847668323819999,45.651842889960335,Chiuduno
9.815154120544404,45.67171110251174,9.816437879300642,45.67261109745193,Gorlago - via bonetti (tri plok)
9.654202530178619,45.695070388109485,9.655486869696855,45.69597041185446,Via 4 Novembre
9.673751590115513,45.7085635318624,9.678174629412256,45.71140287018214,Via Crescenzi 67
9.342863397216421,45.51964652220233,9.346840190251635,45.52121402468812,Via Gobetti (Villa Fiorita M2) (Cernusco sul Naviglio)
9.378992176700445,45.4334323721076,9.381014056795992,45.43501384602715,SETTALA SP39 Cerca/Bettolino
9.475334644404983,45.46353775590303,9.476613755505479,45.46443784406111,
9.784308114734174,45.4871956845234,9.785587685118019,45.48809571544031,Antegnate - Via della Lira 9
9.551650150593899,45.64591732436712,9.553052945461225,45.64695197560199,Madone - via Italia
9.733830997599778,45.68322304316861,9.735143098532877,45.68450615675259,1051
9.613770280174439,45.60267077727578,9.61505251970923,45.6035708226882,
9.870643986999625,45.64918960715705,9.87192721283506,45.65008959280652,Grumello monte - san pantaleone
9.625456998932478,45.650231727698454,9.627461801080043,45.65143357111212,Via Friuli (ABB)
9.32979241334789,45.5201318006573,9.33339064204504,45.5215651505893,Viale Assunta (Cernusco sul Naviglio M2) (Cernusco sul Naviglio)
9.622886013811232,45.713622386828725,9.624170786070094,45.71452241313524,402
9.668154188029956,45.702583437402495,9.67048969670685,45.703931710008405,230
9.664577752927835,45.35822326239704,9.665854446947652,45.35912333756685,La Pira
9.397959738444076,45.66580796726201,9.399243461480225,45.666708032702196,RONCO B. Via Mandelli
9.326035939933222,45.524708352515916,9.327316460005148,45.52560844744834,"Via Da Vinci, 14 (Cernusco sul Naviglio)"
9.368903164268609,45.52992725174485,9.370254863200845,45.53122128518052,Via Milano - SIRAI
9.302608718013813,45.46240311483836,9.304925580579255,45.46376298367396,Via Trieste - Strada Provinciale (Peschiera Borromeo)
9.6819754133238,45.69624243774672,9.684021485035952,45.697177262524214,115
9.510143097602098,45.7295073056191,9.514574640044076,45.73141206340201,Pontida
9.660231227139807,45.67469277037195,9.663021615107985,45.684127509457625,Via San Bernardino
9.72059485554428,45.68489599357678,9.721878944318634,45.68579600638705,Piazza Papa Giovanni XXII 3/4
9.519002991000553,45.5668935776528,9.52048361399809,45.56846932175046,
9.80677297565578,45.66909435198556,9.809981804693619,45.67156126310171,Montello-Gorlago
9.675508575458535,45.70009309045371,9.676793024412857,45.700993109510165,Via San Giovanni 1
9.422665305177649,45.49310827937186,9.424098795096924,45.49409262044183,MELZO Verdi/Lussemburgo
9.387035006545391,45.62628725066032,9.388607997541937,45.62743664941014,VIMERCATE Ruginello - Via Diaz Via Eritrea
9.581373530249435,45.710892117328754,9.583004568721893,45.71180548275184,"Brembate sopra (via locatelli, 36)"
9.3401610321011,45.552130936892816,9.341757263757914,45.55306836335168,Via Fidelina
9.6533873233202,45.73057439084505,9.65467247655522,45.73147440911888,279
9.832543024502577,45.58171741896661,9.833922779586617,45.58260848093408,"Palosco - Via Torre Passere, 3"
9.608655815195737,45.72207788629326,9.60994078468825,45.722977913670725,404
9.34083951622171,45.482760549875614,9.342119083713994,45.48366065008864,
9.652993166211871,45.70064468844184,9.6542776336638,45.70154471152208,933
9.317995391660135,45.53028042329497,9.319317758016494,45.531179164505375,Via Falcone Borsellino (Cernusco sul Naviglio)
9.667204937402806,45.712527200491266,9.669231530410995,45.713696772678645,296
9.699128940139015,45.75156569603285,9.700523055229416,45.75260910389933,798
9.600253635652733,45.64706616359399,9.60256545565713,45.64817543795723,756
9.64979192190526,45.73937609121938,9.651077277970794,45.74027610874455,803
9.6581544883771,45.663793785991444,9.659438111497808,45.664693813972484,185
9.34379890683328,45.52644367434373,9.345245789787427,45.52788112508666,Via Pavese - Via Petrarca (Cernusco sul Naviglio)
9.788026097139294,45.68213090034789,9.789310102710832,45.68303089961582,S.Paolo d'Argon - Via Bergamo(Ca' Longa)
9.625583296315513,45.4072258628171,9.626861103567,45.408125937146856,
9.352270418114935,45.57198325143445,9.353564181824371,45.57299784842856,AGRATE Via Matteotti Via Lecco
9.726940966129085,45.481907378147675,9.728220433733942,45.482807421816155,Sola - ss 11 - angolo Via S. Lorenzo
9.714508446644107,45.685599193032196,9.715792553219961,45.686499206931614,Viale Italia 70 - Legler
9.427719669524933,45.6377283952683,9.42913772301385,45.63889980464998,SULBIATE Via Aldo Moro
9.316859984450858,45.49426274970089,9.31813981548933,45.49516285026339,
9.759103944722966,45.5195172844078,9.760384255133753,45.520417315555946,Romano Lombardia - via indipendenza
9.755690544696845,45.52829138474673,9.756971055160458,45.52919141521702,"Romano Lombardia - via duca aosta, 111"
9.441903179377992,45.55775736816857,9.44322721684151,45.55872873167409,GESSATE Via Bergamo
9.462765320522312,45.44226925651732,9.464090478331169,45.44335314273905,COMAZZO Cavour/Kennedy
9.319125200022535,45.48078484112787,9.32071669867028,45.48170055896358,Via Dante - Via Volta (Isola)
9.85627875019358,45.57651157093668,9.857783247198848,45.577428329157236,"Pontoglio - via Palazzolo, industrie"
9.732032371016793,45.73645559470684,9.733329029432353,45.73746470511059,Alzano Lombardo - Via Provinciale/Via Risorgimento
9.431540695566705,45.41371014449191,9.433066601702055,45.41463075563029,ZELO BUON PERSICO Kennedy/Verdi
9.615315012555694,45.64208492394655,9.616596488969858,45.643068275670444,199
9.548498019704107,45.36272647241499,9.550628074892355,45.36417222730202,Dovera - Via Europa civico 11
9.54908370396682,45.72054198784377,9.551412350276761,45.723219843607524,Ambivere - Stazione FS
9.536320597303929,45.363201297446906,9.53985514821898,45.36423657342946,Dovera Roncadello - Via Lodi
9.582514731546578,45.72910798470939,9.583799868342346,45.73000801525463,Almenno s.b. - via cà barile
9.43022710906513,45.51047205680851,9.431507290853638,45.51137214315568,
9.704658696208508,45.36374226660536,9.705935503659438,45.36464233335851,"Crema, Via Martini, 40"
9.715892305603798,45.6590361649769,9.717210198945144,45.660021934828166,1009
9.394253172937086,45.41946167399522,9.396259527269297,45.42036782599763,PAULLO F.lli Cervi/D'Acquisto
9.772509104123728,45.6647287935363,9.773812796039175,45.66577770629042,Brusaporto - s.p.67 bivio via cà
9.653384942511389,45.70842244821628,9.65621886279894,45.709761135233094,543
9.325683858208034,45.50545495097659,9.32696394173046,45.50635504898767,
9.645062749113599,45.35834106064988,9.64633945076554,45.359241139314044,
9.611485702518653,45.670798282473584,9.612769497365075,45.67169831749041,796
9.383600988467064,45.55081956790829,9.384977210269373,45.55179173206677,Piazza Castello
9.697060595250864,45.68331673621985,9.698440104211356,45.68452146317711,57
9.711673891198062,45.72533469589796,9.71295890866629,45.726234704065874,565
9.781789053447893,45.483741583979025,9.783068546404797,45.48464161598469,
9.73970726320813,45.68790478369681,9.741067322706241,45.690071716154,Viale Fratelli Kennedy
9.423657602481514,45.50425188310745,9.425046799864152,45.50556651645973,"Via De Amicis, 11 (Melzo)"
9.345872840162938,45.64781706317398,9.347156159771307,45.64871713679027,Viale Europa - Via della Brina (Usmate-Velate)
9.671256357636155,45.69806131538252,9.673209541920503,45.699236683374274,Via Giuseppe Verdi
9.608498679658743,45.75132678859407,9.60978432022511,45.75222681136993,Villa d'Almè capolinea
9.521999069432315,45.45630575929809,9.523380829720479,45.457534840113624,SP90 - C.na S. Pietro
9.438115610919473,45.54973174415608,9.439735990857251,45.550751254975324,GESSATE Via Garibaldi
9.464514001844282,45.573024863867445,9.46579559806777,45.573924936096695,"Basiano, Donizetti/Vivaldi"
9.351861601526757,45.475288349809496,9.353140998406895,45.476188450154744,Via Turati - Via Terra (Lucino)
9.677630624853949,45.367842381879235,9.678943404499194,45.36875123250314,
9.645143005225714,45.690772072449754,9.646656199428909,45.69168876192953,Viale Pietro e Maria Curie
9.774246885851005,45.68284069722664,9.779013574489452,45.68410705673536,ALBANO S.ALESSANDRO(zona industriale)
9.295782821485982,45.5166475351249,9.298664010240131,45.51792301318197,Cascina Burrona M2 (Cascina Burrona)
9.690722078829802,45.47604681985199,9.69204272410505,45.476931480002555,Mozzanica - via roma
9.663241154060408,45.7367240922231,9.6645264458131,45.7376241077408,282
9.658805781582958,45.698760686136715,9.660319514721417,45.699923767770024,996
9.601142348775697,45.46104513638963,9.602422849216119,45.46204376291559,
9.3675466725001,45.57624765097867,9.369035831885247,45.577165449113465,AGRATE Via De Gasperi C.na Pescarola
9.424505973336236,45.495932255321705,9.425785826583667,45.49683234464247,
9.46815204094478,45.627642368776876,9.469548460379002,45.62859163092792,CORNATE Colnago - Via De Amicis
9.892729414609722,45.63834370897463,9.894012385220861,45.63924369098889,Tagliuno (fronte supermercato)
9.423150759546546,45.50785783803179,9.425569680767158,45.50934872033072,Viale Gavazzi (Ospedale) (Melzo)
9.360306830435109,45.57684305166551,9.362190979837083,45.57838574879546,AGRATE Via Dante Via De Gasperi
9.831944874819454,45.65844750336259,9.833228325022503,45.659347496601065,Cicola - via kennedy (campo sportivo)
9.298266849701331,45.49132104589913,9.300119235585298,45.49266569811277,Via Morandi (Cimitero) (Segrate)
9.644730982859079,45.64661648343052,9.646014217018475,45.64751651653341,Stezzano - Via Pellico
9.697226066932215,45.37514246679141,9.69850313293706,45.37604253317246,Crema - via bergamo (s.maria croce)
9.666085861930128,45.66715060566769,9.667373937120693,45.668158794286086,Via Azzano (cimitero)
9.658805655279119,45.687021260181986,9.664057622376433,45.69070808119721,Via Gianbattista Moroni
9.67809807591462,45.70513635821351,9.680875086532541,45.708400375317474,Viale Giulio Cesare(Parchetto)
9.31208409464905,45.57263955569621,9.313365705291819,45.57353964426806,MONZA Via Guardini
9.668982884603645,45.70493001756556,9.670783514055978,45.70585278259836,1108
9.324807855614901,45.53213295304844,9.326088544323678,45.53303304691581,
9.33921546500508,45.51121298159047,9.341530536561542,45.51245581609221,Via Firenze - Via Brescia (Cernusco sul Naviglio)
9.462219618204399,45.64977771457329,9.465150730576564,45.65170079972668,CORNATE Via Dominioni
9.650064982573657,45.70791578875487,9.651349617302529,45.708815811209064,San Vigilio
9.57312442286708,45.35751616352477,9.57468718196558,45.358453136707475,
9.640517746545573,45.57076637705712,9.641799253333211,45.57166642290682,Lurano - Via mulino vecchio
9.645204294383229,45.67517498288811,9.648772263747084,45.677891808531015,Via per Grumello
9.399626155545405,45.53260585681374,9.400906844379055,45.53350594315046,GORGONZOLA Restelli/Mazzini
9.752917750848999,45.527713084413556,9.754198249008828,45.528613115550215,Romano - Viale Alighieri 52 (Chiesa)
9.65298742633278,45.72765074730728,9.655268139117132,45.73010784661359,Via Valbona
9.725583907536317,45.6891539944094,9.726868092325626,45.6900540055544,Viale Lombardia - Mercato (cimitero)
9.37074076240968,45.56579296244768,9.372488632891573,45.566758338014694,CAPONAGO Via V. Emanuele
9.584141380655817,45.64447496819296,9.5855286174754,45.645412031397306,722
9.781047138514506,45.66147063546893,9.782594260552013,45.66252836436522,Bagnatica - via giovanni XXIII (edicola)
9.384739112387264,45.44383453349526,9.386346088202322,45.44488406595912,SETTALA Delle Industrie/SP39 Cerca
9.330016747735426,45.51522535194519,9.331297052202222,45.516125448019096,Viale Assunta - Strada Padana Superiore (Cernusco sul Naviglio)
9.657757967198748,45.72164388188321,9.659418731742708,45.722753817809995,Via Papa Giovanni XXIII
9.758952544041682,45.5460119864883,9.760233455814888,45.54691201347543,Martinengo - s.s. 498 (distr.esso)
9.516315451121987,45.695509177195056,9.517729146374437,45.696441322163736,Via dell'Industria
9.354583869485587,45.6489559802609,9.356032232482177,45.649911719188424,Via Tiepolo (Usmate-Velate)
9.660625593675086,45.496345672966676,9.661905406200338,45.497245726997264,Caravaggio - Via Fornovo
9.393518354846513,45.638077921633936,9.39494834150558,45.639507977907705,BERNAREGGIO Via Lanfranconi
9.830510957658923,45.59704704887985,9.831829938538306,45.5979234508798,Bettolino bivio Palosco
9.373281418681287,45.65170230941562,9.377555647590203,45.65490593205562,Via Roma (Stazione FS) (Carnate)
9.584343207894893,45.606945412016934,9.585939395929078,45.6085561867086,Osio Sotto - TBSO lato supermercato GS
9.325670515488188,45.5261554543082,9.32755685307958,45.52772160815135,Via Colombo - Via Polo (Cernusco sul Naviglio)
9.77766117143352,45.49976038480416,9.778941028419831,45.50066041515955,Covo - Via Campo Rampino/Via Viola
9.705571163622777,45.5808395247705,9.707080234357532,45.58175457531379,Cologno al S. - via circonv.ne/via rocca
9.422770959196912,45.5071381221368,9.42408704094572,45.50822167753181,MELZO Germania/Gavazzi
9.645572271725307,45.6780558521188,9.647540527419224,45.67927484698092,504
9.616762259285693,45.639618280452105,9.618045340597202,45.640518319511884,1111
9.593547458083394,45.68835042095731,9.594827543723856,45.689334278546994,
9.517175460586987,45.691039076758855,9.518459739314562,45.69193912320523,Via Albisetti - Via Milano
9.596371775546086,45.716685384849306,9.59765662434027,45.71758541511467,1146
9.704568535092967,45.533145283510926,9.705919865456467,45.53427781577901,Morengo - via umberto i (chiesa)
9.417044448363592,45.3963218555044,9.418339451710345,45.39735954433463,
9.643877262585336,45.648382783494675,9.64516053729237,45.64928281646927,879
9.695348875259677,45.412977461537444,9.696727928238293,45.41387213839019,Sergnano - s.s.591 (cascina gavazzoli)
9.595132309496616,45.52071066924223,9.596412690391015,45.5216107307218,Treviglio - Via A. Crippa
9.362765533855098,45.42940567237704,9.365179853958088,45.431245028021806,PANTIGLIATE SP415 Paullese/De Gasperi (Duepi)
9.706780829983334,45.55796820473546,9.70812706954975,45.559097994594794,Cologno al S. - via crema/via lazio
9.34545305309333,45.55197015145913,9.346732246166251,45.55290324844893,Via del Ginestrino
9.304222511471464,45.47413964756847,9.305501888471158,45.475039752395816,Portineria San Felice (Segrate)
9.637313591550235,45.69142233245732,9.638812009297979,45.69245686740771,Via Broseta - Tennis
9.649809540344222,45.71159958902349,9.651094259531988,45.71249961094044,Via Castagneto (Valletta)
9.309876807582544,45.46327788324997,9.312408087518147,45.464442376415015,Via Trieste - Via Veneto (Peschiera Borromeo)
9.623119156608746,45.65369526766411,9.624516643863522,45.654657432180095,695
9.431506664078903,45.41047408889517,9.43285493373424,45.41144011106171,ZELO BUON PERSICO Italia/Turoldo
9.413883173605246,45.505881802919085,9.415305823166802,45.5067968961513,Viale Svezia Liceo
9.610561998498016,45.69048920980974,9.611971597673728,45.69152489016906,649
9.455680414920439,45.72070917499359,9.456965384992678,45.721609224970585,Via delle Industrie
9.765413645367754,45.68554969302124,9.767169965818086,45.68708020744032,1115
9.372355211776906,45.56628908025829,9.373838181405894,45.5679833192882,CAPONAGO Via Sen. Simonetta
9.367156418467966,45.53565835534306,9.368437181462616,45.53655844462119,Via Primo Levi
9.340196267841524,45.504688151580666,9.341476332094235,45.50558824838358,Via Firenze - Via Alessandrini (Cernusco sul Naviglio)
9.674043124160505,45.695821789979895,9.67532747571119,45.696721809984,Via Camozzi
9.465547453255425,45.6912452732874,9.466831746655934,45.69214532667676,Via Locatelli - ASL
9.797236426145282,45.66076815675094,9.798573069738131,45.661646843024606,COSTA DI MEZZATE - Via Da Vinci (Bivio Montello)
9.614635898669974,45.744589274684316,9.616581099098827,45.7456432705478,Almè (viale Italia)
9.371308060868094,45.61986466221692,9.372590739061419,45.620764737747336,
9.40237074081888,45.525109256371906,9.403651259105086,45.52600934359229,GORGONZOLA Buonarroti/Rafredo
9.330952816873348,45.50562575474729,9.33219508583183,45.506558244580155,Via Cilea - Via Bellini (Pioltello)
9.686593920037748,45.70466772201658,9.694526198336062,45.70932441882599,Via Corridoni
9.861171040309852,45.633298104948096,9.86422007874772,45.63581415446205,Grumello del Monte FS - Via V. Veneto
9.417289347805008,45.63035428377302,9.418691154446758,45.631287215696325,SULBIATE P.za Castello
9.328486009491,45.5136500553752,9.33080630897962,45.51484791436193,Via Mantegna - Via Parri (Pioltello)
9.683697319198162,45.705101791614815,9.684981880671641,45.70600180834908,Via Borgo Santa Caterina 75a
9.283940920276399,45.49985808604583,9.28532187879068,45.50076121394241,Via Amendola - Via Olgetta (Rovagnasco)
9.609417178318779,45.51010392589001,9.610923253842833,45.51130183816936,Treviglio Piazzale Ospedale
9.440961017308174,45.62417066644809,9.442243782608125,45.62507073351611,MEZZAGO P.za Chiesa
9.660881774236321,45.35628566190704,9.662158425639866,45.357185738056856,
9.713213119006593,45.71420149516791,9.714497880857536,45.71510150479592,Viale della Colombera
9.496726956612147,45.7049429189733,9.498230843046523,45.70596838083545,Via IV Novembre
9.468637699728433,45.57290219888305,9.470117098734809,45.57388130059482,"Basiano, Roma - Nardi"
9.407465938379413,45.65086590126496,9.409042462242203,45.6519324984651,BERNAREGGIO Via Matteotti
9.716431312681062,45.67984939276639,9.717715287182678,45.680749407197446,Seriate - corso roma (fermata atb)
9.721494445662655,45.403965571438235,9.722772154201888,45.40486562852559,
9.37633103555995,45.67466466681111,9.377614964368426,45.67556473315313,Via Fermi
9.728681839599147,45.715054869812526,9.729994663104106,45.7159467297249,Via mons. G. B. Marchesi (fronte 24 )
9.57266975483074,45.3711256205092,9.574591142127812,45.37208427992751,
9.381058510221369,45.45287899388521,9.382578784436438,45.4538077062686,SETTALA Verdi/Delle Industrie
9.37455491240169,45.5362400557665,9.37583568752749,45.53714014419774,Via John Fitzgerald Kennedy - Via Martin Luther King
9.53370616822703,45.332356988134535,9.535763829403601,45.333497009806,
9.605668511738484,45.71142723767294,9.606964993647118,45.71281616224914,Via Roma
9.673139943885538,45.35809525970219,9.674383258394956,45.35900583994954,De Gasperi SUD
9.720556520870318,45.679184093121094,9.721840478992641,45.680084106842735,68
9.589842900649737,45.67073898068197,9.591126699238103,45.67163901928203,Via Colombo 47
9.618251506996835,45.60350859807943,9.621847146030333,45.60734405394472,Verdellino - Via Morletta
9.332210582068578,45.47289694240803,9.333949009167794,45.47430585793167,"Via Giovanni XXIII, 48 (Millepini)"
9.688200630499281,45.360494664772986,9.689477369371769,45.36139473519089,
9.381161590970951,45.52054455486788,9.382442008957035,45.52144464509634,
9.337992015382273,45.50930405184312,9.33927218455389,45.51020414812117,Via Torino - Via Como (Cernusco sul Naviglio)
9.425846373210423,45.68045717000074,9.42713042670853,45.68135722996346,
9.478889075508103,45.689408574008304,9.48017332440073,45.690308625955815,Via Rivierasca 185
9.580927550746601,45.716165583377865,9.58233464973632,45.717068516606886,"Brembate sopra (via locatelli, 8)"
9.30076766309285,45.51296912210379,9.302574439706563,45.514012276289826,
9.286933923438637,45.49949324887155,9.288213876507175,45.50039335109274,"Via Monzese, 25 (Segrate)"
9.29764497974095,45.50340404961187,9.298925020202832,45.50430415035243,Via Morelli (Segrate)
9.81929498058107,45.59638399701737,9.820577019263737,45.59728400294631,Palosco - via bergamo (distrib.api)
9.363079285334672,45.61299141175063,9.364350412834552,45.61395218784634,VIMERCATE Via Cremagnani
9.604090811833379,45.69613328386021,9.605375188051614,45.6970333161038,
9.3870833831029,45.45349729992483,9.388739117183833,45.454590999606125,SETTALA Verdi (Comune)
9.32988783943976,45.52271664710041,9.331170460960656,45.52368025285444,Via Cavour - Via 4 Novembre (Cernusco sul Naviglio)
9.475790185651018,45.66225987165696,9.47707381425852,45.663159928307195,CORNATE Porto d'Adda
9.382445088292286,45.49735476352161,9.383822611938767,45.498554335762144,Via Circonvallazione - Via Archimede (Vignate)
9.338512135745503,45.50751045172538,9.339792264190564,45.508410548238885,Via Verona - Via Torino (Cernusco sul Naviglio)
9.42653089744008,45.43190935037392,9.42780930247968,45.432809449590266,MERLINO Pertini/Gramsci
9.682675145282563,45.698183539295314,9.685168900185715,45.70083838232549,Via Alessandro Noli
9.596051057955464,45.69094035723539,9.597734947689553,45.692196842912566,Via Emilia
9.807227123096151,45.6441541040205,9.808840275829231,45.64506729606173,Costa Mezzate - via europa
9.521043882999955,45.57785603534311,9.522492518147162,45.57883006429959,"Via Marconi, 60 (Vaprio d'Adda)"
9.86429304422524,45.58376012380401,9.86557525157887,45.58462087583156,Pontoglio - c.na Gonzere
9.569176600112561,45.70554038178908,9.570461199779025,45.706440418174964,
9.601491668222367,45.46567916303813,9.602987735853405,45.46678643702106,
9.580278563701027,45.53099818071558,9.581511032151624,45.531896118847165,
9.511500851254686,45.59472083309894,9.513156852035051,45.59589306686904,TREZZO V.le Lombardia
9.723329735999465,45.68253166880037,9.726844772691253,45.684023240982526,Seriate
9.366994983817733,45.52108395418164,9.36827541611292,45.52198404578261,
9.335832957977116,45.54960325493192,9.337114041959332,45.55050334503235,Via S. Andrea
9.673417594418254,45.487596173447095,9.67469720545481,45.48849622651678,Fornovo - Via Cimosse
9.720631819003298,45.661851791757314,9.721915380859757,45.662751808206515,1027
9.395843386455521,45.6147253336286,9.397517314817902,45.615777465530684,VIMERCATE Via Trezzo
9.734602868871395,45.70378273595452,9.735944837980279,45.70487606382414,Via Antonio Galimberti
9.73238829524489,45.725681974472685,9.733791403005611,45.726586125521635,Via Cavalli 44
9.612125043254295,45.64097408016773,9.613408156629477,45.641874119796256,Velodromo
9.49332948887838,45.41507822334013,9.494683013372349,45.415974876601496,SP1 - C.na S. Pietro
9.436432018829446,45.51106649754615,9.438005427778887,45.512155181389886,MELZO Quattro Vie/Industrie (DHL)
9.65222331642519,45.741638036163074,9.653554977397986,45.742689263569936,921
9.375703634266111,45.6572740654027,9.376987165662445,45.65817413456155,
9.867505813865943,45.646789606592414,9.868788985969353,45.64768959337115,Grumello monte - via besane
9.690860254201652,45.693393591365115,9.692144545666858,45.69429360859874,"Bergamo - via borgo palazzo, 106"
9.636721200699947,45.687241564299036,9.641091391930395,45.68881245060103,Bergamo Ospedale
9.391350040241381,45.41756576423073,9.393087056828232,45.41850953607841,PAULLO Milano/Togliatti
9.775808120464793,45.49540678426189,9.77708787938894,45.496306815701836,Covo - Via Alighieri (SS498)
9.329973217233581,45.50909455145807,9.331253382704093,45.509994648506186,Via Mantegna - Via Masaccio (Pioltello)
9.630417237650065,45.70289118662841,9.631701762229888,45.70379121333554,391
9.602044535652556,45.65029458006398,9.603327864233073,45.65119461990004,740
9.420089228086686,45.38827998654662,9.421506370320259,45.38928531343427,
9.352165119729218,45.43901061412618,9.35383727664769,45.43995538618257,"PANTIGLIATE Comunale, 9A"
9.470727138650442,45.635868898982466,9.472081763819528,45.63713550076661,CORNATE Colnago - SP178
9.525659043952164,45.575301486582234,9.52705822803588,45.57621029719769,Via Perego - Via Cimitero (Vaprio d'Adda)
9.413000087663473,45.69658077053547,9.414284512257854,45.697480829428734,
9.377847413688261,45.63828360536142,9.379242990096946,45.639310794609806,Via IV Novembre - Via Pastore (Carnate)
9.335636574722013,45.50628308798902,9.33703372529287,45.507498211101876,Via Wagner - Via Cilea (Pioltello)
9.513715774729828,45.70736108218388,9.515143324748095,45.70833731760008,Via Don Valsecchi - Via Botta
9.6177155801551,45.71928043401158,9.619236553438144,45.72059664457786,590
9.755293242282479,45.70687223513055,9.756584757525577,45.70785946475919,Via Monte Negrone
9.717597417309918,45.68433103380832,9.719855471023667,45.68540627696794,"Seriate - via italia, 45"
9.72507953929422,45.730026397592596,9.72636466056755,45.730926402371225,Via Giuseppe Mazzini
9.832467028397554,45.552978100134546,9.833913268005748,45.55403649988528,Cividate al Piano - Via Marconi (Oratorio)
9.604931693040767,45.69778368406064,9.606216106844059,45.69868371590334,Via Verdi - Via Vivaldi
9.332508322542552,45.526278052933336,9.333788877394593,45.52717814703092,Via Marcelline - Via Biraghi (Cernusco sul Naviglio)
9.607126689908489,45.72426798633877,9.608411709975776,45.72516801362522,Via Aldo Moro 16
9.736512936878098,45.719767412764774,9.737984461136817,45.72073238661711,Via Masciarelli 8
9.588468841141566,45.534733604735216,9.59058415817364,45.53564839537737,Treviglio - Via Verrazzano
9.690404184330852,45.67522208525773,9.692340116722047,45.67644221390221,Orio al Serio via Locatelli 15 (fr. Commune)
9.656508788889791,45.7336115913663,9.657794010985016,45.73451160859761,280
9.58339021736251,45.51912877639671,9.58474188167916,45.52031572322843,Treviglio - Viale Monte Grappa - Lato Weil
9.291181483978155,45.48958460194141,9.292537616955535,45.49052329788984,Via Primo Maggio (Segrate)
9.70418580776236,45.51271410529237,9.70553669154449,45.513653294571995,Bariano - Via Locatelli (Ufficio PT)
9.72026467898243,45.630314589225875,9.721547520880902,45.63121461073795,
9.833387091753398,45.586898469619086,9.83467240697661,45.58792403033579,"Palosco Via Giovanni XXIII, 64"
9.707416816660086,45.689838841641105,9.71077050003855,45.691537452716794,Via Mario Flores
9.553247469060794,45.541485267579965,9.55452833083463,45.542385332384065,
9.488560429460794,45.58232546115201,9.491631077954034,45.58417893724095,TREZZANO R. Via Risorgimento
9.380969652316104,45.436144937971456,9.383186957334411,45.43780056224757,SETTALA SP39 Cerca/Grandi
9.547036426139853,45.49010154892211,9.548356136845536,45.49141611606028,
9.65607216360464,45.72406638590728,9.657429535750063,45.72524141365976,Via Valbona
9.418120159915448,45.50594862638543,9.41966954031563,45.5068520735985,MELZO Germania/Carducci
9.402982818189171,45.527108256563984,9.404263381734678,45.52800834340023,GORGONZOLA Buonarroti/Bosatra
9.742757947625522,45.421796774988735,9.744036052234918,45.42269682497504,
9.689593971962044,45.47731772078839,9.690882731631943,45.47825747900713,Mozzanica - Via Papa Giovanni XXIII
9.650343355860493,45.72606948286254,9.652010534080782,45.72749571746004,Via Ramera 15
9.591528921598641,45.36910475695171,9.592805878290457,45.37000484301231,
9.287796124208496,45.490506947448125,9.289080688098547,45.49249825242969,Via San Rocco (Segrate)
9.71036509964438,45.724581995710544,9.711650100220226,45.72548200425331,563
9.726860484893473,45.73479209814729,9.728145714967924,45.735692101816525,Alzano lombardo - Via Provinciale/Via alle Viti
9.72315086109716,45.482304577801415,9.724430338766574,45.48320462216241,Sola - Via Cascina Secchi
9.55531980252669,45.68791465755653,9.556665489471271,45.68956604232269,Via Roma - Quattro Strade
9.522175945679377,45.525634864028895,9.523456454221987,45.5265349359352,
9.287906137953193,45.49698776786464,9.289360460854372,45.49789563216186,Via Monzese - Via Nenni (Segrate)
9.687699812877293,45.4714101974641,9.688980286445446,45.472378402495394,
9.329721827114156,45.549271822386615,9.331292773262803,45.550331477310635,IKEA Carugate
9.482344100382653,45.40147838441313,9.483933859303525,45.402418779447885,Spino d'Adda - Milano/Quaini (C.Sport)
9.29954160931702,45.497116513686166,9.301657381064718,45.4991735291173,Via Cassanese - Via Giuseppe Di Vittorio (Segrate)
9.678461736358454,45.688804434178444,9.680873801362038,45.69026933895274,51
9.605960848933385,45.68417148306934,9.60724495095132,45.68507151689463,
9.32571209427864,45.48369798331871,9.327087904619345,45.48466921665266,Via Lombardia - Via Palermo (Limito)
9.520386071805213,45.69008727691254,9.521670328095727,45.690987323051566,Via Albisetti - Via Bedeschi
9.661641595445104,45.73960307855601,9.663925232896013,45.74299821569032,Via Papa Giovanni XXIII
9.64585577714754,45.49763847174281,9.647135622730653,45.498538528221104,Caravaggio - Circonvallazione Pulcheria
9.830318066562695,45.59061669411612,9.831697735565676,45.591544205437614,"Palosco Via Giovanni XXIII, 109"
9.725987418136492,45.73188269782996,9.727272581725092,45.73278270213384,Via Martino Zanchi
9.706325006452323,45.55371019417529,9.707690797485128,45.55472090575531,Morengo - cascina fornace
9.508611145478758,45.70110234874559,9.509899353035818,45.70214635120699,Via alle Brughiere 13
9.668819667983149,45.65694728642232,9.670103131889773,45.65784731354159,85
9.34458001720439,45.523853216914006,9.347248341447306,45.52496969984535,Via Cavour (Ospedale Civile) (Cernusco sul Naviglio)
9.503879092658895,45.444863299272654,9.505348510141317,45.44592350074444,SP1 - C.na S. Giorgino
9.332816522367978,45.57031705643223,9.334098077568978,45.57121714353204,AGRATE Centro Colleoni (Sud)
9.601256639213641,45.45813969411421,9.602572065433497,45.45913170568804,
9.67741259205389,45.71612789189929,9.67869740781704,45.7170279080646,Via Bossi 42
9.643832683459669,45.690299486807014,9.645116916417804,45.69119951315693,Via Luigi Pasteur
9.765849458555367,45.68929333250482,9.767120436175246,45.69026076709436,1005
9.348772993148064,45.57298005739105,9.350054606785871,45.5738801425732,AGRATE Via Matteotti Via M. d'Agrate
9.868632417688374,45.63770980600847,9.869915382146779,45.63860979395508,Grumello monte - via moro (calvario)
9.632989828883302,45.69494978622348,9.634274170996209,45.69584981374044,Via Lochis - Oratorio
9.655209950457706,45.73507263861521,9.661142568540168,45.73957806370574,Via Madonna dei Campi
9.468109028233975,45.68361220653827,9.47248357788605,45.685116407153046,Calusco
9.375685113070507,45.59680786690761,9.377031786545722,45.59793863245755,BURAGO Via Mazzini
9.406037522371555,45.49933028027559,9.410320044436377,45.50098278599403,
9.713932682464975,45.72655854476571,9.715772520794618,45.72759145342451,Piazza Europa
9.833506502990048,45.43988061504336,9.835695392818083,45.44129898437021,Gallignano - via regina scala/via macina
9.306051761784396,45.46283365485619,9.308574639588748,45.46377454540459,Via Trieste - Via Marche (Peschiera Borromeo)
9.714174879695612,45.67969448713831,9.715618118171607,45.68060291288974,1048
9.600464632008764,45.71468720441844,9.601820860664956,45.71629239544976,Corso Europa Unita 11 (condomini)
9.502729861038725,45.64028603800053,9.504175938396308,45.64119006199904,
9.479290817931588,45.703684086272105,9.480630879423812,45.70464401365103,Via S. Maria - Posta
9.410154495830243,45.695847270316364,9.411438904091632,45.69674732964782,
9.391143238346539,45.452652831707,9.392427061354237,45.45362866818897,SETTALA Matteotti/Trieste
9.84058111094643,45.58606423853399,9.843708776546015,45.587352264415934,Palosco - via palazzolo
9.479604200825646,45.696980980931706,9.481012198638275,45.69822201827369,Via Conti Gerolamo / Via XXV Aprile
9.676365747356364,45.69752094204261,9.677724247645525,45.698549857807926,Via Gabriele Camozzi
9.73484410612777,45.722038809168986,9.737165864790684,45.723792596546474,Villa di Serio - via santuario/valera
9.729272027138077,45.72241629740954,9.730556972722944,45.72331630255429,Cimitero
9.29810497360289,45.48628994827644,9.299384626340851,45.48719005168785,Via Morandi - Via Modigliani (Segrate)
9.606298309320556,45.69637568406302,9.60758269056402,45.69727571590098,
9.317380820724509,45.49106254947038,9.318660579215589,45.49196265049391,
9.83656400108703,45.62993030163604,9.837846798754258,45.63083029832759,Telgate - via verdi (zona industriale)
9.691894327036838,45.70451379234313,9.693178872831414,45.70541380762074,Bergamo - Via Bianzana
9.49557940294868,45.34847700305746,9.496935691887133,45.34993509677874,Boffalora d'Adda - SP1 Lodi - C.na Caravella
9.287573826146756,45.49545938979817,9.288986572371257,45.49656044681309,Via Cassanese - Via Monzese (Segrate)
9.38259892506057,45.54769678811358,9.384748837637824,45.5503621975012,Corso Europa
9.671378606245497,45.702547592798176,9.672979797666851,45.70370680725411,Viale Vittorio Emanuale II
9.604313695516852,45.73247108675354,9.605598904367902,45.73337111321047,644
9.311361837964194,45.52480135187982,9.312642361976945,45.52570144808447,Cernusco sul Naviglio (ITSOS)
9.389744754716244,45.67307726739218,9.391028645209591,45.67397733257206,OSNAGO
9.322510025823265,45.52653550116241,9.323906776365677,45.527468898327044,Via Colombo (Cernusco sul Naviglio)
9.659752396165603,45.743584804106526,9.661523598370598,45.744561096436875,1068
9.414763298852423,45.58170276154638,9.416045101068995,45.58260283841782,CAVENAGO Via 24 Maggio
9.356659881909701,45.5740160578557,9.357941518022736,45.57491614210855,
9.768788452005927,45.71416696229425,9.770120043754638,45.71515163752887,Via Sporla
9.372674549049062,45.502632723104824,9.374241139815657,45.50408607710033,Via Galilei (Centro commerciale) (Vignate)
9.452613691832548,45.59985495596061,9.456307717546656,45.602569901393835,RONCELLO Via del Guadagno Via Matteotti
9.521551659087594,45.52444726389012,9.522832140813897,45.52534733607397,Veneto /Garibaldi
9.615400869051324,45.74565555080721,9.616927127856357,45.746606248098495,Via Locatelli Milesi
9.38448963784505,45.62352531153508,9.385797062462613,45.624578188189986,VIMERCATE Ruginello - Via Diaz Via Solferino
9.34786902467159,45.64918566337752,9.349152375262276,45.650085736586725,Via Giacomo Leopardi (Usmate-Velate)
9.795461951000508,45.6162064959414,9.796744448848669,45.61710650402229,Calcinate - via zerra
9.705409902757753,45.7176011505572,9.707989525880581,45.71907959432148,353
9.696167762753314,45.4799924332621,9.697520831804573,45.48103836656792,Mozzanica - s.s.11 (bar roma)
9.838645242839775,45.53213938814244,9.843232895726269,45.53356264227233,Cividate al Piano - Calcio
9.683322219600862,45.63857775249647,9.685305762455553,45.64095116809548,Zanica - p.za repubblica
9.331113517172643,45.535555753603816,9.33239428276474,45.53645584636043,Via Cadore - Via Bassano (Cernusco sul Naviglio)
9.533937360124494,45.55456717765949,9.535366845708177,45.555682522330926,Farà Gera d'Adda - Via Antonio Locatelli
9.364504565938217,45.695746352590156,9.365859434946186,45.6969310470057,
9.594777476440356,45.41753136104872,9.59605552344788,45.4184314389153,
9.473193540442345,45.54329846207486,9.474474459468187,45.54419853788929,
9.698323935403643,45.599034321446986,9.699970152804616,45.600552878886276,Urgnano - Monumento (provinciale/via paradiso)
9.588526316673608,45.651708427526934,9.590139980398586,45.65269147123388,850
9.351017529677607,45.51663495178632,9.352298668609137,45.517687548166165,
9.767676260148129,45.68386235856087,9.769115740775062,45.684867241368295,Albano s.alessandro - via tonale
9.479317389243706,45.40106072099275,9.481290588704876,45.402101143014065,Spino d'Adda - Milano (Zona Industriale)
9.700566609787941,45.75073930485499,9.701924490873433,45.751690995106806,952
9.516896016709655,45.53695306454732,9.518176783192654,45.53785313541675,"Via Papa Giovanni Ventitreesimo - Liceo Scientifico ""Giordano Bruno'"
9.403533037546069,45.64495467353222,9.405173362093828,45.64602282589992,BERNAREGGIO Via Gramsci
9.63628585544931,45.66746442541088,9.643833375066729,45.67365008143545,Via per Grumello
9.482939322451289,45.579419265575545,9.48456867703062,45.580479933838326,TREZZANO R. Via Dante
9.72037809543558,45.70400249281712,9.721763808034758,45.70537150686591,450
9.680898490459038,45.35943012795986,9.682178404474934,45.36040727170136,
9.343692311334893,45.4823684680919,9.345084384329494,45.48326283181104,Pobbiano
9.616555799375066,45.57465527529467,9.617837400508225,45.5755553246693,Arcene - Via Agostino Gemelli2
9.353840609015572,45.68558816654597,9.355124790917044,45.686488233418295,MISSAGLIA Maresso
9.33715229263085,45.467147048468114,9.33843150730559,45.46804715149616,Millepini-Via dei Tigli
9.340249892080006,45.54439502973466,9.341655106279909,45.54539097024845,
9.390406411635706,45.54521985731098,9.391687388290448,45.54611994265325,Via Provinciale
9.602376823143812,45.7015942509266,9.6037627742164,45.70258894904886,Via Papa Giovanni XXIII - Cimitero
9.708243298297935,45.716816162960015,9.709688001895568,45.717812036894216,Via Della Colombera
9.639302368386433,45.44288768147787,9.64112075488061,45.44594881774242,Capralba
9.597305525429665,45.49616883202262,9.598709974601645,45.49739436701257,"Circonvallazione Nuova, 7"
9.759463030458244,45.58516843041295,9.760956766259005,45.58608526967506,"Ghisalba - provinciale, 57 (sbp)"
9.87179791988443,45.59369460290482,9.873079879950465,45.594594597058745,Palazzolo - via palosco (rondò)
9.671824971053342,45.69169898944858,9.6731092288188,45.692599010515316,Via Pietro Paleocapa
9.859985929279125,45.55959381537631,9.861412170483689,45.56049518460628,Pontoglio - bivio Santellone
9.541647923695153,45.608845098583096,9.543337088792427,45.61042530185406,Capriate
9.34202370288049,45.6510593632484,9.343307097054478,45.651959436715856,Via Cottolengo (Usmate-Velate)
9.605647686493668,45.689625783474796,9.606931913391065,45.69052581648919,
9.74390450582418,45.70710379319339,9.746109488194268,45.708589606520306,Via 4 novembre
9.622145205275611,45.71435948682366,9.623429994605848,45.71525951314032,589
9.690564973876686,45.68587655106968,9.691869322941574,45.68681524875695,55
9.416322411264051,45.61647593266782,9.419116886909846,45.617428567752945,BELLUSCO Via Castello
9.59155386675367,45.664972680364684,9.592837533133874,45.66587271959932,Via Frizzoni 66
9.379133647279243,45.580094232225406,9.38045565482466,45.58128416763131,AGRATE Via Filzi Via Cascinetta
9.290190769705724,45.48691799632578,9.292817462089788,45.487927601619845,Via Modigliani Via Primo Maggio (Segrate)
9.406156426970389,45.52635635668108,9.407436972952858,45.52725644328313,Gorgonzola - Parini/Del Parco
9.708080995555042,45.5707554095735,9.709489705727629,45.571660490430716,Via Crema 46
9.635772735408224,45.497798253250195,9.637101065214878,45.498725646657356,Caravaggio - Via Zenale e Buttinone
9.603522233205721,45.66803068158964,9.604805966679534,45.66893071837435,1094
9.605849011168042,45.64572344323172,9.60908680644784,45.64768769616984,725
9.648957537387837,45.69309258344998,9.650815612873314,45.694484237171004,Via Broseta 92b - Via XXIV Maggio
9.872506552506957,45.51553598631788,9.873915349156617,45.51644121368935,Urago d'Oglio - via Rudiano/Europa
9.330269682473633,45.48395792830503,9.33156662023591,45.4851408716224,Via Monza (Pioltello FS) (Limito)
9.683974946808307,45.70404249648657,9.686090655937072,45.70538480269736,361
9.615548651798097,45.68922067870086,9.616836550045331,45.69022282068631,648
9.76399548371119,45.56953238724413,9.765297813036339,45.570757312686325,Martinengo - porta garibaldi (distr.api)
9.688978199785621,45.693793226347125,9.690496905285247,45.694718873801754,Via Borgo Palazzo 106
9.549038435695627,45.717615688570966,9.550352859013204,45.719013511344585,Ambivere - Via Dante
9.438109003956788,45.66858059552584,9.439508423718957,45.669691103506985,"Verderio Superiore, Via Sant'Ambrogio"
9.892984230788702,45.636929708894016,9.89426716904184,45.637829691069484,"Castelli calepio, via aldo moro"
9.419883585768234,45.47994928404995,9.421440913278511,45.481015415764006,LISCATE SP14 Rivoltana/Curiel
9.536598267498306,45.524508450985124,9.538020230435457,45.525454948471925,Via Treviglio - Viale Bergamo (Cascina Taranta)
9.62065192408778,45.73886938863515,9.621937275793833,45.7397694113288,Almè (Provinciale)
9.590629793815477,45.749282741831145,9.592325908409743,45.750214658374944,Almenno s.s. - via marconi
9.392860005718298,45.528138056091464,9.394140594207455,45.529038143872754,Via Mattei 10
9.590749338940125,45.52291127992092,9.592124662661142,45.52416791962903,Treviglio - Viale del partigiano
9.610142391730397,45.730752630560886,9.611514508321491,45.73170766935931,Via Roma
9.670338209721079,45.39766536604663,9.6716157901531,45.39856543391726,
9.427351730962732,45.4297545113052,9.428626968135024,45.4306909885784,MERLINO Moro
9.438246027870449,45.66702186967443,9.439529772046196,45.66792193028977,
9.854793861108346,45.51058199431204,9.856073938730393,45.51148200565155,"Calcio - Viale Aldo Moro, Fabe"
9.36079224725619,45.43315203660795,9.36222144685226,45.4347372630568,PANTIGLIATE De Gasperi/Gramsci
9.593079037055006,45.65007987931057,9.59436236283233,45.65097992065345,817
9.586110834426425,45.6356328042129,9.587613066081135,45.63666339560483,Via Tiraboschi 21
9.722440168701302,45.73217432436146,9.723831327784815,45.73307057555866,Via Europa 6
9.629933071420606,45.66496608358603,9.631216728459648,45.66586611637795,Via Aldo Moro
9.600611362616682,45.54252327141847,9.601892237269798,45.54342332854556,Treviglio - Via Bergamo
9.654829855454693,45.68253356960895,9.65651185698473,45.68410483081746,Via Gianbattista Moroni
9.672070062534255,45.35745566302457,9.673346737339829,45.35835573693933,Cimitero Maggiore - Rondò
9.355724925246943,45.47321534983349,9.357004274685986,45.47411545013076,Via Marconi - Via Verdi (Lucino)
9.421005224822373,45.50018945545506,9.422285175098171,45.501089544509114,Via XX Settembre - Via Cavour (Melzo)
9.633304829509191,45.678747478964134,9.637619888423167,45.67975112891868,Via Bergamo
9.73013814393418,45.72968469807138,9.73142325592663,45.730584701892425,Alzano Lombardo - Viale Piave
9.670841677571968,45.53278133358161,9.672169125118561,45.5337364663364,Via Roma 241
9.622891192176246,45.69044660553489,9.624391706884659,45.69135469449899,1163
9.554683959995897,45.74379248369587,9.555969439898256,45.744692516268174,Palazzago - Via Longoni/Via Salvano
9.32655632758676,45.51698275192796,9.327836672351534,45.51788284803632,"Via Da Vinci, 90 (Cernusco sul Naviglio)"
9.652256881755577,45.699278788267755,9.653541318120242,45.7001788116962,Via dello Statuto
9.613121342976179,45.51013105008743,9.614837051447267,45.511402050060006,Treviglio - Ospedale/ITIS - Lato Trony
9.3819344950235,45.483337755397,9.384641900136943,45.484376245678035,LISCATE SP14 Rivoltana/Buozzi
9.613367438450503,45.425554094139834,9.614916155206442,45.42676420599388,
9.536466498406599,45.57642296961235,9.537847502826965,45.57739823036044,
9.560555868230551,45.69029977341669,9.561957535220955,45.69132302656767,SP 166 - Distributore Esso
9.619569082942578,45.74816849001563,9.620894312377866,45.74915970976993,Via degli Alpini ed Artiglieri Alpini
9.692512257490163,45.694035334460786,9.693844335710509,45.69557526543586,222
9.580030850745452,45.744844385755876,9.581316349143865,45.74574441420815,Almenno s.b. - via IV novembre (scuole)
9.342860237379663,45.51621315261784,9.344140562555559,45.517113247346444,Via Di Vittorio (Cernusco sul Naviglio)
9.378958018122706,45.41201834616468,9.380235981806056,45.41291845379954,
9.620888386487643,45.689786384772205,9.622172613394195,45.69068641519177,664
9.408021695456753,45.581530692529505,9.40954240538429,45.582539807040966,CAVENAGO Via Roma Via S. Maria del Campo
9.585193852364254,45.64733077642321,9.58654385064941,45.64862312337038,Via Cascina Bianca 4
9.383934404055454,45.43102494792986,9.385212795872313,45.43192505203435,SETTALA Gobetti
9.42202144083893,45.569271760980385,9.423302959081163,45.570171838983825,CAMBIAGO Via Manzoni
9.392759406973486,45.48326586460494,9.395108779902852,45.4843439540261,LISCATE SP14 Rivoltana/Kennedy
9.738651457083602,45.73736429953809,9.739936742775534,45.73826430042569,Alzano Sopra - Via Provincale 5
9.681093113072365,45.65645921768683,9.682550076418856,45.65839898204192,Azzano s.paolo - cremasca (bivio orio)
9.622130122130406,45.674530647176,9.623959881117768,45.67577955258568,Via Maresciallo Luigi Cadorna
9.748767341550469,45.52323149259894,9.756804951432139,45.52434831971183,Romano Stazione FS
9.585964740822035,45.74950492129423,9.587897674312972,45.75073447090926,Almenno s.s. - p.za s.salvatore
9.406720541581976,45.70929377118735,9.408005258340507,45.71019382877686,
9.691180912121284,45.68833589099545,9.692465087747198,45.68923590896843,74
9.417386060807114,45.57484628598898,9.418746338234637,45.57604521358731,CAMBIAGO V.le Brianza Via De Gasperi
9.401883735031538,45.41607964100779,9.403376361416255,45.41699765908684,PAULLO Marconi/S. Maria Pratello
9.321948730493643,45.521932713883636,9.323451568309704,45.52292868562736,Via Buonarroti - Via Donatello (Cernusco sul Naviglio)
9.348677660901318,45.51568490044264,9.35001233509023,45.51667179941404,Via 1° Maggio (Cernusco sul Naviglio)
9.626548498395366,45.663759617857686,9.627866097119515,45.66474098192337,Via San Carlo
9.417497077978505,45.662819914864954,9.41912552296596,45.66391678483667,BERNAREGGIO S.P. 3
9.407819775496531,45.43371824944353,9.409098224426742,45.434618350520665,Scuolabus
9.665425343955505,45.711460090423856,9.666710055917733,45.71236010954005,Via Giovanni Maironi da Ponte
9.90240954546585,45.63578850996634,9.903692454362913,45.63668848999717,"Castelli calepio, via locatell"
9.583828414328593,45.628696388566695,9.585147681762422,45.62966481125303,713
9.329768598874274,45.52705295392171,9.331811292659644,45.52858134632313,Via Adua - Via Manzoni (Cernusco sul Naviglio)
9.512027936083125,45.32255994723753,9.51330386382107,45.32346005272655,
9.683806789213632,45.690251090450204,9.68509101065624,45.69115110951366,52
9.719069919698581,45.73578446217324,9.72062627984607,45.73683503758224,fr Stadio
9.335692277390196,45.5038192513025,9.336972322546416,45.50471934866175,Via Wagner - Via Monteverdi (Pioltello)
9.382479224843458,45.596949685140274,9.383773373172009,45.59806091479957,BURAGO V.le Martiri della Libertà
9.378913723395678,45.6501681931863,9.380722687581143,45.65108160987423,Via Bazzini - Via Brianza (Carnate)
9.50885155266705,45.513701676201194,9.51414963467938,45.516276884586915,Cassano D'Adda FS
9.457945091259132,45.71544174637489,9.45938690967508,45.71634775363476,Via S. Martirio
9.624310360564282,45.71151642417108,9.625901737693013,45.71261277570918,388
9.384265180677287,45.52703947911425,9.386998431433012,45.528738664467404,Villa Pompea MM2
9.663422179575962,45.65549172292882,9.665112318720595,45.65653897604995,Azzano - Via Papa Giovanni XXIII
9.659862095436457,45.62046335755343,9.661263100396807,45.62150264240773,Comun Nuovo Via Duca d'Aosta
9.654852611167112,45.68603907319326,9.658479201373806,45.68897184480279,Via Giacomo Leopardi
9.540465648736339,45.367968725660404,9.541829955854121,45.36900047425106,Dovera - Via Umberto Primo / Via Gargioni
9.389476575267894,45.518778874423425,9.391033372737292,45.520231142575504,
9.395469610525845,45.63636712410787,9.396877887363562,45.637370375883556,BERNAREGGIO Via Della Croce
9.635342988578232,45.732866329212136,9.637206010899623,45.73403717001692,919
9.421062423066717,45.5708277610479,9.422343976853556,45.57172783891629,CAMBIAGO Via Prandi
9.34096938164759,45.556351855705074,9.342250618287869,45.557251944259214,
9.705408607581859,45.71536730768714,9.70669889117771,45.71640029226481,352 Torre Boldone - Via Reich (farmacia))
9.637994585843089,45.49678377098157,9.639274414036594,45.497683828982375,Caravaggio - Via Ventiquattro Maggio
9.329717599695577,45.57717597551638,9.331008301625141,45.57818552405762,CONCOREZZO SP13 Via d'Azeglio
9.766810551270545,45.68214693771165,9.769536841433473,45.683390061959756,Albano Sant’Alessandro
9.638744253547781,45.51733698012109,9.641138870551666,45.51840020685624,Vidalengo
9.67811588786613,45.66124363718789,9.680099820530792,45.663062106096525,Azzano s.paolo - cremasca/giovanni XXIII
9.4107375864355,45.52996125722366,9.41201821348687,45.53086134274054,
9.678649862321063,45.714555575550385,9.682661871828746,45.71668007768658,Via Bossi 17
9.693047085006087,45.39072223379226,9.694597915210888,45.39162586618843,Pianengo - via roma/via moro
9.67009309638094,45.70670379851896,9.67758411243213,45.712010680027745,Via Cristoforo Baioni
9.894253836721132,45.5917793178719,9.896987927706606,45.59323315107862,Palazzolo-v.brescia(unicar)
9.723823060938603,45.70477413552577,9.726024878591824,45.70619101399274,Via 25 Aprile
9.69285662230774,45.69264436345698,9.694162677883156,45.69369023631879,Via Borgo Palazzo - Via Venezia
9.375303387799638,45.534174310360164,9.376797309090042,45.535253089670796,Via John Fitzgerald Kennedy
9.434990689402118,45.551790509012854,9.436498004131193,45.55297739107418,GESSATE Viale Piave
9.357587383865441,45.60114289473466,9.359693691634222,45.6021963584565,VIMERCATE Via Dante (Torri B.)
9.514543380281665,45.325311162618796,9.516142417297214,45.32623783755547,
9.606714663033902,45.72753694871297,9.608068233035004,45.728885151126526,666
9.336826533577339,45.52533025305718,9.33810706635899,45.52623034690709,Via Verdi - Via Carroccio (Cernusco sul Naviglio)
9.334010242067475,45.524565552866704,9.33529075786939,45.52546564709757,Via Marconi - Via Fatebenefratelli (Cernusco sul Naviglio)
9.716636469704483,45.68360939308406,9.717920530159194,45.684509406879776,Seriate - via paderno (ufficio pt)
9.439923472419892,45.698108972235296,9.441207927496313,45.69900902772889,Robbiate - casa respiro
9.409599011763657,45.67696976879148,9.41088298815839,45.67786983117272,
9.641623292187122,45.58336657104417,9.642905906710864,45.58436512891294,Pognano - Via San Giuseppe
9.657549611340878,45.68455056682534,9.662492389774098,45.68714643399319,TBSO
9.64951472262735,45.54565924969404,9.650794276453144,45.54661165015719,Brignano - Via Locatelli
9.69470672801779,45.75289189971321,9.698661076826431,45.75525946902471,Via Lacca
9.533382256199948,45.560038667564264,9.534663543699141,45.56093873239981,Fara Gera d'Adda - Via Bergamo
9.6433904021013,45.735670159293306,9.644698698401413,45.736738240549656,326
9.585315227060216,45.70334668289609,9.586599772828311,45.70424671706793,Brembate sopra - via donizetti (legler)
9.609395213706534,45.7134892856757,9.610679986177356,45.7143893142883,Via Rubini 28
9.609760083300863,45.69281744021152,9.611405713174575,45.69375646005759,Crocette semaforo - Via Lecco 11
9.654972873261748,45.65539226468558,9.656444025422838,45.65637283486376,Via Bergamo
9.432002885654457,45.55941687705807,9.433324218210496,45.5603891227878,GESSATE Via Brianza
9.728110657156195,45.72996671959078,9.73065458376688,45.73181820330598,Alzano Lomb. - Via IV Novembre (Alzano Centro TEB)
9.547506557447573,45.60530525567566,9.54878734089878,45.60629074387457,
9.354955768135866,45.43620663807015,9.356475733747615,45.43764236070335,PANTIGLIATE Di Vittorio/Marconi
9.592552808189355,45.531848404440694,9.5941063873224,45.53299779564988,Treviglio - Via Trento
9.744315594393644,45.676997223779175,9.745814005938396,45.67800677593739,Seriate - Via Brusaporto (IPER)
9.598685111873445,45.69955660304565,9.599998290781985,45.700758496855755,679
9.74642814564512,45.65108899350628,9.74771145421311,45.65198900645751,Cassinone - via bergamo
9.655266605162115,45.644780284226485,9.656549794713454,45.64568031573744,Via Comun Nuovo
9.49031792893772,45.500370759812355,9.491597870969763,45.501270840151776,
9.499800250048045,45.507413861015095,9.50108034985762,45.508313938949,
9.468650983251392,45.654617378278125,9.470360219941735,45.65581112162932,CORNATE Via Mazzini
9.609535419632753,45.66928068218986,9.610819180251355,45.67018071777413,Via Lega Lombarda Via Gorizia
9.616412821988472,45.6946425940002,9.618628584416387,45.69569210708555,Via Trento 20
9.515361984877382,45.60801464484786,9.516916116942056,45.609010354418295,TREZZO V.le V. Veneto
9.467143647468834,45.57088793570135,9.468892348095297,45.571850164741456,BASIANO Via Rossini
9.752902865251311,45.5214682686776,9.755169236449031,45.52241493160857,Romano Lombardia - via piave
9.428162485854289,45.41274709126423,9.429443915208262,45.41373490847289,ZELO BUON PERSICO Dante/Miglioli
9.606822914052797,45.64899182442943,9.608518186154448,45.649896375554746,Largo Fratelli Pirovano
9.565665066867595,45.73458238381283,9.566950333024511,45.73548241615123,Barzana - via marconi (chiesa)
9.53498679307102,45.695568178549465,9.537069506292557,45.696818320263965,Via Marconi
9.793832557259337,45.66199568855293,9.79577573972148,45.66307540943238,Costa di Mezzate - Municipio
9.377432613946484,45.59824906527347,9.378920287567325,45.59929153466664,BURAGO Via Primo Villa
9.764146243874137,45.69646750895453,9.76571225623091,45.69736979101429,987
9.683980522604294,45.69436266302089,9.685824181710382,45.695977323110384,Bergamo Borgo Palazzo
9.305863314772084,45.47385654761494,9.307142685170229,45.47475665234934,"Piazza centro commerciale, 6 (Segrate)"
9.41049661157489,45.49245505424218,9.411776388347661,45.493355145722035,MLZ058 - Melzo-Togliatti (Galbani)
9.383863039802957,45.43921401048818,9.38559407291531,45.4408315900095,SETTALA SP39 Cerca/Buozzi
9.630815628846836,45.697862662232055,9.63228367582696,45.69940013720199,397
9.680339925479453,45.70451409125362,9.681624474390992,45.70541410871026,23
9.465714274343016,45.643399174105504,9.467229124633853,45.64430862593761,CORNATE Via Dante Via Stanga
9.651109752110534,45.70926935115702,9.652503144737405,45.71017774802322,544
9.500565312264923,45.64262437176628,9.501848487639997,45.64352442819784,
9.325224932760882,45.4955527158948,9.326576270908497,45.49654648401821,
9.306046249788245,45.49726494947502,9.30732615015397,45.49816505048926,
9.661071348494994,45.73718469206209,9.662356651378921,45.73808470790184,Via Monviso fr 9
9.612293555905119,45.55204137314541,9.613574643979108,45.55294142681856,
9.577552365837224,45.55040708325705,9.5791894318594,45.55141851565309,
9.332636255498148,45.504219953035424,9.333985348622557,45.505222746855665,Via Mozart - Via Cimarosa (Pioltello)
9.486700943950709,45.70096667544132,9.487985455956585,45.70186672452281,Via Moro 26
9.584391830261735,45.45346916508607,9.585909671492065,45.45438453499434,
9.671965669196812,45.67808877251124,9.673405857278736,45.679266785316905,Bergamo - via zanica (ponte tangenziale)
9.696536677010997,45.6042182726547,9.698019822587902,45.605236127188675,Urgnano (s.s. 591 edilizi Porton)
9.68142467093414,45.71591337392755,9.68326203306924,45.71807106470266,Via Tremana
9.692225245925236,45.45928547072704,9.693633462278381,45.460497929197935,Trezzolasco - s.s. 11 (rist.alber)
9.317689839408061,45.52488153730496,9.318961264624962,45.525814662407264,"Via Fontanile, 5 (Cernusco sul Naviglio)"
9.500532562301283,45.39495361272054,9.502097233003447,45.39588948750076,
9.354542739778104,45.513794582495116,9.355830459141337,45.51479591718582,
9.495387765167328,45.664867900267346,9.49676693780765,45.665764199670875,
9.490991847432147,45.39906726595643,9.492496597994789,45.400074763724234,Spino d'Adda - Roma/Casati
9.499057186575806,45.59223006767531,9.500339213329624,45.593130132288806,GREZZAGO V.le Europa
9.66471956083559,45.683770488168726,9.666003639037953,45.684670511795204,193
9.469888439302473,45.401936950674425,9.47116616060927,45.402837049289715,Spino d'Adda - SP415 Paullese/Argine
9.364034495414629,45.5376696553452,9.365315304516535,45.538569744619025,Via Monza - Italkrane
9.747651891161166,45.52113190073731,9.752156698657517,45.522390802170364,Romano - Via Balilla
9.649742021591885,45.64548128819068,9.652271091748958,45.648328627837316,Via Dante Alighieri
9.480313115082966,45.57857421052923,9.481642978634186,45.57963428920861,TREZZANO R. Via Milano
9.415917928985266,45.596634662793825,9.41720007093588,45.59753473717037,ORNAGO Via Dalla Chiesa
9.656002427875192,45.6865530875977,9.657286571999988,45.68745311236623,92
9.631361855970065,45.73236229823024,9.634560208958407,45.73429626172313,Petosino (via Marconi)
9.359631988225077,45.64971920556016,9.362276320846588,45.65087319630911,Corso Italia - Via Milano (Usmate-Velate)
9.664370858465645,45.697073471440575,9.667472616736308,45.70143532583885,Viale Vittorio Emanuale II
9.350453939666629,45.5248741536653,9.351734460267137,45.52577424629894,
9.78834547325388,45.484206250818325,9.78968582513564,45.48513024891324,"Antegnate - Via L.Manara/P.za Cavour, chiesa"
9.29916031446942,45.49508296018082,9.3006025932384,45.4968133394877,Via Morandi - Via Battisti (Segrate)
9.5343756151573,45.59757049872545,9.53569308789236,45.59845290110881,"Crespi - via Manzoni, 5"
9.416267183116222,45.6006649631327,9.417549416804846,45.60156503683148,ORNAGO Via Vimercate
9.537850673725844,45.61126337194638,9.539133126172157,45.61216342801767,
9.413223247598218,45.582817662268404,9.416833764815987,45.584138540854276,CAVENAGO Via Roma Via 24 Maggio
9.579882436524343,45.74032590339736,9.581728021500114,45.7420302325941,Almenno s.b. - via martiri della libertà
9.599377780929686,45.52032623879292,9.600791415783469,45.521356561202204,Treviglio - Viale Forze Armate
9.60279779460069,45.722733839935636,9.604255102544384,45.72378036008091,893
9.70998218583254,45.68077179212068,9.712137113310215,45.68169040803096,Corso Roma
9.51053867890795,45.52023602016407,9.511940223800345,45.521138179818855,Viale Europa - Via Colombo (Cassano D'Adda)
9.828761124465514,45.662809703344415,9.83004467537701,45.663709696619236,"Carobbio d. Angeli - via tresolzio, 269"
9.378560016714108,45.58794253774928,9.379943376852614,45.58951346205639,BURAGO Via 25 Aprile
9.821085170611996,45.5752337044321,9.822484631399663,45.576231995556824,"Palosco - Fraz. Torre Passere, 67"
9.809744552756396,45.633788298907625,9.811027447089952,45.634688301056045,Bolgare - via giovanni XXIII
9.554688169395616,45.36187520798688,9.556060428009257,45.36277369195748,
9.399717887900442,45.57963348180832,9.401007213375896,45.58063871780104,CAVENAGO Via Roma Via Miles
9.601384848133808,45.74925028686754,9.60320453103902,45.75123536222821,Via Primo Maggio
9.696373200020355,45.37219186647623,9.697650199849091,45.37309193348761,Crema - via s.maria croce/via bramante
9.361399420495097,45.52118513537263,9.364376501418901,45.52260343346312,Cassina de' Pecchi
9.686639342351821,45.70000022454471,9.6882398985615,45.70140832237563,Bergamo San Fermo
9.885044824829329,45.595557291274034,9.886285878433483,45.59644150841467,Palazzolo - via Matteotti
9.406261691052585,45.480697778507384,9.408420614407015,45.48215902113772,LISCATE Cavenaghi/Roma
9.33252156211498,45.522789652657906,9.333802037822169,45.52368974730635,Via Cavour - Via Tizzoni (Cernusco sul Naviglio)
9.40270060329119,45.637937050161135,9.404092396680888,45.63890314973141,AICURZIO C.na Restelli
9.3735065669189,45.529789826084716,9.37498082738481,45.530928673961554,Viale Europa
9.716382972582455,45.744452297872435,9.717668427280879,45.74535230209138,778
9.388089857738757,45.67280186728187,9.389373742187395,45.673701932682334,
9.714156838927561,45.74768255038046,9.71556546187052,45.74858654961386,Via Olera (Asilo)
9.286576138603069,45.47403894807324,9.289250157787501,45.475307448118635,"Strada Rivoltana, 3 (Segrate)"
9.69961323559107,45.59518636506342,9.701190203817808,45.59716459969502,Urgnano - Via Provinciale (Carabinieri)
9.715682931716174,45.72825546952311,9.716988769195057,45.72933293036001,Via Degli Alpini fr 12
9.641880712851897,45.49444197113809,9.643160487027062,45.495342028825846,Caravaggio - Circonvallazione Porta Nuova
9.668914231463082,45.69320436111954,9.672023028719508,45.694461022977684,Porta Nuova
9.340949357442357,45.43209488482988,9.34288904069425,45.43303291544437,MEDIGLIA Bettolino - Colombo/C. Maggiore
9.354482902772016,45.57153292616092,9.357150295261793,45.572488674274204,AGRATE Via Matteotti (STAR)
9.292068904948525,45.49879477399229,9.293850390488636,45.50006482601698,Via Giovanni XXIII - Via San Carlo (Segrate)
9.700796514330667,45.6904319575263,9.702506102781074,45.69195503420797,Via Borgo Palazzo - Via Recastello - Via Daste
9.773209911319803,45.47851278264862,9.774489288534532,45.47941281731509,Barbata - Via Leonardo Da Vinci
9.505511477387016,45.63696097166027,9.506794522516993,45.63786102830385,
9.706611340175026,45.72283752061156,9.708359658160365,45.72390467825267,562
9.586160934276343,45.63850051361307,9.587694860561772,45.639430186553014,775
9.31039094388734,45.54189685319106,9.311671856053932,45.54279694677321,Via Dorderio/Via Increa
9.415533681780415,45.501024939407294,9.42209688605003,45.5029194494568,Melzo FS
9.5447326455719,45.38428375449792,9.54600995432589,45.385183845466116,Dovera - SP472 / SP415 Paullese
9.493917595194546,45.69916009868193,9.49579289266688,45.700782901891294,Via Don Pedrinelli - Carvico S.p.A.
9.737971296322415,45.70950991621366,9.739961505115625,45.7106846935659,Scanzorosciate per Gavarno
9.601363650498369,45.729912724317785,9.602757045924692,45.730809175604904,615
9.62707563402775,45.676901289016854,9.630956136645343,45.679229377561924,Via Maresciallo Luigi Cadorna
9.516388240817415,45.33494400100015,9.51875168980628,45.336525332447096,Lodi - Riolo / SP472
9.717501088613584,45.662495268504735,9.71880200864054,45.66367363142995,Via Tonale fr 5a
9.69653535220547,45.70947895002701,9.698471838687695,45.71142293561171,Bergamo Negrisoli
9.731938472657326,45.71088957946699,9.733187731896907,45.71181342014412,Via Matteotti fronte 6
9.692547564072616,45.398406543618535,9.693890435519771,45.399538655728485,Pianengo - via roma (farmacia)
9.438830105622817,45.48031502635419,9.440345497562495,45.48125727254209,
9.608721375101204,45.71941574992437,9.610132131097027,45.72099654979062,Via Roma 12
9.476583690121982,45.511634723205496,9.482316809362707,45.51346232950175,Trecella
9.662231783121165,45.3563698648102,9.663597820897253,45.357387535124346,Europa/S. Lorenzo
9.505261084590073,45.452697224587965,9.506564114883671,45.45376777526381,SP1 - C.na Ciocchera
9.727847243942051,45.67725699369423,9.729131155919536,45.67815700626956,66
9.346941729578052,45.55216855565665,9.348222870356288,45.553068644307636,
9.356842361028937,45.57722327792823,9.358090536289238,45.578162821368096,AGRATE Via Dante Via S. Francesco
9.69788509736674,45.69844249243492,9.699169502500405,45.69934250752892,205
9.624231497001928,45.407150362695,9.625509302880841,45.40805043726893,
9.404526454795537,45.70812497097248,9.405811145127364,45.70902502899173,Merate - pagnano
9.673660395009781,45.67088752602411,9.675297296267663,45.67223677423554,Bergamo - via zanica (arti grafiche)
9.45571684708138,45.61290066646604,9.456999352832165,45.61380073349811,BUSNAGO Via del Campo
9.427654805086345,45.695164171270456,9.428939194832207,45.69606422869372,Merate - novate ospedale
9.667720335451534,45.686023688621745,9.66900446442142,45.68692371134217,Autostrada - Carnovali
9.541834413019469,45.33379405028594,9.543110586879106,45.3346941496781,
9.55074572062816,45.40261349828574,9.552691270167378,45.40401674296403,
9.590841138154499,45.70968500674853,9.594062341108215,45.71120549717515,Via Paglia 7
9.628542797527553,45.703021412644866,9.630084307443067,45.70395188754132,399
9.626680929571089,45.624797180127075,9.627963670310011,45.62569721983689,"Levate - Corso Europa, parcheggio"
9.641870445485905,45.57350672548829,9.6432044651763,45.57457874981678,Lurano - Via Provinciale
9.682747283756026,45.71832849866064,9.686903910554237,45.72057773603117,Via L. da Vinci (fronte 5)
9.718934405471321,45.741617397899816,9.720219794391545,45.74251740206402,944
9.435162658299081,45.69057017135239,9.436446941618058,45.69147022861179,Merate - s.elena
9.6661227378557,45.68874812953938,9.669350047601942,45.691576609168834,Via Giacomo Quarenghi
9.528126472584498,45.400300354912865,9.5295833945426,45.40127318752718,
9.60934249883267,45.65359458093264,9.610625901051558,45.65449461903134,755
9.477250545673398,45.53618234105751,9.478893156224872,45.537311858761136,INZAGO Verdi/SP11 Padana Sup.
9.654251588467876,45.710499105285386,9.655619408647588,45.71139389462742,1142
9.721983723220632,45.661499391863444,9.723267276642172,45.66239940810036,1024
9.77232056933728,45.62143364452752,9.774100517538846,45.623078956011504,Cavernago - s.s.498 bivio bettole
9.604264593630145,45.70645878469154,9.605549206254759,45.707358815272464,"MOZZO, via dell'industria"
9.641532400554274,45.68521577827111,9.643130301158715,45.686317721579485,867
9.704274404842463,45.51902922851579,9.706200091380191,45.52033267122916,Bariano - Via Romano
9.643653195318254,45.68789158474182,9.64544590968768,45.68886731578975,Via Martin Luther King
9.374655034776874,45.61948368047455,9.376529962740173,45.62042931985873,
9.606739204706082,45.722973086204,9.608024195178261,45.72387311375999,Via G. Galilei 3
9.70137457541636,45.42550255468069,9.703105412071704,45.42710424579067,Sergnano - via marconi (parcheggio)
9.643006836844366,45.692698861862425,9.644351934395521,45.69371392615771,Via Broseta 133 - CRI
9.59862517758618,45.71129242434038,9.600076321253079,45.712199475681935,896
9.614917854942545,45.41932651853284,9.616423544900128,45.420352481240215,
9.325069361387483,45.49375151372888,9.32648283939742,45.494655986268754,
9.615118380226411,45.35036730675229,9.616620816526662,45.35128659335437,
9.626684288151525,45.662021274863704,9.628239815300297,45.662965023863656,Via Europa
9.625362450555977,45.70700299264941,9.626604646744656,45.707913906827265,400
9.744477023193555,45.6880233962284,9.745761176664802,45.688923403735394,809
9.812426101270699,45.45340798493494,9.813704898576441,45.45430801502871,Fontanella - s.s. 498 (cascine marzuole)
9.719886261655288,45.658109191387425,9.721169738207934,45.6590092085764,1018
9.604063161303634,45.462471776780376,9.605493641229776,45.46337912324218,
9.657013420496629,45.6434565842793,9.658296579378616,45.64435661568464,588
9.734721095818923,45.68077809179998,9.73617250159647,45.68181620821022,1050
9.621158275333988,45.695696870369446,9.622994827684476,45.696649929995814,Via Trento 38 - Borghetto
9.69606134188335,45.43754164254742,9.697660257040793,45.43845485753146,Sergnano - s.s.591 (cascinale)
9.412319645005686,45.58641736178046,9.413601554916182,45.587317438183746,CAVENAGO Via Campagna
9.38695907407148,45.548504357386584,9.388240125855315,45.54940444257765,Via Roma Scuole
9.867720445436232,45.63526430570622,9.86900335439911,45.63616429425735,"Grumello monte - via v.veneto, 53"
9.630742087653747,45.646043482159,9.632025312226464,45.64694351780496,
9.580569951903335,45.63112917680217,9.581852847986474,45.632029223161865,714
9.788222107657173,45.682979877882744,9.789768691670103,45.68403142191786,"San Paolo Argon - nazionale, 90"
9.650290002700169,45.65369818448555,9.651573397176287,45.65459821547838,
9.583146251899334,45.64043212245671,9.58450024637405,45.641331277496214,via Italia 24
9.653499508503378,45.73186769095744,9.654784691372011,45.732767709006495,286
9.628733365934993,45.6928935084363,9.632138946237808,45.69426063112948,Via Guglielmo Mattioli
9.5455433978861,45.523848564067265,9.547755207149661,45.52486913680353,Strada Padana Superiore (Cascina Costanza)
9.693416120271703,45.70512259253616,9.694700679596254,45.70602260742771,
9.387597188173784,45.54726695732266,9.388878211752896,45.54816704264157,
9.331381477049174,45.54789855459271,9.332662522888121,45.54879864537155,SP208 Centro Comm
9.590424236757688,45.39439395886317,9.591701763131487,45.39529404110085,
9.664691106556994,45.7059862899237,9.66597569331642,45.70688631004021,Via della Fara
9.760401019008357,45.700438026754945,9.762001977318404,45.70158717329293,Via Casale
9.410783465426318,45.48012727692676,9.412937230443028,45.48153222251494,LISCATE XXV Aprile/De Gasperi
9.816063856543371,45.633544499594244,9.81734674330178,45.63444450036942,Bolgare - via dante (municipio)
9.376085955634258,45.5500561569388,9.377367044294585,45.55095624302544,
9.472430729908988,45.6320800690501,9.473713670001317,45.63298013091405,CORNATE Colnago - Via Castello
9.666085218185692,45.713716990662796,9.66736998168741,45.714617009301136,295
9.604064353977085,45.57325767845142,9.606489393728555,45.57631833961272,Arcene - Stazione FS
9.407986621581703,45.61735513146415,9.410039672007633,45.61838586949989,BELLUSCO Via Milano
9.715814956677903,45.684738093092484,9.717099043185923,45.68563810687133,Viale Italia 95 - Legler
9.711865159434508,45.68692666615737,9.713414342242755,45.687843333932555,Viale Italia 108/110
9.682951555281615,45.71067359198557,9.684236244588297,45.71157360797831,379
9.330382491787566,45.52897665304995,9.331663108149968,45.52987674691432,
9.701642157765482,45.5210568211562,9.70477941410465,45.52219344702757,Morengo-Bariano
9.5831537528113,45.7247122234647,9.584534050707573,45.725605576451144,"Brembate sopra - via battisti, 72"
9.323709207510221,45.51873725193942,9.324989592428603,45.51963734802484,Via Don Sturzo (Cernusco sul Naviglio)
9.623280671762789,45.75011031455467,9.62776298924156,45.75232201547988,Via degli Alpini ed Artiglieri Alpini
9.606767875980115,45.65556858087364,9.608051323904593,45.656468619090354,
9.72383882827958,45.730946809469444,9.725290361297434,45.73270398531719,Alzano Lombardo - Via Provinciale (Ospedale)
9.872573942208149,45.63561970631465,9.873856857626274,45.63651969364892,Grumello - piazza camozzi (via roma (creberg) )
9.646063006628484,45.49432336575654,9.647410193938489,45.49527143420394,Caravaggio - Via Spartaco
9.30018641106376,45.50564004572797,9.30167886112689,45.506575869133044,Via Giuseppe Di Vittorio - Via Buozzi (Segrate)
9.347533153519851,45.53244915412451,9.348813846414439,45.53334924583976,
9.424935276782977,45.509397315600815,9.426495727252064,45.510540784468205,Viale Gavazzi - Via Quattro Vie (Melzo)
9.380907823266902,45.521622230947465,9.382320878747251,45.52252766905954,
9.614371305700598,45.57407597506403,9.61565289418311,45.57497602489995,Arcene - Corso Europa
9.58358490083503,45.74922828638691,9.584870499053585,45.750128313577086,Almenno Gabbione Via Buttinoni
9.349330521096391,45.42985315003385,9.351492956474525,45.431666274512,MEDIGLIA Vigliano - SP415 Paullese
9.58541488201345,45.610994875597406,9.58669731787554,45.61189492436663,
9.628449275487009,45.73447188895661,9.62973452439314,45.73537191100737,1073
9.693763645393792,45.61111096125097,9.695410355010399,45.61201813875473,Urgnano - provinciale (ime)
9.595828932932207,45.49228488256705,9.5973116661566,45.49319241746103,"Circonvallazione Nuova, 46"
9.584043797504536,45.64860924022097,9.585478205063623,45.64998685915123,848
9.696486421279161,45.49432797615149,9.69776617858952,45.49522802381235,
9.650677952066735,45.35534088311171,9.652505342914033,45.35664891691697,Via Pandino / Via Da Ceri
9.666160530967394,45.69230188978519,9.668753643325127,45.69355064323587,Via Giorgio e Guido Paglia
9.610402658727658,45.75216498073378,9.611691646786003,45.75355281919177,Villa d'Almè (via Ventolosa)
9.32644631600886,45.51800315200375,9.327726683929454,45.518903247960516,"Via Da Vinci, 60 (Cernusco sul Naviglio)"
9.324679833796516,45.48994854970461,9.325959566142211,45.49084865025964,
9.32848442579382,45.53478125342323,9.329765174144061,45.535681346541026,Via Adua - Via Adamello (Cernusco sul Naviglio)
9.411740143214935,45.41888404849059,9.41301825670765,45.419784151473614,PAULLO S. Pedrino (Piscina)
9.652952921626591,45.652070684595266,9.654236278249375,45.65297071536864,1099
9.66163890769208,45.669444140856854,9.663425086461748,45.67075415928492,Via Azzano (ITC Belotti)
9.6102412639286,45.65013689855072,9.611889636201383,45.6510399014228,696
9.677001300011186,45.39860476673794,9.678278899861734,45.399504833225954,
9.332873301542621,45.501221820978884,9.335605832561386,45.50245383595414,Via Milano - Via Mozart (Pioltello)
9.667823070956171,45.581812322480424,9.671276884449941,45.583859997745904,Spirano - Via Dante Alighieri
9.498267798480244,45.59117756753791,9.499549801425344,45.59207763242621,Grezzago V.le Europa
9.755937351556838,45.595391249801494,9.75731194778325,45.59655234924609,"Ghisalba - Via Provinciale, 9"
9.510837606710494,45.46744950470582,9.512146093385569,45.46851809502591,Dante/Pascoli
9.309009797526288,45.48423374856924,9.310289402415401,45.48513385139505,Rugacesio
9.349810381098813,45.54765005543657,9.351091418835003,45.54855014452769,
9.616891046412858,45.6478464230216,9.618183953367621,45.648852576892644,846
9.729803834847438,45.677871667058774,9.73108976366683,45.67886293252884,"Seriate - via marconi, 69 (pasticceria)"
9.333803896667305,45.52856615317379,9.335084503269584,45.52946624679048,"Via Briantea, 20 (Cernusco sul Naviglio)"
9.329057054263048,45.48875481383867,9.33033305040376,45.48971238585038,
9.652103604142509,45.67984188671627,9.65338759573345,45.68074191324767,Via Gianbattista Moroni
9.642686517821458,45.50442874819669,9.644169278738405,45.50590645108433,Caravaggio - Via Vidalengo
9.606116352663628,45.666355081672734,9.607400047221143,45.66725511829125,Via Giuseppe Mazzini 3A
9.298345945298172,45.513763738104956,9.299664853594749,45.51483546124275,Via Di Vittorio - Strada Padana Superiore (Cascina Burrona)
9.463895121071603,45.4400789407937,9.465247185552856,45.441645459051145,COMAZZO Roma/Cavour
9.36136829564869,45.569286354951295,9.362932894905473,45.57063994523428,Agrate - (Casello Autostradale)
9.375612184176523,45.531135062946476,9.376943818484808,45.532092936975964,Via Giuseppe di Vittorio - Scuole Medie
9.286832672736029,45.50091576547022,9.288464226872676,45.50182133454354,Via Manzoni - Via Monzese (Segrate)
9.591884779807874,45.706930646003244,9.593194820227641,45.70799275376715,Via Meucci 16 - Piscine
9.337831578729894,45.51113124992138,9.339116608241126,45.51318144995242,Via Torino - Via Brescia (Cernusco sul Naviglio)
9.423070456782149,45.541472658841656,9.424351343137854,45.54237274112253,Cascina Antonietta
9.693024227597297,45.68700509106548,9.694308372270845,45.68790510889838,73
9.371303547740249,45.42707204696098,9.372581852189903,45.427972153003246,MEDIGLIA Vecchia Paullese/SP39 Cerca
9.551722781386147,45.70472788086771,9.553132313019423,45.705814319069226,
9.439969527295899,45.44707645237482,9.44124827262128,45.44797654758935,
9.434212493335854,45.55658844135212,9.43559040642155,45.55754575853202,GESSATE Piazza Roma
9.695162265905259,45.690027677308066,9.697049327751875,45.69140042282126,578
9.61633092945076,45.60129384920057,9.617740576763033,45.60240895074823,
9.592562378130967,45.69895928313565,9.593846821756205,45.699859316828345,Viale Italia 15
9.884146075873979,45.59880821702023,9.886304650975942,45.600062798181064,Palazzolo - via Torre del Popolo
9.284057681189164,45.497381541511785,9.28545265875493,45.49854485264663,Via Amendola - Via Nenni (Rovagnasco)
9.501974052270622,45.73149956150121,9.503417048777267,45.73247183817881,
9.693154584066848,45.408870119386336,9.694828416528232,45.40978078064511,Pianengo - via roma (fark)
9.691682830860989,45.365427260923155,9.695676594506505,45.36784416408788,Crema FS - M.ri Libertà
9.627712746374524,45.62356635357804,9.630692814740097,45.626690044368374,Levate
9.501373698638446,45.529597762878765,9.502654301266828,45.53049783708533,Via Milano - Via Einstein (Cassano d'Adda)
9.41468544903349,45.586080261888306,9.415967350887929,45.586980338075875,CAVENAGO Via Dante
9.725413845416009,45.66047323078738,9.72734935337368,45.66139676939173,1028
9.693807082333446,45.66473578937827,9.695090717534683,45.665635810585584,759
9.609842109608373,45.512033969773896,9.611122290276528,45.512934030190095,Treviglio - SP11 Caravaggio (Zona Commerciale)
9.698605786334387,45.41933933859169,9.700342114803915,45.42025986151573,Sergnano - s.s.591 (distrib.agip)
9.588507406107588,45.520515581757785,9.58996849496086,45.52142351826551,Treviglio - Piazza del popolo
9.719502585819308,45.72589969671256,9.72078761404355,45.726799703251274,Ranica - Via Provinciale/Via Tasso
9.344954890659675,45.45564372283133,9.346254650298555,45.456630755831355,Z409
9.575197549085429,45.5691270357584,9.57731635126629,45.570037764258764,Pontirolo Nuovo - Via Mazzini
9.357957981457375,45.588049871728245,9.359365514781068,45.588949528221036,Lecco - Cascina Morosina
9.669256394993983,45.68621333809717,9.670833310611332,45.687155562169536,Carnovali - Autostrada
9.414377614548359,45.50450488153227,9.416707684955416,45.505799616394555,MELZO Germania/Svezia
9.380125992592466,45.45056243949746,9.381608405174143,45.45147616057227,SETTALA Delle Industrie/Bellini
9.376516525683344,45.57773580392654,9.378164676702438,45.578666196269914,AGRATE Omate - Via De Gasperi
9.50546141300598,45.70332481306534,9.507204190081259,45.7045299867903,Via Moro - Centro Sportivo
9.324237290898337,45.48475768522139,9.331909529775869,45.486996121651465,Pioltello FS (Seggiano)
9.584659489625619,45.52878852386632,9.586102208510685,45.529747175600626,
9.720012642695728,45.72194474963443,9.721924500196385,45.72331277850797,Ranica
9.76213733791258,45.69616862449998,9.763653059445259,45.69724597551026,Via Casale
9.366303517750323,45.6105909665648,9.367659981409552,45.61153003327842,VIMERCATE Via Ronchi
9.68048172036205,45.70764130385766,9.681972181970819,45.709064995178466,440
9.683038289718539,45.64450072490395,9.684433331017964,45.64589150681655,Zanica - via roma (semaforo km 6)
9.422563709217071,45.61684091320654,9.424064594984557,45.61795078685526,BELLUSCO C.so Alpi Via Bergamo
9.577670999624232,45.69693258177761,9.578955400265784,45.697832618186396,Ponte S.Pietro - via f.lli calvi
9.798193116457204,45.61927429648318,9.799475683391435,45.62017430348054,Calcinate - p.za s.rocco
9.409505540060813,45.70071417066485,9.410790059861172,45.70161422929935,Merate - Via Statale - (Distributore)
9.315513180787379,45.556283754550066,9.31679441915289,45.55718384541421,
9.740567287885256,45.664824793994136,9.741850911974,45.66572480596966,Seriate - via cassinone (discoteca)
9.605801253606996,45.709968985097035,9.607085946277598,45.71086901486695,857
9.311342790306536,45.56984739547227,9.31268800553609,45.570728704332616,MONZA Via Adda Via S. Albino
9.705540656046832,45.6889552463231,9.707607442208166,45.69023825279262,Via Borgo Palazzo - Mercato ortofrutta
9.317479748463114,45.522247653583136,9.319070631263592,45.523212351543656,Via Fontanile (Cernusco sul Naviglio)
9.590538117396191,45.69550868269807,9.591822482491386,45.696408717265946,
9.576971897733667,45.69502916775073,9.578789188669827,45.69671233284435,Via Berizzi
9.487720164498189,45.5808201135915,9.489738039553403,45.58217348602365,TREZZANO R. Via F.lli Cervi
9.47287318804655,45.48617635753399,9.47415281186428,45.48707644243015,
9.354276270566066,45.575903990836146,9.355648634410718,45.576948009066925,AGRATE Via Lecco Via Dante
9.588760984026575,45.62835409878097,9.590262316377446,45.629364200913955,712
9.373493025055538,45.496906204527576,9.374787167865973,45.49844349538562,Via Galilei (Parco Malpaghetto) (Vignate)
9.619511913018888,45.64370108100876,9.620795086863467,45.64460111895522,A4 Dalmine
9.588432150677994,45.6663477802203,9.589715849210135,45.66724781974369,Cascina Belvedere
9.523651152829528,45.60419097035072,9.524933447071199,45.60509102961336,
9.750786831376656,45.64363569336501,9.752069968480798,45.64453570659876,Calcinate - s.s.498 (cascina nova)
9.605422538752789,45.69379518378593,9.606706861131961,45.69469521617807,
9.63010141092428,45.69537691981222,9.63231178977617,45.69667767869708,Via Bellini 6
9.679856832165113,45.70102853897294,9.682853184654453,45.70324629623029,Via Suardi
9.595122938182383,45.69513526367778,9.597459961316982,45.696430834228195,
9.68082976695032,45.71835829239469,9.682114632919948,45.719258307569206,Via L. da Vinci (fronte 29)
9.606460343155252,45.7259919074566,9.608673952657135,45.72733001709218,Via IV Novembre - Banca
9.56812971475294,45.69156294616186,9.569732582802118,45.692488754009055,Piazza Chiesa
9.651259949978618,45.732224443521325,9.652769451459738,45.73313675653619,Via Fustina
9.67548471841391,45.696340490154626,9.67676908145751,45.697240509809276,Via Camozzi 14
9.311825083239885,45.47667524809136,9.313104516701301,45.47757535187292,
9.459469419809233,45.561103278832064,9.46093678419771,45.562603220541504,MASATE Via Risorgimento Via Confalonieri
9.521348600457186,45.606989293794946,9.522955866192556,45.60806090364924,Via Biffi - Via Garibaldi (Trezzo sull'Adda)
9.558650375203323,45.67746168665922,9.560208030071914,45.67864961245367,Via Kennedy
9.67608050764432,45.68772542234296,9.678392789036721,45.68890177472644,78
9.347170024714737,45.59727569367457,9.349388978263303,45.598249406850115,CONCOREZZO Via Dante Via C.na Beretta
9.611527021129863,45.725948567251294,9.61276967614857,45.72686213219916,Via San Fermo e Rustico
9.60577862006928,45.59030097562723,9.607060579815968,45.591201024336755,
9.880029860738533,45.60025583387993,9.881605040816739,45.601265165421694,Palazzolo - piazza mazzini
9.27726962180479,45.47192074946018,9.278616081314675,45.47289965046633,Via Novegro - Strada Rivoltana (Segrate)
9.653246971197001,45.35646906123202,9.654523628680616,45.35736913873192,D'Andrea/Pagliari
9.73214508910921,45.67336039381713,9.733428910751586,45.674260406146665,65
9.69008584255521,45.62068476277858,9.691674049874468,45.621959637408736,Zanica - provinciale (distrib.tamoil)
9.520774734621694,45.7044579625656,9.522436459057346,45.70626523626912,Via Tasso - Via Rossini
9.300214785320865,45.50292484967966,9.301494814622433,45.50382495028462,Via Giuseppe Di Vittorio - Via Morelli (Segrate)
9.760824420266086,45.574526888939886,9.762105979589935,45.57542691102387,"Martinengo - via piave, 33"
9.756970335218005,45.591364871727684,9.75838016279218,45.59226982827172,"Ghisalba - Via Provinciale, 41"
9.47014503450428,45.63165876886864,9.471427965406463,45.632558831095494,CORNATE Colnago - P.za S. Alessandro
9.638880267404865,45.49873573904042,9.640166333268684,45.49972566077942,Caravaggio - Via Mazzini
9.335750856219262,45.52284414965181,9.337160142753763,45.52383445030714,Piazza Giovanni XXIII (Cernusco sul Naviglio)
9.426316230382794,45.57022266130614,9.427597769536488,45.57112273865803,CAMBIAGO Via Indipendenza
9.606580899981562,45.679714882768444,9.60786489990305,45.680614917195555,1153
9.545986460264345,45.57738846987221,9.547268139632282,45.57828853009185,
9.428993648332568,45.663921457944475,9.430360654630698,45.66482514137675,
9.60777702716756,45.70356668475531,9.609061572716694,45.70446671520868,MOZZO via Todeschini fr.29
9.576299770878743,45.62942327632766,9.577582629011877,45.630323323636375,773
9.61565726809838,45.63883438029648,9.616940331784729,45.63973441966749,1112
9.552896178829009,45.36245014396443,9.554601221153325,45.363350955989596,
9.49483560428924,45.4261473498658,9.496225795418134,45.42704895011329,SP1 - C.na Falconetta
9.637057140621936,45.58591852545214,9.638416357924969,45.58681937451535,
9.726629950606949,45.68540239421699,9.727914049254817,45.686302405746815,Viale Lombardia - Parcheggio supermercato
9.837445985505108,45.43745418650896,9.838724414337445,45.43835421345466,Gallignano - via regina scala
9.525974385999627,45.61007777098411,9.527256813900625,45.610977828979955,"Via Vittorio Veneto, 2/3-Ponte Adda"
9.601375917715732,45.585100502144705,9.603309682484868,45.586006597841774,Ciserano - Via Circonvallazione Sud
9.763319850874996,45.69458639869978,9.764604148979732,45.69548640126399,810
9.667031635516567,45.695491005996175,9.669644299782409,45.6972926367555,Piazza Libertà
9.324611547660773,45.487795013848164,9.326048733685385,45.489442666519714,
9.421238034675236,45.496831558327386,9.42252576405726,45.49787914161885,MELZO M.ri Libertà/Lodi
9.325403015342427,45.49777774651815,9.326940288125142,45.498892853524715,
9.463584731485513,45.514625364843546,9.465066474900315,45.516296834647214,POZZUOLO MARTESANA Pieregrosso/Taranto
9.471618601839735,45.61605756245841,9.473548305678797,45.61709393849488,BUSNAGO Via Piave
9.3853710143933,45.46706409212543,9.386647884234783,45.468037807568486,SETTALA Premenugo - Brescia
9.378820136319561,45.6429319114132,9.380218063580974,45.644139487657846,Via IV Novembre - Via XXV Aprile (Carnate)
9.384060657962348,45.50499375480756,9.385797593983623,45.506455189519514,Strada Cassanese - Via Molina (Vignate)
9.442040761749055,45.62862267401214,9.443332340315617,45.62973382592894,MEZZAGO Via Curiel
9.402122199028343,45.53541420758318,9.404850213102547,45.537487000575354,Gorgonzola
9.630747583633797,45.48205196125517,9.63292121630415,45.48331273721872,
9.324209798013214,45.528393152725826,9.32549040192549,45.52929324723846,"Via Visconti Fr, 30b (Cernusco sul Naviglio)"
9.433638449653042,45.59823770350176,9.435501647606184,45.59918689685922,ORNAGO Via Santuario
9.563385109061661,45.73959948403281,9.564670490830855,45.74049951593123,Barzana - via manzoni
9.703594746592886,45.58510644021415,9.704928355012028,45.58629255956204,"Cologno al S. - via bergamo, 78"
9.672137309684102,45.679584588519,9.673421290188054,45.6804846114449,"Via per Zanica, 67"
9.373838885354484,45.53861815591782,9.375119714574822,45.53951824404641,Via San Francesco
9.678253226180521,45.359940470054106,9.680168769458904,45.36125282928666,Crema - Partigiani d'italia
9.560597656606998,45.480901263348855,9.561877143287342,45.48180133661521,
9.319906044510697,45.52182448650805,9.321685751592106,45.522784213919785,Via Buonarroti - Piazza Mercato (Cernusco sul Naviglio)
9.30516536280451,45.549009053532544,9.30644643713773,45.54990914643173,
9.541081696308158,45.36455294394757,9.542366508744983,45.36553575575896,Dovera - Via XIV Maggio (Municipio)
9.804452089149523,45.67430880152636,9.805735910697535,45.67520879843734,Montello - via bergamo (rondò)
9.660649692597497,45.65469918549804,9.661933107276989,45.655599214465866,Via Papa Giovanni XXIII
9.4488033663961,45.545814418355164,9.450569659467309,45.546775593411375,GESSATE Villa Fornaci - SS11 Via 1° Maggio
9.329449878819988,45.51649213325876,9.33128584237346,45.5184980579017,Viale Assunta - Via Lega Lombarda (Cernusco sul Naviglio)
9.73443182947792,45.69853315201535,9.735954760604352,45.69988614808599,Via Camozzi
9.612499671639918,45.67350998277341,9.613783528243605,45.67441001719057,
9.92056949041746,45.61343513300186,9.922140215354833,45.614377767266376,San pancrazio - bussola
9.707174937350388,45.71311949947693,9.70919284994287,45.71423459218086,Torre Boldone
9.579116040652659,45.520309970871075,9.581539618647794,45.52333725906304,"Treviglio - Piazzale Mazzini, Stazione Ovest"
9.711534654615257,45.693605693374224,9.712818945249326,45.69450570658962,Piazzale Alpi Orobiche
9.520724666355118,45.58321044550559,9.522076530100257,45.58453755431804,
9.709390509969145,45.706213994162354,9.710675089895766,45.70711400580151,744
9.325469835150987,45.51630955182595,9.326750164787512,45.51720964813833,Via Don Mazzolari - Via Corridoni (Cernusco sul Naviglio)
9.495248415094444,45.58917065166451,9.4975236767123,45.590265149774524,GREZZAGO Via Venezia
9.490727832044447,45.56178826469984,9.492009167862694,45.56268833526429,
9.644042833873222,45.72850397449389,9.650090426402222,45.731845982796344,Sorisole (ex Gres)
9.493967140814815,45.357588048760455,9.495243859092604,45.35848815120366,"Boffalora d'Adda - S.Martino, 6"
9.426623831546674,45.615953101579365,9.428135568672166,45.61697189812758,BELLUSCO Via Bergamo
9.465181208502127,45.5257507020289,9.466685590425445,45.52679319786259,INZAGO Villaggio Res. - Delle Ortensie
9.608173281695096,45.71627038579346,9.609458118189012,45.71717041417051,Via Roma 29/31
9.771515254855807,45.61554609331087,9.77279774499791,45.61644610665286,Malpaga - bivio palazzo
9.607265938011714,45.711345585328054,9.608550661872593,45.71224561463593,
9.569666857264103,45.73545848419439,9.570952142627238,45.73635851576965,Barzana - via donizetti bivio palazzago
9.47028595478584,45.62988196873717,9.471568845124878,45.63078203122698,CORNATE Colnago - Via S. Francesco
9.696504759181142,45.69164782852907,9.697964763619632,45.692652060921006,Via Borgo Palazzo 163 - ATS
9.337776226349318,45.55239875524316,9.339057373586753,45.553298844721084,Via De Gasperi
9.358980931467178,45.525649054142704,9.360261468464973,45.526549145821534,
9.396912268730814,45.41612230451901,9.39848202208995,45.41747049567678,PAULLO Libertà (Comune)
9.712926687163852,45.690778493286814,9.71421091270048,45.69167850667703,Via Roma (Fr 73)
9.61159331820956,45.65497445228651,9.612953578480942,45.65596274763982,Via Stella Alpina
9.592138954262726,45.68645972978211,9.594011439819495,45.68781127030936,
9.634091852872123,45.49047859100732,9.640240535236341,45.492697481734446,Caravaggio - Viale Europa Unita
9.290379173202188,45.495117248662126,9.291659026742984,45.496017351302136,
9.888749317860137,45.611688706378764,9.890031681971406,45.61258869358476,Cividino - cimitero
9.303378601508117,45.47501584760253,9.304657998434662,45.475915952361746,Portineria San Felice (San Felice)
9.656827116934501,45.66051168271415,9.658294587668735,45.661610517330395,Via Stezzano 14 (Salvagna)
9.628563215365293,45.69608298592938,9.629847584515048,45.69698301403459,Via Longuelo 260
9.61933650901969,45.67348575277188,9.620660187100508,45.674456047056886,Via Roma
9.581208372295277,45.74297818570222,9.582493827593826,45.74387821426181,Almenno s.b. - via IV novembre
9.713705504932031,45.756854851661814,9.715009192604771,45.75774034817662,Via Bracc
9.766203846083664,45.668813496963914,9.767487553770692,45.669713502999834,Brusaporto - via bagnatica/largo marconi
9.521812197380534,45.600263069907776,9.523094402520554,45.60116313005631,Via Battisti - Via Manzoni (Concesa)
9.351431947609761,45.47985048932492,9.35272715718029,45.48119871059806,Via Garibaldi (Rodano)
9.468989136776722,45.68778699778297,9.470367860625064,45.68870510162441,Via dei Tigli - Scuole
9.476233147426544,45.480957857340286,9.477512652483673,45.48185794262385,
9.487332997889464,45.70622249360375,9.488637506491969,45.7071903061695,Via Don Bolgeni
9.599863171911704,45.7119487493644,9.601147327147077,45.71290805046948,Via Italia
9.581666441511993,45.69793938643082,9.586398508311369,45.6999026099876,Ponte San Pietro
9.369807554334626,45.595041777299016,9.371512148631727,45.59604782126875,VIMERCATE Via Adamello
9.37935202207179,45.41567495339467,9.380876075073248,45.416595846728754,TRIBIANO Edison/Volta
9.375733892459664,45.69582251046735,9.377903595424575,45.69715515109839,Montevecchia - Bivio Paese - Semafori
9.650558360898183,45.69467930132671,9.651936945129673,45.69576259855959,Via 24 Maggio
9.289574383660735,45.493026607382546,9.291283323098398,45.49401119317853,Via Lambro (Segrate)
9.633599898625976,45.69297898746289,9.635954507644591,45.69413990052216,Via Mattioli 17/19 - Via Beethoven
9.65166163968198,45.35925396131021,9.652938360195916,45.360154038653704,
9.398379279337728,45.56571875936549,9.399660720586851,45.56661884059871,
9.420278372560428,45.49596995507912,9.421558227360268,45.49687004488507,Via Lodi
9.423582993287868,45.63624486901522,9.425224609280589,45.637176231188896,SULBIATE Via Madre Laura
9.568789485968777,45.701853771129315,9.570075813019104,45.702830128648266,Via Colombo
9.575114238488446,45.53558166880878,9.576394961402885,45.53648173115524,
9.509774516536446,45.698066265797536,9.51112318482939,45.69896593416655,Brughiere
9.577505285991668,45.343858370196266,9.579338312600662,45.34478422998801,
9.525821406853145,45.701235172040946,9.527131594784619,45.70227722721464,Via Tasso
9.612966824822996,45.64313007176034,9.614280575525695,45.644196827908914,Via Antonio Locatelli
9.675753187084167,45.71654239177779,9.67703801278708,45.717442408186116,Via Quintino Basso
9.647871890341168,45.70986924610405,9.649597017695987,45.71123605418913,545
9.604944971035206,45.518872617691336,9.606715324822261,45.519834082751615,Treviglio - Via Merisi - Lato agraria
9.387749531633945,45.455168950042946,9.389028468293024,45.45606904992126,SETTALA Vivaldi/Puccini
9.368867191755651,45.65219716465092,9.37015060817422,45.65309723531333,Via Lecco - Via Stazione (Usmate-Velate)
9.447004670774545,45.51330394004822,9.448397833474992,45.5147391596417,POZZUOLO MARTESANA Vespucci/Colombo
9.342172573128641,45.53068935373094,9.343453226806664,45.53158944623334,Via Boccaccio - Via Martiri di Nassiryia (Cernusco sul Naviglio)
9.537804234040726,45.57482493784737,9.539129665172615,45.57595376191649,"Canonica d'Adda - Via Lodi 40, lato municipio"
9.892434716350287,45.601188031218946,9.896618320099286,45.60350489780615,Palazzolo sull'Oglio
9.676480568517567,45.70071059059288,9.677765031353635,45.70161060937102,Via San Giovanni
9.326350269922814,45.522066252320975,9.327630730015507,45.52296634764331,Via Da Vinci - Piazza Risorgimento (Cernusco sul Naviglio)
9.677110716503327,45.679045788937486,9.678394683367888,45.67994581102638,Campagnola - Via Campagnola 19/19a
9.71133876379701,45.71026889467334,9.712623436067503,45.711168905290506,Via Lombardia
9.41496902865068,45.612687756461824,9.416671070900563,45.61379974304215,BELLUSCO Circonvallazione
9.701410873400057,45.68310139156027,9.702694926466517,45.68400140840358,
9.892125909795185,45.59488890546282,9.893407890035856,45.595788894500714,Palazzolo - p.le Kennedy
9.643367970684126,45.69141078685384,9.64465222919343,45.69231081311012,Via Curie 11
9.621578775144789,45.743144889052516,9.622864224736619,45.74404491091144,Via Ronco Alto
9.645233430960326,45.54560275524291,9.646725968494954,45.546507644766926,Brignano - Via Facchinetti
9.733010244181807,45.718205950497655,9.734927856596105,45.71941004863596,Via Rollo (fronte 4)
9.517327363224073,45.70635754618313,9.519412029362316,45.70741085494237,Via Tridentina - Via Meucci
9.300361974343938,45.50389434976246,9.301642025599332,45.50479445020183,Via Di Vittorio - Via Morelli (Segrate)
9.671926954334754,45.661456835401225,9.673278644696923,45.66257646373354,534
9.895542147431081,45.54651785909909,9.897120555184681,45.54744394106251,Chiari - Santellone
9.496542039250714,45.35774924894856,9.497818760656221,45.35864935101556,"Boffalora d'Adda - Lodi, 6"
9.41738001128371,45.71314684731539,9.418716780786658,45.71478375257122,
9.69194676814859,45.61589263845833,9.693464132888865,45.616803061581734,Urgnano - provinciale/via battaina
9.608710482231805,45.69003008376241,9.609994717652341,45.69093011620159,Largo Vittoria fr Chiesa
9.66699521268577,45.70547739009429,9.668279787187206,45.7063774098696,1107
9.342101482865063,45.502198954906156,9.345123473238603,45.503558559598915,Via Antica di Cassano - Via Mantova (Cernusco sul Naviglio)
9.699171847641122,45.711532393594034,9.700456552225699,45.71243240636982,Via Filippo Corridoni
9.736910437260919,45.37827147095006,9.7381875626009,45.37917152901372,
9.653051622819106,45.69281102850523,9.655265667183064,45.693940073134705,Via Broseta 72a - Via IV Novembre
9.717230571609765,45.72957702863872,9.718667128972966,45.73055457113657,Via Donizetti 12
9.32771949770358,45.51080475149143,9.328999702234512,45.51170484847283,Via Roma - Via Erodoto (Pioltello)
9.294248444780363,45.486932684847694,9.298911549085785,45.48890225052259,Via Modigliani - Via Roma (Segrate)
9.809108476200882,45.60063228286746,9.810606716592849,45.601841017199845,Mornico - via baraccone/bergamo
9.596643667592739,45.68663370823878,9.597905534675924,45.687584791227934,Brembo
9.65932498226933,45.62389545328005,9.660647716803432,45.624973046117404,Comun Nuovo - via Stezzano (centro polisportivo)
9.8970641979801,45.60478370685265,9.898346401849926,45.605683693110855,Palazzolobivio sgraffigna
9.308039996778867,45.47741362735768,9.31102196859187,45.47868231100709,Strada Rivoltana
9.42711948193126,45.69601457812754,9.428385021106433,45.69691582163247,Via Cerri - Via Palazzi (Merate)
9.670091160214334,45.657641986594285,9.671374639658346,45.65854201336963,83
9.673590030841094,45.66025348712396,9.674873569030902,45.66115351283994,Via Roma
9.325652526572464,45.589329813550556,9.329783497981735,45.5909201546774,CONCOREZZO Via Monza Via Brodolini
9.709644381260668,45.68790564606693,9.71104522008655,45.68889335390616,Via Borgo Palazzo - Portone del Diavolo
9.690120009134917,45.4737389835271,9.691512990531,45.474640716454445,Mozzanica - via crema (scuole elem.)
9.463818716913464,45.61576312900273,9.465672721892094,45.61695849749159,BUSNAGO P.za Roma
9.607321703977924,45.65312298072638,9.60860509590669,45.654023019237634,750
9.345173596442573,45.528652453711636,9.346454203492174,45.52955254625262,"Via Negri, 6 (Cernusco sul Naviglio)"
9.655918972569763,45.355485628318256,9.65720103257772,45.35647017137961,Europa/C. Martini
9.389479946744387,45.542029955350756,9.390911659289191,45.54293775393114,
9.557166292783196,45.681856065047114,9.55975610776087,45.68277493501876,Piazza Vittorio Emanuele II
9.435461595844611,45.67723105551834,9.440414297350275,45.679088822221935,Via Roma (Stazione FS)
9.696271950656422,45.66467204922473,9.700175596519154,45.66634842950772,Fermata Flixbus
9.655570188367971,45.695306651632926,9.660191904793907,45.69672691333647,Via Giuseppe Mazzini
9.88133230763429,45.63676060437368,9.88276619474625,45.63778679562766,Grumello monte - via roma (b.p.sondrio)
9.381909256822697,45.44686377016219,9.38325864737664,45.447746529667484,"SETTALA Delle Industrie, 5"
9.732755926544533,45.678839794312104,9.734039873316114,45.679739805651685,1061 Seriate - corso europa (itc majorana)
9.47525154787184,45.40122045096623,9.476529252038903,45.4021205489979,Spino d'Adda - Milano/Dell'Industria
9.659975856757873,45.71900849052468,9.661260743116358,45.71990850943922,Via Pietro Ruggeri da Stabello
9.401095171652077,45.53119665678312,9.40237582827211,45.532096743181086,Gorgonzola - Restelli/Mazzini
9.448763994944386,45.70494257331611,9.450048604970107,45.70584262664808,Imbersago - chiesa
9.545250528301771,45.4035747560633,9.546528271595832,45.40447484390075,
9.58563821353842,45.69541563171177,9.58690768417445,45.69638376763753,
9.693896638129058,45.68609489107662,9.695180761738929,45.68699490888723,56
9.392491624482421,45.69622289486673,9.394016573365395,45.69729550510538,Montevecchia - Bivio Ronco - Paravino
9.61114228422051,45.727475209446446,9.612609014086836,45.72850569052686,Piazza A. Locatelli 2
9.65417170000662,45.35391696111315,9.655448299870836,45.35481703885077,Rampazzini
9.654276261686617,45.70105428858953,9.655560738188809,45.70195431137442,934
9.625603907607719,45.696198433930284,9.627055989976895,45.697233666075455,Via Longuelo 109 - Focasina
9.759695779297067,45.70648574457044,9.761104616825975,45.70738475536823,Via Piave
9.399789852482204,45.63906978369681,9.401384844415162,45.64020291630807,BERNAREGGIO Via del Commercio
9.389344567099817,45.45747696141163,9.390650232924997,45.45854033835133,SETTALA Roma/Curiel
9.712097547671068,45.67570168370899,9.71359635389258,45.67675041622524,1021
9.649417680849261,45.652294720872966,9.650815721440242,45.65361307865159,1102
9.322222118148558,45.51779085179846,9.323502481790554,45.51869094816582,Via Sant'Ambrogio (Cernusco sul Naviglio)
9.44470799292593,45.425034352170755,9.446146005380616,45.42599564734567,MERLINO Marzano - IV Novembre/Tripoli
9.773045142382777,45.714852636707626,9.774560964327522,45.716052363400784,Scanzo Via Monte Misma 11b
9.544629878651952,45.64991330705997,9.546069721480952,45.65081479291073,
9.71468675432421,45.72142744903078,9.716290143805416,45.722440550094056,Via Guglielmo Marconi
9.423527959213121,45.50599815606122,9.424808040706926,45.50689824390299,MELZO Invernizzi/M. Ignoto
9.625929427152705,45.695024885618594,9.627213772728144,45.695924914345355,Via Giacomo Puccini
9.493593945555983,45.70641380756045,9.494847159201715,45.70734809204472,Brusicco - Casa Natale Giovanni XXIII
9.44397334768007,45.7177606740362,9.445258252235286,45.718660725927975,Imbersago - arlate (fiorista)
9.57801371232152,45.74817228585861,9.579299287568164,45.74907231410541,Almenno S. Bart. - Piazza Rota
9.464036452897144,45.71314297667449,9.465603247843971,45.71417072283729,Villa d'Adda Alta - Chiesa / Posta
9.609444804295046,45.72653323587041,9.610732895879785,45.72749326406082,591
9.3315023603294,45.53175535332082,9.332783039607918,45.53265544664345,Via Fiume - Via Cadore (Cernusco sul Naviglio)
9.566096851841202,45.73589658395038,9.567382148050818,45.73679661601367,Barzana - via marconi (pizzeria
9.709443793476408,45.70765469428151,9.710728406388482,45.708554705682324,Via Quasimodo
9.377312903235742,45.4399109482864,9.378591496693236,45.44081105167785,SETTALA Caleppio - Grandi
9.298526498952034,45.484052848116725,9.299806100991631,45.48495295184757,
9.295185705249562,45.48924385564327,9.29673589135568,45.49078644328435,Via Cellini - Via Cristei (Segrate)
9.727425159406293,45.68464309423637,9.728709240455323,45.68554310572744,Seriate - nazionale
9.409816292109893,45.639255697809304,9.411272518281523,45.641194901881576,AICURZIO V.le Padre Borgonovo
9.711545590245821,45.71917227258372,9.712848309193783,45.720203627136165,926
9.353420795209757,45.475856149930074,9.354700204723597,45.47675625003417,Via Terra - Via Mare (Rodano)
9.785956256458233,45.61559859486044,9.787238743392747,45.61649860510328,Calcinate - via larga (cons.agrario)
9.719149511763264,45.737662572289096,9.720479882274129,45.73870382744783,754
9.681933859396553,45.49592340722742,9.683216540237938,45.49688439268081,Fornovo S.Giovanni - via s.pietro
9.457012735147178,45.718954774938375,9.458297664765691,45.71985482502578,Via Robasacchi
9.591383843118868,45.6969345904995,9.592828859199004,45.69787980886475,Largo 4 Novembre
9.67688176486918,45.70294870311541,9.678362850307417,45.70398090601941,Piazzale Oberdan
9.35727221362921,45.50957425278652,9.358552386303316,45.51047434717772,
9.373026377528316,45.653469364963804,9.374309822400761,45.654369435000454,Via della Libertà (Stazione FS) (Carnate)
9.645339335428705,45.67703088589075,9.646623264448559,45.67793091407319,525
9.37412055285127,45.49339806785025,9.378731664847988,45.49571566918124,Vignate
9.616060370296333,45.673664983086326,9.61734422958651,45.67456501687766,735
9.71724414430859,45.738211497463574,9.718529455554622,45.73911150250024,945
9.313371582091053,45.45898704584461,9.314652021183631,45.460181554096344,Via Abruzzi - Via Toscana (Peschiera Borromeo)
9.508209647910686,45.46162295100383,9.509828562047751,45.463665048212945,SP1 - C.na Rosa (Cimitero)
9.292286097396836,45.492990548570305,9.293565902547982,45.493890651394,Via Grandi - Via Roma (Segrate)
9.692496206692116,45.6625884890835,9.693779793176278,45.66348851088035,Gamba
9.474499235579025,45.4643114559097,9.475778364331592,45.465211544054455,
9.367623826673887,45.63885834744244,9.369679081965282,45.63993645380828,Via Donizetti - Via Mascagni (Carnate)
9.339706794463229,45.52879465346534,9.340987405472546,45.52969474649891,"Via Foscolo, 19 (Cernusco sul Naviglio)"
9.358532385442814,45.53851385513857,9.35981321448938,45.53941394482568,Via Caravaggio
9.637698155088826,45.73193522696203,9.641032613269651,45.73343435790964,903
9.639032494231232,45.52094339734397,9.640338706547197,45.52203090250571,Vidalengo - Via Donizetti
9.39557801654931,45.694104684152876,9.398693788076075,45.696964061739976,Cernusco-Merate FS
9.856021788054205,45.57117770458017,9.857432414202314,45.57208219542326,"Pontoglio - v.le Alighieri, scuole"
9.803624419170982,45.619386737226705,9.80630867530698,45.6204397639955,Calcinate - via olmi/via biagi
9.607306719332545,45.71297648546049,9.608591480551745,45.71387651450351,
9.681422216227926,45.687524926921775,9.682747182895321,45.68864987287079,601
9.538136858812251,45.60379787137688,9.53941914108573,45.604697928587214,Mine Train
9.350150700585512,45.572334357406184,9.351432299348163,45.57323444255806,AGRATE Via Matteotti Via M.te Grappa
9.710190859169066,45.5795367451747,9.711574244318454,45.580431654754975,Circonvallazione - Scuole
9.683222785778328,45.716743192491215,9.684507614091492,45.71764320747266,Via Leonardo da Vinci
9.670301054475106,45.68614585455099,9.677759925533659,45.69327838655699,"Bergamo, Autostazione"
9.332002578526046,45.62363288019373,9.335589321393785,45.6253208152302,ARCORE Via Battisti Via Sauro
9.423724927952303,45.5704174611701,9.425006471967466,45.57131753879409,CAMBIAGO Via Gramsci
9.618002699332662,45.68863318443527,9.619286900549731,45.68953321552869,1157
9.60854620816741,45.73141188702253,9.609831391716545,45.73231191294144,Bruno moto (provinciale)
9.704339617449493,45.72043031495048,9.705628681213915,45.721424884675685,Via Gaetano Donizetti
9.626176873483523,45.734622188772576,9.627462126397058,45.7355222111914,Via Guglielmo Marconi
9.332587187410496,45.59110467635655,9.33464982694073,45.592925124420965,CONCOREZZO Via Dante Via S. Rainaldo
9.679313205243156,45.691081387147406,9.682800627644541,45.69224843928573,1 est
9.322631214313727,45.48152668164238,9.324050588366301,45.48255101836021,Via Molise - Via Dante (Limito)
9.381185529598222,45.61389906225605,9.382468070329441,45.61479913770816,Centro Omnicomprensivo
9.592240311322149,45.70392984397714,9.594330687541788,45.70512415428837,Via S. Marco - Asilo
9.40198469852285,45.53012583253736,9.403423500483825,45.53103196747637,GORGONZOLA Restelli/Cabiati
9.659571528199761,45.64478896162722,9.662475848383465,45.648344645936966,Via Galileo Galilei
9.334307952703295,45.523629652806335,9.335588447233516,45.524529747157935,Via Fatebenefratelli (Cernusco sul Naviglio)
9.515439363514552,45.46863625773062,9.516826433328314,45.4695344422091,Giulio Cesare/Fanfulla da Lodi
9.460213797522826,45.564670136993804,9.461591007246986,45.565711862926946,MASATE Via Risorgimento Via Ripa Villoresi
9.324913913955399,45.49170204985383,9.326193685983279,45.492602150110436,
9.6561319235548,45.72164580028366,9.657463293671587,45.722673049434235,Ponteranica (bivio via Ramera)
9.679107005849119,45.68000058919909,9.680390994021709,45.680900610764795,Via Campagnola
9.376905208418417,45.65954436564451,9.378188791509904,45.66044443431972,
9.36869826452798,45.61952706205739,9.36998093540203,45.62042713790686,
9.737176409836728,45.72372686738653,9.738466588133004,45.72481773256299,Villa di Serio - via kennedy (santuario)
9.583376469760958,45.514136016730674,9.591538927964468,45.51770794947017,Treviglio FS
9.618324617835668,45.659002169403145,9.619609483634434,45.659993130201265,605
9.605276719859832,45.66921648182922,9.606560480025086,45.67011651813476,737
9.639965704583263,45.56565557660416,9.641247095295652,45.56655562335978,Lurano - Municipio
9.664549720211156,45.702406542350914,9.665936533335,45.703400315359566,Stazione superiore
9.732128156860485,45.724482355951466,9.733629646587543,45.725571744088924,Via Aldo Moro 16
9.463181775401862,45.64628307549062,9.464846417371579,45.64758472474362,CORNATE Via Dante Via Marconi
9.373827214555146,45.49194385222384,9.375106985374318,45.49284394774038,Via Leonardo da Vinci (Vignate)
9.375672996500922,45.4144147672335,9.377070196846415,45.415543332667966,TRIBIANO Diaz
9.616174313566416,45.73933916213443,9.621519831138103,45.741870596542235,Via Campofiori
9.325237701225848,45.501656050655996,9.326517698712738,45.50255614930826,
9.693743706490874,45.363499679959105,9.695614099854923,45.36456870641455,"Crema, Piazzale Rimembranze rotondo"
9.469354221208931,45.483218157071946,9.470633778702574,45.4841182428922,
9.85438933184763,45.627491903514034,9.855672067990305,45.62839189644956,Telgate - via dante
9.60064623968582,45.746016087521404,9.601931760199557,45.74691611244259,Almenno s.s. - via val s.martino
9.518520502865064,45.60120630494821,9.52032909386325,45.6024442948722,Trezzo sull'Adda A4
9.349599457853477,45.549695355588256,9.350880542080372,45.550595444375986,Via Asiago
9.379856371467252,45.646851894363266,9.381534942668681,45.64923260487159,Piazza Manzoni (Carnate)
9.619095724182095,45.64271868089558,9.620378875700345,45.64361871906837,Dalmine - (Casello Autostradale)
9.692546665660513,45.40200668814126,9.693958532905443,45.40291241186707,"Pianengo - via roma, 74"
9.733318532913215,45.6957712957083,9.734602866947213,45.69667130425553,1057
9.591868911916993,45.64737219465158,9.593208392617695,45.64824850513175,724
9.605780754010198,45.70120168440171,9.607065245874447,45.70210171556227,Via Papa Giovanni XXIII - Banca
9.434778607914343,45.54402750833958,9.43845098664046,45.54576730406847,Gessate M2
9.46378154703574,45.56662512508158,9.465152752527992,45.56752687489751,MASATE Via Roma
9.703488526999143,45.66094269000777,9.704772072867172,45.66184270995608,1007
9.724309256434617,45.67956237297074,9.725621142499781,45.68048522698374,67
9.598080548239198,45.69414810281441,9.600413247109852,45.695162198075025,
9.55767755417978,45.66573927774953,9.55896124571419,45.66663932221452,I.go Farina
9.387018040023925,45.523661840957786,9.389471107181375,45.52523847151619,Villa Pompea M2
9.536400952944135,45.52736980585641,9.53766155056805,45.52822609347118,
9.401787013976493,45.644414580474205,9.403111086800015,45.64549511898276,
9.643391948281158,45.679229181589136,9.644741648976522,45.680497218219884,Via Tommaso Grossi
9.71543604111184,45.69483319385389,9.716720358751992,45.695733206109956,Via Roma
9.63258461311397,45.666186269480804,9.634422489154813,45.66725602904138,Via Pietro Mascagni
9.345513172868198,45.51158825453629,9.346797327274453,45.51255844540368,"Via Brescia, 65 (Cernusco sul Naviglio)"
9.715959960947622,45.70184229445992,9.717244438916067,45.702742305503925,Via Libertà
9.664779881885794,45.714541143865,9.666375935573994,45.71547483965437,Bergamo (via Ruggeri da Stabello)
9.727731620756943,45.7312977763222,9.729242484399759,45.732221523812065,Piazza Garibaldi 22
9.378223310957056,45.54965556271687,9.379576592214837,45.55054963654674,
9.357195185231584,45.519370626279944,9.358649199171484,45.520393904686294,
9.339779613005987,45.52716075333945,9.341060186929782,45.5280608466248,Via Dante - Via Foscolo (Cernusco sul Naviglio)
9.658698343608961,45.720141390498554,9.65998325626551,45.72104140946538,275
9.614716323351606,45.73869355792301,9.616397970590526,45.73966094252899,826
9.71555190279161,45.703808058871914,9.7173878935038,45.70476894158117,Via Don Emilio Mazza
