min_x,min_y,max_x,max_y,name
14.45808264293968,50.04859892031932,14.460208633473702,50.05039949192419,Jemnická
14.54186320398999,50.07167586177303,14.5438427074851,50.07270899805084,Obchodní centrum Štěrboholy
14.456476657626943,50.07713410658772,14.45890373584472,50.07815187209766,Radhošťská
14.513972310843036,50.074193105954286,14.51917808976743,50.07823879569036,Depo Hostivař
14.262665728267876,50.06704136865381,14.264919003516878,50.06877361428695,Sobín
14.449255349981419,50.10013448671454,14.45121990743201,50.1016902976846,Tusarova
14.677275247764745,50.09842678433966,14.679346344178219,50.099436516586294,Přímské náměstí
14.487901188737109,50.021940572622235,14.489967412011712,50.02374005778567,U Kunratického lesa
14.68886416951203,50.124574952086384,14.690889526401062,50.12553134839354,"Jirny, Logistický park"
14.49615396057007,50.1481703305508,14.498102045632827,50.14914147005968,Na Pramenech
14.200599732057393,50.11510915362146,14.203201537239782,50.117098322278835,"Hostouň, Posvícenská náves"
14.45261122190786,50.07472251394728,14.455697252999693,50.07592508264641,Perunova
14.378161233389667,50.13865168496227,14.380281400406282,50.13971855225626,Suchdol
14.422860218409985,50.13682883878886,14.42443983638462,50.1377430192252,Nemocnice Bohnice - Centrální terapie
14.313291074425122,50.03559086610516,14.315212243460149,50.03728943455892,Hlávkova
14.506274567893668,50.214043215588724,14.509052153702132,50.21788308302192,Zlonín
14.132810685112364,50.14770063538213,14.136159916919139,50.1486455650995,"Kladno, Lidická"
14.135427281787473,50.21220237969888,14.137439519386858,50.21335575949679,Knovíz
14.336589629217043,50.051108231435975,14.337986370939403,50.05200756852843,Kodymova
14.734910633444859,50.11688461123681,14.736309366617776,50.11778398872807,"Nehvizdy, na kopci"
14.65422281799393,50.18176944313964,14.655657183624001,50.18282455612032,"Brandýs nad Labem, zdravotní středisko"
14.220260211825012,50.02951988725582,14.222220853804162,50.030492800178116,"Rudná, škola"
14.202769156575659,50.030915044880885,14.204154840786591,50.03189125444151,Drahelčice
14.599872985190707,49.974100994897015,14.60224841083438,49.97537718624043,"Modletice, Kaufland"
14.44897080717497,49.95790205896862,14.451252390110927,49.959055238692414,"Dolní Břežany, Na Rovném"
14.388771405614502,50.0616792151597,14.390242096135443,50.062877284496814,Smíchovský hřbitov
14.39422533746521,49.9721546885541,14.395636464879672,49.97317761057134,Most Závodu míru
14.332730791689348,50.040312996750565,14.33579745357004,50.04217980859972,Píškova
14.189805023880828,50.26336344260629,14.19136857078442,50.26426625738889,"Velvary, Ješín"
14.579127524997801,50.05551431802059,14.580712070618706,50.05651080946897,Dubeček
14.427537306624547,50.10273611509152,14.43332942120485,50.105263818977114,Výstaviště
14.510099204252665,50.30013513328008,14.512027266989634,50.301798347143,"Kly, Větrušice"
14.398946450297519,50.03573187084026,14.401934425299913,50.038385731943734,Terasy
14.651814680225165,50.01690065069812,14.65346982315187,50.017982849318,Hájová
14.521763178738693,50.05235031298068,14.525604301026842,50.05458959197681,Na Groši
14.102153090925574,50.13580905964209,14.104829174252703,50.1372623990338,"Kladno, Sítná"
14.397722564917434,50.125317114468736,14.399813631642466,50.12826906224105,Roztocká
14.21832702627142,50.00501198254938,14.221458888474666,50.00625432046371,"Mezouň, Letník"
14.461345275139875,49.96853267654472,14.462725727440535,49.96949762286588,"Dolní Břežany, Na kopečku"
14.506318079996767,49.969447034485086,14.509489212505256,49.97118386361859,"Jesenice, Bytovky"
14.286375806962175,50.304364607639,14.287844787238116,50.30524139212236,Sazená
14.424631833594585,50.08114034765883,14.426472717924455,50.08261125106614,Václavské náměstí
14.40347701942541,50.106795124882936,14.405107124947312,50.10779021997926,Goetheho
14.492194719657563,50.063923864042025,14.494533864182548,50.06568553670074,Korytná
14.36989970266231,50.08601671059636,14.37325010261782,50.087542553066825,Kajetánka
14.344805272793336,50.067511851682596,14.348765695735427,50.06862149990812,Hotel Golf
14.38775577982853,50.007128245599034,14.389849919805705,50.01189129734436,Závodiště Chuchle
14.488053404726497,50.25209085038136,14.489687593777395,50.25308134910083,"Neratovice, Byškovice, Větrná"
14.290996763980372,50.07734052088023,14.293379681892254,50.078465057575066,Na Hůrce
14.40854465108438,50.03840773531344,14.411367457065595,50.041026968188426,Přístaviště
14.213932772736436,50.24347288016858,14.21533722678304,50.24442711974577,"Neuměřice, rozcestí"
14.559511964057323,50.1319627569343,14.561197928897055,50.13320947299251,Mladějovská
14.350282210117115,50.168967852436374,14.35353537054345,50.17142842173768,"Úholičky, Žel. zast."
14.43118827865626,50.022078272852106,14.434183580646483,50.02311879175722,V Zátiší
14.153515828376541,50.06294293631214,14.155344180607596,50.06424436397298,"Svárov, škola"
14.439362324520227,50.18168824779433,14.444292300104612,50.18417046977743,"Klecany, Zdibsko"
14.505453376482855,50.05545495689692,14.507776525965781,50.05734445504167,Centrum Zahradní Město
14.60093425085755,50.02470343218034,14.602534037853225,50.025978467867084,Rájecká
14.493819039938924,50.23588368266127,14.495366961801825,50.23717291654791,"Kojetice, Rozcestí"
14.104729901402077,50.14966034331807,14.107139798499887,50.15056435664042,"Kladno, Pod Zámkem"
14.575471231809097,50.08459227730576,14.578202172849814,50.086156849339744,Dolní Počernice
14.3109055078456,49.95590137093269,14.312429688484446,49.95680192904615,"Černošice, Karlštejnská"
14.663782265446216,50.00481030543318,14.6651777346328,50.005709694531625,"Říčany, Radošovice, Mozartova"
14.333035839554343,50.26643184533655,14.33490215216313,50.267409855294126,"Veltrusy, hřiště"
14.43167583196268,50.10047063171236,14.434030731496145,50.10328489435875,Veletržní palác
14.095430106992596,50.067832267935934,14.096982497913121,50.068880132070156,"Unhošť, Nouzov U Spalů"
14.560218946534878,50.11423416074047,14.561964732612505,50.1160773276528,Sicherova
14.436977419669008,50.07944883652875,14.438682940971406,50.08052366288908,Na Smetance
14.650391658858313,49.98615908247005,14.651754538311405,49.987077517114216,"Říčany, MŠ Zahrádka"
14.163436316648509,50.27207875644509,14.164849084177053,50.27307724332127,"Hobšovice, II"
14.25666239166772,50.075387465373744,14.258246706050903,50.076348434033136,"Hostivice, Na Pískách"
14.36719281470654,50.12744943466361,14.368591785443279,50.12834876530087,Štěpnice
14.361144341424108,50.310000900899745,14.362597061927758,50.31095039899974,"Vojkovice, Dědibaby"
14.676524185343323,50.07275613075116,14.679194404704331,50.07385947101587,Rohožnická
14.420276714853477,50.092358366776445,14.426917289450376,50.09373674901666,Nemocnice Na Františku
14.526669148628166,50.03548046509056,14.528411012891645,50.0365593682071,Wagnerova
14.659116246472506,50.13690951593798,14.660515553608167,50.13780888402685,"Zeleneč, Obora"
14.578009000004837,50.143837578968515,14.58198526367371,50.14572184759187,Vinořský hřbitov
14.67721593140298,50.17984687030387,14.678954167746905,50.1808331425391,Brandýs nad Labem zastávka
14.161854041445295,50.153493723063505,14.165828359850765,50.15523277182177,"Buštěhrad, Závod Dříň"
14.667415654135176,50.18372731692878,14.669137752574736,50.184666583370195,"Brandýs nad Labem, Fakulta"
14.123660268354564,50.08632265471575,14.12553973695139,50.08727734575395,"Unhošť, Karlovarská"
14.329063144226367,50.043950413017825,14.331889315110956,50.04505376274322,Lužiny
14.500167494749856,50.34256704874273,14.501744152236947,50.34375646000049,"Mělník, Rousovice"
14.410073258062207,50.01616763648803,14.411820043687774,50.017194762653226,Zátišská
14.377529824833514,50.126518896783324,14.379189377281785,50.12757960314874,Sídlištní
14.559140519066347,50.04283227120163,14.561910677095108,50.04432932696089,Holoubkovská
14.153783370479587,50.217636601481225,14.157791462680741,50.21904358721766,Podlešín
14.420308058103528,50.08965572731006,14.42170594203343,50.090555072654496,U Staré školy
14.327067876404744,49.97636273034943,14.330027437180835,49.97756597230798,"Kosoř, rozcestí"
14.314770624367922,50.03475176085209,14.316793680567116,50.03602883898092,Náměstí U Lva
14.523824813051213,50.33161193540667,14.528892281826684,50.334475897223456,Malý Újezd
14.511830148578325,50.15005239633334,14.51504775467218,50.15131665096948,Za Avií
14.512925955443627,50.01272207730924,14.514625455943937,50.0137395247862,V Ladech
14.607605642297862,50.10243869999565,14.611186190797353,50.10422209094756,Svépravice
14.367456714288128,49.9528226865131,14.368993287372378,49.953727313500245,Na Lhotkách
14.647540279804744,50.1457416826586,14.649048522418592,50.14664321732428,Svémyslice
14.51004179493953,50.062065425416456,14.512294967731124,50.0632042430277,Sídliště Skalka
14.322041658356108,50.25040990891754,14.323465041951252,50.25145439092147,"Lobeček, rozcestí"
14.433680433988437,50.024482326423104,14.435179363870708,50.02574047308113,Sídliště Novodvorská
14.549061154924692,50.07112733293365,14.551536418019754,50.07238787607937,Štěrboholy
14.463880823804748,50.10279194817099,14.466269873272251,50.104076235880264,Libeňský most
14.432483589289955,50.072354114668,14.43406638965473,50.073678391511855,Bruselská
14.524243632416034,50.092927027602656,14.52619746789852,50.09405307141672,Kolonie
14.427733812247817,50.13522287344682,14.430839672906986,50.1381197210023,Nemocnice Bohnice - Hlavní vrátnice
14.473332355965272,50.13518846572293,14.474705046819137,50.136121733799904,Domov seniorů Ďáblice
14.130192339039176,50.13650466355527,14.133549779523815,50.137856540367586,"Kladno, Pražská"
14.439762688594636,50.213887683639975,14.441429304768002,50.21504001648296,Panenské Břežany
14.103764142986764,50.15322643897734,14.105196552851229,50.1541044602483,"Kladno, Hřbitovy"
14.529219868501784,50.075640298758906,14.53157237750827,50.0769055511384,Na Homoli
14.536985035965081,50.078297059435464,14.539060047238237,50.081926604610324,Spalovna Malešice
14.41839116808169,50.13373599291139,14.42000792923935,50.13464820717076,Nemocnice Bohnice - Divadlo Za plotem
14.54769482985409,50.102699389648066,14.549733172090862,50.103627510596695,Sídliště Lehovec
14.573553749872119,50.08306762745259,14.575005265547924,50.084740407594744,Svatoňovická
14.586083649110543,50.0424175614081,14.587726848808567,50.04382303720571,Bečovská
14.398434488457267,50.05334272625159,14.399831311684595,50.05424207371289,Nad Konvářkou
14.590031740014222,50.15116029431552,14.591861957268636,50.1521862044115,Vinoř
14.35909484041808,50.09580909261751,14.360531658001674,50.096871706616035,Kladenská
14.592774759159235,50.03412260617447,14.5953747333505,50.03567939308585,Picassova
14.548160052004372,50.09719707487295,14.54992115659457,50.0983643602166,Kyje
14.524065237179894,50.147145854378515,14.525531165680357,50.14810394556611,Koupaliště Čakovice
14.459175242333318,50.119134820254786,14.461530537860156,50.12021813666078,Okrouhlická
14.345819106310646,50.2346135452677,14.34722399275804,50.2355995546868,Chvatěruby
14.31654060469387,49.94241302481674,14.31793419546639,49.94331237514761,"Černošice, Na Ladech"
14.381983732106132,49.958478395962196,14.383608262221022,49.95959130412148,Zbraslav
14.488946089197222,50.07472699186601,14.490670924025904,50.076093608104166,Vozovna Strašnice
14.431746831739273,50.08676117248597,14.438691119234571,50.088740310929985,Masarykovo nádraží
14.352055139564253,50.08081517301645,14.353902674902194,50.08188662366121,Říčanova
14.676374189308326,50.1826227146937,14.677787311617545,50.18363258501789,"Brandýs nad Labem, Na Radosti"
14.326230647094297,50.04122130768494,14.32845485958868,50.04237418514211,Amforová
14.57520771533755,50.13951412053802,14.576607084763031,50.14041347942673,Vinořská
14.51262866951088,50.10241615428375,14.515020744977786,50.10348691543049,Podkovářská
14.48278952889327,50.1606013348597,14.484279879603482,50.16170036493591,Na Fabiánce
14.210341302370598,50.093306602386775,14.214361585493918,50.0950871053926,"Jeneč, nádraží"
14.381080019175243,50.12962117712517,14.383368850152367,50.1311263321973,Kamýcká
14.364912948882528,50.08817740098643,14.367576650171044,50.089099799148485,Talichova
14.435707428687493,50.206648574433785,14.437294465178622,50.208178025002766,"Klíčany, Břežanská"
14.444352573348112,50.033534097484235,14.449675367797283,50.03520446434784,Nad Havlem
14.582889926786715,50.28080588944396,14.58635788326802,50.284178189380434,"Všetaty, železniční stanice"
14.329825860828073,50.11041537211113,14.331505441433354,50.11140932706431,Škola Nebušice
14.495009504299286,50.27468486228995,14.496623702334785,50.276255937111465,Libiš
14.427758304087158,50.05120388724067,14.429427526987338,50.05238141920781,Na Hřebenech
14.617773234335129,50.14913017550778,14.619661355142016,50.15050812486471,"Jenštejn, Hradní"
14.406697774656388,50.03310825835633,14.409139895926437,50.03466897078787,Pobřežní cesta
14.513921610306122,50.02382416932955,14.516256291877198,50.02587010571912,Ke Kateřinkám
14.211280990313796,50.058232073508854,14.213395981160497,50.05951964608476,Chýně
14.424082265203577,49.99698360833995,14.425789130029766,49.997913691896414,Hornocholupická
14.224946902221944,50.05237591151737,14.226963576404115,50.054433056197766,"Chýně, Na Vyhlídce"
14.105478511870736,50.10465713052714,14.1096388691755,50.106074373924244,"Braškov, Toskánka"
14.39102466794701,50.11502727612242,14.394004995078765,50.117406573300784,Výzkumný ústav vodohospodářský
14.455422072041262,50.26668835764809,14.457504943804324,50.267763449894595,Chlumín
14.494035228403611,50.06614772736816,14.497636633800669,50.0673975878784,Radošovická
14.195267301210507,50.00858232760373,14.196618102316972,50.00950587163568,"Nučice, rozcestí Krahulov"
14.500502237448783,50.079466440882015,14.502831050763659,50.08106555941592,Poliklinika Malešice
14.111656423265575,50.16963492727462,14.114001103636134,50.170833671122914,"Kladno, Hnidousy"
14.471908391122348,50.11382161071145,14.474215459185467,50.11489576747628,Vosmíkových
14.416416667685093,50.124556298024444,14.419814315507681,50.12561721325095,Na Pazderce
14.571664119687453,50.10690231126892,14.573326368397641,50.10822948889907,Poliklinika Černý Most
14.210236225271458,50.16222252724303,14.211639074949673,50.163179072708814,"Zájezd, Bůhzdař"
14.68415239475029,50.056506404811486,14.6855962131464,50.05755839488568,"Květnice, náves"
14.45975930325353,50.06636740642556,14.462917986499347,50.06821228322716,Koh-i-noor
14.633914322243845,50.21234641544076,14.635295675323212,50.21328358418494,"Záryby, Martinov"
14.55081801849588,49.96911990943649,14.552296985306935,49.97042309031087,"Jesenice, Osnice"
14.435283447715777,50.07419777628173,14.441277680127234,50.07586384486747,Náměstí Míru
14.3317478047993,49.976885726095205,14.333142395357676,49.97778507386917,Nýrská
14.400664330298463,50.04354792530526,14.402060869842805,50.04444727465924,Žvahov
14.580379328468938,50.154402446404475,14.581786171092059,50.155387353461535,"Přezletice, u rybníka"
14.38554891151199,50.232757057350184,14.387017989524077,50.23387034178448,Postřižín
14.321827542329324,50.14308573806213,14.323922267499789,50.14412086306732,"Statenice, U Kovárny"
14.25619245001635,50.083312116233834,14.260335217428523,50.08476567671777,"Hostivice, nádraží"
14.1636901321242,50.20914706636247,14.165098863680017,50.21007623342171,Želenice
14.434765740822613,50.08822593772504,14.444004498805247,50.09225078926723,Florenc
14.531902622310572,50.05704264722121,14.534818293375944,50.058969652927075,V Chotejně
14.188949753308497,50.15381177770896,14.190434442795853,50.15479672223788,Buštěhrad
14.451329500420547,50.126147799781606,14.45300891012626,50.12798729958653,Sídliště Kobylisy
14.487493414554127,50.049406109274756,14.489617263084327,50.05054656051512,Měchenická
14.257059109088704,50.20425480017568,14.258594891684597,50.205157199821045,"Zákolany, Vystrkov"
14.244380110714982,50.07911532608121,14.246038689444914,50.080015573903104,"Hostivice, Litovice"
14.490075678308191,50.11693682445966,14.491980226780711,50.118922565836186,Starý Prosek (166)
14.430087934710933,50.128663747567266,14.431760550575273,50.13043836131085,Podhajská pole
14.33020801931766,50.07541213197632,14.335213643423991,50.07697474211141,Malý Břevnov
14.43582991245706,50.09761773465144,14.44108703580358,50.10210638091019,Vltavská
14.386771912541302,50.09589292130175,14.388907593714565,50.09724657855694,Dělostřelecká
14.64711316261522,50.052740368431785,14.648516140689908,50.053881031513384,"Sibřina, Stupice"
14.409144767813872,50.10969932976571,14.410543232325876,50.110598670198826,Císařský mlýn
14.463800260459609,50.082899308923025,14.466064482808244,50.083990691486065,Olšanská
14.422859386897223,50.13357986456352,14.424298832919115,50.13451990396108,Nemocnice Bohnice - Ředitelství
14.666657990268172,49.99386215342019,14.66836470875055,49.99492824631559,"Říčany, Politických vězňů"
14.600287333738002,50.08530903165722,14.60197136637058,50.08634806800374,Vinice Dolní Počernice
14.409012538017935,50.177008512038554,14.41081375818885,50.17794358824728,"Klecany, U Kostela"
14.511512371971316,50.067417792320065,14.51330935036291,50.06898486801681,Rembrandtova
14.518703807063943,50.0791200640414,14.520259363833395,50.08137515307384,Polygrafická
14.295285598167592,50.06325000974858,14.299664559310896,50.065990633536856,Sídliště Řepy
14.659685321593757,50.131754815510135,14.661084478486762,50.1326541844547,"Zeleneč, Bezručova"
14.435935163875282,50.115161949051796,14.437556681450527,50.116125920744466,Parkoviště Trojský most
14.734136131919566,50.15923634970879,14.73643147358054,50.160933378719214,"Čelákovice, V Prokopě"
14.438166973304567,50.11981604214044,14.440547470647072,50.120905463460886,Nad Trojou
14.396873886976758,50.09283295337041,14.399832859776042,50.093908867869544,Pražský hrad
14.365611130601843,50.27748771806522,14.367523674812116,50.27872648194964,Zlosyň
14.559715926501399,50.2560142542742,14.56123406976232,50.256925744898226,"Tišice, Kozly"
14.706950070809537,50.07215152839775,14.709377366906724,50.07317479309344,"Úvaly, OC Pražská"
14.61820637678854,50.12397421885236,14.620446215457992,50.12515968908743,Sezemická
14.434120372846285,50.106705059924934,14.435476623869574,50.10762393948581,Výstaviště
14.442375219759978,50.047744336793265,14.444362860989232,50.049298431719244,Zelená liška
14.2414729332242,50.078093749160736,14.243443854090177,50.079586951353,"Hostivice, Sportovců"
14.391362085293132,50.160578438032424,14.393015933896201,50.16208342331937,"Roztoky, Tyršovo nám."
14.532302514996664,50.33075333803822,14.533707485115213,50.33165266192654,Malý Újezd
14.665940418208523,50.06323330988556,14.667337581870223,50.064132690079255,"Sibřina, škola"
14.30155316086717,50.07092865274631,14.303200972921458,50.071964210816965,Ke Kaménce
14.362558083140636,50.06775271662843,14.364655015830813,50.0686703834832,Schodová
14.268384968411612,50.2342073522063,14.269787031762593,50.23510664775801,"Kralupy n. Vlt., Velvarská"
14.248195955706862,50.156328664377874,14.249967647050298,50.1573392344493,"Číčovice, Malé Číčovice"
14.369745363606949,50.06369410774883,14.37148804015133,50.06482519225027,Šmukýřka
14.319475496303216,50.11365342705245,14.321826097272247,50.114667873931936,Na Mlýnici
14.669219484920868,50.055790163798086,14.67074081742249,50.056730435717824,Sibřina
14.43911848812196,50.32516594251059,14.440520210503202,50.32612185728964,"Hořín, Zelčín"
14.447095420613106,50.11012578739951,14.44894468158427,50.11117311139805,U Vody
14.459221180824546,50.02370902462701,14.46106450067283,50.02504479044737,Ústav mateřství
14.36220256680974,50.08314078923851,14.364047412715646,50.08414785421478,U Kaštanu
14.477167664146908,50.14218173745401,14.478744156044295,50.14321131007341,Květnová
14.156046400581145,50.1786316253961,14.157583507849349,50.17975607450935,"Cvrčovice, ObÚ"
14.5174706138787,50.147667485384254,14.521643121470783,50.15121225784246,Nádraží Čakovice
14.57854810621342,50.00292569007617,14.580458681483888,50.003923802186335,"Čestlice, Polní"
14.624239935082121,50.1774864347693,14.62565776447692,50.178511664996265,"Brandýs n. L.-St. Bol., Popovice"
14.661363499370932,49.99662844389004,14.66528321654242,49.99889211906599,Říčany
14.71667107866802,50.12855001490382,14.720727180423646,50.1299863362106,"Nehvizdy, Na Bulánce"
14.443315140690544,50.08207931816477,14.444744859390287,50.083150681560845,Park Rajská zahrada
14.526865525389882,50.153808713416815,14.529155566545922,50.15674222892513,U Bílého Mlýnku
14.428476487662465,50.06454964585106,14.430804779788323,50.06555851545908,Svatoplukova
14.672734149579295,50.01225453119201,14.675016947027261,50.01321526932338,"Říčany, Pacov"
14.104338974185909,50.15130124449638,14.10630202538874,50.152847288605244,"Kladno, U Hřbitovů"
14.288088427216676,50.09837806544277,14.289641541477692,50.099537470939154,Terminál 3
14.450350555677321,50.07076989263463,14.452123729646202,50.072138369146174,Ruská
14.578426673696617,49.98125219742729,14.581080944199146,49.98231615386106,"Dobřejovice, Na návsi"
14.41328379919721,50.071421407916624,14.41599271098161,50.07375726528173,Palackého náměstí
14.378297926505393,50.09238054709123,14.380285236992462,50.093357584271025,Ořechovka
14.492819844485219,50.034867608411616,14.494708656351136,50.03613193281695,Pod Chodovem
14.535107721980538,49.974572691948545,14.536573675914921,49.975784407733606,"Jesenice, Zdiměřice, Canadian School"
14.634541707753083,50.12168867426133,14.636102167321669,50.12320101377535,Čertousy
14.445007761338166,50.167176519679046,14.447100662687623,50.16820218096052,"Zdiby, Veltěž, pošta"
14.60295440473126,50.11332926412033,14.605020594268709,50.11446953451238,Vojická
14.452232662992941,50.04810684735452,14.45383251070676,50.04901915708407,Filadelfie
14.413651302239987,50.033985776194434,14.415330528624375,50.035047929172705,Branické náměstí
14.431232436645882,50.09077112954692,14.433156165467201,50.09184296909593,Petrské náměstí
14.556948665401947,50.190579013884665,14.558931320633388,50.19282098449561,Sluhy
14.562493214421183,50.08958108522342,14.56439537220001,50.09067326387171,Hostavice
14.351542617758453,49.97957476403489,14.354227139860653,49.9806474449367,Sídliště Radotín
14.306463817265932,50.24411694925994,14.307866182899282,50.24501625070446,"Kralupy n. Vlt., V Luhu"
14.661477617849325,49.996112220063914,14.662953279345142,49.99702967944658,"Říčany, Nádraží"
14.164478584698667,50.06840962823063,14.165912416951642,50.06953567161684,Červený Újezd
14.556239478000311,50.10485344086943,14.557941815480797,50.105788859400086,Hejtmanská
14.282677341067975,49.98488412432051,14.284048656181344,49.98583137513554,Choteč
14.477463098440483,50.225567684433685,14.478978296055939,50.22645891545333,Předboj
14.446624226432583,50.13494379914305,14.448374441380569,50.135924316491476,Za Čimickým hájem
14.661975333117715,50.09991161398048,14.663375068329923,50.10089068572318,Všestarská
14.247472029906504,50.19588683285869,14.248935078097421,50.196949666869045,Zákolany
14.443425893542969,50.09779671746671,14.445947142010056,50.098815856496266,Holešovická tržnice
14.448117473766107,49.98795837340938,14.449725231731154,49.98896845448484,Cholupické náměstí
14.653924393023908,50.182792441785054,14.658348514529376,50.18458937261815,"Brandýs nad Labem, nádraží"
14.553929030353366,50.10138911558779,14.555342166149156,50.10256378434464,Vajgarská
14.52234659449869,50.04520172828822,14.526271851055824,50.0471015691403,Hostivařský hřbitov
14.393765364527994,50.10648035535831,14.396365005465775,50.108254107464276,Zelená
14.57349604595756,50.00391189342388,14.576057550020732,50.00520390513489,"Čestlice, nákupní zóna"
14.455311851244781,50.034657569328594,14.456817150734397,50.036615763161485,U Labutě
14.546029724508022,50.139724983399276,14.547645000353791,50.14098770841809,Zamašská
14.414205808465763,49.9991117172613,14.415936692745221,50.00002258281822,Baba II
14.229703187877552,50.08309455464005,14.231253891513092,50.084431281720775,Hostivice-U hřbitova
14.35609496257811,49.98648912465522,14.357489837573219,49.98738847530921,U Kestřánků
14.461697723928228,50.20343041554558,14.463726365739324,50.20551418227787,"Bašť, Baštěk"
14.469659613213302,50.11942445876913,14.471362587444377,50.12047994094544,Vinopalnická
14.499492984353681,50.07677951821188,14.50192385886422,50.07780870406856,Zborov - Strašnické divadlo
14.363229906547565,50.06637823200105,14.36554689381379,50.06728286804555,Na Sklonku
14.395645129818075,50.1915427312737,14.39706306951368,50.192566368453065,"Klecany, Drasty, Čistírna"
14.384749255754627,50.165597736132426,14.38614934439132,50.166497063832075,"Roztoky, Solníky"
14.190020437308208,50.28282483025317,14.191527066071483,50.28374156904361,"Černuc, Bratkovice"
14.5341870633238,50.015559225969334,14.53687622679396,50.0166639758013,Sukovská
14.521696029804877,50.1358099613495,14.52340377327748,50.136793437540746,Toužimská
14.466987015798287,49.992929669406465,14.468422562128715,49.995373130430345,Ke Březině
14.397015020239683,50.12206303769697,14.398412862456961,50.122978931175524,
14.504813189033102,50.14567290218609,14.50659344748684,50.146804021919046,Trutnovská
14.541573171332862,50.06832767379626,14.545006383982562,50.07041422152109,Ústřední
14.52356479547939,50.07656731645339,14.526947025893943,50.07778602204491,Malešická továrna
14.468287239997593,50.01514523007124,14.47075067252631,50.01687335590092,Zelené domky
14.362505329226417,50.065052660962955,14.364418965248358,50.066014839557155,Nádraží Cibulka
14.439018174340527,50.005447344282175,14.440828867046628,50.0064811190918,Hasičská stanice Modřany
14.393086882903287,50.039603884754285,14.396551149610321,50.042009008195,Nádraží Hlubočepy
14.422294985358473,50.00504683658503,14.425271658457147,50.00669442634018,U Libušského potoka
14.548961573064158,50.04608371634423,14.55216244244699,50.04735028685514,Hostivařský pivovar
14.457945518144495,50.12522950782742,14.460296521148138,50.126345083846246,Střelničná
14.505699800589417,50.08219052184038,14.51049869106672,50.08368406020013,Sídliště Malešice
14.181303398984786,50.229833004475054,14.186095252312771,50.2319251882139,Zvoleněves
14.675111552778661,50.101949356462256,14.676933343151873,50.10293694186134,"Šestajovice, Pražská"
14.566554737688206,50.08764811005139,14.570555327768625,50.08931988946351,Praha-Dolní Počernice
14.403508564448979,50.044724202791585,14.404978931550644,50.045612797080075,Nad Zlíchovem
14.667829308467441,50.057008109314566,14.669226291610835,50.057907490650265,"Sibřina, Na Paloučku"
14.376454727471573,50.07228358227233,14.378361270705076,50.073207517906,Nad Klamovkou
14.516644583242773,50.254080552714164,14.518839217316977,50.25529924601476,"Neratovice, Školní"
14.124397179026596,50.13257666015125,14.125796221180808,50.133475939812755,"Kladno, u tržnice"
14.442456956113976,50.016001977158005,14.444094446515608,50.01697552201336,Cílkova
14.508216040088024,50.110027933145446,14.511052715511807,50.11114400929477,Poštovská
14.426013413061044,49.999510886240365,14.428614958061607,50.00052582245609,Pavelkova
14.370740003395042,50.057959171765795,14.374888839576823,50.0594344402987,Waltrovka
14.471850398634515,50.12296545590064,14.473270886550704,50.12489614398013,Na Slovance
14.397183687626537,50.31684793437473,14.399081518615683,50.3178114661675,"Vojkovice, Bukol, Lávka"
14.372652858799842,50.026058459516506,14.374637233597472,50.027255269301165,Nový Slivenec
14.557910759070236,50.034522912413735,14.559723804439951,50.03558502205403,Morseova
14.34378634510604,50.07535820797727,14.345687061868038,50.076349484952985,Šafránecká
14.743158530465443,50.15994089298673,14.745115881532225,50.16118210378318,"Čelákovice, Rumunská"
14.479373191553528,50.091649041332296,14.483142517033526,50.09285669554373,Strážní
14.510538496664145,50.113575556450556,14.512997106313879,50.114531944067636,Pod Krocínkou
14.651538899522336,50.001207828043,14.653443804568337,50.002219670048255,"Říčany, U Trati"
14.098888932913813,50.13858991722632,14.101524421813743,50.14058619253577,"Kladno, C. Boudy"
14.588440936551889,50.18192112081582,14.590099062405756,50.182828879223145,"Brázdim, Starý Brázdim"
14.26535750485329,50.06531911020607,14.267303281809486,50.066827290330835,Valtická
14.507968235773829,50.0307521992421,14.510135090492449,50.03186116180751,Bachova
14.469462424651189,50.13214399425535,14.471407729575988,50.133916989047414,Šimůnkova
14.31407642967889,50.28045035939355,14.316688379363157,50.281875040479555,"Nová Ves, Miřejovice, most"
14.736865596579003,50.13182745468624,14.73869745883215,50.13293403693182,"Nehvizdy, U Studánky"
14.382942901902751,50.09208620072371,14.385242001605377,50.093331938470264,Sibeliova
14.681922044729356,50.196449103555175,14.683467959996571,50.1974868964439,"Stará Boleslav, Škola"
14.397970568362402,50.20560294238469,14.399547136827094,50.20672035498481,Vodochody
14.681280218238374,50.013034097243825,14.683076283932799,50.01406630168269,"Říčany, Pacov, Horní Pacov"
14.517504821969508,50.03178622339193,14.519349424966817,50.03297635717364,Hněvkovského
14.50126525293354,50.04117681755549,14.502661747183973,50.04207618240915,Kulatý Chodovec
14.495425496954121,50.194608394720234,14.497028999288156,50.195520005356016,"Líbeznice, II"
14.444451389079735,50.08623781694541,14.447562166708504,50.08739881909508,U Památníku
14.1036650742323,50.12977274509866,14.105075625128638,50.130778254692274,"Kladno, ČSAD"
14.453692547927409,50.06855807826828,14.456334607240608,50.069604983945574,Vršovické náměstí
14.614988588027524,50.25659642170099,14.616553810491258,50.25759967825148,"Nedomice, Škola"
14.258390425927422,50.04438313459578,14.259922668186107,50.04527916533388,Chrášťany
14.340133901571871,50.163541275665956,14.34154709769834,50.1645527240885,"Úholičky, V Chaloupkách"
14.278215982691096,50.03082787397353,14.280437416524782,50.032068924691885,"Jinočany, Logport vodojem"
14.311182629565975,50.13770371381404,14.31331936649078,50.138778283830185,"Statenice, u hřiště"
14.39758267743958,50.27321084343516,14.39898592270413,50.27411015652939,"Dřínov, Náves"
14.29479529355881,50.06677997749539,14.296271603459683,50.06769392197955,Sportovní centrum Řepy
14.35455287308136,50.09476419164717,14.356095131550491,50.095662907111475,Nad Tratí
14.422382324970972,50.099460250187605,14.424840643689686,50.10050265147758,Letenské náměstí
14.373063880748273,50.03310304389673,14.375267448513135,50.03457237632815,Poliklinika Barrandov
14.343786260951987,50.0778693071448,14.345304148436268,50.07893627978279,Kukulova
14.56725838056907,50.28655047205127,14.569271620112726,50.28745952801841,"Všetaty, Přívory, Průhon"
14.398658534463644,50.19573578590701,14.400089867244011,50.19678461335283,"Klecany, Drasty"
14.684278406305756,50.03909576274163,14.685765696795086,50.040012536661045,"Sluštice, Škola"
14.416111260447742,50.12726461935458,14.41801739818667,50.1286811501512,Krakov
14.363279917107286,50.16733718250905,14.36683521415921,50.168936907166895,Roztoky-Žalov
14.131970121457478,50.15699036114685,14.133369878748395,50.15788963881717,"Kladno, Pod zámkem"
14.50156969641329,50.27336119568725,14.503700294624398,50.27478880447818,"Libiš, samoobsluha"
14.455368829652882,50.14537880637308,14.457335800053029,50.146337437966395,Klášterecká
14.127671924911901,50.12763438440806,14.12977893186608,50.12871004693232,"Kladno, Růžové pole"
14.426704568049942,50.11686372883007,14.42931392796872,50.11784697187547,Kazanka
14.312774668153342,49.94898629264726,14.315341475847147,49.95027512520482,"Černošice, Centrum Vráž"
14.328672622334118,49.94106892358607,14.330066177823285,49.94196827637829,"Černošice, Masopustní náměstí"
14.692110598289176,50.20619363307524,14.693703000723577,50.2070988669425,"Stará Boleslav, kasárna"
14.536291846196674,50.068943804706045,14.53820537374637,50.07033995925236,Radiová
14.632808113361724,50.241903276836666,14.636742700042587,50.24419931351696,"Dřísy, železniční stanice"
14.379267418136155,50.135226189069606,14.381341886560639,50.1365144106577,Suchdolské náměstí
14.361429179219643,50.097228355980434,14.365609584783938,50.099604863123815,Bořislavka
14.684503431742051,50.20096857716906,14.686410964431166,50.201985921042215,"Stará Boleslav, sídliště"
14.276869514632423,50.05274616009891,14.278606819968571,50.053833955044546,Depo Zličín
14.415414075076448,50.098491141541224,14.419285161775301,50.099787047159005,Sparta
14.511823184842056,50.05594735991547,14.514340001150476,50.05773071726515,Sídliště Zahradní Město
14.48366961589984,50.119759705552624,14.485295487295504,50.12082099446378,Madlina
14.463563324296567,50.003844105547934,14.465200268370518,50.005489593740975,U Libušské sokolovny
14.200715192207022,50.28015775586853,14.202282406146534,50.28116394409061,"Černuc, Nabdín"
14.52381663450095,50.16207025875932,14.525742425305673,50.16423300173813,Třeboradice
14.320583185307292,50.11162451669634,14.322224314106705,50.11252898330888,Nebušice
14.125367977443513,50.12891322476625,14.126803111368213,50.13061127512188,"Kladno, zdrav. stř."
14.119618769743838,50.139692097350405,14.12160692206661,50.14104440284423,"Kladno, Na Slovance"
14.388796257127531,50.07327706533705,14.390198545793409,50.07438843461135,Zapova
14.446691092192612,50.04256572053727,14.450912301306836,50.0463013238505,Budějovická
14.467833018472296,49.99039626504374,14.4694402559339,49.99212454860619,Písnice
14.506848229774572,50.255977995195956,14.50849776874701,50.25872201027705,"Neratovice, Sídliště"
14.468682698618547,50.059515838901355,14.470749797725063,50.061206197539846,Bohdalec
14.11063048229307,50.13253036181236,14.1120295179176,50.13342963815164,"Kladno, u Penny"
14.483637739506511,50.20180927795286,14.485752781148799,50.20282945686135,"Bašť, Měšická"
14.335106968445752,50.093344094202195,14.338794392690632,50.09469951469476,Nad Džbánem
14.679555464937057,50.10537484451773,14.681243137122332,50.106448555378954,"Šestajovice, Balkán"
14.41982278086605,50.03429262549089,14.422593627189674,50.03591607360636,Vlnitá
14.45131979262651,50.12270230694696,14.457403558194489,50.125389618667626,Kobylisy
14.317560111573298,50.141226848727676,14.3190521883501,50.14218015118961,Statenice
14.51307406846489,50.269720625416085,14.514653040230295,50.270876074575234,"Libiš, Spolana 3"
14.365681321000528,49.996187524571596,14.367076479148622,49.99708687539285,Solná
14.50579141388223,50.26777487386895,14.507793267668626,50.26951332692021,"Libiš, U Slávisty"
14.46782024246668,50.0876228944732,14.46963584055168,50.08956539666981,Biskupcova
14.65642629392544,50.00414705031683,14.658361710546192,50.00515564757429,"Říčany, prům. areál Černokostelecká"
14.202750433174517,50.110189547207554,14.204440164045701,50.11166365125331,"Hostouň, U Hřiště"
14.11817724313056,50.128084665354,14.11999645987878,50.129014334901534,"Kladno, Holandská"
14.536628096982945,50.154214392963034,14.538886611497961,50.15525060822697,Radonická
14.11957870850073,50.143272059067385,14.123552228915376,50.144391617261675,"Kladno, Kročehlavská"
14.342642822467294,50.07164419188022,14.345140076851473,50.07291730585737,Kudrnova
14.514663060488152,50.1410926460021,14.51672013503921,50.14237195369039,Avia Letňany
14.392124451179782,50.058873205096376,14.395463494267231,50.06060328892152,Škola Radlice
14.368714912301229,50.05609007091988,14.371725838362648,50.057407113143086,Hutmanka
14.397272200775145,50.08692112896259,14.398669999367245,50.087820471001926,Šporkova
14.40389650939952,50.062096651975104,14.406186028782047,50.06398616566436,Křížová
14.45070568787222,50.32419576199295,14.452081315330393,50.325142037273466,"Hořín, Vrbno"
14.423263346028124,50.0904609271387,14.424661254108138,50.091360272825845,Haštalské náměstí
14.645752288916395,50.0032803061659,14.647147711166864,50.0041796937989,"Říčany, Srnčí"
14.6418309521275,50.062202842510864,14.643605648745895,50.063399723973326,Kvasinská
14.364222543213117,50.096276316421644,14.36570615601627,50.09723078353673,Poliklinika Na Dlouhém Lánu
14.252671058632156,50.19361532205715,14.25421954726339,50.19508987755891,"Zákolany, u Kovár"
14.36697292478879,50.03057446750277,14.369497204275124,50.03201779973951,Sídliště Barrandov
14.319312808162028,50.24360493955821,14.320716290437334,50.2446086603983,"Kralupy n. Vlt., Třebízského škola"
14.74368487269684,50.210018118173544,14.745086327364012,50.21091748179139,"Skorkov, Otradovice"
14.27139643358566,50.03092469193998,14.273297660490234,50.03218090811197,"Jinočany, Hlavní"
14.534652661901122,50.10391069744233,14.536911632034812,50.10497755945253,Bazén Hloubětín
14.358203136989928,50.01988933838743,14.360730673581857,50.020990663373944,K Holyni
14.44172956923392,50.14906841796357,14.44329282929296,50.15007268198721,Bílenecké náměstí
14.45176959183396,50.1649496842717,14.453805482676646,50.1678900145023,"Zdiby, U Parku"
14.471486372093,50.14353552554084,14.473053369205019,50.14450967498912,Liběchovská
14.26656903814489,50.229470352020016,14.267970962029702,50.23036964794431,Zeměchy
14.430607607710076,50.09585981008951,14.432811438198776,50.09698564911361,Nábřeží Kapitána Jaroše
14.343842865848782,50.08981553379488,14.345240734306268,50.09071486616954,Na Okraji
14.278461878416405,49.96313766582325,14.282220209472507,49.96435543693371,"Třebotov, Kala"
14.104449871221762,50.144430532482616,14.107612599147297,50.14721413397105,"Kladno, autobusové nádraží"
14.471481650726878,50.107881532855146,14.473075406017966,50.10916227724256,Libeňský zámek
14.49979045430321,50.33704604739523,14.501218247696295,50.33808005183499,"Mělník, Na Brabčově"
14.430780389768533,50.13546033005244,14.432179610366276,50.13635966991216,Okořská
14.311565638505218,50.02665186098537,14.313391456702135,50.027847139024,Zahrádky
14.637755053833851,50.170957013003374,14.639286751036858,50.171988686976235,"Dřevčice, Cihelna"
14.236987733265579,50.28461425934161,14.23839126691659,50.28551354062266,"Velvary, závod"
14.666466285407802,49.998512763255846,14.668985812207236,49.99989033513149,"Říčany, Radošovice, Haškova"
14.135187137403488,50.14900556014347,14.136586662801534,50.14990483982058,"Kladno, Kralupská"
14.434425848226109,50.06775144177615,14.436442647533433,50.06877497435541,Nuselské schody
14.393668554638532,49.9655701200441,14.39517835307688,49.96666237983274,Na Plácku
14.692360275172414,50.14164031483118,14.69375972490039,50.14253968513371,"Zeleneč, Mstětice"
14.235621463733642,50.209555637513205,14.237116933021712,50.210538062458724,Blevice
14.204351266258064,50.01972014984204,14.206227494840793,50.02069513048269,"Rudná, Celní úřad"
14.561519183490988,50.1478252427025,14.56311381498538,50.148732757336205,Ctěnický zámek
14.509681737335669,50.26450805922194,14.512329685465799,50.265702234356105,"Libiš, Ke Spolaně"
14.5060819059131,50.08692548421681,14.507514741190723,50.088080801179316,Rektorská
14.185582695090138,50.041320703772435,14.187325997593298,50.042537296414196,"Úhonice, škola"
14.285420055703147,50.02262976598622,14.28730263775275,50.0238937341337,"Zbuzany, obecní úřad"
14.539327399043474,50.074215905416224,14.541411604725827,50.07517109507329,Fashion Arena Štěrboholy
14.483459437077705,50.14318413962012,14.48510196571193,50.14461065918388,K Letňanům
14.142974307012333,50.068982040906846,14.144398692756019,50.07003625881243,"Svárov, Rymáň"
14.54643101705799,50.1299483825894,14.548119681113212,50.131019317275374,Kbelský pivovar
14.444602331496155,50.09225739405196,14.446852071688761,50.093301846264175,Karlínské náměstí
14.14852011859,50.11536610745541,14.149911679201503,50.116340692057165,Dolany
14.455192656244462,50.12220669598351,14.45684950942288,50.12342421867687,Ke stírce
14.449907726062301,50.01557591179514,14.45149686583599,50.01672938825018,Chýnovská
14.581613530232344,50.036329840941,14.583868585130132,50.0374169228705,Na Blanici
14.609822172743415,50.11905540728384,14.611230428850291,50.12010419265914,Paceřická
14.636932578423561,50.03770964355658,14.638565622704789,50.03870975597299,Pod Hradem
14.247532018512187,50.18815289405572,14.24897488103369,50.18925650562897,"Zákolany, Kováry"
14.262749757728685,49.963262350073116,14.265251537653983,49.964255250709805,"Roblín, Hájovna"
14.318178700298407,50.25197034876723,14.319581299864083,50.252869651197166,"Kralupy n. Vlt., obchodní centrum"
14.420279179175761,50.01315150307758,14.42229421199785,50.01434816904695,Labe
14.513962394260787,50.3137389454663,14.51574180752858,50.314772453616584,"Kly, Lom"
14.397656355989684,50.055165152110895,14.399914118673523,50.056462112150435,Dívčí hrady
14.457984024672832,50.005471323744516,14.460302370568686,50.00645687698597,Jirčanská
14.303873034646452,50.15894402389355,14.306245365405307,50.159844376043,"Velké Přílepy, Kladenská"
14.338196200309689,50.085481815800385,14.341393236234797,50.08747755067881,Sídliště Petřiny
14.296577254467014,50.11624508354566,14.299448320355946,50.118155936996835,Přední Kopanina
14.482496420389213,49.969704256190035,14.484016679118758,49.97067854372693,"Zlatníky-Hodkovice, Břežanská"
14.260330416917494,50.135230345315655,14.261729583257718,50.136129654648634,"Tuchoměřice, Komerční zóna"
14.377986453782817,50.08525916439621,14.379689420391012,50.086267006172676,Pod Královkou
14.347857370076554,50.0887720164061,14.351820353687858,50.090240747773564,Větrník
14.377150239816032,50.090684593312574,14.378807263970058,50.09163680547377,Norbertov
14.290840595004877,50.25702005078725,14.292759401882032,50.258058947634794,"Nelahozeves, Lešany, dolní resort"
14.493443623914075,50.026058894296334,14.494904774958252,50.02722480532081,Jarníkova
14.456387365853177,50.18420061096737,14.45776763669904,50.18514188859496,Sedlec
14.326841488284353,49.985614137664626,14.328287407835704,49.98650286160396,Kosoř
14.300285739897808,50.027392756561575,14.302494964228247,50.028715742852405,Mrákovská
14.66472758861874,50.17542911291884,14.666421213705377,50.17642498621967,"Brandýs nad Labem, Baumit"
14.729494866357282,50.13028176527232,14.731729285437794,50.13127148691041,Nehvizdy
14.288490348364556,50.101750550869816,14.290153250279676,50.10280284897261,Na Padesátníku
14.201111675777838,50.11377122721495,14.202702222267012,50.114739672256505,"Hostouň, Na Pohoří"
14.208323850145927,50.10432328983348,14.210537870953656,50.10567041698031,Hostouň u Prahy
14.506613833424916,50.26076102976997,14.508217363052532,50.26181337025612,"Neratovice, U Vojtěcha"
14.218892598608353,50.11005626963821,14.220992563723131,50.111331240053254,Dobrovíz
14.113213216820295,50.08140698970276,14.114687387254516,50.082301209422354,"Unhošť, pivovar"
14.513789838814692,50.10985226400597,14.517904512672253,50.11115713284502,Kolbenova
14.122676081914872,50.1347678347861,14.127592669672556,50.137136470707354,"Kladno, Pražská křiž."
14.39235901400865,50.130798284239,14.396320209356483,50.13412834200353,Sedlecký přívoz
14.50749315763956,50.12959744155113,14.509732151936465,50.13094517287583,Dobratická
14.566088216247188,50.04007887854897,14.567788893032276,50.04187132066052,Janovská
14.518185034313325,50.151117388286124,14.519820470206243,50.15204381030628,Cukrovar Čakovice
14.427300141485293,50.02128261658026,14.429096014122546,50.02247873583568,Filosofská
14.688655631709715,50.11353825108813,14.691265774913417,50.1150653480267,"Jirny, Zámek"
14.46600247938173,50.05026664228721,14.472983247323244,50.0523848217343,
14.511092035593991,50.12792822993998,14.515777775496494,50.12912640165639,Výstaviště Letňany
14.306808628992393,50.08497518716393,14.30934473455717,50.08610175710135,Nádraží Ruzyně
14.465873770953202,50.009568111876604,14.467735328300334,50.010477988172944,Mílová
14.464006339782408,50.0560405091929,14.466053698662423,50.057072052387845,Plynárna Michle
14.377333085902935,50.109871944082286,14.379034429943317,50.111045902431115,Špitálka
14.529878518941459,50.24987382306668,14.532434719045826,50.25140165373564,"Neratovice, Lobkovice, Hřbitov"
14.487895246998908,50.12490996250938,14.49098501183911,50.12753411654778,Střížkov
14.302670369653773,50.238409071522355,14.304927238932343,50.24017931659264,"Kralupy n. Vlt., u jízku"
14.359568956893813,49.96147050675588,14.361584573663109,49.96269592208201,U Kapličky
14.361386339195427,49.98784831712131,14.363073353829757,49.98951908191305,Pod Říhákem
14.511542887855507,50.04423662892371,14.513165132768842,50.0453962301945,Přeštická
14.509658849288133,50.08419820177234,14.513152878591656,50.08616983256034,Malešické náměstí
14.308235973604715,50.23746567873419,14.31694014669715,50.24014765947508,"Kralupy n. Vlt., železniční stanice"
14.239096951729454,50.081601980835465,14.240984904940134,50.083228132360404,"Hostivice, Jeneček"
14.336201702790005,50.04312108199357,14.339488975411747,50.04509186064417,Archeologická
14.414108860522848,50.06701339750355,14.417218790035653,50.0688005297874,Výtoň
14.654965301994844,49.99112757074273,14.656373397260584,49.99215742916622,"Říčany, Masarykovo nám."
14.372695804705096,50.09037533824226,14.375716406471057,50.09152516400911,Náměstí Před Bateriemi
14.528757607668863,50.01610972272683,14.532154683859403,50.01722027911831,Na Formance
14.535404124700946,50.24849363144262,14.536806675409707,50.24939296852212,"Neratovice, Lobkovice, V Lukách"
14.486680799116625,50.1173352874679,14.488929998945574,50.11827051280772,U Kundratky
14.312563802574545,50.2496689881347,14.313926602925072,50.25058101139522,"Kralupy n. Vlt., Masarykova"
14.308128305435133,50.2517209496935,14.309530894729752,50.25262025027091,"Kralupy n. Vlt., u parku"
14.672742219502272,50.007940305270296,14.674137780574647,50.00883969469453,"Říčany, Pacov, Nad Bahnivkou"
14.308592515414889,50.041952077622575,14.310186788670245,50.04287952120668,Toufarova
14.374630612818978,50.060494259440496,14.376270274708194,50.061838040693985,Pod Šmukýřkou
14.444763412584209,50.02585695167042,14.446594488640804,50.02702088479757,Sulická
14.403840485140705,50.09371912607481,14.405620771031888,50.094767174159436,Královský letohrádek
14.456302830275991,50.116751454187764,14.458576367757999,50.11803934463608,Rokoska
14.422812225041259,50.0569441356762,14.426110172743304,50.057901664767776,Doliny
14.391992550755342,50.05684796401144,14.393747648787748,50.05775303599543,Kutvirtova
14.370531330447774,50.09642783944241,14.372236273506042,50.09738905917365,Starodejvická
14.311236012827827,50.032391937898275,14.312884387043955,50.03329296207298,Řeporyjské náměstí
14.340096359218668,50.10945970008385,14.341971643575354,50.11049969848312,Průhonský háj
14.581091695977822,49.99618997287087,14.58563300752327,49.997648455031815,"Čestlice, Lipová"
14.389389767894587,50.07460978516166,14.391112438177522,50.0755470151261,Hřebenka
14.19565284733517,50.08747648834388,14.199571583085529,50.08851988802435,"Jeneč, vysílací středisko"
14.54530459271668,50.091431753293314,14.547801054396068,50.09454450931569,Kyjský hřbitov
14.350318008536048,50.022502565643016,14.354317950425628,50.02443923675047,Slivenec
14.49846471268946,50.19497822972218,14.499865687429672,50.1958775702425,"Líbeznice, Škola"
14.576877356320717,50.14068693754568,14.578453451349578,50.141813862461184,Vinořský zámek
14.356095807036482,49.93416420096172,14.357734894543956,49.93554529760125,"Jíloviště, Cukrák"
14.320603656209501,50.07493312986353,14.325170489729722,50.07643626400282,Bílá Hora
14.506259245168492,49.98024330481237,14.508834791051955,49.981368978608884,"Vestec, U Klimešů"
14.361226287972723,50.06411208050262,14.363443546900422,50.06508350035193,Praha-Cibulka
14.356447313660887,50.04878889357851,14.35835229358174,50.049917050739744,Stará Stodůlecká
14.731483541301017,50.17757229001247,14.733106470884566,50.17888871005555,"Káraný, vodárna"
14.437617740603423,50.02027166928102,14.43919281578338,50.02175749610172,Lhotka
14.535718118942722,50.065042645900306,14.53828899186537,50.06615235593242,Barvy a laky
14.534413605690721,50.05246576934406,14.540547191386581,50.05540759605474,Nádraží Hostivař
14.492307889525735,50.00882575406577,14.49399920303479,50.00990391930914,Vožická
14.579310661433267,50.01993991860788,14.581098835139157,50.02108798130879,Hříbková
14.347945906928274,50.131365466913245,14.350470292679551,50.13227523310808,"Horoměřice, Švejkova"
14.577751158923542,50.14737042292125,14.579169648980738,50.14882957699746,Moravanská
14.426321492964448,50.059680324500604,14.427718507170876,50.060579675463956,Jedličkův ústav
14.419196922493345,50.06632859681339,14.422587627001016,50.06937523607048,Albertov
14.408927518128356,50.00161164306347,14.41133504766288,50.00283670941067,Čechova čtvrť
14.40840400142613,50.04977090754232,14.411603780509441,50.052195695656124,Lihovar
14.370993556674877,50.17488914621434,14.373040476442053,50.17594704494629,"Husinec, rozcestí"
14.422624967475716,50.130348443060655,14.42592784386218,50.13140054700666,Odra
14.434663954674729,50.07610525482152,14.436072249187772,50.077290545118935,Římská
14.34678766026165,50.045735798606295,14.348600648783176,50.0469358183655,Ovčí hájek
14.524493870269684,50.01705854166462,14.526175721345988,50.01827275850615,Ke Smrčině
14.23640861991443,50.13200844689331,14.237905886222798,50.1328938529136,"Středokluky, U Školy"
14.391403887226424,50.067895202562816,14.393163013804074,50.068941396719325,Mrázovka
14.326096290579608,49.94659033358694,14.328133711727164,49.947808065813014,"Černošice, škola"
14.724790422197648,50.13142031274253,14.726189577867434,50.132319687222356,"Nehvizdy, Škola"
14.497602921493225,50.12590062440454,14.499001878625675,50.126799975560125,Novoborská
14.231764883797485,50.06191125191329,14.23321031899382,50.06310934793389,"Chýně, Pivovarský dvůr"
14.174339758043788,50.05117887267179,14.17637424175977,50.05234522627207,Ptice
14.49268856893184,50.12165544998789,14.494762608575178,50.123445530344966,Sídliště Prosek
14.45669234901116,50.01278930834803,14.458572846593665,50.0139993915699,Jalodvorská
14.427191017788294,50.1316590372567,14.428963978273224,50.13272271244704,Katovická
14.389693875601033,50.16180101184744,14.391567409424756,50.16334368868793,"Roztoky, 17. listopadu"
14.598085100428758,50.11981871770999,14.599483899666302,50.12071808225478,Vlastibořská
14.411526564722475,50.17496295626879,14.41289183858633,50.175899643003184,Klecany
14.397247876435928,50.05418142641482,14.39864472370622,50.05508077354971,Nad Dívčími hrady
14.427744508644432,50.07035953706647,14.429327488786937,50.07126788407228,Dětská nemocnice Karlov
14.60928136571423,50.204299423678485,14.610682634378588,50.205198776286316,Polerady nad Labem
14.409724885667513,49.98995074370773,14.411778141628258,49.992521035513654,Komořany
14.211217304101028,50.01449965580728,14.213745581000413,50.015622123331724,Nučice zastávka
14.251781142960446,50.041372128157114,14.254336753049722,50.042557068496734,"Chrášťany, Mezcestí"
14.29780897705957,50.05993729368104,14.299672688662374,50.060870830628474,Na Radosti
14.308500652283646,50.05013699924396,14.310238943042728,50.05156082398826,Lýskova
14.427025343537155,50.10434562792365,14.428423656598321,50.10524497204089,Planetárium Praha
14.568993338646436,50.12215335546651,14.572866477587603,50.1242756696693,Nádraží Satalice
14.359072032059398,50.09123972058708,14.361051045159414,50.09225872610953,Vojenská nemocnice
14.41504653305102,50.04104589681681,14.417023278950314,50.04251380366391,Dobeška
14.243061562831523,50.03813677598333,14.24575755075084,50.0393159264176,"Rudná, U nádraží"
14.455232657852745,49.96269307738241,14.457657434925082,49.96372792377845,"Dolní Břežany, Obecní úřad"
14.5752904914422,50.08636490718423,14.577073594887427,50.0875378615956,Ke Hrázi
14.493375891349901,50.34148442335483,14.495430222336847,50.34303167723249,"Mělník, Slovany"
14.133459353342491,50.134222859197756,14.134858446862781,50.13512214076626,"Kladno,,Pražská"
14.371659943869453,50.166530337319884,14.373060056279611,50.1674296626446,"Roztoky, Levý Hradec"
14.659921393934296,50.13274216849483,14.6614374119645,50.13378523143794,Zeleneč
14.12149993316671,50.08459517387982,14.123295965773648,50.085649625348935,"Unhošť, u křížku"
14.111420477305652,50.135480386463755,14.113188526608969,50.136624413534015,"Kladno, Svépomoc"
14.373806300038849,50.10727589122298,14.375607912612278,50.108691809150905,Dyrinka
14.747704688625351,50.14963965252726,14.74927810962523,50.150605947018654,"Čelákovice, Záluží, Cihelna"
14.115195112710232,50.155447752857256,14.117034153233437,50.157412319258846,"Kladno, Průmyslová"
14.48359515274522,50.176441200179525,14.485116657332469,50.17761779966121,Bořanovice
14.39232518722616,49.9754402187473,14.394611663165303,49.97680966828595,Zbraslavské náměstí
14.719279506795596,50.18326587212368,14.721049392697696,50.184171227891824,Nový Vestec
14.169873597638222,50.16499955736052,14.171273602558738,50.16589884260361,"Kladno, Dvorská"
14.352859411107518,50.067971399734965,14.35589331051442,50.069458725028746,Poštovka
14.666840473792943,50.09784329380965,14.66941232375037,50.09923680448184,Voňkova
14.661631302249623,50.000756412998406,14.664649304067016,50.0023755803843,"Říčany, Radošovice, Větrník"
14.3744442298675,49.99279038117771,14.378149707674623,49.99474588571782,Přeštínská
14.299127002713842,50.20033576649897,14.301991898746342,50.201265333803484,"Holubice, Na vodotoči"
14.351706927413739,50.07921975020076,14.354253256220904,50.08018915572726,Štefkova
14.560050181357271,50.001130278529544,14.56186171891569,50.00243374005004,Průhonice
14.315827501365142,50.090745551532116,14.318036242739586,50.09178066359273,Vlastina
14.353709549928382,50.17814094592248,14.356980968739078,50.18010534274068,Řež
14.477918525286361,50.14608593984792,14.482696589431953,50.14713060253717,Na Štamberku
14.446861391649936,50.03073164000831,14.448977942562907,50.03171199854316,Višňová
14.205090036790828,50.15918032750782,14.206689963271886,50.16007967245751,"Buštěhrad, Bouchalka křižovatka"
14.367316567472717,50.097821048954444,14.371973545035736,50.099622623537435,Na Pískách
14.540960594865691,49.9706180206262,14.542758500571676,49.97155917970996,"Jesenice, Kocanda"
14.496180274204,50.33159762745207,14.498319908972569,50.33330357334546,"Mělník, U Nováků"
14.622131628235438,50.0119577966941,14.624783181092928,50.014003843498344,Tehovičky
14.493835519792626,50.22876907409141,14.495417995145361,50.22997948673798,"Kojetice, Tůmovka"
14.666504141741356,50.04032047004004,14.668069667902754,50.04151002992743,"Křenice, K Sibřině"
14.505022585942017,50.13386992981967,14.506829647432891,50.13512298521727,Tupolevova
14.652927655446334,50.07672480048531,14.655616340781785,50.07850820305662,Rápošovská
14.136139790469722,50.13004891126276,14.138369506661933,50.131092210311884,"Kladno, Okrsek 4"
14.279117711937019,50.13530422720253,14.28070798597045,50.13627007223946,"Tuchoměřice, Zámek"
14.51425800148927,50.07873827100539,14.5165607517057,50.08243283883363,
14.403698271861785,50.08341684763353,14.40514923616723,50.08464306552655,Tyršův dům
14.408621942623482,50.11841967624515,14.411717375559569,50.12001882767357,Botanická zahrada Troja
14.660414568983546,49.99041164361659,14.66189442423299,49.99145715623214,"Říčany, Fibichova"
14.407428506353028,50.05695915264523,14.41012949238263,50.065181600117995,Smíchovské nádraží
14.477701709207356,50.072601364076576,14.481360743834935,50.07418921843059,Murmanská
14.279596236855673,50.23246672176919,14.281370060478233,50.23339137842221,"Kralupy n. Vlt., Na Hrázi"
14.24015011890424,50.153713450311535,14.24150998735752,50.15464634916897,"Číčovice, Velké Číčovice"
14.380843211009749,49.955519752742816,14.382340887655605,49.956489547227854,Pod Zatáčkou
14.647040282593185,49.98264515465485,14.648485316496602,49.98373554468719,"Říčany, Voděradská"
14.152141820182907,50.245651365674135,14.153544180019118,50.24655063428995,Žižice
14.37079854684412,49.95654035625481,14.372291455786218,49.957809643352284,Ke Štěrkovně
14.308666346940873,50.24207194889192,14.310068653223802,50.24297125107247,"Kralupy n. Vlt., U Cukrovaru"
14.706415147842025,50.16957371188206,14.708144846130665,50.170746288247976,"Lázně Toušeň, zastávka"
14.434718116293286,50.03597397439484,14.437114773335765,50.03706092718812,Na Vrstevnici
14.212460569366048,50.10654751869692,14.214961055521858,50.10798028401935,"Dobrovíz, Komerční zóna"
14.368695465561311,50.09186657001646,14.370826500421762,50.09307036246968,Baterie
14.372253582838693,50.01373728801605,14.3739874206946,50.01466431220332,Pacoldova vápenka
14.27999353092108,50.04467333629805,14.28139006924866,50.045572663666256,Třebonice
14.52632470748376,50.0332145271843,14.528503795676123,50.034399554435225,Poliklinika Háje
14.404532127654537,50.008197100825114,14.40682497209131,50.0094449975581,Lehárova
14.430360030077308,50.16696073253724,14.431760170057817,50.16786006742733,"Zdiby, Přemyšlení, Chaberská"
14.265422607680811,50.23232730535072,14.268015052545051,50.2338010910036,"Zeměchy, železniční zastávka"
14.41863159296155,50.05796139589245,14.421271607072555,50.060435430472936,Podolská vodárna
14.11654906858024,50.142278570651904,14.118813118512913,50.143864394693466,"Kladno, Školská"
14.514272956855685,50.34451701084139,14.516521087516528,50.34722837017301,Velký Borek
14.596575433673623,50.027757768285035,14.59872141186147,50.02872553707555,Lnářská
14.634729972167536,50.03651830960253,14.636135425809094,50.03759169033959,Královice
14.261333052369466,50.119064443955615,14.262731747805361,50.11996375600868,"Kněževes, U Školy"
14.29902326956759,50.23967971477917,14.300401833264562,50.24062478466049,"Kralupy n. Vlt., gymnázium"
14.367772103026637,49.99049752394686,14.369167097121972,49.991396876017596,Živcová
14.619014615542662,50.132384417566776,14.620413784547498,50.13328378239802,"Radonice, Penny Market"
14.506838172506367,50.026905670690915,14.510469144381895,50.02860418143751,Opatov
14.515996746342474,49.99652675425449,14.518245791343515,49.99962599236909,Hrnčíře
14.389014079698946,50.03746119841332,14.391438612754953,50.03850100279054,V Bokách
14.378332897206121,49.93788836978143,14.382231143190733,49.939291355379645,"Vrané n. Vlt., Žel. st."
14.667734931360481,50.03149583444451,14.66935776922079,50.032399465563145,Křenice
14.557565811463618,50.12618353502185,14.559535290048874,50.12728386367805,Nymburská
14.473512266822762,50.09424551648894,14.477405746718748,50.09634329784966,Krejcárek
14.400447990498982,49.97551558607787,14.403562303811388,49.97687055626701,Závist
14.410632769226646,50.11601690158418,14.412488891262969,50.11741335338723,Zoo Praha - Troja
14.340578869439888,50.02070922870656,14.341974730715364,50.021608571257865,K Austisu
14.424242903309931,50.31057171959647,14.425669799287004,50.31170678032396,"Zálezlice, Kozárovice"
14.535509379893435,50.05629235588602,14.53753275940908,50.057928551140094,Sklářská
14.265792305893237,50.29598511881537,14.267207195370853,50.29702248112223,"Chržín, u mostu"
14.54355566057978,49.994089287617506,14.545574340630276,49.99524413484803,"Průhonice, hájovna"
14.45611265118894,50.02721779396605,14.458014907869734,50.02875318486206,Klárův ústav
14.602883944417373,50.10666662690554,14.604840642707444,50.108158673611186,Krahulčí
14.28459865012079,50.2557303522735,14.286001350049744,50.25662964769087,"Nelahozeves, Lešany"
14.61657176903069,50.29366449031766,14.618345828572807,50.29478020951009,Čečelice
14.632103047249329,50.0092113051828,14.633989255870254,50.01024559326073,Nad Dvorem
14.38092090597892,49.96878667387091,14.382992593379132,49.969939124836195,Kostrounek
14.451801657320667,50.05359942372195,14.45537689883536,50.055638073272036,Michelská
14.48272869109713,50.05512477342803,14.484820409669899,50.056035926665345,Pod Vinicí
14.357313055331012,50.08940459584929,14.359174472952295,50.09053610350905,Poliklinika Petřiny
14.331563113361721,49.96245012498719,14.33295728679518,49.9633494749772,Dolní Černošice
14.668874362150648,50.17612511983724,14.671568443496133,50.177140981219274,"Zápy, Tesco Brandýs nad Labem"
14.525782127933706,50.149562552326735,14.527480609558241,50.15137709388904,Náměstí Jiřího Berana
14.486127672119812,50.09974607374093,14.489327339489554,50.10091632869824,Skloněná
14.529818203702504,50.03477384270473,14.532270199715104,50.03595575430432,Stachova
14.555951580090618,50.108037382635985,14.559128623477468,50.109409812625216,Hutě
14.523867355772262,50.10331956349305,14.526332696491158,50.10436093287856,Nademlejnská
14.403859874696652,50.06113112641318,14.405256925443991,50.062030473551346,Ke Koulce
14.240972320207224,50.234505489169734,14.242498275424369,50.235524210816585,Olovnice
14.368745544034446,50.24850664395003,14.370148056115955,50.24940595601447,"Úžice, logistické centrum"
14.460387026872542,50.044311024692306,14.462567370640642,50.045833970101555,Pod Dálnicí
14.389233559475732,50.105401781275795,14.390852615899089,50.106434159792876,Studentský dům
14.433442330403329,50.070224148782906,14.435512478203531,50.071620051417455,Zvonařka
14.573310907273203,50.10555363524784,14.575725396688838,50.106707261689586,Breitcetlova
14.486645683695828,49.99442359732745,14.488326004286941,49.995529284037524,Pramenná
14.40114745298728,50.06904589239332,14.405365545644585,50.072473335377026,Anděl
14.278709751496914,50.12449961403017,14.281230607710018,50.12551333113715,"Tuchoměřice, Outlet"
14.261160624350175,50.02850467324568,14.26387677755699,50.03017914271756,"Jinočany, nádraží"
14.495606719135031,50.05600055833691,14.49851410512425,50.05702755106331,Poliklinika Zahradní Město
14.502081767924972,50.11559485023626,14.504176335897258,50.116551050264576,Krocínka
14.449942789228533,50.02664919017139,14.453089366624324,50.029577205317196,Zálesí
14.100191096144162,50.10065576005564,14.101644199075233,50.101972439795055,Braškov
14.401116827038832,50.04426202193555,14.403771698164533,50.046431973069275,Nádraží Žvahov - V Násypu
14.54594632012157,50.10631790320367,14.54896393797021,50.108171544970524,Lehovec
14.284862150926006,50.23384064405964,14.286682251666488,50.234766556161674,"Kralupy n. Vlt., Růžové údolí"
14.556619001388528,50.05812821530531,14.55801599871602,50.05902758465944,U Střediska
14.445949290234385,50.016830833282675,14.450003492400207,50.01807840735186,Nové Dvory
14.33852118061265,50.13060897685454,14.340966910791824,50.13214642285028,Horoměřice
14.539840793082718,50.28568227373941,14.541416098589014,50.286825126263864,"Tišice, Závod Kafilerie"
14.669227852622537,50.178307630816825,14.670793247152677,50.17929156899079,"Brandýs nad Labem, pekárny"
14.45951561514648,50.03786777778155,14.460928285040856,50.038895522077524,
14.38068070876031,50.093671272118065,14.38281539861942,50.09467842881758,Macharovo náměstí
14.385258823109293,50.10961006931231,14.386844086917003,50.11116063001498,Dukla-Juliska
14.309664217712172,50.080898236977454,14.312517838487944,50.08362407867163,Staré náměstí
14.113513328941126,50.1285684404363,14.116749777177635,50.13076862129841,"Kladno, u Kauflandu"
14.708315186516469,50.10320954300411,14.709732212938972,50.10423855672841,"Jirny, Nové Jirny, Kaplička"
14.24030006948832,50.01325920132033,14.242019227268976,50.01478129704391,"Tachlovice, Na vrškách"
14.242041536902418,50.069230182501826,14.243563866697748,50.07014841666594,"Hostivice, Břve"
14.45065546891131,50.02223259134983,14.452258137072274,50.02377270803066,Sídliště Krč
14.387507326774966,50.06444172155911,14.389927122114356,50.06549726180223,Malvazinky
14.68850105229873,50.06798857721887,14.689959581788948,50.06958848671231,"Květnice, K Oboře"
14.394580853966275,50.29565532149122,14.396100345085886,50.29660927830317,Hostín u Vojkovic
14.357518791956577,50.082630478364024,14.359712414617048,50.083695454899534,Břevnovský klášter
14.619808305507139,49.9872723507199,14.621427351137195,49.98826040422009,"Říčany, Kuří"
14.357262074752276,50.11168588923233,14.35893152189787,50.11304705025491,Pučálka
14.422030012446317,49.99849537812224,14.424405371634473,49.999560600209826,Petržílova
14.564322275285205,50.02304204981556,14.565985022324579,50.02395765029575,Křeslice
14.435688350020085,50.039934309329034,14.440503388137248,50.04112447297769,Ryšánka
14.436500462603789,50.107635143924675,14.443490730241932,50.11140777456463,Nádraží Holešovice
14.137762222796171,50.13178198658666,14.140252323453014,50.13293631521591,"Kladno, OAZA"
14.389049637157,50.12265345499808,14.39040596619622,50.123571244383804,Břetislavka
14.553380267587185,50.03956857705335,14.555903810501926,50.040649161407124,Nové Petrovice
14.096865362950435,50.141352074003606,14.09895207492313,50.142901815071575,"Kladno, gymnasium"
14.374549216551612,50.055226203421284,14.378782131070352,50.0563571645336,U Trezorky
14.602019363630376,50.108590416620316,14.603417836463692,50.10948978334446,Vysokovská
14.66487284984183,49.98863452087823,14.667035450907733,49.989814377563604,"Říčany, Melantrichova"
14.498896961250253,50.01992511606207,14.500292838867683,50.02082448390257,
14.74356558038806,50.139823706680374,14.745059522600814,50.14080289329152,"Nehvizdy, Nehvízdky"
14.556619443328826,50.07155173348132,14.558413856065345,50.07245876654584,Perspektivní
14.271094045543963,50.10499432969241,14.272934631773374,50.106618371037435,Schengenská
14.547319476692037,50.00357952776745,14.548938357252345,50.0048496619397,"Průhonice, Komárov"
14.687716676911649,50.135094040644354,14.691765077588048,50.13700969453674,Mstětice
14.52254339352841,50.029852326838764,14.530189784112377,50.03240855383304,Háje
14.485674712723213,50.04560824375827,14.488360417700086,50.047440762412336,Hlavní
14.5401213408072,50.0901069932329,14.54309868942625,50.091170816205846,Spolská
14.298342312983369,50.260399566591104,14.301834789954897,50.26206072981355,"Nelahozeves, zámek"
14.454701308691972,50.12835147862813,14.456300899699976,50.12953084534127,Líbeznická
14.234752875285393,50.05993013818072,14.236524830400734,50.06087356217195,"Chýně, Pod Horou"
14.47199664344066,50.224537980998214,14.473588356266136,50.22553141876509,"Předboj, U rybníka"
14.423656955960892,50.04325394785013,14.425192348274932,50.04428005214652,Pod Pekařkou
14.627454846312697,50.11743215158317,14.629299550595123,50.118452746997,Na Kovárně
14.366591700938194,49.987319086290775,14.368762305412279,49.98869111353297,U Jankovky
14.306526532003948,50.06661177905853,14.30861134913608,50.06771859690651,Bazovského
14.492517996562421,50.02094554556254,14.494448439034992,50.0220538086182,Volha
14.49704391838425,50.090779004113415,14.500198721066724,50.093029996980036,Spojovací
14.43694448718679,50.15057758308055,14.438446610177662,50.151477216889994,Dolní Chabry
14.601636789530307,50.30519441927486,14.606203579501935,50.30624967429913,Byšice
14.597127926738645,50.21858729607298,14.60042656873908,50.220255801072085,"Kostelec n. L., Na Cihelně"
14.269294332989698,50.294607172155956,14.27071567181569,50.29555282759543,Chržín
14.32842588675469,50.08603563638356,14.330372970782616,50.087395235633316,Libocká
14.344567937487605,50.167221339755834,14.345968062667902,50.16812066020861,"Úholičky, Podmoráň"
14.253752928634565,50.1216543614072,14.255163772111906,50.12266173834724,"Kněževes, U Nádraží"
14.469773950811456,50.07599852248658,14.471171449313712,50.076897877478046,Sourozenců Čapkových
14.397629233816973,50.075561714906996,14.399722013611173,50.07668349354061,Kobrova
14.49461167909494,50.080584236022865,14.496245728103505,50.081734264073745,Hostýnská
14.628499277650226,50.230681724728804,14.629901322438142,50.231581075236036,Křenek
14.426348864248157,50.088081822515896,14.431980790310561,50.09267195883937,Náměstí Republiky
14.39733930933829,50.09606332138275,14.40676790557493,50.09867547262234,Hradčanská
14.575287761088491,50.108090427928246,14.579739554576056,50.11023252027763,Černý Most
14.279060115056572,50.02536098623454,14.282869617388643,50.0267939529022,"Zbuzany, nádraží"
14.386873510587748,50.08695574731601,14.389023209774848,50.0891690745489,Pohořelec
14.598576403200992,50.1103723211274,14.600555083045153,50.11190657944343,Libošovická
14.44482290403629,50.08067143009053,14.44643709721711,50.08157856995019,U Prdlavky
14.588662625239305,50.20086379585979,14.590075174779841,50.20187010401034,"Polerady, rozcestí"
14.53724883742073,50.130877233810274,14.53928949138863,50.13217088400277,Valcha
14.69667751809994,50.125788406332674,14.701029692087076,50.126961896196526,"Jirny, rozcestí"
14.57714436200101,50.08823581643297,14.578542238098846,50.08913518353178,Stará obec
14.44311485851198,50.115485884127196,14.444741810676305,50.11639861589892,Pelc Tyrolka
14.469611721155566,50.07072746596017,14.471355882837127,50.07312438073602,Bělocerkevská
14.489633735521986,50.04246331845941,14.49103026459828,50.0433626815052,Choceradská
14.584872685228273,49.983288009233924,14.58626891686367,49.984335790719655,"Dobřejovice, Čestlická"
14.47320272595241,50.11677005670749,14.474724373137327,50.11772774307851,Čertův vršek
14.607015365888028,50.107675102751436,14.610952161032339,50.11207570912597,Sportovní centrum Horní Počernice
14.49932845790287,50.04084841766245,14.500724942215097,50.04174778230219,Knovízská
14.488713242111343,50.047097836727815,14.491894749708159,50.04852532926366,Sídliště Spořilov
14.353516411085339,50.075192789330416,14.35519419291369,50.076145409332746,Nemocnice Na Homolce
14.520035263736764,50.03454723797276,14.521550650690418,50.035725232962214,Prašná
14.401874585979991,50.17022223506922,14.403274814161929,50.17112156489533,"Klecany, Klecánky"
14.466671942622257,50.04380777946278,14.468213159729643,50.0448112205318,
14.48035125710746,50.10288842144104,14.484502047939102,50.105438688314244,Balabenka
14.449279563896315,50.05740721441075,14.450939780841587,50.058836861408025,Pod Jezerkou
14.532722004707106,50.29396258710522,14.536213648204553,50.29615622963891,"Tuhaň, Červená Píska"
14.164431200522985,50.065066347908584,14.165925097630584,50.06630545159078,"Červený Újezd, U Náprstků"
14.4123178147426,50.12658504172069,14.414637813485179,50.127857427857336,Poliklinika Mazurská
14.590333806318268,50.31229881897783,14.591923614598134,50.31329354352299,Liblice
14.495101076629117,50.26749237968363,14.496652227689756,50.26852452032209,"Libiš, Na Staré štaci"
14.487806503777897,50.05401642846687,14.489343502630243,50.05491307144181,V Korytech
14.684938778945018,50.098511786623334,14.686460415274487,50.09940491327457,Klánovice
14.483959195707289,50.07670703818028,14.486375705168294,50.07776436127294,Krematorium Strašnice
14.39008970607791,50.26273305454175,14.391827894440103,50.263637245479046,"Úžice, Červená Lhota"
14.405609378106126,49.998486065145336,14.407135722547082,49.99972193395863,Cukrovar Modřany
14.622357294407724,50.05063924931185,14.623803401826278,50.05159615057822,U Mezníku
14.393159032149638,50.094255878405015,14.3965624200843,50.09530992097993,Prašný most
14.307519780918552,50.253397349881595,14.308922419246496,50.25429665008278,"Kralupy n. Vlt., koupaliště"
14.414623368628783,50.08681854683226,14.419042359607584,50.090108774091725,Staroměstská
14.40239763748881,50.043037025123375,14.403794162652039,50.04393637484113,Pod Žvahovem
14.185691873823476,50.15708076224492,14.187754223917246,50.158183736081995,"Buštěhrad, U Školy"
14.473143356471821,50.20403236766889,14.474584239955027,50.20492463173421,Bašť
14.334578377289086,50.15774483992201,14.335978222868713,50.158644160042414,"Úholičky, Na Habří"
14.10747840290165,50.13314899419976,14.109200105824451,50.13424803365135,"Kladno, J. Kociána"
14.366092955361594,49.95921032165437,14.367487044787172,49.960109678310054,U Žlábku
14.223320519057895,50.0150752369336,14.224713482683788,50.016046262725375,"Nučice, Sokolská"
14.391975812518098,50.31390549077122,14.3935341885827,50.31487450892334,"Vojkovice, Bukol"
14.150109903536016,50.14989456452226,14.151828111286626,50.15137143573844,"Kladno, U rozvodny"
14.654406921351908,49.984498952451794,14.655901972631568,49.98593924730405,"Říčany, Marvánek"
14.653134456008038,50.17746247106271,14.654715744433638,50.1787415276334,"Brandýs nad Labem, Vrábí"
14.44446648689588,50.149255030072105,14.445866113235775,50.1501543698925,Do Rybníčků
14.339706643148379,50.04750144798427,14.344107405859296,50.05129310882487,Hůrka
14.657041457134154,49.991596604716854,14.658436542946392,49.99249599524795,"Říčany, Masarykovo nám.-Růžek"
14.647739210822309,50.18751861222309,14.649912283389632,50.188508188552326,"Brandýs nad Labem, Brázdimská"
14.11196925346223,50.125357350219815,14.118683028328894,50.12896142962881,"Kladno, nádraží"
14.382951820029419,50.061735999263995,14.384720890144274,50.0630477010199,Urbanova
14.403766956560167,50.100341779389304,14.405481147492175,50.10188531922046,Ronalda Reagana
14.503276903161582,50.12044392118026,14.504784898479784,50.12168757824512,Nový Prosek
14.384753752929758,50.08925435539249,14.386901002107852,50.091143026874256,Park Maxe van der Stoela
14.40494046823991,50.05238207083556,14.406766314712574,50.05401322969529,Pod Děvínem
14.420315226676795,50.259460170114494,14.42325246226923,50.26053292931149,Netřeba
14.219770067883568,50.165511385264615,14.221169933557018,50.166481814469016,Zájezd
14.406122535444512,50.32305854229694,14.407586069125294,50.32393715670413,"Lužec nad Vltavou, strojírny"
14.625278973124207,50.1150551696446,14.626730228427618,50.11613902944877,Třebešovská
14.474799197972285,50.076240630741026,14.476221103004317,50.07731346912583,Nemocnice Vinohrady
14.518223528632017,50.11863192860989,14.519658272732176,50.119693470715845,Čakovická
14.631490403790393,50.014964754702945,14.632994096713835,50.015929145233756,K Říčanům
14.549031066750977,50.088191548718115,14.551877031078883,50.08954997769116,Sídliště Jahodnice
14.429045877141037,50.07804859626151,14.433111577086242,50.08105857434376,Muzeum
14.541884265694177,50.15776938196143,14.54347932947926,50.15884181808684,Tuháňská
14.35781629659148,50.17673843931905,14.359216703560955,50.1776377606454,"Husinec, Řež, závod"
14.321390393333683,50.0370660137456,14.324616319719341,50.03827268900409,Slatinová
14.6592024119349,49.99471030485837,14.660597588145155,49.995609695106445,"Říčany, Park A. Švehly"
14.340001334402215,50.077611652076634,14.34325522050542,50.07902810116523,Obora Hvězda
14.366157150230178,50.03517162385463,14.3679462437604,50.0363778762683,Klukovice
14.29569187754399,50.04911467311387,14.298489205237013,50.050827481232155,Obchodní centrum Zličín
14.417120050007457,50.158860332951775,14.418519950130754,50.15975966701277,"Zdiby, Pod Hájem"
14.435827085325748,50.09122138700486,14.437347562123039,50.09241016315787,Těšnov
14.438645581217317,49.97715216039961,14.440187123952123,49.978200939594245,Hrazanská
14.114935646463632,50.1072103191944,14.116478052957662,50.10846137975627,Pletený Újezd
14.670857171126674,49.98874568998444,14.67225682862202,49.989719009953504,"Říčany,Azalková"
14.577604517018859,50.02244421128173,14.579000483080543,50.02334358868302,Pitkovice
14.554845389226266,50.133657529750025,14.55660165368129,50.13607495992926,Praha-Kbely
14.420126590111161,50.07301204878617,14.421797468283984,50.07405844766102,U Nemocnice
14.597877082330971,50.15639139848975,14.599671813809186,50.15732630179551,Podolanka
14.54012715699103,50.10581886748111,14.54421135693215,50.107055117069045,Sídliště Hloubětín
14.402824626559152,50.021927527828204,14.405824105330865,50.023624314749284,Černý kůň
14.673132423966052,49.99381030415182,14.67452757611072,49.994709695813,"Říčany, Terronská"
14.29153607203993,50.09241579339874,14.2930121335741,50.09380200642952,Obchodní centrum Ruzyně
14.341845582035166,49.99342526970325,14.343301825788803,49.994925930177516,Cementárna Radotín
14.493686390566078,50.2873999553505,14.496389762138703,50.29027769748821,"Obříství, Štěpánský most"
14.372474104907278,50.13452920827969,14.373948898101116,50.13549529167081,Výhledské náměstí
14.564045446914912,50.12570014469722,14.566035819548985,50.12671385620583,Dřevařská
14.504461901798557,50.05984501216213,14.507209962836741,50.06121471884528,Zahradní Město
14.551971038569873,50.07168508494112,14.553669022041936,50.07276645015652,Škola Štěrboholy
14.349572101067743,50.019387480104186,14.352386589239323,50.02051350049408,Za Farou
14.24784404255872,50.161022048599264,14.249243957619695,50.16192135136498,"Okoř, Křižovatka"
14.603167345399322,50.10983581665484,14.604565854694485,50.11073518330995,Khodlova
14.327468726150263,50.038593336719615,14.32920750169083,50.039669568529966,Raichlova
14.223478432887738,50.02331890647578,14.226054015359415,50.0246767765028,"Nučice, nádraží"
14.219981370403465,50.05120030765839,14.221721148538885,50.05244356599963,Chýně jih
14.282720334325456,50.132022921355556,14.285088853540111,50.133137680425904,"Tuchoměřice, Statenická"
14.219910558429905,50.132039333558374,14.22138584474629,50.13300756638723,Běloky
14.339167523876826,50.31816435198505,14.34057207628121,50.31906364797941,"Vraňany, Mlčechvosty"
14.395801164861306,49.946221035188216,14.3980013493319,49.94808164848268,Dolní Břežany-Jarov
14.41209089052425,50.01169412189466,14.41348650961409,50.012593478069846,Na Cikorce
14.622992492284636,50.099183889659336,14.62457530908929,50.10009021037146,Ke Xaverovu
14.643284347329868,50.251133121058935,14.64526105497069,50.25221347742684,"Dřísy, u vily"
14.585649182095313,50.08680191583388,14.587047018002524,50.08770128413089,Nad Rybníkem
14.566256180105176,50.04341750860161,14.568001443123164,50.0447814263165,Na Křečku
14.514407343602393,50.00064118531765,14.518579095216559,50.003428603935376,Hrnčířský hřbitov
14.429195320085247,50.054652400909006,14.436153812728824,50.05774788296013,Pražského povstání
14.624549150580147,50.10042263203766,14.626107529848879,50.101846654488085,Xaverov
14.244496534454768,50.13736288232653,14.246033863479104,50.13831101723512,"Středokluky, Rozcestí Černovičky"
14.291588571998627,50.015122302249495,14.293101134979526,50.01662799750624,"Ořech, K Ovčínu"
14.31128058737653,50.0855589306556,14.315001784148144,50.08692634625155,Ruzyňský velkoobchod
14.32320105164728,50.216622489353526,14.324636143541586,50.21758291045871,"Dolany nad Vltavou, Debrno"
14.4424031156366,50.101892827488854,14.444401558903333,50.10402660109038,Argentinská
14.516061417652661,50.181058474657405,14.517488978078292,50.182300725255786,Hovorčovice
14.42947179065189,50.08458042658426,14.431520876285909,50.085844396953625,Jindřišská
14.111912470817956,50.11957716064789,14.113311129392265,50.120476439316086,"Kladno,,Belgická"
14.307243968581927,49.946847951512964,14.308824009405342,49.94783630183088,"Černošice, U Transformátoru"
14.425738317884369,50.03621092088436,14.42806718391126,50.03714277940879,Pod Ryšánkou
14.371073226514856,50.12544260571451,14.373056148857463,50.12641334009982,Žákovská
14.105888868884973,50.14136693369624,14.107345931600692,50.14249806590452,"Kladno, J. Hory"
14.214526958290474,50.143842626415484,14.215926839266434,50.14491407353641,"Makotřasy,Náves"
14.375379581154034,50.09465179715099,14.37787492185249,50.09560930338592,Pod Vyhlídkou
14.48552011057184,50.14789059044024,14.487933234420233,50.14984360852237,Ďáblice
14.493335546727229,49.98501030566437,14.49480055508274,49.98620589401638,"Vestec, Safina"
14.422294664220415,50.038662223853116,14.424093809878377,50.039740792295134,Zemanka
14.59336947992454,50.028871512592744,14.596072962446888,50.03030125966957,Ke Kříži
14.383179201928499,50.00258654347841,14.384818894548289,50.0035383554481,Zahradnictví
14.295051337480633,50.17103146391066,14.296927358569086,50.17203573434298,Svrkyně
14.381590096300625,50.01156552440468,14.382985703844893,50.0124648755598,Škola Velká Chuchle
14.560189758191303,50.073955072511346,14.562201640052193,50.074954491051884,Novoštěrboholská
14.609507012363546,50.11488790912084,14.614250262788703,50.117384778253346,Nádraží Horní Počernice
14.307662361711794,50.28218340902026,14.310024101663593,50.284858824400324,Nelahozeves
14.569105561068596,50.10143014053439,14.571417941037076,50.10236745980194,Doležalova
14.351980918892195,50.002322489027314,14.353574978912473,50.00368950989759,Lochkov
14.233330436204882,50.303467348274104,14.234737667953425,50.30465215166957,"Černuc, Miletice"
14.50882114397342,50.053174650169204,14.511417100252947,50.054123225071706,Práčská
14.451653413757988,50.16091199770099,14.453358585499831,50.161867193346495,"Zdiby, U Celnice"
14.616925165530782,50.11213168064011,14.61841543532497,50.113076819193736,Chodovická
14.446241501719118,50.071445038735696,14.448489674419063,50.07246219387694,Krymská
14.410881892183692,50.22813737462134,14.415469306928813,50.22906702552207,"Odolena Voda, Komenského"
14.53902823237248,50.055924179132056,14.540773474387414,50.05686932121778,U Továren
14.337830961985842,50.05335424209615,14.340175190165738,50.05475857571352,Bucharova
14.533096383878442,50.21833613997693,14.534914120311175,50.219507460000564,Nová Ves
14.429735259078459,50.0688703249489,14.431132541056122,50.06976967501564,Karlov
14.529993397615947,50.026522125518824,14.531627749391134,50.02742925176461,Milíčov
14.578153033256012,50.10169642488107,14.579742968992802,50.10272477510166,Bryksova
14.378911690861472,50.08405747714812,14.3877411973713,50.08723688007816,Malovanka
14.489644034678621,50.038922616945825,14.491580175004646,50.04017418387207,Chodovec
14.514278026277992,50.046568440973395,14.516122768663415,50.047566883756204,Na Košíku
14.743452047735522,50.155488885302596,14.745316350644677,50.15640841484415,"Čelákovice, Toušeňská"
14.295890173941235,49.95975587709203,14.29756972687657,49.96077992239268,"Třebotov, Solopisky"
14.166181885553506,50.05188556504677,14.16818221514195,50.053018333767774,"Ptice, křižovatka"
14.360225010059674,50.0866199320919,14.361622790091467,50.08751926787258,Kusá
14.46232191204375,50.12561391652111,14.464672360311136,50.126659443313784,Kyselova
14.434754357902328,50.12673697408473,14.43641323411628,50.127923326052894,Čimický háj
14.40129142848046,50.0574493263366,14.402688371660757,50.05834867362791,Kesnerka
14.452359988891164,50.10278781178167,14.454273003364676,50.103802585586635,Maniny
14.690917377034582,50.176409803192925,14.692344422775005,50.177470296580296,"Zápy, Stavby mostů"
14.55552515044005,50.07232533304727,14.557151050649043,50.07348516673996,Drobná
14.507245639311533,50.11691612236009,14.508830261658686,50.11782087765795,Klíčovská
14.339785271625681,50.06736008153631,14.342142242576191,50.06838514764031,Vozovna Motol
14.514248373045023,50.12404849659103,14.517527735438675,50.12653664859817,Letňany
14.459923794783977,49.96555806466697,14.461556826238088,49.966730656743174,"Dolní Břežany, škola"
14.482575264105847,50.03328022258574,14.484546229220875,50.034520531295264,Dědinova
14.372316698963658,50.10369856521544,14.373802314777329,50.10559383463684,Hanspaulka
14.116404297531243,50.14981550359921,14.118210730171953,50.15091385451823,"Kladno, Poldi"
14.552293821412018,50.066087714542086,14.553911682918399,50.06700130709355,Kardausova
14.557404709367937,50.03694184843866,14.562639675819547,50.04064556371427,Poliklinika Petrovice
14.369515547880463,49.97486869953731,14.370915654552169,49.97595190041262,Lipenecká tržnice
14.480499041319487,50.04778229435591,14.484826868636711,50.05141718471105,Spořilov
14.49768711164565,50.10942112478645,14.506161676960158,50.11196397063339,Vysočanská
14.396134977585081,50.038620494854975,14.39791834685999,50.03997350089584,Michnovka
14.412900808136898,50.045615770408865,14.41617307442376,50.048597676039925,Dvorce
14.380435905109024,50.06015236746388,14.381852392952153,50.06118103183028,Farkáň
14.385750166724746,50.07097979683392,14.388985323923528,50.0721935746027,U Zvonu
14.428234988918758,50.07340499722662,14.432837088332304,50.07678946214081,I. P. Pavlova
14.513391546669807,50.25825335564152,14.515759352915536,50.25952394262697,"Neratovice, Dům kultury"
14.134021504943398,50.090376294956585,14.13597639031825,50.0913351055341,"Unhošť, Lidická"
14.38918518629401,50.07943312448475,14.390881072194574,50.081162527618226,Koleje Strahov
14.492985629679811,50.107970301830356,14.496429846451777,50.109711515894176,Poliklinika Vysočany
14.572075362849954,49.98018536312131,14.574439437530758,49.981454135174054,"Dobřejovice, Jesenická"
14.402653546759009,50.079561040959895,14.406683681743285,50.08314355506819,Újezd
14.545522103951747,50.06108701772506,14.54733483854448,50.06211235525784,Zentiva
14.664682085848613,50.07463951901138,14.666948530083605,50.075779446489996,Sudějovická
14.657718132317495,49.99330880481853,14.659113267762905,49.99420819514625,"Říčany, U Milána"
14.571865288946563,50.12762811980781,14.573264311154752,50.12852748015692,Za Kapličkou
14.394369898433304,50.07378421570533,14.396593686841614,50.07478148149874,Holečkova
14.627311092289121,50.04924216506636,14.628825496440669,50.05100873472156,Hájek
14.52058232878281,49.98749679302498,14.522275466322347,49.98910920449122,"Jesenice, Zdiměřice, sportovní areál"
14.390335509809326,50.092434339448864,14.393876031825773,50.0936749222963,Brusnice
14.127967058043032,50.162876625284355,14.130684010518715,50.163858299434054,Kladno-Dubí
14.415715928647774,50.11697411952226,14.417212375082029,50.11788157967442,Kovárna
14.46595146900559,50.062534108740046,14.467630318509672,50.06389519146711,Vršovický hřbitov
14.414959123573137,50.132803777688856,14.416562311835781,50.134365317604846,Staré Bohnice
14.324334324726872,50.241438420327896,14.325892679997356,50.242482579682104,"Kralupy nad Vltavou, U Dýhárny"
14.490713618354361,50.09973299313227,14.492588878795646,50.100666207135504,Novovysočanská
14.476888971947684,50.29485412821515,14.478389530691095,50.29578087129772,Obříství
14.518404980724434,50.04729093714,14.520305348525593,50.04832337326839,Toulcův dvůr
14.40323015804848,50.07536706831018,14.40644466652665,50.07685439340638,Arbesovo náměstí
14.403551151450925,50.08734678944239,14.405298627799164,50.08870327438274,Malostranské náměstí
14.444779054889745,50.005941736692996,14.448008991879586,50.00736694958595,Observatoř Libuš
14.422193849575251,50.11021523055956,14.423816151502603,50.11124296931585,Císařský ostrov
14.39989789565723,50.20102186874586,14.401362422133515,50.2031649311116,"Vodochody, rozcestí Hoštice"
14.38634175081043,50.231721904169504,14.388129253314093,50.23265679612328,"Postřižín, U Kapličky"
14.648524123010871,50.01764757618702,14.650145570918948,50.018765623896336,Pánkova
14.170587922134171,50.15594972107018,14.17237707842607,50.15703527849002,"Buštěhrad, U 7 komínů"
14.519185126309383,50.25636197103044,14.520890483903916,50.257436575161975,Neratovice město
14.150485883240156,50.062096127450076,14.151888617774187,50.063099272501454,Svárov
14.612266804812364,50.04044521458629,14.614001605637085,50.04175128566828,Netluky
14.498277521020919,50.08128371737682,14.501966130186444,50.082537604343564,Plaňanská
14.525576564193496,50.04966214998415,14.527125439411318,50.050566550020335,Hostivařské náměstí
14.341376042150584,49.955651716096526,14.342850659295486,49.95685008348595,Ke Kazínu
14.415705424006127,49.99152445261629,14.41714457036073,49.9923955470956,Do Koutů
14.548294864695736,49.99736439794264,14.549884868261376,49.99837506942442,"Průhonice, Tovární"
14.525054833696242,50.1590152674103,14.52649506348261,50.16020323245017,Hamplova
14.295534269545247,50.01935375982838,14.297020932729007,50.02028343977193,"Ořech, u školy"
14.495360656155313,50.11835523357304,14.501306553172226,50.12019536324762,Prosek
14.32737410635906,50.058446738533405,14.328834000350911,50.059472461245065,Za Mototechnou
14.347003822599627,50.22355020919192,14.349783635725725,50.22580729203014,Dolany nad Vltavou
14.366381632781426,50.07651548427406,14.36853734184174,50.07773170380126,Spiritka
14.626734130738996,50.06195540887334,14.628412472111803,50.06293589014839,Kolodějská obora
14.267044944059808,50.13563157234869,14.26916195322181,50.13690416242166,Tuchoměřice
14.487168832040235,49.98291075520282,14.48880438797167,49.98387721172275,"Vestec, BIOCEV"
14.331339027761034,50.05952672096286,14.332738671793265,50.06048457894879,Ordovická
14.442751839940348,50.084313119725614,14.446095449418944,50.08554939695107,Viktoria Žižkov
14.678799167782046,50.11256112612369,14.680613319651913,50.1139813742734,"Šestajovice, Za Stodolami"
14.324137769193024,50.11096217276911,14.32597713475649,50.11190142756679,K Noskovně
14.138726479554938,50.14722259335732,14.14093852394075,50.14833730419016,"Kladno, Dříň"
14.735529095398547,50.174319015685654,14.736929504664124,50.175218384279255,"Káraný, pošta"
14.340150341779252,49.95070181443077,14.341623501763484,49.95162410827615,Kazín
14.122048405010096,50.1519164988657,14.124348466206598,50.15301226156042,"Kladno, Újezd"
14.515478732529644,50.26161391219988,14.520412039280245,50.26325775158764,Neratovice
14.408219655429539,50.08991121570069,14.411343846813093,50.09292598528942,Malostranská
14.474942383369507,50.03697236845576,14.479456660047383,50.03902504679769,Roztyly
14.476625785256951,50.05500277970046,14.48034331884263,50.05750719049243,Záběhlice
14.363149259602991,50.02117332673869,14.364545140546948,50.02207267322575,Opálová
14.480406301741693,49.961953412837246,14.48180049838024,49.962852787127375,"Zlatníky-Hodkovice, u prodejny"
14.554735267038872,50.26691265879163,14.559475488469742,50.27041775195047,Tišice
14.336974535015468,50.309353081310086,14.338413468418457,50.310247618138916,"Všestudy, Dušníky nad Vltavou"
14.374456326682337,50.00442162009374,14.37602306810445,50.00548837993657,Na Hvězdárně
14.65231269341672,50.07189201119573,14.653710106665285,50.072791388769105,Druhanická
14.64413870215456,50.07819844972893,14.646762386029478,50.079335552297586,Blatov
14.572121771522088,50.12882191988573,14.573520828579172,50.129721280079,Netřebická
14.2912727635456,49.97323032962817,14.292667236620858,49.974129670336154,"Třebotov, Škola"
14.45162997588498,49.960340080297286,14.453366231853398,49.96208361864305,"Dolní Břežany, hřiště"
14.376645208094395,50.29639653932745,14.378743293232851,50.29731606084813,Vojkovice
14.569707815491668,50.14553354404855,14.573065887464159,50.14697485096976,Rousínovská
14.328419827869737,49.997797874607755,14.330521261932489,49.99884362658287,Lomy
14.213712697791888,50.088994446589126,14.215110502393923,50.089893753375065,"Jeneč, Lidická"
14.454101587654813,50.02952856153231,14.45676356011687,50.03165476376558,Nemocnice Krč
14.216297597158439,50.2400937036041,14.220269928296252,50.24219385141902,Neuměřice
14.422975000681578,50.0645652375731,14.426364713828145,50.06584782239576,Ostrčilovo náměstí
14.430634383891961,50.1426554227818,14.433249379162895,50.145339494386995,Sídliště Čimice
14.45997347461232,50.130232113929246,14.461466028972104,50.13153448577027,Kobyliská střelnice
14.381071820635043,50.16095056005073,14.383444911140218,50.162243180870036,"Roztoky, U Rybníčku"
14.6909790066853,50.208787641127,14.693996519268694,50.21062542789979,"Brandýs nad Labem-Stará Boleslav, železniční stanice"
14.230062801496908,50.19748362172873,14.231647798482143,50.19847797808073,"Koleč, u trafiky"
14.447915668579435,50.149197232358574,14.449593830461005,50.1502487674204,Měděnecká
14.334264791125726,50.036841593578856,14.337116656114123,50.0405041155455,Bašteckého
14.134296310845814,50.11014781874295,14.135733588403696,50.11122058075762,Malé Přítočno
14.756787396833488,50.16240822181236,14.758303503442077,50.163615277300586,"Čelákovice, Jiřinská"
14.362933818567203,50.197692836578,14.368048374359232,50.20093176365201,Libčice nad Vltavou
14.323284095552273,50.05444513075515,14.326560913582057,50.05556047123505,K Hájům
14.436818551812713,50.0421197318516,14.440296757361454,50.04453055951569,Na Strži
14.677310162589073,50.19649989972179,14.679555144049147,50.198343512009515,"Stará Boleslav, autobusové stanoviště"
14.411743177687542,50.021845842794235,14.413508520468202,50.02276425733829,Na Lysinách
14.429728592164638,50.05875755633156,14.431140907288139,50.0597760434359,Vyšehrad
14.352748867716768,50.10698293029565,14.35440378786792,50.10819119340273,Jenerálka
14.542748230538555,50.049472574387465,14.544324142598109,50.050780256243286,Gercenova
14.389746551390898,50.017464843299145,14.39308463726154,50.01878309076397,Obchodní centrum Chuchle
14.42836461823459,49.99702434378717,14.430187676393276,49.998426016940044,Na Beránku
14.487902971313485,50.069523189089736,14.490118141556163,50.07097220291547,Na Hroudě
14.310154552211209,50.232546077790445,14.311605746360986,50.23369292195355,"Kralupy n. Vlt., hřbitov"
14.605518289379516,49.991690536559,14.606992202310213,49.99278026323199,"Nupaky, školka"
14.423683127395886,50.07278195371467,14.42516998548868,50.07406499714627,Větrov
14.596765339719196,49.993387833882984,14.599126571693134,49.99448826780994,"Nupaky, hotel"
14.152787458905234,50.16571855630665,14.154948546632001,50.16673373483348,Kladno-Vrapice
14.396832249156477,50.06062432641462,14.403283808736644,50.06237374458056,Laurová
14.54576611992266,50.14316622597343,14.547472120222613,50.144913749048584,Kbelský hřbitov
14.345564878373022,50.082452109512936,14.348326780369728,50.084642617887134,Nad Markétou
14.420851623463832,50.04330041152827,14.422329168074025,50.04439628826928,U Školy
14.377223310401105,50.0641099787167,14.379241289233356,50.06525212018062,U Měchurky
14.433023509617637,50.08059291366271,14.439029624724187,50.086559602112494,Hlavní nádraží
14.355834135479153,50.01546969882512,14.35737746162918,50.01648290117878,U Křížku
14.260981685352618,50.11794567695366,14.262493419764601,50.11896942298944,"Kněževes, Stará hospoda"
14.460547304849138,49.98371111681816,14.46222734812634,49.984680098385326,Cholupický hřbitov
14.654161177505506,50.274210441343,14.656365928728507,50.275722840595016,Konětopy
14.231346667462054,50.01645109978467,14.232943630646282,50.017423799679044,"Nučice, Prokopská náves"
14.525831215541986,50.06266981834939,14.527457104125583,50.064249687798686,Mokřanská
14.427708974617618,50.099130619363244,14.429547467911673,50.10015245108787,Kamenická
14.463317742654807,50.04903816830114,14.464951813665524,50.05004528148547,Pekárenská
14.58277763898215,50.05703816900774,14.586638424224043,50.05958298972805,Lázeňka
14.367435652873077,50.079558431932305,14.369962145807758,50.080566602128805,Rozýnova
14.398445268652031,50.0657361304255,14.399862639455732,50.06721176949249,Santoška
14.378929330568862,50.208400339956235,14.380330669578797,50.20929966000828,Máslovice
14.563278995340022,50.05478601782175,14.565201918897571,50.055766503573075,K Dubečku
14.388983981787607,50.01508754828348,14.39040343489716,50.01714815159138,Starolázeňská
14.71538721379845,50.168783251429005,14.717395086698312,50.169920347438975,Lázně Toušeň
14.274841341998643,50.129957026060154,14.276219251944756,50.1309016735318,"Tuchoměřice, Kněžívka"
14.622100745663303,50.10971031564107,14.623499254426017,50.11060968432371,Jizbická
14.491242057483968,50.067398402288156,14.494326135503329,50.069152135437086,Staré Strašnice
14.36516796520925,50.06186153508184,14.366954439890156,50.0630418649919,Průchova
14.67630356672926,49.995759067255975,14.678626426778123,49.996772933730064,"Říčany, Radošovice, sokolovna"
14.360676061982426,50.02946144465234,14.362848562978654,50.03098322189656,Náměstí Olgy Scheinpflugové
14.32591560849757,50.08812319961707,14.327750095142415,50.08914529726844,Litovický potok
14.611688334395513,50.14054182780514,14.613952341031014,50.14266317350616,Radonice
14.533005243820181,50.031337008564904,14.53512516676623,50.032528821063785,Horčičkova
14.247850954203358,50.080316281546,14.250294142088253,50.08148011545823,"Hostivice, stadion"
14.418736938320457,49.99194108803217,14.420828124301634,49.993019568992594,Nové Komořany
14.379913875744197,50.078661549070425,14.383431817983517,50.079722152312186,Diskařská
14.363827096741892,50.08481120958495,14.365980857088024,50.08616245181947,Břevnovská
14.4760512360465,49.97345781404501,14.477445764076526,49.97435718591957,"Zlatníky-Hodkovice, Inovační"
14.431737974475586,50.06811822614259,14.4334211287471,50.07020444544971,Pod Karlovem
14.498791384897997,50.01668666047764,14.50083466051515,50.01775166931109,Koleje Jižní Město
14.593791177009631,50.112060472236166,14.597819026222526,50.113043328561496,Chvaly
14.589911032422988,50.062218116143875,14.592121380351674,50.06371098574823,Škola Dubeč
14.441528506386566,50.043051540788056,14.443848196821353,50.044132211741214,Krčská
14.384716004340019,50.15207171273991,14.386293000923652,50.15354588671259,"Roztoky, Maxmiliánka"
14.334732536446104,50.03684113049371,14.336128863710666,50.03774046947071,Ohradské náměstí
14.387074737294466,50.076616769464586,14.389633056185692,50.079047682353234,Stadion Strahov
14.431815923217089,50.00459662586348,14.43453024853181,50.00590147520397,Sídliště Modřany
14.344885035697091,50.05420402701521,14.347591216408755,50.055370524685756,Nušlova
14.170596402796047,50.18454001790264,14.172077997639683,50.18568608128252,"Brandýsek, železniční stanice"
14.50990301643506,50.01722296636883,14.511547001988628,50.01898115765146,Šeberov
14.34403937845852,49.97620887516202,14.345404024799327,49.97715662403776,Dehtínská
14.410525674478333,50.23263507663739,14.4121481841975,50.23375611632416,"Odolena Voda, Dolní náměstí"
14.50896971992063,50.06935821878224,14.51135266780253,50.07072686573063,Michelangelova
14.514596604411492,50.06445391160137,14.516510684996126,50.06602957781556,Královická
14.519487926852438,50.0200302659305,14.52091537363193,50.02109303368449,Kateřinky
14.369378145438715,50.083460724553454,14.372709817692451,50.08444817419321,Drinopol
14.541905165138107,50.05585269033248,14.543762128984998,50.056810610147416,Továrny Hostivař
14.433821656630638,49.99369157242718,14.435636729576292,49.99486566853376,Cholupický vrch
14.387412034960738,50.09309779104606,14.39065632745355,50.09454710436702,Vozovna Střešovice
14.375711767545939,50.25541490236989,14.381359373536705,50.256861386359056,Úžice
14.499440555346034,50.07154961002639,14.501568164619774,50.07257687061854,Štěchovická
14.436081404746211,50.10006472688523,14.43747959538709,50.10096407307935,Řezáčovo náměstí
14.295964110514552,49.974157577156376,14.297984285364034,49.97519622068598,"Třebotov, Sanatorium"
14.586562874596693,50.10757658380501,14.588281946838848,50.10885090558945,Obchodní centrum Černý Most
14.290442644168834,50.115444168773045,14.292105758670873,50.11651863121074,K Tuchoměřicům
14.401059671465655,50.01251605063893,14.402881974724336,50.0151557398802,Belárie
14.307753399168746,50.06054697344295,14.311297226089092,50.062104355986726,Bílý Beránek
14.590071884140952,50.032477624537236,14.593979068103389,50.034569625930914,Nádraží Uhříněves
14.454665063740821,50.08570429570507,14.456219350583961,50.08685966934093,Rokycanova
14.41923224610373,50.28106273445197,14.420651453594171,50.28208306535305,Újezdec
14.40925798192233,50.010262067107504,14.410671319267012,50.01128773246995,Darwinova
14.40831955884868,50.09447091398491,14.409986417732286,50.09569179760588,Chotkovy sady
14.663204164948937,50.184680346114746,14.665120831558315,50.18588015365389,"Brandýs nad Labem, U Soudu"
14.426693025075943,50.07238697393177,14.428073066481373,50.073326634991496,Na Bojišti
14.52030115298471,50.3078972370394,14.521705447129904,50.30879656292534,"Kly, Záboří"
14.372447814780466,50.07242242992526,14.373845185367685,50.0733217700392,Pod Lipkami
14.588912617657202,50.2821122205329,14.590827878372863,50.283320579300046,Všetaty
14.55828736048685,50.11169774452024,14.56080145609939,50.1135269561851,Lipnická
14.266931010705187,50.10481345596273,14.268946962954615,50.1059833790386,Terminál 2
14.475509651126737,50.12736126776855,14.479108575428128,50.12862969511559,Štěpničná
14.58752538702462,50.230276426895855,14.588927413073504,50.23117577306892,"Kostelec n. L., nám."
14.408626793275491,50.155969633409796,14.410026606864713,50.15686896655475,"Zdiby, Brnky"
14.4934293881759,50.0508629064888,14.495603062633544,50.053539691286,U Lípy
14.402859242521501,50.06704329929763,14.407671878617991,50.06961748740157,Na Knížecí
14.33449934502001,50.06710648339392,14.337554107269629,50.06915427547121,Motol
14.620455105383954,50.114865484635246,14.621966690619518,50.11587121534136,Komárovská
14.531236561532477,50.07380098680196,14.533611663188115,50.075196850486726,Ústřední dílny DP
14.335190796850759,50.13827003713719,14.33675709853578,50.13917526288062,"Horoměřice, Velká Brána"
14.550754743469541,50.0634747775711,14.552635856304748,50.064920847136285,Kutnohorská
14.339160154015849,50.08357907433356,14.340855542909786,50.08450032582827,Na Vypichu
14.467125752125312,50.12570334403216,14.471866660647127,50.127160265916984,Ládví
14.494360431108996,50.12822349927571,14.497870961740427,50.129304202304816,Zásadská
14.098451171360082,50.07919489942913,14.101128757086048,50.080550112038274,"Unhošť, Amerika"
14.408981898379649,50.09668946075904,14.41106897033143,50.09806951033146,Špejchar
14.311124161303576,50.11392272186278,14.312971733157879,50.114876378581606,U Václava
14.612383201955149,50.25135142088471,14.616825739892791,50.254477597786554,Ovčáry
14.521664340958095,50.15459863548003,14.523223070627727,50.15640656425073,Krystalová
14.500659316052202,50.084593962470265,14.504377968336975,50.085897041040475,Univerzitní
14.47724483765442,50.08690518230313,14.480761354711195,50.087998519387014,Olgy Havlové
14.30033328538775,50.11727212081132,14.301970713584277,50.1183074790285,K Juliáně
14.441432556012387,50.14515117759586,14.443511851348678,50.14615132327211,V Kratinách
14.319822277225834,50.254956210758394,14.321298122136604,50.25608428846685,"Kralupy n. Vlt., Synthos"
14.429662160397195,50.06220510525399,14.431377851811424,50.064062311685696,Vyšehrad
14.344582346822484,50.06164785725507,14.347507236460249,50.06270114220298,Praha-Stodůlky
14.419260459309328,50.166227028381975,14.42099844557215,50.16747989200806,"Zdiby, Polní"
14.435446491800628,50.13556188254968,14.437218712292397,50.13653751586454,Přívorská
14.228090820874394,50.05452451257332,14.230808577976001,50.05584398453546,"Chýně, V Roklích"
14.420492638178006,50.03107660186914,14.427813423512754,50.03237031239041,Ve Studeném
14.350639902853128,50.05028171395036,14.354359748099927,50.052117442237694,Nové Butovice
14.526763084042646,49.96884350166881,14.530121416134472,49.96974459836454,"Jesenice, Belnická"
14.199845758334803,50.01736883620481,14.202615246035577,50.01887536215094,"Rudná, Hewlett-Packard"
14.515071728536645,50.13652563841968,14.51655887484782,50.13743686091045,Radnice Letňany
14.580204864936654,50.0425518284521,14.582836865035327,50.04435546652322,Fruta
14.354946041450319,50.07306638367307,14.356929556963944,50.07398981649694,Weberova
14.415884425480149,49.99817368496446,14.41764095516784,49.999418370073315,Platónova
14.500867941629432,50.12608834806545,14.502298956338374,50.12722325180228,Českolipská
14.536902415382643,50.033825632835395,14.539047176379997,50.034848268201884,Jižní Město
14.46607614015807,50.017350344097615,14.467749010021873,50.0184830046385,Ústavy Akademie věd
14.378242270442085,49.95218961556275,14.379915427894643,49.95319298378074,Baně
14.172182532675015,50.18362645881991,14.174224619244201,50.18484049449382,Brandýsek
14.667224439500202,50.05352438772068,14.669012363250596,50.05445061249443,"Sibřina, Zahradní"
14.391253537545007,49.941990336450644,14.3928120615239,49.942989463462965,"Jíloviště, Výzkumný ústav"
14.407461125450853,50.21918209698748,14.409428500198656,50.221647073521,"Odolena Voda, závod"
14.51025171565486,50.13093724824837,14.512219378783767,50.131905252327336,Příborská
14.51126028909629,50.14174032471084,14.512659711019468,50.14263967525386,Ivančická
14.403518524823566,50.085212428316495,14.40491627531733,50.08611177164803,Pražské Jezulátko
14.383830097203614,50.1422141343898,14.385229502942373,50.14311346557471,K Drsnici
14.302011167826393,50.09281389487272,14.305733529890226,50.09411563893151,Navigátorů
14.44139333956087,49.990101559312016,14.442912845468687,49.991159387608874,Zálužická
14.26739139806582,50.12381112211005,14.270484435174705,50.12482294629855,"Tuchoměřice, rozcestí"
14.468341600928037,50.06697200242816,14.472266025489178,50.07019496546934,Slavia - Nádraží Eden
14.301100851968155,50.13490246527067,14.302856852202439,50.13587183315268,"Tuchoměřice, Štěrbův Mlýn"
14.351961015977361,49.959193224597136,14.353784588292978,49.9601786736128,Lipence
14.545517385904802,50.34386176744018,14.547679122550319,50.34491212084607,Mělnická Vrutice
14.163974913063758,50.248150710255146,14.16544508259907,50.249129289650874,"Žižice, odbočka Luníkov"
14.15754199980684,50.188176108937256,14.158923597176813,50.18914139028137,"Brandýsek, škola"
14.310337550767494,50.067934305196275,14.311822444219251,50.06930569456359,K Trninám
14.518393908614211,50.16653303311715,14.51992779323995,50.167437066890365,Za Tratí
14.574206898231472,50.03622564214191,14.575594495135578,50.037197457453914,Betonárka
14.576531026066249,50.09071031666121,14.577928974033764,50.091609683303545,Dolnopočernický hřbitov
14.36693327617184,50.06824773007628,14.368330523977573,50.06914706988816,Pod Školou
14.25265883049667,50.29449300675577,14.25406217119426,50.2954699928961,"Chržín, Budihostice"
14.563827185626554,50.04685701450089,14.567412484284903,50.04995861009917,Nádraží Horní Měcholupy
14.651702257614515,50.18808776877141,14.653352939353644,50.189053730290055,"Brandýs nad Labem, nemocnice"
14.457857043551959,50.075008136205824,14.460657992360165,50.07667543458261,Orionka
14.450254599562678,50.166045643321645,14.452825692959072,50.16716354553102,Zdiby
14.498924275854549,50.032644794735305,14.500908732673382,50.03390221174435,Chodovská tvrz
14.444296067729967,50.06352943075369,14.449590499932238,50.0665931362176,Nádraží Vršovice
14.486805352063058,50.029637575689854,14.488526759492963,50.03120148546487,Petýrkova
14.471291762132369,50.073088554362776,14.47371131495434,50.07415817635009,Volyňská
14.526744501907695,50.17923297892278,14.528401620386866,50.1811846095478,Hovorčovice
14.357713290128922,50.05218629695896,14.36012780547992,50.05317030375325,Karlštejnská
14.538432714363791,50.032895760635,14.540381996547598,50.033878596678555,Sochorcova
14.31777757999224,49.95254401683216,14.32026913790502,49.95418325682472,"Černošice, Kladenská"
14.711805274916728,50.0789730464687,14.713223326835559,50.08006475344277,"Úvaly, Elektromechanika"
14.297027088122324,50.198428046607894,14.298428112044741,50.19932735335647,"Holubice, Kozinec, Habrová"
14.512926228523765,50.132379431448925,14.514390971806982,50.13350596789953,Boletická
14.516319003597726,50.2585102185933,14.518307372998887,50.26022153690858,"Neratovice, Nám. Republiky"
14.253482182324957,50.0808110454027,14.255976219071364,50.081736654849834,"Hostivice, centrum"
14.714051786382617,50.07251620709477,14.716255433554904,50.07344485884331,"Úvaly, MŠ Pražská"
14.512832168411945,50.20312994027237,14.514506964891677,50.20625700870489,Měšice u Prahy
14.290705454980696,50.05915475242243,14.294196792766597,50.06081756882686,Sídliště Zličín
14.498173285064096,50.2098755786954,14.499687525231979,50.21156762111172,"Zlonín, Rozc."
14.368835459862254,49.98927716127111,14.371023344714803,49.99060623825383,Vrážská
14.160082525646146,50.188401848300984,14.161495072911354,50.18941365127718,Brandýsek
14.362942206493981,50.089659237868396,14.364841359892518,50.09099031045144,U Vojenské nemocnice
14.35558366835117,49.96022511777047,14.357033727692473,49.96119028212583,Škola Lipence
14.320974506181676,50.04958487626316,14.324026399058079,50.05056196345288,Mládí
14.589816707701262,50.02412143405796,14.591812900313593,50.02525073409065,K Pitkovičkám
14.481463611293979,49.96598698718663,14.482980288541084,49.96718741177769,"Zlatníky-Hodkovice, Slunečná"
14.398408902091667,49.9714670989843,14.40078051569318,49.97330450191282,Nádraží Zbraslav
14.516906701595055,50.09966152105892,14.518304898519116,50.10056087890575,Vinice Hrdlořezy
14.384163984709154,50.06750222854429,14.385561215436185,50.068401571420175,Popelka
14.292607028780914,50.20101619733161,14.294018376554023,50.20229290260388,Holubice
14.581794701580097,50.19050418969202,14.583278701202703,50.191473110272796,"Brázdim, rozcestí Veliký Brázdim"
14.386443483869586,50.06785382035327,14.388169018449025,50.06877267979698,Černý vrch
14.557149197826805,50.087128854929794,14.558828006744708,50.088065543534256,Jahodnice
14.576580668695627,50.153339718861,14.578076422837796,50.15491318094484,"Přezletice, Vinořská"
14.368096479560815,50.13671103530634,14.369495720588864,50.13761036465813,Výhledy
14.531786643177933,50.09112495556319,14.536883308652419,50.092955801591316,Za Horou
14.461434019207703,50.13195387510141,14.46342610219873,50.1330098688204,Bojasova
14.376754865101441,50.06891932928345,14.37815213504566,50.06981867068101,Jinonická
14.333244156140221,50.23948436891814,14.334647146105187,50.240477030469606,"Kralupy n. Vlt., Kovošrot"
14.516176316926584,50.137378690933375,14.517923190548808,50.13910890794534,Staré Letňany
14.483204304741278,49.954522162688384,14.484679395282729,49.955679036606575,"Zlatníky-Hodkovice, Na Drahách"
14.60941330507933,50.112568616530986,14.610811895013013,50.1134679834338,Sekeřická
14.485443517525686,50.1262633252795,14.486842482596098,50.12716267468515,Hotel Duo
14.616722209338908,50.086619168913636,14.618503305846117,50.08813973148165,Podnikatelská
14.31212743751012,50.00609402216291,14.313743858801091,50.00703507676757,Zadní Kopanina
14.284890561002264,49.95394356238762,14.286326545144615,49.95494003735752,"Vonoklasy, chaty"
14.696211999046945,50.17423251720712,14.697612401025074,50.17513188275775,"Zápy, PREFA"
14.476506930296777,49.95996825524045,14.478220164336287,49.96090204502463,"Zlatníky-Hodkovice,u hřbitova"
14.513514107162536,50.01066036299692,14.515210811108302,50.01187362983623,Pod Vsí
14.485585354968048,50.343077862351606,14.48849403027642,50.3449620376011,"Mělník, u hřiště"
14.434828062709501,50.10296342720784,14.436226337424113,50.10386277275671,Malý Berlín
14.35995992777414,50.02585473827752,14.361959289507123,50.026960292055506,Smaragdová
14.536858069225188,50.07565713909642,14.538863747182276,50.07795737379415,Zamenhofova
14.687465707619557,50.19413928709518,14.689955291770065,50.19545171094748,"Stará Boleslav, Sokolovská"
14.120793918098316,50.1721866192839,14.122553178505036,50.173115280943286,"Kladno, Velvarská"
14.470186955139054,50.06479259786697,14.474767366438249,50.066439323457516,Praha-Eden
14.512023146843584,50.273688328382306,14.5142293533252,50.27458957162234,"Libiš, Spolana 4"
14.455024468424277,50.104180018041994,14.456660026743265,50.10527778202764,Přístav Holešovice
14.607787424352198,50.02552229879935,14.609367866095669,50.027239700802376,Venušina
14.242275698732412,50.28170686047356,14.244173429634422,50.283362578478,"Velvary, žel. st."
14.35687051868961,50.02624128345259,14.358947391701506,50.02767875422676,Holyně
14.550056100940402,50.083305939795814,14.55160939579012,50.08467185954357,U Jahodnice
14.358410526393675,50.10505089660646,14.361357674219748,50.10648970043947,Korek
14.550125335336045,50.12952494772372,14.553549530879268,50.13266522917768,Kbely
14.227923568563972,50.06040877424555,14.23002302918229,50.061523323987956,Chýně
14.5610757651725,50.05604119527105,14.562748733115683,50.05758168070204,Dolní Měcholupy
14.404401927612586,50.055008197589224,14.405832676480497,50.05624940231945,Pod Konvářkou
14.575102939116661,50.10290031661586,14.57675545541876,50.10402058347587,Kapitána Stránského
14.290168279295436,50.13254219438687,14.29153651563925,50.13345440523007,"Tuchoměřice, Pastvišťata"
14.647548730792618,50.173874986538664,14.650049482094028,50.175017215514714,"Brandýs nad Labem, Zahradní Město"
14.615584079887318,50.080434948185925,14.618287654866783,50.082031376848846,Běchovice
14.533078286874336,50.082149990499225,14.53491435919718,50.083720324149596,Tiskařská
14.238715044566653,50.172108666162295,14.240140654728046,50.17317833366758,Libochovičky
14.246529557596917,50.1812872096372,14.248155378457223,50.18259101744643,Kováry
14.349747341502784,49.989144687255745,14.351193057294656,49.99028801246008,Safírová
14.436744629262314,50.05640384362017,14.438842404711254,50.057574049405865,Vozovna Pankrác
14.349192668372842,49.97714982345335,14.351351419891243,49.97868817696814,Kolová
14.395624407376694,50.08648172906458,14.397022192766078,50.08738107089991,Nemocnice pod Petřínem
14.488342641408721,50.11474575368884,14.490717862773028,50.1157210469977,Kelerka
14.317641556455088,49.9984107163676,14.319117841480727,49.99937258360811,Maškův mlýn
14.367864623789615,50.068860756737486,14.372463742781736,50.070680868764974,Kavalírka
14.347152975853566,49.97873882484556,14.3485476242998,49.97963817511886,Viničky
14.466862567307626,49.99615998119772,14.468379231146592,49.997109518492394,Lipovická
14.368276828955272,49.96520438102954,14.369857476803734,49.96629061900777,Pod Kyjovem
14.257473619426499,50.12080853942013,14.260350180358849,50.12171616056063,Kněževes
14.379732129365857,50.07748432282275,14.38291167048172,50.078390777146076,Hybšmanka
14.484820496533194,50.15347175402184,14.486278601046529,50.15467394574648,Skládka Ďáblice
14.364870666887915,50.12880951563953,14.36764403006779,50.130329196405775,K Housličkám
14.304066376097106,49.97520606204033,14.305730819943285,49.976153536684386,"Třebotov, Pomník"
14.663919060845505,50.18316842301898,14.665952222181604,50.1840884727559,Brandýs nad Labem-Zápská
14.314558142030085,50.04389867688881,14.316057824140294,50.04570577557036,Vackova
14.204966536806465,49.99465820778061,14.206448059651084,49.9955515921368,"Vysoký Újezd, sokolovna"
14.556837796665585,50.207220294022534,14.55830550415443,50.20837590555948,"Mratín, cukrovar"
14.101103379153257,50.142384154237654,14.10331648464196,50.14349351551881,"Kladno, Central"
14.550984634612439,50.040358292106035,14.552842680664059,50.04159566244184,Livornská
14.29622637226015,50.02090336135115,14.297640534238,50.0222713385751,Ořech
14.315685305665918,50.30080642442925,14.318489269612098,50.303916955919256,"Nová Ves, Nové Ouholice, U Havlínů"
14.65331045364479,50.00567810599018,14.654705946436698,50.00657749397464,"Říčany, Obchodní (MHD 9)"
14.128416681350599,50.11864155858532,14.129815318855703,50.119540841378694,"Kladno, Showa"
14.505953555791146,50.14210418013961,14.507627539794349,50.143213919919354,Sídliště Letňany
14.162200615167862,50.23889761062665,14.163689782193316,50.23979518932827,"Žižice, odbočka Zvoleněves"
14.518738634006395,50.25220569624305,14.52035984417632,50.25325784364005,"Neratovice, Kojetická"
14.205568233719708,50.092167832435464,14.20726857166368,50.09309816779733,"Jeneč, komerční zóna"
14.488421147630975,50.08983122223352,14.489819052489873,50.09073057773112,Květinková
14.26376251328729,49.99371614531734,14.265239494339529,49.99478295447646,Chýnice
14.643192522195166,49.98813742000729,14.644890484054004,49.989302180126714,"Říčany, Hřbitov"
14.362608501758833,50.31862725627526,14.364111502357181,50.31962274367429,"Vraňany, Škola"
14.456047991461334,50.08745684510778,14.45904792229745,50.08866515760078,Lukášova
14.515490806394794,50.294573333884074,14.516900594009178,50.29555666605499,Tuhaň
14.308900330803983,50.312442078505285,14.310490946141684,50.31347438232009,Nová Ves
14.752673151950155,50.15677444414593,14.756388815953876,50.16028941295364,Čelákovice
14.216432608756227,50.01475587775849,14.21795309331243,50.01574422222969,"Nučice, Na Krahulově"
14.417058672775338,50.053473934170746,14.419131749019478,50.05565109717225,Kublov
14.462590375491517,50.07048841739652,14.465530837571523,50.07167658513933,Na Míčánkách
14.309268085126462,50.07320647638736,14.31096962899432,50.07555263301224,Reinerova
14.514026781054424,50.162825326167514,14.51542681906081,50.16372467379718,Teplárna Třeboradice
14.717627130596842,50.08513421143333,14.719163538999021,50.08635134870213,"Úvaly, Hodov"
14.372426991907359,50.07970053890506,14.37529731480832,50.080745362433824,Televizní věž
14.4156402454401,50.07360639228339,14.421042686877142,50.07865755436365,Karlovo náměstí
14.64800896489314,50.08147048130143,14.64943775532557,50.08246315231149,Pilovská
14.674998495712863,50.00329300961488,14.676871605115267,50.004417889818676,"Říčany, Radošovice, Rokytka"
14.361893908853746,50.05061763344585,14.363929383722613,50.0519699666405,Butovická
14.101117064838068,50.13246065002419,14.102522941920213,50.133828049905844,"Kladno, Vaníčkova"
14.490917470483884,50.12757290572503,14.492949336888161,50.12856759508756,Poliklinika Prosek
14.481898420073533,50.04512690570161,14.485244244843765,50.04666304507253,Lešanská
14.504132141133969,50.077079795666435,14.512129722610526,50.07929422100528,Nové Strašnice
14.29422867363283,50.196277245505584,14.295832526032683,50.19717935447865,"Holubice, Kozinec"
14.430085970740883,50.16276602828635,14.43155330675793,50.16368197028163,"Zdiby, Zlatý kopec"
14.62567290873022,50.079643065441545,14.628037399589925,50.08068823583547,Na Vaňhově
14.363652332924428,50.10719154465098,14.36515727245273,50.10821615527418,Kuliška
14.685916583282408,50.17874921231533,14.687511522657706,50.17965948772716,"Brandýs nad Labem, Královice"
14.583918712410915,50.016713468592286,14.585925183849625,50.01766513184096,Nové Pitkovice
14.415007921368241,50.134959879748855,14.416770881777898,50.135886620472235,U Drahaně
14.673642051079021,50.17761831844369,14.675042548998372,50.17851768152118,Continental Automotive CZ (BDY II)
14.589316577970907,50.03886291189288,14.590713022125824,50.03976228807189,U Uhříněveské obory
14.385190981704893,50.01098235213752,14.387038117971088,50.01207154713072,Kazínská
14.358112988272481,50.228621477462866,14.360187614559324,50.22956242290675,Zlončice
14.189262014435469,50.14297357816265,14.190817985668145,50.144216420631025,"Lidice, ObÚ"
14.681476654091782,50.06047020697132,14.68464106230808,50.062500392905285,"Květnice, Za Mlýnem"
14.417893586959696,50.06991075235949,14.42034496639271,50.07199377154491,Botanická zahrada
14.308774397047813,50.275398259496015,14.310247504559653,50.276327240272295,"Nelahozeves, u starého mostu"
14.495006589474851,50.19072246551805,14.496540909002187,50.191676934154856,"Líbeznice, Zdrav. stř."
14.239189527784779,50.26670103912455,14.240661726179754,50.267826228297245,Velká Bučina
14.319828583841986,50.15699577943901,14.321398321312289,50.157901020561646,"Velké Přílepy, Roztocká"
14.472059500577638,50.05615874412988,14.474465632094185,50.057379403572725,Bohdalecká
14.506441575159844,50.34041564049142,14.507846824958289,50.341314959473294,"Mělník, Mladoboleslavská"
14.48540570123817,50.12486526789446,14.486869997988356,50.12598023135524,Teplická
14.318153465942958,50.08630730835048,14.320028974418152,50.08736201735818,U Prioru
14.409450811474025,50.013633581203514,14.411962369693807,50.01457721627216,Tyršova čtvrť
14.478841644027355,50.00677526211041,14.480495242264585,50.007858214328415,Betáň
14.459858537170087,50.07736820370093,14.463205296075405,50.078993800637505,Flora
14.516149692040123,50.06779082574177,14.518904367499053,50.06896501865904,Plošná
14.477599169266584,50.13112170359465,14.481178861439709,50.133595083298005,Sídliště Ďáblice
14.659133854520347,50.18510140500961,14.660895552766014,50.18605169538114,"Brandýs nad Labem, náměstí"
14.587474105253817,50.060289589329514,14.589169294634393,50.0613952925438,Za Pavilonem
14.383628283926024,50.191045838207536,14.38502911622038,50.19194516175698,Větrušice
14.42928066120901,50.13277685693679,14.430883444159928,50.134281842405386,Řepínská
14.423379695645037,50.18306033433822,14.424780304491863,50.18395966562634,"Klecany, Astrapark"
14.35556388632558,49.98205218383366,14.356958315421709,49.98303251578465,Otínská
14.318559316445215,49.9346433240224,14.31995268371451,49.935542675941946,"Všenory, Horní Mokropsy"
14.460280185464992,50.08846532903087,14.46299511954746,50.08946917192911,Černínova
14.119152997451774,50.12954535895667,14.120715275982072,50.130912020576226,"Kladno, Okrsek 2"
14.374657562608622,50.08402911422909,14.376526323284315,50.085079037952006,Marjánka
14.584724999313414,50.181865092082475,14.586308698874262,50.183199306873504,"Brázdim, Nový Brázdim"
14.59162053236888,50.08432619240344,14.595788563461856,50.0853418085765,U Počernického rybníka
14.431998635997635,49.955708596663875,14.433592161443306,49.956619003401286,"Dolní Břežany, Lhota"
14.549407510240984,50.13593624753575,14.551004003059216,50.13787605213699,Jilemnická
14.410514816012649,49.94792946990201,14.412019380815144,49.94892313008414,"Dolní Břežany, Zálepy"
14.66805202953321,50.09431326513153,14.669786978730057,50.09554763507673,Smržovská
14.437106178236153,50.307169457642175,14.438509219914572,50.30815064195631,Zálezlice
14.481208529805539,50.08350362541879,14.482636868539132,50.08455277386808,Třebešín
14.649135643336466,49.98811764119233,14.653398973072164,49.990589652350586,"Říčany, U Lípy"
14.10670428677187,50.12932162648424,14.109999719749498,50.13037377497367,"Kladno, Na Garážích"
14.350858260673169,50.073143641799746,14.352668831272739,50.07411105873244,Sídliště Homolka
14.42062102500957,50.00084998209097,14.422401477085636,50.00187991688495,Násirovo náměstí
14.508484946688668,50.345818361232794,14.510106854582954,50.34672543880792,"Mělník, Malý Borek"
14.076096581942073,50.082392002758596,14.077632919735583,50.08338389721935,"Horní Bezděkov, křižovatka"
14.329183290872828,49.94487792339581,14.331371762449725,49.94810602644151,2
14.406472697217891,50.071875575461156,14.408856875852358,50.072961075561395,Zborovská
14.421993494810819,50.11664597935685,14.425227167035537,50.1179330873816,Čechova škola
14.20613837633648,50.02189329907709,14.207621627858707,50.02321730068406,"Rudná, Za Panskou zahradou"
14.659183191826465,50.07672113909185,14.660946875365502,50.078443255854545,Hulická
14.614317529954462,50.026992193947805,14.617076555207351,50.02884600625047,Uhříněveský hřbitov
14.51752181745183,50.05298627512517,14.52067202978816,50.054652387884715,Obchodní centrum Hostivař
14.384735438418751,50.032088266096764,14.387358728792867,50.03407323796145,Slavínského
14.586649267762764,50.03736197366272,14.589164000247594,50.04025606777402,Na Vrchách
14.623639311188136,50.10983185928396,14.625428964470187,50.111644290251405,Ve Žlíbku
14.368445591894213,50.053486167085154,14.37328391076415,50.056793280840374,Jinonice
14.338237080064026,49.996364721319125,14.339693916893928,49.997602078465064,U Lomů
14.384163349281083,50.00868330994261,14.385552355241686,50.00954358920881,Novochuchelská
14.375790661221947,50.034423872888645,14.378947531098769,50.035854970871476,Chaplinovo náměstí
14.442961310572901,50.04108743804027,14.445598678087881,50.0420902468912,Antala Staška
14.542714117640081,50.01379900534351,14.545439571070906,50.0149357966913,Formanská
14.426549536943721,50.03869872486701,14.428475360515371,50.03988357474089,Zelený pruh
14.40401279216295,50.02629897926783,14.408376828822766,50.02990435517832,Nádraží Braník
14.418368756722936,50.045033817819636,14.420284172049612,50.04620271255674,Za Skalkou
14.449545682066795,50.09189987544427,14.45315181598133,50.09474535456971,Křižíkova
14.480587542830314,50.09763233578509,14.482844167447453,50.099150564433614,Odlehlá
14.213326802400154,50.003711168178654,14.21517838992983,50.00499173203431,Mezouň
14.129724613288158,50.11770984950828,14.13125738638559,50.11868665038585,"Velké Přítočno, ObÚ"
14.199523637557535,50.1668984571983,14.200969054816111,50.16794024253147,"Stehelčeves, obchodní centrum"
14.549952499377214,50.32358485275446,14.551366101003618,50.32458424716674,"Malý Újezd, Vavřineč"
14.534891414127971,50.12533575700471,14.53679199211732,50.126594243093194,Letecké muzeum
14.520650314956933,50.151159187813356,14.522303484179405,50.15219821199033,Čakovický zámek
14.616468576199436,50.115595602420484,14.61853522260533,50.116730796161704,Lukavecká
14.163719729685122,50.1354684557645,14.165118870512993,50.13636774419957,"Hřebeč, základní škola"
14.363005898281731,49.96319232223345,14.364400101867789,49.964091677731,Obchodní centrum Lipence
14.663786279361657,49.991580884415306,14.665443718671282,49.99257311489033,"Říčany, Komenského náměstí"
14.622563068624114,50.091613475718084,14.624637141748234,50.09306512463729,Nad Běchovicemi
14.610733466401289,50.03065428852087,14.612692436106615,50.03172590992953,Sídliště Uhříněves
14.395730686344058,50.032831224877185,14.397126913798294,50.03373057508732,Horní cesta
14.335393276164965,50.069094342117644,14.337039121932955,50.07000655796209,Zahradníčkova
14.37205363371675,50.23999812767178,14.373456759524544,50.240979071954925,"Kozomín, Rozc."
14.652067569119616,50.223633709008006,14.653521319518596,50.225348790869845,Borek
14.383195425880103,50.11451047196447,14.384707997412745,50.11547620939756,Matějská
14.56984606144572,50.08061150175928,14.573151074895096,50.082196654911186,Rtyňská
14.504132647275227,50.03108084813841,14.50832832874238,50.0328005044786,Litochlebské náměstí
14.328946063268893,50.05289961351624,14.330816610578367,50.05397515894061,Nárožní
14.343697266369567,50.085554468460714,14.346182311021671,50.08878113664084,Petřiny
14.363527611324566,50.05402270155673,14.365951180425167,50.05641149175845,Vidoule
14.378292473865448,50.069177841989685,14.382144499236595,50.07211758376336,Klamovka
14.672055030045339,50.16095149703417,14.67342097317794,50.16188770228521,"Zápy, Ostrov lázně"
14.339027620406897,50.30039723170584,14.34045017333722,50.301377067997734,"Všestudy, u sušárny"
14.272302034566978,50.283635853868816,14.274802566466263,50.28495734430673,"Uhy, zámek"
14.374211241350606,50.11706564651987,14.375664060223798,50.11800515344483,Šatovka
14.429871868927721,50.14018131392126,14.431402720953637,50.1413680859739,Čimice
14.494929926387666,50.11478683189907,14.497732649536424,50.11583343013295,Nad Jetelkou
14.520336187222705,50.1682926176391,14.521972215064917,50.169343982323035,K Teplárně
14.664777812480361,49.99223931035419,14.668560954440151,49.9938719652925,"Říčany, 5. května"
14.190157122521432,50.17347386389809,14.191688071834514,50.17436903602744,"Stehelčeves, u brůdku"
14.5726721265336,50.1593196222277,14.57407207356769,50.16021897773706,"Přezletice, Kocanda"
14.208425320589187,50.183501854517395,14.209825879598805,50.184401145446806,Dřetovice
14.405659426352019,50.201620337203614,14.407060573789234,50.20251966276093,"Vodochody, Hoštice"
14.60916315067318,50.12223178596298,14.611831091251286,50.123247889786015,Do Čertous
14.301454895327765,50.06515388152046,14.304373948798974,50.066339001356184,Blatiny
14.61220742528242,50.26007524981779,14.614692577467554,50.26128474733247,"Nedomice, Křížek"
14.601603063898702,50.02922779154903,14.607120092203717,50.03102840468084,Uhříněves
14.455057436852329,50.04222824353079,14.458136298723169,50.04320960106153,Lísek
14.230839647458772,50.031821758239396,14.232740347508424,50.0327782422303,"Rudná, zdravotní středisko"
14.395923406952699,50.20711653324223,14.397498697646702,50.20802316677704,"Vodochody, U Školy"
14.3909543656225,50.03042199513779,14.393055828592447,50.0316766805908,Filmové ateliéry Barrandov
14.317060936465982,50.04759374318374,14.318645803984262,50.049041658589786,Kovářova - KD Mlejn
14.41652537552179,50.09064068546814,14.418567292793876,50.092401138141476,Právnická fakulta
14.453365574883856,50.047310484282754,14.45601237896229,50.04863527325655,Brumlovka
14.313577164348725,50.070402171296465,14.315651452638528,50.07138194263476,Šedivého
14.457538255485334,50.07016160000843,14.461473634956434,50.07141575047018,Slovinská
14.697785138502123,50.05560810914284,14.699584163514672,50.05664448982091,Dobročovice
14.744628592247587,50.14357567723515,14.746428915670695,50.14483172299149,"Čelákovice, Záluží"
14.480234256536322,49.95888571943876,14.481655171559245,49.96173668037502,"Zlatníky-Hodkovice, náves"
14.180635592451484,50.151011474259214,14.182188010954293,50.151942324904255,"Buštěhrad, U Kahance"
14.292320777130062,50.23635153294508,14.293759227048195,50.237598466960414,"Kralupy n. Vlt., Čechova"
14.38698820618163,49.96803340832526,14.389546904928423,49.96968909164614,U Včely
14.512632469592472,49.96705549540414,14.51690953534977,49.96857492088476,Jesenice
14.4183318682961,50.08897172741398,14.41972973184132,50.08987107255057,Pařížská
14.487878068490645,50.07989194318963,14.489304833075751,50.080939856135586,Na Palouku
14.648373666519005,50.07938040871274,14.65048603204657,50.080304191465636,Podlužanská
14.664136306578818,50.208047821242566,14.665537693500962,50.208947178722276,
14.372516531236817,50.11148825256557,14.374197271467937,50.112405947570814,Na Mlýnku
14.447219301350668,50.145708963815714,14.449762403024828,50.1468869687427,Osecká
14.406863123666465,50.01965923042786,14.408649875744656,50.02072226891037,V Mokřinách
14.367782122810718,50.13169314558561,14.369687475432224,50.13285085393413,K Horoměřicům
14.543808851269223,50.10518768792978,14.545335044786848,50.10620271206364,Poříčanská
14.123164749677407,50.12143453675972,14.125803339237052,50.12296354646621,"Kladno, celnice"
14.311794697500762,50.163434342477316,14.313194702662493,50.16433365748707,"Velké Přílepy,Formanská"
14.154357957770113,50.18147435352741,14.155878344480136,50.18241504601643,"Cvrčovice, U Taušů"
14.132785710294652,50.15809620615883,14.135699305467655,50.15934239682474,"Kladno, úřadovna"
14.34099880085679,49.997145077859784,14.342464596909982,49.99836112183345,K Cikánce
14.363441929952335,50.19723882900443,14.36485367003837,50.19824157087876,"Libčice nad Vltavou, náměstí Svobody"
14.473800580089222,50.24651617395811,14.475252227437105,50.24755422575503,"Neratovice, Horňátky"
14.583399399752984,49.978715827070985,14.584820392478724,49.97975167258802,"Dobřejovice, Košumberk"
14.2570588227414,50.1622784477533,14.258458777434837,50.163177752210984,Okoř
14.24204858489909,50.0591444686334,14.244745004244715,50.06026993329659,"Chýně, Žitná"
14.609366372943452,50.142216818841796,14.61076582714904,50.14311618112298,"Radonice, Spojovací"
14.422077621056653,50.07917061218522,14.424135744473269,50.08047941939766,Vodičkova
14.551981227821472,50.17237860444295,14.55365726866829,50.17329909571317,Veleň
14.36989522098099,50.03373729098348,14.371707871210766,50.03500180923952,Grussova
14.50694297077882,50.14923942311836,14.509037376375009,50.150810944949455,Obchodní centrum Čakovice
14.516780022543793,50.021529749232926,14.518373273903658,50.02295164991235,Zdiměřická
14.43409514538492,50.200503072246256,14.435730855188192,50.20152792756091,Klíčany
14.37639671227932,50.13217491565883,14.378340208261198,50.134061659148344,Zemědělská univerzita
14.55609885763847,50.23295576062863,14.557641334354823,50.23407043931661,"Kostelec n. L., Jiřice"
14.524147884472667,50.082307174387104,14.527504999515978,50.08391082389585,Teplárna Malešice
14.392260008092773,50.06473883232571,14.394369293250485,50.065659267856624,Václavka
14.567544325987559,50.262789848668156,14.56908737323071,50.26404155036602,"Tišice, Chrást"
14.300042538302892,50.23164513461282,14.302044361265088,50.23277826431691,"Kralupy n. Vlt., Hybešova"
14.119596164693107,50.116253861298574,14.121353837880482,50.11717613888726,"Kladno, Kožovská"
14.315556835368644,50.04594413318971,14.317991473310554,50.04761524053539,Sídliště Stodůlky - terminál
14.477882970633702,50.17749342980408,14.479283429490208,50.17839277016059,"Bořanovice, Náves"
14.366067749925666,50.12608566694071,14.368792962645287,50.12739440345737,Lysolaje
14.515882000125385,50.05860316146688,14.51819604325613,50.05961108974813,U Průseku
14.652471579634385,50.19301095950609,14.653877416197574,50.19388203977926,"Brandýs nad Labem, u křížku"
14.216974331013384,50.02456311385776,14.218792969337269,50.02564508543413,"Rudná, V Brance"
14.351543945220797,50.09630057422378,14.353890662801373,50.09741165023134,Červený Vrch
14.547872266513997,50.056403208459,14.549558432845043,50.05742989107044,Za Nadjezdem
14.435955770152296,50.05369551685226,14.437734372372582,50.05491302948898,Kotorská
14.477926613032487,50.13675795059575,14.47946008365267,50.13810174885991,Ďáblický hřbitov
14.367415154911248,50.06282202961195,14.368812245238015,50.063721370352525,Karenova
14.200598359507023,50.18874324125935,14.203082875470834,50.18971534596694,Dřetovice
14.309075738788758,50.05298865365391,14.312545238749962,50.05603804902771,Stodůlky-Bavorská
14.620806551409782,50.11632515515249,14.623007124614496,50.117477770589446,Divadlo Horní Počernice
14.231137625096922,50.033494038989396,14.233477811710335,50.03484485614305,"Rudná, u kina"
14.408136119182638,49.98866719912379,14.409910282031081,49.98990211850406,Na Šabatce
14.627522918059654,50.16620716567542,14.629595189351038,50.16720713518695,Dřevčice
14.451723382858768,50.06412196292358,14.453243206018769,50.06588343685057,Ukrajinská
14.227639657398242,50.13116237023042,14.229907838563038,50.132133230363735,"Středokluky, Nad Běloky"
14.35733381776539,50.02257832825974,14.35918797396949,50.02444297012638,Návětrná
14.322663101106054,50.088098070203884,14.324312294216426,50.089267124207,Brodecká
14.407173165861114,49.998875339742234,14.411727856142006,50.00031969844457,K Vystrkovu
14.420458800820771,50.13566334653665,14.421927095811046,50.13662975340188,Nemocnice Bohnice - Interna
14.479545996700494,50.12835488746291,14.48368590275413,50.130435451924555,Třebenická
14.304829684066043,50.03452368784081,14.307388905939279,50.03562021384015,Ve Výrech
14.57997406283869,50.2206790513263,14.583132451149496,50.22230904996338,"Kostelec n. L., Žel. st."
14.52648322839087,50.12206005033444,14.528096173226903,50.12304374914348,U Vodojemu
14.234849322761546,50.03404835340545,14.236440000376477,50.035727285324405,Rudná zastávka
14.455943290689428,50.081715212121956,14.460000250964207,50.08370625676122,Olšanské náměstí
14.74886297422275,50.16228620238708,14.751351099572656,50.16341243102206,"Čelákovice, náměstí"
14.328755577141138,50.0550992565265,14.330222020932075,50.05630114314572,K Fialce
14.355361081536783,50.00464826057079,14.35679101918187,50.0057145389594,Za Chalupami
14.655769813102966,50.119761289492025,14.65890799114718,50.12075981142101,Sychrov
14.28743118226047,50.06536240253736,14.289351370394911,50.06646491448829,Strojírenská
14.394933524446119,49.99964906311349,14.396636673465862,50.00065273606628,Lahovičky
14.582028212526248,50.101688405724275,14.583643986825958,50.10270829410412,Sídliště Černý Most
14.535481965443601,50.06097306366794,14.5394106525617,50.06340877486671,Kablo
14.104606276231333,50.09114953585484,14.106219422560471,50.092493562752175,Kyšice
14.599992983212648,50.15370078026884,14.601826713938227,50.15472431841228,"Jenštejn, Domov seniorů"
14.220863442001464,50.25872636565208,14.22243595841956,50.25971973422301,"Neuměřice, přijímací stanice"
14.451090462049123,50.253774341627,14.452588337859194,50.254944757561496,"Neratovice, Korycany"
14.484849061809504,50.080527036966615,14.487100137573508,50.0814391630929,Pod Třebešínem
14.301590973115248,50.261769468688065,14.30367785464519,50.26487444192961,Nelahozeves zámek
14.542268696134396,50.12850074717469,14.545589957790865,50.129960486917135,Huntířovská
14.731354058765959,50.182222232052794,14.73288614558939,50.183121267900475,"Káraný, most"
14.23495268219751,50.22677302014387,14.236437014997904,50.227742379824804,"Slatina, u cihelny"
14.438521172534147,50.045620590466456,14.440326093581488,50.04683850213907,Krčský hřbitov
14.621740770333458,50.11084677219342,14.623229233481062,50.111833227753486,Pavlišovská
14.518479433548295,50.044449408536536,14.520115948614565,50.04588086139537,Nad Košíkem
14.357488677617713,50.06408741010475,14.359764049817212,50.06535479360238,U Lesíka
14.561423034796185,50.08705880111334,14.564745859271639,50.0881052001629,Lomnická
14.159585434222032,50.25385724455485,14.16164967384119,50.25486275635601,Luníkov
14.513165468364464,50.13427824561394,14.514863637053557,50.135869853270165,Rychnovská
14.403046549019198,50.016225006965016,14.404492749873365,50.017364392743566,U Belárie
14.366553196309956,49.99788592462821,14.367948403839007,49.998785275336246,Lahovská
14.420435788339327,50.08757562713792,14.421833611797583,50.08847497282661,Staroměstské náměstí
14.361137869345002,50.316630805353995,14.362635925845575,50.31763549457923,Vraňany
14.448113789475075,50.11630255933127,14.452521399513842,50.11775005981678,Kuchyňka
14.17863853678043,50.20007099523688,14.180115167607351,50.20095820378343,Třebusice
14.416697545162695,50.002439165197295,14.418502585355656,50.00370630151047,Písková
14.673560154653188,49.99021507520718,14.675978642382866,49.991578623526266,"Říčany, Pod Kavčí Skálou"
14.242649798447527,50.01046301262082,14.244045595064916,50.01143818701827,"Tachlovice, Jakubská náves"
14.393219815140366,49.95912881769022,14.395142488831649,49.96034458214652,Kamenolom Zbraslav
14.327004702753669,50.148208372808234,14.329667589710796,50.14926342853688,"Statenice, Černý Vůl"
14.451257092131973,50.01943355334983,14.452701710799627,50.020640046497654,Tempo
14.341007448021557,50.28933434957683,14.3424111521358,50.290233650387634,Všestudy
14.568934102815863,50.088852308705455,14.570507118462247,50.089846070831676,Novozámecká
14.381076041325779,50.11811982794881,14.382859658872608,50.11902087204506,Žežulka
14.299262929068854,50.222924748298965,14.300664671097898,50.22382405166541,"Kralupy n. Vlt., Minice"
14.539584706388652,50.098133309439795,14.541484693126636,50.099112515643505,Lánská
14.505460630761629,50.32025626526194,14.507213062129889,50.321969533517475,"Kly, Vinice"
14.398252763585123,50.1031018333405,14.40008993635173,50.104192366006004,Rooseveltova
14.240246039041043,50.198052100141545,14.241739757932269,50.19903099983248,"Zákolany, rozcestí Blevice"
14.335696718624009,50.13507322165371,14.337176482071612,50.13624657781456,"Horoměřice, V Lipkách"
14.269862039750224,50.06352191972155,14.271271263855484,50.064693280219416,Blatnická
14.402110617751358,50.007991165233655,14.404246137684892,50.01069469485208,Modřanská škola
14.438533461524116,50.02210964631444,14.442051224717623,50.024391059168586,Novodvorská
14.466206519642972,50.11506379071831,14.469620163398794,50.117883177814385,Bulovka
14.300693650968178,50.245100971717896,14.302134548857264,50.24619012795476,Lobeč
14.109286336198725,50.143805298652396,14.111254659723677,50.145041701108816,"Kladno, U Bondyho"
14.583505456444584,50.22635332901747,14.584936049476207,50.227331970708924,"Kostelec n. L., U Váhy"
14.495109317869327,50.08572555028609,14.497498411734785,50.08686418756563,Malešický park
14.51524766312045,50.03468831444673,14.518344602773226,50.036043825179426,Brechtova
14.303870865671735,50.04088923884716,14.305705252065136,50.04255616167757,Ferrariho
14.541929793399882,50.095252179094274,14.547061146976262,50.09805705577997,Praha-Kyje
14.570260082922653,50.15547252206975,14.571659917179185,50.156371877895,"Přezletice, Panská pole"
14.428791017148495,50.039085370982,14.43160442954074,50.04006368951084,Na Planině
14.448352066532092,50.12357532175766,14.451160527672327,50.12514337674545,Služská
14.393205526492155,50.01208228744062,14.395023782624575,50.01338531284636,Dostihová
14.300522291115033,50.08886250394059,14.30272927712403,50.09051991091913,Dědina
14.267170826919262,50.10652982870936,14.270134143831637,50.10865490345018,Terminál 1
14.115795996184156,50.13930204396492,14.117277498721746,50.140186755873785,"Kladno, U Meisnerů"
14.55753877348343,50.105606016708144,14.562381517659116,50.10872563422116,Rajská zahrada
14.478933341065307,50.112006580900086,14.480418271293543,50.11310973800399,Kundratka
14.300527613479444,50.06025656717104,14.303802280647496,50.06123315286607,Lidečská
14.499126405024032,50.02149833098292,14.500922735956705,50.022708675427495,Na Jelenách
14.127355445787936,50.15594524070067,14.130717554264917,50.15747695526115,"Kladno, Dubská"
14.57435548680177,50.04627906195886,14.576777580564976,50.04758436690633,Průmstav
14.356364741106876,49.98461311099099,14.357891167826306,49.986246188766174,Prvomájová
14.50217745829689,50.052526950988415,14.504420032099201,50.05359644996439,Záběhlická škola
14.617093344568655,49.99890605498815,14.61864405422301,49.99981074502455,Lipany
14.311896181934644,50.010444407303,14.313745340178201,50.013081691960984,Zmrzlík
14.561916474134618,50.03381431895227,14.564888495734554,50.03563540158042,Sídliště Petrovice
14.513482632400526,50.11627505590182,14.515105866379784,50.11730644397626,Klíčov
14.385044698373747,49.9699064208668,14.386439101770646,49.97080577909766,Žabovřeská
14.403497250295143,49.97998932012144,14.404891949844988,49.980888679843076,Nad Závistí
14.457348937629643,50.06719695748885,14.460235439582542,50.06861451708955,Čechovo náměstí
14.572315584448376,50.006939219330484,14.57481574081613,50.0082331201493,"Čestlice, aquapark"
14.415040376698233,50.09317885692892,14.418256804432506,50.09455900043425,Čechův most
14.428719452072654,50.02606078086646,14.430999652556677,50.027587455298786,Jílovská
14.216748788347745,50.196214597964484,14.219197814676658,50.19723867012008,Koleč
14.380454696425884,50.124206249326306,14.382284204314978,50.125114050730716,Pod Hájem
14.334056360623093,50.11004042836582,14.336273439654546,50.110943271662094,Na Parcelách
14.345074859099185,49.99154830925934,14.34708833516679,49.99284749065729,V Sudech
14.403473046714149,50.04117464762743,14.407197174735273,50.04388248317612,Hlubočepy
14.154791982537075,50.1646044764314,14.156268018323368,50.165775523099576,"Kladno, VHS"
14.533124302808151,50.061607207920424,14.535670007772431,50.06275205027019,Myšlínská
14.393255384993525,50.11071447934738,14.397411715618423,50.113519348309126,Nádraží Podbaba
14.582976722986864,50.00095947306623,14.584855477274285,50.002339940113714,Čestlice
14.575840571021105,50.28681032878763,14.577370632362765,50.28773357045656,"Všetaty, Přívory"
14.402126141198245,50.119838913899464,14.404133804133172,50.120944246902724,Zoo Praha - Sklenářka
14.365137338592065,50.08706591893545,14.367010657685697,50.08800738140514,Radimova
14.663391826338334,50.129701990182646,14.668616890048819,50.131072078246646,"Zeleneč, železniční zastávka"
14.501817582446828,50.01263418476714,14.503636069259327,50.01372303987265,Na Proutcích
14.595628717128934,50.06112757876402,14.597435154285485,50.062347041585504,Dubeč
14.451059449129982,50.086720108549216,14.453569076802172,50.08788250568425,Tachovské náměstí
14.652848488974591,50.07861731262144,14.654742099283213,50.07965670391607,Polešovická
14.679423858936072,50.05430824659755,14.68124600107076,50.05692855681263,"Květnice, Ohnicová"
14.439838640433498,49.96616921625185,14.44184166280013,49.96723398186914,"Dolní Břežany, Na Spálence"
14.64868155927917,50.06887852523066,14.650628145634332,50.070124974687836,Ježovická
14.479800714167794,50.01280278740877,14.483676390769704,50.01381920207352,Kunratická škola
14.425803971888236,50.071050318353564,14.427737227672187,50.07195698166276,Apolinářská
14.18070971006688,50.248098497077414,14.182319587068037,50.24914490292326,Osluchov
14.508007290701824,50.137949878408286,14.509798699728776,50.13925262187915,Poliklinika Frýdecká
14.484968743336417,50.086378976411815,14.48756544975778,50.08741812479794,Vackov
14.482935815756242,50.16423244646192,14.48454119058079,50.1653415535967,Březiněves
14.351714512849924,50.09499077299892,14.353366087366135,50.09601292665397,Škola Červený vrch
14.490788532455333,50.09158508533791,14.495115120034438,50.09268433968399,Kněžská luka
14.509098709580362,50.13364574721339,14.51051259376178,50.13480665272394,Třinecká
14.498317411265234,50.03734377873224,14.500548835550035,50.03844529927499,Benkova
14.432024614884446,50.016342263678496,14.436643151018039,50.018634680172084,Sídliště Lhotka
14.505875105936294,50.07010478593378,14.50856830721687,50.07109717902522,V Rybníčkách
14.220996249310485,50.224040738506126,14.222380053541407,50.22500226081703,Slatina
14.498329612308858,49.977779736216284,14.499816380317535,49.979025716861436,"Vestec, Šátalka"
14.399976773627602,50.06812412727594,14.401374026514011,50.069023472688585,Ženské domovy
14.297675886995746,50.035740161241755,14.300573699910872,50.037578938457685,K Třebonicům
14.679515575178783,50.12112131378563,14.680914424896988,50.12202068617923,"Jirny, LE&CO"
14.479673322807148,49.95656764797127,14.481230387165295,49.95776805197427,"Zlatníky-Hodkovice, u hasičárny"
14.194472568479565,50.152152732337626,14.195995893383328,50.15318482676379,"Buštěhrad, U Kapličky"
14.153044336023557,50.186753516672894,14.154948163130499,50.187665483388805,"Brandýsek, Olšany"
14.496086130114763,50.11691384685574,14.497843867437693,50.11783615331515,Prosecká
14.329443200723965,49.966529538072,14.330854398909905,49.96755376171302,"Černošice, U Vodárny"
14.489824710359455,50.010381576047415,14.493141813879644,50.01241704056034,Šeberák
14.24080373297929,50.03880338761166,14.243641494213351,50.03993405571268,Rudná u Prahy
14.46819909806811,50.083590870117696,14.471243338516773,50.08602757018775,Nákladové nádraží Žižkov
14.472613005085037,50.041951766145836,14.47442010950685,50.0431032408039,Starý Spořilov
14.477604241606677,50.04389028997589,14.479495819128624,50.04511934685416,Roztylské náměstí
14.372551683459205,50.03168286434455,14.374414905645976,50.03387217231386,Štěpařská
14.434553410008172,50.07749468433224,14.43761096122136,50.07890811276091,Italská
14.253689223978704,50.1237867257767,14.255922953206108,50.12593245826692,Středokluky
14.482467509632512,49.99798634931435,14.484527031555881,49.99912857640007,U Studánky
14.51327865619018,50.08818843987103,14.514779038867397,50.08907896001251,Botanická zahrada Malešice
14.657870964142177,50.17560177625189,14.659464930942798,50.17667462379557,"Brandýs nad Labem, Continental"
14.444785132740103,49.98627138314332,14.446250176234422,49.98740466168936,Cholupice
14.507337676916812,50.07199700234151,14.508940326268164,50.07304649767706,Donatellova
14.417205765473666,50.137240731262004,14.418605034664369,50.13814006870255,Nemocnice Bohnice
14.576173551693822,50.123251090852634,14.578704852978158,50.1244129055871,Za Novákovou zahradou
14.402367690635087,50.060046526450705,14.403764709505895,50.06094587351381,Franty Kocourka
14.446676496569793,49.965138926908836,14.448594202502088,49.966052173169615,"Dolní Břežany, Nad Mlýnem"
14.366973735455119,50.11056222354025,14.368998972733483,50.11156587733773,Kalinův mlýn
14.277303842106225,50.04962709487083,14.27998496582376,50.050721504853605,
14.221512021561834,50.19756583480311,14.223442648813116,50.19853782665675,"Koleč, zámek"
14.283944149597398,50.15338313438702,14.285616945839427,50.154315664127544,Lichoceves
14.699728822432814,50.19350311073626,14.701248271766623,50.19439488914943,"Stará Boleslav, Vosí hnízdo"
14.164705199882762,50.16690041477228,14.166543496171343,50.16784038555476,"Kladno, kolonie"
14.16325973653132,50.155567857381705,14.164659463667114,50.1564671425824,"Buštěhrad, Třinecká"
14.672313228904395,50.19423681215667,14.674194568409362,50.19527808646075,"Stará Boleslav, u brány"
14.522416005159405,50.158766858735184,14.524388986063217,50.159770142113366,Třeboradický hřbitov
14.468141022842032,50.29668992347471,14.469708279501983,50.29770307651875,"Obříství, Dušníky"
14.624892458138753,50.097515594894254,14.626347242520534,50.098650704731604,Václava Špačka
14.120702373606782,50.13299586062811,14.122101426601501,50.13389513933589,"Kladno, Tržnice"
14.320308896216542,50.18989295534728,14.322031344792071,50.19159751810137,Tursko
14.54431825302161,50.0471986540988,14.54611992445543,50.04849258302263,Řepčická
14.343173197205427,50.08124162407265,14.344646804759163,50.08219837589915,Dopravní hřiště Vypich
14.700128039348817,50.237395534308924,14.701582156385692,50.23827796550211,Hlavenec
14.636553733344467,49.98755572990062,14.63918355723764,49.98864667175336,"Říčany, Kuří, Kuříčko"
14.763683689604049,50.16617359538475,14.767583070890252,50.16927544236226,Čelákovice-Jiřina
14.445805199918171,50.10271403784137,14.448128096571322,50.10367836269896,Osadní
14.311871079247151,49.94422432539664,14.313264720914221,49.94512367456769,"Černošice, Javorová"
14.591249171708963,50.1149661177115,14.59264782838769,50.11586548225328,Logistická zóna Horní Počernice
14.297781664353613,50.076620437053165,14.299179135812214,50.07751976291117,Zadní Jiviny
14.466996495120199,50.04552197330564,14.469363051050244,50.0483132361651,V Zápolí
14.308430455346217,50.089071045005156,14.310610666480619,50.0903004546382,Sídliště Na Dědině
14.398226599089552,50.32112828469416,14.403617001535075,50.32304964697421,Lužec nad Vltavou
14.58322594823949,50.223729781481055,14.58651545841786,50.22510037783518,"Kostelec n. L., Na Růžku"
14.659904879403962,49.99293449726382,14.661303919005318,49.993963902688016,"Říčany, Štefánikova"
14.26562020607231,50.0746000147498,14.267564816696476,50.07572864461859,Hostivice-Sadová
14.534892393257083,50.13480945547543,14.536632910807855,50.13577694302611,Kbelský lesopark
14.540092931248306,50.33638013798098,14.541498068861735,50.33727946198378,"Malý Újezd, Jelenice"
14.555319037827225,50.17360190738698,14.556882161702177,50.17459389249064,"Veleň, u pomníku"
14.4922643392535,50.04218641825446,14.493660860866143,50.04308578171018,Blažimská
14.624273928562205,50.012576438759304,14.628035975553777,50.014941270303204,Praha-Kolovraty
14.1575085309472,50.2206176048808,14.159161970025604,50.22152399515893,Podlešín
14.45303851664472,50.10789641315981,14.454474083484653,50.108980286533026,V Přístavu
14.520183979857874,50.025556304466015,14.52207348298534,50.02676806490096,Metodějova
14.630686695418348,50.01202971744806,14.632177503473187,50.01293138253806,Nad Parkánem
14.539566274190934,50.09272116861185,14.542217530550797,50.09371763227413,Pávovské náměstí
14.245988437193734,50.18260598608077,14.247364859983303,50.1835536133523,"Zákolany, Kováry, žel. zast."
14.413422329966137,50.00205032103619,14.414817670171816,50.002949678928324,Radnice Praha 12
14.392685744953695,50.12055681097139,14.394348793128328,50.121908212082445,V Podbabě
14.404464657615003,50.089825728598505,14.405862542525703,50.09072507136603,Valdštejnské náměstí
14.440954196946008,50.03446066424923,14.444580665284738,50.03659056269299,Dolnokrčská
14.138468764344738,50.1596867250486,14.140500636974181,50.16087367419084,"Kladno, sokolovna"
14.574111019683142,50.12606073438986,14.575910174942083,50.12700636598458,Satalická obora
14.27937828759996,50.0611878047454,14.281426810464108,50.062296993691774,Starý Zličín
14.558153367772828,50.03253321196187,14.560984751665849,50.03392391369282,Jakobiho
14.366041401263859,50.02726775572231,14.367474796966082,50.02840424410993,Pražská čtvrť
14.520096428604816,50.14046872807791,14.52162077716611,50.141362371812384,Nové Letňany
14.353912493111826,50.018576659390575,14.355324508696896,50.01959953998578,Radnice Slivenec
14.507224567903526,50.23752467441833,14.509094534956256,50.238456125851556,Kojetice
14.495775081370589,50.25517390669399,14.49745442375326,50.25609889349389,"Neratovice, Byškovická"
14.416181194621762,50.02578629570228,14.41827220299944,50.02702690357494,Psohlavců
14.651384645567136,50.18494492004191,14.652785354515574,50.185844279922954,"Brandýs nad Labem, sídliště u nádraží"
14.528033503021165,50.15077307377862,14.531716505050243,50.15229518977455,Čakovice
14.431577234934968,50.09745708051024,14.435295052009067,50.10026207494435,Strossmayerovo náměstí
14.315668900898885,50.07348651052708,14.317167703484055,50.07448948941813,Selských baterií
14.418698645494645,50.07865384556525,14.421667646565869,50.08212773732785,Lazarská
14.410703893826357,50.18329263536845,14.412104506313558,50.18419196459612,"Klecany, Ahold"
14.74375197370272,50.20555034914359,14.747128378043275,50.20656382903008,Otradovice
14.093110721252035,50.0733458994595,14.094923669730175,50.07464520082029,"Unhošť, Nouzov Čeperka"
14.313556552803586,50.30821251391066,14.315113549290393,50.30916708559898,"Nová Ves, u dálnice"
14.291407756794262,50.0951508925938,14.293950303475624,50.09689985898537,K Letišti
14.535127330940838,50.05448244192735,14.540986131473286,50.05555228015822,Praha-Hostivař
14.223820292436315,50.07108983642192,14.225355617741945,50.072283447244665,Hostivice-Litovice
14.49249441963928,50.05564992363684,14.49523124013399,50.06133774470922,Želivecká
14.452150712566182,50.01267813365206,14.453624587270443,50.013825165654396,Přírodní
14.475175698286497,50.046260311632054,14.477171404953623,50.047459318218145,Severozápadní
14.537066948167316,50.049289851570734,14.539964731519335,50.05052803231328,K Lesoparku
14.313741898779071,50.24611172291662,14.31559029761426,50.24728557695226,"Kralupy n. Vlt., třída Legií"
14.118061605647194,50.126840223592424,14.119821434475062,50.12801372926028,"Kladno, Tesco"
14.371639010944339,50.23688356891714,14.373113584644873,50.23776743012424,Kozomín
14.728229229710445,50.1835840463718,14.729679964753217,50.18445785335662,"Nový Vestec, u mostu"
14.650705501534196,49.99099699389769,14.652106395970565,49.992088706049074,"Říčany, Podhradí"
14.451398825778465,50.1299117945663,14.455441166616247,50.13395080235033,Vozovna Kobylisy
14.680986250108704,50.07217238904812,14.682932828290307,50.073212593903705,Sídliště Rohožník
14.527515069567794,50.10706617129515,14.529132418855124,50.10857195963798,Vozovna Hloubětín
14.207471541253758,50.160360914581375,14.20923600476227,50.16160241900464,"Buštěhrad, Bouchalka"
14.411190765093957,50.13514813280119,14.41270893545771,50.1361183671314,Bohnické údolí
14.373054691471184,50.11513305100395,14.374808901859629,50.11633594915706,Dolní Šárka
14.250410165053069,50.1991082680106,14.252872503420141,50.200416159938015,Zákolany
14.667242643466714,50.18955877264298,14.669212873331311,50.19194202603478,"Stará Boleslav, most"
14.424857283316992,50.12478457143573,14.42791558789602,50.1264385488926,Dunajecká
14.347140991516557,50.03208524506222,14.349542640460697,50.03351204161778,Praha-Holyně
14.530196559227406,50.25298993212554,14.531599240884518,50.2538892678392,"Neratovice, Lobkovice, škola"
14.442169373378968,50.125098907857804,14.445362513645478,50.126305694806305,Písečná
14.324503342376254,50.06537334249848,14.327241298364411,50.06677358208686,Krematorium Motol
14.317155956126125,50.08302963569774,14.318964925132674,50.083977063340186,Ruzyňská škola
14.379140496404709,50.111646538025575,14.380895923784653,50.112810212586915,U Matěje
14.309850299130582,50.24789830100901,14.311688194322675,50.24913549913238,"Kralupy n. Vlt., ZŠ Václava Havla"
14.695330624694275,50.11765031283894,14.696729375377737,50.11854968712591,"Jirny, Kulturní dům"
14.557940749582972,50.195184862080126,14.559417853298925,50.19610083741843,"Sluhy, rozcestí Brázdim"
14.372201451220954,50.10158860492877,14.373631153700064,50.102461294776354,Sušická
14.393048990365937,49.994024609415526,14.394960271474686,49.995169294473065,Přístav Radotín
14.342067537305432,50.1409802118506,14.34367246430639,50.14188828819824,"Horoměřice, Lidl"
14.332091573708782,50.14624247907266,14.333995924670177,50.14716382108132,"Statenice, Černý Vůl, Hospoda"
14.314946005748876,50.053660569660565,14.317679693375062,50.05458223046087,Mototechna
14.576019511784137,50.14345492060453,14.5781333781864,50.14449748057473,Bukovinská
14.521718854137488,50.1664992474663,14.523536033918615,50.16851975142471,Prebslova
14.421732223275365,50.07507426165833,14.4253665008549,50.076151771846995,Štěpánská
14.395072587343494,50.277103614590786,14.396620712260006,50.27807628522824,"Dřínov, U Kříže"
14.486879942238534,50.07517753250449,14.491285791096805,50.07747717451476,Vinice
14.530797178217043,50.12369551359844,14.533440516163308,50.12525115712722,Důstojnické domy
14.552210329979323,50.10521534579568,14.554185575472259,50.106182154783696,Žárská
14.397026319622032,49.99481944048375,14.398745016971972,49.99591853882274,Lahovický most
14.433204967600268,49.94723340734828,14.434810035849745,49.94829109267972,"Ohrobec, U Čisteckých"
14.501169836078448,50.064812500679494,14.503508661864888,50.06592665768521,Dubečská
14.603022025860414,50.07780975024222,14.604423938597915,50.078796509160355,Hasičská
14.554356066506607,50.042531027958894,14.55802157100536,50.04376830838122,Bolevecká
14.394775134218818,50.12219853109195,14.396163397724887,50.12312884913038,
14.410678697782156,50.03538256848278,14.412824574047093,50.03671383745112,U Staré pošty
14.249083486205079,50.196391478891954,14.25138502200377,50.19748360434878,Zákolany zastávka
14.267282874190204,50.07872281589711,14.272612736808131,50.08029103147559,"Hostivice, Průmyslová"
14.425716825942082,50.01464815216602,14.428167109129586,50.01601151512286,Hasova
14.489900623111275,50.0300469870047,14.492626606094293,50.03234277396899,Chodov
14.279557462381604,50.0783916258623,14.28274151891942,50.07952375659078,"Hostivice, Palouky"
14.65356126416051,50.07257226667763,14.655796648741829,50.074171933826364,Pošta Újezd nad Lesy
14.670333280601758,50.00090026060349,14.672576717567052,50.0020698373915,"Říčany, Radošovice, vojenské velitelství"
14.253118695828105,50.246137954680535,14.254521104349847,50.24703724528376,Olovnice zastávka
14.381702287978698,50.03462391690831,14.384254147423656,50.036835169184926,Dreyerova
14.417799433322662,50.077625626572846,14.419196966814804,50.07852497339171,Myslíkova
14.246298492457644,50.06835324154401,14.247695707720268,50.06925255842026,"Hostivice, Břve, Sportovní hala"
14.423638869024364,50.088876626985666,14.425036731111804,50.08977597297888,Masná
14.580122145919471,50.05059647397752,14.582081375917321,50.05228991174937,K Hádku
14.354472246908037,50.14816197894574,14.35631984997872,50.1490957213264,"Únětice, Na Parcelách"
14.489678831565888,50.08737612332595,14.492127675107179,50.088417782177316,Habrová
14.506068705449334,50.12204212099537,14.509285459962484,50.124016427503975,Letňanská
14.453381476123669,50.06573865041062,14.457071353440819,50.06692121948677,Bohemians
14.281149563935887,50.12317883811737,14.283177128528042,50.124176462702614,"Tuchoměřice, AIR DEPO"
14.420397319305238,50.02202970887888,14.421793683835913,50.02314449106963,Korandova
14.354250668298336,50.151321637655315,14.355650331854738,50.15222096230914,Únětice
14.570604643630928,50.00574605086072,14.572441466870634,50.00688954027847,"Čestlice, V Oblouku"
14.165652795977705,50.05854474206254,14.16714130962511,50.059563657823574,"Ptice,rozcestí"
14.313839862079055,50.092441931446004,14.315632695067105,50.09357589078614,Nová Šárka
14.38971633073303,50.10257369876318,14.391550578543512,50.10388610153498,Národní technická knihovna
14.310687092222226,50.075584855391696,14.313346562943293,50.07655927071521,Ruzyňský hřbitov
14.494466047944268,50.11165261682562,14.500101694717051,50.11299136990041,Praha-Vysočany
14.356117487408516,50.02926972240661,14.358012751734906,50.03063377896168,Stará Holyně
14.370624299517859,50.18830699438151,14.373886920787037,50.19072540139504,Libčice nad Vltavou-Letky
14.114002389481941,50.1171614426507,14.115686511894305,50.11807165742486,"Kladno, pekárna"
14.216008854908685,50.11404530567604,14.21757433799336,50.11515269433669,Dobrovíz
14.232142537535156,50.28876747859913,14.23370105883068,50.289794421415806,"Velvary, Na Šibenici"
14.40281871181215,50.058584026299876,14.404215688328717,50.05948337366463,Pod Kesnerkou
14.444943457402422,50.05989487054922,14.45161330388727,50.06225345830481,Kloboučnická
14.310972847880267,50.2408774350994,14.312834357426203,50.241829065341825,"Kralupy n. Vlt., městský úřad"
14.350598786658745,50.08832003307428,14.35199661349469,50.08921936689016,Koleje Větrník
14.278177741230765,50.13226205537637,14.280121454821368,50.13321124503199,"Tuchoměřice, Obecní úřad"
14.101941970785113,50.146224380569926,14.103676641522242,50.14819851871503,"Kladno, Nám. starosty Pavla"
14.394230719053029,50.06192486272,14.396833780516186,50.062835737311225,Nad Laurovou
14.284847380242953,50.06176906829394,14.28790801408636,50.06344063996524,Halenkovská
14.310557144194565,50.06583117926454,14.312072254689319,50.066784320502286,Nevanova
14.35922909906728,50.170167627194026,14.36105150260178,50.171085272952304,"Husinec, Řež"
14.38004380420982,50.03374074790949,14.381958491367277,50.03496555197066,Högerova
14.723801009007705,50.098024875690754,14.725399198819046,50.09917122435598,"Horoušany, Horoušánky, Náves"
14.601885651952516,49.99411600190667,14.603347854838209,49.99514809788424,Nupaky
14.440169971051562,50.076557268087846,14.443956676885987,50.0776172741436,Vinohradská tržnice
14.262995426082837,49.99550198717778,14.264581371857398,49.996528912790374,"Chýnice, Pod Radnicí"
14.484997363271171,50.07088394803623,14.48727083462376,50.072141021835876,Průběžná
14.449999322243174,50.14339299556471,14.45172608024321,50.14431280459357,Prunéřovská
14.418009693798707,50.17615169255879,14.420543102724153,50.17756330603349,"Klecany, U Hřbitova"
14.44234848466765,50.05677685236768,14.443768316946898,50.05786874753379,Jezerka
14.294809651343028,50.06845451523101,14.296999699422521,50.069462038184454,Škola Řepy
14.459630875423212,50.115625426315944,14.46102952470462,50.11652477364868,Nemocnice Bulovka - gynekologie
14.315561052682616,50.15574487021068,14.317082847907695,50.1569675289432,"Velké Přílepy, Pražská"
14.423033761434382,50.261479221906384,14.425919533692236,50.26248847903563,"Úžice, Netřeba"
14.310953301273758,50.083659449186634,14.314298126718159,50.08512872696717,Praha-Ruzyně
14.12589376521257,50.12483657061299,14.127645841376854,50.126032929548835,"Kladno, Dr. Oetker"
14.330631511423874,50.190736731330134,14.332037388058657,50.191720068611815,"Tursko, Libčická"
14.324129956648513,50.085019232667584,14.325977449359959,50.086629771098636,Ruzyňská
14.543497369370016,50.134469154612795,14.545232527126345,50.13544794410471,Sportovní centrum Kbely
14.268107033034816,50.08346422991534,14.270925452664535,50.08467507270246,"Hostivice, K Dálnici"
14.590566662662109,50.10751169765976,14.592085818896994,50.10873028775367,Slatiňanská
14.513691133510054,50.0313780713502,14.5156981117639,50.03250102428883,Mikulova
14.212594686563168,50.1468530452889,14.215810994020638,50.147814884845324,"Makotřasy, rozcestí"
14.337115176069855,50.05755219932475,14.340251982912667,50.05946350849265,Šafránkova
14.424002634611398,50.02473621187822,14.426433682709336,50.0257529742708,Zatáčka
14.420418847989561,50.22732603801716,14.421820752148362,50.2282253619474,"Odolena Voda, Dolínek, Vodolská"
14.32009598472101,50.044693648360145,14.322676378418153,50.04642538481305,Luka
14.16116518815543,50.26966680854794,14.162697408530404,50.27056809143977,"Hobšovice, I"
14.442030422300054,50.07486313805596,14.445872357569453,50.07584518374073,Šumavská
14.277242412423591,50.159306092638545,14.278846013951442,50.160572889532915,Noutonice
14.612180477840766,50.082900088579095,14.617396129386828,50.085229248369906,Praha-Běchovice střed
14.438168724451593,50.05399434118406,14.442105580053108,50.057004953567606,Na Veselí
14.328061024381128,49.959215995167675,14.329693178467489,49.96027810483019,Dolnočernošická
14.457176649444698,50.04777480307029,14.458753058179756,50.04890339694084,Vyskočilova
14.398670738337628,50.27379955087491,14.400072556070073,50.27474734880145,"Dřínov, U Rybníka"
14.62682227813296,50.01063336660953,14.628422987676924,50.01165783528822,Škola Kolovraty
14.325633236449638,49.94012032379232,14.327026763708473,49.94101967617205,"Černošice, U Kamenného mostu"
14.32314776828973,50.30799952998618,14.324576531524606,50.309047269760946,"Nová Ves, Vepřek, u fary"
14.534596072369567,50.071921651194124,14.536489422978066,50.07321925371175,Průmyslová
14.493930007930338,50.25360227627477,14.495669226175682,50.25555763530283,"Neratovice, Byškovice"
14.133162834437288,50.084997231724046,14.135237750346894,50.08604682968729,Unhošť náměstí
14.129228752965647,50.13411345451619,14.13081459796073,50.13559776124599,"Kladno, Okrsek 0"
14.439282171342285,50.167176717225985,14.441177381732917,50.16821432739072,"Zdiby, Veltěž"
14.593227693256177,50.24336269248648,14.594733810546199,50.24425850743826,"Kostelec n. L., U Starého Labe"
14.393706380143636,49.945228410561924,14.395260064537483,49.946223673480326,Strnady
14.393945550249814,50.103120756685826,14.39585221409189,50.10536096174896,Lotyšská
14.267920206503117,50.117579468855844,14.26995014625665,50.11857682511016,"Kněževes, Skladový areál"
14.457917865408076,50.0408529712269,14.464989372823963,50.04335968327974,Kačerov
14.506603320869878,50.10180548201739,14.509931641180637,50.10295979736879,Kabešova
14.449147771920408,50.101821556001134,14.450791946673624,50.105361458223925,Dělnická
14.600807749090828,50.11703180240624,14.602667152276059,50.118161697152374,U Tabulky
14.440111832049235,50.06236332425903,14.44302988669317,50.063341288909974,Nuselská radnice
14.49303712974077,50.076367158835154,14.49548272526825,50.07739474489816,Solidarita
14.580272244414857,50.08808856246348,14.58211186231114,50.08904973803907,Škola Dolní Počernice
14.514829511081158,49.98565923822715,14.516845592730464,49.986652288057854,"Vestec, U vodárny"
14.473014414030887,50.0905878751449,14.477090676064314,50.09223191160913,Vozovna Žižkov
14.304213269543258,50.029878444688855,14.305642129204303,50.03093465472092,Ořešská
14.412550412264125,50.07514440235,14.415214961876186,50.077550633063545,Jiráskovo náměstí
14.345600670408713,50.05077194422903,14.347632424422054,50.051742756369286,Poliklinika Lípa
14.619379611601245,50.12114961639838,14.623820304881706,50.122497387669,Františka Veselého
14.588836559247275,49.97497501771148,14.59236735461073,49.97614923869312,"Modletice, V hůrce"
14.234955503676531,50.01944054525797,14.236640100081376,50.020401853460505,"Nučice, bytovky"
14.67026302284524,50.07360841437751,14.672561779712707,50.074773883259276,Zbyslavská
14.435565739308394,50.06419430337444,14.437830033142117,50.06524614222721,Divadlo Na Fidlovačce
14.354048070575839,50.149789734506946,14.355430023590587,50.15073106510624,"Únětice, Obecní úřad"
14.435376459772057,50.00466273874171,14.438952939555866,50.00616140726306,Levského
14.161903992761243,50.18777640031034,14.16337920096131,50.189200299512116,"Brandýsek, u kina"
14.743013436481714,50.13282983893339,14.744885469649418,50.13379076157761,"Nehvizdy, Mochovská"
14.451669028654646,50.08307686782484,14.454925478649812,50.08455101841927,Lipanská
14.289362356898998,50.23023648884645,14.291011241407956,50.231147511222645,"Kralupy n. Vlt., Mikovice"
14.524346243893323,50.26088543311841,14.525749156220039,50.26178476684628,"Neratovice, Kostomlatského"
14.678990031506878,50.19944251990533,14.680391168569331,50.20034188005954,"Stará Boleslav, U Hřbitova"
14.132995215543703,50.14955230252725,14.134728849008813,50.15069473289244,"Kladno, Ininova"
14.509760928286607,50.03365312433169,14.511926632712726,50.03473275758725,Šperlova
14.321684374126066,49.95771106067963,14.324533185007915,49.961790337796714,"Černošice, žel. zast."
14.297137602601582,50.223829103684444,14.298696753762265,50.22545575785513,Kralupy nad Vltavou-Minice
14.364852019944816,49.99103704540891,14.36640867380642,49.99255425413428,Pod Lahovskou
14.403579836668358,49.98939671567979,14.405218708151182,49.9916935469091,Praha-Komořany
14.374906374160139,49.96852827792063,14.376645225064426,49.96957162147539,Peluněk
14.400300079269362,50.100036974519846,14.402905321409865,50.10094882560124,Radnice Praha 6
14.462099335982476,50.00740618083461,14.463611760612011,50.00873521871971,Stará Libuš
14.315631220753948,50.24551071749005,14.317333577485993,50.2464248826064,"Kralupy n. Vlt., Třebízského věžáky"
14.546242383247739,50.13625992639843,14.54768342928024,50.138044673489404,Sovenická
14.450865953858997,50.138737170503404,14.452580750018338,50.13966332970576,Počeradská
14.510953559805596,50.338676635041395,14.51302924923452,50.34083996164514,"Velký Borek, Skuhrov"
14.237847876495437,50.07600924746423,14.239545922506874,50.07691825258079,"Hostivice, Staré Litovice"
14.578965394041868,50.09173847558953,14.580616600036626,50.09266162457625,Dercsenyiho
14.486588334115673,50.105817136647666,14.489995950911728,50.107485925380416,Divadlo Gong
14.396959752842985,49.98565744244323,14.398404250996702,49.986843942125475,Lahovice
14.602551962228846,50.07616580143836,14.603960915613856,50.07714566401032,Otakara Vrby
14.305768879769232,50.23837167784828,14.307783898464347,50.23949563051053,"Kralupy n. Vlt., Poliklinika"
14.46570325398437,50.0772653974783,14.468108113322355,50.07863429182908,Olšanské hřbitovy
14.596565997453693,50.03052187211945,14.59998491382809,50.03298703564113,Nové náměstí
14.259362413808818,50.19852699752135,14.260957986487037,50.19953020230997,"Zákolany, Trněný Újezd"
14.27563660272844,50.03261679639787,14.277023494659392,50.03359490292333,"Jinočany, Logport"
14.559805101563185,50.02373302321354,14.561542799922318,50.024762576014176,Dolnokřeslická
14.447636006840373,50.147088326428474,14.449041138822139,50.14804087712972,Dvorní
14.654953235485568,50.19079184568706,14.656439056952447,50.191857554139574,"Brandýs nad Labem, Dům pečovatelské služby"
14.417748907329822,50.09912690781115,14.421741835173952,50.10142972789399,Korunovační
14.427578264806469,50.04820772439018,14.431221669866334,50.050580935829494,Kavčí hory
14.540239781613678,50.15522009864864,14.542658193802303,50.15650909704996,Miškovice
14.556745084889801,50.04488802541489,14.558624247425614,50.04609076514559,Na Vartě
14.39474186687995,50.09895207426382,14.396447398630343,50.100413295819735,Vítězné náměstí
14.416104487921743,50.130098413196094,14.42005567610964,50.1317396357381,Zhořelecká
14.425363486165407,50.07686531226037,14.426959012652492,50.07777178776726,Ve Směčkách
14.499758472993657,49.97943055560102,14.501686891145303,49.98035931298318,"Vestec, Obecní úřad"
14.396875386784547,50.1581836546512,14.399409615552338,50.161136976128574,"Roztoky, Nádraží"
14.520740305865242,50.207516017505455,14.52222129112222,50.208430181961674,"Měšice, Agropodnik"
14.474566856298276,50.11161207256087,14.476417356899823,50.112850787726764,U Kříže
14.517812377013767,50.10293461663843,14.52018869714445,50.10400364227496,U Elektry
14.625195821330696,50.220059234792714,14.62661697918946,50.22109056493227,Záryby
14.452696873976128,50.03769214372563,14.456224114474372,50.03888026677737,Rosečská
14.373570877251124,50.09887962630082,14.377344849205889,50.10009427761015,Hadovka
14.658214671936323,49.99651195600524,14.659694028149334,49.997670843254056,"Říčany, Pod Lihovarem"
14.48122738476401,50.085999817981,14.482644918172321,50.08714888194775,Malešická
14.310241507759118,50.25069786347288,14.311885393883669,50.2520748351214,"Kralupy n. Vlt., Revoluční"
14.5330440845007,50.05596569823844,14.534769515373384,50.05702280133635,V Nových domcích
14.545954313396495,50.23818405793608,14.54761039940797,50.23940239182362,Jiřice
14.346605188215852,50.318460639343705,14.349821524543277,50.320534259667006,Mlčechvosty
14.126269427864369,50.132583625142864,14.127677883334297,50.133482493299596,"Kladno, Wednesbury"
14.574929672237415,50.15568944799594,14.576381923191676,50.15698825186363,"Přezletice, Horní náves"
14.066925468788876,50.08175515121675,14.068687925450888,50.08269814913033,Horní Bezděkov
14.497838512264261,50.236001685905215,14.50021849685198,50.237990774915204,"Kojetice, Žel. st."
14.401949608644214,50.00187567823997,14.405417533349153,50.00544780521399,Nádraží Modřany
14.711698901647598,50.0992356190586,14.713292103062576,50.10030518098665,"Horoušany, Horoušánky, U Tří svatých"
14.439365512410173,50.06367002858077,14.442121488461934,50.06618295438618,Náměstí Bratří Synků
14.495878366280145,50.09900387186787,14.497309734274301,50.100069227716084,K Žižkovu
14.476417675591971,50.010249620299746,14.478708003931832,50.012771630474326,U Tří svatých
14.435767290606009,50.210991888764056,14.437380116476758,50.212122411300385,"Panenské Břežany, zámek"
14.466198171939203,50.089648268678424,14.470889173958572,50.0916285135319,Ohrada
14.436132746502226,50.06068172195488,14.438282122992351,50.06230785181616,Palouček
14.4308912352383,49.97209642880296,14.432503095224769,49.9732665617805,Točná
14.39331777386939,50.108421963398015,14.39548046315388,50.10953320177105,Čínská
14.510785547602092,50.09696625555979,14.512468258035591,50.09810554454852,Na Lukách
14.520348238704555,50.20318920287109,14.52194476942342,50.20433959716298,"Měšice, Na Rejdišti"
14.444064405485227,50.02031295742092,14.445567294219636,50.021512341745954,Čechtická
14.364555408600822,50.05062041360341,14.366714191425029,50.05152078634376,Sídliště Jinonice
14.568615375711293,50.19212444325049,14.570205524143535,50.19302505672201,"Sluhy, Nad Hájem"
14.639796664793595,50.05966360623758,14.641673435279298,50.0605634937418,Koloděje
14.2831135483042,50.13339876917708,14.284746460977654,50.13513123029734,"Tuchoměřice, U Hřiště"
14.556059542088052,50.05830377678818,14.559643697873152,50.061070952414795,Dolnoměcholupská
14.213698607357461,50.08681364495524,14.216658887571374,50.087831756042824,Jeneč
14.594186823139138,50.19986478375709,14.597181364897093,50.20103291858386,Polerady
14.395109289456808,50.13669692880093,14.396542308108979,50.137854071071374,Zámky
14.332881961821766,50.15882074016059,14.334281838336445,50.159720059803824,"Úholičky, V Kopci"
14.3598439439213,49.980827323884306,14.3612386562291,49.981726676080136,Škola Radotín
14.47075722442093,50.08123993552908,14.472426340753808,50.08286438083002,Mezi Hřbitovy
14.211639940004261,50.02639374778861,14.21341607554233,50.02740614679245,"Rudná, Hořelice"
14.58774843714679,50.10410125140566,14.589192963361205,50.105192548070335,IKEA Černý Most
14.618658400943781,50.10059707500752,14.620350695140324,50.10170752502134,Xaverovský háj
14.262608400819634,50.0347193095064,14.264294185059057,50.03678308990847,"Jinočany, Žižkova"
14.39553280843538,50.031309124774985,14.396928991707005,50.032208475189506,Barrandovská
14.531007886307384,49.99948547057202,14.532663279751018,50.000432397591155,"Průhonice, Rozkoš"
14.395687967308405,50.269482474308866,14.397171329661406,50.270396525155746,"Dřínov, Stavadla"
14.492499776278635,50.10223082801836,14.496515603225362,50.10348543904214,Arena Libeň jih
14.23151564880682,50.08270192148901,14.232913849090439,50.0837510784645,"Hostivice, Ve Vilkách"
14.41278916928967,50.084047103657156,14.414453581306843,50.085313866007056,Karlovy lázně
14.136656559985562,50.10627313792094,14.138082737475566,50.10742376197214,"Malé Přítočno, U Hrnčírny"
14.282465193028518,50.05536561916842,14.28388260496127,50.056384120892154,Nový Zličín
14.550061843625077,50.13834818033826,14.552025570193342,50.13987502022389,Pod Nouzovem
14.363602668647147,49.97908142341959,14.364997331502355,49.97998077654484,Radotínská lávka
14.421523804579229,50.25072993975029,14.422926395558603,50.25162926021429,"Úžice, Kopeč"
14.34972792267607,50.00218316370727,14.35120057733781,50.00333333565024,Pod Lochkovem
14.585310620236982,50.14812975486123,14.588604792502531,50.15006514413089,Lohenická
14.529117091084721,50.14641356952329,14.531069711062962,50.147492229049334,Oderská
14.37088768609875,50.1910131392918,14.372288514050691,50.19191246067268,"Libčice nad Vltavou, Letecká"
14.535199075037953,50.105354209716964,14.539341216980539,50.10722641891221,Hloubětín
14.528467359632868,50.10356097661534,14.534178279795974,50.10605499593938,Starý Hloubětín
14.292024848742349,49.961209534317945,14.294078746218306,49.96218146628723,"Třebotov, Solopisky, ZD"
14.655827216558833,50.188113052950115,14.657361078966789,50.189011947008204,"Brandýs nad Labem, Rychta"
14.400939610158563,50.107132297669274,14.402817093899335,50.10840395082607,Nemocnice Bubeneč
14.391738717149972,50.07171949552819,14.394080151550126,50.0727548676331,Bertramka
14.59545370582791,50.06480048487605,14.598573813115758,50.06613077599393,Winklerova
14.392405431188179,49.97449032060767,14.393799968954522,49.97538967935682,Elišky Přemyslovny
14.503903434416962,50.13836685162401,14.505625856500451,50.139749166392015,Fryčovická
14.18139955089816,50.20240483112151,14.184439194811794,50.20362909920252,"Třebusice, křižovatka"
14.279313765751377,50.1574284216897,14.280753731456317,50.15833237792264,"Lichoceves, Noutonice, Nádraží"
14.08669060114683,50.0976503427658,14.088133697621094,50.0987834569839,"Braškov, Valdek"
14.662515241393114,50.20610729453523,14.664185047976597,50.207383105631344,"Stará Boleslav, Proboštská jezera"
14.420863064517437,50.22514529299622,14.422430034283552,50.226146906936066,"Odolena Voda, Dolínek"
14.655491393770651,50.24202524999636,14.65695550511261,50.243128449176695,Lhota
14.211821529816035,50.220971869736864,14.213350072883284,50.221967830257896,"Slatina, rozcestí"
14.235055591566981,49.98147203944325,14.236935348335841,49.98246687137496,"Vysoký Újezd, Kuchař, Karla IV."
14.11131435090901,50.13989640939716,14.113169657477247,50.14119029086501,"Kladno, Dlouhá"
14.518753693056535,50.19648688170543,14.520240303677161,50.1977670179874,Měšice
14.538248681758514,50.251400331488334,14.539651318351478,50.25229966847639,"Neratovice, Lobkovice, Statek"
14.50436978610963,50.112297357053414,14.507153979671285,50.11322870767065,Ke Klíčovu
14.217698016495138,50.113152499739506,14.221337102760259,50.11454130454711,"Dobrovíz, Obecní úřad"
14.680058366004719,50.00454835926176,14.682900843480478,50.00607626151992,"Říčany, Pacov, Březská rozc."
14.343301144284181,50.079207498018505,14.348306574365942,50.081201891636375,Vypich
14.47198846000996,50.10521860340219,14.473457160902631,50.10640118553505,Divadlo pod Palmovkou
14.484203220358758,50.092030512105495,14.488591498126066,50.09300153489383,Chmelnice
14.133565176191691,50.184770290775056,14.134994824101154,50.18582970889797,"Pchery, Theodor"
14.4890279285249,50.07167423065594,14.493082792721035,50.073914567386005,Strašnická
14.4468227377935,50.0365079882015,14.448239962512343,50.0375532116362,Nad Rybníky
14.131291176076045,50.084610355593,14.132688824129207,50.085509644371,"Unhošť, škola"
14.418070841929516,50.04259522382282,14.419467358207632,50.04349457614172,U Háje
14.517534612033824,49.99556071290855,14.518929788079577,49.99646008705612,Drazdecká
14.272191895101644,50.12558125440528,14.274527627043343,50.12797390149419,"Tuchoměřice, U Dvora"
14.611034620712413,50.10018272399621,14.612535370928773,50.101757275795094,Na Svěcence
14.304685051021714,50.04583874199293,14.308758017460764,50.04723844616395,Stodůlky
14.122883648425042,50.12671377230365,14.124506382213383,50.127743308318244,"Kladno, Americká"
14.428284749566352,50.00561783044268,14.430658975117852,50.0071191187903,Modřanská rokle
14.418187536175418,50.03966470347043,14.420053265427526,50.040732395436386,U Dobešky
14.205074318907489,50.23884367485819,14.207793678461277,50.239876749916064,Kamenný Most u Kralup nad Vltavou
14.44178166501996,50.05395542436053,14.443353872897543,50.05500604635829,Sdružení
14.361361488217508,49.98357978837322,14.366424093775631,49.98768657510012,Nádraží Radotín
14.45060945262732,50.10969539371311,14.452445745923553,50.110820605879766,Přívozní
14.677631118292659,50.16393656052365,14.679004884703213,50.16488323883233,Zápy
14.499693785519415,50.27674998685127,14.501175418825294,50.27763891218777,"Libiš, Obec"
14.551202632706953,49.99998379010786,14.554608676109684,50.00106794030036,"Průhonice, Hole"
14.565084573451482,50.10675788538998,14.566781121658797,50.107686114830145,Ronešova
14.63536911199678,50.062622877976835,14.637433691968338,50.06357972252331,Pod Oborou
14.74071267565356,50.21573089892988,14.742396020316997,50.216653701246194,"Skorkov, Otradovice, křižovatka"
14.454757049457397,50.00746347065171,14.456634918840543,50.00967118667863,Libuš
14.443142011638571,50.10852113842295,14.445621017115972,50.110509461289276,Jankovcova
14.65830606267346,50.101481913217384,14.659704337407256,50.10238128674746,Krňovická
14.414642609856797,50.007524354268064,14.416446229621624,50.0086627877049,Tylova čtvrť
14.623204253379885,50.12290461661142,14.624603146709234,50.12380398335338,K Zelenči
14.657997836891186,50.10325481336985,14.659396163189612,50.104154186594975,Nepasické náměstí
14.667657230516626,50.00938587087485,14.669333502981313,50.01095326382809,"Říčany, Pacov, U Hřbitova"
14.316743469026664,50.03897691043412,14.318885537465667,50.04073043971204,Radouňova
14.511181545708483,50.254230763022406,14.512776950887408,50.25517163606986,"Neratovice, III. ZŠ"
14.514514764199006,50.30779939314505,14.516945038042767,50.30900930428055,"Kly, Krauzovna"
14.386436362929764,50.05751398504823,14.390320227030536,50.059592177667085,Radlická
14.448522289942431,50.07490094319601,14.450799916566453,50.07590647658683,Vinohradská vodárna
14.644390241891916,50.082358112392136,14.645787958192008,50.08325748757266,Blatov sever
14.552717087335717,50.20275218737495,14.55416400531305,50.203784412356775,Mratín
14.448328576747569,50.288182659013536,14.450421112484326,50.28965044135153,Chlumín
14.655393054898337,50.12955841482209,14.657535650299101,50.130536685870624,"Zeleneč, U Hřiště"
14.356111436376915,50.00986060880127,14.3576086590531,50.0112268908921,Frančíkova
14.361344835531547,50.07938152029255,14.362886265430886,50.08034837943989,U Ladronky
14.354095038538103,50.01965192018412,14.356161133759462,50.02064831057252,Škola Slivenec
14.460738258561513,50.019262920683666,14.464664878386948,50.023123611503955,IKEM
14.296082708272431,50.22728676293579,14.29749429787429,50.22825583671779,"Kralupy n. Vlt., Modrá hvězda"
14.4911240949317,50.339476941570055,14.492669803503713,50.34075635761025,"Mělník, cukrovar"
14.33691413819721,50.23950324719122,14.338463056418192,50.24070383262312,Chvatěruby
14.34387614271692,50.10012028550821,14.345490535823428,50.10152095996433,Na Pastvinách
14.416132267496268,50.011582910191564,14.417864567173348,50.01288042915808,Družná
14.335085491152086,50.034867802726346,14.336811241798767,50.03604438633259,Velká Ohrada
14.413012998312025,50.00393386256521,14.420322059499114,50.00685592261398,Poliklinika Modřany
14.60149261772007,50.02614145399292,14.60309757601336,50.027702245363706,U Mlejna
14.710428263410423,50.101021642065,14.71187703324043,50.10225345777694,"Jirny, Nové Jirny, Hájovna"
14.344510726262147,50.10838460460782,14.347096473592496,50.10971419307455,Nad Habrovkou
14.237660198405537,50.280176358926205,14.239063601776426,50.28107564103807,"Velvary, škola"
14.409465550243826,50.22563837734959,14.411057847616393,50.22660342208261,"Odolena Voda, Ke Stadionu"
14.138421956677107,50.1796346227595,14.13983583733073,50.18060507694531,"Cvrčovice, Čabárna"
14.244255902165143,50.23216685450596,14.245657898014793,50.233066145458324,Olovnice
14.352461834059833,50.19404890619639,14.353884464066436,50.195081593103865,"Libčice nad Vltavou, Chýnov"
14.36180626739422,50.19921044071795,14.363207332757446,50.20010975924654,"Libčice nad Vltavou, železniční stanice"
14.239336949567955,50.036582502557415,14.240736152220315,50.037573496999386,"Rudná, Dušníky"
14.457991037767046,50.05746924936584,14.45953365932278,50.05880964998416,
14.26872576729029,50.20935496582175,14.2737487823268,50.21200463664608,Otvovice
14.508597478836247,50.093002677405636,14.510144528591189,50.09423912549897,Hrdlořezská
14.51947205687992,50.15751693808688,14.521208744794045,50.15854086110861,Sídliště Čakovice
14.634116434784216,50.01617390789193,14.635636562080265,50.01707509209028,U Rozcestí
14.34023139555741,50.100076979506454,14.341951918803804,50.10105110929121,Nové Vokovice
14.486942634370381,50.042562918655776,14.488339165750522,50.04346228130885,Nad Pahorkem
14.094298703428308,50.134864949483315,14.097124353238438,50.13770538412584,"Kladno, zimní stadion"
14.307768319373226,50.063920878503886,14.310238013565492,50.0651310763155,Slánská
14.369569215130827,50.0297802900986,14.372230097827556,50.030943012164485,Záhorského
14.430182095487023,50.052720919944214,14.431687801078757,50.054040979650345,Děkanka
14.697582469482807,50.11530351718269,14.699485725517238,50.11625898328465,Jirny
14.190366156798936,50.17045277917325,14.191808444978028,50.17159482065458,"Stehelčeves, ObÚ"
14.271251130430171,50.05018270820029,14.273297873103534,50.051132392245364,"Chrášťany, Scania-Label"
14.33385347901005,50.160866153067104,14.335400918458395,50.161771146951565,Úholičky
14.52907414199827,50.231268249717374,14.531026249092164,50.23226855110284,Čakovičky
14.47107928510901,50.10130243407383,14.477411020540968,50.10585946906751,Palmovka
14.279826247252522,50.165146647666035,14.28185045273209,50.16629805130619,"Lichoceves, Noutonice"
14.46264250190052,50.07382685532424,14.467270836843078,50.074914179706354,Vlašimská
14.415263561328205,50.013682921794796,14.4166592388094,50.014582278169726,Ke Schodům
14.503379467197421,50.033038227929765,14.505461031635262,50.03406119101688,Mokrá
14.198559098268783,50.1460912493581,14.20011930481669,50.14711295065279,"Lidice, Památník"
14.51684005474735,50.1789854330411,14.518403790026879,50.18015096090737,"Hovorčovice, U Kostela"
14.455982064405632,50.12558008726612,14.457851671683162,50.127452428956715,Březiněveská
14.399880778897938,50.1223013925111,14.40144931988307,50.12330590741904,Podhoří
14.545457246773537,50.01208739685788,14.547191699250558,50.013178263691614,Újezd u Průhonic
14.452943843700753,50.00545607902506,14.454929645689422,50.006561510823154,Sídliště Libuš
14.118140819031806,50.13376427826972,14.120692687481494,50.13512283924306,"Kladno, Vodárenská"
14.677431788274276,50.02519143172113,14.679905794878051,50.02702626902242,"Křenice, V Polníku"
14.487081826022063,50.10299150963128,14.489538249765586,50.10405413867103,Ocelářská
14.321592843567888,49.99693767711824,14.323401753526932,49.99795302159776,Cikánka
14.506501522513004,50.067313449283326,14.509364468953766,50.06898470100422,Skalka
14.386229886285617,50.115499732107885,14.3876285138596,50.11639906785662,Sídliště Baba
14.677038768787993,50.04992032699893,14.68022294525643,50.05114997590155,"Květnice, Lékořicová"
14.605760439453533,50.015340088201306,14.607236160456415,50.01649171110551,K Lipanům
14.37140814616984,50.15979204029532,14.372958252306425,50.160789659665504,"Roztoky, Rozc. Žalov"
14.149518865336043,50.16292903225774,14.150929133003942,50.16398766767833,"Kladno, učiliště"
14.657183496065144,49.98890420450037,14.658578504015361,49.98980359546442,"Říčany,Zimní stadion"
14.266987210513031,50.032262475439325,14.268758673037427,50.03325896939644,"Jinočany, náměstí"
14.716947486513854,50.09270817449845,14.718354718344546,50.0939559254379,"Úvaly, Zálesí"
14.39799172814455,49.9894194197597,14.399437723289948,49.99056916841392,Lahovice
14.541353055995941,50.06151981426758,14.543114372199087,50.062614845030744,Kovošrot
14.402711382820943,50.10417007015742,14.404251523014588,50.105228329817415,Českomalínská
14.357599429692643,50.09738574232866,14.360880784469694,50.098650416484666,Sídliště Červený Vrch
14.338499221019758,50.07382933349981,14.342576034916892,50.075964519102385,Nemocnice Motol
14.380145994336193,50.011714324538765,14.381541605809666,50.012613675425726,Velká Chuchle
14.524435570489127,49.983247316765535,14.525873129811602,49.984347082910375,"Jesenice, Zdiměřice, bytovky"
14.726191728640075,50.10188437413284,14.72864548488692,50.103582726270865,"Horoušany, Horoušánky, Za Panskou zahradou"
14.60227164824445,49.98503674927503,14.603849675909299,49.98609458236288,CT Park
14.412787833712535,50.079409576986365,14.415704162148934,50.08191843355835,Národní divadlo
14.384969902009754,50.0996120334402,14.395622892629312,50.102966114886826,Dejvická
14.157647282135544,50.136100763584096,14.161001943026895,50.138198582421694,Hřebeč
14.4088846799456,50.13099502446167,14.41289978985568,50.13233832881037,Sídliště Bohnice
14.506714609314923,50.05325988209706,14.508347613492482,50.054895833664276,Topolová
14.27291472887607,50.28660017932356,14.274486467704303,50.28750692071156,Uhy
14.702023198372707,50.11037961555975,14.703614600691438,50.1113654840986,"Jirny, Luční"
14.5112472646175,50.091654524138455,14.512669736782929,50.092742375748145,Pod Táborem
14.498487380031102,50.03932891760181,14.499883820087057,50.04022828236283,Pyšelská
14.620671027580798,50.01560849134918,14.622207675855881,50.016511508643596,Kolovraty
14.562144339266768,50.11050761905111,14.56354286083676,50.111406980913635,Jordánská
14.486052035767948,50.01243450934406,14.488990730007611,50.013899017707395,Kunratice
14.229852524333387,50.01972040857342,14.23157337124444,50.02066988986626,"Nučice,Pod Vinicí"
14.360517822524212,50.06907546205849,14.364713371479125,50.07112540052406,Kotlářka
14.403364772809542,50.07751186930908,14.4053676716748,50.079086476068824,Švandovo divadlo
14.436768571216568,50.04851858041033,14.441717465443087,50.053034546160376,Pankrác
14.688121475718495,50.20342584090628,14.690446019866641,50.204536856140386,"Stará Boleslav, Na Panském"
14.467659678231842,50.055365345876865,14.472746476880202,50.05740526311835,Chodovská
14.112523420774094,50.16101275626957,14.116193983085005,50.16264533989195,"Kladno, Kübeck"
14.491787094659857,50.1938393830288,14.493377203117015,50.194802616385196,"Líbeznice, Pošta"
14.311579386641728,50.14368861154,14.313429613199997,50.14479088779728,"Statenice, Račanská"
14.255515016597705,50.28375110380555,14.256981787855134,50.28472649607082,"Velvary, Nové Uhy"
14.556306314502304,50.144929656093694,14.558230692711266,50.14622334407109,Ctěnice
14.507496064319756,50.13540336927821,14.509785639168372,50.13636343126721,Šumperská
14.664378670725005,50.2702528040594,14.665785228385007,50.27123949589389,"Sudovo Hlavno, Rozc. k háj."
14.469870458099162,50.077368000251994,14.47695238804627,50.080161575256405,Želivského
14.570123785754186,50.12484353630657,14.57327740039333,50.12624664692359,Satalice
14.343440303935834,50.093901832552405,14.34979359705078,50.09700558156469,Nádraží Veleslavín
14.550971395805433,50.034494450466525,14.552844258056432,50.03565683629805,Newtonova
14.681675224765698,50.11136735394925,14.68319277826935,50.11236324604116,"Šestajovice, U Školy"
14.683752168615914,50.0364318044703,14.685694134564548,50.03737189587425,Sluštice
14.45949507423495,50.00980674075774,14.460993926133535,50.01098205827053,U Zvoničky
14.347284886704053,49.98020961070908,14.349085339601734,49.98121951418273,Zderazská
14.446348712160106,50.1071640747133,14.449379211957849,50.108271827457045,Ortenovo náměstí
14.531267484414682,49.97814103371403,14.532824010727879,49.97919476630666,"Jesenice, Zdiměřice, u rybníka"
14.507849366995618,50.03582862669267,14.509655086385635,50.03801216000325,Donovalská
14.461806551325628,50.116383684455194,14.466016457705196,50.119694356077,Vychovatelna
14.391067233541559,50.061215365406355,14.393933765953001,50.06212913464247,Štorkánova
14.548270676956191,50.133801377033855,14.550096021371129,50.13551631145399,Bakovská
14.323543103271854,50.271419184133286,14.325173397890511,50.27244901574708,Veltrusy
14.255273141253634,50.14199024087527,14.25662756380307,50.14283815860549,"Středokluky, Černovičky"
14.503749383336016,50.072748944403784,14.505822345649703,50.07391724345013,Dobročovická
14.41234703509359,50.023682743329914,14.413883269103225,50.025070256207506,Jitřní
14.31007694678334,50.159898389920194,14.311583644813538,50.16100650994671,Velké Přílepy
14.64911705707353,49.99475037156895,14.650598545957964,49.99566682786149,"Říčany, Wolkerova"
14.484371641059958,50.14520177422945,14.485904450803169,50.146167556096835,Kokořínská
14.654782293136114,50.016253903308886,14.656178605003399,50.01728539664575,Nedvězí
14.632789495640349,50.14234696309861,14.63450080488354,50.14325123691769,"Jenštejn, Dehtáry"
14.422124026078924,50.08262605715387,14.425817569302827,50.08448211295645,Můstek
14.536747296148206,50.08500984185564,14.538803901745109,50.086240323986104,Perlit
14.625486991578237,50.00712760341905,14.627226650453439,50.00885716218902,Do Lipan
14.321442296047124,50.09119102116137,14.327947799340173,50.09343909239121,Divoká Šárka
14.328988358568463,50.09239947784242,14.333016081348983,50.093708933166255,Vozovna Vokovice
14.710522008886455,50.168092472304885,14.712333446090325,50.169139559423705,Lázně Toušeň
14.475302766520251,50.069791204393745,14.479569894456544,50.07138634299963,Kubánské náměstí
14.305063992590881,50.07051571621041,14.307925532147518,50.07155657948879,Za Slánskou silnicí
14.514796059845436,50.25552202526783,14.516500434818761,50.256452074967854,"Neratovice, Bří Čapků"
14.347214193716113,50.07284417028265,14.349772312514522,50.073865030823605,Pod Šafránkou
14.436444219000368,50.01520333882022,14.438104385981813,50.01612636134759,Lhotecký les
14.52735857826723,50.1084141237334,14.532086479099371,50.111226353396084,Nový Hloubětín
14.676392585500707,50.26264981222959,14.67923241610368,50.263992184411585,"Sudovo Hlavno, Konětopská"
14.135199784244037,50.10453487292966,14.137854968537313,50.105634818728994,Unhošť
14.43320661118767,50.04820928197388,14.436650027086666,50.050512746457656,Sídliště Pankrác
14.46912138021671,50.04488600995603,14.471962183862777,50.04634107487797,Depo Kačerov
14.290862269753033,50.23239303592747,14.292267736219083,50.23370146400656,"Kralupy n. Vlt., Na Krétě"
14.110142169193763,50.130557535803106,14.111601522129323,50.13164706394122,"Kladno, Na Kovárně"
14.256923291880394,50.02053682513526,14.258749717948932,50.02186547518332,Dobříč
14.37034607160539,50.164643537286224,14.37174612854397,50.16554286267825,"Roztoky, Přemyslovská"
14.225240547908001,50.03127208444334,14.227509856076491,50.032611709227254,"Rudná, Nerudova"
14.436228753795687,50.09482479856002,14.437770572516612,50.09597868383103,Štvanice
14.419510025471833,50.16052033289058,14.420909974665824,50.16141966707399,"Zdiby, Pod Mezí"
14.305954379210652,50.08733961851472,14.307810815201186,50.08854171288778,Ciolkovského
14.459842278309122,50.126324279947696,14.461269221972774,50.12738921983573,Poliklinika Čumpelíkova
14.422646329624518,50.02090196810443,14.424505572926659,50.021830532138836,Klánova
14.38619206589346,50.16489063595595,14.387592134252138,50.16578996400856,"Roztoky, Masarykova"
14.421393868437182,50.040739423414145,14.422790331699172,50.0416387765504,U Háje
14.429999172097618,50.16796517105199,14.431846114960996,50.168946452102496,"Zdiby, Přemyšlení"
14.23640027390482,50.172466905131174,14.237763122987115,50.17338849434365,"Libochovičky, U č.3"
14.631677347916801,50.11843290536005,14.633591290464675,50.11946327231707,Bártlova
14.414390607940136,49.99748207165262,14.415881099370182,49.99898622816056,Baba I
14.510616379321402,50.13555862427272,14.512015620794477,50.136457975691975,Bludovická
14.611672928933652,50.15243427446753,14.613393472430749,50.153459224835835,Jenštejn
14.360805486480466,50.171861397240654,14.362764517836741,50.172918592514975,"Husinec, Řež, sídliště"
14.135475613653142,50.151379327569785,14.137219822275064,50.15245177764653,"Kladno, Na Šestém"
14.66568925957984,50.08929334000876,14.667266044216579,50.09020156003135,Smiřická
14.282880549461842,50.23138292572616,14.2856128571292,50.23252648753067,Kralupy nad Vltavou předměstí
14.474160170007472,50.14510120804014,14.476291981922634,50.14624374100507,U Spojů
14.305475303017966,50.07219690162369,14.308233413620336,50.07324793740875,Radnice Řepy
14.354494093458218,50.02638713649255,14.356040304042043,50.027396763503965,Pod Mezí
14.436091017910078,50.144848758570596,14.438153979129256,50.14579324179525,Dvořákova
14.10652905127806,50.1175512289947,14.10806774878775,50.11845057097071,"Pletený Újezd, Křižovatka"
14.405156221427749,50.10406083160701,14.406753586463193,50.10520776843396,Sibiřské náměstí
14.184167681704754,50.04439990314258,14.185980457277795,50.04547158150312,Úhonice
14.500158833427227,50.06127771368223,14.50644385206615,50.06513856161424,Nádraží Zahradní Město
14.468653510933008,50.05246236151538,14.470796756372037,50.053516418976535,Praha-Michle autovlak
14.11269013132309,50.13219775961426,14.11583958759578,50.13365774210839,"Kladno, U Hvězdy"
14.301775041839235,50.076353598898535,14.306109415752443,50.07839626403404,Jiviny
14.514393057821106,50.042504775210396,14.517318754882293,50.04368442725047,K Obecním hájovnám
14.495437554529488,50.09354973969781,14.49702892690334,50.095825359999026,Balkán
14.405185325066222,50.05819584922472,14.406701184995569,50.05988365057201,Správa sociálního zabezpečení
14.74479405597876,50.22010405954223,14.746435149065803,50.22120504053254,"Skorkov, Podbrahy"
14.42805050428142,50.042945124928636,14.43133528201693,50.04394689133039,Nové Podolí
14.47354435271586,50.05216958546769,14.475744177606947,50.05351254350257,Teplárna Michle
14.3936239172612,50.12760763829349,14.395453383468002,50.12871226121628,V Sedlci
14.673594609833604,49.995198267821564,14.675777594617436,49.99674176216201,"Říčany, Domažlická"
14.28853827270958,49.97256763252196,14.29037142987963,49.973715567259354,Třebotov
14.565867570469987,50.122804826401655,14.567605736236168,50.1239979737596,Sportareál Satalice
14.367873087250906,50.02553987397919,14.369630074986523,50.02648749832032,V Remízku
14.248199691064231,49.97696329601932,14.249912209535127,49.97800330344072,"Roblín, Kuchařík"
14.604365504678169,50.01299523119363,14.606056307622353,50.013991812859956,Benice
14.608549119197942,50.03248119129071,14.61034909633579,50.034027809144526,K Netlukám
14.415624150879953,50.328486667358526,14.41708974480789,50.3294590325332,"Lužec nad Vltavou, Chramostek"
14.452887301157682,50.05200882186397,14.454284098971314,50.05290817810061,Ohradní
14.494406279152736,50.22358922262548,14.49581093567369,50.225499677261496,"Předboj, Rozc."
14.494706960602391,50.04069641796896,14.496103439516672,50.041595781995674,Městský archiv Chodovec
14.598644956103959,50.11599361738139,14.600043643990945,50.116892982583394,Stavební zóna Horní Počernice
14.520542805097413,50.057150975108186,14.522417313560497,50.058678242796944,Sídliště Na Groši
14.204797791011814,50.24124172849051,14.206182212041734,50.242208270694846,"Kamenný Most, křižovatka"
14.356368219119789,50.01712862701833,14.357763981031717,50.018027972946086,Do Chuchle
14.43077623671522,50.11564455456619,14.434820808063904,50.117823339336894,Trojská
14.345655896536906,49.97732212486921,14.347050503616805,49.9782214750952,Příbramská
14.501207024999763,50.055883174616014,14.502983020012833,50.05691713115908,Hlohová
14.447558603476061,50.07664481812341,14.452099510633724,50.078406579306396,Jiřího z Poděbrad
14.4707975879394,50.0105422757753,14.473188214214137,50.011482024589455,Dobronická
14.49455990973795,49.9830327464355,14.496112734702645,49.9845089744615,"Vestec, Obchodní centrum"
14.643933095266846,50.25585761317748,14.64555470972879,50.256945386885754,Dřísy
14.455390506141574,50.05104297851814,14.458317089968073,50.05203342224445,Hadovitá
14.382713456187043,50.13342147434811,14.384497039486243,50.13503822386488,Budovec
14.148278994909015,50.236057187593524,14.149683203976775,50.23704961236233,Drnov
14.380235848692061,50.08718939005533,14.382307375518616,50.08931256752555,Na Petynce
14.370259461964741,50.30674364530434,14.371772538570573,50.30769955454015,"Vojkovice, Křivousy"
14.387804449916368,50.10635336941245,14.38961170698121,50.107472718493014,Na Santince
14.236522637958284,50.12984517192265,14.237957362553505,50.1309165276448,Středokluky
14.490315830467729,50.105182944942605,14.49430090171812,50.10681909629166,Českomoravská
14.26351023595513,50.046957943213336,14.265035758139165,50.04785215670021,"Chrášťany, Protherm"
14.315423675436813,50.24666348815232,14.317127826866399,50.24758031198014,"Kralupy n. Vlt., kulturní dům"
14.293958607075448,50.020402697281725,14.295555096920397,50.02131420278603,"Ořech, u sokolovny"
14.287016899306781,50.05234518600304,14.292309685341387,50.056383569976646,Zličín
14.314943644042948,50.06316372132835,14.317037019041761,50.06451471857714,Hlušičkova
14.458196975364812,49.96327734610245,14.459872234075467,49.96506235321134,"Dolní Břežany, náměstí"
14.34617855011979,50.07502093294412,14.348031044071263,50.075977667525194,Na Šafránce
14.306505329782162,50.2371277941523,14.307961773788419,50.23808440574661,"Kralupy n. Vlt., Poděbradova"
14.234310579575023,50.28149445937934,14.235714020607753,50.282393740584936,"Velvary, nám."
14.596137209680172,50.08054063206141,14.600534299524508,50.08292908970155,Nádraží Běchovice
14.571589749761259,50.22865420989536,14.574627934156275,50.22992179323285,"Kostelec n. L., Záv."
14.713466828877314,50.18436519256444,14.716097975246495,50.185570603826434,"Nový Vestec, Na Pískách"
14.275535539329388,50.107672196770416,14.278950188090016,50.10890441590737,U Hangáru
14.576722729295803,49.99971465842317,14.57817127044307,50.000821941062085,"Čestlice, zábavní park"
14.454279637400356,50.24140973650351,14.4556819627296,50.24230906346112,Veliká Ves
14.483295469037468,50.071713983622566,14.485059606131985,50.072813146309564,Pod Rapidem
14.563170619575049,50.10209557387143,14.564869577532345,50.10307932510969,Generála Janouška
14.518080194890908,50.15437685583054,14.519837543357935,50.15555760181332,Praha-Čakovice zámecký park
14.483187176143279,50.118049900486014,14.484820722522397,50.11895859956172,Nový Střížkov
14.547860416092119,50.13278032165556,14.549259584014914,50.13367967830916,U Rumpálu
14.225160473603756,50.060716120800514,14.22661752952725,50.06160777908382,"Chýně, Měststký úřad"
14.483114708947696,50.169433820082936,14.484643181618152,50.170591279812776,Na Boleslavce
14.37457808589498,49.94726224322573,14.376041418337362,49.94856615659396,K Chatám
14.64700043841572,50.18567222759803,14.649298853488785,50.18713947226447,"Brandýs nad Labem, V Olšinkách"
14.440053205610232,50.0330371037947,14.441634163090905,50.03396504736513,
14.499108455082906,50.09975068908921,14.506082758528354,50.10252798578374,Nádraží Libeň
14.446561582670862,49.96213158497987,14.449053917313877,49.963425512931636,"Dolní Břežany, Hradišťátko"
14.451069829690386,50.17074931327469,14.452840565534183,50.171914786773215,"Zdiby, Výzkumný ústav"
14.124741787351352,50.11832052384514,14.126158220601592,50.11978057607628,"Kladno, Billundská"
14.321131247438194,50.28956745141631,14.322534952723913,50.29046674854813,"Nová Ves, Staré Ouholice"
14.406491841335747,50.045232443117456,14.408806143815259,50.04703768036783,Zlíchov
14.469898614749871,50.086615964386304,14.471964983731366,50.08774213411613,Basilejské náměstí
14.52708686977459,50.05216555389586,14.531120989350566,50.0533888696166,Hostivařská
14.35967181884863,50.06291324482218,14.36157187767913,50.06385455551614,Naskové
14.54208051590478,50.16763071536358,14.544470291757184,50.16911418432517,"Veleň, Mírovice"
14.398894695763948,49.968976282067906,14.400434527940822,49.97100600978184,Praha-Zbraslav
14.455837769818643,50.09472001763759,14.457748950095736,50.09576470665406,Urxova
14.44037937879496,50.03787844101583,14.442690710392545,50.03920707667834,Na Staré cestě
14.502535861405145,50.038045916684624,14.504540059355481,50.03912670663841,Brodského
14.316282294812803,50.16070093084321,14.318110708901642,50.1616370694658,"Velké Přílepy, Podmoráňská"
14.136655176682229,50.13403858938679,14.138363112265568,50.13535291085435,"Kladno, Meta"
14.197086338473458,50.015234403598896,14.198914358826366,50.01638509617888,"Rudná, Vypich"
14.347448014703742,49.97604782460948,14.348842585449537,49.97694717535493,Vojetická
14.128287088219329,50.11684875230113,14.129811306909106,50.117744747636955,Velké Přítočno
14.163452328047804,50.094393932491435,14.167549730048602,50.096525050593584,"Pavlov, železniční zastávka"
14.326351887040284,50.05018972611443,14.329794316715548,50.05113600677123,Nová kolonie
14.424562100470483,50.17146676289818,14.426022909006909,50.17306543698389,"Zdiby, Přemyšlení, V Remízkách"
14.548168146736556,49.97297552561597,14.550371362940162,49.974459474584165,"Jesenice, Osnice, hřbitov"
14.579443977618467,50.052732313535024,14.58084082248066,50.0536316864297,Dubečský hřbitov
14.391807895578914,50.155145836474496,14.39401040527554,50.15637596230384,"Roztoky, Tiché údolí"
14.49289669085632,50.1892288727694,14.49471161463289,50.19091432553353,"Líbeznice, I"
14.15190132978306,50.1310008923849,14.153728673084492,50.13214910744581,Netřeby
14.264418583393585,50.20998565218346,14.26607441388819,50.21090134792985,"Otvovice, sklárna"
14.450674870563162,50.121466047351184,14.453756766530239,50.12252897353889,Hercovka
14.302150872876872,50.26630696741537,14.30366202601217,50.2675332319002,"Nelahozeves, u nadjezdu"
14.379893924202156,50.006565584003695,14.381700181612587,50.007773316111106,Mrkosova
14.42534546032339,50.07389797289729,14.426813708361262,50.074889767555824,Kateřinská
14.46203079614322,50.09616049138479,14.465882654679195,50.098329962924886,Invalidovna
14.446412894252184,50.1761247320157,14.44781330587919,50.17702406794892,"Klecany, D8 Park"
14.669192206575543,50.00885030550105,14.67058779350222,50.00974969446378,"Říčany, Pacov, ZŠ NEMO"
14.383816416645617,49.96760816927419,14.385358377802142,49.968667030724916,Sídliště Zbraslav
14.382453574733548,49.964376382784295,14.384793033437399,49.965863217063045,Žabovřesky
14.58011174788773,50.12258971868535,14.583056439384396,50.123773183765564,Sovákova
14.46466632718779,50.069115935397704,14.466657273441736,50.07002406466549,Kavkazská
14.669587709406798,49.99756934430652,14.671108990261072,49.998791554733785,"Říčany, Radošovice, ZŠ Bezručova"
14.413402706581204,50.16186603348348,14.414802693557915,50.1627653664811,"Zdiby, Holosmetky"
14.408731817696973,50.00557824837625,14.41086691498232,50.00694495040091,Na Havránce
14.611625240113197,50.08865727862985,14.6130968590754,50.08978292053375,VÚ Běchovice
14.611545239444188,50.15943099592148,14.613532665549611,50.1606936039599,"Dřevčice, Rozc. Jenštejn"
14.289812858444936,50.23634069944698,14.291370636628969,50.2372431005453,"Kralupy n. Vlt., Lidové náměstí"
14.295885327263592,50.2563657276754,14.29759816525082,50.25730657263282,"Nelahozeves, Lešany, rozcestí"
14.295975992016363,50.053212255413776,14.29814324555745,50.054220176807206,Obchodní centrum Sárská
14.670864925188482,50.09813176779175,14.672456266535328,50.099262503725534,Bazar
14.219045769202591,50.058174883427284,14.221042429064513,50.05910091676272,"Chýně, Háje"
14.307761115837666,50.03124667253341,14.311066143467418,50.03298702587263,Nádraží Řeporyje
14.515812416624339,50.00557370477411,14.517787581845917,50.00734118729104,Škola Šeberov
14.613623500785033,50.11067807779298,14.615192000275112,50.111968921126,Sídliště Horní Počernice
14.505323793688353,50.07966162027694,14.506721406428436,50.08056097968775,Černická
14.40101717481128,50.0542601261107,14.402414025329973,50.05515947385381,Konvářka
14.448982148504758,50.18441631535897,14.450554752883516,50.185388384250984,"Sedlec, Pema"
14.39375866891887,50.024291283578876,14.395693799415934,50.02560475996155,Malá Chuchle
14.463170180673979,50.1152370260246,14.464568819453008,50.11613637393999,Nemocnice Bulovka
14.439559377606047,50.08323163801331,14.442406099050261,50.084717643934304,Náměstí Winstona Churchilla
14.27311020318033,50.13603534409443,14.27450939699186,50.13693465586989,"Tuchoměřice, Špejchar"
14.428615584682559,50.10150542757787,14.43001381545252,50.10240477238668,OC Stromovka
14.37123476837231,50.074555648321095,14.37442561257161,50.07619993340608,Podbělohorská
14.478911596890912,50.07720884541617,14.481258751912062,50.078264431884044,Vinohradské hřbitovy
14.129400930227863,50.148049324121466,14.131364864531351,50.14926446279085,"Kladno, Kovošrot"
14.406726288208755,50.07394432717759,14.408123711931301,50.07484367278693,Středočeská
14.656293792151548,50.07510833438438,14.661045193155784,50.077344046743804,Újezd nad Lesy
14.506470778902012,50.01988249063595,14.508414412000525,50.02103517427042,U Dálnice
14.390384158377508,50.1787395815096,14.392031240218095,50.17973681796095,"Husinec, Samota"
14.296184949717215,50.23987858657915,14.297593851937396,50.24091781337143,"Kralupy n. Vlt., u požárního domu"
14.543924836772884,50.100020626081495,14.5480256629078,50.101744068030165,Tálínská
14.465845600073752,50.000143434012394,14.467307895059012,50.00170820123308,Sídliště Písnice
14.386148256222127,50.03532673098424,14.389897592227264,50.037988069299125,Geologická
14.456799159495803,50.04674590330922,14.45860281439899,50.047704768282614,Delta
14.538806545623602,50.014937558606256,14.541045446595326,50.015964342477844,Ve Vilkách
14.55485530938201,50.046642888724286,14.557604953678124,50.048787493358,Boloňská
14.212584688167341,50.01380422201166,14.214050207612432,50.01469057784301,"Nučice, železniční zastávka"
14.418816046792935,49.946921888373936,14.42058765705062,49.94790511010384,"Ohrobec, Károv"
14.439942569727634,50.07265093728885,14.442236660202314,50.07395208728602,Jana Masaryka
14.26159958413149,50.07998644580974,14.263402416430651,50.0808917542262,"Hostivice, Nouzov"
14.570768536327153,50.08659372106405,14.572852761627557,50.08766534514863,Nádraží Dolní Počernice
14.339128589241486,50.03979442010775,14.341031473455056,50.040838930469164,Malá Ohrada
14.552815100953735,50.0753170598525,14.554247393863811,50.07662754004985,U Radiály
14.660908462559625,50.08616328372247,14.66621849499569,50.08834361416941,Praha-Klánovice
