min_x,min_y,max_x,max_y,name
-121.36046432941174,38.56080747839644,-121.3583828856353,38.56323172559215,La Riviera + Folsom
-121.45764299324605,38.62104954354458,-121.45627060604939,38.62205625609428,Norwood + Lindley
-121.49857509780549,38.608462409405796,-121.4970959013797,38.60938249064841,Truxel Rd & Garden Hwy
-121.31693217638949,38.802131711846556,-121.31578102384766,38.80303248811617,Foothills at Pasco Scientific
-121.51339665669751,38.60548085380745,-121.51224854351031,38.606381746155904,Gateway Oaks + River Plaza
-121.76464554701485,38.65941831090297,-121.76349645315827,38.66031928906091,Yolobus County Fair Station
-121.38380630325479,38.590640280334085,-121.38265849697102,38.59154111962894,Watt + Hyde
-121.32232150210405,38.76780980794845,-121.32117089813201,38.76871059201434,Pleasant Grove past Country Club
-121.45759306054407,38.64385601114658,-121.45624684206719,38.64478358780134,Norwood + Jessie
-121.54533483877657,38.50051521618752,-121.544027663706,38.50196838337662,Park Riviera + Gloria
-121.462177607685,38.69048906431029,-121.46086539100878,38.691450635271714,2nd St + M St
-121.50764898037885,38.495082705435415,-121.50628702324441,38.496231194623086,Florin + Freeport
-121.52483686341483,38.546353271616184,-121.52284413798259,38.54769422753916,Lake Washington Boulevard & Redwood Avenue (WB)
-121.47164488131516,38.56620606402259,-121.47041502001733,38.56746343571255,P St + 29th St
-121.53698449347436,38.50066542341465,-121.5357007057692,38.501978175835454,Florin + Ark
-121.42568560818107,38.55595123425562,-121.42389808401838,38.558374863923,The Well
-121.27262944855137,38.70262889039413,-121.27110854130225,38.70507010883633,Sunrise + Old Auburn
-121.45015495446253,38.69057299013673,-121.44889314841188,38.69161380982453,M St + Front
-121.46885586358306,38.554814170293,-121.46767093246432,38.55627602959471,34th St + Y St
-121.40221554492963,38.60955000099987,-121.40077774382281,38.613604801486225,Fulton + El Camino
-121.74129847382306,38.55628251186463,-121.74001592137448,38.557949287827235,J St & Drexel Dr (SB)
-121.47993999950006,38.646755330323316,-121.47843790034653,38.64785956923329,North Market + S Market Ct
-121.50958025046835,38.54305584732173,-121.50815644828975,38.54397855276047,Riverside + Darnel Wy
-121.42849295085895,38.54377258907771,-121.42716554987008,38.54511381007133,65th St + 8th Ave
-121.46941036266517,38.577975010977106,-121.4678452390453,38.57915838887037,F St + 27th St
-121.4621814051961,38.68556459109552,-121.46085859124146,38.687150308390635,2nd St + Withington
-121.36196434376055,38.64667988954985,-121.36081565646883,38.64758071041307,Auburn Blvd & Orange Grove Ave
-121.3523129926297,38.65314909223144,-121.35116420760104,38.654049907731455,Myrtle + College Oak
-121.38868146574735,38.66100148468116,-121.3875325344784,38.66190231528186,Dudley + Peacekeeper
-121.28750039176418,38.780262017033635,-121.28634960847683,38.781162782929016,Pleasant Grove past Roseville Pkwy
-121.3286227139329,38.640702319225845,-121.32723928811122,38.64219687997387,Manzanita + Lincoln
-121.51089623083871,38.497341866279776,-121.50951806634264,38.498927732886735,SLP Dr + 58th Ave
-121.29338823788238,38.63593420450419,-121.29223976235647,38.636834995458564,Fair Oaks + San Juan
-121.39490981573157,38.546503557190256,-121.39178422723487,38.547655798082985,College Greens
-121.41670195104851,38.59509159619865,-121.41414871425289,38.59746114784971,Howe + Arden
-121.48877768555805,38.558729003109946,-121.48712351713534,38.56090436404243,Broadway + Freeport
-121.39287963712512,38.597757186362934,-121.39160096210097,38.59906291292156,Morse + Gerald
-121.35048850433638,38.680305864099125,-121.34825639326023,38.68181853470909,Hillsdale + McCloud
-121.5024783038934,38.55664530494112,-121.50114159768378,38.55756029511312,Riverside Bvd & Fremont Way
-121.50713310372316,38.615483582516546,-121.50537420537472,38.61718261798998,Azvedo + Bannon Creek
-121.44687665287218,38.62193714045589,-121.44548814935129,38.62286225965807,Rio Linda + Acacia
-121.47666990841067,38.511034036912115,-121.4751791046951,38.51280061629522,47th Avenue
-121.32831627808253,38.6551770377888,-121.32689192349393,38.65610006233087,Manzanita + Muldrow
-121.49193547282023,38.54299782150965,-121.49051322569167,38.54392317859132,Freeport + 11th Ave
-121.41612074917127,38.58474342785992,-121.41468005385721,38.585683772339046,Howe + Village
-121.36559935747268,38.66078858982028,-121.36445044275628,38.66168941014266,Madison + Hillsdale
-121.43460912305666,38.56757173415666,-121.43327467565378,38.56854276538735,56th St + H St
-121.46827722386507,38.56516276006911,-121.46712977634868,38.56606363989413,Stockton + Alhambra
-121.44990690285297,38.53797136186799,-121.44875989736316,38.538872238095195,Stockton + 15th Ave
-121.41161332541402,38.55472617143125,-121.41046607480757,38.55562702853183,College Town + La Riviera
-121.71785975631282,38.56150301145225,-121.71671224386614,38.562403988511576,
-121.47623706822785,38.61565317405431,-121.47489152615046,38.616910226036616,Northgate + Haggin
-121.32880356350033,38.637829796418416,-121.32765503673355,38.638730603544424,Manzanita + Cypress
-121.51101040407455,38.66163325863021,-121.50986139613404,38.6625341413331,Natomas Blvd & North Bend Dr
-121.4929616868544,38.5722568554541,-121.49181411335603,38.57315774450918,P St + 13th St
-121.46919803780638,38.57088094918964,-121.4675127281107,38.572674893341194,Sacramento Midtown (29th St/K St)
-121.50822939479207,38.61257717507702,-121.50645571204609,38.614125125255576,W El Camino + Capitol Oaks
-121.47790380735977,38.6290521568,-121.4737774047298,38.6302521007163,San Juan + Northgate
-121.45800621414092,38.60576460320209,-121.455670152632,38.607582695794,Del Paso Blvd + Hawthorne
-121.4881646363758,38.62695229068067,-121.48608026954516,38.62805341052915,San Juan + Bridgeford
-121.2928205095348,38.66997520726488,-121.29167149070446,38.670875992697844,San Juan + Ranch
-121.45243764498504,38.60604636658002,-121.45128955523133,38.60694723338316,Arden + Cantalier
-121.36485063645856,38.66480081218555,-121.36316926302807,38.66599758713899,Hillsdale + Chapel
-121.50908863007041,38.66494965928035,-121.50793957013855,38.66585054068296,North Park Dr & Natomas Blvd
-121.70454984334637,38.55740917380175,-121.70293645846441,38.558468224944285,Alhambra Drive & 5th St (EB)
-121.51424960721724,38.505204615782695,-121.51256169216948,38.50612848426453,13th St + Tuggle
-121.44844726628779,38.65297710760791,-121.44704031857525,38.65591219196492,Rio Linda + Main
-121.29570283886927,38.63597110396373,-121.29455436136924,38.636871895999,Fair Oaks + Grover Ln
-121.45956334986549,38.60641676509428,-121.45841525034984,38.607317634868906,Grove + El Monte
-121.31668029795715,38.667519784563616,-121.31492890684386,38.66854301615011,Coyle + Park Oaks
-121.3726434941844,38.71512959243473,-121.37149370604409,38.71603040752822,Elverta + Toccata
-121.74205296919135,38.54788894316889,-121.74085422755199,38.54929095669293,F St & 6th St/Davis Food Co-op (SB)
-121.47643042691149,38.54010175642173,-121.47528337330097,38.541002643541546,Franklin + Sutterville
-121.51881569392206,38.500793984277664,-121.51750600400945,38.501855415730695,56th Ave + Havenhurst
-121.75438501051488,38.67813721974825,-121.75235386844575,38.6798579057517,Yolobus
-121.5044947746818,38.58291445389317,-121.5033470255271,38.58381534607016,Sacramento (Old Sacramento 2nd St/J St)
-121.45681827705498,38.69065355767898,-121.4556530238961,38.691684041880805,M St + Rio Linda
-121.40221708363761,38.60270901081586,-121.40080061394997,38.60429798810628,Fulton + Cottage
-121.33973221903082,38.69183469215658,-121.33824237732435,38.69279420814817,Andrea + Roble
-121.36441179661902,38.68913776040055,-121.36307280097826,38.690061238736924,Walerga + Don Julio
-121.38366715192667,38.696969988571794,-121.38251764830005,38.69787081139116,Watt + Q St
-121.33790326873523,38.616668152991906,-121.33560023812186,38.61782544858034,Marconi + Garfield
-121.45310063621798,38.647082399427674,-121.45160696402095,38.648167700047644,Bell + Taylor
-121.48326713575172,38.56615405700073,-121.48211966445999,38.56705494296254,21st St + S St
-121.50392857764236,38.53724589259781,-121.50276942406593,38.53838770735236,Land Park Dr & Sutterville Rd
-121.40309905653626,38.58063472555416,-121.4001297478149,38.58225034298335,Northrop + Fulton
-121.50330720302343,38.60800568461698,-121.50186170004078,38.608947215588856,Natomas Park + Garden Hwy
-121.51430559018678,38.60391822273738,-121.51314561641645,38.6056458771709,Gateway Oaks + Garden Hwy
-121.45905199726145,38.524356558872626,-121.45790520295327,38.5252574410906,Fruitridge + 42nd St
-121.30993895036772,38.83734904934409,-121.3078730661117,38.838254759482645,
-121.38378364370924,38.58782914383415,-121.38233704977655,38.58920955638477,Watt + San Ysidro
-121.47299333955449,38.610688307471776,-121.46946216432754,38.61175839382514,W El Camino + American
-121.41539139275021,38.55048317027901,-121.41424420747083,38.551384029684115,Folsom Hall
-121.37420569844838,38.715606192121804,-121.37305590177986,38.71650700784113,Elverta + Tyson
-121.37961239410411,38.595217037802776,-121.37759041076139,38.59627556317655,Arden + La Playa
-121.31623844690803,38.63613106009913,-121.31471205367775,38.63721643921718,Fair Oaks + Queenston
-121.43341241634131,38.6250506196042,-121.43162108457479,38.62629077976164,Arcade + Marysville
-121.28698008048435,38.72903601319949,-121.28583011975627,38.72993678676319,Cirby before Cirby Hills
-121.50242856090436,38.59669449633086,-121.50127984105337,38.59783140361839,Richards Blvd & Bercut Dr
-121.53866253470004,38.50341351043378,-121.53735967209498,38.50528938936366,Florin + Gloria
-121.2782643933151,38.74343561637154,-121.27711420692688,38.74433638359108,Douglas at Donner
-121.27007915604806,38.74992933192265,-121.26849964520257,38.751005067083305,Harding at Macario
-121.28977286711414,38.77710921625486,-121.28862213312658,38.778009983707825,Pleasant Grove at Roseville Pkwy
-121.3091364704573,38.64910885433685,-121.30761562913885,38.65002294566617,Dewey + Winding Wy
-121.72721571017729,38.568013510309314,-121.72606809000044,38.568914489654524,
-121.44789039681146,38.69053121349679,-121.44673990458021,38.69159788645816,M St + 8th St
-121.32199808499892,38.62536503133567,-121.32070241824792,38.626447068658265,California + Landis
-121.38365070079439,38.70307578904692,-121.38250109943246,38.70397661091603,Watt + U St
-121.71963877586685,38.551331710353764,-121.7184914243118,38.552232689610065,5th St & Cantrill/Police Station (EB)
-121.32726118263164,38.61641035346759,-121.32582771761669,38.61747614628956,Palm + Panama
-121.52464655653223,38.65523765535461,-121.52349764367443,38.65613854460874,Del Paso Rd + E Commerce
-121.47170237032032,38.495306553960546,-121.47055602989239,38.49620744600272,Florin + Sundown
-121.4937340031441,38.626931277806946,-121.49200119542668,38.62803312096428,San Juan + Pony Express
-121.75666521682416,38.68087851392161,-121.75551578335022,38.68177948604227,
-121.4560975756897,38.53559757887477,-121.45486421976831,38.536708121052236,44th St + 18th Ave
-121.47625803378962,38.632341884088184,-121.47482515899664,38.63440111527027,Northgate + Patio
-121.37310435200628,38.772186596738685,-121.37195364822269,38.77308740322423,Rothbury at Elmsett
-121.32180774990185,38.63262720444558,-121.3205259537501,38.63371569551917,California + Sutter
-121.48048351833731,38.49523431673268,-121.47894238103976,38.496376482861336,Florin + 25th St
-121.5097876762042,38.64584482968957,-121.50815231643097,38.64809136900905,Truxel Rd & Arena Blvd
-121.37951545456161,38.63843247147435,-121.37734934309759,38.639431828979575,Auburn Blvd & Annadale Ln
-121.4673690655695,38.50919488826906,-121.46593163361267,38.51029421151843,Franklin + 47th Ave
-121.48607702246817,38.62717836112334,-121.48492857774369,38.628079238839916,San Juan + Zenobia
-121.30900619268002,38.65754049341019,-121.30768340558396,38.6589712058374,Dewey + Hillhurst
-121.38375343560911,38.59227508039338,-121.38232616648065,38.593818318621175,Watt + El Ricon
-121.42693906205757,38.563825425251395,-121.42541699532136,38.56503350161474,Carlson + State University
-121.48774601301487,38.56314485583495,-121.4865985871962,38.564045744128336,19th St + V St
-121.4765201204501,38.61016724702436,-121.47446871442241,38.61219972031316,W El Camino + Northgate
-121.4207850677751,38.55973586981828,-121.41963773244522,38.560636730144815,Hornet Bookstore
-121.37491098756595,38.660630027861444,-121.37267591988135,38.661803873764164,Madison + Jackson
-121.50101419498519,38.5730123538465,-121.49986660522411,38.5739132461168,Q St + 7th St
-121.35152322263593,38.61689220415568,-121.34981227521007,38.61794659439613,Marconi + Root
-121.49936887879413,38.64632885984393,-121.49822012141601,38.647229740119336,North Market + Sports
-121.54555424362532,38.50618232139004,-121.5438236754378,38.50928512517377,Riverside + Park Riviera
-121.35273598459293,38.75206529977339,-121.35158561563867,38.75296610018946,Junction at Baseline
-121.50138447722277,38.55818965262666,-121.50023712298635,38.55909054733667,Riverside Blvd & Castro Way
-121.35591988076625,38.628254012045524,-121.3545840210071,38.62916948800928,Mission + Whitney
-121.28749022595089,38.67768459531256,-121.28218850183615,38.678913143251144,Greenback Ln & Mariposa Ave
-121.3283268523414,38.75608242769812,-121.326277442807,38.75715697322839,Country Club at Junction
-121.45985931872892,38.62965762782654,-121.45841288137456,38.6307242718807,Silver Eagle + Norwood
-121.35436369341393,38.65317309176853,-121.35321490681655,38.65407390819436,Myrtle + Auburn
-121.33870658454322,38.6024758914193,-121.33755861568895,38.603376708543564,Fair Oaks + Ainsley
-121.46084917923001,38.57078516898669,-121.45917222154768,38.571975430524674,J St + 35th St
-121.29281102865035,38.652781392432225,-121.29140747470998,38.6539419076446,San Juan + Sunset
-121.4652642440562,38.51013976742557,-121.46385785115629,38.51138783270627,MLK Jr Blvd + 47th Ave
-121.2678405713848,38.67865591384702,-121.2666914288581,38.679556686115625,Arcadia Dr & Greenback Ln
-121.50423150538397,38.49513629468222,-121.50235519311465,38.49628160379599,Florin + Amherst
-121.42819536584246,38.515216161206205,-121.42677832912246,38.51704673805197,65th St + Lemon Hill
-121.5004568609947,38.56875705363322,-121.49930933921468,38.569657946330075,9th St + T St
-121.38619116747097,38.60996441881459,-121.38438623855382,38.61103108211592,El Camino + Yorktown
-121.49216584235417,38.579259756159495,-121.49101815785643,38.58016064380379,J St + 11th St
-121.71716938215498,38.552192810855864,-121.71602201802398,38.55309378910799,5th St & San Rafael St (WB)
-121.2932579519066,38.77508611527912,-121.29210724833364,38.77598688468356,Pleasant Grove at Gold Coast
-121.40220278912716,38.60560761361897,-121.40079240862602,38.60674068637395,Fulton + Hernando
-121.50450809251448,38.57258645309361,-121.50336050769431,38.573487346869705,5th St & R St
-121.32957944681584,38.60693271386059,-121.32823665469444,38.60834468541016,Fair Oaks + Frontier
-121.44442822628638,38.52503868677812,-121.44210891680588,38.528158946786824,Stockton + Fruitridge
-121.47732362108346,38.55619210704295,-121.47521830286331,38.5578411750794,Franklin + San Fernando
-121.48836342836867,38.59446881277162,-121.48685537029947,38.59562198701054,Richards + North 10th
-121.35202343558932,38.67772149442305,-121.3505820668433,38.67886790560554,Hillsdale + Robert Frost
-121.3467191897076,38.63774138458976,-121.34527580899167,38.63875081476066,Walnut + Cypress
-121.49539844151991,38.52419578518282,-121.49421345867587,38.52529521445323,Fruitridge + Carmela
-121.51548269955533,38.53597033988466,-121.51404289811192,38.536906560285594,Riverside + Derick
-121.27253392302303,38.71303219141985,-121.27106947471289,38.71419680853817,Sunrise + Stanford
-121.4746881176209,38.49528926725503,-121.47280518769631,38.49634793367196,Florin + Indian
-121.44056202862444,38.565325610027614,-121.43809996921951,38.56655182150114,J St + Rodeo
-121.36937099546495,38.55603588149643,-121.36708459818254,38.557193519877885,Folsom + La Quinta
-121.4654412145926,38.54047637277837,-121.46411328863903,38.54201542679818,MLK JR Blvd + 12th Ave
-121.45901966448427,38.57058426244497,-121.45787213573084,38.57148513751824,J St + 36th St
-121.50882807384072,38.50178974449335,-121.50747472851576,38.502710555585566,SLP Dr + Buena Terra
-121.47042975347195,38.568813459897235,-121.46928224674157,38.56971434006602,29th St + N St
-121.46357862281184,38.502205356205906,-121.46243217740205,38.50310624375734,Franklin + 52nd Ave
-121.34668083910374,38.75907560169019,-121.34553036112882,38.75997639827265,Junction past Park Regency
-121.26898156788587,38.67817491353798,-121.26783243235676,38.67907568642466,Greenback Ln & Arcadia Dr
-121.34671946057662,38.632273732185816,-121.34529963735845,38.6332041679517,Walnut + Raleigh
-121.38365959214272,38.68918999959557,-121.38213719529597,38.69189799971685,Watt + Elkhorn
-121.4884324334849,38.55311605491852,-121.487285166726,38.554016945044786,21st St + 3rd St
-121.2969118983505,38.605756901348826,-121.29576390188753,38.60665769861391,Coloma + Studarus
-121.58241175985498,38.62876014180994,-121.58126324034338,38.62966105815357,Marty
-121.48885341668222,38.5383976536957,-121.48770638352848,38.53929854626758,Sutterville Rd & 22nd St
-121.51119638228401,38.509714764683444,-121.50985911502491,38.51124433464536,13th St + 47th Ave
-121.3926361477041,38.54561377490206,-121.39148905252009,38.54651462506097,Florin Perkins + Kiefer
-121.39209565955142,38.559709276108805,-121.39094834067292,38.560610123854225,La Riviera + Waterglen
-121.29122620235508,38.731605212398115,-121.29007619788499,38.732505987564586,Riverside at Kenroy
-121.69160756209473,38.55039871527636,-121.69046023808782,38.55129968468742,El Cemonte Ave & Glide Drive (SB)
-121.26308974084466,38.72902651859797,-121.26055736386758,38.730110082649674,Cirby at Parkview
-121.52774879054262,38.51335157904595,-121.52589261796044,38.51505092143277,Greenhaven + Riverside
-121.49887320612496,38.61151153995338,-121.49684680847737,38.61334120810643,W El Camino + Truxel
-121.50014380649412,38.495160066374844,-121.49831279127271,38.496249131915256,Florin + 17th St
-121.49564821663088,38.55915797902183,-121.4943106800095,38.56007892106972,Land Park + Larkin
-121.51624739267636,38.509747416709224,-121.51478610229469,38.51382117307421,SLP Dr + 47th Ave
-121.50159663983982,38.563346850349305,-121.50043066137947,38.564460149591646,Broadway & 10th St
-121.33158407586191,38.70183700072041,-121.3304345243722,38.702737799242406,Antelope + Roseville
-121.33315663255627,38.66981628106212,-121.33094736919776,38.67108641649134,Auburn Blvd & Rosebud Ln
-121.47034642395191,38.5651038596286,-121.4691989762616,38.56600474033463,30th St + Q St
-121.44740038119586,38.51012196025564,-121.44625381902036,38.51102283970755,47th Ave + Steiner
-121.48373286477768,38.5697885571839,-121.48258533543398,38.57068944277938,P St + 20th St
-121.4343246437875,38.50585396273265,-121.43317815643054,38.506754837230524,Stockton + Fowler
-121.36526536872283,38.712214593865845,-121.36411563150664,38.71311540609705,Walerga + Elverta
-121.3507940392504,38.60953673679328,-121.34927336135453,38.61061906252867,El Camino + Via Camino
-121.27275774006546,38.737003917181724,-121.27160766017724,38.73790468278092,Sunrise at Conroy
-121.30902053771656,38.653685515879104,-121.30760765762881,38.65492728425157,Dewey + Will Rogers
-121.50955867904703,38.529729691976115,-121.50818831855544,38.5308436080432,SLP Dr + Pleasant
-121.46860917180379,38.49559835463439,-121.46746282840935,38.496499245328856,Florin + Serenity
-121.42607473692632,38.5596850274981,-121.42479720527805,38.561108496415,Eureka Hall
-121.33766064949066,38.692306938615815,-121.33618675027192,38.693371160978536,Andrea + Diablo
-121.29496674233687,38.692675098529676,-121.2929851549948,38.69410310078986,Auburn + Carriage
-121.69091994687226,38.54850271525395,-121.68977265331036,38.54940368470982,Cowell Blvd & El Cemonte Ave (WB)
-121.5043469686725,38.56432124747056,-121.50247883066272,38.56525155259349,8th St + Broadway
-121.460019212794,38.609725254265435,-121.45874868269406,38.61086034572153,Grove + Traction
-121.4994221090763,38.562092840536884,-121.49810439448744,38.563206259479045,Riverside Blvd & Broadway
-121.69491271820701,38.55736401521917,-121.69376528197512,38.55826498474461,Mace Blvd & 2nd St (SB)
-121.32921193075263,38.621509393771404,-121.32775426620742,38.62319330506932,Fair Oaks + Angelina
-121.45694675022722,38.52869111038908,-121.45563895396644,38.530298189320426,44th St + 25th Ave
-121.51128732556374,38.62232215170186,-121.50982097100062,38.62353754836637,Azvedo + Borona
-121.29097790992662,38.696021035483554,-121.28960518635203,38.69767666381577,Auburn + Sylvan School
-121.31017516024491,38.75058610943258,-121.30902483999267,38.75148689053015,Foothills at Baseline
-121.48311048889263,38.58540955851895,-121.4819627113193,38.58631044144431,C Street + 16th
-121.53310441331726,38.51131494253761,-121.53195778688706,38.512215857425794,Havenside + Parklin
-121.3415243349318,38.665320700482084,-121.34034966734708,38.66655219945717,Auburn Blvd & Hemlock St
-121.40737673988525,38.56927447348086,-121.40622926033711,38.57017532648219,A R Drive + Scripps
-121.5160356798742,38.670954458321674,-121.51488652033379,38.67185534164163,Club Center Dr & Dunlay Dr
-121.46533543399559,38.524209747363315,-121.46355642912816,38.52583574267779,MLK Jr Blvd + Fruitridge
-121.49124524399095,38.544654730326904,-121.49002985669028,38.54584606937887,Freeport + 9th Ave
-121.36439952718034,38.69643625470375,-121.36295586631257,38.69843014457517,Walerga + Galbrath
-121.506346658876,38.56829635238442,-121.50519914133253,38.56919724757891,5th St & V St
-121.31460213173422,38.790445729542,-121.31298155719712,38.79305446945452,Foothills at Albertsons Drive
-121.47625563467432,38.54108515653422,-121.47510856553816,38.541986043429034,Franklin + 12th Ave
-121.40221661048507,38.59880523735492,-121.40079988256709,38.60082536203288,Fulton + Alta Arden
-121.31195972730364,38.75887550965808,-121.31080927293378,38.75977629030465,Junction before Americana
-121.29120361862833,38.72115901159671,-121.29005378161166,38.722059788365996,Auburn + Whyte
-121.49427795246996,38.61237106187163,-121.49227935301971,38.61344813918919,W El Camino + Stonecreek
-121.49618244161512,38.5286978514269,-121.49503555859452,38.52959874853643,Freeport + Irvin
-121.49966049964097,38.54930531451493,-121.49805859344886,38.550796885800224,Land Park Dr & Cordano Way
-121.41522062343473,38.52454792783001,-121.41404387590686,38.52561127176834,Fruitridge + Bradford
-121.48150817710004,38.58116886560672,-121.4798544238995,38.58235993398932,F St + 18th St
-121.46523005947148,38.53198545815322,-121.46408314074246,38.53288634181004,MLK Jr Blvd + 23rd Ave
-121.2813407958122,38.74363101565835,-121.28019060442935,38.74453178430432,Douglas at S Lincoln
-121.30957423860654,38.685494304545855,-121.30842496163052,38.68639509541691,Van Maren + Auburn
-121.72200247455872,38.551100409919705,-121.72085512561958,38.55200139004413,5th St & Cantrill/Greystone (WB)
-121.40132931989693,38.629756779475635,-121.4001808803268,38.63065762048741,Auburn + Fulton
-121.51389467608239,38.6069686694246,-121.51248392784963,38.608652629939584,Gateway Oaks + Venture Oaks
-121.2938254799454,38.67710343824447,-121.2913489219683,38.67886944941624,Greenback Ln & San Juan Ave
-121.4937095090783,38.53727835260093,-121.49256249113172,38.53817924736237,Freeport Blvd & Sutterville Rd
-121.41945085262803,38.59558687287414,-121.41830294759284,38.59648772708897,Arden + Ethan
-121.39980798912643,38.55057437370154,-121.39866081109676,38.55147522626152,Lake Forest + Chestnut Hill
-121.29119873546472,38.73639530376682,-121.28993026434115,38.737646895432135,Riverside at 6th
-121.48084213295692,38.52430231462496,-121.47940783452208,38.52653662834193,Fruitridge LRT
-121.44971922257093,38.605481110972015,-121.44555365412914,38.60697709234844,Arden + Boxwood
-121.3747922845262,38.617176926911085,-121.37333921665774,38.618285172975725,Marconi + Becerra
-121.3187578759046,38.64811885008113,-121.31728211932909,38.6494061500752,Jan + Winding Wy
-121.45603251389251,38.51880093896056,-121.45473228135751,38.520485360668474,44th St + 37th Ave
-121.50612828334529,38.61199732424705,-121.50411872055273,38.61408413237066,W EL Camino + Azvedo
-121.43759563837354,38.56983013929384,-121.43618626169689,38.570884660366076,F St + 53rd St
-121.33762183672533,38.603664927900944,-121.3358673593836,38.60467577267695,Fair Oaks + Garfield
-121.29084898921798,38.72998051236135,-121.28969901102212,38.730881287601335,Riverside at Cirby
-121.33434286564939,38.60525911541092,-121.33229723920026,38.60631898558478,Fair Oaks + Claremont
-121.5261026773305,38.51206385423354,-121.52492042012442,38.5133667456527,Greenhaven + Royal Green
-121.46537517840113,38.5721186612181,-121.4642276218131,38.573019538745115,J St + Alhambra
-121.3222515837463,38.67816530104174,-121.3211024164889,38.67906609892107,Auburn Blvd & Greenback Ln
-121.4900546652117,38.524212311407766,-121.48854093417525,38.525341088228956,Fruitridge + Dana
-121.38368800105262,38.67810828711088,-121.38253879917394,38.67900911285211,Watt + Don Julio
-121.45611654609962,38.53847007697737,-121.45483725613218,38.5393770230079,44th St + 14th Ave
-121.38284582046923,38.7180478903822,-121.38169597975785,38.71894870958075,Elverta Rd & Black Eagle Dr
-121.45760588185814,38.618537702761884,-121.45630842414107,38.61978019716816,Norwood + Las Palmas
-121.42982241992249,38.596169297464236,-121.42615692335303,38.597262679605926,Response + Challenge
-121.39640740562871,38.552771474620734,-121.39526019459498,38.55367232534229,Lake Forest + Notre Dame
-121.30537405319461,38.67760705091667,-121.3033229399055,38.67875375039598,Greenback Ln & Hilltree Ave
-121.36635974241783,38.59500795334218,-121.36295486365933,38.596182348568526,Arden + Eastern
-121.4877973206741,38.57668015686843,-121.48664967953707,38.57758104309483,15th St + K St
-121.44836826654914,38.6595604432418,-121.44713113271747,38.66080225627794,Rio Linda + Pinedale
-121.46026410868632,38.55467112489147,-121.45786665634562,38.55683907873073,Stockton + Colonial
-121.27240898208645,38.72978521670714,-121.27125901815621,38.730685983255505,Sunrise at Cirby
-121.53171199763221,38.507255714793345,-121.53038940191813,38.50816358520173,Havenside + Sail
-121.34903054623898,38.68500169543542,-121.34788125399254,38.685902504527455,Hillsdale + Andrea
-121.46850325766624,38.53311591449772,-121.46713794310658,38.534126985071296,21st Ave + 36th St
-121.49744825720386,38.582140857885264,-121.49597924653742,38.58372045630044,7th & I/County Center
-121.69407289302691,38.55422011512754,-121.6929255071553,38.55512108483624,Davis (Mace Park & Ride)
-121.49526564986839,38.58010125558174,-121.49411795034179,38.581002144381564,J St + 9th St
-121.47669077119036,38.4952481529084,-121.47554442902168,38.496149047054885,Florin + Loma Verde
-121.50914026732863,38.56926735188553,-121.50799273287946,38.57016824807781,3rd St & V St
-121.47500774464886,38.534570664687685,-121.4738246474079,38.53651053518107,Franklin + 19th Ave
-121.27228872765961,38.673017312352734,-121.27113967258258,38.67391808760994,Sunrise + Birdcage St
-121.54676063020145,38.50403318329597,-121.54448706300877,38.5058217164724,Riverside + Ashore
-121.73965294539795,38.558567553166505,-121.73822085081099,38.56029054592093,J St & Cranbrook Ct (SB)
-121.46888315002009,38.568431560193545,-121.46773565019365,38.5693324397697,30th St + N St
-121.4493598330825,38.64729498037523,-121.44716001453617,38.64847622031859,Rio Linda + Bell
-121.50122344113377,38.57447011140181,-121.49670895718825,38.5762035277985,7th St & O St
-121.33367892127227,38.79466610740994,-121.33252787896245,38.79556689255284,Blue Oaks past Prairie Woods
-121.29569257199307,38.67768130718551,-121.29454342824585,38.67858209277722,Greenback Ln & Shupe Dr
-121.33423120113842,38.78351308679117,-121.33203879166578,38.78528591314584,Woodcreek Oaks past Horncastle
-121.3877099933272,38.603440088957825,-121.38634900988643,38.60640061241654,Butano + Cottage
-121.31550974101896,38.77175888030598,-121.31419525253911,38.773052019747865,Pleasant Grove before Foothills
-121.32847399703319,38.64839061567538,-121.32701489757343,38.65029098345946,Manzanita + Winding Wy
-121.35121025155023,38.65630522816323,-121.34985525003592,38.657221871905264,College Oak Dr & Auburn Blvd
-121.41052321865422,38.52426040209739,-121.40873948609753,38.52569239799852,Fruitridge + Power Inn
-121.46540321073263,38.542970708642216,-121.46405338804894,38.544033191294595,MLK JR Blvd + 9th Ave
-121.52819260779206,38.548574346404564,-121.52704539241321,38.54947525355883,Lake Washington Boulevard & Highland Drive (EB)
-121.29684473740909,38.63574530367857,-121.2956962628293,38.636646096284196,Fair Oaks + Dell Rd
-121.47226736436089,38.55770069676129,-121.47086073741312,38.55868910240973,
-121.5115515153397,38.52487934796739,-121.51040468486771,38.52578025199597,SLP Dr + Nevis
-121.3402149974221,38.79392810322109,-121.33846572764728,38.79513657374498,
-121.32898502913758,38.630743394315864,-121.32744986434525,38.632823404646054,Fair Oaks + Engle
-121.5364810622015,38.512464511593464,-121.5343495382544,38.51337388854444,Riverside + Shoreside
-121.47153285374202,38.559303024886155,-121.47021424504207,38.56027087470591,
-121.45600408973065,38.51513740467022,-121.45474650663382,38.51621809531104,44th St + Lemon Hill
-121.28477977258744,38.74853015985221,-121.28355533519034,38.74948782331785,
-121.51983999002911,38.67210105763418,-121.5186908101784,38.67300194232917,Northborough Dr & Club Center Dr
-121.28295095756212,38.78861891875291,-121.28180004267963,38.78951968120972,Pleasant Grove at Fairway
-121.5266988594779,38.58017348247391,-121.52547814078487,38.5813345168872,W Capitol Ave & Jefferson Blvd (EB)
-121.29521023265704,38.60739126953052,-121.29292816226688,38.609078829844634,Coloma + Cordova
-121.34169673833303,38.60941104213962,-121.34029705959348,38.61053135784365,El Camino + Gunn
-121.38761385835154,38.63506148291581,-121.3864653418741,38.63596231704719,Auburn + Watt
-121.32811866206205,38.66272419849738,-121.32696973817222,38.663625001465434,Manzanita + Peppermill
-121.4624421077729,38.49993623582581,-121.46090189008619,38.500937863036334,Franklin + Turnbridge
-121.49863817496235,38.576275533944504,-121.49675334812312,38.57852935527403,8th St & Capitol Mall
-121.42813534866382,38.625916412654774,-121.42692345518864,38.626958687173456,Arcade + Diggs Park
-121.39297010975302,38.61000435782517,-121.38912486305107,38.611129582217835,El Camino + Morse
-121.50694890698973,38.574325852725785,-121.50580129321875,38.57522674723755,3rd St & Q St
-121.58643108137464,38.67835267607612,-121.58427631384251,38.68398708474958,
-121.59557986866858,38.64198864027356,-121.59443113152805,38.642889559689955,Beatrice
-121.27251858105454,38.71717281570712,-121.271368819188,38.71807358425553,Sunrise + Twin Oaks
-121.43812192659762,38.604228269503125,-121.4369738736207,38.60512913046,Arden + Blumenfeld
-121.4928152777934,38.52421059465303,-121.49138762064257,38.525330405255325,Fruitridge + Helen
-121.41444836484773,38.635920777641736,-121.4129772345959,38.636971921873695,Grand + Ripley
-121.29588450308721,38.60639000163858,-121.294736497151,38.60729079832418,Coloma + Aramon
-121.40195590557401,38.577723575322935,-121.4008082946491,38.57862442464012,Fulton + Sierra
-121.27352459915369,38.72891948232052,-121.27000040772919,38.73013241985743,Cirby at Sunrise
-121.42966596573937,38.571748468819976,-121.42851843447984,38.57264933114313,Messina + Moddison
-121.47489991671635,38.57941996549252,-121.47321428421064,38.58062053403977,F St + 23rd St
-121.49148936028092,38.581535156475475,-121.49034163992974,38.58243604348782,H St + 11th St
-121.30629133993374,38.77311091207684,-121.30514066030463,38.77401168788587,Pleasant Grove at Galilee
-121.36042134776342,38.64723688994087,-121.35927265246617,38.648137710022056,Orange Grove Ave & Auburn Blvd
-121.50906347390868,38.67043585970908,-121.5079143263003,38.67133674025423,Club Center Dr & Natomas Blvd
-121.52451974840373,38.4943428025798,-121.52253111462063,38.49663983640055,Greenhaven + Florin
-121.34746978753351,38.6094470831921,-121.34463191817494,38.61058781842566,El Camino + Walnut
-121.45616368641863,38.55036084322021,-121.45490592047896,38.552207156640996,Stockton + 2nd Ave
-121.29542245475919,38.77536041479222,-121.29427174548067,38.77626118517047,Pleasant Grove at Hallissy
-121.39011839014724,38.60276732590881,-121.38860320848102,38.603798773285504,Cottage + Kincaid
-121.348294687836,38.686077567499076,-121.34712721259675,38.68713483241588,Andrea + Hillsdale
-121.49180280759957,38.53796612667093,-121.49029969700786,38.53894007369246,Sutterville Rd & 21st St
-121.4985630570898,38.618230177840296,-121.49721194169142,38.61965312116155,Truxel Rd & Pebblestone Way
-121.51724565035968,38.50096111344322,-121.51550884875024,38.502199585880014,56th Ave + 13th St
-121.71414253697615,38.552891140279996,-121.71181366003357,38.55392146036718,5th St & Spafford (WB)
-121.45276163913464,38.54312412378352,-121.45154506049683,38.544312875774395,Stockton + 9th Ave
-121.58929424681968,38.68604897094338,-121.58794825656427,38.69040708826616,
-121.4122095065821,38.63625629720246,-121.4107524906871,38.63719900300689,Winters + Grand
-121.32230588069004,38.70674825109025,-121.32111692000045,38.70788034875731,Antelope + Saybrook
-121.27233484357023,38.68462915937027,-121.27088865037246,38.685975340832556,Sunrise + Arcade Lake
-121.4128509604317,38.524520396789555,-121.41057964491485,38.52561790445729,Fruitridge + 79th St
-121.43100946270923,38.56850965355751,-121.42901998442822,38.57054955889609,Carlson + Sandburg
-121.49704042211681,38.57655445494075,-121.49589277809311,38.57745534502256,
-121.4855974441828,38.59227215852963,-121.4844495560288,38.59317304143364,Dos Rios + Sitka
-121.29223894448671,38.63680510484143,-121.29109045575234,38.637705895121314,San Juan + Fair Oaks
-121.31453585249984,38.78681411121846,-121.31338494773749,38.78771488874428,Foothills at Roseville Pkwy
-121.486602283529,38.55916962461527,-121.48420967528527,38.560591441329144,Broadway + 21st St
-121.52295891525645,38.5249107816354,-121.51995012753284,38.52624836909258,Riverside + Seamas
-121.5189964623139,38.52989964674466,-121.51767493405893,38.530817053325116,Riverside + Piedmont
-121.48044099636961,38.573870658186586,-121.47929340384259,38.57477154177669,L St + 21st St
-121.49131192660272,38.56473515521623,-121.49016447360783,38.56563604474704,16th St + V St
-121.4801791210356,38.56602538934776,-121.47797732217641,38.567187443795376,23rd Street
-121.46642993064268,38.563004273830316,-121.4652023715359,38.56432462598723,Stockton + 34th St
-121.48688548988821,38.55778460507216,-121.48569861243658,38.559050194846655,21st St + 1st Ave
-121.51680389574798,38.533822106245296,-121.51535319816593,38.53517659396008,Riverside + 25th Ave
-121.31071349147257,38.758110036575886,-121.30847924934488,38.76022524224925,Foothills at Junction
-121.32924932531402,38.61899288074763,-121.32786987722218,38.61993601816471,Fair Oaks + Robertson
-121.27256252963501,38.69951386260935,-121.27112556604783,38.70128943649774,Sunrise + Oak
-121.48491456378018,38.569623656924655,-121.4837670364313,38.57052454303863,19th St + P St
-121.48902410326288,38.55054910361642,-121.487338794961,38.55231673192656,4th Avenue/Wayne Hultgren
-121.35165075663652,38.649365192504185,-121.3497593960592,38.65125114846489,College Oak + Orange Grove
-121.4865844286229,38.52424173441866,-121.48542037270298,38.525360665525895,Fruitridge + 23rd St
-121.38425113701346,38.707578289261065,-121.38310146321334,38.70847911070192,Watt + Blackfoot
-121.29365133059088,38.759965214018635,-121.29250086964909,38.76086598594404,Washington past Junction
-121.3509343933215,38.765674601233364,-121.34978380691051,38.76657539872949,Pleasant Grove at El Camino Real
-121.44010128639891,38.54624060752427,-121.43829641781129,38.54725699317137,Broadway + 57th St
-121.476179768616,38.64582466463161,-121.47503103159741,38.646725535331605,Northgate + North Market
-121.31581752755741,38.7961018116389,-121.3146664726798,38.79700258832384,
-121.59124642212748,38.69082123277759,-121.58796826873768,38.692892184012926,Public Transport
-121.46323381568084,38.53895369754654,-121.46096492341235,38.539978725776386,14th Ave + San Carlos
-121.27868453424513,38.78559742084701,-121.2768598792942,38.787698479929375,Fairway at Central Park Drive
-121.52685897355266,38.50650264343026,-121.52571242665249,38.50740355653315,Gloria + Tresleglen
-121.4367375162258,38.577851067765764,-121.43558988399249,38.57875193219738,Moddison + Carrington
-121.33805341773704,38.667751773502694,-121.3356677801162,38.668753626932,Auburn Blvd & Garfield Ave
-121.49591717890408,38.530455503883005,-121.49429292027243,38.531642795619014,Freeport + Wentworth
-121.53309673954794,38.51255720848435,-121.53176286049423,38.51357129135686,Havenside + Riverside
-121.47896249280018,38.57347145846516,-121.47781490741218,38.5743723414981,L St + 22nd St
-121.42068331141091,38.6029247731723,-121.41953528880984,38.603825626790794,Ethan + Surrey
-121.74769235356004,38.545706030760435,-121.74643994228263,38.546807769197606,Russell Blvd & A Street/City Hall (WB)
-121.51292542118985,38.52028394279607,-121.51167177356888,38.52197105696936,SLP Dr + 35th Ave
-121.49150071309435,38.58037480100451,-121.4893269931009,38.582035110217674,12th & I
-121.34978659165078,38.80283190436488,-121.3486354085817,38.80373269559796,
-121.45656791615073,38.48898255667247,-121.45542168406405,38.48988344329077,Franklin + Bouts Pkwy
-121.27226847196141,38.6757367171385,-121.27084511984539,38.67723518310653,Sunrise + Macys
-121.5125823330551,38.50623797287144,-121.51059442854535,38.50784250462164,SLP Dr + 13th St
-121.59588608052313,38.68101134322719,-121.59473671967375,38.681912256736325,
-121.382615271902,38.63693728417158,-121.38146672832438,38.63783811579141,Auburn Blvd & Watt Ave
-121.41979754183534,38.63593392568194,-121.41758706230104,38.63698117528065,Grand + Dayton
-121.26629001347028,38.74640131944782,-121.26513978677343,38.7473020805148,N. Sunrise Past Douglas
-121.43079384294828,38.635648818218975,-121.42886557932782,38.63703157101522,Grand + Marysville
-121.45766556458464,38.637537691923804,-121.45623133867791,38.63871400815574,Norwood + Harris
-121.33254147184702,38.70130040045919,-121.33139192838695,38.70220119950362,Roseville + Antelope
-121.4568857749134,38.49548609497346,-121.45443723175975,38.49665050666678,Florin + Bowling
-121.46663606966749,38.49539555503493,-121.46548973054595,38.49629644492832,Florin + Luther
-121.47189554070077,38.5545783584907,-121.47074825951246,38.55547924147254,Broadway + 32nd St
-121.43910419957174,38.514832010536594,-121.43771290870693,38.51693918914591,Stockton + Lemon Hill
-121.4957882912257,38.58528085587313,-121.49464050898442,38.58618174409016,F St + 7th St
-121.3841161807499,38.60943115956768,-121.38139625085361,38.61135666830015,El Camino + Watt
-121.52414143951268,38.49874283805835,-121.52279615678322,38.500372961350465,Greenhaven + Greenstar
-121.51931596071014,38.51778505670053,-121.51786033561388,38.51873844356744,Gloria + Lake Glen
-121.59444556524694,38.679145543361656,-121.59329623495017,38.680046456601836,
-121.44793947492388,38.53452096202193,-121.44679252529247,38.53542183794127,Stockton + Parker
-121.37508477123482,38.56281030147577,-121.37279842740574,38.564093896309636,La Riviera + Lanier
-121.6939589627057,38.55040781485393,-121.69281163747655,38.55130878510986,Chiles Rd & Mace Blvd El Macero/Nugget (EB)
-121.41226154014664,38.59555093378407,-121.40951556530179,38.59667746772749,Arden + Bell
-121.29284233690458,38.656341324980446,-121.29145526090764,38.65726757513789,San Juan + Fairway Two
-121.51797884181597,38.66612925755252,-121.51682975839172,38.66703014241081,Northborough Dr & Northpark Dr
-121.28701191188854,38.7454220144575,-121.28586168835224,38.74632278550518,Civic Center Transfer Point
-121.43921753377032,38.60509096933427,-121.43806946644786,38.60599183062891,Arden + Harvard
-121.45765216043647,38.63540450497593,-121.45621373791822,38.636531794932814,Norwood + Lindsay
-121.5438342288669,38.50890733245177,-121.54125410229284,38.51118572784801,Riverside + Florin
-121.43690016621274,38.55418887790589,-121.43464793006672,38.55542207939361,59th Street
-121.43784216635024,38.546380865100666,-121.43669503386762,38.54728173486249,Broadway + 59th St
-121.4631686984073,38.62970396647074,-121.4619170039394,38.63072093349646,Silver Eagle + Mabel
-121.39288194593179,38.581240199488086,-121.3916352562406,38.58215419985292,Morse + Northrop
-121.48611603800566,38.541228294682355,-121.48462213026227,38.54299391070524,City College Light Rail
-121.27167718672744,38.747272240035024,-121.26981071165916,38.748597759230364,Harding past Estates
-121.40194192997049,38.593354076531874,-121.4007940702528,38.594254923431166,Fulton + Maison
-121.36110862705,38.609642794368554,-121.35964857220921,38.61075000537376,El Camino + Greenwood
-121.44537942430966,38.691052521169475,-121.44418757493185,38.69220997860992,Oak Ln + 9th St
-121.38251228613183,38.67842266923441,-121.38090511617953,38.67945472932241,Don Julio + Watt
-121.5013484380578,38.51314800961465,-121.5000998663142,38.51470979023121,Freeport + Blair
-121.2961959079853,38.70715830934326,-121.2950462922538,38.70805909061946,Antelope + Lauppe
-121.49717208573797,38.57197685456035,-121.49602451447184,38.57287774540295,Q St + 10th St
-121.49995891605988,38.56312235330136,-121.49881148414948,38.56402324666197,Broadway & Riverside Blvd
-121.4764852426424,38.54834737208813,-121.47517585200954,38.55010182754046,Franklin + 5th Ave
-121.58630476964369,38.68406154080983,-121.5842581310576,38.68703300661474,
-121.51047251032028,38.64991265783566,-121.50932368988833,38.65081354212766,Truxel Rd & 4408 Truxel Rd
-121.39354215391052,38.595168917329005,-121.3902159643057,38.59658948293435,Arden + Morse
-121.51111377437451,38.67042705928793,-121.50996462583417,38.67132794067536,Club Center Dr & Banfield Dr
-121.43645422227179,38.50963572489912,-121.43529677180776,38.511305575004904,Stockton + Elder Creek
-121.29113629117019,38.704601791159035,-121.28970241288977,38.70631330815605,Auburn + Sycamore
-121.52171209627559,38.52652595325098,-121.52055730550863,38.52766424670051,Riverside + Dorset
-121.28838151480987,38.74573481415891,-121.28723128543075,38.746635585803766,Vernon at Judah
-121.35912986073973,38.59498438146708,-121.35731984507586,38.59604571944366,Arden + Surita
-121.51632187261518,38.50398742365531,-121.51514722651352,38.505043275864715,13th St + Fay Cir
-121.4970428862374,38.553722146666125,-121.49571471294632,38.55470745301413,Land Park + 3rd Ave
-121.49939032220169,38.57375372516468,-121.49740917803904,38.57502847368886,8th St & P St
-121.2887237324415,38.74863573531226,-121.28505421728192,38.750413394759356,"Roseville, California- (RSV)"
-121.5413632996514,38.655104123334816,-121.53808710855463,38.65638007910085,Del Paso Rd + El Centro
-121.37124724167788,38.77663672742555,-121.37005686585837,38.77754187470633,
-121.4318785545511,38.59728729659129,-121.43048104005743,38.598563203551144,Heritage + Response
-121.45762277121344,38.616062362707005,-121.4562866253861,38.61765063670971,Norwood + Eleanor
-121.69778649768988,38.55821332445651,-121.69605880556885,38.559197576045285,Alhambra Drive & Mace Blvd (WB)
-121.46421158122172,38.6057688718366,-121.46271171720318,38.60692722799524,Arden + Colfax
-121.43876080140325,38.49667589601636,-121.43731270460104,38.49859360342479,65th St + Florin
-121.33479739594252,38.796104001097646,-121.33332071304876,38.797675399125076,Diamond Creek at Parkside
-121.36539291861725,38.76830489816951,-121.36424228161273,38.769205701793375,Pleasant Grove at Kennerleigh
-121.33826315945305,38.609347375730536,-121.3353058467264,38.61051372605631,El Camino + Garfield
-121.50201626473475,38.62689116133749,-121.50057703314265,38.62803633862596,San Juan + Miramonte
-121.42809724738355,38.53539129699723,-121.42668824937616,38.53704580209261,65th St + 18th Ave
-121.50325567778246,38.55534907030102,-121.50189322026472,38.55627042978793,Riverside + 3rd Ave
-121.4934465677717,38.595501136613315,-121.49109518666852,38.59714001259538,Richards Blvd & North 7th St
-121.44686101508537,38.62851209485747,-121.44544088246356,38.62965830514837,Rio Linda + Ford
-121.52273986718005,38.502202099915166,-121.52092992931986,38.50360139985177,Greenhaven + Greenhaven
-121.45684166143808,38.53157171112715,-121.45566653957496,38.53269698878456,44th St + 23rd Ave
-121.2821727730347,38.71799770736836,-121.28097523011103,38.71899279246577,Twin Oaks + Mariposa
-121.4255437743847,38.57297826980698,-121.42439622583514,38.57387913015613,Messina + Spilman
-121.31328425895893,38.66752052782759,-121.3101536906939,38.66858244459424,Coyle + St Charles
-121.44526703812744,38.52881601529313,-121.44403866147275,38.53002688419709,Stockton + Lawrence
-121.46868240703594,38.55045005884883,-121.46753519317768,38.551350941114435,Broadway + 35th St
-121.51218987697122,38.52326507472668,-121.51031951745509,38.524806025315755,SLP Dr + Fruitridge
-121.45935757757212,38.53897147420478,-121.45765851897063,38.53996452627532,14th Ave + 41st St
-121.44687645618382,38.61963448273222,-121.44550144256428,38.62062181675264,Rio Linda + Alamos
-121.39245330236389,38.60277927935228,-121.39130529786078,38.603680120610704,Cottage + Morse
-121.49719084984673,38.5266143551584,-121.4957277522772,38.52760634376137,Freeport + Oregon
-121.45079661433948,38.539269854829065,-121.4491841874709,38.54047954498197,Stockton + 14th Ave
-121.47357719817563,38.5743280596607,-121.47242960203751,38.57522894030256,J St + 25th St
-121.47318697901298,38.57193205955785,-121.47203942120017,38.57283294040539,L St + 26th St
-121.44935134203803,38.63510536388694,-121.44389483360764,38.63724963594398,Grand + Altos
-121.51353725358231,38.655038816911556,-121.51176795452164,38.656667683527786,Truxel Rd & Del Paso Rd
-121.36418061826306,38.55855738972825,-121.36084888617243,38.560160536251836,Folsom + Starfire
-121.29122356911842,38.73921416553558,-121.28997353109361,38.74041733365164,Riverside at 4th
-121.29100373582868,38.697850074211544,-121.28957525916448,38.6991203259401,Auburn + Maple
-121.36062632403271,38.616967309102535,-121.3591051743064,38.61814029071519,Marconi + Greenwood
-121.50026106272205,38.54753967926341,-121.49866293201723,38.54892642092282,Land Park Dr & 7th Ave
-121.37358043326813,38.59513553973938,-121.37232837042221,38.5962034601767,Arden + La Sierra
-121.53926821812664,38.51172214132707,-121.53812158207684,38.51262305863637,Riverside + Shoreside
-121.74413368301254,38.54645040199149,-121.74241881874045,38.54739669829777,5th Street & D Street / Downtown (WB)
-121.36041883228452,38.62785636987245,-121.35839617347855,38.62894453125757,Whitney + Concetta
-121.46219858432842,38.68790860344697,-121.46085911626157,38.68893869646677,2nd St + Dolphin
-121.47746600744095,38.580095701365124,-121.4757406928948,38.58128369795758,F St + 21st St
-121.47646941436447,38.54417736330404,-121.47515108519929,38.54519973657332,Franklin + 8th Ave
-121.41612202749576,38.587652163541435,-121.41462246186767,38.590137235770705,Howe + Hurley
-121.51033350233372,38.64891695778729,-121.50918469787491,38.64981784217601,Truxel Rd & 4271 Truxel Rd
-121.3174751080939,38.67746783158566,-121.3143820353122,38.67869785512625,Greenback Ln & Longford Dr
-121.39161412716469,38.543675677948215,-121.3901877650531,38.54514552228884,Florin Perkins + Jackson Hwy
-121.40566027060606,38.548036972219236,-121.40451312961629,38.548937827743835,Folsom + Bicentennial
-121.4652749126106,38.51493718955387,-121.46394159067933,38.516488110009405,MLK Jr Blvd + 41st Ave
-121.38870669226137,38.70904802018895,-121.386781311507,38.71048397960542,Watt + Navaho
-121.30174968314319,38.63580949243243,-121.29910432345544,38.63697980931187,Fair Oaks + Hollister
-121.31330705151262,38.7742928105362,-121.31215634872476,38.775193589426536,Foothills past Pleasant Grove
-121.27194333555609,38.67401831251212,-121.27079426468615,38.674919087450526,Sunrise + Elephant Bar
-121.36994835302774,38.660534978860504,-121.36705255399625,38.66173712311034,Madison + Harrison
-121.49492065801157,38.584511498532905,-121.49341343984192,38.58569660137396,F St + 8th St
-121.36505826899702,38.64365365286542,-121.36352322177918,38.645290647536804,Auburn Blvd & State Route 244
-121.53875162999665,38.55102754446234,-121.53760437020719,38.551928455501084,Jefferson Boulevard & Lake Washington Boulevard (NB)
-121.4653841531151,38.52813709586952,-121.46408884389292,38.52904600415768,MLK Jr Blvd + 26th Ave
-121.4382454803334,38.63604967193228,-121.43709691988519,38.63695052803085,Grand + Dry Creek
-121.3929024022903,38.588685005740786,-121.39162449994573,38.58959149424115,Morse + Hurley
-121.4846778101433,38.562886056454275,-121.48353039006815,38.563786943508994,21st St + V St
-121.4022159940407,38.57626467515319,-121.4010684061824,38.577165524809864,Munroe + Sierra
-121.50845718379286,38.546198350246215,-121.5073100164152,38.5470992497171,Riverside + 12th Ave
-121.42815952828013,38.509669799784376,-121.42673966823246,38.51135829929266,65th St + Elder Creek
-121.42065379772366,38.61017132111687,-121.41876579742015,38.611226979708796,El Camino + Ethan
-121.48085166298517,38.628681953243955,-121.47798048015127,38.63019699105231,San Juan + Binghamton
-121.30967487217312,38.752091109665194,-121.30852452806454,38.752991890297544,Foothills at Main
-121.4282773778155,38.551820286973076,-121.42558150374423,38.55345536484552,65th Street Light Rail Station
-121.59842776236016,38.67866184255499,-121.59727843783637,38.679562757408526,
-121.46802345784667,38.556866459482634,-121.46687614236706,38.55776734048059,34th St + W St
-121.2904915727909,38.67797600843006,-121.28934242744877,38.67887679153264,Greenback Ln & Sylvan Rd
-121.41985385035842,38.57015517082447,-121.41870634986216,38.571056029138624,Fair Oaks + Cadillac
-121.43365966441904,38.54628206599355,-121.4325125357994,38.54718293396959,Broadway + 62nd St
-121.51765955835468,38.65569285681194,-121.516510641853,38.656593743151376,Del Paso Rd + Via Ingoglia
-121.30825944263606,38.63597440102956,-121.30711095760067,38.63687519893322,Fair Oaks + Champlain
-121.49267463293882,38.56033005615373,-121.48900281902822,38.562488540063526,Broadway + 17th St
-121.4923862150043,38.58407727557617,-121.49072808603002,38.585271724020714,F St + 10th St
-121.32826403621098,38.659637136635375,-121.32674736013392,38.66143046204825,Manzanita + Madison
-121.41605099040379,38.61300007495816,-121.41490280981772,38.61390092500493,Howe + Rassy
-121.46527635346118,38.51289307966316,-121.46389684902442,38.5140073203754,MLK Jr Blvd + 44th Ave
-121.38016643602576,38.6096392702393,-121.37831028591255,38.61096252489604,El Camino + Butano
-121.49810574155099,38.562425681394785,-121.49641215639389,38.56338591888653,Broadway + 13th St
-121.28906879724816,38.755982814788595,-121.28791840299243,38.756883585174066,Washington past All America City
-121.37368604153107,38.680659539059484,-121.37216265645507,38.68160226113782,Don Julio + Belva
-121.39147799254252,38.53753755342023,-121.39010850471794,38.539107045768446,Florin Perkins + Belvedere
-121.4958427829562,38.57167115481187,-121.4946952172538,38.57257204515144,Q St + 11th St
-121.48850878361458,38.64639429660987,-121.48662041930557,38.64738150395089,North Market + National
-121.32911323295424,38.62588922845846,-121.32761727396039,38.62730697176959,Fair Oaks + Landis
-121.50107943309528,38.55909150507282,-121.49960876664036,38.56018649455991,Riverside Blvd & 2nd Ave
-121.51128344856379,38.50858344784946,-121.50992395205054,38.509491752181354,13th St + Oakridge
-121.4903908167977,38.612366132714726,-121.48867677793393,38.613404168011535,W El Camino + Reiner
-121.41913801489271,38.55313642237378,-121.41719840572428,38.55448904038403,State University + College Town
-121.4636801794373,38.576963926585194,-121.46250601649521,38.57842377331786,Alhambra + F St
-121.39590376142432,38.610070379152276,-121.3947556388,38.610971220810754,El Camino + Meadowbrook
-121.49529709245326,38.572883255018375,-121.49414950775687,38.57378414494494,P St + 11th St
-121.39250014975255,38.71180858689895,-121.39108824613919,38.7127543133269,Watt + Timberlane
-121.49073022161559,38.62691676013502,-121.4895817785956,38.62781763982825,San Juan + Rancho Silva
-121.46501671393993,38.53885335872795,-121.4638696862741,38.53975424123529,14th Ave + 39th St
-121.30359759112986,38.72974330935547,-121.30244760910848,38.73064409060726,Foothills at Cirby
-121.50132755057005,38.54399800206746,-121.50000145141078,38.544913097979176,Land Park Dr & 13th Ave
-121.32229149158219,38.61651259627414,-121.3211433086524,38.617413403688666,California + Palm
-121.48339939106775,38.57310515750936,-121.48225180914397,38.57400604245391,19th St + Capitol
-121.31418127097199,38.64852204867039,-121.31245063479503,38.64956755212905,Winding Wy + Barrett
-121.31851721954496,38.757667108044295,-121.31736678069156,38.75856789191848,Junction past Revere
-121.31149524915938,38.76161510997763,-121.31034475107813,38.762515889985096,Foothills past McAnally
-121.38380909900205,38.574334613745144,-121.38226179705384,38.575622986336384,Watt + Fair Oaks
-121.42069112836387,38.59780502901603,-121.41924197379633,38.59894707098531,Ethan + Alta Arden
-121.29276024619315,38.649528705700874,-121.2916115540459,38.65042949426188,San Juan + Heather Rd
-121.38335487091926,38.649316684962436,-121.38220612930711,38.65021751500054,Watt + Margaret
-121.41160056553132,38.581064978583235,-121.41016633436678,38.582119121098785,Northrop + Bell
-121.49061558011086,38.54632535394084,-121.48946842009971,38.54722624602247,Freeport + 6th Ave
-121.50556312539814,38.626901057067634,-121.50441467481099,38.627801942895694,San Juan + Bandon
-121.39560596051757,38.64217872452246,-121.39351940326485,38.64351956998152,Watt/I-80 West
-121.46783719183259,38.5578748820991,-121.46634110101158,38.559329118182156,34th St + Truckee
-121.53226662906181,38.55111934577667,-121.53111937114294,38.55202025418673,Stonegate Drive & Lake Washington Boulevard (SB)
-121.51559935676137,38.51521954605114,-121.51398155393002,38.51665756788885,SLP Dr + 43rd Ave
-121.74178522980097,38.54274505407213,-121.74039737064396,38.54377634554359,2nd St & E St / Downtown (WB)
-121.3909685960337,38.7147102883211,-121.38981880419226,38.715611111641856,Elverta + Big Sky
-121.37276630244355,38.609791573365875,-121.37092320344277,38.61086012759384,El Camino + Ione
-121.31909551763277,38.64488056926034,-121.31791897914795,38.646243630642196,Jan + Rampart
-121.48995559604832,38.54835355423442,-121.48880840416231,38.54925444572888,Freeport + Weller
-121.40633347994797,38.6175137158934,-121.40436502592723,38.618599485201784,Marconi + Wright
-121.32950049230614,38.79121630810281,-121.32834950792913,38.79211709185997,Woodcreek Oaks past Painted Desert
-121.38368326369923,38.66749918204968,-121.3821842317262,38.669358016845464,Watt + A St
-121.3221575218124,38.62197130712128,-121.32079627721423,38.62303279277832,California + Stanley
-121.45756787199677,38.54641626088883,-121.45642072821836,38.54731713907439,Broadway + 43rd St
-121.48176813365143,38.595004000202046,-121.48014926866449,38.59603939832935,Richards + Louise
-121.51014409623288,38.624813122006,-121.50895570093485,38.62615227787318,Azvedo + Osuna
-121.2852089111932,38.745403014881326,-121.28405868904784,38.74630378508135,Taylor St at Royer St
-121.4388644100215,38.68329027179766,-121.43736869665605,38.684689828425014,Dry Creek + Elkhorn
-121.49474338486966,38.56154315179032,-121.49348371209122,38.56259844819966,Broadway + 15th St
-121.4960380892314,38.57374647247066,-121.49301256461308,38.57504940876014,Archives Plaza
-121.49655680936642,38.49517595004517,-121.49470588833327,38.49626734818255,Florin + Cromwell
-121.43551895877177,38.50770276261792,-121.43437244144609,38.50860363734525,Stockton + 48th Ave
-121.42065617156365,38.60792781267753,-121.41926562484902,38.60910228740227,Ethan + Silica
-121.46942584490638,38.57320917506329,-121.46730245237265,38.574219525469175,29th St + J St
-121.51190710531247,38.491680704448264,-121.51062899437123,38.49295709471643,SLP Dr + Silver Ridge
-121.50810170855043,38.54723598557313,-121.50631828539379,38.54876381460951,Riverside + 10th Ave
-121.4559924948022,38.53674966047791,-121.45484550541306,38.537650539485284,44th St + Orinda
-121.43025986743184,38.55936376773632,-121.42911253278719,38.56026463222683,Elvas + NAT GD ARM
-121.52038375876471,38.51569817143286,-121.51902094311089,38.51678142857505,43rd Ave + Woodshire
-121.42524569885114,38.52456527887097,-121.42376450180652,38.525629720510885,Fruitridge + Alcott
-121.38320818312336,38.66337048607989,-121.38205921710316,38.66427131388308,Watt + Airbase Dr
-121.50365896062793,38.581175953931115,-121.50251123958107,38.58207684603219,3rd St + K St
-121.52290862993948,38.52262732168507,-121.52114757648783,38.52468656185341,35th Ave + Riverside
-121.50565334684332,38.536630598262775,-121.50429935433448,38.537687101698324,SLP Dr + Parkside
-121.47630490765646,38.550271357232404,-121.47515769255612,38.55117224273085,Franklin + Marshall
-121.52510448138815,38.5074781861387,-121.52351721053344,38.50904871424486,Gloria + Greenhaven
-121.51723671667229,38.60835960389607,-121.51583098356711,38.60940609573468,Gateway Oaks + Oak Harbour
-121.4177859226478,38.52453394686356,-121.41661547661968,38.52564095300826,Fruitridge + Wallace
-121.69356974666832,38.548400614769065,-121.69242245351394,38.54930158519471,Cowell Blvd & Mace Blvd (WB)
-121.39474139042787,38.61739061214624,-121.39349351355597,38.61846908774944,Marconi + Lacy
-121.52353445970738,38.655671255613996,-121.52238554049946,38.65657214434934,Del Paso Rd + Town Center
-121.38369155299627,38.65058288440062,-121.38221903798949,38.65286621492215,Watt + Winona
-121.41728413806644,38.61762800115071,-121.41356191341815,38.619124096090324,Marconi + Howe
-121.32690752999618,38.636276057987345,-121.3235545756876,38.637429143799636,Fair Oaks + Wayside Ln
-121.31372462223514,38.770632710156534,-121.31257397800215,38.7715334898062,Foothills past Pleasant Grove
-121.36129942735546,38.66968909147585,-121.36015037287417,38.67058990848705,Hillsdale + Greenholme
-121.2725978936634,38.66866968200098,-121.27098789595948,38.67043721852353,Sunrise + Kingswood
-121.37070087721212,38.64125595775678,-121.3682702201884,38.64227754279712,Auburn Blvd & Norris Ave
-121.49214124304902,38.566775955201514,-121.49099375716146,38.56767684476177,15th St + T St
-121.40956106099337,38.52149616931753,-121.40841433922823,38.52239703064557,Power Inn + 35th Ave
-121.45682022582088,38.49019475671232,-121.45567397439386,38.49109564325092,Franklin + A Pkwy
-121.42451158473946,38.596653661850084,-121.42195412494,38.59869613832173,Arden + Challenge
-121.49901292773458,38.62654893482692,-121.49687266977607,38.62858481732505,San Juan + Truxel
-121.50369119151323,38.582545818692346,-121.49625801150593,38.58749912681265,Sacramento Valley Station - (SAC)
-121.49711151866236,38.5557723534774,-121.49548057702019,38.557125146597066,Land Park + Markham
-121.35619374369182,38.59491149397795,-121.35376306190726,38.59602830741835,Arden + Mission
-121.5196559226645,38.50191725585606,-121.51820617914136,38.50304824410729,Havenhurst + Westmoreland
-121.46540794831778,38.5305742580068,-121.46426105189613,38.53147514195644,MLK Jr Blvd + 24th Ave
-121.29307270215406,38.66904220713361,-121.29192369808513,38.669942992829114,San Juan + Spicer
-121.40303633129439,38.610115305207906,-121.4000324741871,38.61125179640946,El Camino + Fulton
-121.52528196940291,38.51081539529387,-121.5241312268179,38.512210104633574,Greenhaven + Starlit
-121.44996683275241,38.55770835776392,-121.44753004685387,38.55901657016806,48th Street
-121.51100009721753,38.51174750715088,-121.50956499838001,38.51299279297751,13th St + Norfolk
-121.29948308158535,38.72870571023711,-121.29833311865356,38.72960648972561,Cirby at Vernon
-121.51436093417963,38.66529155822674,-121.51321186602856,38.66619244173658,North Park Dr & Fredericksburg Way
-121.43569153294177,38.579988068155764,-121.43454386727673,38.58088893180738,Sandburg + Teichert
-121.29852780631573,38.70686270877399,-121.29737819392305,38.70776349118872,Antelope + Poplar
-121.48905279807549,38.57379755638485,-121.48790520213548,38.57469844357844,15th St & N St (SB)
-121.53230580138965,38.50857165291012,-121.53109210353999,38.51015624698814,Havenside + Lakeshore
-121.41690970937915,38.60996872970028,-121.41357845679343,38.61168743781061,Howe + El Camino
-121.30303234126252,38.77339721285935,-121.3018816589763,38.774297987103374,Pleasant Grove at Washington
-121.28866906157496,38.751552714540566,-121.28751873866565,38.75245348542214,Main at Washington
-121.47249403514276,38.56362940951367,-121.46977059815377,38.56513805117272,29th St + R St
-121.46159574228388,38.481058535734356,-121.45986896288788,38.4820897649978,Brookfield + Teak
-121.43782115597905,38.59537206888444,-121.43667324423927,38.59627293107868,Expo + Response
-121.36596007598797,38.71309679377771,-121.36481032424142,38.71399760618521,Elverta + Walerga
-121.33857607624128,38.75153750295658,-121.33742572399228,38.75243829700624,Baseline at Woodcreek Oaks
-121.3837001443935,38.67287470569002,-121.38213834416042,38.67756358307873,Watt + Karl
-121.3928684575273,38.58455932214715,-121.39164944585457,38.585443277667736,Morse + Hampton
-121.32622655764108,38.67475369986161,-121.32507744259358,38.675654500101224,Auburn Blvd & Devecchi Ave
-121.47672634779015,38.635688524184665,-121.47537484877883,38.63682837587567,Northgate + Rosin Ct
-121.27251727830274,38.666832711820994,-121.27136832193933,38.66773348814167,Sunrise + Alta Sunrise
-121.33268673414489,38.768016586941485,-121.32795137799276,38.769324479482734,Pleasant Grove at Woodcreek Oaks
-121.49866700442435,38.523867985473274,-121.49612366905785,38.52561178009426,Freeport + Fruitridge
-121.29840126556982,38.67768174836177,-121.29651023653854,38.67882264969952,Greenback Ln & Peoria Dr
-121.31063371150329,38.672894040853,-121.30927718549407,38.67401935919598,Dewey + Woodpark
-121.28946902378091,38.613033887141114,-121.2867786772882,38.61451130968267,Coloma + Benita
-121.34536994780852,38.68656094578417,-121.342536136024,38.688768712435675,Andrea + Elkhorn
-121.57057456182562,38.61683754320908,-121.56942623837432,38.61773845675438,Fourness
-121.4561143269394,38.53277431106536,-121.45476507436352,38.53383158890915,44th St + Roosevelt
-121.44676341999039,38.632401714475634,-121.44543187895177,38.63379068458976,Rio Linda + South
-121.50862192867694,38.51326087083415,-121.50720477026285,38.51418092923057,43rd Ave + 14th St
-121.3740625366953,38.55307460258998,-121.37161803424358,38.55522980759194,Watt + Manlove
-121.49655623087587,38.57767145512709,-121.49540856933407,38.57857234483621,
-121.50651967285512,38.58261825345377,-121.50537192735348,38.583519146509545,Central Pacific Freight Depot
-121.4810507552035,38.5938081595973,-121.47990284500877,38.594709040365956,Sunbeam + Richards
-121.50317703508925,38.565409452814045,-121.50202956511968,38.56631034714926,8th St + X St
-121.48558649327752,38.5607341560988,-121.48443910693383,38.56163504386448,21st St + X St
-121.43841973622425,38.57315411810327,-121.43699390732571,38.57544849604654,Brand Way + 51st St
-121.47431778708223,38.53313114863899,-121.4725348168816,38.53413865200393,21st Ave + Franklin
-121.35765813276433,38.64816423250694,-121.35573186595016,38.649116767685115,Orange Grove Ave & Pasadena Ave
-121.42773077116648,38.6359353156886,-121.42620602760225,38.63697668353406,Grand + Jasmine
-121.49365435526991,38.56085658260075,-121.49241174729902,38.561874117348914,Land Park + Broadway
-121.32158235913072,38.639875835700494,-121.32032654413807,38.640927364237605,California + Lincoln
-121.27331529841429,38.651692108037075,-121.27159759642845,38.653803590034826,Sunrise + Sunset
-121.45848007576481,38.56006788956554,-121.45604566265501,38.561303252710985,39th Street
-121.48222055321237,38.56940945216959,-121.48069934319189,38.57037544816831,21st St + P St
-121.51389986840285,38.51768467498963,-121.51224152797002,38.519017324973966,SLP Dr + 40th Ave
-121.51948186255356,38.52188496838505,-121.51765173719313,38.5230819305869,35th Ave + Lonsdale
-121.45573264252197,38.56935369074838,-121.45380115787306,38.570619008239795,J St + 39th St
-121.44034640767985,38.51805261088581,-121.4391934875248,38.51957708903126,Stockton + McMahon
-121.36439700603687,38.701846410598606,-121.36285259074909,38.70495485513217,Walerga + Antelope
-121.28062417956725,38.752760127600084,-121.27852591793763,38.753760972870474,Atlantic at Yosemite
-121.37954003467061,38.617232299002005,-121.37724726071899,38.61832310199316,Marconi + Montclaire
-121.49161305224261,38.5679496554017,-121.49046554796796,38.568850544561585,15th St + S St
-121.29108949309507,38.71281368219983,-121.28968751143923,38.71453791727234,Auburn + Baird
-121.37010833853245,38.771061757443775,-121.36886666071439,38.772309042060236,Pleasant Grove past Village Plaza
-121.36336111813623,38.666709321070265,-121.36116725859402,38.669267029069275,Hillsdale + Palm
-121.32190589215965,38.629162624791725,-121.32063110662406,38.63017447518522,California + Grant
-121.29104485075077,38.710393063438076,-121.28969264575045,38.71131773667751,Auburn + Grand Oaks
-121.46061031036292,38.610731332128225,-121.45872657021712,38.61226680556909,Grove + El Camino
-121.32804898161864,38.66517449870256,-121.3269000186156,38.666075301260264,Manzanita + Nonnie
-121.4652661680613,38.521587251147125,-121.46398042616576,38.5228197488599,MLK Jr Blvd + 32nd Ave
-121.51104263206605,38.66513545889398,-121.50989356814259,38.66603634106932,North Park Dr & Banfield Dr
-121.33032431551652,38.76918670621146,-121.32917368471844,38.77008749375134,Woodcreek Oaks past Pleasant Grove
-121.34698012768845,38.595034888958196,-121.34583227254254,38.5959357110047,Arden + Fair Oaks
-121.40423110436005,38.56859191635314,-121.40232129221697,38.56960858424306,A R Drive + Munroe
-121.37004283100654,38.60975244594721,-121.3679330744319,38.61083865520138,El Camino + Avalon
-121.4021731276825,38.62420505813773,-121.40076007161106,38.62528674166446,Fulton + Pope
-121.5165846503712,38.61713075405486,-121.51543634983628,38.61803164590849,
-121.34579553052916,38.59543478925864,-121.34464766970198,38.596335610704244,Fair Oaks + Arden
-121.40223521370687,38.59130097630896,-121.40108738651635,38.59220182365407,Fulton + Wittkop
-121.27205478104527,38.69220691388976,-121.2709054191971,38.6931076860729,Sunrise + Woodmore Oaks
-121.2902356867114,38.72169453448613,-121.28849691389617,38.72337532612673,Louis & Orlando Transit Center
-121.4989345919639,38.57222690026949,-121.49742330421192,38.57319420007524,9th St + Q St
-121.3874447123138,38.66027104906915,-121.3857805893035,38.661359249637826,Peacekeeper + Dudley
-121.43251298240621,38.57374546835924,-121.43136541781266,38.5746463316039,Moddison + Carlson
-121.42783456972158,38.57231256925957,-121.42668703049789,38.57321343070356,Messina + Camellia
-121.31410152359649,38.79567251200367,-121.312950476641,38.796573287959056,Foothills at Blue Oaks
-121.45182826032443,38.541396442795225,-121.45051443704686,38.542479057230764,Stockton + 11th Ave
-121.43795507920174,38.51019536228593,-121.43680852101582,38.51109623767725,47th Ave + Stockton
-121.48678848957077,38.58256344941902,-121.48511211134502,38.583759850124295,F St + 14th St
-121.41604502485035,38.61732197529296,-121.41489677537119,38.61822282467011,Howe + Marconi
-121.31193651366355,38.83481704449182,-121.30941357524077,38.83572594888049,
-121.4672534108595,38.5761356611315,-121.46610578935453,38.577036538831706,29th St + G St
-121.31983457995297,38.667503549289975,-121.31792462504461,38.668553351613596,Coyle + Hesper
-121.42857136781441,38.55947036810954,-121.42742403240489,38.56037123185358,Parking Structure 1
-121.51863744912504,38.531489818638995,-121.51738384797517,38.53238698132319,Riverside + Rio
-121.50070739363575,38.54551442258636,-121.4991424872143,38.547489080070015,Land Park Dr & Teneighth Way
-121.36589661292628,38.60968823431504,-121.36306919324193,38.61084936741254,El Camino + Eastern
-121.44642794012672,38.5311172727694,-121.44526246619924,38.53281862714269,Stockton + 21st Ave
-121.36016766003256,38.76562326247748,-121.35703534765945,38.76686443976876,Pleasant Grove at Fiddyment
-121.49891193359831,38.5355785247655,-121.49777206291417,38.53654687499877,Sutterville Rd & 17th Ave
-121.45969777041705,38.57652397705992,-121.45775092893281,38.57773862158141,McKinley + 33rd St
-121.27410082197491,38.74568592252913,-121.2725470803613,38.74663137773898,Harding at Roseville Square
-121.30368567364087,38.6897007146736,-121.30172892330769,38.691138584774976,Auburn + San Tomas
-121.38369829305394,38.61327132177905,-121.38226360447014,38.61488397706905,Watt + Kings
-121.50018160452646,38.56041553894357,-121.49895629827279,38.56142606097017,Riverside Blvd & Beverly Way
-121.51246482932551,38.52901949162133,-121.5113033693706,38.53014670830297,SLP Dr + Crestwood
-121.40981118885907,38.56461178615146,-121.40827960278182,38.56617721421074,Howe + Swarthmore
-121.45441384513755,38.60821170246198,-121.45310535598642,38.609238397516,Del Paso + Winnipeg
-121.29113427473926,38.70767115716255,-121.28962962699299,38.708602543020376,Auburn + Watson
-121.32780577122034,38.66388199865875,-121.32665682901394,38.664782801304064,Manzanita + Ellerslee
-121.39587988678718,38.59540142674324,-121.39408461903861,38.596460774150096,Arden + Avondale
-121.44044838247731,38.63624277147401,-121.43929981774099,38.63714362848915,Grand + Clay
-121.504096791231,38.57354057890265,-121.50255900950944,38.57462352034965,5th St & Q St
-121.44237315182535,38.54622979710216,-121.44083715303705,38.54721570332951,Broadway + 55th St
-121.42819940865589,38.51888980588785,-121.42679278902857,38.520462893060724,65th St + McMahon
-121.3760978015333,38.67901131809164,-121.37473739677138,38.6799747812801,Don Julio + Larry
-121.3472269896439,38.6167977169292,-121.34506071724499,38.617942784531124,Marconi + Walnut
-121.51223983157726,38.65251685767458,-121.51109096863112,38.653417742288745,Truxel Rd & Terracina Dr
-121.4762654343628,38.60663699493092,-121.47490546895077,38.60821510454413,Northgate + Jefferson
-121.52808423278215,38.506133152904475,-121.52690576793259,38.50724954697367,Gloria + Senior
-121.38331620882282,38.666582986303844,-121.38216719140372,38.66748381365914,Watt + McClellan
-121.43462919334402,38.52470026412021,-121.43348240687409,38.525601135842955,Fruitridge + Argo
-121.42852668914793,38.54172760932522,-121.42711471081546,38.5427872903525,65th St + 11th Ave
-121.47100107383517,38.571354659973,-121.46985352637829,38.57225553999022,L St + 28th St
-121.71596408234643,38.55225101107328,-121.71481671783276,38.553151988890534,5th St & Pena Drive (EB)
-121.28689091983749,38.78377801744895,-121.2857400804037,38.78467878251372,Pleasant Grove before Highland Pointe
-121.46596671436907,38.53313084879883,-121.46454378810216,38.534091550054534,21st Ave + 38th St
-121.3644046650954,38.6993024930625,-121.36325513513407,38.700203306900406,Walerga + Bainbridge
-121.75066560932176,38.542981556247355,-121.7491116203518,38.54434254027739,Memorial Union Terminal
-121.41617778186391,38.57433028483686,-121.41457881018668,38.57589431554511,Howe + Fair Oaks
-121.48925961325499,38.58462208434094,-121.48736303039216,38.58660878468857,E St + 12th
-121.37179813293471,38.68251879010606,-121.37064886729357,38.683419609856855,Don Julio + Scotia
-121.45028632540027,38.61035891262345,-121.44720393266581,38.61195554643984,Del Paso + El Camino
-121.48693464961731,38.58034665733091,-121.48578695059399,38.58124754263236,H St + 14th St
-121.50924300024246,38.62659417994144,-121.5058726742874,38.628011448492614,San Juan + Azvedo
-121.30503076900739,38.68946370591077,-121.30388143123031,38.690364494052,Auburn + Cobalt
-121.47598070615696,38.62547046310235,-121.4748322940563,38.62637133686086,Northgate + Winter Garden
-121.45135222559688,38.54620697309447,-121.44999137198026,38.547315326927894,Broadway + 49th St
-121.4243937829393,38.63588854610922,-121.42323301790123,38.636947553839846,Grand + Mahogany
-121.38372386362049,38.64838938480877,-121.38257513660585,38.6492902151542,Watt + Orange Grove
-121.42327174316812,38.556553369032734,-121.4221244570519,38.557454230930375,Parking Structure 3
-121.31138261467171,38.63604530933716,-121.3083797818157,38.63712939151595,Fair Oaks + Marshall
-121.47936257478403,38.557437799333954,-121.47818272523101,38.558523800444156,Broadway + 26th St
-121.45343742936375,38.63623713184493,-121.45162247541019,38.637269368933154,Grand + Taylor
-121.49827702151447,38.61411185758297,-121.49712877869555,38.615012742380316,Truxel Rd & West El Camino Ave
-121.40600329442603,38.58099911282454,-121.40376451005798,38.582061288226036,Northrop + Carro
-121.40982745192129,38.52034326917031,-121.40868074830027,38.52124413079278,Power Inn + 36th Ave
-121.29233969339417,38.72874284742751,-121.28892401361489,38.72995975474918,Cirby at Riverside
-121.44114415608941,38.51977996234002,-121.43999744412775,38.52068083762317,Stockton + Gordon
-121.33344964313557,38.609334611112764,-121.33226725711232,38.61043308870095,El Camino + El Tonas
-121.272444026033,38.735265717122054,-121.27129397420971,38.736166482840595,Sunrise before Coloma
-121.46505528175882,38.610407973812926,-121.46380951853082,38.61162182564964,El Camino + Colfax
-121.38363801759209,38.655750689914434,-121.38213957872121,38.65671281040381,Watt + Roseville
-121.46654896887114,38.57088076087476,-121.46540143134297,38.57178163908846,Alhambra + K St
-121.43908270508916,38.524492428569744,-121.4378912991096,38.5255393711951,Fruitridge + 58th St
-121.44250955552899,38.63612341477147,-121.44086274953361,38.63713588583898,Grand + Belden
-121.4669740476285,38.60220046393914,-121.46489945400697,38.603539803479734,Globe
-121.5129044824779,38.65751290124141,-121.51137081215616,38.65947649762248,Natomas Blvd & New Market Dr
-121.43307727048469,38.57222716812039,-121.43192972973405,38.573128031842735,Carlson + Wanda
-121.50830168206535,38.571147852202735,-121.50715411814292,38.572048747760626,3rd St & T St
-121.54144762777887,38.50655961903185,-121.54012387501334,38.5080575805076,Florin + Windward
-121.46554571064863,38.57616686149439,-121.46439808956563,38.57706773846885,30th St + G St
-121.37001708053907,38.627986632594606,-121.36824532553217,38.629048668297315,Whitney + Norris
-121.59709775753558,38.67815616787893,-121.59487754848573,38.67954605563345,
-121.44687815192556,38.624023529796744,-121.44546784737906,38.62493827023204,Rio Linda + Arcade
-121.43258476112462,38.62809365997549,-121.43057731784258,38.63095083682842,Marysville + Los Robles
-121.4021550367247,38.620864229747944,-121.40077605956917,38.62252676952757,Fulton + Carson
-121.53099784028534,38.5055519875314,-121.52934466309604,38.50685361247533,Havenside + Gloria
-121.41184710760697,38.610213515303,-121.40962079851039,38.611335586062,El Camino + Bell
-121.47949595517736,38.611041412996265,-121.4783455465531,38.6121545869558,W El Camino + Northview
-121.4721692072797,38.57872175444466,-121.47053759351527,38.57989464513924,F St + 25th St
-121.27292278962142,38.71822691569244,-121.27177301062109,38.719127684270234,Twin Oaks + Sunrise
-121.38398472878588,38.7065601892417,-121.38283507144095,38.707461010721275,Watt + Davidson
-121.27297846872479,38.67812811258328,-121.27182933151732,38.679028887379374,Greenback Ln & Sunrise Blvd
-121.44990635233245,38.56797689298223,-121.4487263474351,38.56905550673724,J St + 43rd St
-121.3284241556031,38.636853996430375,-121.32727564463084,38.637754803532445,Manzanita + Fair Oaks
-121.32882784719466,38.635785296255044,-121.32767935303924,38.6366861037078,Fair Oaks + Gibbons
-121.31191795639529,38.83736853921199,-121.31031004377272,38.83826996069365,Thunder Valley Casino
-121.40320974055173,38.63757703331251,-121.40097259714484,38.63889275186135,Roseville Road
-121.60240592486772,38.64881803948443,-121.60125707532801,38.649718960479106,Vin
-121.49805945876243,38.58112645508273,-121.49691174144736,38.58202734488057,7th St & J St
-121.42816110129971,38.563696868524296,-121.42701369891967,38.56459773143884,PS5
-121.39289949342651,38.60090933615872,-121.39159710620694,38.602216762880865,Morse + Kaiser
-121.40216565161799,38.6259553201943,-121.40074833991535,38.628136479255566,Fulton + Edison
-121.46735877740579,38.559364408402686,-121.46552267521433,38.56109699780627,T St + 34th St
-121.32949731504367,38.794044108322026,-121.3283462851916,38.79494489164073,Woodcreek Oaks at Blue Oaks
-121.45473196212319,38.690631715813616,-121.45356753782488,38.69166228406202,M St + 5th St
-121.43350072359436,38.50333506271605,-121.43235427662376,38.504235937247124,Stockton + Riza
-121.4529445108935,38.50987420801417,-121.45147659064585,38.511004491904615,47th Ave + 46th St
-121.29076976763939,38.7023218102442,-121.28962023260044,38.70322258971849,Aubun + Cook
-121.39769396367356,38.61028947877415,-121.39654583655052,38.611190321188865,El Camino + Belport
-121.29258857365961,38.64384893123608,-121.29119232345788,38.645456567853415,San Juan + Winding Wy
-121.43104496300026,38.57135636849182,-121.4298974372188,38.57225723147132,Messina + McAdoo
-121.42702433340416,38.56177812142677,-121.42574536811169,38.56272817809265,Solano Hall
-121.48287752688718,38.58918836320341,-121.48155107987446,38.59050893677114,North B + Ahern
-121.30909239660312,38.65098772689483,-121.3076435014126,38.65257357178176,Dewey + Papaya
-121.7918036951829,38.67722690771061,-121.79065430498655,38.67812789225336,
-121.39686962755961,38.64716907574202,-121.39522754324038,38.648516448392115,
-121.29195640130928,38.69398930932181,-121.29080699893034,38.69489009064088,Auburn + Auburn
-121.37492655652437,38.6280323680771,-121.37296904937716,38.629117333011116,Whitney + Becerra
-121.46224803163364,38.494869241359616,-121.45788965192025,38.4966504786007,Florin + Franklin
-121.33440222122968,38.75729500435689,-121.33325177900457,38.758195795605914,Junction past Woodcreek Oaks
-121.74530037531967,38.55054550581554,-121.74415302485542,38.55144649414835,
-121.45387053601787,38.551872399487145,-121.4522919663334,38.55282170080248,Y St & 45th St
-121.4605403145821,38.539086059693034,-121.45939328563256,38.5399869402702,14th Ave + Lissetta
-121.46781000058947,38.57482586091306,-121.4666623996245,38.575726739050175,29th St + H St
-121.4358386735564,38.57002589288227,-121.43288619672185,38.57115286535166,F St + Elvas
-121.74954088325985,38.53883950418132,-121.74839371691458,38.539740495782596,
-121.34901318457376,38.68240022715219,-121.34752861318856,38.68357547278644,Hillsdale + Tacomic
-121.38343828220786,38.63819958408585,-121.38228971801841,38.63910041587715,Watt Ave & I-80 BL
-121.31583926609468,38.800892212004015,-121.31468813414257,38.80179298795872,Foothills at Pride Industries
-121.29117986478425,38.7185377009824,-121.28966273457961,38.71966749865286,Auburn + Auburn Oaks
-121.74393702486572,38.55681750653504,-121.74278957530956,38.55771849342886,F St & 14th St (NB)
-121.49925125933231,38.581158654838944,-121.49810354087727,38.58205954512437,J St + 6th St
-121.49309502553149,38.564541154831225,-121.49194757467886,38.56544204513206,15th St + V St
-121.44048320598328,38.60689190150754,-121.43842609726568,38.60859056497339,Swanston
-121.43270235787189,38.57065426807992,-121.43155484234693,38.5715551318832,Carlson + Messina
-121.2817905682441,38.67773471046376,-121.28064143199678,38.678635489498916,Greenback Ln & Patterson Ln
-121.49947170641656,38.5196410998247,-121.49803489667781,38.52058180037313,Freeport + 35th Ave
-121.29601618322502,38.729039611075095,-121.29486621701433,38.72994038888762,Cirby at Lindsay
-121.73260806131977,38.561718308880835,-121.73146053885716,38.56261929108303,
-121.49794106594824,38.59459575614644,-121.4967931342617,38.59549664381685,Union Gospel Mission
-121.49641930419503,38.557527016483526,-121.49493789428229,38.558458483647,Land Park + 2nd Ave
-121.42830731987638,38.5386623667513,-121.42704157149096,38.540748133016436,65th St + 14th Ave
-121.72812158443759,38.539583807957364,-121.7269744157398,38.54048479200652,
-121.4188293550038,38.570774971095176,-121.4176818452169,38.57167582886794,Fair Oaks + Campus Commons
-121.46834995988287,38.56968976040299,-121.46720244033095,38.57059063956024,30th St + Capitol
-121.4783444250712,38.52431998601539,-121.47639668032159,38.52538891498589,Fruitridge + 28th St
-121.33600210572294,38.75735969523295,-121.33328878582003,38.75941950420903,Woodcreek Oaks at Junction
-121.47639995567341,38.64419596445972,-121.4752512445399,38.6450968355035,Northgate + Tandy
-121.49889151233432,38.52156247884912,-121.49721368297132,38.522960521238176,Freeport + Claudia
-121.38102207848826,38.63781938459449,-121.37987352173836,38.6387202153685,Auburn Blvd & 3555 Auburn Blvd
-121.47008298356562,38.55146039789175,-121.46839041647445,38.55422616076399,Broadway + 34th St
-121.69477995044511,38.54884111458551,-121.69363264973697,38.54974208537826,Mace Blvd & Cowell Blvd/El Macero/Nugget (NB)
-121.51712826303128,38.581035951158675,-121.51598053717585,38.581936848804695,
-121.47153462449694,38.56513235938074,-121.47038717571638,38.56603324058251,Q St + 29th St
-121.45727760046323,38.52419303427555,-121.45447344006274,38.52593798731692,44th St + Fruitridge
-121.48704261445324,38.538177354055584,-121.48589558575772,38.5390782459077,Sutterville Bypass & 23rd St
-121.4206551964674,38.604773237041336,-121.41930320101103,38.60630246219823,Ethan + Keith
-121.49073837422215,38.59508155019593,-121.48912882272778,38.596053150168174,
-121.46216594189339,38.68394141373024,-121.46082835828426,38.684843186264594,2nd St + Jubilee
-121.59442197389856,38.68022814344982,-121.5932726262985,38.68112905651369,
-121.42595518214532,38.57393966979201,-121.42480761807445,38.57484053017112,Spilman + Ada
-121.46757137944874,38.57721111145979,-121.4644124127704,38.57863963336669,F St + 29th St
-121.4468826777373,38.615802572581444,-121.44552071490011,38.617202327555994,Rio Linda + Eleanor
-121.40880303946967,38.569172173160474,-121.40765556075245,38.57007302680262,A R Drive + Howe
-121.48297504646028,38.57419931415368,-121.4813923026136,38.57615899403946,L St + 19th St
-121.49513802249093,38.53264198771703,-121.49338360360518,38.53506513820195,Freeport + Meer
-121.29186900013251,38.70633941029592,-121.29071940010725,38.70724018966678,Antelope + Auburn
-121.74461390890205,38.54220430529066,-121.74346669127306,38.543105294673225,2nd St & B St (EB)
-121.32708176894207,38.66746460994454,-121.32576422892402,38.66853139006667,Coyle + Manzanita
-121.42888850437477,38.57663246936484,-121.42774089584465,38.57753333059829,Spilman + Carlson
-121.5057552424514,38.566250352348185,-121.5046077577572,38.56715124761512,MegaBus Sacramento (6th/W/X)
-121.40511916451452,38.610133777128425,-121.40397103570851,38.611034622834616,El Camino + Gwen
-121.27290874783114,38.662740370773925,-121.27135274323756,38.665082728293115,Sunrise + Madison
-121.28546009891538,38.61493150234323,-121.28306359681756,38.61601759860439,Coloma + El Manto Dr
-121.3164160131088,38.70704710462143,-121.31526638712747,38.70794789534137,Antelope + Zenith
-121.29104605300296,38.70048291003725,-121.28989654723681,38.701383689925485,Auburn + Kanai
-121.45256710464376,38.57611921254129,-121.45136819149263,38.57716088733677,McKinley + 39th St
-121.49415269001692,38.578228743828376,-121.49149026354472,38.57958736114014,Cathedral Square
-121.52164181223006,38.50384915433721,-121.52020418803555,38.5049191454111,Havenhurst + Greenhaven
-121.73497250182571,38.54700129793459,-121.73349430293901,38.54827910222151,L St & 425 (SB)
-121.40290728867673,38.614518590504574,-121.40030527083557,38.619733657034615,Fulton + Marconi
-121.3849198604013,38.6062908150176,-121.38375433943649,38.6073430848382,Butano + Park Towne
-121.524850116479,38.51539137141737,-121.52359588376655,38.516602227716945,43rd Ave + Johnfer
-121.3836418987905,38.69343614823453,-121.38212569922656,38.696503917018894,Watt + Turner
-121.4064655232122,38.595516596637395,-121.4044921822208,38.59658870439331,Arden + Wright
-121.51001234342921,38.54139630164759,-121.50859805725177,38.54230709840515,Riverside + Sherburn
-121.34439217791056,38.663127782662045,-121.34299582587104,38.664064617488236,Auburn Blvd & Kohler Rd
-121.27157753223584,38.6400350154465,-121.27009346733742,38.641142284196185,Fair Oaks + Sunrise
-121.32176413077872,38.63398779774445,-121.3206156694561,38.634888602218375,California + Casita
-121.29291373296316,38.65979696077523,-121.29156386865007,38.66077113857035,San Juan + Gail Way
-121.50474691391616,38.51269845965923,-121.50310779082258,38.51370354091411,Blair + Belleau Wood
-121.31261456671199,38.7637599098833,-121.31146403352538,38.764660690079445,Foothills at McAnally
-121.36580078777543,38.564199482321946,-121.36465341245267,38.565100317641026,La RIviera + Stanberry
-121.49688598041654,38.583886355538354,-121.49573821979342,38.584787244424945,7th St & G St
-121.36851959395352,38.56378008951735,-121.36628950718432,38.56471521080201,La Riviera + Rogue River
-121.53185060377453,38.49664427615589,-121.52942829666866,38.49808032196905,Florin + Havenside
-121.45767777236699,38.64691796862008,-121.45652902784896,38.647818831343095,Norwood + Bell
-121.38753822777554,38.668085663348705,-121.3853578687485,38.66912593735845,James + Dudley
-121.45750494681093,38.57560414908358,-121.45349701039122,38.577174223395204,McKinley + 37th St
-121.47355282754214,38.55525118313784,-121.47163616041968,38.556991763789966,Broadway + Alhambra
-121.29302618202118,38.662510296035165,-121.29158661112547,38.664538603272995,San Juan + Madison
-121.48166997440386,38.6114344162857,-121.48020562756032,38.612434482698376,W El Camino + Norbert
-121.50134124541181,38.56676825329734,-121.50019375479738,38.567669146666,9th St + V St
-121.4844944781127,38.5242434525116,-121.48218992783279,38.52536714887661,Fruitridge + 24th St
-121.49039154340694,38.56687915557282,-121.48924405680378,38.56778004439046,16th St + T St
-121.324737565136,38.67574600028137,-121.32358843509884,38.67664679968145,Auburn Blvd & Camden Cir
-121.48988795212185,38.567991855763324,-121.48874044808896,38.56889274419997,16th St + S St
-121.54760688655857,38.502062857214675,-121.54629878869392,38.503669200685295,Park Riviera + Riverside
-121.30096762160004,38.75857251219664,-121.2998171786389,38.75947328776608,Junction before Barbara
-121.38519248811934,38.563548277935915,-121.384045112106,38.56444912202709,La Riviera + Watt
-121.74567105323514,38.54449395106529,-121.74436124486043,38.54543274831051,B St & 4th St / Central Park (NB)
-121.50038193175268,38.51664469185203,-121.49897147071782,38.51777750818433,Freeport + Kitchner
-121.5198334166948,38.528201789280715,-121.51868507980613,38.52955701065114,Riverside + Casilada
-121.5053110781887,38.57075885278738,-121.50416352201997,38.571659747175964,5th St & T St
-121.46981646477612,38.56590038351778,-121.4680233378606,38.567226716223004,P St + Alhambra
-121.35091212899073,38.595055488066265,-121.34976427123968,38.59595631189664,Arden + Park Place
-121.43785482803493,38.57929686763698,-121.43670717218318,38.580197732326155,Sandburg + Moddison
-121.2724250437236,38.69446787531805,-121.27100295093545,38.69632682394399,Sunrise + Sungarden
-121.55043954600234,38.49953218908652,-121.54921985438035,38.500715510533205,Riverside + Claiborne
-121.51583522461772,38.50799675694763,-121.51463157573545,38.5091275424979,SLP Dr + Silver Lake Dr
-121.50811692014113,38.565100068545,-121.50648617843596,38.56631613107762,5th St & Broadway
-121.49218855736926,38.49519639794056,-121.49037234045585,38.496284100399606,Florin + 21st St
-121.474954749161,38.52434529045527,-121.47330554902057,38.52539930832893,Fruitridge + St Josephs
-121.30477937528431,38.774351265713555,-121.30317131300752,38.775797622103916,Washington at Pleasant Grove
-121.44582180423508,38.56639593119008,-121.44271472345963,38.56795088319953,J St + 47th St
-121.38681982420586,38.644217178989635,-121.38221320455018,38.64570877296872,Watt/I-80 Light Rail Upper Level
-121.35619867458958,38.616936584002104,-121.3543082312682,38.618011117008294,Marconi + Mission
-121.47649681098197,38.54206550066765,-121.47516458480338,38.54412930541527,Franklin + 10th Ave
-121.3068325587312,38.688112105386324,-121.30568324150624,38.68901289457643,Auburn + Crosswoods
-121.51471095341124,38.52051258635475,-121.51353745046875,38.521928213575634,Gloria + 35th Ave
-121.4858078260398,38.58998625830941,-121.48465997417176,38.59088714165386,North B + 12th
-121.43027942452325,38.524202294716154,-121.42646933286936,38.52614375031682,Fruitridge + 65th St
-121.27235281710452,38.644104643281345,-121.2706125889792,38.64558815699154,Sunrise + Winding Wy
-121.49617674914555,38.596116568460566,-121.49351145098726,38.597612129125345,Richards Blvd & North 5th St
-121.43505189670688,38.56395023006728,-121.43371730774952,38.56511886995776,J St + 56th St
-121.29871134867709,38.691441641360505,-121.29736115528856,38.69259285868468,Auburn + Raintree
-121.46396746302695,38.55926435069723,-121.46279964111125,38.560286949010425,T St + 36th St
-121.41404288213091,38.553627354492534,-121.4119457237463,38.55472884672483,College Town + Hornet
-121.38370189179739,38.664438586052505,-121.38255290842906,38.66533941391049,Watt + Wings Way
-121.40856021886194,38.54678357464888,-121.40640179097234,38.547930688943644,Power Inn
-121.3285071542928,38.64573717077593,-121.32712895086969,38.64697212929848,Manzanita + Jan
-121.42855983238857,38.54865776648258,-121.42713006592935,38.549586033636594,65th St + 4th Ave
-121.47621442770394,38.62278765206325,-121.47487347009238,38.62372204714775,Northgate + Tenaya Ave
-121.3651096437306,38.661764829800724,-121.36366995356951,38.664074267859306,Hillsdale + Frizell
-121.27193137156056,38.67852251286267,-121.27078222868171,38.67942328709997,Sunrise Blvd & Greenback Ln
-121.50386981271961,38.57514755342262,-121.50272218748933,38.57604844654072,P St & 5th St
-121.46735055023863,38.54867783235543,-121.46608475237585,38.55008956737265,Broadway + 37th St
-121.49677113550825,38.52790885124421,-121.49562426470128,38.528809748719105,Freeport + Harian
-121.44260760243365,38.56588904002583,-121.44084309824204,38.567108059321924,J St + 51st St
-121.34393745602188,38.59779658549007,-121.34256624694117,38.598722914613376,Fair Oaks + Marione
-121.38433988428413,38.617031341382024,-121.3819459486102,38.618648441124606,Watt + Marconi
-121.27243657329498,38.69122371372306,-121.27128722694732,38.692124486239585,Sunrise + Locher
-121.38056794144957,38.56345679599649,-121.37933916319463,38.56455950383153,La Riviera + Watt
-121.48568190883306,38.57526225719966,-121.48453429137841,38.57616314276362,L St + 17th St
-121.35592588778164,38.6311631396147,-121.35457701322777,38.632074960432575,Mission + Engle
-121.27273278687238,38.65537901088571,-121.27158401336949,38.65627978907696,Sunrise + Cavalli
-121.48619785674154,38.61216152559664,-121.48491084738305,38.61327767436448,W El Camino + Thelma
-121.34215718660732,38.68959234400665,-121.34051431423153,38.69071115500659,Andrea + Leatherwood
-121.4986020876303,38.6203973681047,-121.4972047089456,38.62205253106675,Truxel Rd & Pebblewood Dr
-121.4763448134831,38.62831216838693,-121.47482107118823,38.63134093098175,Northgate + San Juan
-121.49918761862179,38.55088825251694,-121.49804038158759,38.55178914744637,Land Park Dr & Marian Way
-121.27229060507555,38.67079650600174,-121.27080779177273,38.672513592742995,Sunrise + Macy Plaza
-121.38121761810702,38.71781079072647,-121.38006778212025,38.71871160923648,Elverta + Aztec
-121.43737457018325,38.52450756819697,-121.43576782812335,38.52555413071293,Fruitridge + 59th St
-121.32778489143968,38.666413298858956,-121.32663590879466,38.667314101103855,Manzanita + Maleville
-121.4656143424701,38.505692196782284,-121.46434166400772,38.507506203057694,Franklin + MLK Jr Blvd
-121.5025266469397,38.5669212530647,-121.50137915326935,38.56782214689863,8th St + W St
-121.4023590058801,38.57043527084028,-121.40084749105412,38.57166222917216,Munroe + Latham
-121.51259313180564,38.494200685416374,-121.51048106344244,38.49724453112449,SLP Dr + Florin
-121.4559878894523,38.51252331172376,-121.45471580991273,38.5138127875613,44th St + 44th Ave
-121.42066009843874,38.601289080320335,-121.41932449911194,38.60279381898282,Ethan + Jamestown
-121.33174345022556,38.76258763714272,-121.32961873314277,38.76508096406152,Woodcreek Oaks at McAnally
-121.51095685713223,38.61974722463604,-121.50967973977764,38.62123737498173,Azvedo + Pebblewood
-121.47689397800998,38.64697746457085,-121.47574522220326,38.6478783353924,North Market + Northgate
-121.476460158435,38.55328279292186,-121.4751521289151,38.555873306788975,Franklin + 2nd Ave
-121.50875458104058,38.64630165790931,-121.50760581916823,38.64720254205399,Arena + Truxel
-121.38765869414492,38.664592085185205,-121.386509706081,38.665492914777765,Dudley + Palm
-121.43579597622004,38.595281096928474,-121.43358881970488,38.59634520391978,Expo + Heritage
-121.38320241034923,38.70428518924005,-121.38205278987766,38.7051860107229,Watt + Antelope
-121.38823366785968,38.560891577055706,-121.3870863323652,38.56179242290731,La Riviera + Moorbrook
-121.4926978862834,38.54045156796618,-121.49127861536101,38.541375432153856,Freeport + 14th Ave
-121.38373231338764,38.622418640626016,-121.38224163615914,38.62583503249349,Watt + Lynne
-121.45318705250189,38.69061485981422,-121.45140775208871,38.69163684090202,M St + 6th St
-121.43318965933078,38.636004100499356,-121.43201404047302,38.63707009926704,Grand + Elm
-121.42912215725092,38.558122267886446,-121.42797484296827,38.55902313207668,Elvas + 62nd St
-121.44800222114266,38.57808246536858,-121.44685457907408,38.57898333459461,McKinley + Meister Way
-121.48977054314297,38.58338481243563,-121.48811725769636,38.584568487125075,F St + 12th St
-121.44663789111291,38.61329058011726,-121.4447180855457,38.615431949491835,Lampasas + Del Paso
-121.50278625179047,38.61212381247224,-121.50061595499913,38.61326648897021,W El Camino + Millcreek
-121.5237784978018,38.49704594332639,-121.52263210240368,38.49794685663701,Greenhaven + Park Ranch
-121.3691249531169,38.68513789090782,-121.36797564711178,38.68603870905511,Don Julio + Pearson
-121.44665559412452,38.61241046830501,-121.44550740609272,38.61331133165816,Del Paso + Boxwood
-121.4533172951806,38.52440108910739,-121.45126521032243,38.525485312006154,Fruitridge + Ethel
-121.46413231051031,38.54627857698799,-121.46054440705338,38.54758050210894,Broadway + 39th St
-121.28634854139264,38.71797905766182,-121.28510545987419,38.71896254231958,Twin Oaks + Holly
-121.36784726033028,38.68608549126788,-121.36669793989859,38.68698630869507,Don Julio + Larchmont
-121.41609234582651,38.60229981865619,-121.41466424827614,38.60362678152621,Howe + Cottage
-121.50423446838434,38.64551231492768,-121.50231143557724,38.64695988490068,Arena + Gateway Park
-121.48898287740124,38.57120065619904,-121.48783532280967,38.572101543764234,P St + 16th St
-121.46153411013908,38.497897991486994,-121.45978959286342,38.49922270837845,Franklin + Green Tree
-121.44513884842809,38.546199464351496,-121.4439827554283,38.54719533534255,Broadway + 53rd St
-121.30880266709201,38.75149020982174,-121.3076523331458,38.75239099014099,Main before Foothills
-121.4474257095149,38.53338051698752,-121.44608889174161,38.53436298249831,Stockton + Roosevelt
-121.46537300161813,38.54552093845306,-121.46409129832512,38.54678416061222,MLK JR Blvd + Broadway
-121.5081712702858,38.535311186969366,-121.50693002842405,38.53624631273356,SLP Dr + Volz
-121.49822807656327,38.64608706006099,-121.49707932364701,38.64698793990229,North Market + Sierra Point
-121.50308679552664,38.53874685803735,-121.50163020346763,38.53986224175725,Land Park Dr & 16th Ave
-121.74271782814407,38.55048066833074,-121.74049870398376,38.55224584045621,F St & 8th St (NB)
-121.37564880814223,38.716764891888516,-121.37449899208585,38.71766570807442,Elverta + N Loop
-121.42830516714112,38.546810067190634,-121.42715803307809,38.547710932772496,65th St + Broadway
-121.4226005833007,38.5245545136783,-121.42057122201142,38.52562968738407,Fruitridge + 70th St
-121.42045600893933,38.524544743680785,-121.41898529162454,38.525639956082884,Fruitridge + Emerson
-121.59345465345446,38.694369191627445,-121.59192214443063,38.69555640754965,Automated People Mover Discharge to Airside
-121.49972447266865,38.577207987362314,-121.49779870546969,38.57950406378416,7th & Capitol
-121.45604304512027,38.51635647077793,-121.45472915513888,38.517358928994256,44th St + 39th Ave
-121.50598054788475,38.63758739126387,-121.5038845393797,38.63857441911302,Truxel Rd & Gateway Park Blvd
-121.38429523728787,38.59479374262571,-121.38169577638784,38.59637571305455,Arden + Watt
-121.5086143718966,38.63938467999708,-121.50733963537978,38.64128361984658,Truxel Rd & Natomas Crossing Dr
-121.31449371745427,38.77718993292184,-121.31308207782686,38.77897466632968,Foothills at Misty Wood
-121.49629138557034,38.58178853157557,-121.49442077818115,38.58392510321453,8th & H/County Center
-121.4565206735179,38.647101368879966,-121.4553719266982,38.648002231083225,Bell + Norwood
-121.42773754589558,38.59944621673094,-121.4255589512231,38.600465583847964,Arden Fair Terminal
-121.48543988557785,38.568451939624154,-121.48342870975553,38.56951756125257,Q St + 19th St
-121.30586181001865,38.70686039845549,-121.30424039003773,38.7080067008289,Antelope + Rollingwood
-121.50169726510083,38.58180275438378,-121.50054953510846,38.58270364557953,J St + 4th St
-121.48536891268249,38.53801025439145,-121.48422188752866,38.53891114557187,Sutterville Bypass & 24th St
-121.43398022548158,38.57910946845664,-121.43283257473713,38.58001033150649,Spilman + Minerva
-121.32186407735293,38.63574452702765,-121.3192711628656,38.63780050671127,California + Fair Oaks
-121.42382545411168,38.55791106901731,-121.42267814610825,38.55881193094581,AIRC
-121.50602413067281,38.564760152177946,-121.50487666953573,38.5656610477854,Broadway & 6th St
-121.35855101434056,38.67104699117034,-121.35534086918517,38.67312959966965,Hillsdale + Walerga
-121.31091680463713,38.681196903901885,-121.30976759559965,38.68209769606091,Van Maren + Donegal
-121.48413995361558,38.58180877250863,-121.48218854675565,38.583079926436326,F St + 16th St
-121.43071591090232,38.566978664846815,-121.42855037272246,38.56841689045756,H St + Carlson
-121.28393209289084,38.74308023643471,-121.28240353888347,38.7442224864489,Douglas before Buljan
-121.51709937317202,38.50251650454441,-121.51579682391265,38.50360189548124,13th St + San Clemente
-121.45765393431334,38.626861720134976,-121.45622056753176,38.62778888000509,Norwood + Carroll
-121.39494305731958,38.632421724125486,-121.39330464327213,38.6333340759728,Auburn + Morse
-121.32803200044626,38.705038101784076,-121.32688239978839,38.70593889817873,Antelope + Roseville
-121.30867464854389,38.6867701048537,-121.30752535169329,38.68767089510906,Auburn + Van Maren
-121.728377482971,38.54817945293696,-121.72688401706655,38.54926524667698,5th St & Pole Line Rd/D.M.V (WB)
-121.4082999490959,38.58102513105333,-121.40713515046352,38.58209046883114,Northrop + Park
-121.37539611144673,38.63969518145477,-121.37395618733635,38.640707117927434,Auburn Blvd & Pasadena Ave
-121.38368608870081,38.66067968037061,-121.3820318139964,38.66194601954184,Watt + Poplar
-121.54926673734926,38.50105472492274,-121.54788826142021,38.5020450745558,Riverside + Orleans
-121.29036009216254,38.71788721154247,-121.2892103080775,38.71878798842021,Twin Oaks + Auburn
-121.38371690043103,38.63380908488644,-121.38218349527095,38.63510591523253,Watt + Edison
-121.32374657217228,38.67666260058067,-121.3225974280627,38.67756339938212,Auburn Blvd & Shadow Ln
-121.70030370067153,38.55748538462174,-121.69848089437481,38.558533916169196,Alhambra & Atlantis / Arroyo (WB)
-121.28654622412594,38.74696491468647,-121.28539597611493,38.7478656852762,Vernon past Taylor
-121.27280371645206,38.7340571169432,-121.27165368379062,38.734957883019426,720 Sunrise
-121.47917632194813,38.58073392065813,-121.47781898066636,38.58166497826291,F St + 19th St
-121.71002050039844,38.554198616873876,-121.70865270215887,38.55530798316388,5th St & Pelz Bike Path (WB)
-121.50581756006697,38.55091140956062,-121.50397835082745,38.55279027159251,Riverside + Marian
-121.39815565594351,38.617423970687874,-121.3965174428938,38.61850742835134,Marconi + Calderwood
-121.43474024241816,38.593775069424325,-121.43359235780058,38.5946759305388,Cal Expo
-121.51046832277393,38.513916036194374,-121.50909467538759,38.51483856389896,13th St + 43rd Ave
-121.27881176831865,38.677723211676074,-121.27500479750272,38.67892159054066,Greenback Ln & Birdcage St
-121.43729203943542,38.5114263013063,-121.43612525493126,38.513069898593095,Stockton + Dias
-121.61422172272985,38.66070933813905,-121.61307267746433,38.66161026182451,Kiesel
-121.42280757680167,38.56080106946113,-121.4216602234184,38.56170193050199,RIverside Hall
-121.43298089387801,38.524516024507776,-121.43168140305656,38.52560477551812,Fruitridge + 62nd St
-121.33005256570875,38.67189106325729,-121.32656742769339,38.67411963434904,Auburn Blvd & Manzanita Ave
-121.50700205159649,38.60978200765805,-121.50585204991174,38.61086709229589,Natomas Park + Natomas Park
-121.49420202907348,38.57752295560319,-121.49305437113684,38.5784238443601,L St + 11th St
-121.4161241920538,38.57736969712901,-121.41468850503507,38.579021201792834,Howe + Sierra
-121.37052444008808,38.68345879046418,-121.3693751601404,38.684359609498756,Don Julio + Garland
-121.48809384238592,38.55424745507622,-121.48694655782502,38.55514834488705,21st St + Markham
-121.38361721398459,38.69851779260953,-121.38212174480631,38.70165644210614,Watt + Quinn
-121.45597710290997,38.54565065819695,-121.45243694989975,38.54799160332973,Broadway + Stockton
-121.4728742100606,38.52437031371157,-121.47061559586403,38.525489387640704,Fruitridge + Franklin
-121.36444837185743,38.69319325380553,-121.36296211959979,38.6954348454571,Walerga + Elkhorn
-121.46696608486589,38.5728776609408,-121.46581851534816,38.57377853902244,30th St + J St
-121.41613032111175,38.58083028209276,-121.41469407414503,38.58264851706812,Howe + Northrop
-121.39917026426588,38.610311778450466,-121.39802213595792,38.611212621512585,El Camino + Parkwood
-121.41489552004822,38.581106706816314,-121.41356427895879,38.58215099311263,Northrop + Howe
-121.4576466438819,38.63041698430799,-121.45623005369654,38.631559815697095,Norwood + Hayes
-121.40219903999112,38.58803644671509,-121.40081855645553,38.589687852535775,Fulton + Hurley
-121.73921964614851,38.54202806793419,-121.73539957283468,38.544510196171395,"Davis, Ca (DAV)"
-121.51065981761438,38.50037319904489,-121.50929768302413,38.50128190098841,SLP Dr + 56th Ave
-121.38820284408625,38.59528123890343,-121.38579876139379,38.59639186245042,Arden + Professional
-121.41604795026412,38.60761058850375,-121.4146448435135,38.60954271088758,Howe + Delma
-121.43550383149946,38.54628571077899,-121.4340574702422,38.547290188321774,Broadway + 60th St
-121.49724111639456,38.57822259481877,-121.49487896119388,38.58142197637359,J St + 8th St
-121.30930855673637,38.6627523028521,-121.30815964350047,38.663653097110675,Dewey + Madison
-121.50272874987475,38.579855254020885,-121.50158105033435,38.580756145942445,L St + 4th St
-121.37914903423834,38.6072530826533,-121.37800096598824,38.60815391730967,Butano + Lusk
-121.45833124456259,38.6833085098088,-121.45673265837455,38.684559290183444,Elkhorn + Rio Linda
-121.37793594660647,38.56384685383047,-121.37614925149737,38.56494004467727,La Riviera + Woodman
-121.46385243217281,38.50337705623833,-121.46270596804109,38.5042779437249,Franklin + Cuny
-121.32838685431575,38.652570117553076,-121.32696344092946,38.65382408258634,Manzanita + Bourbon
-121.46002797412767,38.49618285649332,-121.4588816260867,38.497083743469915,Franklin + Florin
-121.50124834590778,38.57940555429142,-121.50010065430153,38.580306445671894,L St + 5th St
-121.3836405367472,38.68549255732382,-121.38220486578372,38.68707684174511,Watt + Van Owen
-121.33020052410986,38.79514580824552,-121.32904947612533,38.79604659171724,Blue Oaks at Woodcreek Oaks
-121.32518263110957,38.75886290659726,-121.324032169126,38.75976369336554,Country Club at Penhurst
-121.28106505414587,38.78826481917145,-121.27991414609616,38.7891655807912,Fairway at Pleasant Grove
-121.44816943719606,38.54620109880658,-121.44599436733965,38.54726160221694,Broadway + 50th St
-121.32907727871778,38.78954170807074,-121.3279263215175,38.79044249189206,Woodcreek Oask at Crimson Ridge
-121.72759592996401,38.55707471191465,-121.72576617406352,38.55808988877249,
-121.48039858740258,38.5727447581086,-121.47925101280958,38.57364564185469,21st St + Capitol
-121.49053428815469,38.547340654036034,-121.48938711205585,38.54824154592726,Freeport + 7th Ave
-121.44948862529301,38.52440933438749,-121.44827217893537,38.52547846543492,Fruitridge + McGlashan
-121.63064423626959,38.6744188360836,-121.62949496392241,38.675319763879976,Elkhorn
-121.49065324289772,38.569333406959515,-121.48773573241928,38.57097314287496,15th St + Q St
-121.49851323343297,38.5960846991231,-121.49604890344304,38.59775522208086,Richards Blvd & Sequoia Pacific Blvd
-121.39574856182915,38.559866475313434,-121.39460123839474,38.56076732464961,La Riviera + Occidental
-121.4343356943231,38.57518066807694,-121.43318810589551,38.576081531886196,Moddison + Minerva
-121.45773052660674,38.57008531061717,-121.45597287369431,38.570989689448375,J St + 38th St
-121.33035033242193,38.60888865676944,-121.3281244945435,38.61047165304982,Fair Oaks + El Camino
-121.4915943835318,38.57188455570913,-121.49044681667877,38.57278544425416,P St + 14th St
-121.27506071193065,38.756006575891476,-121.27254548187119,38.757177225549654,Atlantic at Center
-121.32219612543946,38.619703028535355,-121.32089986935203,38.620900271490356,California + Merry
-121.50806648736499,38.534068549390895,-121.50691951284303,38.534969450572426,SLP Dr + Crestwood N
-121.49390894659015,38.57973425583453,-121.4927612536202,38.580635144128756,J St + 10th St
-121.51401781591767,38.537185989988096,-121.5127557855503,38.538190410000475,Riverside + Brownwyck
-121.46405616667548,38.571414330410704,-121.46150333261518,38.57282296710398,J St + 33rd St
-121.37929533727578,38.62807169833144,-121.37801596652184,38.62916530162574,Whitney + Montclaire
-121.59591037125475,38.679851643132956,-121.59476102894214,38.68075255683057,
-121.48789709221548,38.555561948003934,-121.48626729719871,38.55736075254316,21st St + 2nd Ave
-121.50183953672521,38.56565935310902,-121.50069206348388,38.5665602468543,9th St + W St
-121.44451264629424,38.524065569548384,-121.4402365680106,38.52556096458769,Fruitridge + Stockton
-121.32370314704076,38.667482756399075,-121.32162535724186,38.66852554451668,Coyle + Woodleigh
-121.38370493338361,38.584597923681756,-121.3822499597555,38.58600807655638,Watt + Windsor
-121.29074000966538,38.695079209692004,-121.28959059057436,38.69597999027069,Auburn + Old Auburn
-121.3107721895613,38.87843331917366,-121.30961981067742,38.87933408078902,
-121.43541093558761,38.592894069211894,-121.434263064631,38.593794930751244,
-121.33460364798484,38.61669181122105,-121.33341955302647,38.61776318811923,Marconi + La VIsta
-121.70594446705215,38.55603399169075,-121.7047624359633,38.557364508234606,5th St & Verona Terrace (SB)
-121.73142117880649,38.56395080926025,-121.73027362137056,38.56485179070362,
-121.38868816145303,38.617310989481744,-121.38730994090575,38.6184180105513,Marconi + Ashbourne
-121.43073207510702,38.54633042917953,-121.42957822432433,38.54735837075969,Broadway + 64th St
-121.32077958059422,38.677825301355526,-121.31963041964119,38.678726098607264,Greenback Ln & Auburn Blvd
-121.47629518648387,38.57276685896972,-121.47514761372886,38.573667740993535,L St + 24th St
-121.50697998857824,38.54904811399669,-121.50538150792143,38.55034288600327,Riverside + 8th Ave
-121.2725493694074,38.771220039802905,-121.27077862206842,38.77239794447271,Galleria Transfer Point
-121.71798172603063,38.557690311136575,-121.71683427414833,38.558591288827266,
-121.36348675246127,38.56372713139003,-121.36173494551514,38.56469156890476,La Riviera + Linda Rio
-121.38372781872636,38.653186987248795,-121.38224357882942,38.65484461136274,Watt + Myrtle
-121.38363955647564,38.670532264142764,-121.38214333871102,38.671833536018276,Watt + N Haven
-121.33587930253174,38.76736730479654,-121.33472869770237,38.76826809516626,
-121.47646478395845,38.54683112603248,-121.47519461315164,38.54773307395673,Franklin + Curtis
-121.51843146712652,38.66928155770359,-121.51728233308114,38.670182442259765,Northborough Dr & Wadsworth Dr
-121.44177996405769,38.49553666033439,-121.44063363615916,38.49643753962881,Florin + 55th St
-121.45759905725471,38.61430836533995,-121.45629504191531,38.61564893381947,Norwood + Lampasas
-121.32915137054583,38.61362049447025,-121.32800322968781,38.614521305492595,Fair Oaks + Kenneth
-121.46643098497128,38.547748859115366,-121.4652838152426,38.548649740847885,Broadway + 38th St
-121.32903560011333,38.62876389358626,-121.32752099454818,38.63071120533345,Fair Oaks + Grant
-121.37728772093604,38.60984049142145,-121.3752771847512,38.61092500968507,El Camino + Andrade
-121.53140629657788,38.550484156001076,-121.53000670407825,38.55151384353719,Lake Washington Boulevard & Stonegate Drive (EB)
-121.43145241685313,38.57811226892502,-121.4303047833659,38.579013131038124,Spilman + Roger
-121.40222807133769,38.57337809077137,-121.4008145202902,38.57554920868369,Munroe + Fair Oaks
-121.38253387641176,38.66255438616696,-121.38138492381486,38.663455213796006,Airbase + Watt
-121.73154215533297,38.548412908040355,-121.73039484484401,38.5493138919235,5th St & Davis Public Works Corp Yard (WB)
-121.46100511792638,38.52435541759349,-121.4597172783333,38.525464782423136,Fruitridge + Mendoino
-121.45014852777994,38.50991381022601,-121.44891827614795,38.51097798964109,47th Ave + Sampson
-121.69457680612493,38.555853615162995,-121.69342939405728,38.55675458480078,Mace Blvd & 2nd St (NB)
-121.44911143422308,38.53653303132455,-121.44795626992988,38.537955468606256,Stockton + San Francisco
-121.3060846154271,38.80738391477312,-121.30493338481162,38.808284685189605,Santucci Justice Center
-121.3837022604737,38.58062890405927,-121.38226073126778,38.58214499620878,Watt + Northrop
-121.41612518780484,38.59061843345958,-121.41463340270573,38.59297186583088,Howe + Hallmark
-121.38235262779516,38.60633018186813,-121.381204572431,38.60723101809486,Butano + Watt
-121.48554481765358,38.5947822022052,-121.48267058536075,38.59580469871329,Richards + Dos Rios
-121.51032210557905,38.5049800300846,-121.50906019187553,38.50602016991204,SLP Dr + 14th St
-121.48120141643172,38.57636715822017,-121.48005378378036,38.577268041743096,J St + 19th St
-121.44990579679028,38.57684565921732,-121.4477390011487,38.57783494117637,McKinley + 40th St
-121.40216551408938,38.62899927923323,-121.40101708613422,38.62990012072981,Fulton + Auburn
-121.74326360896087,38.55483510649856,-121.74211619121452,38.55573609346533,F St & 12th St (NB)
-121.41578130104615,38.61434477512072,-121.4146330991754,38.61524562484235,Howe + Tallac
-121.27253829354896,38.70662139890807,-121.2710200029353,38.70840289974238,Sunrise + Antelope
-121.46823413375682,38.482257552146876,-121.46628943526606,38.484205183304965,Meadowview LRT
-121.46019595580252,38.54627887716415,-121.4585779420137,38.54730292153965,Broadway + San Rafael
-121.6982765868675,38.55332421430397,-121.69712921331414,38.55422518565983,
-121.26782905643697,38.751698119489866,-121.26667874380657,38.75259888047273,Lead Hill at Harding
-121.42559413274667,38.62056248332159,-121.4232282175262,38.622749713508576,Arcade + Marconi LRT
-121.46263478499024,38.61072086477585,-121.46148661522471,38.61162173518735,El Camino + Edgewater
-121.37198412250476,38.5631690253583,-121.37002488018535,38.564153175203785,La Riviera + Waterton
-121.47165693325027,38.56149155857751,-121.47034966833829,38.56287174085971,T St + 30th St
-121.59221097990326,38.691919500882605,-121.59072506566831,38.69314580835882,Central Terminal B
-121.42836594233866,38.53135640172646,-121.42673994756552,38.53311089879416,65th St + 21st Ave
-121.4776067077076,38.575390958897216,-121.47645909250498,38.57629184106605,J St + 22nd St
-121.39291340851442,38.591198899996996,-121.39153570329145,38.59494374874164,Morse + Berkshire
-121.38370921491412,38.627646351434166,-121.38048998281555,38.62954327703995,Whitney + Watt
-121.48547582641889,38.5774796574137,-121.48432817379265,38.57838054254959,J St + 16th St
-121.42157338140292,38.62014829670931,-121.42012981590729,38.62108830348532,Marconi + Connie
-121.44677903715454,38.63020084708929,-121.44541615898636,38.63185985226804,Rio Linda + Silvano
-121.30993374616958,38.7428153220249,-121.30844113933296,38.745719977385164,Foothills at Vineyard
-121.35502685589742,38.67348619318638,-121.35387774433315,38.674387006776506,Hillsdale + Brett
-121.47136240697309,38.53313030430536,-121.46958689702811,38.534137896335814,21st Ave + 34th St
-121.3512177114644,38.653428496142546,-121.3497802908054,38.65499390286936,College Oak Dr & Myrtle Ave
-121.27296237018199,38.66579951163542,-121.27181343005998,38.66670028832721,Sunrise + Uplands
-121.39806279539414,38.55142487415171,-121.39691560482932,38.552325725811336,Lake Forest + Lake Forest
-121.51165949067033,38.52585089868971,-121.51043130900791,38.52705660078472,SLP Dr + Noonan
-121.32900709820773,38.61709639477162,-121.32785890202595,38.61799720519121,Fair Oaks + Palm Dr
-121.42218526521354,38.55936486948548,-121.42103793500662,38.56026573047766,Serna Plaza
-121.47646217281464,38.55176563534219,-121.47516952537316,38.553167464066675,Franklin + 4th Ave
-121.42583476127916,38.55874306864586,-121.42468743894045,38.55964393131726,Amador Hall
-121.36864193239457,38.595060735026244,-121.36728227008489,38.5961603650096,Arden + Cathay
-121.50421526510023,38.55372656237934,-121.50285733555987,38.55463533765364,Riverside + Swanston
-121.41185371166242,38.61757994951655,-121.41057189192686,38.6186662504512,Marconi + Bell
-121.44113226485015,38.57529108186178,-121.43984333772453,38.57634491813752,Brand Way + Fallon
-121.36618986977146,38.68775475493651,-121.36500163137492,38.68891524494921,Don Julio + Craighurst
-121.29251566974378,38.63849554538036,-121.29111192378812,38.639847054797535,San Juan + Santa Susana
-121.3150285106511,38.706791404923294,-121.31387888958537,38.707692195039456,Antelope + Tupelo
-121.472410873959,38.496885310146205,-121.4708198399474,38.49871169758994,Florin
-121.51693315477799,38.51908381520602,-121.51559594806405,38.520002884850385,Gloria + Lake Crest
-121.47648506933015,38.545440856822054,-121.47533793088233,38.54634174314123,Franklin + 6th Ave
-121.48670355669067,38.495194918698054,-121.48112614328505,38.49633850909335,Florin + Tamoshanter
-121.37943599979474,38.67841649910354,-121.3772509046225,38.679471701901456,Don Julio + Bolivar
-121.36387719616175,38.70819608194429,-121.3626917975214,38.70993101793595,Walerga + Big Cloud Way
-121.29311683973852,38.67366635828814,-121.29172046354851,38.674818841783484,San Juan + Sperry
-121.38425811355313,38.63620304199052,-121.38260049056426,38.63753965810677,Auburn + Watt
-121.50130766922427,38.56976375353534,-121.50016013098495,38.57066464642797,8th St + T St
-121.27300354251132,38.65955745639864,-121.27144914996816,38.66175354257704,Sunrise + Wildridge Dr
-121.73959038114621,38.551437106872804,-121.73844301902965,38.55233809309108,
-121.50949424830196,38.617103155503905,-121.50834595190652,38.618004044459425,Azvedo + Aquino
-121.72404708204274,38.56456461059906,-121.72289951813538,38.565465589364756,
-121.45604245041962,38.52202463805041,-121.4547403494842,38.52302966179827,44th St + Iowa
-121.27281855935045,38.73940651735281,-121.27166844089226,38.74030728260982,Sunrise at Frances
-121.27082416072587,38.64174144590482,-121.26948634068958,38.6427931540843,Fair Oaks + California
-121.34758129534886,38.76604820202399,-121.3464307048836,38.76694899793885,Pleasant Grove Blvd at Sun City Blvd
-121.39268456014736,38.71394111653762,-121.39094334754111,38.715525883867244,Elverta + Watt
-121.71978767619282,38.563948911300955,-121.7186401239859,38.56484988866289,
-121.72514820452591,38.54875370623322,-121.72388009977536,38.549867393695166,5th St & Post Office / Pole Line (EB)
-121.4421191310229,38.52149711679674,-121.44048627233458,38.522786983224535,Stockton + Jansen
-121.52448422411997,38.50910146273313,-121.523035073256,38.51027393727351,Greenhaven + Sunlit
-121.44321230088549,38.5758670464378,-121.44203810114998,38.577077453498354,Brand Way + 45th St
-121.76677106116577,38.67287340257287,-121.76551403994308,38.67418518907839,
-121.35618730834744,38.60961837686597,-121.35442819749525,38.61067172398214,El Camino + Mission
-121.54509509352603,38.49816992968168,-121.5438160056742,38.49947966960522,Gloria + Yuba River
-121.34915484353085,38.609499289579745,-121.34800675669995,38.61040011038316,El Camino + Upham
-121.45808258459535,38.553488680531025,-121.45641231505672,38.55462381869787,Stockton + X St Medcenter
-121.45855687938553,38.49233125039201,-121.45719872896994,38.49442344934817,Franklin + Meadowgate
-121.47048759027079,38.56086255927171,-121.46934020994266,38.56176344069153,T St + Alhambra
-121.45762483520234,38.63290484587816,-121.456245861323,38.634545353374335,Norwood + South
-121.50804578825152,38.531622651909885,-121.50676431298804,38.53258244768915,SLP Dr + Ridgeway
-121.49859982404885,38.623604945868735,-121.49720476867179,38.62501395431132,Truxel Rd & Teralba Way
-121.35403563324503,38.56328584350541,-121.35194473420157,38.56470981630431,Tiber
-121.47624040055767,38.61935115399375,-121.47487620232856,38.62027564609927,Northgate + Sotano
-121.3115442314989,38.77186651075819,-121.31039356873869,38.77276728920456,Pleasant Grove at Foothills
-121.36636655373461,38.62793879414338,-121.3643097517248,38.629020306965366,Whitney + Eastern
-121.45267960912012,38.49551519515779,-121.44986509702643,38.496677406557446,Florin + East Pkwy
-121.32947155777711,38.61200649427209,-121.32832344245645,38.612907305690754,Fair Oaks + Topp Ct
-121.46920008851691,38.56068535952922,-121.46805271169673,38.56158624043403,T St + 32nd St
-121.39846498819527,38.580936885455955,-121.39619981510377,38.58195601535845,Northrop + Jonas
-121.32957256864015,38.788270107858594,-121.32842163159503,38.789170892104174,Woodcreek Oaks at Crimson Ridge
-121.4559714252986,38.51048578078778,-121.4547236800404,38.51165111905891,44th St + 47th Ave
-121.32299846741473,38.76346510745655,-121.32184793282116,38.76436589250624,Country Club at McAnally
-121.31193394010586,38.835900941571715,-121.30940506069844,38.836806158772625,
-121.73129439514793,38.56600940944122,-121.73014680502918,38.566910390522644,
-121.43114113141203,38.632742294262364,-121.42986426919653,38.63401540511808,Marysville + South Ave
-121.48631733892496,38.56645125638752,-121.48516986128632,38.567352143575754,19th St + S St
-121.48279656993152,38.558096272308354,-121.48071983094738,38.55943872656452,Broadway + 24th St
-121.50797784942536,38.50280125627249,-121.5067172538091,38.50385854367862,SLP Dr + SLP Dr
-121.45550832043062,38.54892873871287,-121.4543503748046,38.55045376120121,Stockton + 3rd Ave
-121.36592076435358,38.61701944417686,-121.36276214145862,38.61817505758345,Marconi + Eastern
-121.51222323725415,38.53869665696998,-121.50934605953289,38.54122994169065,Riverside + Sutterville
-121.34961712672113,38.59481748834196,-121.3484692735095,38.59571831162096,Arden + Paloma
-121.74558529022694,38.55922445962635,-121.74412341504603,38.56052094053644,F St & Covell Blvd (SB)
-121.46792066777864,38.570697060571206,-121.46677313243524,38.57159793939202,30th St + L St
-121.49317091557654,38.538114652777125,-121.49202388463355,38.53901554718618,Freeport + Sutterville
-121.40253838353982,38.59513778218957,-121.40044874276809,38.5970484613359,Fulton + Arden
-121.49856687062488,38.61624445694801,-121.49718612284164,38.61758764319958,Truxel Rd & Blue Heron Ct
-121.34675017965203,38.63447468695365,-121.3452974134786,38.636517112316255,Walnut + Gibbons
-121.34044957185692,38.616723858614314,-121.33906952544731,38.61785424142099,Marconi + Linden
-121.29944266423706,38.75148201200568,-121.29829233600204,38.75238278795703,Main before Atkinson
-121.48334202136965,38.57691625781535,-121.48219437884212,38.57781714214791,J St + 18th St
-121.2764187904829,38.74345527452389,-121.27490200935914,38.74456602500589,Douglas before Bonny Knoll
-121.33441339963693,38.7795084060704,-121.33326260059751,38.7804091938924,Woodcreek Oaks before Jonquil
-121.3603801271213,38.78382482817651,-121.3590501503002,38.78494012484462,
-121.49809023470334,38.55217722376695,-121.49657536748518,38.55311757645977,Land Park Dr & Vallejo Way
-121.35399235986378,38.64898469152936,-121.35284364036673,38.649885508433535,Orange Grove Ave & Sycamore Ave
-121.38334433744825,38.60750648173817,-121.3821962627778,38.608407318224835,Watt + Butano
-121.47090589175048,38.57361026016705,-121.469758308463,38.57451113979619,J St + 27th St
-121.29301662514555,38.66687154285384,-121.2916403733016,38.66834785608692,San Juan + Chesline
-121.32941819071918,38.61614179460343,-121.3282700095144,38.6170426053594,Fair Oaks + Marconi Ave
-121.51782479157922,38.6120025450261,-121.51636771850772,38.614350454578634,Gateway Oaks + W El Camino
-121.49024586395386,38.58203805677257,-121.489098136257,38.58293894319072,12th St + H St
-121.27622281016693,38.718090352896915,-121.27483409402741,38.71902814724403,Twin Oaks + Fairway
-121.48228465834715,38.56801499423747,-121.48109594402237,38.56928790567922,Q St + 21st St
-121.31005019644107,38.667694003061015,-121.30890120379576,38.66859479690176,Coyle + Dewey
-121.32710650755942,38.70596050206832,-121.32595689267542,38.70686129789449,Antelope + Daly Ave
-121.33923369948602,38.667001196278456,-121.33808470074669,38.66790200368438,Auburn Blvd & Palm Ave
-121.41718891244228,38.63592640063621,-121.41584778562627,38.637003499361725,Grand + Astoria
-121.44836089463215,38.65788258789707,-121.44714330479088,38.659012311457175,Rio Linda + Hunters Creek
-121.41605121442909,38.599070172219044,-121.41466608146172,38.60077712707429,Howe + Wyda
-121.49496962480501,38.5349171144091,-121.49288027489047,38.53626118408231,Sutterville Rd & 19th St
-121.49455092640966,38.57040745209472,-121.49181373430173,38.57177130873713,13th Street
-121.73553874242836,38.54522783935998,-121.73407756116134,38.546178660889964,3rd St & K St (EB)
-121.37025702661332,38.61712432536925,-121.36806007887012,38.61821977585288,Marconi + Norris
-121.31164568471327,38.677050197416435,-121.30901924092926,38.67872559747026,Dewey + Greenback
-121.489852418839,38.57638105641791,-121.4887047813719,38.57728194354538,L St + 14th St
-121.50989475581973,38.61803305549351,-121.50874644438868,38.618933944469816,Azvedo + Delgado
-121.45352251853294,38.56883337851899,-121.45187588274567,38.57003402114751,J St + 40th St
-121.4022707221766,38.584050505379736,-121.40081897120754,38.5860680938794,Fulton + Larkspur
-121.48840783378583,38.57830785686696,-121.4872601664253,38.57920874309631,J St + 14th St
-121.38400830762771,38.642416269171925,-121.38250979222875,38.64332413079386,Watt Ave & Longview Dr
-121.30893084502371,38.6613002028279,-121.30778195521316,38.66220099713485,Dewey + Palm
-121.31998202416918,38.64248967359474,-121.31852757220251,38.6434415266679,Jan + Jaspar
-121.29174616234907,38.61083378146211,-121.29022803697565,38.61175341857848,Coloma + McGregor
-121.39922847230336,38.548477273667444,-121.3980813279199,38.5493781262956,Notre Dame + Mary Knoll
-121.35335429752396,38.609585736211955,-121.3516280002241,38.610639462273234,El Camino + Landwood
-121.40706706718981,38.61040117672173,-121.40591893303291,38.611302023241315,El Camino + Wright
-121.34833557380139,38.65983432908154,-121.34563742093634,38.66169196962525,Auburn Blvd & Madison Ave
-121.38360257410264,38.682429537459136,-121.38216962331173,38.68404746141993,Watt + I St
