min_x,min_y,max_x,max_y,name
-78.59521300622735,35.8168695873826,-78.5941069940743,35.817770412579115,Brentwood Rd at Stony Brook Dr
-78.90887447657717,36.01072950484296,-78.90776552368713,36.01163049511972,Gregson St at Green St
-78.55246785470642,35.871029789912114,-78.55061914878083,35.87204621079409,Fox Rd at Beaverwood Dr
-78.66003341571529,35.81394168389301,-78.6584345888681,35.815334316314726,Oberlin Rd at Cartier Dr
-78.62632131788898,35.880403756856275,-78.62520968643216,35.88190914307436,Falls of Neuse Rd at Harps Mill Rd (NB)
-78.73289577795013,35.7760744400288,-78.73179022233386,35.7769753599334,Buck Jones Road & Bashford Road
-78.86734009454811,35.9725434140513,-78.86623170572102,35.97344438591126,Angier Ave at Ellis Rd
-78.71837984596688,35.78670454537308,-78.71727415431903,35.787605454589084,Hillsborough St at Western Blvd
-78.64228753177686,35.836700487813864,-78.64113076875039,35.837852512005476,Midtown - North Hills Mall (Bank of America)
-78.78513487218885,35.83010032795992,-78.78402852808918,35.83100127200243,Weston Parkway at 5000 Block
-78.90592348134328,36.01155950575587,-78.9048145189214,36.01246049420679,Duke St at Demerius St
-78.70797001016935,35.800725595775596,-78.70669199583111,35.80205260416508,Blue Ridge Rd at Westchase Blvd (Ramada Inn)
-78.88529712022866,35.975293009006045,-78.88418868003828,35.976193990956574,Bacon St at Durham Public Schools Warehouse (NB)
-78.88115461060285,36.03126951442434,-78.88004538966514,36.03217048553826,Waring St at Davinci St
-78.7722146788885,35.88931293635876,-78.77110752139176,35.890213863603535,
-78.90954232180727,35.98858350298481,-78.90843367845672,35.98948449697788,Duke St at Cobb St
-78.71858976576699,35.77510854443725,-78.71748423451878,35.77600945552493,Athens Dr at Hailey Dr
-78.65952092418017,35.80131356520266,-78.65841507611327,35.80221443475928,Oberlin Rd at Chester Rd
-78.9061044321121,36.00451950517408,-78.90499556815247,36.005420494788595,Duke St at Trinity Ave
-78.57001309082791,35.8305495967984,-78.56890690947706,35.8314504031632,Buffaloe Rd at New Hope Rd
-78.90848467556533,35.93650268782415,-78.90730572584611,35.93776111201145,Fayetteville Rd at United Dr
-78.78358565353355,35.80513724866651,-78.78220975113533,35.806958850892684,North Harrison Avenue & Harrison Pointe Drive
-78.64668642124629,35.800033262268784,-78.64545658027166,35.801378737407866,Glenwood Ave at Harvey St (NB)
-78.9233902362858,35.906741048306834,-78.92227946272544,35.90774375134614,NC 54 at Pine Glen Trail (WB)
-78.80584893571607,35.82644635567999,-78.80353956500085,35.8273616446035,Weston Parkway & Evans Road
-78.64836788695062,35.788159716561985,-78.64674051730454,35.789181046046636,Glenwood Ave at W Peace St
-78.60854315911726,35.86592055790482,-78.60725784070068,35.866947441926456,Spring Forest Rd at Exchange Park (EB)
-78.87093572796667,36.03637488064425,-78.86918027189616,36.037565118508276,Dearborn Dr at Apollo St
-78.6501905534614,35.894104561368074,-78.64859485402675,35.89571243900824,Six Forks Rd at Office Center Dr (IB)
-78.8906469450004,36.03550913020278,-78.88935805308867,36.03643986912115,Meriwether Dr at Old Oxford Rd (SB)
-78.65193750193997,35.81300192715666,-78.65047361484714,35.81450672612912,Glenwood Ave at St Marys St (NB)
-78.72754192448404,35.800425004319166,-78.72616807671666,35.80134499578542,Edwards Mill Rd at Trinity Rd (Cardinal Gibbons HS)
-78.89215202765283,35.9342061077955,-78.89100957406117,35.935422792142475,Cornwallis Rd at Laurel Oaks (NB)
-78.61655470368574,35.85008604892301,-78.61509469660383,35.851185950796285,E Millbrook Rd at Falls of Neuse Rd (WB)
-78.70772304726908,35.859557354197214,-78.70661635301894,35.86045824576486,Townridge Shopping Center
-78.67705916680204,35.796182649820054,-78.67584433875567,35.79796055007722,Dixie Trail at Mayview Rd
-78.89571667753984,35.901855362218434,-78.89437079208224,35.903412188596654,NC 54 at NC 55 (EB)
-78.60533520162359,35.86385480386855,-78.60342330359667,35.86494109716586,Spring Forest Rd at Quail Ridge Rd (EB)
-78.89102685000871,36.044405577941276,-78.88916815009316,36.0456724208196,Carver St at Danube Ln (Carver Creek Apts)
-78.54563834275028,35.86826860782716,-78.54453165755817,35.86916939213433,Louisburg Rd at Fox Rd
-78.91698346964738,35.96644419918135,-78.91587513061548,35.96734520078136,S Roxboro St at Charles St
-78.87113543402968,35.99049617429598,-78.86979536426621,35.99142172580264,Gary St at Liberty St (SB)
-78.72968994124668,35.799830542812714,-78.72858405903796,35.80073145714948,Trinity Rd at Sunday Dr
-78.57321294995532,35.810049594190076,-78.57210705034899,35.81095040577154,Skycrest Dr at Hatton Way
-78.92057410654938,35.942909196382715,-78.91946609371278,35.94381020358004,Martin Luther King Jr Pkwy at Lakeside Gardens
-78.83071683751032,35.85351075252105,-78.8289737677417,35.855017247715175,Paramount Pkwy at Perimeter Park Dr (WB)
-78.6772567905463,35.78101115798446,-78.67615120974469,35.781912041977556,Western Boulevard & Morrill Drive
-78.59273334119095,35.86497919121984,-78.59138096016122,35.86607040876759,Old Wake Forest Rd at Shadowland Crossing
-78.8924210507988,35.91384860612038,-78.89113835245477,35.914973693896734,NC 55 at Carpenter Fletcher Rd (SB)
-78.64656456829229,35.80229176192545,-78.64530663342882,35.80369033767817,Glenwood Ave at Glen Ave
-78.65148760736855,35.90011817521362,-78.65038039292699,35.90101902474824,Strickland Rd at Six Forks Rd
-78.6514797144784,35.78716456200257,-78.6503198876887,35.78805333733559,St Marys St at Johnson St (SB)
-78.61309324306535,35.84994958396573,-78.61198675723442,35.85085041599601,E Millbrook Rd at Cedarhurst Dr (WB)
-78.879835810416,35.9884699115896,-78.87872718985173,35.989370888372996,Taylor St at Driver St (Holton Career Center)
-78.9005873187266,36.0013228944309,-78.8993716839846,36.00275910539499,Rigsbee Ave at Corporation St (SB)
-78.76916126158788,35.790687813162464,-78.76638579035087,35.79202931317133,East Chatham Street & Reedy Creek Road
-78.68722222557366,35.80510837538388,-78.68598177571658,35.80606562416261,Ridge Rd at Churchill Rd
-78.64620228228766,35.78701352459732,-78.64494941703174,35.78835477460334,West St at Peace St (R19)
-78.62053333736871,35.86308958251032,-78.61942666293028,35.86399041745144,Falls of Neuse Rd at Logger Ct
-78.7244025255398,35.7829461410208,-78.72325387413521,35.78409005870246,Buck Jones Road & Fieldspring Lane
-78.89246709094023,36.0425415785891,-78.89063262868041,36.04384355939049,Carver St at Meriwether Dr
-78.58066094045988,35.843220361464304,-78.57922235003804,35.84574513785622,Capital Boulevard & Calvary Drive
-78.65878386409905,35.80215728273056,-78.65744913257792,35.8038487165434,Oberlin Rd at Craig St
-78.89373572935352,35.95519169024607,-78.89255317246844,35.95617870969987,Riddle Rd at Kirby St (NB)
-78.83975933958679,35.951797320644715,-78.83865126068562,35.952698279317765,US 70 at Peyton Ave (Family Dollar)
-78.8729730440958,35.97895165140654,-78.87152685783322,35.979889048791506,Angier Ave at Bingham St (EB)
-78.66501703812432,35.78602453408022,-78.66320296302142,35.787311365354014,Hillsborough St at Enterprise St (NCSU Bell Tower)
-78.70675133710063,35.781275745920794,-78.70503266543838,35.782604653940616,Schaub Dr at Deboy St
-78.65184375183179,35.817289191772986,-78.65059915208231,35.81842480817056,St Mary's St at Wedgedale Dr
-78.86010408610863,35.966136567712574,-78.85853761711488,35.96743043236347,Angier Ave at Midway Ave (EB)
-78.6395249453586,35.80608429618602,-78.63781775401628,35.80733570306078,Whitaker Mill Rd at Sunrise Ave
-78.8986824485399,35.940497013862974,-78.89755905225475,35.94152808574824,Cornwallis Rd at Century Oaks Dr (SB)
-78.65697083876307,35.78912956511102,-78.65586516153054,35.79003043485091,Bellwood Ave at Clark Ave
-78.87684249896378,35.98098333475005,-78.87531891614418,35.98204544694305,Guthrie Ave at Angier Ave
-78.57946209829174,35.84947810950272,-78.57775750413676,35.850546788672126,New Hope Rd at Capital Blvd
-78.6805442397743,35.88876046502102,-78.67943716051745,35.88966133494093,Creedmoor Rd at Howard Rd
-78.61162836560213,35.86766758577753,-78.61052163469803,35.8685684141842,Spring Forest Rd at Meadowview Dr (EB)
-78.87086372229182,36.03117685097504,-78.86957027226745,36.03247314912622,Dearborn Dr at Deer Run
-78.79904786359336,35.828113323580084,-78.7979415366829,35.829014276382324,Weston Parkway at Metlife
-78.81901628763869,35.859307419896616,-78.81790951263538,35.86020838006583,Airport Blvd at Factory Shops Rd
-78.67834025731705,35.78286130448135,-78.67713874533766,35.783756995406684,Dan Allen Dr at Schaub Food Science Bldg
-78.90927836486843,35.99475150352474,-78.90816963539568,35.99565249643796,Duke St at Jackson St
-78.50831409367238,35.978229628798154,-78.50720590664204,35.97913037116311,Roosevelt Ave at Brooks St
-78.89955851620469,36.0377240697446,-78.8978912948503,36.038813797005886,Duke Regional Hospital (NB)
-78.89235670216891,35.900688501345634,-78.89124929809635,35.90158949861703,NC 54 at Paradigm Park
-78.88792243194524,35.97683450835784,-78.88681396832135,35.97773549160479,Sima Ave at Building 18
-78.88938422558182,35.975849507858705,-78.88827577468457,35.97675049210393,Sima Ave at Dorothy Dr
-78.62525387281299,35.792484079739836,-78.62413722638047,35.79350381994644,Glascock St at Brookside Dr
-78.83792853068644,35.92195331894652,-78.83682086958589,35.92285428101596,TW Alexander Dr at Creekside Townhomes
-78.57611501424024,35.819148993903504,-78.57500898606382,35.820049806058115,Marsh Creek Rd at Vena Wilburn Elementary School
-78.85371007935072,35.95676291688092,-78.85260192092,35.95766388308161,Angier Ave at Jones Cir
-78.8573045270276,35.99200751846953,-78.85619587324301,35.99290848149298,Junction Rd at Ross Rd
-78.84435560325106,35.877519157478005,-78.8425709021268,35.87859454343506,Slater Rd at Emperor Blvd (Chelsea Place)
-78.50118411540514,35.98176963151415,-78.50007588491022,35.9826703684471,Allen Rd at Juniper Ave
-78.8971090867048,35.89822499978261,-78.89600171355984,35.8991260001801,NC 55 at Allendown Dr (NB)
-78.90167650656505,35.97317294688825,-78.90045749787399,35.974323252986224,Fayetteville St at Eagle Campus Dr
-78.77720587090114,35.83034343040116,-78.77609952937787,35.83124436956118,Weston Parkway & Southhill Drive
-78.51264411891673,35.981579627565544,-78.51153588139717,35.98248037239573,North Ave at Wingate St (SBTS)
-78.89888437704838,35.9970195066956,-78.89777562321706,35.99792049326707,Morgan St at Mangum St
-78.68157518901404,35.83824256089878,-78.68046881127702,35.83914343906324,Crabtree Valley Ave at Edwards Mill Rd
-78.77394307588825,35.88750627259452,-78.77211372106177,35.8889500270406,
-78.51035409138761,35.97777962806468,-78.50924590892653,35.97868037189662,White St at Jones Ave
-78.68130485321113,35.85753873768016,-78.67987664494049,35.858712762239264,Creedmoor Rd at Plaza Pl (SB)
-78.92386428463261,35.925935840041255,-78.92263481132017,35.9270831599672,Fayetteville Rd at Obie Dr (NB)
-78.8778067041198,36.02340390030502,-78.87584582552982,36.024833915112275,Glenbrook Dr at Club Blvd (NB)
-78.91068457311182,35.96725850105235,-78.90957622715182,35.96815949891035,E Weaver St at Pilot St
-78.66562016921272,35.78367333455433,-78.664249149606,35.78546368162771,Pullen Rd at Stinson Dr (Brooks Hall)
-78.55035659317122,35.88158299032499,-78.54912730472458,35.88263010968722,Perry Creek Rd at Berkshire Downs Dr (WRAL Soccer Fields)
-78.59147022721037,35.90643599534702,-78.59036297309277,35.907336804614616,Raven Ridge Road & Rio Falls Drive
-78.56991306157488,35.826339596515936,-78.56880693873003,35.82724040344565,New Hope Rd at Donna Rd
-78.64756885952957,35.79071103034203,-78.64622444191838,35.79170446894274,Glenwood Ave at Wills Forest St
-78.7034188976758,35.795005550712425,-78.70231310261207,35.795906449249685,Hillsborough St at NCSU Veterinary School (WB)
-78.83893313832192,35.86106901803197,-78.83769825982964,35.8624861814879,Carrington Mill Blvd at Paramount Pkwy (SB)
-78.90888449076976,36.01275550499249,-78.90777550949456,36.01365649497017,Gregson St at W Knox St
-78.69893244357523,35.852666928960794,-78.69771855207378,35.853827071033884,Glenwood Ave at Deblyn Ave
-78.57529220534414,35.84673309624828,-78.57418579496033,35.84763390371333,New Hope Rd at Tapers Dr
-78.70577482372559,35.81614803184235,-78.7040433766038,35.81777310499348,Blue Ridge Rd at Forest View Rd (NB)
-78.63679286043214,35.8533522045055,-78.63559904420997,35.85450309530137,E Millbrook Rd at Farley Dr
-78.54355402982407,35.96697961594664,-78.54244597048577,35.96788038401478,Retail Dr at Chick-Fil-A
-78.64414656097644,35.80444291193283,-78.64205283512152,35.805525088872265,Whitaker Mill Rd at Sunset Dr (EB)
-78.83553017131267,35.85877944897187,-78.83369652919906,35.85968885118203,Paramount Pkwy at Lenovo (EB)
-78.61969890458587,35.82962038027156,-78.61859269571282,35.83052121969024,Wake Forest Rd at St Albans Dr
-78.64096770743852,35.85537363964006,-78.63967529234327,35.8564057601881,E Millbrook Rd at Six Forks Rd
-78.6905560317346,35.784071686731686,-78.68887146828119,35.785277812373494,Western Boulevard & Clanton Street
-78.71437194749376,35.77270334558331,-78.71326645279252,35.773604254378846,Kaplan Dr at Swallow Dr
-78.61646501003496,35.856153209255964,-78.61532778596947,35.85768869063679,Falls of Neuse Rd at Fairfax Dr (NB)
-78.76429802045686,35.794928031706284,-78.76319217982338,35.795828968256025,NE Maynard Rd at Chapel Hill Rd
-78.81577532897393,35.9944615310277,-78.81466667130192,35.99536246893467,Freeman Rd at Mineral Springs Rd
-78.66624379066899,35.78165476156402,-78.6651382096234,35.782555638397945,Pullen Rd at Cates Ave
-78.89055421768569,36.025919405934445,-78.88919390575161,36.0287359443929,N Roxboro St at Maynard Ave (NB)
-78.83949369955565,35.94607732029377,-78.83838570071673,35.946978279668706,Angier Ave at Beldon Dr
-78.6302001746563,35.85112697650052,-78.62872132395297,35.852148722704634,E Millbrook Rd at Flint Ridge Pl
-78.8413045756869,36.02834952594238,-78.84019542458607,36.02925047402006,Walmart at Glenview Station Stop 2
-78.59444696057616,35.8103305871457,-78.59334103972553,35.81123141281601,Brentwood Rd at Skycrest Dr
-78.77758774503157,35.912877536482505,-78.77648025524826,35.91377846347979,Alexander Promenade at Walmart
-78.88728956303125,36.01135444311573,-78.88616644316373,36.013131556798015,Avondale Dr at E Knox St (SB)
-78.84981859440285,35.987733120360964,-78.84871000586867,35.98863407960153,Holloway St at Rochelle St
-78.68288859223532,35.7918471819873,-78.68163000526924,35.79275891806405,Hillsborough St at Furches St
-78.86879957770253,35.97372795459156,-78.86766012120813,35.9749022452719,Angier Ave at East End Ave (EB)
-78.68235061439931,35.89937786524172,-78.68124338589234,35.90027873472025,Brennan Dr at Creedmoor Rd (Towne North Shopping Center)
-78.68766277848084,35.77867955448824,-78.68655722180883,35.7795804454738,Gorman St at Marcom S
-78.88536640512882,35.958818207747115,-78.88425819513789,35.95971919221553,Alston Ave at Chenault Dr
-78.65433007793338,35.80839673042438,-78.65318582168254,35.80953326933587,St Mary's St at Fairview Rd
-78.60222039941623,35.815477184960805,-78.60111440088453,35.81637801500091,Capital Boulevard & Westinghouse Boulevard
-78.58247921512158,35.86043474666368,-78.58105258257144,35.8621189520557,Capital Boulevard & Oak Forest Drive
-78.89420086493101,35.99987037858473,-78.89291013324807,36.000806620771385,Dowd St at N Roxboro St (EB)
-78.86595260082774,35.999190026070536,-78.86447039964746,36.000307973652795,Hardee St at Landon St (NB)
-78.58089303194099,35.85023209464288,-78.57978656836285,35.85113290531874,Capital Boulevard & New Hope Road
-78.64786606292623,35.786098200089064,-78.64665063899741,35.78746089968466,Glenwood Avenue & Tucker Street
-78.56797134301227,35.86697860021625,-78.56686465729334,35.86787939974531,Fox Rd at Sterling Town Center Apartments
-78.54575493843213,35.95376261420919,-78.54464706187728,35.95466338575225,Forest Pines Dr at Green Elm Ln
-78.61671529790694,35.80544691081317,-78.61480684114017,35.80738781085875,Capital Boulevard & Crabtree Boulevard
-78.906049445164,36.006386505330376,-78.90494055510061,36.00728749463228,Duke St at Harper Pl
-78.91311442316211,35.959986399806766,-78.91200617710113,35.96088740015593,Cornwallis Rd at Jan Ct
-78.5773232628351,35.8548895961826,-78.57621673746921,35.855790403779004,Spring Forest Rd at Casa Del Ray Dr
-78.90620104506837,35.952442153710685,-78.9050430532666,35.95371564611188,Fayetteville St at Cook Rd (SB)
-78.65646824642435,35.80812328959011,-78.65474403163897,35.810471292773194,Oberlin Rd at Fairview Rd
-78.58261069931875,35.90191347118104,-78.58121660648195,35.903280228952895,Durant Rd at Deerland Grove Dr
-78.63316154640484,35.83486737626469,-78.63205525389225,35.835768223697144,St Albans St at Camelot Dr
-78.68294818594902,35.83772356042155,-78.68184181434188,35.83862443954046,Edwards Mill Rd at Crabtree Valley Ave
-78.59992970965553,35.81708768583843,-78.59882369064552,35.81798851412328,Capital Blvd at Highwoods Blvd
-78.6763740628681,35.79226121524329,-78.67510803692811,35.79327798461536,Dixie Trail at Clark Ave (SB)
-78.89319841936576,35.911736250683,-78.89178038058037,35.91264374926704,NC 55 at Meridian Pkwy (SB)
-78.6297860480388,35.80646417523432,-78.62868015225841,35.8073650247275,Whitaker Mill Rd at Pershing Rd
-78.67304008141681,35.787655893177195,-78.67001379966091,35.78925053116676,Hillsborough St at Brooks Ave (WB)
-78.87624741611438,36.0037585137882,-78.87513858415394,36.004659486174376,E Geer St at Fay St
-78.68833323972503,35.84516455926373,-78.68722676056528,35.84606544069831,Glenwood Ave at Moorehead Dr
-78.57612321691191,35.84834959609217,-78.57501678339247,35.84925040386943,New Hope Rd at Wallingford Dr
-78.93805388649818,35.91047828896017,-78.93694631376145,35.911379311002655,NC 54 at Fayetteville Rd (Homestead Market)
-78.86757540482593,36.00409352489373,-78.86630559463279,36.00511947501121,Hardee St at Cheek Rd (NB)
-78.83721581149734,35.947907421109484,-78.83610778877535,35.948808378853,US 70 at Miami Blvd
-78.89094502898774,35.99408653269939,-78.88986266962935,35.995021466999745,Holloway St at Elizabeth St (WB)
-78.61517320410795,35.844219582852226,-78.61406679619151,35.845120417109534,Falls of Neuse Rd at Pemberton Dr
-78.56899327663224,35.7997199948266,-78.5678875236725,35.800620805135004,Corporation Pkwy at New Bern Ave
-78.56536951233343,35.805086896443306,-78.5642636879718,35.805987703518284,New Hope Rd at Willow Oak R
-78.66906055546157,35.787103402018396,-78.66733728118557,35.7883623823913,Founders Dr at Lampe Dr (Patterson Hall)
-78.87929031640395,36.025646660092896,-78.87644963483467,36.02689955190139,Glenbrook Dr at Dubonnet Pl (SB)
-78.69250778039618,35.836385257276916,-78.69140141989352,35.83728614268514,Edwards Mill Rd at Glen Laurel Dr (Stough Elementary School)
-78.85707331376287,35.96306772875742,-78.85546558728758,35.96418297016703,Pleasant Dr at Angier Ave
-78.58441096557411,35.8490267149156,-78.58142562717072,35.85035118701859,E Millbrook Rd at Signett Dr
-78.89876651600284,35.9021178169099,-78.89765628268401,35.90323488303993,NC 54 at Residence Inn Blvd (WB)
-78.78742246623479,35.82911902718881,-78.78631613404293,35.830019972773556,Weston Parkway at Cotton Incorporated
-78.70332420098889,35.82146715654681,-78.70219779932928,35.82252884337196,Blue Ridge Rd at Ed Dr (SB)
-78.88853642151565,35.98527400412656,-78.88715648019777,35.98639459587603,Angier Ave at Alston Ave (EB)
-78.53034797482836,35.98851262204437,-78.52923962548337,35.98941337791699,Wake Forest Crossing Shopping Center
-78.70770323891104,35.79513872050923,-78.70653076459215,35.79661427941376,Blue Ridge Rd at Hillsborough St (NB)
-78.5907571270908,35.84130458003012,-78.5890883690258,35.84272261995183,Green Rd at Kilcullen Dr
-78.57642723315118,35.85066959616484,-78.57532076715322,35.85157040379677,Hollenden Dr at Pebble Beach Dr
-78.86613438882426,36.011586581574086,-78.86493361207096,36.01256641840994,E Geer St at Faucette Ave (EB)
-78.62608681489303,35.79923159186188,-78.62476789175463,35.80064270814198,Wake Forest Road & Brookside Drive
-78.90889543406094,36.004656504380065,-78.90778656620327,36.00555749558262,Gregson St at Trinity Ave
-78.89459645802734,35.97320000724332,-78.89335404430167,35.974252492748896,Alston Ave at Dayton St (SB)
-78.60026331638646,35.861249589042686,-78.59915668391506,35.862150410919014,Atlantic Ave at Spring Forest Rd
-78.6272203493039,35.8067950760971,-78.62611445099361,35.80769592386473,Whitaker Mill Rd at Hilton St
-78.65701196882826,35.782946605162536,-78.65574473028676,35.78398389477981,Hillsborough St at Park Ave (EB)
-78.90777219750315,35.96341910754015,-78.906540201042,35.9643528920509,Fayetteville St at Pilot St (NB)
-78.8924532971559,35.99987859070339,-78.89098870557501,36.00083140956274,Dowd St at Gurley St (WB)
-78.64831502780304,35.806093511146564,-78.64661197616493,35.80749848895688,Glenwood Ave at Mrytle Ave
-78.67176370325274,35.78315825990477,-78.670658097039,35.78405914005723,Cates Ave at Talley Student Center
-78.92855969528438,35.92327474430647,-78.92744000590538,35.92437535565329,Woodcroft Pkwy at Fayetteville Rd (EB)
-78.72276566481453,35.77473854309861,-78.7216601354707,35.775639456863544,Jones Franklin Road & Barringer Drive
-78.90519710244433,35.96607601084154,-78.90404519661995,35.96726608895807,Fayetteville St at Red Oak Ave (NB)
-78.85133609651186,35.987955619928485,-78.85022750375946,35.988856580034,Holloway St at S Woodcrest St
-78.56987794400082,35.823808496337755,-78.56877185630407,35.82470930362382,New Hope Rd at Butler Blvd
-78.88509950052487,35.985541191624286,-78.8839989982842,35.98652000801232,E Main St at Goley St (WB)
-78.62348864377202,35.8732773646505,-78.621888761386,35.87470653560304,Falls of Neuse Rd at Sandy Forks Rd
-78.66793983447582,35.831157964733436,-78.66683356581686,35.83205883522851,Glenwood Ave at Women's Club Dr
-78.92048285787806,35.92847323584248,-78.91934084237275,35.92956516381015,Fayetteville Rd at Cook Rd (SB)
-78.90531193148253,35.975882003248756,-78.90420346878187,35.97678299671391,Lawson St at BRITE Science Complex
-78.90758640904191,35.98685770341839,-78.90647779122229,35.9877586965443,Lakewood Ave at Blackwell St
-78.67963319869595,35.87762129229954,-78.67815109846772,35.87887500770074,Creedmoor Rd at Kendricks Ct
-78.68047835576077,35.891060965214855,-78.679371244531,35.89196183474711,Creedmoor Rd at Falcon Rest Cir
-78.87822065510028,36.037766515769945,-78.87711134516817,36.038667484192615,Dearborn Dr at Lakeview School
-78.5710830266762,35.82123959574181,-78.56997697362853,35.82214040421979,Marsh Creek Rd at New Hope Rd
-78.60972985221946,35.84964280219962,-78.60827944905253,35.85068679694245,E Millbrook Rd at Professional Ct
-78.79360949139537,35.87558552879502,-78.79250250888207,35.876486471167354,RDU Airport at Terminal 2 (Zone 17)
-78.66676987271903,35.82577047468078,-78.66525792650108,35.82683772467388,Glenwood Ave at Pasquatank Dr (SB)
-78.68660513469041,35.83013255868576,-78.68549886559994,35.83103344127624,Blue Ridge Rd at Noremac Dr
-78.93361010100826,35.909628392859396,-78.93209510157553,35.91086350716785,NC 54 at Fayetteville Rd (EB)
-78.69679410579678,35.82539555509119,-78.69568789449224,35.826296444870856,Blue Ridge Rd at Edgemont Dr
-78.87986584528028,35.96484790980448,-78.87875755498723,35.965748890158125,Briggs Ave at Community Gardens
-78.57973533766305,35.86551459617587,-78.5786286626411,35.866415403785744,Triangle Town Center Park-and-Ride (Dillard's)
-78.64885354541137,35.89136957540892,-78.6477464548844,35.892270424552926,Six Forks Rd at Featherstone Dr
-78.62308770534314,35.82197007520448,-78.62181538789076,35.82400822444591,Wake Forest Rd at Wake Towne Dr
-78.58773319860228,35.845029591976854,-78.58662680170062,35.845930407984824,Green Rd at Calvary Dr
-78.87977897752029,35.958267477940744,-78.87852162161008,35.95923422178361,Briggs Ave at Riddle Rd (SB)
-78.8969083416898,35.899799531763875,-78.89540635436794,35.90112556834635,NC 55 at Meredith Dr (SB)
-78.65803199562437,35.81170556646247,-78.65692600466936,35.81260643349946,Oberlin Rd at Ashland St
-78.65360720810247,35.79817941136291,-78.65239039120297,35.79908568863678,St Marys St at Williamson Dr (NB)
-78.84308412162028,35.99197502267734,-78.8419754786521,35.99287597728515,Ross Rd at Fernando St
-78.89063830362706,36.01821856021415,-78.88936769416057,36.01913243984117,N Roxboro St at Davidson Ave (SB)
-78.6465984339739,35.835536135518325,-78.64533246514364,35.83644766450383,Lassiter Mill Rd at Currituck Dr
-78.64255230330933,35.871070748110846,-78.64098819604007,35.8721632512019,Six Forks Rd at West Brook Dr
-78.58840694700815,35.84883459071167,-78.58640285685317,35.849877410169256,E Millbrook Rd at Green Rd (EB)
-78.84301950446407,35.935909624768506,-78.84160169420839,35.93684107533973,Miami Blvd at Methodist St
-78.87000478811171,35.99167326999506,-78.8688731116537,35.992728229808066,Gary St at N Miami Blvd (NB)
-78.83032435440985,35.99732952688152,-78.82921564586421,35.9982304730809,Freeman Rd at Clayton Rd (Southern HS)
-78.7710962333942,35.825269931893246,-78.7699899668855,35.82617086806908,North Harrison Avenue & Renaissance Park Place
-78.9112404051542,36.00040850338555,-78.9101315951097,36.00130949657712,Main St at Morgan St (EB)
-78.88961876184253,35.89805953855055,-78.88833673944396,35.899106561448136,S Alston Ave at Kestrel Heights School (NB)
-78.62139930578542,35.792353889050744,-78.61962229709832,35.793345111509886,Glascock St at State St
-78.88760515165664,35.96182394147666,-78.886489048127,35.96282445842897,Capps St at S Alston Ave (WB)
-78.57897450690929,35.817923092857576,-78.5778684933944,35.818823907104054,Marsh Creek Rd at Pinehurst Dr
-78.89554637750358,35.99725450767995,-78.89443762276224,35.99815549228269,N Roxboro St at Mallard Ave
-78.64745852508896,35.79233180041183,-78.6460601731575,35.79326739972838,Glenwood Ave at Washington St
-78.81102088389581,35.93100452768871,-78.80991311638002,35.9319054722737,Page Rd at US 70
-78.87090469689427,36.02872942960183,-78.86961530216402,36.02977957033156,Dearborn Dr at Wiley Ave
-78.90050863594412,35.991062605777714,-78.89939996432105,35.99196359418495,S Roxboro St at Dillard St
-78.56973934268825,35.866827399612966,-78.56863265761714,35.867728200348594,Old Wake Forest Rd at Triangle Town Center Blvd
-78.64204154385773,35.80515437114597,-78.64093565643793,35.80605522881593,Whitaker Mill Rd at McCarthy St
-78.89238145787289,36.008896509473665,-78.89127254239347,36.009797490488964,N Roxboro St at Markham Ave (south)
-78.89199239389497,35.97949610547538,-78.8908111023794,35.98104439433955,Alston Ave at Durham Freeway (SB)
-78.63857654666278,35.86131353990441,-78.63727725246393,35.862296759759424,Six Forks Rd at Sandy Forks Rd
-78.88429203630615,35.95646442935492,-78.88298546577113,35.95794887011607,Alston Ave at Riddle Rd (SB)
-78.90043570467603,35.950835519486276,-78.89919619564738,35.951828980460945,Riddle Rd at Triangle Day Care (NB)
-78.8940981243351,35.93596873548279,-78.89271107907805,35.93691646471191,Cornwallis Rd at Yorktown Ave (SB)
-78.68974024346274,35.845623558850384,-78.6886337568274,35.84652444111164,Glenwood Ave at Beta Center (south)
-78.89041687433829,36.02440575948581,-78.88918312239142,36.02596424016938,N Roxboro St at Hugo St
-78.7111767596517,35.774638546734955,-78.71007124063499,35.77553945322718,Kaplan Dr at Pineview Dr
-78.88857348391487,36.0358065111621,-78.8873285124228,36.03693848886397,Old Oxford Rd at Danube Ln (EB)
-78.59994854594312,35.90862989270465,-78.59884125435896,35.90953070725701,Falls of Neuse Road & Durant Road
-78.70628132346492,35.80892746254778,-78.7049046736785,35.81061453649521,Blue Ridge Rd at Reedy Creek Rd (SB)
-78.88140565815951,36.038039514860515,-78.88029634210854,36.03894048510208,Dearborn Dr at Disciples Church
-78.53593604298958,35.94719179374237,-78.53463685731964,35.948216806164424,S Main St at Aldi Food Market
-78.57112348708726,35.89701331978065,-78.56998891392425,35.89806947960113,Durant Rd at Leslieshire Dr
-78.5438769062797,35.87750970911653,-78.54277009402907,35.87841049084497,Perry Creek Rd at North Raleigh Christian Academy
-78.68945126585336,35.83611902101862,-78.68801423188211,35.83706727918901,Edwards Mill Rd at Parklake Ave (NB)
-78.7018370157772,35.82247586220584,-78.69980865924862,35.823837099086894,Blue Ridge Rd at Carovel Ct (NB)
-78.8678972765811,35.99503806719041,-78.86671202180152,35.99594783242467,Raynor St at Fidelity Dr (EB)
-78.64167399763656,35.856153575092826,-78.64056740265973,35.85705442486901,Six Forks Rd at W Millbrook Rd
-78.64206539025366,35.855068574884264,-78.64095881004255,35.85596942507756,Six Forks Rd at Millbrook Rd (OB)
-78.704221824951,35.7844604496674,-78.70311617533666,35.785361350294714,Western Boulevard & Blue Ridge Road
-78.50127409090645,35.978259631219366,-78.50016590940884,35.979160368741894,Allen Rd at Best St
-78.63674184990892,35.78737125679004,-78.6355623500492,35.78855894266787,N Blount St at E Peace St
-78.92093474917259,35.90598249350411,-78.91982725108916,35.90688350645867,NC 54 at Seasons of Southpoint (EB)
-78.62058091293316,35.801932077904866,-78.61947508736515,35.80283292205693,Capital Boulevard & Fenton Street
-78.89775668175388,35.895915372558676,-78.89634993111873,35.897931198125825,NC 55 at Allendown Dr (SB)
-78.87608039233831,36.00037051358222,-78.87497160793001,36.00127148638037,Miami Blvd at Robinhood Rd
-78.8520695027983,35.937719862621414,-78.85053419687891,35.93882033682669,Ellis Rd at Research Triangle Academy (EB)
-78.86904098229897,36.03374085136696,-78.86734801590926,36.03504514820256,Dearborn Dr at Maplewood Dr (north)
-78.64702686558134,35.794636823766446,-78.64566193417802,35.79716297835638,Glenwood Ave at Cole St (SB)
-78.54256413144809,35.98157961737895,-78.54145586886206,35.98248038258245,Wake Union Church Rd at Hampton Inn
-78.69146211919114,35.82762555695181,-78.6903558810986,35.82852644301023,Blue Ridge Rd at Glen Eden Dr (SB)
-78.78289023050401,35.910506834683396,-78.78178276977512,35.91140776527892,Arco Corporate Dr at Brier Creek Pkwy
-78.84598779539164,35.92307211451012,-78.84482650292362,35.92435548529929,TW Alexander Dr at Miami Blvd (WB)
-78.78706498295853,35.91780883395851,-78.78595741732019,35.918709766003815,TW Alexander Dr at Glenwood Ave
-78.91196926614097,35.9661959006029,-78.9108609341225,35.96709689935982,E Weaver St at Jesmond St
-78.84988854521168,35.952073417658994,-78.84878045505944,35.952974382303516,Angier Ave at Wrenn Rd
-78.64627897815386,35.78592670339863,-78.64499572162343,35.78683399657857,West St at Tucker St (R18)
-78.69406186453422,35.77630395227503,-78.69295633575462,35.77720484768705,Kaplan Dr at Kent Rd
-78.70425294686565,35.78762334989484,-78.70314725342206,35.78852425006726,Blue Ridge Rd at Crimson Cross Ct
-78.61809108768988,35.858443403630616,-78.61676281526157,35.860034495904685,Falls of Neuse Rd at Manassas Ct (NB)
-78.93694429930807,35.92165695220792,-78.93524490405103,35.92265584834933,Woodcroft Pkwy at Highgate Dr (WB)
-78.90186358985181,35.97487035483958,-78.90068201178494,35.97615194500742,Fayetteville St at Brant St (NCCU)
-78.68073247621108,35.893984365353255,-78.6796253240807,35.89488523460871,Creedmoor Rd at Morgans Way (NB)
-78.71317436059262,35.86117055259947,-78.71206763969472,35.86207144736263,Duraleigh Rd at Glenwood Ave
-78.9293231035345,35.92054467211444,-78.92788479742576,35.92146382800049,Fayetteville Rd at Geneva Dr (NB)
-78.67224623704773,35.78136326009498,-78.67075824904522,35.78280621671599,Morrill Dr at Cates Ave (NB)
-78.68032312421118,35.872162163845175,-78.67921627608038,35.87306303611681,Creedmoor Rd at Lynn Rd (SB)
-78.84359589670473,35.916781616872555,-78.84248830356687,35.917682583089956,Stirrup Creek Dr at Twin Creeks Ct
-78.64021881461646,35.78660407034644,-78.63911318567924,35.78750492961545,Salisbury St at Parking Deck
-78.66876800377585,35.78340416088439,-78.66766239651623,35.78430503907759,Dunn Ave at Jeter Dr (Coliseum Parking Deck)
-78.67930115166845,35.77633347593671,-78.67725574256443,35.777980776738424,Avent Ferry Rd at Centennial Pkwy
-78.679432443581,35.781273192812336,-78.67752049548271,35.78272577251809,Dan Allen Dr at Western Blvd (NB)
-78.68316175980559,35.77623585573972,-78.68205624048461,35.77713674422232,Varsity Dr at Varsity Research Bldg
-78.87940550622957,36.02243185319703,-78.87825748987132,36.023500146679105,E Club Blvd at Lindbergh St
-78.77245222127655,35.8181737397686,-78.77090697852186,35.819330859655366,North Harrison Avenue & Cary Parkway
-78.62972280826294,35.792599682799,-78.62700399883482,35.793649713285085,Glascock St at Clifton St
-78.82044828856664,35.84214979703567,-78.81914780562771,35.84348900308738,
-78.59345099594988,35.83541134158323,-78.59233320733149,35.8367802583616,Green Rd at New Hope Church Rd
-78.8407286749544,35.98542702288495,-78.83962012531822,35.98632797707751,Holloway St at Chandler Rd
-78.90531508327382,35.98328870380487,-78.90420651699066,35.98418969615782,Enterprise St at Scout Dr
-78.5839282183588,35.83369509239118,-78.5828219819444,35.83459590757046,Capital Boulevard & New Hope Church Road
-78.63929115899208,35.86737248749957,-78.63810773988729,35.86864561215831,Six Forks Rd at Woods Ream Dr
-78.72011463480098,35.78499554469996,-78.71900896548468,35.78589645526221,Western Boulevard & Hunt Club Lane
-78.65335742320904,35.79653982378464,-78.65212997693331,35.79752447606775,St Marys St at Wade Ave (NB)
-78.61266945195992,35.83869786355674,-78.61133554794128,35.839726336241064,Wake Forest Rd at Ronald Dr
-78.86523255137878,35.99112831512631,-78.86398885116762,35.992189884861666,Holloway St at Herbert St (EB)
-78.61987372779979,35.861751082626014,-78.61876707249928,35.86265191733575,Falls of Neuse Rd at Falls Church Rd
-78.8946533862833,35.9985545080366,-78.89354461398267,35.99945549192603,N Roxboro St at Gray St
-78.7792842424853,35.81171962836737,-78.77817815779325,35.81262057159497,North Harrison Avenue & Wyatts Pond Road
-78.84955121885494,35.91964771532172,-78.8484435814159,35.9205486846408,Miami Blvd at Stirrup Creek Dr (PBM Graphics)
-78.9006893662069,35.99537850605009,-78.89958063405827,35.99627949391258,Mangum St at Parrish St
-78.50961410198,35.97933962843566,-78.50850589833426,35.98024037152563,White St at Roosevelt Ave
-78.89982967191531,36.039061509585174,-78.89872032835041,36.039962490377455,N Roxboro St at Carver St
-78.84823257530252,35.97078191955608,-78.84712422496901,35.9716828804064,Ivey Wood Ln at Springwood Park Apts
-78.90193938177393,35.97044766345802,-78.90062281812763,35.971487536319735,Fayetteville St at Cecil St (NB)
-78.9165761477632,35.96214103224267,-78.91544005348705,35.963295067697324,Cornwallis Rd at Weaver St
-78.626188147415,35.83541557858217,-78.62508185288297,35.83631642137964,Hardimont Rd at Quail Hollow Dr
-78.78337096987866,35.83071267233494,-78.78223422932905,35.831859127513134,Weston Parkway & Winstead Drive
-78.91051580543616,35.90277827096762,-78.90881189619765,35.90372612935081,NC 54 at Revere Rd (EB)
-78.92826265202203,35.90815708349044,-78.92689044537273,35.909096516685004,NC 54 at Boulder Rd (EB)
-78.64564454287213,35.80385014674812,-78.64456176013078,35.804789152886976,Whitaker Mill Rd at Fairview Rd (EB)
-78.84849634308512,35.98683143168032,-78.84727355815716,35.98814096797866,Rummel St at Hwy 98
-78.57948286859956,35.89998456008565,-78.5772039346788,35.901573939237494,Durant Rd at Camp Durant Rd
-78.89979646359839,35.9807556052085,-78.89868793666676,35.98165659475416,Fayetteville St at Linwood Ave
-78.84469992962383,35.98605107318303,-78.84297997076348,35.98725862617883,Lynn Rd at Holloway St
-78.58752785777928,35.82475309052333,-78.58642174252343,35.82565390943832,Capital Blvd at Mayflower Dr
-78.88570417388559,35.97369309885424,-78.88401213771473,35.974934255756445,Lawson St at Bacon St (WB)
-78.90681550250967,35.97166100249775,-78.90570709775449,35.972561997464936,Otis St at Cecil St
-78.78685180461666,35.908075089881955,-78.78502319826225,35.90946890991964,Brier Creek Pkwy at Brier Leaf Ln
-78.69111325200709,35.846776558500224,-78.6900067482829,35.847677441461805,Glenwood Ave at Beta Center (north)
-78.93391740978939,35.91305435329656,-78.9324356912738,35.91411954586906,Fayetteville Rd at Southpoint Crossing Dr (SB)
-78.65049812937899,35.824062467519575,-78.64891096986611,35.82526713197043,Lassiter Mill Rd at Millstream Pl
-78.6770510465093,35.789104858657424,-78.67594535378178,35.7900057413046,Hillsborough St at Friendly Dr
-78.59196032905062,35.90462212235773,-78.58991827247404,35.90601357684524,Durant Road & Raven Ridge Road
-78.8714950538229,35.97751509684627,-78.86989294770652,35.97873690294408,Angier Ave at Hoover Rd (EB)
-78.63583677256811,35.79522367241845,-78.63473102772822,35.796124527543384,Poplar St at N Blount St
-78.66210542628505,35.79040043872497,-78.66027698032575,35.7914640712056,Cameron St at Daniels St (WB)
-78.79171703989813,35.82837323924647,-78.78994885821221,35.829459359273784,Weston Parkway & Norwell Boulevard
-78.64019361378385,35.8585622757546,-78.63908698651262,35.859463124207224,Six Forks Rd at Loft Ln
-78.90879435897783,35.99535509338781,-78.9039139846854,35.99874288154841,Main St at Great Jones St (Amtrak Station)
-78.90822185850212,35.99389520376461,-78.9071131417621,35.99479619619807,Willard St at Yancey St (Ramada Inn)
-78.91558429950219,35.97078679990942,-78.91447590076085,35.97168780005329,S Roxboro St at Summit St
-78.6883843641742,35.77657195410039,-78.68727883611535,35.77747284586165,Gorman St at Burt Dr
-78.54529386311651,35.94299961355629,-78.54418613719284,35.94390038640516,Forest Pines Dr at Kroger
-78.84578162289517,35.992016421879654,-78.8446729773769,35.99291737808282,Ross Rd at Charlestowne Apts
-78.63475093476103,35.789828172367315,-78.63364526553536,35.79072902759453,Person Street & Franklin Street
-78.64906651010097,35.82833004030064,-78.64793679222105,35.82959315965292,Lassiter Mill Rd at Marlowe Rd
-78.8711416799271,35.99376990040506,-78.86904722731293,35.99473330844944,Raynor St at The Village (EB)
-78.64453037889179,35.87322034238726,-78.64286782222135,35.87444525724992,Six Forks Rd at Chesterbrook Ct
-78.81807330318856,35.99065453005051,-78.81696469708699,35.99155546991188,Mineral Springs Rd at Destrier Dr
-78.58669962444222,35.90343220874097,-78.58453937759168,35.90440579183991,Durant Rd at Deponie Dr
-78.71640086948504,35.79021054625822,-78.71529513080115,35.79111145370392,Hillsborough St at Powell Dr
-78.86994961685862,36.03273751781311,-78.86884038341081,36.03363848214943,Dearborn Dr at Maplewood Dr (south)
-78.62732299242792,35.813009576529836,-78.62621700786966,35.81391042343198,Wake Forest Rd at McNeil St
-78.61801167024399,35.83233755214139,-78.61658122909633,35.83325904789247,Wake Forest Rd at Dresser Ct
-78.91198154211158,35.95980933406689,-78.90970708477533,35.96081274092868,Fayetteville St at Cornwallis Rd (NB)
-78.70462181079509,35.78239354938589,-78.70351618949252,35.783294450576214,Schaub Dr at Sandlin Pl
-78.86641723038287,35.992015215786736,-78.86530856988658,35.9929161841758,Hardee St at Holloway St
-78.88176538587386,35.98234837815861,-78.87927327663867,35.98385562957179,Angier Ave at Vine St (WB)
-78.58125182094992,35.84862859440302,-78.58014537935384,35.849529405558634,Capital Boulevard & Millbrook Road
-78.89141363345091,36.03135843150483,-78.8901943675989,36.03231256816723,N Roxboro St at Channing Ave (NB)
-78.8302544537594,35.982945625820655,-78.82914594651452,35.98384657414177,Holloway St at Durham Ridge Assisted Living
-78.86395257698231,35.97020541487123,-78.86284422328723,35.97110638509129,Angier Ave at Commonwealth St
-78.61514673156529,35.8508791734578,-78.61378196587607,35.852523125584526,Falls of Neuse Rd at E Millbrook Rd (SB)
-78.89161318544174,36.01236955096306,-78.89034171504628,36.01327524905334,N Roxboro St at Knox St (SB)
-78.67979496324583,35.88218770599626,-78.6784741335355,35.88384959332414,Creedmoor Rd at Sawmill Rd (SB)
-78.89294840874238,35.97772293462493,-78.89167359343676,35.978794065393586,S Alston Ave at Massey Ave (SB)
-78.67602216786149,35.83550956246876,-78.67491583243027,35.83641043749321,Blue Ridge Rd at Crabtree Valley Ave
-78.64369070944517,35.84128038596842,-78.6425665977556,35.84320761393918,Six Forks Rd at Rowan St
-78.92824216392226,35.922077992624914,-78.9271344363387,35.922979007337865,Fayetteville Rd at Woodcroft Pkwy (SB)
-78.93238291521985,35.92165708876041,-78.93091647912547,35.92307761148144,Woodcroft Pkwy at Homeplace II
-78.87427249883321,35.99326183903937,-78.87308550357173,35.99427086087951,Holloway St at Bunn Terrace
-78.8635095170621,35.87558350789064,-78.86240248320655,35.87648449207196,Davis Dr at Hopson Rd (Verisk Health)
-78.69315304835433,35.77401735239219,-78.69204755193459,35.77491824756987,Kent Rd at Trexler Ct
-78.88651223461099,35.986048210665444,-78.88535456379972,35.98701328929958,E Main St at Blacknall St
-78.7644236008626,35.78964889661281,-78.76309230132345,35.790761303428724,Southeast Maynard Road & East Chatham Street
-78.67481520826256,35.84424495654161,-78.67319958359705,35.845957043921764,Lead Mine Rd at Sugar Bush Rd
-78.91557162821879,35.96058599914604,-78.91446337204418,35.96148700081668,Cornwallis Rd at Beechwood Ave
-78.86512176642808,35.99675277225155,-78.86387582933921,35.99792382777855,Hardee St at Delano St (SB)
-78.82829724567264,35.86678616523446,-78.82712805469158,35.867952334494,Slater Rd at Carrington Mill Blvd (WB)
-78.89362565478622,35.97594037215987,-78.89233274496294,35.97684802782016,S Alston Ave at Dupree St (NB)
-78.63329856637053,35.79175589104517,-78.6320197350754,35.792669808996926,Wake Forest Road & Sasser Street
-78.68681560592867,35.77946127935214,-78.68516700129075,35.781073521046935,Varsity Parking Lot (1st shelter)
-78.90386363950346,35.9820919482896,-78.902685263149,35.982979451551664,S Roxboro St at Umstead St (NB)
-78.68688818941457,35.838000559186135,-78.68578181087582,35.838901440775864,Edwards Mill Rd at Arckelton Dr
-78.60681650559185,35.84960202955229,-78.60508029899567,35.85064237120375,Millbrook Rd at Old Wake Forest Rd
-78.8963277251189,36.046824511183125,-78.89521827514736,36.04772548877949,Ben Franklin Blvd at Medical Park Dr (WB)
-78.68222122321387,35.8431315610595,-78.68111477707717,35.8440324389025,Glenwood Ave at Creedmoor Rd
-78.54729898585182,35.96046161419094,-78.54619101445746,35.961362385770485,Forest Pines Dr at Beestone Ln
-78.89089060387393,36.038011929742844,-78.88948839700822,36.039053069637944,Meriwether Dr at Oxford Ct
-78.70814709424286,35.823094551326236,-78.70704090604471,35.82399544863586,Edwards Mill Rd at Duraleigh Rd
-78.68454091773401,35.7989625570047,-78.68343508255626,35.799863442957346,Faircloth St at Meredith College
-78.70655309081529,35.822689551799144,-78.70544690947247,35.82359044816296,Duraleigh Rd at Edwards Mill Rd (NB)
-78.65182359080211,35.78817555829756,-78.65051924641695,35.789512889359315,Peace St at St Marys St (WB)
-78.64808002640584,35.85570701387979,-78.645141078594,35.85684338772785,W Millbrook Rd at Snelling Rd
-78.61370213651192,35.83694592189128,-78.61240706584034,35.83803947814261,Wake Forest Rd at New Hope Church Rd (NB)
-78.70375130320126,35.85343755499268,-78.7026446970872,35.8543384449694,St Giles St at Oak Park Rd
-78.89518442073627,36.00344950825085,-78.89407557952968,36.004350491711776,Mangum St at Geer St
-78.71824993310088,35.870707305349384,-78.71659807026911,35.87170039516977,Grove Barton Rd at Lynn Rd
-78.82458996018579,35.94122052437856,-78.82348204008845,35.942121475583875,US 70 at Angier Ave
-78.59745618159685,35.8180679996313,-78.59495456668999,35.81916047995653,Capital Boulevard & Brentwood Road
-78.77685766722045,35.81384527907485,-78.77542593421114,35.81477312108033,North Harrison Avenue & Homestead Drive
-78.69021894816812,35.78860005441884,-78.68911325212133,35.789500945543224,Ligon St at King Village
-78.61334435262052,35.7936476796583,-78.61223864767861,35.794548520303465,Raleigh Blvd at Cantwell Ct
-78.69274095828852,35.775475952632554,-78.69163544200046,35.776376847329544,Kaplan Dr at Hunters Club Dr
-78.88702744127336,36.019414896238494,-78.8858145611169,36.02044510371786,Club Blvd at Cascadilla St
-78.67511893060036,35.8412194449099,-78.67370567376523,35.84249565523156,Lead Mine Rd at Philcrest Rd
-78.66457557651917,35.788778738432796,-78.6623726322635,35.79041048550393,Oberlin Rd at Clark Ave
-78.81927427995369,35.98726952943517,-78.81816572032166,35.98817047052725,Mineral Springs Rd at Sapphire St
-78.68143949971343,35.80060830866288,-78.68022850343387,35.80150469121582,Wade Ave at Dogwood Ln
-78.89482218327944,35.97442405031164,-78.89313442135695,35.97586164987131,Alston Ave at Lawson St (SB)
-78.71281009423825,35.76978668038515,-78.71103591130584,35.771328619879206,Athers Dr at Athena Woods Ln
-78.84127249681617,35.873834514336515,-78.84016550345528,35.874735485626005,Emperor Blvd at LC Industries
-78.9042347411655,35.94869550151547,-78.90312665909876,35.94959649844721,Fayetteville St at Riddle Rd (NB)
-78.8925512062666,35.98889562015148,-78.89058180989146,35.99010702157682,E Main St at Angier Ave
-78.65251285123597,35.79118556670514,-78.65140714905823,35.7920864332568,St Marys St at Clay St (NB)
-78.88492503311625,35.97715550925448,-78.88381656715075,35.978056490708134,Sima Ave at Bacon St
-78.77080387508278,35.83129313243511,-78.76969752519705,35.83219406752721,Harrison Oaks Boulevard at Embassy Suites
-78.64484766102825,35.84547586395133,-78.64353224166676,35.84640113612641,Six Forks Rd at Capital Towers
-78.68343881436375,35.84178836057011,-78.68233238592714,35.84268923939189,Creedmoor Rd at Glenwood Ave
-78.7271279674507,35.80375354390857,-78.7260220328343,35.80465445605359,Edwards Mill Rd at Wade Park Blvd (SB)
-78.88427860511018,35.964773014458466,-78.88304399630773,35.965681085539664,Capps St at Bacon St (WB)
-78.59796743155582,35.83477248781438,-78.59686116874566,35.835673312147314,New Hope Church Rd at Brentwood Rd (EB)
-78.85041888324749,35.91449411467754,-78.84931131702322,35.91539508528499,Miami Blvd at General Electric Dr (GE Aviation)
-78.85003895178033,35.86689921121458,-78.84893204848994,35.867800188747964,NC 54 at Shiloh Glenn Dr (Walmart)
-78.65635433507079,35.85594945591239,-78.65483176348643,35.85698294319961,W Millbrook Rd at North Hills Dr
-78.89817635616315,35.99407100667873,-78.89706764410234,35.99497199328391,N Roxboro St at Liberty St
-78.5039741262336,35.983149630658396,-78.50286587408141,35.98405036930287,Juniper Ave at Taylor St
-78.89075166642644,36.016120487737766,-78.88936583337728,36.01703021223461,N Roxboro St at Higbee St
-78.64746991395994,35.88692977552363,-78.64636288633592,35.88783062443822,Six Forks Rd at Farrington Dr
-78.89511619947852,35.97182250589199,-78.8940078007871,35.97272349407068,Alston Ave at Cecil St (NCCU)
-78.58004510049301,35.83134959350822,-78.5789388998107,35.83225040645341,Buffaloe Rd at Bison Hill Ln
-78.60329312974012,35.834199586011636,-78.6021868705607,35.8351004139501,New Hope Church Rd at Atlantic Ave (WB)
-78.89593457734053,35.93773632375145,-78.89456672166118,35.93874087576234,Cornwallis Rd at Spring Ridge Apt
-78.90722323764506,35.97666650275662,-78.90611476261911,35.97756749720607,S Roxboro St at Lawson St (NB)
-78.65787884816778,35.790435564916045,-78.65677315212575,35.79133643504588,Bellwood Dr at Cameron St
-78.68827613027781,35.82940255809879,-78.68716987001233,35.83030344186323,Blue Ridge Rd at Arbor Dr
-78.61795513036394,35.8622311832912,-78.61684846993535,35.863132016670576,Falls Church Rd at Nottoway Ct
-78.91509444760845,35.96338549949353,-78.91398615265459,35.96428650046918,Weaver St at Weaver St Park
-78.69902555772454,35.832753254935966,-78.69791924256428,35.8336541450261,Edwards Mill Rd at Glen Eden Dr (SB)
-78.68098924947795,35.84698286174196,-78.67988275081329,35.84788373822003,Creedmoor Rd at Isabella Cannon Dr
-78.63372298840466,35.812059574370146,-78.63261701189214,35.812960425591726,Noble Rd at Wayne Dr
-78.90401098154433,35.98310760416757,-78.9029024187203,35.9840085957951,Enterprise St at S Roxboro St (EB)
-78.63812200680657,35.864059836063106,-78.63682999606671,35.86498016397544,Six Forks Rd at Lynn Rd (SB)
-78.83449544147373,35.86359350064444,-78.83338255714308,35.8647314992991,3020 Carrington Mill Blvd (SciQuest)
-78.83804318363586,35.87555183416442,-78.83674081545945,35.87646696586964,Slater Rd at GoTriangle Admin Office
-78.61320337230089,35.86853958532513,-78.6120966279991,35.86944041463659,Spring Forest Rd at Andsley Dr
-78.62063672618189,35.803840578029764,-78.61953087411645,35.80474142193204,Capital Boulevard & Tillery Place
-78.7092008441425,35.80138814936483,-78.70809495614472,35.80228905059726,Westchase Blvd at Blue Ridge Rd
-78.91268581510805,35.973166000921,-78.9115773851554,35.97406699904171,S Roxboro St at Normandy St
-78.92394703482924,35.9467904957093,-78.92283896543255,35.94769150425345,Martin Luther King Jr Pkwy at Cook Rd (EB)
-78.64925597035348,35.808562569062495,-78.64815002994132,35.80946343089942,Glenwood Ave at The Circle
-78.8935426728231,35.990058851176194,-78.89231712645305,35.99105984878116,E Main St at Elizabeth St
-78.58569289808847,35.801829589413266,-78.58458710221419,35.802730410548406,Lake Woodard Dr at Billingham Ct
-78.82252332388892,35.861346583494154,-78.82140567420122,35.86256741643831,Copley Pkwy at Morrisville Outlet Mall (EB)
-78.84262739214503,35.87309181387804,-78.84152040812621,35.873992786084486,Emperor Blvd at Yorkshire Place
-78.62575671521326,35.85112114681473,-78.62402148956411,35.85216755396375,E Millbrook Rd at Tall Pines Ct
-78.61771937441459,35.8685815838453,-78.61661262588481,35.86948241611645,Spring Forest Rd at New Market Way (EB)
-78.70722039831233,35.80532712222155,-78.70569359489815,35.80687787811828,Blue Ridge Rd at District Dr (SB)
-78.76625909593213,35.791280930829075,-78.76515330434785,35.79218186913325,
-78.65132859827258,35.7846908018195,-78.65012359987261,35.78570999817895,St Marys St at North St (Wiley School)
-78.68906678987946,35.79381868248361,-78.68796230707466,35.794795417345235,Hillsborough St at Meredith College (WB)
-78.87884496310122,35.99392720078611,-78.87762333786786,35.99492379920207,Holloway St at Driver St (EB)
-78.88949596835246,35.8959794018228,-78.88838863191313,35.896880398139864,S Alston Ave at Triangle Dr
-78.64245282454748,35.78790956971869,-78.64134717574797,35.78881043024319,Peace St at Capital Blvd
-78.84037587813484,35.85165731116191,-78.83895702433917,35.852835088893244,Watkins Road at Wake Tech RTP Campus
-78.63827810856289,35.7858416709202,-78.63717249173303,35.78674252904167,Wilmington Street & Polk Street
-78.82518549237277,35.9183368467564,-78.82310400544208,35.919346753658886,TW Alexander at Roche Dr (LabCorp)
-78.90477626595205,35.98083910377609,-78.90366773431246,35.98174009618657,S Roxboro St at Lodge St (Hillside Park)
-78.68413550124762,35.78216745587401,-78.68302989904252,35.783068344088,Varsity Dr at McKimmon Center (East side)
-78.90946456390016,35.9616551206606,-78.90806593777276,35.9626563784425,Fayetteville St at Homeland Ave (SB)
-78.88722483031455,35.99991924730693,-78.88531299688559,36.001257486642665,Dowd St at Alston Ave (EB)
-78.69853964614214,35.81505208896819,-78.69709935647283,35.815999911269046,Lake Boone Tr at Landmark Dr
-78.6944498002828,35.78144635253758,-78.69334420000605,35.782347247424504,Kent Rd at Perserverance Ct
-78.61541032152935,35.84801461826759,-78.61418418202771,35.84955828158257,Falls of Neuse Rd at Cedarhurst Dr (SB)
-78.54384409451244,35.97621961654303,-78.5427359057975,35.977120383418395,Retail Dr at Durham Rd (NC 98)
-78.88980623099168,35.92770499774202,-78.88840606775084,35.92870830163419,NC 55 at Odyssey Dr (NB)
-78.68538935899537,35.80904820791706,-78.68430263966101,35.81000479171906,Ridge Rd at Lewis Farm Rd
-78.66715170986072,35.82765566472375,-78.66604549043203,35.828556535238214,Glenwood Ave at Tolar Pl
-78.67946333591058,35.789793655670444,-78.67835316755094,35.790789144004044,Hillsborough St at Shepherd St
-78.82602624517499,35.98194052700976,-78.82491775509946,35.98284147295266,NC 98 at Little Wonders
-78.56577993701548,35.80862349657104,-78.56467406328974,35.80952430339056,New Hope Rd at Charny Dr
-78.68054776966048,35.83551276102199,-78.6794414306307,35.83641363894002,Homewood Banks Dr at Homewood Suites
-78.70719014406029,35.785432700763124,-78.70599316020228,35.78655789907297,Western Boulevard & Deboy Street
-78.58112789010507,35.80094659086627,-78.58002211019814,35.8018474090954,Bastion Ln at Lake Woodard Dr
-78.71572914835963,35.77275274515991,-78.71462365192647,35.77365365480223,Athens Dr at Kaplan Dr
-78.78178926784254,35.809130608284015,-78.78050913097125,35.810547390901334,North Harrison Avenue & Dynasty Drive
-78.85395432672826,35.992138719468784,-78.85284567354276,35.993039680493716,Ross Rd at Melbourne St
-78.89290444253614,36.00667950915509,-78.89179555773012,36.00758049080751,N Roxboro St at Lynch St
-78.85304181792084,35.98837818627364,-78.85192878109207,35.989383613372084,Holloway St at Adams St (EB)
-78.5944529283387,35.80567958679478,-78.59334707196292,35.80658041316693,Lake Woodard Dr at Timberlake Apts
-78.89485851751108,35.96122936718168,-78.8936551878909,35.96297143271827,NC 55 at Gaston Ave
-78.91938428512017,35.94176670418442,-78.91824471642519,35.9429592957549,Martin Luther King Jr Pkwy at Lake Camp Rd
-78.82589534804922,35.99665352815544,-78.82478665222538,35.99755447180698,Freeman Rd at Obsidian Way (Southern HS)
-78.88487965935018,36.03803151384712,-78.88377034091742,36.03893248611546,Dearborn Dr at Old Oxford Rd
-78.65193065211531,35.81150364986092,-78.6501917523847,35.812463575326305,St Mary's St at Wake Dr
-78.5116966416709,35.970584627063744,-78.510588558643,35.97148537289756,Holding Ave at Brooks St (WB)
-78.85008748047292,35.88104761071573,-78.84804651852991,35.882281387677196,Slater Rd at S Miami Blvd (Zaxby's)
-78.71016214541369,35.79223494205164,-78.70852573380323,35.79390394646195,NC State Fairgrounds Gate 1
-78.68151682387041,35.86232036904559,-78.68010737693582,35.863420230828446,Creedmoor Rd at Magellan Way (SB)
-78.83296896591133,35.94159952190154,-78.83186103436184,35.94250047806093,Angier Ave at Wood Chapel Ln (WB)
-78.68059233762634,35.845298861742315,-78.67948586266495,35.846199738219674,Creedmoor Rd at Marriott Dr
-78.6134831912046,35.84245958327535,-78.61237680909505,35.84336041668639,Falls of Neuse Rd at Pacific Dr
-78.93440219267427,35.91154759007848,-78.93329460758585,35.91244860988434,Fayetteville Rd at Crooked Creek Pkwy
-78.76418940695713,35.79298533159397,-78.76308359332313,35.79388626836835,NE Maynard Rd at E Chatham St (SB)
-78.86509537420848,35.99834651665148,-78.86398662606122,35.99924748331108,Hardee St at Fiske St
-78.56303334105515,35.866989601872575,-78.56192665925109,35.86789039808896,Fox Rd at Bivens Dr
-78.68492087375779,35.79259355640573,-78.6838151265324,35.79349444355633,Gorman St at Hillsborough St
-78.62838075835812,35.85126547905542,-78.62727424193974,35.8521663209064,
-78.89290844296133,35.974094807072085,-78.89035785186051,35.975516212888074,Lawson St at Rosewood St (Eastbound)
-78.8401498965744,35.94202660324432,-78.83846230531529,35.943304596519106,Ellis Rd at Miami Blvd (WB)
-78.61421824362358,35.84996458359714,-78.61311175667603,35.85086541636459,E Millbrook Rd at Cedarhurst Rd (EB)
-78.89036545490055,36.047287719017945,-78.88846654007709,36.048384281911694,Ben Franklin Blvd at Danube Ln (WB)
-78.89408244915329,36.007564508879916,-78.89297355111286,36.0084654910827,Mangum St at Markham Ave
-78.89093459854594,36.02904951141,-78.8898254017208,36.02995048855261,N Roxboro St at Murray Ave
-78.9059924648337,36.00919850555836,-78.90488353543095,36.01009949440432,Duke St at Markham Ave
-78.734274927261,35.79755854121009,-78.73316907302303,35.79845945875212,Nowell Rd at Trinity Commons Ln
-78.64750713697427,35.789413468192215,-78.64640146332053,35.79031433176967,Glenwood Ave at Devereux St
-78.5542920555316,35.870860670488156,-78.55292894399315,35.87194132928909,Fox Rd at Fox Haven Pl
-78.77269656354619,35.82952813172178,-78.77159023673337,35.830429068240534,Harrison Oaks Boulevard & Weston Parkway
-78.60992733983224,35.79200058065867,-78.60882166046729,35.79290141930309,N King Charles Rd at Glascock St
-78.91008925498659,35.99647617074667,-78.90850774907378,35.99747582975956,Chapel Hill St at Duke St (Durham Police Dept)
-78.56097776759628,35.86814974998359,-78.5593012344682,35.86923224840082,Fox Rd at Town Dr
-78.65431452919648,35.802334966959336,-78.65320867109759,35.803235833002596,St Mary's St at Craig St
-78.62397544559983,35.8208704782143,-78.62286935469827,35.82177132174749,Wake Forest Rd at Six Forks (SB 1)
-78.6859451940513,35.83872155954074,-78.6848388062392,35.83962244042129,Edwards Mill Rd at Sunrise Senior Center
-78.88721217751944,35.89105725306742,-78.88609852198626,35.892057946778316,S Alston Ave at Capitola Dr (NB)
-78.70441389516613,35.79458755036642,-78.70330810512164,35.79548844959569,Hillsborough St at NCSU Veterinary School (EB)
-78.79705778687254,35.91783453092185,-78.7959502134049,35.918735469040506,TW Alexander Dr at Fun Park Dr
-78.67861678277708,35.83751136178907,-78.67751041751434,35.83841223817293,Crabtree Valley Mall
-78.62096324297787,35.827118053279676,-78.61954315730546,35.828020546763454,Wake Forest Rd at Navaho Dr
-78.60860460872452,35.80202158184592,-78.6074987915753,35.80292241811583,Barksdale Dr at Raleigh Blvd
-78.82352724021928,35.98136352771499,-78.82241876005548,35.982264472247415,Holloway St at Mineral Springs Rd
-78.63226300064781,35.813909574984855,-78.63115699964916,35.81481042497697,Noble Rd at McNeil St
-78.86736631949164,36.00099850869914,-78.86623308091723,36.00207909120757,Hardee St at Mimosa St (NB)
-78.59691559759283,35.84744751649208,-78.59426256004699,35.84862610387091,E Millbrook Rd at Departure Dr
-78.88118068124281,35.97382209776998,-78.880061318665,35.97483650213848,Lawson St at DTCC Public Safety (EB)
-78.87293301377488,35.98811730759894,-78.871640886726,35.98914519233153,Taylor St at Gary St (EB)
-78.69012870931456,35.81489480984242,-78.68878549245329,35.8158715893201,Lake Boone Tr at Horton St
-78.89538488847808,35.970234905694724,-78.89427651178752,35.97113589426794,NC 55 at Alston Ave (NCCU)
-78.45277103616412,35.916070543398035,-78.4516637641565,35.91697125656309,New Bethel Park & Ride
-78.6142628443456,35.79239957926285,-78.61315715595337,35.793300420698934,Glascock St at Raleigh Blvd
-78.64709893323156,35.83320394229398,-78.64596706979647,35.834192357468865,Lassiter Mill Rd at Ramblewood Dr
-78.61981331970281,35.86058958255862,-78.61870668059623,35.861490417403154,Falls of Neuse Rd at North Bend Dr
-78.73033392938504,35.769198640313405,-78.7292284708992,35.77009955964881,Dana Dr At Jefferies Rd
-78.61922315500665,35.8369125809748,-78.61811684529219,35.837813418986975,Hardimont Rd at Colby Dr
-78.69353839047433,35.848805272150315,-78.69175041069488,35.84973872812693,Glenwood Ave at Bluestone Dr
-78.70493707667505,35.820741552163554,-78.70383092361293,35.82164244779854,Blue Ridge Rd at Duraleigh Rd
-78.91225441069979,36.00114950314968,-78.91114558956396,36.00205049681301,Main St at Morgan St (WB)
-78.68968252494552,35.7738877793681,-78.68826967544342,35.77495832012821,Gorman St at Conifer Dr (Parkwood Village Apts);Gorman St at Conifer Dr
-78.61570427158307,35.85390298340468,-78.61459772871642,35.854803816557045,Falls of Neuse Rd at Fireside Dr
-78.9080950839828,35.98324910300043,-78.90698651628132,35.984150096962274,W Enterprise St at Fargo St
-78.86557887205844,35.94077861218072,-78.8644709282106,35.941679587781856,
-78.66858139005487,35.781432960796444,-78.66747581023722,35.78233383916554,Cates Ave at Jensen Dr (EB)
-78.61090763178292,35.83518143460808,-78.60932046820454,35.836316864856144,New Hope Church Rd at Wake Forest Rd (Walmart)
-78.52624457817633,35.98923702349548,-78.52513622213594,35.990137776465865,Stadium Dr at Glencoe Dr
-78.89249748998166,35.95585276914866,-78.89136221445824,35.95740033078472,NC 55 at Riddle Rd (SB)
-78.64485628360457,35.84788523773556,-78.64360141529095,35.848796162291166,Six Forks Rd at Cranbrook Rd
-78.70874164594231,35.797052585724636,-78.70702570816657,35.79876571970193,Blue Ridge Rd at Trinity Rd (NB)
-78.71689043970629,35.78588344577965,-78.71578476057982,35.78678435418251,Western Boulevard & Carolina Avenue
-78.71601703697092,35.814398548193864,-78.71491096331557,35.81529945176828,Edwards Mill Rd at Reedy Creek Rd (SB)
-78.6353194762612,35.81021597371171,-78.63421352403535,35.811116826250135,Noble Rd at North of Pine Dr
-78.62813160663096,35.88844619726869,-78.62679659401199,35.88935540278297,Falls of Neuse Rd at Weathergreen Dr
-78.60464312862129,35.83395958554816,-78.60353687167937,35.834860414413576,New Hope Church Rd at Atlantic Ave (EB)
-78.8380209911792,35.94495452064773,-78.83691300909335,35.94585547931475,Angier Ave at Miami Blvd
-78.72786492427613,35.797482543207394,-78.7267590760087,35.798383456754785,Edwards Mill Rd at Kingdom Way
-78.9055542100202,35.972799502947076,-78.90444579024415,35.97370049701562,Otis St at Nelson St
-78.56598859600405,35.80269389605624,-78.56488280430109,35.80359470390535,Corporation Pkwy at New Hope Rd
-78.9064107458676,35.94202704925161,-78.90502175625586,35.94296055090566,Fayetteville Rd at MLK Pkwy (SB)
-78.67588837498812,35.78884560809,-78.67477202484044,35.78987459181325,Dixie Trail at Hillsborough St
-78.6944441666698,35.78871132908224,-78.69290403378427,35.78985337056442,Method Rd at Ligon St
-78.89249736703151,35.99250181435612,-78.8912514331861,35.99349588557647,Liberty St at Elizabeth St (WB)
-78.66080105896447,35.79639324202171,-78.65964193641867,35.79804075783444,Oberlin Rd at Mayview Rd
-78.89831030719216,35.99276625645003,-78.89681279606799,35.99373374388814,E Main St at Roxboro St (EB)
-78.57195433164308,35.86510759874288,-78.57084766866201,35.866008401218686,Triangle Town Center Blvd at Middle Poyner Dr
-78.90902766815002,35.93930923516783,-78.90712433002498,35.9402933651419,Martin Luther King Jr Pkwy at Fayetteville Rd (WB)
-78.61296136252496,35.81016551171852,-78.61162913942593,35.81126828831482,Capital Boulevard & Hodges Street
-78.90070583319378,35.978408416701576,-78.89950736729101,35.97937928327332,Fayetteville St at Dunstan St
-78.56817395325872,35.81082459593404,-78.56706804704623,35.81172540402757,Skycrest Dr at Charny Dr
-78.89607561715125,35.967166042868264,-78.8947427843443,35.96808605721699,NC 55 at Dakota St (SB)
-78.50459408112731,35.97665962995752,-78.50348591918755,35.97756037000376,Wait Ave at Highgate Dr
-78.64786069843935,35.78382836765875,-78.64675510185535,35.784729232303164,Glenwood Avenue & Lane Street
-78.63438121878357,35.85138039525852,-78.6328055836776,35.85263850472268,E Millbrook Rd at Edgewood Dr
-78.88299483216187,36.02109906193272,-78.8816023704868,36.02203873824567,E Club Blvd at Stephenson St
-78.84431095824122,35.98285002162676,-78.84320244203093,35.983750978335706,Wedgedale Ave at Manson Pl
-78.89053845634278,36.04142269841205,-78.88925854412449,36.04232830160607,Meriwether Dr at Pickwick Trail (SB)
-78.90051799421538,35.998554704056545,-78.89934200782882,35.99986529582852,Rigsbee Ave at Seminary St
-78.71352334947497,35.85955155236802,-78.71241665081233,35.860452447594106,Duraleigh Rd at Pleasant Valley Rd
-78.62771278590232,35.88415584894256,-78.62628421430858,35.88523855080024,Falls of Neuse Rd at Ravenscroft Dr (NB)
-78.84203006675807,35.95556942025308,-78.8409219335141,35.95647037970942,US 70 at Laurel Dr
-78.82145424026567,35.981479528345375,-78.82034576000933,35.98238047161701,Mineral Springs Rd at Wake Forest Hwy
-78.66635308511864,35.82413506471615,-78.66524691517418,35.8250359352458,Glenwood Ave at Vick Ave
-78.6802919078706,35.86981406367882,-78.67918509242098,35.87071493628314,Creedmoor Rd at Jefferys Grove School Rd (NB)
-78.68573617983456,35.79342475620817,-78.6846304204555,35.794325643753865,Hillsborough St at Faircloth St
-78.89965096251277,35.98222003528359,-78.89821838420373,35.9842920431289,Fayetteville St at Umsted St
-78.91294507736585,35.940621358633756,-78.91173912314943,35.94185424095152,Martin Luther King Jr Pkwy at Stratford Lakes Dr (WB)
-78.63490209657259,35.82758657515112,-78.63379590372422,35.8284874248107,Six Forks Rd at Barrett Dr
-78.7263069719177,35.80444354421738,-78.72520102836741,35.80534445574477,Edwards Mill Rd at Wade Park Blvd (NB)
-78.90334139575383,35.985173304516245,-78.90223280451092,35.986074295446414,S Roxboro St at Chestnut St (SB)
-78.71290582413391,35.85593945229129,-78.71179917615339,35.856840347670826,Duraleigh Rd at Delta Lake Dr
-78.84341545107773,35.98187242181916,-78.84230694919454,35.98277337814332,Wedgedale Ave at Lynn Rd
-78.5454948933691,35.94732261381316,-78.54438710694026,35.948223386148285,Forest Pines Dr at Rex Hospital North
-78.6548637569749,35.80554599198872,-78.65370664386,35.806649807290434,St Mary's St at Stone St
-78.84814975113356,35.87284685901717,-78.84703384980031,35.87385994058963,Emperor Blvd at S Miami Blvd (Royal Center)
-78.86369096811791,36.01384862237571,-78.86249903166285,36.01506137707673,E Geer St at Midland Terrace (WB)
-78.83154934238294,35.995546526381496,-78.83044065789093,35.99644747358094,Clayton Rd at Chandler Rd
-78.68756840929632,35.78313605485259,-78.68646279099342,35.784036945109456,Gorman St at McKimmon Center
-78.63877485115832,35.79196357121789,-78.6376691491376,35.792864428744,Halifax St at Oak Chase Ln
-78.78382010114937,35.80104084239715,-78.78226262701632,35.802911163870554,North Harrison Avenue & Maynard Road
-78.62121335474251,35.865549582472205,-78.6201066455564,35.86645041748953,Falls of Neuse Rd at Ridgefield Dr
-78.90672851671334,36.01656850590058,-78.90561948355125,36.017469494062084,Club Blvd at Duke St
-78.67573754060508,35.784537665573524,-78.67439886172372,35.78608203383154,Dan Allen Dr at Witherspoon Student Center
-78.70306232018643,35.85592055539701,-78.70195568010216,35.856821444565064,Glenwood Ave at Munford Rd (Pleasant Valley Promenade)
-78.67998229942347,35.784629985773805,-78.67846179955836,35.78568741348838,Sullivan Dr at Lee Lot
-78.68458589508882,35.77769804933867,-78.68270806449092,35.780173348966265,Varsity Dr at Marcom St
-78.90701193854812,35.99093560541932,-78.90541646478039,35.99224969465289,Willard St at Blackwell St (South Parking Deck)
-78.63649953536002,35.78981377179687,-78.63539386493616,35.79071462816499,Blount Street & Franklin Street
-78.7113869706837,35.80509554895365,-78.71028102960328,35.80599645100848,District Drive Park-and-Ride
-78.58647817296956,35.827189846623526,-78.58459881890128,35.82901985379239,Capital Boulevard & Old Buffalo Road
-78.88619112391294,35.962788092554156,-78.88506247707247,35.96383010690972,Capps St at Athens St (WB)
-78.75435982096742,35.78998593445329,-78.75301898140349,35.79092756443966,Chatham St at WakeMed Soccer Park (WB)
-78.68561364043634,35.77532261447418,-78.68421015648356,35.77654258559177,Crest Rd at Burt Dr (Ivy Commons Apts)
-78.66133905325651,35.81603292648878,-78.658910151278,35.81716097655898,Glenwood Ave at Oberlin Rd (NB)
-78.7223099661294,35.78364777029292,-78.72058072770899,35.78525212995791,Plaza West Shopping Center
-78.63923966784287,35.837605674491584,-78.63813333245349,35.83850652547029,Camelot Dr at Dartmouth Rd
-78.8765933133543,35.99372498044942,-78.87499508557974,35.99480701866241,Holloway St at Guthrie Ave (EB)
-78.89346996628215,35.909834401709794,-78.89236243398307,35.91073539825289,NC 55 at Meridian Pkwy (NB)
-78.86105155921476,35.96781331554539,-78.85994324105513,35.968714284417175,Angier Ave at Carter Ave
-78.89208463260613,36.03384951143724,-78.89097536766053,36.034750488525376,N Roxboro St at Berwyn Ave
-78.84342456615954,36.02687952520183,-78.84231543411319,36.0277804747606,Walmart at Glenview Station Stop 1
-78.60769723990276,35.79214088140357,-78.60659156039702,35.793041718558165,Glascock St at Brighton Rd
-78.60309860206868,35.862313488254934,-78.60154240092534,35.86328461213263,Spring Forest Rd at Dixie Forest Rd (WB)
-78.90890450425289,36.014679505131475,-78.90779549601146,36.01558049483119,Gregson St at Englewood Ave
-78.59176535330884,35.84785548212577,-78.58994144687144,35.848763017725624,E Millbrook Rd at Hargrove Rd
-78.89043811007984,35.90016497600785,-78.88886228939866,35.901270223315436,NC 54 at S Alston Ave (WB)
-78.62679604444395,35.81473055157454,-78.62561475589817,35.81591644809312,Wake Forest Rd at Hodges St
-78.86712642206088,35.89248887707693,-78.86582077944774,35.893462922269585,NC 54 at Park Dr (Inbound)
-78.87044093784412,35.99287391467012,-78.86933226242483,35.99377488529244,Miami Blvd at Holloway St
-78.83908734561831,35.87329593578955,-78.83672033500788,35.87513024020876,Regional Transit Center
-78.66819173571116,35.78463424873195,-78.66699756240365,35.78564505126043,Yarborough Dr at Stinson Dr (Riddick Hall)
-78.8991893526019,35.993510506343405,-78.89808064766345,35.99441149361923,E Main St at Roxboro St (WB)
-78.87374170573116,35.8954451335814,-78.87178969844841,35.89649726730913,NC 54 at Research Triangle High School
-78.65126585983,35.89694374137359,-78.65004474590822,35.8987451585208,Six Forks Rd at Forum Dr
-78.56758289150196,35.801949595466176,-78.56647710880299,35.802850404495416,Corporation Pkwy at Lake Woodard Dr
-78.5982353349447,35.90715099316001,-78.59712806535758,35.90805180680165,Durant Road & Rio Wild Drive
-78.89002000054644,35.987106246125464,-78.88772254766225,35.98898152360237,E Main St at Elm St (EB)
-78.89400615354414,35.95929157591095,-78.89282875132746,35.96094052400728,NC 55 at Crete St
-78.85693738017895,35.886668791074,-78.85503961827983,35.88782020735992,NC 54 at New Millennium Way (WB)
-78.878915722451,35.98164681500681,-78.87743687796682,35.98276088470799,Angier Ave at Driver St (WB)
-78.7332397679498,35.77461053981159,-78.73213423233413,35.77551146015062,Norman Pl at Buck Jones Rd
-78.65499083180114,35.78823756568328,-78.65388516849269,35.789138434278634,Peace St at Smallwood Dr
-78.89835106804449,36.04011456042184,-78.8971472343404,36.04113663952238,Carver St at Patrick Henry Dr (EB)
-78.93253825275569,35.91582757781204,-78.93111934881406,35.91675682234147,Fayetteville Rd at Brian Center (NB)
-78.58394541247881,35.86950606910331,-78.58201058518999,35.8705129313131,Old Wake Forest Rd at Capital Blvd
-78.69618616885141,35.83451555596855,-78.6950798314378,35.83541644399348,Edwards Mill Rd at Laurel Hills Rd (north)
-78.85946732029389,35.98969389253608,-78.85685211896161,35.990979457763416,Holloway St at Hoover Rd (EB)
-78.51854415569993,35.964107076934276,-78.51727272111528,35.965717855014,S Main St at NC 98 (NB)
-78.8827840540052,35.965946709035606,-78.88167574626193,35.96684769092702,Hearthside St at Bacon St
-78.69059612473745,35.82847355729083,-78.6894898755524,35.8293744426712,Blue Ridge Rd at Glen Eden Dr (NB)
-78.91207137755073,35.996422502846755,-78.91096262271304,35.997323497115964,Chapel Hill St at Gregson St (EB)
-78.6465388739018,35.88122607539699,-78.64543192639412,35.88212692456486,Six Forks Rd at Mourning Dove Rd
-78.6570096982252,35.80506450697708,-78.65567429923446,35.806675492191054,Oberlin Rd at Colonial Rd
-78.6205549266216,35.850317152578086,-78.61912397341813,35.85139344712372,E Millbrook Rd at Quail Meadows Dr
-78.59246536911901,35.91239339546449,-78.59135803118406,35.913294204497134,Raven Ridge Road at Dapping Drive
-78.72174017535468,35.78021244730088,-78.72060772016586,35.781811052594854,Jones Franklin Road & Vann Street
-78.5760009464787,35.85261329645303,-78.57489445382573,35.85351410350859,Hollenden Dr at Hylton Dr
-78.81538977951676,35.91580252523054,-78.81428222075833,35.91670347473187,Page Rd at TW Alexander Dr (FedEx)
-78.6456244064465,35.78814057760151,-78.64410259303571,35.7892254218177,Peace St at West St
-78.62528454364823,35.818166486733936,-78.62344384879161,35.8199324136304,Wake Forest Rd at Six Forks Rd
-78.84772717938007,35.98569432082725,-78.84661862089168,35.98659527913524,Rummel St at Wedgedale Ave
-78.6469288831303,35.88253017536853,-78.6458219171656,35.88343102459332,Six Forks Rd at Sawmill Rd
-78.8881205133329,36.017523305747574,-78.88692943498512,36.01892547439316,Service Rd at Davidson Ave (NB)
-78.68122755546023,35.85352540177725,-78.67987384269748,35.85508679718772,Creedmoor Rd at Sherborne Pl (NB)
-78.88648757648343,36.007900407316605,-78.88537541829155,36.00956859259609,Avondale Dr at E Markham Ave (SB)
-78.7065753112386,35.85443655417519,-78.70546868904955,35.855337445786915,St Giles St at Deep Hollow Dr
-78.68228470856063,35.783328356551635,-78.68117909172977,35.78422924341039,Faucette Dr at Varsity Dr (Butler)
-78.72237481905273,35.78259544381057,-78.72126918123264,35.78349635615159,Jones Franklin Road & Hunt Club Lane
-78.90985100692495,35.98313192796733,-78.90871339574127,35.98410587183909,W Enterprise St at E Forest Hills Blvd (EB)
-78.83426474927607,35.92155117026084,-78.8325792467347,35.92257983033923,TW Alexander Dr at Center Point (WB)
-78.58268312225388,35.834329592853194,-78.58157687804955,35.83523040710846,Buffaloe Rd at Capital Blvd
-78.92337504822794,35.9487384960193,-78.92226695203392,35.94963950394343,S Roxboro St at Kroger
-78.69432286770386,35.79118955330879,-78.6932171325851,35.792090446653276,Method Rd at Woods Pl
-78.63266006251934,35.82280757552309,-78.6315539377777,35.82370842443874,Six Forks Rd at Anderson Dr
-78.62618337085644,35.8099641766738,-78.62507742944128,35.81086502328802,Wake Forest Rd at Mills St
-78.87347311933459,36.03686757864206,-78.87102865333404,36.037974010295336,Dearborn Dr at Thelma St
-78.62969899953706,35.81389747582047,-78.62859300076025,35.81479832414135,McNeil St at Bernard St
-78.90026907003381,35.941901838326814,-78.89906223154217,35.94321836143327,Cornwallis Rd at Industry Ln
-78.8471126227272,35.879133325863606,-78.84587118493127,35.88022787543473,Slater Rd at Page Rd (Imperial Point)
-78.91930516092309,35.965078498412986,-78.91819683933944,35.96597950154974,S Roxboro St at Cornwallis Rd
-78.71102329985149,35.85254955262997,-78.70991670043605,35.853450447332115,Deep Hollow Dr at Duraleigh Rd
-78.89688045082843,35.88966980041623,-78.89536935174931,35.89090269961351,NC 55 at Sedwick Dr (NB)
-78.59272569940487,35.81999330471447,-78.59157490312859,35.82131949522631,Capital Boulevard & Trawick Road
-78.65940400240282,35.790466254603665,-78.65814209814305,35.79147974535393,Cameron St at Woodburn Rd (EB)
-78.8894545411526,35.99989026562995,-78.88815345925708,36.000904734063944,Dowd St at Hazel St (EB)
-78.90664425188636,35.964478739378585,-78.9052091414218,35.96596646090052,Fayetteville St at Utah Ave
-78.90375953380136,35.97508345468724,-78.9022740669735,35.97688713469259,Lawson St at Concord St (EB)
-78.88796824638106,35.994050300224245,-78.88684475624817,35.99500839955202,Holloway St at Elm St (EB)
-78.87106157428464,36.0266065170257,-78.86995242598456,36.02750748293686,Club Blvd at Midland Terrace
-78.68720193317445,35.80104055631252,-78.68609606711554,35.8019414436495,Wade Ave at Ridge Rd (Meredith College)
-78.88498653437598,36.02019651247402,-78.88387746589144,36.02109748748857,E Club Blvd at Thorne St
-78.70254237340082,35.85483709113716,-78.7012416302653,35.85599790889477,Glenwood Ave at Munford Rd (SB)
-78.87630150976383,36.03727643694234,-78.87430849624361,36.03840356429343,Dearborn Dr at Forrester St
-78.73049329878194,35.77921694101505,-78.72938770150238,35.780117858947136,Buck Jones Road & Portree Place
-78.9042910922852,35.99892190527617,-78.90318230797955,35.99982289468651,Imperial Building (215 Morris St)
-78.6150971519141,35.83670658231329,-78.61399084838526,35.83760741764844,Hardimont Rd at Bland Rd (EB)
-78.90317788623956,35.968336152427824,-78.90207411722088,35.96932194722945,Fayetteville St at Burlington Ave (NB)
-78.90887845400226,36.00750550459928,-78.90776954626199,36.00840649536341,Gregson St at Dacian Ave
-78.68763823538292,35.786899455112675,-78.68653256490686,35.787800344849394,Gorman St at Jackson St (King Village)
-78.69916509715483,35.823894128573755,-78.69797389839265,35.825045871385406,Blue Ridge Rd at Burch Dr (SB)
-78.69035245445853,35.78664400687034,-78.68920254394195,35.787560484416396,Jackson St at Whitmore Dr (King Village)
-78.52508114670434,35.95618322140755,-78.52397325360769,35.95708397855382,S Main St at Forbes Rd
-78.61683884243303,35.791973578384976,-78.61573315786565,35.7928744215768,Glascock St at Delany Dr
-78.89726752732213,35.97569600555994,-78.89615907294328,35.97659699440274,Lawson St at NCCU Track (EB)
-78.85861116338498,35.911217112010625,-78.85750363688467,35.91211808795194,IBM Building 062
-78.81993918356352,35.85867211957175,-78.81883241671044,35.85957308039071,Airport Blvd at Aerial Center Pkwy (Waffle House)
-78.90391745321655,35.996068003743154,-78.90200154651367,35.99737999502681,Chapel Hill St at Market St
-78.9125620759279,35.991159410626,-78.91127192094622,35.99208078946852,Morehead Ave at Vickers Ave (WB)
-78.87815556501928,35.96256279541907,-78.87683643326702,35.96351420392997,Briggs Ave at Person St (SB 2)
-78.6957830354409,35.815309554655045,-78.69467696484813,35.816210445307014,Lake Boone Tr at Wycliff Rd
-78.77542865868097,35.88623563514222,-78.77432154159884,35.88713656482007,
-78.63644284313465,35.790939571899784,-78.63533715716156,35.791840428062095,N Blount St at Delway St
-78.54714385432563,35.94162961282823,-78.54603614598348,35.942530387133225,Common Oaks Dr at Oliver Rd
-78.66266987140334,35.79351656360341,-78.66156412888961,35.79441743635857,Oberlin Rd at Bedford Ave
-78.87819459973909,36.02987151518349,-78.87708540052925,36.03077248477908,Hinson Dr at Waring St
-78.87680054087704,35.98523328189474,-78.87553936072845,35.98627501811267,E Main St at Guthrie Ave
-78.73521288736191,35.79174754048148,-78.73410711292196,35.79264845948073,Nowell Rd at Nowell Pointe Dr
-78.87782706003026,35.96888164984858,-78.87663533839114,35.969795449768164,Briggs Ave at Person St (NB)
-78.68285433415204,35.78699195664467,-78.6817486661383,35.78789284331738,Sullivan Dr at Admin Services (EB)
-78.58235332228874,35.86314869512615,-78.58124667801505,35.86404950483547,Capital Blvd at Wayside Furniture
-78.87311176339269,36.02494681630001,-78.87200263687627,36.02584778366257,Club Blvd at Chandler's Garage
-78.56461034151042,35.866961601341416,-78.56350365879565,35.86786239862013,Fox Rd at Segal Dr
-78.64306080332872,35.855717259368404,-78.64181169406147,35.85680174066,W Millbrook Rd at Six Forks Rd
-78.67523438985668,35.78102625863283,-78.67412881043455,35.781927141329184,Morrill Dr at Faucette Dr
-78.89559017768742,36.04083492126975,-78.89419182139277,36.04194907854614,Carver St at Commons Blvd (WB)
-78.528274229013,35.951962325827914,-78.52693006843413,35.95358087330158,S Main St at Rogers Rd (Wake Forest Middle School)
-78.6537475269729,35.793929301424065,-78.65259457680187,35.79541399851439,St Marys St at Nichols Dr
-78.52084114503914,35.98482262500631,-78.51973285527377,35.98572337495502,Stadium Dr at McDowell Dr
-78.64297188088032,35.85366747448478,-78.64186531941576,35.854568325477054,Six Forks Rd at Snelling Rd
-78.92251092864724,35.945977296058935,-78.92140287161467,35.94687830390384,Martin Luther King Jr Pkwy at Cook Rd (WB)
-78.69738161072405,35.85030644909556,-78.69456186519032,35.85250094672424,Glenwood Ave at Fairhill Dr
-78.6875328261324,35.785569555046465,-78.68642717415736,35.78647044491558,Gorman St at Lexington Dr
-78.57495599075585,35.84465229620437,-78.57384960954865,35.845553103757226,New Hope Rd at Rolling Green Ct
-78.67401757918343,35.779553558912035,-78.67291202110796,35.780454441049976,Western Boulevard & Nazareth Street
-78.69537810706302,35.82565755556014,-78.69427189322617,35.8265584444019,Blue Ridge Rd at Morningside Dr
-78.64309927378973,35.85263957436627,-78.64199272650633,35.85354042559558,Six Forks Rd at Windel Dr
-78.8115855554144,35.918575858742116,-78.8098084455346,35.919837140686006,TW Alexander Dr at Page Rd (WB)
-78.58947144301932,35.82251118970964,-78.5883653572831,35.82341201025203,Capital Boulevard at Capital Square Shopping Center
-78.67682411143291,35.78405245835102,-78.67571848885817,35.784953341611,Dan Allen Dr at Lee Lot
-78.66516306517968,35.821328564888084,-78.66405693511325,35.82222943507386,Glenwood Ave at Glen Eden Dr
-78.8996072708869,35.98180750534234,-78.89849872937828,35.98270849462033,Fayetteville St at Simmons St
-78.68812733562623,35.80222201146699,-78.68688066617952,35.80313198853472,Ridge Rd at Wade Ave (SB)
-78.81986181633799,35.862476273495695,-78.81874468435764,35.86352082646623,Factory Shops Rd at Morrisville Outlet Mall (SB)
-78.70091805500971,35.83041751321562,-78.69972814355522,35.83173078644904,Edwards Mill Rd at Carriage Dr (SB)
-78.58333279350202,35.844553893404296,-78.5822264068014,35.84545470655735,Calvary Dr at Capital Crossing
-78.5825848743483,35.798586590204025,-78.58147912595473,35.799487409757646,Bastion Ln at Tower Shopping Center
-78.6181271349423,35.805250278958304,-78.61702126535636,35.806151121003495,Capital Boulevard at North Carolina Library Association
-78.69427328061147,35.79305575346454,-78.69316751967753,35.793956646497534,Method Rd at Richward Pl
-78.88589250152837,35.994000211603826,-78.88431920189034,35.99498328883474,Holloway St at Alston Ave (WB)
-78.67418273977972,35.78829585951491,-78.6730770605117,35.78919674044708,Founders Dr at Nelson Hall
-78.88154615004086,35.99395979474664,-78.87965015263187,35.99495170584064,Holloway St at Spruce St
-78.88291565994288,36.038216514433415,-78.88180634032496,36.03911748552917,Dearborn Dr at Cannada Ave
-78.6596132818035,35.7841658062256,-78.6584917192235,35.78526219373402,Hillsborough St at Forest Rd (EB)
-78.897033450241,36.00331842133031,-78.89592654918204,36.0042815785622,Geer St at Glendale Ave
-78.65067456534445,35.85585414166851,-78.64916473378008,35.85691525766034,W Millbrook Rd at Dixon Dr
-78.66922831118971,35.856983246008255,-78.66796068706257,35.85791475341719,Millbrook Rd at Paces Forest Ct (EB)
-78.88660974662243,36.00275211685463,-78.88544925419643,36.003856882432814,N Alston Ave at Geer St (NB)
-78.68403303362595,35.815709558423286,-78.68292696666455,35.81661044153875,Lake Boone Tr at Thomas Rd
-78.88329738098793,35.97384673512058,-78.88217521913289,35.97487656480193,Lawson St at DTCC F Lot (EB)
-78.57921978837254,35.84405749473705,-78.57811341193141,35.84495830522459,Calvary Dr at Capital Blvd (Mini City Marketplace)
-78.64947005275323,35.892389075285905,-78.64836294754245,35.893289924675955,Six Forks Rd at Monument Ln
-78.89473443163705,36.00502950850016,-78.89362556862898,36.00593049146247,Mangum St at Trinity Ave
-78.68105454162855,35.84973625877981,-78.67967855351728,35.85104614138649,Creedmoor Rd at Tall Timber Dr (NB)
-78.71727113609307,35.799776446702275,-78.71616526419312,35.800677353259864,Carter-Finley Park and Ride
-78.83443666200749,35.98390542464433,-78.8333281382659,35.98480637531811,Holloway Street at Ganyard Farm Way (Dollar General)
-78.82297893406626,35.937562524586454,-78.8218710662081,35.93846347537597,Page Rd at Angier Ave
-78.73223794751138,35.80059354207371,-78.73113205277295,35.801494457888474,Nowell Rd at Trinity Rd
-78.84039855387606,35.93948491952907,-78.83929064639618,35.94038588043344,Miami Blvd at Bethesda Elementary
-78.910054889711,35.96966560141457,-78.90894651055274,35.97056659854813,Otis St at Red Oak Ave
-78.85003152095082,36.019500080771785,-78.84888847929487,36.02059991907106,E Geer St at Landon Farms Ln (WB)
-78.89678509132418,35.99120137097786,-78.89454270582699,35.99237025967617,E Main St at Dillard St (EB)
-78.74751861940575,35.88211084343681,-78.7464115808775,35.88301175652538,Glen Royal Rd at Brownleigh Dr
-78.59489694649946,35.80827358684232,-78.59379105380214,35.80917441311938,Brentwood Rd at Westinghouse Blvd
-78.68443690775031,35.7975275569302,-78.68333109253997,35.79842844303183,Faircloth St at Beaver Dam Dr
-78.87787177440124,35.973780211994345,-78.87651502664195,35.97479548741915,Lawson St at S Briggs Ave (Durham Exchange Club)
-78.79128676704153,35.915298532484464,-78.7901792332366,35.916199467477874,Little Brier Creek Ln at TW Alexander Dr
-78.91500378279012,35.991214433564835,-78.91355021465209,35.99216886667751,Morehead Ave at Arnette Ave (EB)
-78.88959766206126,35.895070701724975,-78.88849033820432,35.8959716982377,S Alston Ave at Englert Dr (SB)
-78.88918929869403,35.93142762388444,-78.88774009975556,35.93236597625917,NC 55 at Martin Luther King Jr Pkwy
-78.68477164972282,35.78644593761356,-78.68350345215765,35.7873596624123,"Wolf Village Shelter #1 (WB)"
-78.68229881981114,35.78490227487888,-78.68097637930339,35.7859749250143,Varsity Dr at Campus Police
-78.52000989016915,35.948389622552035,-78.51890211014342,35.949290377409305,Heritage Branch Rd at Branch Ferry Ct
-78.877701405234,36.00212951324054,-78.87659259503411,36.00303048672204,Miami Blvd at E Geer St
-78.84927762461797,35.99208042084812,-78.84816897565365,35.992981379114376,Ross Rd at Idlewood Rd
-78.85775079783917,35.916205512639245,-78.8566432024306,35.9171064873233,IBM Building 203
-78.66725772581368,35.82994856486175,-78.6661514744791,35.830849435100184,Glenwood at Women's Club Dr
-78.90134661686423,35.94379917438296,-78.89996168302865,35.94485012534038,Cornwallis Rd at Campus Crossings (SB)
-78.57998298136266,35.81417959224053,-78.57887701894087,35.81508040772111,Trawick Rd at Streams of Fields Dr
-78.91401210272161,35.93338457566613,-78.91270439441185,35.9345237243881,Fayetteville Rd at Pearson Dr
-78.58492142316918,35.831425051215014,-78.58363887785404,35.832791848156916,Capital Boulevard & Greywood Drive
-78.53443415553626,35.98550962043012,-78.53332584477494,35.98641037953125,WF Crossing Shopping Center at Lowes Foods
-78.4717902350242,35.9147345366513,-78.47068296529403,35.915635263309866,Rolesville Town Hall Park & Ride
-78.87200457051097,36.02601951670511,-78.87089542975812,36.02692048325745,E Club Blvd at Miriam Cir
-78.63367126315882,35.7936620907575,-78.63065589486042,35.79511065228038,Poplar St at Mordecai St
-78.88423476312022,35.967176708705225,-78.88312643714676,35.9680776912574,Hearthside St at Welch Pl
-78.72789873115886,35.78106068067344,-78.72615426486867,35.78210051997087,Buck Jones Road & Chesthill Drive
-78.54886386983284,35.94374961240674,-78.54775613047606,35.94465038755472,Common Oaks Dr at Chriswick House L
-78.57351508806052,35.829943595581845,-78.57240891224399,35.830844404379754,3812 Buffaloe Rd
-78.70566862509061,35.79685668406038,-78.70452807863424,35.79789731567477,Centennial Biomedical Campus at Vet School (SB)
-78.7147050592598,35.77117370928704,-78.71346774100667,35.77216109052985,Athens Dr at Smithdale Dr
-78.6838709293835,35.80068155734736,-78.68276507090688,35.80158244261468,Wade Ave at Faircloth St
-78.70550640873195,35.81915204642145,-78.7041715921101,35.820167953088756,Blue Ridge Rd at Macon Pond Rd
-78.86930641679052,36.00421251585579,-78.8681975834787,36.005113484106765,Cheek Rd at Andover Dr
-78.90589205702607,35.97970580671165,-78.9046193415891,35.98061949333043,S Roxboro St at Dunstan Ave
-78.88611914318702,36.00637787653394,-78.88481185865963,36.00729712353256,Avondale Dr at Trinity Ave (SB)
-78.78645373450689,35.910889533624946,-78.78534626577178,35.9117904663374,Brier Leaf Ln at Little Brier Creek Ln
-78.70818929757945,35.85238055351123,-78.70708270270842,35.853281446450865,Deep Hollow Dr at St Giles St
-78.93118213282658,35.917469991440335,-78.93007446743397,35.91837100852248,Fayetteville Rd at Torrey Pine Ln
-78.84251456218246,36.02635952543304,-78.84140543809035,36.0272604745294,E Geer St at Glenview Station
-78.87965528393808,36.02801549156125,-78.87806927087625,36.02978968274802,Hinson Dr at Glenbrook Dr (SB)
-78.5157356265394,35.98248372657528,-78.51462737377412,35.983384473386025,Stadium Dr at Wake Forest High
-78.88643240764411,35.88377281441503,-78.88515418994665,35.88486998561634,S Alston Ave at Falls Pointe Apts (NB)
-78.6511547886923,35.78223156647264,-78.65004921160198,35.783132433489286,St Marys St at Jones St (NB)
-78.87822992435392,35.985375514662636,-78.87692887752239,35.98632978454876,E Main St at Driver St (WB)
-78.55475504686864,35.88575574003138,-78.55352575584163,35.88720995977305,Perry Creek Rd at Filbin Creek Dr
-78.66167462297958,35.794760697103385,-78.6603923752141,35.79623830218517,Oberlin Rd at Van Dyke Ave
-78.63002298314062,35.79708547445335,-78.62891721715646,35.79798632550847,Wake Forest Road & Sycamore Street
-78.57726272118406,35.86328959683338,-78.57615607912035,35.86419040312823,Triangle Town Center Park-and-Ride
-78.68482071152714,35.81123393994079,-78.68317128223526,35.81280306035218,Ridge Rd at Horton St
-78.60001813154923,35.83465158712724,-78.59891186875198,35.835552412834474,New Hope Church Rd at Brentwood Rd (WB)
-78.9162027369878,35.90447279474718,-78.91509526327452,35.90537380521556,NC 54 at Barbee Rd (EB)
-78.67339725414269,35.85228933376341,-78.67199013957706,35.85373136648516,Lead Mine Rd at Belsay Dr
-78.69151318538331,35.837159557651155,-78.69040681490651,35.83806044231086,Edwards Mill Rd at Mill Village Rd
-78.7057713310472,35.785254049237174,-78.70466566924027,35.78615495072492,Western Boulevard & Merendino Street
-78.63676510722898,35.78573627140456,-78.63565949306711,35.7866371285573,Blount Street & Polk Street
-78.78422569287945,35.905034533864594,-78.78311830739945,35.905935466097716,Macaw at Brasa Restaurant
-78.54689546650681,35.86828357839337,-78.54574153514058,35.86951742152947,Fox Rd at Louisburg Rd
-78.89742448402231,35.93920723749545,-78.89624631618462,35.940378062153215,Cornwallis Rd at Bainbridge Dr (NB)
-78.63684555918738,35.807118088413084,-78.63573493928519,35.808273511532335,Pine Dr at Whitaker Mill Rd
-78.72084534232299,35.78604114454899,-78.7197396579626,35.786942055413164,Hillsborough Street & Jones Franklin Road
-78.78417278609645,35.91841453488604,-78.78306521418261,35.919315465076274,TW Alexander Dr at ACC Blvd (WakeMed Emergency)
-78.66338891826368,35.79117266166675,-78.662181084127,35.79257033816426,Oberlin Rd at Smallwood Dr
-78.89327442341498,36.003929508840876,-78.8921655768512,36.00483049112174,N Roxboro St at Edwards St
-78.6217158471201,35.86846478922449,-78.62054084872725,35.87006681060147,Falls of Neuse Rd at Spring Forest Rd
-78.72783435004592,35.77355156840782,-78.72576224547478,35.77465473251709,Fort Sumter Rd at Dana Dr
-78.77501696695766,35.82989383103783,-78.77391063332165,35.8307947689245,Weston Parkway & Realtors Way
-78.91215082845936,35.90345389583462,-78.91104337180343,35.904354904128105,NC 54 at Revere Rd (WB)
-78.55872163120827,35.8913645743316,-78.55735936892381,35.892421425319135,Perry Creek Rd at Capital Blvd
-78.65601963964632,35.815023840158766,-78.65254636780973,35.8163101623458,Glenwood Ave at Argyle Dr
-78.86577734198671,35.995274538286246,-78.86448335865282,35.99630766165847,Raynor St at Hardee St (WB)
-78.66428805589305,35.82003956507276,-78.6631819444,35.82094043488919,Glenwood Ave at Granville Dr
-78.64638269800676,35.783850768139345,-78.6452771022881,35.78475163182256,West St at North St (R12)
-78.84241952888152,35.92145891757351,-78.84131187139025,35.922359882389024,TW Alexander Dr at Stirrup Creek Dr
-78.8945044377861,36.005919508633795,-78.89339556247995,36.00682049132883,Mangum St at Seeman St
-78.6150931427705,35.83538958221577,-78.61398685752889,35.83629041774598,Wake Forest Rd at Colby Dr
-78.90204938331127,35.99775350583564,-78.90094061695376,35.998654494127024,W Morgan St at Foster St (Downtown YMCA)
-78.65330085696438,35.79196746650907,-78.65219514332975,35.79286833345285,St Marys St at Clay St (SB)
-78.89094940594873,35.98600901081218,-78.88955249338086,35.98703968875285,Angier Ave at Laurel St (WB)
-78.61962394476761,35.86420668289226,-78.61851725553151,35.865107517069525,Carlos Dr at Falls of the Neuse Rd
-78.90721646322147,35.97798683348312,-78.90600033465043,35.97888746651024,S Roxboro St at Erie St (SB)
-78.900181873275,36.00329157743453,-78.89895812700794,36.00426842240433,W Geer St at Rigsbee Ave
-78.89768956213472,36.036345518061836,-78.89639143975235,36.03726348199434,Olympic Ave at N Roxboro St
-78.5059291642883,35.98847363038687,-78.50482083602651,35.98937436957438,N Main St at W Oak Ave
-78.78539371968644,35.908819533792624,-78.78428628059237,35.90972046616968,Brier Creek Pkwy at Little Brier Creek Ln
-78.68103859410714,35.89653756544726,-78.67993140618464,35.89743843451471,Creedmoor Rd at Lodestar Dr (NB)
-78.64718108946985,35.88435263322545,-78.64583521582628,35.88565256684509,Six Forks Rd at Crown Oaks Ct
-78.9046310504664,35.95000750149974,-78.90352294979783,35.95090849846296,Fayetteville St at Riddle Rd (SB)
-78.90025004646658,35.9925797059666,-78.89914135379861,35.99348069399607,Pettigrew St at S Roxboro St (WB)
-78.58802424840756,35.82337299025489,-78.58691815189503,35.824273809706796,Capital Boulevard & Starmount Drive
-78.55656243860109,35.88826827186587,-78.55530106423005,35.88977312786266,Perry Creek Rd at Clarks Fork Dr
-78.89444372648812,36.047115511751095,-78.89333427377835,36.04801648821152,Ben Franklin Blvd at Medical Park Dr (Voyager Academy)
-78.90561446414316,35.98712836018378,-78.90426913486385,35.988215539704065,Lakewood Ave at S Mangum St (WB)
-78.89645489612323,35.99986860761332,-78.89534610414252,36.00076959234932,Dowd St at Mangum St
-78.50817017594224,35.99000462973265,-78.50706182437233,35.99090537022861,N Wingate St at E Chestnut Ave
-78.57764295156302,35.81001959270865,-78.57653704874075,35.81092040725298,Skycrest Dr at Trawick Rd
-78.84864413561638,35.96508131900553,-78.84753586465503,35.96598228095698,Pleasant Dr at US 70
-78.54642741409216,35.8784806083272,-78.54532058621628,35.8793813916343,Perry Creek Rd at Bentley Cir
-78.67987593007838,35.873031064053286,-78.67876907021329,35.87393193590868,Creedmoor Rd at Lynn Rd (NB)
-78.87872161021915,36.03133951513997,-78.87761239004917,36.03224048482261,Hinson Dr at Davinci St
-78.91127338582734,35.969048201017515,-78.91016501443625,35.96994919894519,Otis St at Pilot St
-78.69448518556197,35.77931795236669,-78.69337961472684,35.780218847595386,Kent Rd at Warwick Dr
-78.64361739525367,35.83892993998456,-78.64208039893501,35.840406360284895,Six Forks Rd at Lassiter Mill Rd
-78.91841965373622,35.9640945985928,-78.91731134652642,35.964995601369914,Cornwallis Rd at Roxboro Rd
-78.88566971316524,35.88693119750571,-78.88430128113262,35.888299802682575,S Alston Ave at Duke Health (NB)
-78.7786318755457,35.8309354300092,-78.77752552473312,35.83183636995317,Weston Parkway at 2400 Block
-78.51119465503822,35.97486879310588,-78.50960274665809,35.97609240674102,Elm Ave at White St (EB)
-78.6735892418466,35.84871411467936,-78.6723074536448,35.84993578540294,Lead Mine Rd at Town and Country Rd
-78.72870214625117,35.77172654101327,-78.72759665403332,35.77262745894894,Dana Dr at Brook Hill Apts (across)
-78.65418923759356,35.80355376709125,-78.65308336270057,35.804454632870666,St Mary's St at Harvey St
-78.58903759149555,35.86684820107059,-78.58733330450461,35.867881699547134,Old Wake Forest Rd at Barrow Dr
-78.9089702983745,35.94232499967128,-78.90786230188911,35.94322600029146,Stratford Lakes Dr at Fayetteville Rd
-78.74185851590782,35.8819185451804,-78.74075148437616,35.88281945478178,Ebenezer Church Rd at Winchester Dr
-78.81855433621536,35.99534953025908,-78.81744566406017,35.99625046970332,Freeman Rd at Valmet Dr
-78.89228276536707,36.00998089057846,-78.89094723265488,36.01109910942186,N Roxboro St at Markham Ave (north)
-78.89063451491126,36.01712951060033,-78.8895254853554,36.0180304893623,N Roxboro St at St Paul St
-78.90510325813783,35.95108220144427,-78.90399514212635,35.95198319851843,Fayetteville Rd at Hillside High School
-78.83418433581438,35.99446952551406,-78.83307566445914,35.99537047444837,Chandler Rd at Chance Dr
-78.7646016189317,35.78788472871648,-78.7631793793284,35.78882337143495,Southeast Maynard Road & Tate Street
-78.9088243935777,35.97028120181515,-78.9077160066862,35.97118219814757,Otis St at Alton St
-78.73780150851225,35.77208507002202,-78.73534318223554,35.774250730033046,Buck Jones Road & Farm Gate Road
-78.88691665132896,36.03678351316013,-78.88580734893837,36.03768448680247,Old Oxford Rd at Dearborn Dr
-78.61822292416407,35.80368957880978,-78.61711707613455,35.804590421152,Capital Blvd at Wake Tech Adult Ed
-78.6367471223751,35.831198574821485,-78.63564087792153,35.832099425140335,Six Forks Rd at Computer Dr
-78.68322605911102,35.81415197243567,-78.68197994098463,35.81514402748469,Ridge Rd at Darien Dr
-78.52395996550493,35.98756212414818,-78.52285163480764,35.98846287581316,Stadium Dr at Whistling Swan Dr
-78.68017551534624,35.885271164876755,-78.67906848494552,35.886172035085195,Creedmoor Rd at Stonehenge Dr (SB)
-78.68117349015156,35.8651240057441,-78.679782511401,35.86612999341224,Creedmoor Rd at Jefferyss Grove School Rd (SB)
-78.77477275878604,35.815591356673686,-78.77348754253529,35.81664224332803,North Harrison Avenue & Reedy Creek Road
-78.53215037175677,35.94891777786789,-78.53029592428061,35.95043052190865,S Main St at Ligon Mill Rd
-78.58175336256134,35.85297546823509,-78.58010097636179,35.85602547974302,Capital Boulevard & Spring Forest Road
-78.70349426432878,35.82785582782696,-78.7021387322318,35.82880017237908,Edwards Mill Rd at Laurel Hills Rd (south)
-78.55666026256623,35.870678407531095,-78.55555373854907,35.87166659207456,Fox Rd at Werribee Dr
-78.51098501693838,35.9670876270448,-78.50987698337558,35.967988372916494,Franklin St at Yellow Poplar Ave
-78.73204649044887,35.777927140433,-78.73094090983523,35.778828059529204,Buck Jones Road & Barclay Drive
-78.63306034705684,35.80613337414144,-78.63195445323996,35.80703422582038,Whitaker Mill Rd at Center Rd
-78.65010897750005,35.80954456886007,-78.64900302279464,35.810445431101826,Glenwood Ave at Woodland Ave
-78.88530807798678,35.8996724280837,-78.88416172181113,35.90079817164379,NC 54 at Triangle Dr (EB)
-78.68097356948054,35.893003965202624,-78.67986643081119,35.89390483475936,Creedmoor Rd at Morgans Way (SB)
-78.7788812949347,35.90561763554125,-78.77777390534487,35.906518564421056,Arco Corporate Dr at Macaw St
-78.84624187636305,35.98534042124104,-78.84513332390888,35.98624137872144,Rummel St at Walton St
-78.5948776951247,35.91598439493485,-78.5937703051781,35.91688520502678,Falls of Neuse Road & Raven Ridge Road
-78.6540860212452,35.80120066694805,-78.6529801790489,35.80210153301386,St Mary's St at Iredell Dr
-78.60131296100019,35.80998958484878,-78.60020703930061,35.81089041511295,Noblin Rd at Raleigh Blvd
-78.89618422530866,35.975463205856215,-78.8950757749569,35.97636419410644,Lawson Ave at NCCU Track (WB)
-78.70948113757406,35.785989048121095,-78.70837546271294,35.78688995184102,Western Boulevard & Pineland Circle
-78.6001673481581,35.84801018881075,-78.59875135396958,35.849169511221696,E Millbrook Rd at Leafcrest Ct
-78.72322304604313,35.77245729011402,-78.72165380552751,35.773837582685836,Fort Sumter Rd at Jones Franklin Rd
-78.89917373820467,35.99145360619323,-78.89806506206067,35.99235459376943,Pettigrew St at S Roxboro St (EB)
-78.69450132060807,35.784379052741215,-78.69339567968082,35.785279947220864,Method Rd at Western Blvd
-78.6978091623548,35.83348855537671,-78.69670283793417,35.83438944458534,Edwards Mill Rd at Glen Eden Dr (NB)
-78.65176960038319,35.82194406828259,-78.6504311044032,35.823202931783904,Lassiter Mill Rd at Scotland St
-78.89036555547948,36.022933511115134,-78.88925644478726,36.02383448884749,N Roxboro St at Lavender Ave
-78.67708282033126,35.7788918754845,-78.67572597735813,35.78050422355228,Avent Ferry Rd at Western Blvd
-78.63624286078691,35.79349957215691,-78.63513713950934,35.79440042780494,N Blount St at Cedar St
-78.57710343623181,35.86546379704974,-78.57599676407267,35.86636460291186,Triangle Town Center
-78.89061244028234,36.0209512197246,-78.88924756236443,36.02210178033874,N Roxboro St at Ellerbee St (SB)
-78.62905424807693,35.82093377655895,-78.62794815222053,35.821834623402864,Six Forks Rd at Selby Dr
-78.69428257249483,35.815249663865615,-78.6926704242072,35.81624833658379,Lake Boone Tr at Myron Dr
-78.58114219032655,35.84422559410904,-78.58003580997718,35.84512640585259,Calvary Dr at Capital Blvd (WB)
-78.70157105789568,35.81499660729586,-78.70024194233663,35.81603339238669,Lake Boone Tr at Rexwood Dr
-78.84464032320672,35.94919581899864,-78.84353227706504,35.95009678096383,Angier Ave at Bungalow Ave
-78.90391575118251,35.902210183550636,-78.90272704657905,35.90322621642905,NC 54 at The Hamptons Apts (WB)
-78.6664976151559,35.857021598178406,-78.66507308702329,35.85800520064702,W Millbrook Rd at Oldetowne Rd
-78.72222257652577,35.777875792712074,-78.72031842164748,35.77928150651333,Jones Franklin Road & Barringer Drive
-78.90235924124283,35.993583219054685,-78.89969632773935,35.99532200808474,E Main St at Mangum St (WB)
-78.72479057866089,35.76790084242889,-78.72366062209711,35.769003257506306,Jones Franklin Road & Capital Center Drive
-78.59214926103157,35.83840744563751,-78.59079873822765,35.839325054395005,Green Rd at Brockton Dr
-78.89007428017824,35.97330135157976,-78.8869299052347,35.97437084846234,Lawson St at Ridgeway Ave
-78.92659487459498,35.9236914932164,-78.92548712566621,35.92459250674637,Fayetteville Rd at Woodcroft Pkwy (NB)
-78.90595850610092,36.01509250601157,-78.9048494941638,36.015993493951115,Duke St at Englewood Ave
-78.61800334552524,35.86440958343892,-78.61689665477407,35.86531041652284,Volant Dr at Carlos Dr
-78.90897522768144,35.97515250213801,-78.90786677258251,35.97605349782468,S Roxboro St at Masondale Ave
-78.87284722312596,35.99287004813019,-78.87135407621192,35.99393715128553,Holloway St at Brye St (EB)
-78.54525188092194,35.94555361376238,-78.54414411938744,35.946454386199065,New Falls of Neuse Rd at Forest Pin
-78.68170414761634,35.83227156040942,-78.68059785267465,35.83317243955259,Blue Ridge Rd at Homewood Banks Dr
-78.64645132873169,35.878296328569554,-78.6450832771228,35.87965467152864,Six Forks Rd at Newton Rd
-78.64817462437615,35.88838617540472,-78.64706757591965,35.88928702455713,Six Forks Rd at Renwick Ct
-78.87819830918818,35.98837851206103,-78.87708969107977,35.98927948790154,Taylor St at Driver St (EB)
-78.62775288925697,35.79809957527071,-78.62664711104041,35.799000424691094,Wake Forest Rd at Clifton St
-78.81472587318032,35.92927152644247,-78.81361812709501,35.93017247351994,Page Rd at Foxridge Crescent
-78.90890441462362,36.0018795041686,-78.9077955856406,36.0027804957941,Gregson St at Lamond Ave
-78.88315172057261,35.99398464502678,-78.88156558241211,35.99495945538368,Holloway St at Chester St
-78.78109705089366,35.913529435458244,-78.77998954938573,35.91443036450407,Brier Creek Pkwy at Skyland Ridge Pkwy
-78.54314406752401,35.97239961649269,-78.54203593278595,35.973300383468704,Retail Dr at Target
-78.769900256853,35.82871553251909,-78.76879394342691,35.82961646744321,North Harrison Avenue & Weston Parkway
-78.73315487067738,35.78945254095151,-78.73204912960671,35.790353459010696,Chapel Hill Rd at Germantown Rd
-78.70620663778654,35.824876436122715,-78.70493236041322,35.825807563268334,Edwards Mill Rd at Ed Dr
-78.6807108576601,35.79050755759273,-78.67960514263056,35.79140844236928,Hillsborough St at Stanhope Ave
-78.89586320629377,35.99240507264013,-78.89466649739009,35.993926227252715,Liberty St at Queen St
-78.90317214574044,35.94940480187559,-78.90206405452393,35.95030579808711,Riddle Rd at Fayetteville Rd
-78.69331288746791,35.79409955384788,-78.69220711282122,35.79500044611419,Beryl Rd at Method Rd
-78.62113016275308,35.86670668258633,-78.62002343754587,35.86760751737542,Falls of Neuse Rd at Springfield Commons Dr
-78.68477834774639,35.84056872880962,-78.68354775030961,35.84147417120826,Crabtree Valley Ave at Creedmoor Rd (SB)
-78.64432661129567,35.84971315792399,-78.64282828387896,35.851722878130616,Six Forks Rd at Grace Lutheran Church (NB)
-78.90809622697749,35.95547088918252,-78.9067510712843,35.9563976109215,Fayetteville St at Tralea Dr (SB)
-78.90141406227875,35.97593302787184,-78.89888247730411,35.97755602577027,Lawson Ave at Fayetteville St
-78.85551970532906,35.98893875990773,-78.85416919203368,35.98987324024667,Holloway St at Joyland Ave (EB)
-78.66047191380852,35.79976256477984,-78.65936608648477,35.800663435182116,Oberlin Rd at Annapolis Dr
-78.71485404191698,35.81517654861816,-78.7137479583697,35.816077451343965,Edwards Mill Rd at Reedy Creek Rd (NB)
-78.59933332407125,35.86240958943716,-78.59822667623041,35.86331041052452,Atlantic Ave at Dixie Forest Rd
-78.5439133683227,35.87204960869423,-78.54280663198598,35.87295039126723,Louisburg Rd at Harnett Dr
-78.77155651175579,35.82212613151601,-78.77045028852383,35.82302706844633,North Harrison Avenue & Reseach Drive
-78.67999062606017,35.88682116505225,-78.67888357423163,35.887722034909714,Creedmoor Rd at Stonehenge Dr (NB)
-78.50616413338192,35.984039629972884,-78.50505586693285,35.984940369988394,Juniper Ave at White St
-78.71033708246529,35.82127455049874,-78.709230917822,35.82217544946336,Edwards Mill Rd at Macon Pond Rd (Raleigh Orthopaedic)
-78.88653871663249,36.00156313251692,-78.8852232833815,36.002586867319536,N Alston Ave at Lee St (SB)
-78.90713468973293,35.90221719425799,-78.90601501372872,35.903219405444204,NC 54 at Blanchard Rd (WB)
-78.61256903010649,35.84082842551022,-78.61128546721558,35.84194337453448,Falls of the Neuse Rd at Old Wake Forest Rd
-78.80892601492386,35.82070779041539,-78.8077728850606,35.82182500930572,Weston Parkway & Stamford Drive
-78.67647088919104,35.795299559307786,-78.67536511110019,35.79620044065424,Dixie Trail at Fowler Ave
-78.69310881569346,35.78374765313612,-78.69200318459556,35.784648546825935,Western Blvd at Kent Rd
-78.54051413723619,35.982529618144376,-78.53940586307421,35.98343038181702,Wake Union Church Rd at Food Lion
-78.64037015771522,35.787597949896444,-78.63798238405197,35.78876262996104,Halifax St at E Peace St
-78.63743686223359,35.79363957177883,-78.63633113806252,35.794540428183026,Cedar St at Harp St
-78.56279527398851,35.893368624023246,-78.56095972920427,35.89478237584415,Durant Rd at Capital Blvd
-78.67471192595605,35.78626965919343,-78.67360627433531,35.787170540768564,Yarbrough Dr at Dan Allen Dr (EB)
-78.91810886400906,35.96558049879365,-78.91700053625362,35.96648150116909,S Roxboro St at The Life Center of Durham
-78.57710557599447,35.84239959531774,-78.57599922430971,35.84330040464388,Calvary Dr at Louisburg Rd
-78.9306051780522,35.918768932116045,-78.92915141967627,35.91971936810151,Fayetteville Rd at Geneva Dr (Southpoint Glen Apts)
-78.88259106597577,35.98417729734951,-78.88115402518093,35.985849832379174,E Main St at Hyde Park Ave (EB)
-78.66298105305427,35.77941964751823,-78.66171163164512,35.780533680681614,Train Station
-78.64052780125444,35.78465657009994,-78.6394221990412,35.785557429861946,Salisbury St at Lane St
-78.91717352177818,35.93150014912705,-78.91590468069764,35.93241395088338,Fayetteville Rd at Juliette Dr (SB)
-78.60340523224201,35.84895558708216,-78.60229876805896,35.84985641287957,E Millbrook Rd at Atlantic Ave (EB)
-78.89801338717311,35.998510507059834,-78.89690461309242,35.999411492902816,Mangum St at W Seminary Ave
-78.90265115064349,35.995273377524335,-78.9014177522829,35.996343222438625,E Main St at Corcoran St (EB)
-78.91747199646521,35.94162099717494,-78.91636400379728,35.94252200278778,Martin Luther King Jr Pkwy at Lake Cook Dr (WB)
-78.62456421995459,35.876446846175966,-78.62339778009911,35.87760315334816,Falls of Neuse Rd at Fox Hunt Ln
-78.63890683578643,35.789736571007914,-78.63780116450945,35.79063742895397,Halifax St at E Franklin St
-78.58166264287019,35.83735979342039,-78.58055635743338,35.83826060654125,Capital Boulevard & Deana Lane
-78.88824494918705,36.015786099136726,-78.88683354755538,36.017014800940224,Foushee St at Avondale Dr (EB)
-78.86116725973395,35.99018491288873,-78.86004183903123,35.99133578702811,Holloway St at Southerland St (WB)
-78.79972605615256,35.82700472329133,-78.79861974412358,35.827905676671094,Weston Parkway & Centregreen Way
-78.68038830199336,35.78248715709412,-78.67928269829726,35.78338804286791,Faucette Dr at Weaver Labs
-78.84698615093609,35.93871891751517,-78.84587824933527,35.939619882447346,Ellis Rd at New Haven Dr
-78.76848058141493,35.82930550562693,-78.76699931051199,35.83095309476178,Harrison Oaks Boulevard & North Harrison Boulevard
-78.67690730079084,35.799285406291155,-78.6757068008862,35.80028549368226,Dixie Trail at O'Berry St (NB)
-78.90165093920483,35.98701003760119,-78.90040456139221,35.98799106213908,Lakewood Ave at Roxboro St (Southside Lofts)
-78.65723498993549,35.810930566661405,-78.65612901035833,35.8118314333005,Oberlin Rd at Greenway Ave
-78.9108691697036,35.984983044166555,-78.9096382302811,35.98596295575065,University Dr at Hill St
-78.89457027095453,36.034670178474144,-78.8921984469673,36.036331263292965,N Roxboro St at Hewitt St
-78.63165953401891,35.79271342467882,-78.63013846378627,35.7936735755732,Glascock St at Benjamin St
-78.5423483316923,35.866874608835246,-78.54124166861654,35.86777539112624,Wake Tech Community College - North
-78.7056423335646,35.85770155471504,-78.70453566672366,35.85860244524703,Glenwood Ave at Pleasant Valley Rd (Chili's)
-78.90037395521702,35.97952760494912,-78.89926544504802,35.98042859501352,Fayetteville St at Price Ave
-78.5830328921517,35.80112959024565,-78.58192710815129,35.802030409716004,Lake Woodard Dr at Summerdale Dr
-78.70106362490552,35.85414953451813,-78.69987537529529,35.855334464810966,Glenwood Ave at Holly Ridge Dr
-78.69435283623098,35.78664355295823,-78.69324716405794,35.78754444700383,Jackson St at Method Rd (Soccer Field)
-78.86772374302765,36.00278118091246,-78.8664792579424,36.00374981873511,Hardee St at Benning St (SB)
-78.61400165176592,35.86553948483755,-78.6128949485339,35.86644031512421,Volant Dr at Hemphill Dr
-78.6878238314557,35.78835616855513,-78.68573707237819,35.789404632371486,Ligon St at O'kelly St (King Village)
-78.70427228839971,35.79361875033852,-78.70316651188803,35.7945196496236,North Carolina State Fair
-78.68065916067818,35.83421246088879,-78.67955283961294,35.83511333907319,Homewood Banks Dr at Vilana Ridge (The Marq at Crabtree)
-78.91030040865927,35.99907360391487,-78.90739395954623,36.00035250878125,Main St at Gregson St (Brightleaf Square)
-78.54135339225864,35.87564460983045,-78.54024660805044,35.87654539013099,Perry Creek Rd at Louisburg Rd
-78.58298178043667,35.86521545238346,-78.58139111843467,35.866158047739624,Capital Boulevard & Sumner Boulevard
-78.89675436824176,35.995869507225756,-78.8956456320239,35.99677049273687,N Roxboro St at Holloway St
-78.90932595128741,35.956456161141766,-78.90813114564827,35.95751423882978,Fayetteville Rd at Timothy Ave (WG Pearson Elementary)
-78.51877288242419,35.961677323973106,-78.5176649178887,35.96257807598826,S Main St at Cimarron Pkwy
-78.90724577311735,35.98825113438411,-78.9059527264831,35.989160565609524,Blackwell St at Forest Hills Apts (NB)
-78.71439079186388,35.78594926875645,-78.71243040302082,35.787063132238494,Western Boulevard & Heather Drive
-78.57248446337361,35.86299743280896,-78.5708505304281,35.86455456748369,Sumner Blvd at Triangle Town Blvd
-78.62536025407725,35.80759137676492,-78.62425434622052,35.80849222319691,Wake Forest Rd at Whitaker Mill Rd
-78.79146804188798,35.87366840638405,-78.78937494588223,35.87536098527088,Zone 3: Park & Ride
-78.8975801961363,35.95218264808476,-78.89645950381374,35.953214051793786,Riddle Rd at Ancroft Ave (NB)
-78.6716106502147,35.85600446455607,-78.67034434716345,35.85710303548027,Millbrook Rd at Lead Mine Rd
-78.89969449961208,35.98591030562566,-78.89858590065313,35.98681129433701,Lakewood Ave at Fayetteville St
-78.86329353150951,35.877671508111035,-78.86218646875919,35.878572491851564,Davis Dr at Hopson Rd (NB)
-78.63093209416567,35.795726676142586,-78.6295963059321,35.7966300237925,Wake Forest Road & Chestnut Street
-78.90318110454211,35.986437904657635,-78.90207249572265,35.987338895305015,S Roxboro St at Chestnut St (NB)
-78.90687461384587,36.0018712047528,-78.90576578641858,36.00277219520988,Duke St at Corporation St
-78.90939610764511,35.99037334204133,-78.90758520955302,35.99203365990856,Duke St at Morehead Ave (Henderson Towers)
-78.72004237238227,35.77598344404661,-78.71893682790332,35.77688435591556,Athens Dr at Bouree Ct
-78.58735340047389,35.84722430809011,-78.58599560155736,35.84819269092914,Green Rd at Hallmark Pl (NB)
