min_x,min_y,max_x,max_y,name
-73.94059085163101,40.66132247666969,-73.93926084701718,40.66228042293353,Albany Avenue & East New York Avenue
-73.92392407382567,40.66367946158101,-73.92134617178786,40.669230379077334,Ralph Avenue & Eastern Parkway
-73.95194329446002,40.66696437306104,-73.94890796352449,40.670345741322926,Nostrand Avenue
-74.22843815397329,40.654726179439606,-74.2272090461038,40.65584472023431,South Elmora Ave at Cedar Ave
-73.91428565606817,40.63449966534404,-73.91130282876361,40.63680884999712,Flatlands Avenue & East 80th Street
-73.94011768914143,40.600190631297906,-73.93893361227639,40.60118976819189,Avenue U & Brown Street
-74.06942355250243,40.76665357297035,-74.06785764668088,40.76778492667856,County Ave At County Rd
-74.10448174319949,40.58274811652249,-74.10220932831425,40.58444468537631,Jefferson Avenue
-74.07868710674374,40.77066530938725,-74.07741738826154,40.771765590508025,Seaview Dr 1256' E Of Venture Way
-74.17522385000265,40.75701265999349,-74.17371664926667,40.757927740050576,Bloomfield Ave At Garside St
-74.12641597612927,40.558368663504545,-74.1237217128658,40.56015306246194,Hylan Boulevard & Montreal Avenue
-73.985161823,40.71474633778602,-73.98396917878202,40.715869762162015,Grand Street & Pitt Street
-74.17008823974778,40.75121941599197,-74.16890376037895,40.75212018397212,Broad St 275' S Of Clark St
-74.14016726289682,40.62999820998383,-74.1389849372338,40.630898989980246,Port Richmond Avenue & Catherine Street
-74.14824355280712,40.76550522152961,-74.14693594999875,40.76640807756543,Kearny Avenue at Quincy Avenue
-73.94806556235116,40.57692363109898,-73.94688423780829,40.57782436886479,Oriental Boulevard & Ocean Avenue
-73.99457153349897,40.686065333054714,-73.99338826665415,40.68696606690912,Court Street & Warren Street
-74.01682663256013,40.64566692395479,-74.01481286320974,40.646897135420886,52nd Street & 3rd Avenue
-73.98597554593294,40.642368230829945,-73.98479305422123,40.64326896913387,36th Street & Clara Street
-73.93850928162395,40.68138234065979,-73.93732611853767,40.682283059303934,Marcus Garvey Boulevard & MacDonough Street
-74.0782176918114,40.62633825464575,-74.07449430385623,40.62892380711453,Bay Street & Water Street
-74.08623193400672,40.70494845996315,-74.08320641338057,40.707164968068895,Martin Luther King Junior Drive at Stegman Street
-73.92850710632982,40.67415775413348,-73.92705158119335,40.6760776196697,Dean Street & Rochester Avenue
-74.14616597030086,40.63463924733078,-74.14431446524142,40.635994578003455,
-74.05484004369285,40.75046438893554,-74.05336635519184,40.75138331113706,Jfk Blvd At Thorne St
-74.09204395565045,40.58700773758008,-74.09016644333879,40.58827696156617,Hylan Boulevard & Cromwell Avenue
-73.93742994645162,40.63183659565547,-73.93416327587428,40.632941169209296,Avenue H & Albany Avenue
-74.05286782725453,40.72515466139945,-74.05148477887539,40.72639253863911,Newark Avenue at 6th Street
-73.92735702522025,40.61604350338696,-73.92590997797032,40.617189196673905,Utica Avenue & Avenue O
-74.17549016804902,40.785030588634626,-74.17392723647515,40.78629381150022,Franklin Ave at Clara Maass Dr
-74.07937154109413,40.698600136915275,-74.07767425610949,40.699898763134634,Richard Street
-74.3013145122615,40.68963119736878,-74.30013108784496,40.69053200259552,Us-22 at Greeley Ave
-74.33840220277766,40.59738928667946,-74.33722039732275,40.59829011328492,Inman Avenue at Wood Avenue
-74.1704059137654,40.57847930243883,-74.1692244863604,40.579380097525316,Richmond Avenue & Platinum Avenue
-74.1219951427589,40.571252907561494,-74.12081385737417,40.572153692402566,Amboy Road & 3rd Street
-74.05238087788607,40.746378930007864,-74.05119652225864,40.747279669956036,Summit Avenue at Griffith Street
-74.02912235685602,40.74446283292765,-74.02793804329221,40.74536356703622,Washington Street at 7th Street
-73.94521432483921,40.686124840054724,-73.94403107532142,40.687025559908996,Tompkins Avenue & Gates Avenue
-73.92039232401686,40.64128924019141,-73.91920987614724,40.642189959772296,Ralph Avenue & Preston Court
-74.07459803340193,40.712824619587636,-74.07322976616946,40.71373118040648,Ocean Ave At Union St
-74.27492649150442,40.50835330296288,-74.27102865712459,40.510877645761646,Perth Amboy Rail Station
-73.99275938410275,40.69797540669994,-73.98925073521866,40.70009599637308,High Street
-73.9919481188793,40.59028284599937,-73.9887921247115,40.59257475573248,Harway Avenue & Bay 41st Street
-74.15491737485344,40.533543729492,-74.15337551406843,40.535001336192,Hylan Boulevard & Richmond Avenue
-73.99178446182752,40.61910329283319,-73.98751722829374,40.62168058795685,18th Avenue
-73.94767161446565,40.655088845088414,-73.9461759566365,40.65631169811237,Clarkson Avenue & New York Avenue
-74.18397025122479,40.744723946514455,-74.1819773779274,40.74609381225112,Central Avenue at Norfolk Street
-74.05092406717061,40.73401051208962,-74.04970203083104,40.73523518778137,Palisade Avenue Between Beacon and Laidlaw Avenue
-73.92788151241717,40.64178511048255,-73.92473709451428,40.64298956836571,Kings Highway & Avenue D
-74.23544322093655,40.73275360623848,-74.23376527221163,40.73420259404714,Stuyvesant Ave at Cottage Pl
-74.16585844114,40.527406554648245,-74.16386285572965,40.52840464591073,Hylan Boulevard & Holdridge Avenue
-74.1819155429552,40.731976427723055,-74.17954723599802,40.73302402856764,D.m.l. King Blvd At Court St
-73.94837763255606,40.58825155751546,-73.94649406967282,40.58921134288452,Avenue Z & East 22nd Street
-74.03634901777231,40.75700410056906,-74.03497537808828,40.7579239995131,Palisade Avenue at 10th Street
-74.13108282833507,40.61200992218546,-74.12907642714127,40.613105816197184,Victory Boulevard & Perry Avenue
-74.15354880322113,40.53491892083494,-74.1506327385606,40.53693346535138,Hylan Boulevard & Winchester Avenue
-74.4306926686032,40.49802179968608,-74.42937162939167,40.498957299715144,Raritan Ave at N. Second Ave
-74.15549273144646,40.636295610020774,-74.15415716864018,40.63729108980726,Richmond Terrace & Van Pelt Avenue
-74.14794511671269,40.72001245638423,-74.14622938581562,40.72096894396958,Wilson Ave at Avenue K
-74.28589667132754,40.4577742807329,-74.28471732878022,40.458675119231415,Ernston Rd. at Nathan Dr.
-74.15838267673247,40.60758308108924,-74.15641632416207,40.608508219086175,Victory Boulevard & Crocheron Avenue
-73.92941641640023,40.651718916809,-73.92748728335027,40.6526320831775,Church Avenue & East 52nd Street
-74.05837210608858,40.60221203719375,-74.057050590089,40.60311676279741,New York Avenue & Tompkins Street
-74.00135769297184,40.57873050897424,-73.99989681872441,40.58111779065158,West 33rd Street & Bayview Avenue
-74.08785486000986,40.647310252300024,-74.08640393867552,40.648230047780906,Richmond Terrace & Westervelt Avenue
-74.0939514653679,40.41449459874924,-74.09277293476856,40.41539540121481,Garfield Avenue at Leonardville Road
-74.16421195049382,40.707400013235414,-74.1630282496336,40.70830078672867,Brewster Rd 100's of Airis Dr
-74.12048712201096,40.665373434760774,-74.11926187858583,40.666505065029696,Avenue C & 24th Street
-74.37161981268792,40.73389699441304,-74.37043558740802,40.734797805551324,
-74.00624495353975,40.64281392806506,-74.00506244661132,40.64371467189878,49th Street & 7th Avenue
-74.07614997479892,40.63251651803707,-74.07496762534144,40.633417281926896,Bay Street & Grant Street
-74.17743062933725,40.72736721329002,-74.17624657078825,40.72826798667411,Broad St At Lincoln Park
-74.29880280847864,40.54909478875801,-74.29725879198722,40.55000381127932,Woodbridge Center Drive at Plaza Drive
-73.95793923433446,40.64164353473893,-73.95675676582393,40.642544265224856,Flatbush Avenue & Dorchester Road
-74.01311223114456,40.719317933115825,-74.01192836900594,40.72021866684802,West Street & North Moore Street
-73.96261297228178,40.61727778336612,-73.9611748269307,40.61834921645665,Avenue M & East 13th Street
-74.15294446405188,40.78802902085192,-74.15175933607766,40.78892977911216,Washington Ave At Academy St
-74.19254046017534,40.782023213152456,-74.19083004289922,40.783299286733794,Bloomfield Ave At Watsessing Ave
-73.99027213733132,40.60564053636315,-73.98823163014224,40.60727116236226,Bay Parkway & 78th Street
-74.08397522372532,40.712917936760896,-74.0825151789417,40.713876562078056,Jfk Blvd At Morton Pl
-74.24753975337353,40.45618798903415,-74.24567284475556,40.457308409338204,NJ 35 at Laurence Parkway
-74.07248559309632,40.77824205106729,-74.06853364473602,40.78059728292903,Enterprise Ave At Secaucus Rd
-74.11713627492463,40.66539194008947,-74.11576832398569,40.6667661589469,Broadway At 25Th St
-74.12800168084274,40.57908895166037,-74.126797419153,40.580150348135575,Rockland Avenue & Nevada Avenue
-74.20736447736988,40.683590674173026,-74.20584222403424,40.68462362499976,Newark Ave at Durant St
-73.98130792154097,40.67573545098165,-73.9796371735409,40.677084649131295,5th Avenue & Union Street
-73.99687359812613,40.61278424940385,-73.9950863582591,40.61401524046326,18th Avenue & Bay Ridge Parkway
-73.95706926644458,40.576324479095184,-73.9521136961933,40.57843186817394,Oriental Boulevard & West End Avenue
-74.21381064983917,40.66411140552949,-74.2119490528696,40.66543859409692,East Jersey St at Jefferson Ave
-73.92743900821908,40.61241547222778,-73.92568132676553,40.61507336458156,Utica Avenue & Fillmore Avenue
-74.24635652481273,40.514159474669334,-74.24514787519144,40.515236725086496,Arthur Kill Road & Wood Avenue
-74.03356270068461,40.74479650643672,-74.03182860883247,40.746426294040084,Clinton Street at 7th Street
-74.20128517515624,40.52473580542159,-74.19891593646751,40.52631931079355,Prince's Bay
-74.09751256366872,40.6973601202014,-74.09611733964313,40.69828277989023,Jfk Blvd At Pearsall Ave
-74.00751394971898,40.72836282443994,-74.00627515168985,40.72956677537734,Hudson Street & West Houston Street
-74.08581781385303,40.63577405134479,-74.08461249036137,40.636780348390836,Jersey Street & Castleton Avenue
-74.17656599786133,40.61155373181219,-74.17496829880673,40.61251466852833,South Avenue & Lois Lane
-74.07203867217117,40.77712514273529,-74.07045812025311,40.77856655756815,Enterprise Avenue South 466 Feet South of Secaucus Road
-74.0389502878348,40.73648573099702,-74.0377661123119,40.737386468966875,Observer Highway at Luis Muñoz Marin Boulevard
-74.23877787148132,40.38976358020164,-74.23759972863321,40.39066441976264,NJ 79 at Orchard Pkwy
-74.30636086433161,40.467903549083886,-74.30458882894732,40.46939925117194,Washington Rd. at Coolidge Ave.
-74.28142325469267,40.47880228281774,-74.28024354541589,40.47970311714659,Bordentown Ave. at Stevens Ave.
-74.1573238130197,40.74842441724209,-74.156139387109,40.749325182722,Frank E Rodgers Boulevard at William Street
-73.91884895850413,40.650446357701604,-73.91739334917824,40.65182724244765,Remsen Avenue & Avenue A
-74.12127140957729,40.639821631435304,-74.12006628954445,40.64092376844968,Richmond Terrace & Tompkins Court
-73.98089589635268,40.716049337305876,-73.97971210380273,40.71695006265791,Delancey Street & Columbia Street
-74.31533356097106,40.56138111453857,-74.31417803530772,40.56232318513962,Harrows Gate (Gill Lane)
-74.1150567479354,40.67765256845215,-74.11354835444288,40.678640130402556,Jfk Blvd At 37Th St
-74.28240783074914,40.511703280571744,-74.27989139372939,40.51295870414839,Smith Street at Grace Street
-73.98001230627251,40.67763351286147,-73.97826558774517,40.6790731873223,5th Avenue & Saint Johns Place
-74.15106659813783,40.78647463724257,-74.14967210304881,40.78752686269872,Rutgers St at Cortlandt St
-74.17011326271435,40.558385981311815,-74.16874593608895,40.559429218631394,Richmond Avenue & Gurley Avenue
-74.08619505202982,40.595696913886826,-74.08501334810883,40.59659768607718,Hylan Boulevard & Quintard Street
-74.15719628185583,40.72785379047099,-74.15583642182561,40.72895830955583,Ferry St At Polk St
-74.01260869020898,40.636190786575845,-74.01101441529585,40.63751961362568,60th Street & 7th Avenue
-73.94225527724954,40.633866601572656,-73.94084052233583,40.63491549822357,Glenwood Road & Brooklyn Avenue
-74.12628139894001,40.662310685943694,-74.12412425532119,40.66432463132866,Jfk Blvd At 19Th St
-74.00268980855022,40.65266388766565,-74.00127608734032,40.65359551248925,5th Avenue & 36th Street
-74.19122360239142,40.78044591589721,-74.19003859773227,40.78134668406691,Bloomfield Ave At Berkeley Ave
-74.4044657214867,40.51372611785115,-74.40318267863174,40.514930181358515,Route 27 at Plainfield Avenue
-74.04033176112087,40.75599443234159,-74.03914723902571,40.75689516762231,Bergenline Avenue at 7th Street
-74.05031587638646,40.72272622500934,-74.04871562871752,40.724036875165176,Newark Avenue at Monmouth Street
-74.20046721250768,40.73418373083076,-74.19753013487475,40.73553570236534,16Th Ave At South 7Th St
-73.9447108140438,40.61116960554795,-73.94352079926034,40.61357619430313,Nostrand Avenue & Avenue P
-74.19470162522374,40.77102129155817,-74.19329457302054,40.77194000852196,1st Ave at Warwick St
-74.20362901346363,40.689580480021704,-74.20200898650839,40.690706019360675,Frelinghuysen Ave at Mcclellan St
-73.93320113470652,40.62730011092339,-73.93177876964802,40.62847528916163,Kings Highway & Avenue J
-74.17378623646162,40.615075304916296,-74.17260416366385,40.61597609504783,South Avenue & 1000 South Avenue
-74.09823147130943,40.6334562990747,-74.09680932940603,40.63451250078639,Castleton Avenue & Brighton Avenue
-73.94392496570852,40.64075235701578,-73.9425671328935,40.64179384294841,Avenue D & East 35th Street
-73.98700941568208,40.6728940330741,-73.98582638447209,40.67379476688968,4th Avenue & 4th Street
-73.96224385087997,40.60227350982514,-73.9608719466966,40.60374808943581,Coney Island Avenue & Avenue S
-74.16234638565842,40.52887669411287,-74.16041421190674,40.52985160629891,Hylan Boulevard & Arden Avenue
-74.1390965537287,40.77148839586864,-74.13790154459214,40.77261690406844,Elm Street at Laurel Avenue
-73.97288998580039,40.61378733176779,-73.97099231634239,40.61474546862256,Avenue N & East 3rd Street
-74.15942525393974,40.53009299534152,-74.1575543442852,40.531047104936775,Hylan Boulevard & Woods of Arden Road
-74.06136028408571,40.74095400067301,-74.05794759914401,40.74461638306928,Jfk Blvd At Spruce St
-74.02435361371515,40.62659662434286,-74.02317138643308,40.62749737562104,5th Avenue & 78th Street
-74.11133012672121,40.72676076001204,-74.1101358717847,40.727777339360074,Central Ave 175'S Of Ford Lane
-74.18411593521304,40.76961504796852,-74.18243725506346,40.77102514511738,Roseville Ave at Bloomfield Ave
-73.99128912267408,40.71228935950569,-73.9829444560305,40.71510744603566,Madison Street & Montgomery Street
-73.96346531291451,40.65968567246706,-73.96040388573228,40.663619354757145,Prospect Park
-74.27816354646555,40.60515123903475,-74.27496788962789,40.60819640161827,Rahway
-74.03946231443848,40.61646123112829,-74.03813218932548,40.617978868531075,Shore Road & Ridge Boulevard
-74.21548277018927,40.66509651457005,-74.21401872975038,40.665999685393956,Broad Street at Jersey Street
-73.93876234315333,40.63171963673734,-73.93758005700789,40.63262036322638,Avenue H & East 40th Street
-74.08345695075687,40.707111109975436,-74.08223695210118,40.708076689876286,Martin Luther King Drive at Wilkinson Avenue
-74.17674190963685,40.72809707112018,-74.17544469170083,40.72939012841541,Broad St At West Kinney St
-74.16922228666388,40.554531177186504,-74.16793080881037,40.555629422764156,Richmond Avenue & Leverett Avenue
-74.1316258728476,40.73306621906509,-74.13044172728495,40.73396698089897,Ferry St At Lockwood St
-73.98356139898891,40.62575822986776,-73.98237920116551,40.62665897009604,18th Avenue & 53rd Street
-74.09439284857625,40.58465878859059,-74.09173398187639,40.586720500105834,Hylan Boulevard & Buel Avenue
-74.18816397775136,40.73122356058656,-74.18655692092727,40.73215323955046,West Kinney St At Prince St
-74.07603583053123,40.78564423003607,-74.07485076961008,40.786544969927874,Meadowlands Pkwy 373'N Of American Way
-73.95444677880957,40.59867325068899,-73.9526514238173,40.59963774972899,Avenue U & East 18th Street
-73.9474018292746,40.65262643711659,-73.94621917088547,40.65352716284715,New York Avenue & Linden Boulevard
-74.19738498983119,40.699991808916025,-74.19620141029114,40.70089259104815,Frelinghuysen Ave at Dayton St
-74.14033840357722,40.77018712093523,-74.1391535965542,40.77108787902881,Elm Street at Columbia Avenue
-74.42944980495868,40.48066710930729,-74.42820237720666,40.48160935427256,Henderson Apartments
-74.21386177852432,40.55414891577378,-74.21235652488123,40.55533888429302,Rossville Avenue & Veterans Road West
-74.23978144849795,40.52437959061875,-74.23860095161704,40.525280409345505,Arthur Kill Road & South Bridge Street
-74.18858925094655,40.72257839770083,-74.1873961502014,40.723645102247026,Clinton Ave At Avon Ave
-74.142332061017,40.54587444468173,-74.14053624184724,40.546931453387124,Hylan Boulevard & Great Kills Road
-74.04263110177156,40.73798563062865,-74.04144689837457,40.73888636933527,Paterson Avenue at Harrison Street
-73.95183232417527,40.635369776794654,-73.95040568445313,40.63680882330893,Flatbush Avenue & Rogers Avenue
-74.0867257501624,40.61818081557887,-74.08554364997629,40.619081584385135,Van Duzen Street & Waverly Place
-74.2090526294235,40.70291121482423,-74.20724035631183,40.70462030054149,Elizabeth Ave at Vassar Ave
-74.20793192555848,40.55698744861508,-74.20579080913083,40.55808913343126,Arthur Kill Road & West Service Road
-74.07214540648992,40.72578092751027,-74.0699462132222,40.72723857745125,Montgomery Street At John F. Kennedy Boulevard
-74.00572665781885,40.63941953886646,-74.00401664184993,40.6405942604176,8th Avenue & 52nd Street
-73.94790136932976,40.657152337398344,-73.94671863083028,40.658053062565386,New York Avenue & Winthrop Street
-74.1218528124727,40.66373422860164,-74.1206293886802,40.664892871251396,Aveue C at 22nd Street
-73.99326671407513,40.689172844211996,-73.99170556912749,40.690326644630986,Atlantic Avenue & Court Street
-74.25071316066324,40.50278568779481,-74.24953303945003,40.503686512169445,Hylan Boulevard & Connecticut Street
-73.93309906328973,40.67864673553428,-73.92810983048103,40.67995919158858,Utica Avenue
-74.02451954471185,40.633949492134306,-74.02217429484695,40.63667268156415,Bay Ridge Avenue
-74.06969059577405,40.72243680747836,-74.06850410728784,40.72368159246098,Monticello Avenue at Fairmont Avenue
-74.05159436492177,40.74305254455914,-74.05027923316152,40.74441775491356,Central Avenue at Franklin Street
-73.94472122342795,40.67899368839717,-73.93697444316874,40.680755214367274,Kingston-Throop Avenues
-73.92808787680933,40.59433615642909,-73.92676315389129,40.595488647614765,Gerritsen Avenue & Channel Avenue
-73.97782929701764,40.624051776347365,-73.97523996075161,40.62662427218022,Avenue I
-73.95642027611413,40.69048183063078,-73.95480342090552,40.691719369296614,Bedford Avenue & DeKalb Avenue
-73.92804704428265,40.62276777117567,-73.92670855123714,40.6243723284208,Utica Avenue & Avenue L
-74.0662458470449,40.731356927037424,-74.06506175309758,40.73225767292651,Jfk Blvd East Of Tonnelle Ave
-74.04268533406452,40.74694263538073,-74.041472766631,40.74804306449122,Palisade Avenue at South Street
-74.04059665745459,40.75030450563327,-74.03880723106317,40.75196111677488,Palisade Avenue at Paterson Plank Road
-74.05472031595248,40.743169286549914,-74.05337328083381,40.74408051348625,Summit Avenue at Manhattan Avenue
-74.4264725514376,40.499341971524764,-74.42529244864913,40.500242828439696,Raritan Ave at S. Fourth Ave
-74.07744771179105,40.768321367368316,-74.0756897968928,40.769905833066694,Seaview Dr. Extension 1980' W Of New County Rd
-74.17052931846138,40.75645636784408,-74.16908917964965,40.757558532112796,Broadway At 4Th Ave
-74.36159946362815,40.53973515227219,-74.3581327002121,40.54181692986014,Metuchen Rail Station - Main Street at Woodbridge Avenue
-73.94590374876418,40.66618903839482,-73.9447208513962,40.66708976156891,Brooklyn Avenue & Carroll Street
-74.02708466856589,40.62078630906526,-74.02534322888027,40.62221991170908,5th Avenue & 86th Street
-74.31450213512193,40.52790616078059,-74.31331166535541,40.52891413902554,New Brunswick Avenue at Corrielle Street
-74.00312700389588,40.580490223617005,-74.00194559625525,40.58139097634685,Bayview Avenue & West 36th Street
-74.20254261440226,40.75426930766159,-74.2007268804535,40.755296493083,Steuben St At Sussex Ave
-74.11777368115595,40.55294120664068,-74.11659271897766,40.553841993323374,Mill Road & Delwit Avenue
-74.24730199329964,40.42653198218678,-74.24612320681378,40.42743281777749,Morristown Rd. at Ravine Dr.
-74.06521808197381,40.599495416851866,-74.06403631816805,40.600396183112096,Lily Pond Avenue & Major Avenue
-73.98090105041244,40.64645390910564,-73.9793511254299,40.64785028030552,Caton Avenue & McDonald Avenue
-74.22261891528021,40.71375500724996,-74.22143508483835,40.71465579271424,Lyons Ave At Fabyan Place
-74.46565417157923,40.52321210753013,-74.46355160715608,40.52449441521323,Science Buildings
-74.12921064085133,40.794444482553196,-74.1279881592835,40.79554481719287,Ridge Rd at Ridge Park Dr
-73.95043309416448,40.5899121156024,-73.94910080257067,40.591407283930586,Ocean Avenue & Avenue Y
-73.96674313528277,40.62879513734936,-73.96542766011392,40.63038516232708,Coney Island Avenue & Avenue H
-73.90436448866416,40.63267227464546,-73.90314731146906,40.63376272502912,Avenue L & East 85th Street
-74.21574739119144,40.54102079447429,-74.21456660892733,40.5419216054899,Woodrow Avenue & Winant Avenue
-73.98413540108635,40.67218843849179,-73.98243189704623,40.67342256114384,5th Avenue & 3rd Street
-74.06119943652723,40.60507817361739,-74.05912995502766,40.60691311788255,New York Avenue & South Road
-73.93633344797878,40.67762364068377,-73.93515035218313,40.67852435927993,Troy Avenue & Atlantic Avenue
-74.24393650749798,40.736447050196226,-74.24158579474515,40.73773893194309,Mt. Vernon Pl At Norman Rd
-73.91419109653607,40.604275838219884,-73.9130093036287,40.6051765617438,National Drive & East 66th Street
-73.93720716582325,40.668308139827076,-73.93602423433848,40.66920886013664,Troy Avenue & Eastern Parkway
-74.01597016609672,40.6259939049075,-74.01476103431429,40.62707759494452,Fort Hamilton Parkway & 74th Street
-74.30244326816899,40.43443551988501,-74.30071443147365,40.4356194793765,Rt 9 & Perrine Rd
-73.95078012469016,40.673643025818,-73.94956497290187,40.674893474075475,Nostrand Avenue & Prospect Place
-74.02750940240489,40.74962963354774,-74.02632499774363,40.750530366416136,Washington Street at 11th Street
-73.98795525951749,40.699464919406495,-73.9860431447111,40.702956014896245,York Street
-73.95537125447744,40.64398113529043,-73.95418874568136,40.64488186467334,Bedford Avenue & Beverly Road
-74.04981983929339,40.74207723000552,-74.04863556085166,40.742977969958396,Franklin Street at Hancock Avenue
-73.96130888894032,40.634873614732854,-73.9594323057125,40.635916686100146,Foster Avenue & East 18th Street
-74.47090077140236,40.523928870075274,-74.4697202286777,40.52482972988924,RBHS
-73.90995232874246,40.61860111778608,-73.90664354161298,40.620406956845926,Avenue U & East 71st Street
-74.30576674121033,40.41549467382089,-74.30408506358884,40.41684142630353,Rt 9 & Jake Brown Rd
-74.0650028503089,40.71211679816975,-74.06351595596152,40.7134245020029,Communipaw Ave At Woodward St
-74.17040429151706,40.57604097052218,-74.16816360375277,40.57728301514408,Richmond Avenue & Yukon Avenue
-74.03051190807183,40.73983853848221,-74.02931478496568,40.74154246141672,Washington Street at 3rd Street
-74.13495717720069,40.56463890075706,-74.13351902535771,40.565759299268265,Clark Street & Montreal Avenue
-73.99339617414225,40.69132884947514,-73.98853459921145,40.694857466670605,"Borough Hall (4,5)"
-73.98697212038844,40.684739434006204,-73.9857888797658,40.6856401659576,Bergen Street & Bond Street
-74.12491968057248,40.62166031938196,-74.12368272341361,40.62308478051047,Manor Road & Kingsley Avenue
-73.98095114628335,40.6990965359714,-73.97976765387193,40.699997263992394,Navy Street & Sands Street
-74.13542530173946,40.452260296647886,-74.13424609839095,40.45316110331622,Carr Avenue at Center Avenue
-73.94536434224145,40.57730673027071,-73.94378575507206,40.578293368376855,Oriental Boulevard & Hastings Street
-73.8905947259647,40.63318657859921,-73.88852231300707,40.63450315602999,Rockaway Parkway & Seaview Avenue
-73.948213980135,40.66969003833407,-73.94703102002504,40.67059076162967,New York Avenue & Eastern Parkway
-73.94086220186507,40.5908750735134,-73.93952489486006,40.592376926000185,Nostrand Avenue & Avenue Y
-74.08626317262404,40.62073791583704,-74.08508102751472,40.62163868412694,Van Duzer Street & Young Street
-73.90005987615591,40.64646191801816,-73.89821695068957,40.64794144369069,Glenwood Road & East 102nd Street
-74.22534903214057,40.71432578972841,-74.22302597494155,40.715777044919676,Lyons Ave At Stecher St
-74.1540777234026,40.62527630798185,-74.15289547672593,40.626177091982264,Forest Avenue & Simonson Avenue
-74.16996550620966,40.7410055264032,-74.16862649121852,40.74206247361003,Central Ave at Broad St
-74.05158380859257,40.719112202193784,-74.05005098892646,40.72005269802055,Montgomery St At Monmouth St
-74.09180860042159,40.70228767498401,-74.09059400062141,40.70341602489934,Jfk Blvd At Wade St
-73.9849126104989,40.58724237035114,-73.982936510188,40.59022603386985,Bay 50th Street
-73.94562011547532,40.61708803459471,-73.94443808468478,40.61798876536903,Nostrand Avenue & Avenue N
-73.9423779330166,40.687110740544064,-73.94119466714446,40.68801145941967,Throop Avenue & Gates Avenue
-74.4475329179206,40.495272169574285,-74.44635288216291,40.49617303039022,
-74.07097411698409,40.5923059894763,-74.06850923918893,40.593318834518634,Olympia Boulevard & Orlando Street
-74.275983898526,40.52581635007143,-74.27464940405106,40.526870849938355,Amboy Ave. at Alpine St.
-74.17887056524573,40.606367391487936,-74.17701943599381,40.60730050872937,Teleport Drive & South Avenue Entrance
-73.94754824309796,40.654189037217634,-73.94636555706211,40.655089762746094,New York Avenue & Lenox Road
-74.03938879256691,40.725728730097075,-74.03820480757963,40.72662946986682,Newport Centre Mall
-74.14851771809263,40.771678920089094,-74.14733288203752,40.77257967987498,Belgrove Drive at Midland Avenue
-74.09451643424354,40.638911616225826,-74.09333396589409,40.63981238373818,Prospect Avenue & Lafayette Avenue
-74.12572343416691,40.63118440157762,-74.12421286679137,40.63223069774869,Post Avenue & Clove Road
-73.9805447386256,40.66430703330612,-73.9793618615295,40.665207766657666,8th Avenue & 11 Street
-73.94261396866762,40.65538878726374,-73.94122402928711,40.65646731273005,Clarkson Avenue & East 38th Street
-74.14733334579174,40.729738116944645,-74.14614925433838,40.73063888301941,Mott St At Market St
-73.95372988102228,40.620694666162,-73.95235311720319,40.62175793381913,Avenue L & East 23rd Street
-73.92917811954499,40.63206407651143,-73.92757007632063,40.63338304683937,Utica Avenue & Avenue H
-74.09644097266555,40.68948356290417,-74.09475382413765,40.69045383749315,Garfield Ave At Gates Ave
-73.9893562618383,40.6412685384609,-73.9876332435382,40.64265596170811,39th Street & 12th Avenue
-74.19091683686442,40.728819036910686,-74.18920130225122,40.731053034665315,Irvine Turner Blvd At Spruce St
-73.99263792757326,40.589640582280175,-73.99113907018695,40.59123081632914,26th Avenue & Shore Parkway North
-74.41749139509719,40.50443127263734,-74.4163112049909,40.50533212732713,
-74.09527655073181,40.69962516978492,-74.09361705150292,40.700669328812644,Jfk Blvd At Danforth Ave
-74.23818928074587,40.5390996974347,-74.2369315177999,40.54035620224869,Arthur Kill Road & Storer Avenue
-73.97443611627514,40.69584113663303,-73.9732526838811,40.69674186333075,Park Avenue & Carlton Avenue
-74.43911637429225,40.52461427251362,-74.43793582579265,40.52551512745085,Livingston Plaza
-74.06313582218462,40.716372603280284,-74.06039740266893,40.717778466341116,Grand Street at Johnston Avenue
-73.97847458993161,40.64310497450972,-73.97652850582365,40.644128426208106,Church Avenue & East 3rd Street
-74.19060088528224,40.710886010521136,-74.18941711484116,40.711786789443,Frelinghuysen Ave at Peerless Pl
-74.00406735741396,40.64045703396896,-74.00279837133776,40.64236013772917,8th Avenue & 50th Street
-73.97503996825988,40.61358350779756,-73.97297371951714,40.616383764540146,Avenue N
-74.21376050766204,40.714052530017455,-74.21243579192681,40.71533336910075,Clinton Pl At Bragaw Ave
-73.97916707100858,40.68515601876959,-73.97200047371291,40.68835109930967,Lafayette Avenue
-73.90337693044106,40.644313938378176,-73.9007680986707,40.6478414782987,Rockaway Parkway Subway Station
-73.99127503320777,40.575489027087926,-73.98942776070214,40.57654707382237,Mermaid Avenue & West 23rd Street
-74.00029185632094,40.57465625387882,-73.99834684291432,40.57558504621582,Mermaid Avenue & West 32nd Street
-73.94415457037275,40.63374925356246,-73.94272222950089,40.63479864615816,Glenwood Road & East 35th Street
-74.20014806734048,40.7421087104104,-74.19896103472183,40.74324428953714,S 10Th St At 13Th Ave
-73.99984589877423,40.59933467920337,-73.9986593997258,40.60043012074276,Bath Avenue & 21st Avenue
-74.23709028102854,40.73609371553581,-74.23586601996792,40.73724188430464,Sanford Ave At Ivy St
-74.10903760862936,40.57148795915602,-74.1072253923126,40.5726448395657,Hylan Boulevard & Burbank Avenue
-74.37723582305917,40.574943738618174,-74.37580057621439,40.57585596141334,Plainfield Road at Oak Tree Road
-73.92203855258742,40.667141941969675,-73.9208556475766,40.66804265799403,East New York Avenue & Union Street
-74.21239601933814,40.75981708295056,-74.20853857561107,40.76209945338357,East Orange
-73.95660831618366,40.622563960099704,-73.95496387345851,40.624106097437554,Ocean Avenue & Avenue K
-74.17916963425881,40.69001237805437,-74.1759576690768,40.6917973406346,Terminal B
-74.18707589263379,40.763647062505626,-74.18588470986515,40.76483903743757,Roseville Ave at 3rd Ave W
-74.01131024358916,40.62703463158378,-74.00966796109155,40.628349668550094,Bay Ridge Avenue & 10th Avenue
-73.96925054509452,40.67913959029831,-73.96695256588963,40.68047825376843,Vanderbilt Avenue & Dean Street
-74.0120581041974,40.71411697956246,-74.00976870409664,40.71706293725522,Chambers Street & Greenwich Street
-74.11434106649655,40.628722079600976,-74.11315293279392,40.62974662034355,Forest Avenue & North Burgher Avenue
-74.10436952316152,40.72788087025255,-74.10270398167792,40.729213029884924,Lincoln Hwy At Hackensack Ave
-74.01293932470125,40.67723870269602,-74.01139026750673,40.67868189759794,Van Brunt Street & Sullivan Street
-74.02096508666168,40.623595824563765,-74.01978291348702,40.6244965754001,7th Avenue Service Road South & 79th Street
-74.02989393413118,40.74188523262285,-74.02870966601691,40.74278596734102,Washington Street at 5th Street
-74.00378047050326,40.576680323229425,-74.00259912964776,40.577581076734425,West 37th Street & Neptune Avenue
-74.24927150128805,40.42741658205216,-74.24809269882509,40.428317417912126,Matawan Rd at Briarwood Dr.
-74.19557486149921,40.5607386982215,-74.19439373862268,40.56163950174268,Arthur Kill Road & 1666 Arthur Kill Road
-74.00832506503386,40.64407422787954,-74.00714253511688,40.6449749720843,49th Street & 6th Avenue
-73.96566356765325,40.650257597123705,-73.9643729335204,40.651246802856036,Caton Avenue & East 16th Street
-73.96424355905418,40.68958723758898,-73.96306024110358,40.69048796237477,DeKalb Avenue & Ryerson Avenue
-74.25054704145529,40.512006188532865,-74.24936675865806,40.512907011431395,Arthur Kill Road & Main Street
-73.99779353884102,40.6236108634273,-73.99502003933775,40.628388704277924,New Utrecht Avenue
-73.88830183645902,40.634525717271025,-73.88705346407126,40.63570008238337,Seaview Avenue & East 100th Street
-74.00580745479506,40.653411904890774,-74.00232977971811,40.656188502173606,36th Street
-74.05548127124949,40.74184280407449,-74.05429612616668,40.743043295867245,Summit Avenue at Carlton Avenue
-74.17187407198016,40.792315580785946,-74.17021127588914,40.794168888629684,Belleville Ave at Franklin Ave
-73.95737752736801,40.65433594984676,-73.95528458229325,40.656264918905656,Clarkson Avenue & Bedford Avenue
-74.0014028019599,40.710127874084534,-74.00019060270212,40.71116122563962,Pearl Street & Pearl Street
-74.14503902997643,40.62220983457247,-74.14360066870975,40.623296065322926,Willowbrook Road & Houston Street
-74.07895980905789,40.64121075530929,-74.07528714216133,40.64266267451495,Bay Street & Stuyvesant Place
-73.96920233685287,40.685918253957254,-73.96752176236889,40.68702514515342,Vanderbilt Avenue & Greene Avenue
-74.19299343266698,40.77046562598957,-74.1913638686836,40.771393674178114,1st Ave at Ampere Pkwy
-74.04462207681746,40.75985638673571,-74.0431227252668,40.76085381225168,JFK Boulevard at 10th Street
-73.95385584684286,40.60805114714889,-73.95253634930319,40.60958015247568,Ocean Avenue & Quentin Road
-74.0104190890775,40.651860340564554,-74.00882301340415,40.65306055935833,3rd Avenue & 41st Street
-73.97320085493195,40.647292248658445,-73.9706755620363,40.64897469814586,Coney Island Avenue & Caton Avenue
-74.21639575192638,40.66146510382611,-74.21521284819285,40.66236589613808,Rahway Avenue at Broad Street
-74.07710657094329,40.70886586745535,-74.07581122535804,40.71034773225011,Ocean Ave At Carteret Ave
-73.99395266225353,40.59497033617577,-73.99230714378311,40.59635386406561,Bath Avenue & 24th Avenue
-74.08482946908555,40.62036331598814,-74.08364733105346,40.62126408397586,Targee Street & Young Street
-73.94014848867913,40.67052105214114,-73.93832991710224,40.67155984869726,Saint Johns Place & Albany Avenue
-74.01264924693479,40.61234244260009,-74.01142665459267,40.61352645727642,86th Street & 14th Avenue
-74.18667354263643,40.773795215884284,-74.18548865748792,40.77469598407983,Bloomfield Ave At North 13Th St
-73.99991615908435,40.71144893430377,-73.9987324410681,40.71234966566005,Madison Street & Saint James Place
-73.93790126606149,40.602905390225864,-73.93609783397716,40.6040917088865,Gerritsen Avenue & Avenue T
-74.12264353436838,40.55890990651788,-74.12146246576452,40.55981069344619,Hylan Boulevard & Brook Avenue
-74.19586508672354,40.733535811709594,-74.1946809133992,40.734436588254546,16Th Ave At Bergen St
-73.95269451105446,40.62790385923898,-73.95145258459918,40.629383740615296,Bedford Avenue & Avenue I
-74.05431984561766,40.72013922770144,-74.05313595452657,40.72103997226248,Montgomery St At Colgate St
-74.15204089027515,40.790366939833966,-74.15075261430798,40.791454760068426,Washington Ave at Holmes St
-74.17816225677305,40.75545908963838,-74.17635689059179,40.75691802463179,Sacred Heart Cathedral
-74.14695931886403,40.60218740700775,-74.14577748126543,40.60308819295633,
-73.98613245016007,40.609290081570826,-73.98475924830944,40.61070201752578,Bay Parkway & 71st Street
-73.98137618242534,40.68056193446144,-73.98019301772976,40.68146266550238,4th Avenue & Warren Street
-74.1913632731534,40.6869025085592,-74.1901799269698,40.68780329140494,Terminal A
-74.23189846963635,40.424062483605816,-74.2307197304794,40.42496331635843,Matawan Ave. at Aberdeen Rd.
-74.1585133531631,40.78670832010155,-74.15732824696559,40.78760907986253,Belleville Ave at Dewitt Ave
-74.29859190267376,40.403912375286666,-74.29741349743182,40.4048132246777,Civic Center
-74.26695198522953,40.69838100143905,-74.26576841488219,40.69928179852523,Stuyvesant Avenue at Haines Avenue
-74.19230065241162,40.74100291268944,-74.1911163477117,40.74190368727471,Hospital
-74.05611552917047,40.73662170257837,-74.05431792529036,40.738468236326476,Central Avenue at Beacon Avenue
-73.93595809070806,40.60092500644986,-73.9325979945444,40.60324415199025,Avenue U & Gerritsen Avenue
-74.19754849909968,40.51864315682507,-74.19617810351193,40.51972344320053,Hylan Boulevard & Seguine Avenue
-73.97366209534574,40.651891893241334,-73.9720550339432,40.654065409410634,Prospect Park Southwest & Greenwood Avenue
-73.92500727110753,40.64778154847304,-73.92359142758906,40.6488551514406,Kings Highway & Tilden Avenue
-74.41446073600416,40.58117685294499,-74.41303005953026,40.582871846336914,Lakeview Ave at Elm St
-73.99479517056199,40.66701770968615,-73.99326022630432,40.668706488932195,3rd Avenue & 15th Street
-73.94559298685355,40.61537593107615,-73.94385579485586,40.61678213958149,Nostrand Avenue & Kings Highway
-73.95797814040259,40.67298049088615,-73.95645125945371,40.67388620908549,Sterling Place & Franklin Avenue
-74.30656404807209,40.40864893958174,-74.30485815882517,40.41011646072257,US 9 & Fairway Lane
-73.97418712226704,40.682397648406884,-73.9727850834438,40.6836243516622,Atlantic Avenue & South Portland Avenue
-74.22850632672031,40.72581303652946,-74.2263877129817,40.72710395419135,Irvington Bus Terminal
-74.06345202226876,40.73678215438354,-74.06193727510446,40.73841084423984,Jfk Blvd At Saint Pauls Ave
-74.03813040029445,40.63535306434916,-74.03547412441357,40.637643101961054,Shore Road & Mackay Place
-74.17298344758862,40.77691250192842,-74.17177185053497,40.77810149797317,Heller Pkwy at Forest Hill Pkwy
-74.17533363394018,40.62611183327735,-74.17299265818328,40.627291968384654,Forest Avenue & Elizabeth Road
-74.18748946185286,40.77486289240224,-74.18592973703893,40.77591410683658,Bloomfield Ave At Belmont Ave
-74.13558137052449,40.78600010206532,-74.13416972957484,40.78690129791774,Ridge Rd at Abbott Pl
-73.93260015340564,40.58761033418956,-73.93141864675623,40.588511065774135,Voorhies Avenue & Knapp Street
-74.17724933088455,40.7780377503666,-74.17481711552591,40.77931381988873,Heller Pkwy 220'e of North 6th St
-74.04146699267122,40.62387082185238,-74.04028480747439,40.624771578111535,Shore Road & 88th Street
-73.96197039061843,40.67058263642622,-73.96078740953953,40.671483363537554,Classon Avenue & Eastern Parkway
-73.93894803194208,40.6757525401552,-73.93776496821943,40.6766532598085,Dean Street & Albany Avenue
-74.13019193797126,40.565044669453144,-74.12845535492787,40.56654253084725,Amboy Road & Guyon Avenue
-74.21097286309525,40.54105534112171,-74.209555234865,40.54202145808207,Woodrow Avenue & Hellos Place
-74.16761524315149,40.58421560462457,-74.1660793512481,40.58552659556549,Ring Road & Ring Road Westbound
-73.98364676471161,40.576437325998114,-73.98246543544246,40.5773380739657,Mermaid Avenue & West 15th Street
-73.97073369895733,40.63370934784591,-73.96896979676536,40.634711452742664,18th Avenue & East 8th Street
-74.05790936352795,40.75592503003642,-74.05672483661596,40.7568257699275,Nj International & Bulk Mail Center
-73.95726061892522,40.685197938243995,-73.95607738123357,40.68609866171976,Franklin Avenue & Gates Avenue
-73.9622671352844,40.698245938548496,-73.96108366487371,40.699146661415256,Classon Avenue & Flushing Avenue
-74.03851229575751,40.71481762935899,-74.03732850438911,40.7157183706049,Grand St At Washington St
-74.07891839433746,40.78151742934706,-74.07773340580336,40.78241817061688,Harmon Cove Towers (Under Building)
-74.13337158001727,40.73384411891759,-74.132187420115,40.73474488104647,Raymond Blvd At Lockwood St
-73.94353436777958,40.577638831812145,-73.94235303238058,40.57853956815161,Oriental Boulevard & Jaffray Street
-73.98592756424654,40.62003586913936,-73.98426464128846,40.62140203106315,60th Street & 19th Avenue
-74.23414625198474,40.66119050191214,-74.23296334813178,40.66209129805209,"Jersey Ave at Elmora Ave #28660"
-73.980746506263,40.62882941127948,-73.97802848793785,40.630600905413324,18th Avenue & 47th Street
-74.18587847051693,40.765951511289366,-74.18466853142749,40.76713358863452,Roseville Ave at 2nd Ave W
-74.07633151882482,40.72178543016951,-74.07448867161884,40.723591632852894,Jfk Blvd At Kensington Ave
-74.18223178560487,40.725087795140844,-74.18078461172863,40.726035503772046,Clinton Ave At Thomas St
-73.98569129371565,40.576160066765965,-73.98379930821314,40.577112433586535,Mermaid Avenue & West 17th Street
-74.11341787261986,40.67399050537398,-74.11164222539408,40.67525999417621,Avenue C at 34th Street
-74.28005027297579,40.54898723707316,-74.27851863170038,40.550245663070626,Amboy Ave. at Albert St.
-73.91819106476706,40.6212534612407,-73.91684113381655,40.62263143795399,Ralph Avenue & Avenue M
-74.22598358733788,40.438549307048405,-74.22396591055373,40.43970529094381,NJ 35 at Cliffwood Avenue
-74.348149026551,40.53610023588715,-74.34695237332747,40.53714056397641,Amboy Avenue at Pierson Avenue
-74.13281158278166,40.60969350926942,-74.13162961735,40.61059429069464,Bradley Avenue & Purdy Avenue
-74.04667644008016,40.75025318645602,-74.0452944363272,40.7514107510675,Congress Street at Central Avenue
-74.36988928666104,40.49264777568895,-74.3687093134342,40.49354862427545,Mill Road at Saw Mill Pond Road
-74.10188561068216,40.69319255141312,-74.10031278985451,40.69410284864008,Jfk Blvd At Pamrapo Ave
-74.09120015965827,40.6953039285878,-74.0897564421952,40.6962264715261,Ocean Ave At Danforth Ave
-74.2579382415206,40.62564279666208,-74.25675595859214,40.626543603302174,Elizabeth Avenue at North Stiles Street
-74.0931239198596,40.605599092995604,-74.09024248667498,40.607497405869545,Richmond Road & Baltic Avenue
-73.95934797309799,40.5894698418605,-73.95604108661547,40.594368427894835,
-74.15048193771541,40.60426650675774,-74.14930006241353,40.60516729320637,
-73.92430373824482,40.65547781656559,-73.92302216313982,40.65675298305691,Remsen Avenue & Lenox Road
-74.41181304964077,40.50061379500536,-74.41024035283239,40.50161710367942,Woodbridge Ave at Duclos Ln
-74.28698285683971,40.51321328496036,-74.28580254326812,40.51411411500398,Smith Street at Convery Boulevard
-74.0883472472674,40.57238331179309,-74.08716595287079,40.57328408817093,Father Capodanno Boulevard & Hunter Avenue
-74.2548415601477,40.753472285439,-74.25203976515509,40.7562640854027,Mountain Station
-74.16122379705948,40.70656275274015,-74.15965676214655,40.70812897745391,Airport Terminal Shuttle
-73.95814515968094,40.58197531072725,-73.95692194388363,40.58296988908936,Neptune Avenue & East 12th Street
-73.91485328842829,40.6148172807223,-73.91343572842473,40.61580000067976,Avenue U & Mill Avenue
-74.33372350568966,40.59778368713786,-74.33254169441147,40.59868451282649,"Inman Avenue at Thelma Court (School #21)"
-74.4166909587771,40.58387288945418,-74.41522843922559,40.584800210679006,Plainfield Ave at Lane Ave
-74.16914736882894,40.720678013708735,-74.16796343129779,40.72157878625536,South St at Pacific St
-74.04852002503549,40.75217233654221,-74.04651957061013,40.75429461069043,Summit Avenue at North Street
-74.05940524935225,40.75429892971536,-74.0582207507914,40.75519967024854,U.s. Postal Facility At Bulk Door
-74.19991715298438,40.753592837710585,-74.1972859459821,40.75508757885002,Sussex Ave At South 15Th St
-74.28404888787331,40.481844608283836,-74.2827504100851,40.482862191708534,Stevens Ave. at Augusta St.
-73.95740215204955,40.6249569266235,-73.95533343340949,40.6265190497121,Ocean Avenue & Avenue J
-73.99950595085613,40.65920083313055,-73.99677650430166,40.661509908439214,25th Street
-74.08240909259833,40.64575061827948,-74.0812265075412,40.64665138168449,Saint Marks Place & Nicholas Street
-74.19718650756447,40.543188096670754,-74.19600569255708,40.544088903293456,Woodrow Road & Huguenot Avenue
-73.96502227364633,40.6655292813795,-73.96380672626663,40.666621418358545,Flatbush Avenue & Prospect Park Zoo
-74.07607619088232,40.634341418189216,-74.0748938092581,40.63524218177474,Bay Street & Swan Street
-74.31031770325416,40.688485196418924,-74.30913429685091,40.68938600354537,Us-22 1700'w of Monroe St N
-74.40500158168167,40.46259884107155,-74.40350721593929,40.46353415911092,NJ 18 at Old Bridge Tpke.
-74.11970342102063,40.62815576669277,-74.11834087550052,40.629261433346954,Forest Avenue & Elizabeth Street
-73.98032099859596,40.578949299389045,-73.97866069910543,40.579980799249334,Neptune Avenue & West 12th Street
-73.97781613212318,40.67177183131176,-73.97617776615111,40.6729711683943,7th Avenue & Garfield Place
-73.9575872352617,40.687038338341154,-73.95640396489706,40.6879390616226,Franklin Avenue & Greene Avenue
-73.96081057917371,40.67359351284738,-73.9595821209254,40.67470828675672,Sterling Place & Classon Avenue
-74.24752266581604,40.50342298817436,-74.24634253429771,40.50432381178991,Hylan Boulevard & Carteret Street
-74.28980649499002,40.69109850385114,-74.28858387182487,40.69200365081905,U.S.-22 at Hudson St
-73.95242591888054,40.59863331564425,-73.950431274418,40.60015927427732,Avenue U & Ocean Avenue
-74.13290217758713,40.63854183901491,-74.13081402164552,40.63951506122947,
-74.17337528395042,40.73359701423784,-74.17219111617574,40.7344977857263,City Hall
-74.42870422338413,40.49858042065181,-74.42712830277998,40.499695093199406,Raritan Avenue at 3rd Avenue
-74.46442892734919,40.58989662081624,-74.46210937292682,40.59165954335735,Dunellen
-73.99233734402696,40.624177038242465,-73.99111665588806,40.625272861452224,60th Street & 16th Avenue
-73.8879339122362,40.63090517049907,-73.88613279260255,40.631919530207846,Rockaway Parkway & Shore Parkway
-74.08903056578275,40.71390494618599,-74.0859575691519,40.71509384920407,West Side Ave At Grant Ave
-73.96731010595666,40.649560334020784,-73.96612749420036,40.650461065943006,Caton Avenue & Rugby Road
-74.23438202687457,40.67991078626441,-74.23270912727497,40.68190278825995,Kean University - Morris Avenue at Kean Drive
-73.92853339047171,40.62737347628294,-73.92719950545545,40.62893712330525,Utica Avenue & Avenue J
-74.16061242981598,40.745489661116935,-74.15928547102665,40.74649523883769,Harrison Avenue at North 2nd Street
-74.02126270402933,40.64823192645102,-74.02008009611949,40.64913267351283,53rd Street & 1st Avenue
-74.20097611237962,40.51783865777548,-74.19930108634584,40.51877144237556,Hylan Boulevard & Inez Street
-74.23293835628657,40.69818029956056,-74.23144363898905,40.699137800744595,Liberty Avenue at Long Avenue
-73.9190919587861,40.631845839557066,-73.91746385268664,40.63312886411501,Flatlands Avenue & Ralph Avenue
-74.03882340459141,40.63935226448568,-74.03741512707849,40.64035327380728,
-74.18796639294908,40.68919690911755,-74.18678300717465,40.69009769084657,P3
-74.06928174417958,40.730724529884874,-74.06647982198685,40.7320657784839,Sip Ave At Tonnelle Ave
-74.3666414853944,40.74216049549224,-74.36545711470232,40.74306130447213,Short Hills Hilton
-74.10830771814436,40.680025391052034,-74.10657838073337,40.68123940838969,Avenue C at 44th Street
-74.07713919317109,40.60040617945754,-74.07582350728673,40.60167311978305,Steuben Street & West Fingerboard Road
-74.1404849700827,40.54725308866339,-74.13852433131028,40.548439009607804,Hylan Boulevard & Fieldway Avenue
-74.03352076369966,40.618668638351,-74.03189892763226,40.62020756203338,3rd Avenue & 92nd Street
-74.13649032017017,40.77438892103647,-74.13521098204751,40.775288378907824,Elm Street at Stuyvesant Avenue
-73.91344222372203,40.60737923857454,-73.91226037644289,40.60827996138916,56th Drive & East 63rd Street
-73.94163741900772,40.5835038325468,-73.94045598115277,40.58440456741694,Emmons Avenue & East 28th Street
-74.1185299855804,40.66372605331591,-74.11718351295642,40.66510064591793,Broadway At 24Th St
-74.08580966131774,40.72188984188769,-74.08449004247372,40.72296905809082,Communipaw Ave At Mallory Ave
-73.9859102378519,40.64139004930329,-73.98454645926553,40.64230555076052,13th Avenue & 37th Street
-74.06729094554228,40.71988212600509,-74.06610705459995,40.72078287395886,Summit Ave At Fairmount Ave
-73.97886815658472,40.57486615777901,-73.97426863868996,40.57692223326202,West 8th Street-NY Aquarium
-74.17100445545938,40.752974616024815,-74.16981994466725,40.7538753839393,Bloomfield Pl At Broadway
-74.33256962623479,40.54535848369418,-74.33113067440209,40.546387415855506,Parsonage Road at Lafayette Avenue
-74.07699247162223,40.784172026436465,-74.07515509334101,40.785381507848186,Meadowlands Parkway at American Way
-74.0232293007789,40.621337198417464,-74.02170419927776,40.62223880152679,Fort Hamilton Parkway & 83rd Street
-74.01154105941771,40.6506758427772,-74.01007514630922,40.65194335736646,3rd Avenue & 43rd Street
-73.98292587811672,40.71293692137809,-73.98130892513502,40.71389597897713,359 Madison Street @ Vladeck Houses
-74.13880923710128,40.62709680991766,-74.13762696302958,40.62799759004645,Decker Avenue & Beekman Street
-73.9848296542599,40.61084399382007,-73.98331184262223,40.611790006428606,Bay Parkway & Bay Ridge Avenue
-74.19514392151041,40.78253301562536,-74.19395887861269,40.78343378433875,Watsessing Ave at Arlington Ave
-74.24083173600727,40.51851370972449,-74.23949116223407,40.51942489030929,Arthur Kill Road & Nassau Place
-74.12492967825376,40.597965509296856,-74.12374792187903,40.598866290667196,Brielle Avenue & Mountainview Avenue
-74.17185348261489,40.5596416592214,-74.1693029753557,40.56163417839749,Eltingville Transit Center & Arthur Kill Road
-74.1761109501277,40.56237013200534,-74.17441464922145,40.563489967101624,Arthur Kill Road & Crossfield Avenue
-74.06919483560029,40.616859517699716,-74.06801276454107,40.61776028226426,Bay Street & Chestnut Avenue
-74.07562277155876,40.62081731718889,-74.07444062858164,40.6217180827751,Vanderbilt Avenue & Bayley-Seton Hospital Entrance
-74.21205347538587,40.647247338537376,-74.21056192702478,40.6482275603404,ARNETT ST AT CLIFTON ST
-74.20876849280772,40.54131779525411,-74.20758770731207,40.5422186047101,Rossville Avenue & Woodrow Road
-74.09579662865266,40.708922837730945,-74.09451466911848,40.709835561685665,West Side Ave At Woodlawn Ave
-74.04825183479853,40.738252870905775,-74.0470396645989,40.73931312872025,Palisade Avenue at Booraem Avenue
-74.27833673186834,40.646914396271825,-74.27715406824143,40.647815203692474,"Wood Ave at 6th Ave #29497"
-74.04780095890938,40.74879606259964,-74.04644174213333,40.74970573742963,Central Avenue at South Street
-74.05462234552053,40.738682584574086,-74.05342465424526,40.739704615268415,Central Avenue at Waverly Street
-74.20197561512623,40.69229762128311,-74.2004998875582,40.693260077518254,Frelinghuysen Ave at Evergreen Ave
-74.04605994422519,40.71554086119021,-74.04384906349473,40.71669004035984,Grand St At Grove St
-74.09522713065331,40.623415037872235,-74.09315566637525,40.624850261398045,Victory Boulevard & Theresa Place
-74.48134927862229,40.547424471159154,-74.48016832145629,40.54832532880537,33 Knightsbridge Road
-74.01919544531064,40.61607370085049,-74.01757556112327,40.61746479941091,86th Street & 11th Avenue
-73.96932100983715,40.61645421757939,-73.96755709019551,40.61763468150375,Ocean Parkway & Avenue M
-74.03092330742207,40.625002516693264,-74.02925197865893,40.62671137196282,3rd Avenue & 83rd Street
-74.08005509288412,40.77517655961425,-74.07872300470264,40.77622364039394,Seaview Dr At Venture Way
-74.11270484089823,40.571209508686486,-74.11152355923625,40.57211029127756,New Dorp Lane & Clawson Street
-73.99203439611178,40.6848962576569,-73.98960767021003,40.68749840058499,"Bergen Street (F,G)"
-74.038294205301,40.61453982850967,-74.03710369931508,40.615968571416296,Shore Road & 97th Street
-74.10595478892375,40.67886667940945,-74.10425240874676,40.680118420316724,Broadway At 44Th St
-74.28351889165823,40.642281995396495,-74.2823363084507,40.64318280456778,"Raritan Rd at Moen Ave #28510"
-73.97530239097553,40.57448516228446,-73.9732996065607,40.57546543814966,Surf Avenue & West 6th Street
-74.17336494133899,40.74358078227516,-74.17198125082906,40.74493991780743,University Ave At James St
-73.92477735677318,40.59125813990897,-73.92320387404084,40.59232477172747,Gerritsen Avenue & Gotham Avenue
-74.1728892102983,40.70735044604444,-74.17116979045812,40.70848135292876,Brewster Rd at Conrad Rd North
-73.9630329456184,40.688093737644756,-73.96184965453952,40.68899446231903,Lafayette Avenue & Grand Avenue
-73.98106730634255,40.59335248655566,-73.97970929627583,40.5942805125037,86th Street & West 9th Street
-74.09024766346168,40.71295790102587,-74.08897013831503,40.71394759895058,West Side Ave At Pollock Ave
-74.0060564211082,40.61830166686189,-74.00442008475247,40.61967083336654,Bay Ridge Parkway & 14th Avenue
-74.40973901095951,40.60652942947292,-74.40854478945515,40.60756207044797,Randolph Road at Arlington Avenue
-74.15639258482487,40.754785410812595,-74.1547800152208,40.75590468856559,Kearny Avenue at Rose Street
-74.12846947532657,40.65581572664953,-74.12633526656599,40.657860316561994,Avenue C at 11th Street
-73.95875695004446,40.57773388740566,-73.95714454874167,40.57879921170062,Brighton Beach Avenue & Brighton 12th Street
-74.02111491600104,40.627357117507124,-74.01943578999736,40.628754782729814,Bay Ridge Parkway & 6th Avenue
-74.29641164426431,40.70461889901493,-74.29522795584296,40.70551970094936,
-73.96739956602774,40.63158248551742,-73.96585860565071,40.63290978434317,Foster Avenue & Coney Island Avenue
-74.01901470567019,40.624153215174516,-74.01702069512875,40.62537998321909,Fort Hamilton Parkway & 77th Street
-74.08156042970307,40.76951084935762,-74.0802354678643,40.77055335064802,Castle Road 2470 Feet West of New County Road
-74.2914818137146,40.65599279568848,-74.29029898639318,40.6568936042758,"South Ave at Lincoln Ave East #28498"
-74.25360383798106,40.62806988420118,-74.25025561117045,40.63056674972178,Linden
-74.3097985952733,40.68759019639817,-74.30861520483185,40.68849100356613,Us-22 1700'w of Jefferson Ave
-74.01949743151735,40.640129482029565,-74.01665149000604,40.642420523731495,59th Street
-74.04294052299805,40.76176945299635,-74.04170717696803,40.76288794663909,JFK Boulevard at 13th Street
-74.11324831632078,40.621899338352996,-74.11188948345423,40.62291426148977,Clove Road & Saint Peter’s Cemetery
-73.92914845444062,40.669911238972084,-73.92720725139604,40.670969062009945,Saint Johns Place & Rochester Avenue
-74.22972788388087,40.67618690355267,-74.2285447162364,40.677087696411526,North Avenue Academic Building
-73.94597119176116,40.68983174277193,-73.94441350631944,40.690999557072224,Lafayette Avenue & Tompkins Avenue
-74.11006330505845,40.5820757269328,-74.10884039815514,40.583057672906904,Richmond Road & Bedford Avenue
-74.07063741031426,40.7816517133573,-74.06922539132975,40.78263548596564,Enterprise Ave At American Way
-74.45268668469669,40.502835569775506,-74.4515065153861,40.50373643018902,College Avenue Student Center
-73.94781351819226,40.67400533872967,-73.94663048196789,40.67490606123406,New York Avenue & Prospect Place
-74.12796148492846,40.61227199370548,-74.12591411734786,40.61324060675735,Victory Boulevard & Westcott Boulevard
-73.90688913250814,40.63121534142161,-73.90570686765795,40.63211605854206,Avenue L & East 82nd Street
-73.97525233641474,40.579372928734784,-73.97374071900119,40.582275801745624,Neptune Avenue & West 6th Street
-73.96106459149186,40.65938053567916,-73.95988180866615,40.66028126428459,Flatbush Avenue & Midwood Street
-74.0925937073271,40.59804850624209,-74.09092665262963,40.60057840055395,Richmond Road & Hunton Street
-73.94295529500111,40.6019196962105,-73.94168880073903,40.603422803587506,Nostrand Avenue & Avenue T
-73.96917927059981,40.69721835943669,-73.96738653524812,40.69825434137659,Flushing Avenue & Washington Avenue
-74.29108169047143,40.59911294175997,-74.28934131038646,40.600034058367484,Inman Avenue at Saint George's Avenue
-73.97316505518566,40.57890140240197,-73.9712095926475,40.580424266795106,West 5th Street & Neptune Avenue
-73.97622977696373,40.619540179211015,-73.97428843808724,40.62210671756559,Bay Parkway
-74.13990673903567,40.615660557708985,-74.13802146712628,40.616720643257544,Watchogue Road & Livermore Road
-73.9990152254062,40.662428930591865,-73.99783237474608,40.66332966937198,3rd Avenue & 23rd Street
-74.12034325135015,40.633860723100746,-74.11878055152637,40.63484227543713,Castleton Avenue & Caroline Street
-74.11747693660007,40.67273351604766,-74.11629386353425,40.67363428391639,Jfk Blvd At 32Nd St
-74.2478075242711,40.513264109838225,-74.24662177707818,40.51427038965419,Arthur Kill Road & Yetman Avenue
-73.91581390634863,40.6597090690585,-73.91445739336693,40.660724030794206,Saratoga Avenue & Riverdale Avenue
-73.95423078968336,40.681955438425575,-73.95304761047588,40.682856161538155,Bedford Avenue & Hancock Street
-74.35268505520004,40.50069777783091,-74.35150494489784,40.50159862213349,Newfield Avenue at Fernwood Avenue
-73.99545952901413,40.71184638865176,-73.99335017186948,40.71277161154644,Madison Street & Market Street
-73.91641695488246,40.655095812224005,-73.91203301315433,40.657620470071016,East 98th Street & Church Avenue
-73.98545666958852,40.662644655406716,-73.98371492762028,40.6639343443428,7th Avenue & 15th Street
-73.94165022825221,40.58455433262709,-73.94046877190826,40.58545506733664,Shore Parkway & East 28th Street
-74.18436944757933,40.718023511776536,-74.18318555254508,40.7189242881876,Poinier St at Pennsylvania Ave
-74.13988672953825,40.737339281835716,-74.13854617136843,40.73835441811624,Lister Ave 550'W Of Cornelia St
-74.11162601445591,40.61366951213942,-74.11044398567898,40.61457028782463,Victory Boulevard & Albert Street
-73.97007423684167,40.6416704330113,-73.96889176331486,40.64257116695251,Coney Island Avenue & Slocum Place
-73.94404718630832,40.61680915672161,-73.9428595160974,40.61798934322359,Kings Highway & Avenue N
-74.03131818984026,40.737205990867665,-74.03008150283685,40.73898410899816,Washington Street at 2nd Street
-73.95904617695247,40.669098136728266,-73.95786322320595,40.66999886323546,Franklin Avenue & Union Street
-74.11365600984286,40.669774716281125,-74.11247299029202,40.670675483682906,Broadway At 31St St
-73.92930246481004,40.63336311490594,-73.92773346598517,40.635364795555425,Kings Highway & Utica Avenue
-74.14684038360542,40.598185306708665,-74.14565861652405,40.59908609325542,CSI Campus Loop Bus Stop
-74.18281874988652,40.718309811973135,-74.18163485023811,40.71921058799096,Broad St at Vanderpool St
-74.07864506118295,40.6354494268447,-74.07412785089493,40.63855295633595,Victory Boulevard & Bay Street
-74.11783369671488,40.57746360855121,-74.11665230341889,40.57836439141285,Richmond Road & Locust Avenue
-74.1812967589299,40.52561305906557,-74.17935633993154,40.52655214110794,Hylan Boulevard & Arbutus Avenue
-74.28543459884769,40.55220728816172,-74.28425360126056,40.55310811180259,Main St. at Columbus Ave.
-74.18698152171945,40.53357809705388,-74.18580087840361,40.53447890291029,Amboy Road & Arbutus Avenue
-73.96502748809223,40.680049232155675,-73.96360071315623,40.68112176776878,Washington Avenue & Atlantic Avenue
-74.13690099111754,40.78010182211891,-74.13571600901443,40.78100257784513,Belleville Turnpike at Rutherford Place
-73.9790869867609,40.64713813216748,-73.9779044133943,40.64803886779632,Caton Avenue & East 3rd Street
-73.9420869199075,40.6856346404709,-73.94090368025358,40.68653535949281,Throop Avenue & Madison Street
-74.01545933747754,40.70869373196601,-74.01427566267255,40.70959446799786,West Street & Carlisle Street
-73.99428719224795,40.68140593272945,-73.99310400790516,40.682306667234386,Smith Street & Union Street
-74.2582540173832,40.56281092552765,-74.25687048519713,40.56372987454876,
-73.91689335580723,40.663964674877754,-73.91567753960798,40.66543452501923,Saratoga Avenue & Blake Avenue
-74.16128104740179,40.71839321443352,-74.16009715272614,40.71929398553058,Pulaski St at Clifford St
-73.96288725177172,40.60669001541221,-73.96082968842009,40.60842205897802,Quentin Road & Coney Island Avenue
-74.01487605767255,40.623602412867925,-74.01319704835869,40.62500178737175,Bay Ridge Parkway & 10th Avenue
-74.13603303386023,40.71408699534906,-74.1342905662323,40.71498810457991,Wilson Ave at Avenue P
-74.13223236132539,40.60726810914883,-74.13105043880635,40.608168890815215,South Gannon Avenue & Bradley Avenue
-73.91895150692156,40.628045239369506,-73.91776929324267,40.62894596059418,Ralph Avenue & Avenue J
-74.08825192479186,40.61527341515979,-74.08706987534659,40.6161741848042,Van Duzer Street & Hillside Avenue
-74.13358228573306,40.7006160162917,-74.13239871439902,40.70151678367235,Firmench Way at G.O.D. Way/Warehouse Place
-73.94677202288877,40.60655403360373,-73.94559017727109,40.60745476636003,Avenue R & East 27th Street
-74.23826388313542,40.39110918036062,-74.23708571697918,40.39201001960363,NJ 79 at William St.
-74.01168487306424,40.606005653331295,-74.00996213257449,40.6074069468638,Bath Avenue & 16th Avenue
-74.15654652493882,40.778712533808964,-74.15530517640771,40.77991596599273,Broadway At Verona Ave
-73.93048086670734,40.64560045856929,-73.92913962946454,40.647150640976726,Utica Avenue & Beverly Road
-73.9844300764113,40.66388232702039,-73.98176391708348,40.66626929152646,7th Avenue & 13th Street
-73.90842821281097,40.65735569258664,-73.90719549520345,40.65919370730391,Rockaway Avenue & Lott Avenue
-74.0130308850297,40.64895755529893,-74.01179760898968,40.65059424457325,3rd Avenue & 47th Street
-74.23986494333096,40.682764253927424,-74.23709671525302,40.68462259763822,Union
-74.2157469427832,40.73565276932349,-74.21445735983674,40.736557429890844,Grove St At Tichenor Terrace
-74.30663829688562,40.565226035449086,-74.30437300940837,40.566336065883775,Green Streer 320E of Worth Street (Elizabeth)
-73.92473641909372,40.651690308681616,-73.92063561530556,40.65308350834028,Church Avenue & Kings Highway
-74.00922453639569,40.65320505901041,-74.00724078575983,40.654666958261345,39th Street & 3rd Avenue
-73.9731434919237,40.60196302223856,-73.97133381298832,40.604713317575346,Kings Highway
-73.92406368168719,40.66956708925402,-73.92169706939073,40.67171986071279,Saint Johns Place & Ralph Avenue
-74.11693870637787,40.628398627852356,-74.11549065929304,40.62950868313285,Broadway & Forest Avenue
-73.99686145609614,40.67726363204956,-73.99567834405657,40.67816436791428,Smith Street & 5th Street
-74.0054298689684,40.70663666651626,-74.00403753110346,40.70766053323227,Water Street & John Street
-74.01428957995682,40.61336422507491,-74.01299102203201,40.61496216174769,86th Street & 13th Avenue
-74.00695939191993,40.62434561494006,-74.00521711307613,40.62572438517727,Bay Ridge Avenue & 12th Avenue
-74.1474833257048,40.766757486917136,-74.14627067582845,40.767912112994274,Kearny Avenue at Pavonia Avenue
-74.128446273756,40.63064786893606,-74.12713352782676,40.631660631053606,Post Avenue & Greenleaf Avenue
-74.18755732061518,40.758647118000646,-74.18605467579305,40.75959418225484,Park Ave at North 6th St
-74.02180724332015,40.63278865336607,-74.02022304685677,40.634164769787354,5th Avenue & Bay Ridge Avenue
-74.15953696470001,40.607173405932215,-74.15835503542758,40.6080741940319,Victory Boulevard & Goller Place
-74.0833405567111,40.70097631473322,-74.08155424220698,40.70247114533095,Ocean Ave At Fulton Ave
-74.05900213915025,40.73813274064008,-74.0578467643465,40.739056858999106,Summit Avenue at Hopkins Avenue
-74.20613286223912,40.68542660681517,-74.20494953788182,40.686327393149,Newark Ave at Alina St
-73.91343203189368,40.60037553039639,-73.91220716714308,40.60153706939544,2875 Flatbush Avenue (Old Toys R Us)
-73.95760130830858,40.62750529870541,-73.9560898948954,40.62868880134805,Ocean Avenue & Avenue I
-73.92801571825976,40.634707952371414,-73.9267967824856,40.63583294746877,Kings Highway & Glenwood Road
-73.98494282029979,40.67962664926581,-73.98356867613889,40.68054545081568,3rd Avenue & Douglas Street
-73.916667975239,40.658503542092305,-73.91548522492577,40.65940425787139,East 98th Street & Legion Street
-74.11455926766422,40.64233211402379,-74.1133767324704,40.64323288594025,Richmond Terrace & Bement Avenue
-74.13339320231553,40.63458731114751,-74.13221079781619,40.635488088816544,Castleton Avenue & Heberton Avenue
-73.95293951624595,40.58294593086615,-73.95175808391281,40.58384666909761,Emmons Avenue & East 16th Street
-74.24002168436942,40.52742243632965,-74.23871740924106,40.52917456342659,Arthur Kill Road & Veterans Road West
-74.07019004608945,40.723783138756204,-74.06878603620949,40.725009667768916,Bergen Ave At Fairmount Ave
-73.94046324553624,40.65905914873097,-73.93908529789901,40.660936814770345,Albany Avenue & Midwood Street
-74.1816450421604,40.779173959800524,-74.1782079366503,40.780875381705606,Franklin St at North 9th St
-74.17183925100943,40.736681940558505,-74.1692544902588,40.73898303602766,Raymond Blvd at Commerce Ct
-74.07850087826746,40.60488640548038,-74.07582134535208,40.606201509848965,Hylan Boulevard & Narrows Road South
-74.01881481683783,40.63717099343832,-74.01707558219614,40.63838360594672,5th Avenue & 63rd Street
-74.01708160914608,40.638833736618444,-74.0147630821301,40.64089878716396,60th Street & 5th Avenue
-74.1788042104054,40.77148637428678,-74.17742943065741,40.77292133218098,Davenport Avenue
-74.08621974412951,40.77344371420948,-74.08466085838056,40.77462488574835,Castle Road at Meadowlands Parkway
-74.08809437409184,40.69179893800138,-74.08639742232018,40.69309986368369,Danforth Avenue
-74.1848359904171,40.77121285786866,-74.18358160858924,40.77242614179158,Bloomfield Ave At North 10Th St
-74.15824431249727,40.63635196265463,-74.15708608563378,40.6373014368399,Richmond Terrace & Union Avenue
-74.00770710948863,40.654598639020556,-74.00552913343464,40.65582528939643,3rd Avenue & 37th Street
-74.18302487144298,40.7465007116871,-74.18148382587994,40.74768538827541,Norfolk St at Sussex Ave
-74.19970641708554,40.75161044855641,-74.19851528179689,40.752617751058146,"9Th Ave At South 14Th St#"
-73.93928801662258,40.68532374085451,-73.9381047835389,40.686224459109205,Marcus Garvey Boulevard & Madison Street
-74.09188090432973,40.60153081363042,-74.09069909580808,40.60243158633358,Targee Street & Rome Avenue
-74.0322087053959,40.636772246798685,-74.03041189500723,40.63797245241919,Bay Ridge Avenue & Colonial Road
-73.9776639913375,40.69757569803699,-73.97590671435638,40.69860210271348,Flushing Avenue & North Portland Avenue
-73.99498296949844,40.62552723069495,-73.99333903595557,40.62687966950364,60th Street & 15th Avenue
-74.17433997998724,40.7598217121882,-74.17312492047196,40.760917587647135,Mt Prospect Ave at East 3rd Ave
-74.1310244069517,40.64648841236151,-74.12984179318047,40.647389187602556,Ave C At W 2Nd St
-74.1006415214247,40.70524232065563,-74.09945787871237,40.70614307930836,Nj Rt 440 At Danforth Ave (Society Hill)
-74.16918371588322,40.635503707039234,-74.16800128424306,40.63640449292489,Arlington Place & Pond Way
-73.94410639795923,40.62185336678678,-73.94208000332154,40.62279023348257,Avenue L & New York Avenue
-73.99271536761206,40.72506850957395,-73.9913889386598,40.726280090357804,Bowery & Bond Street
-74.28472435829008,40.51257045095629,-74.2834592453722,40.513606948947704,Smith Street at Herbert Street
-74.1405742020521,40.73620281824687,-74.13938999807908,40.73710358171718,Chapel St At Albert Ave
-74.16379234529232,40.68421531146919,-74.16260905483506,40.68511608849491,Corbin St 1000' S of North Fleet St.
-74.12670631140331,40.56760180670827,-74.12552508872903,40.56850259325581,Amboy Road & East Broadway
-73.95640338721189,40.69293703897262,-73.95522001294708,40.693837760991116,Bedford Avenue & Willoughby Avenue
-73.94628386801135,40.67967453939487,-73.94510073214906,40.68057526056885,Fulton Street & Marcy Avenue
-73.94080444378494,40.631746936441594,-73.93962215637599,40.63264766352214,Avenue H & East 38th Street
-74.18904497588977,40.7691283162041,-74.18696127108888,40.77029510561084,1st Ave at North 12th St
-74.0909388793169,40.70318482302278,-74.08464887121872,40.709634799899504,Bergen Ave At Woodlawn Ave
-74.03545165274217,40.715315052569736,-74.0315682973269,40.71751882715942,Exchange Place
-73.96351280385869,40.61178536366352,-73.96218319385602,40.613200235777924,Coney Island Avenue & Avenue O
-73.94856308187883,40.63129239618303,-73.94470335952859,40.6349046492909,Nostrand Avenue & Flatbush Avenue
-73.92640956559724,40.63942161354377,-73.92514513385315,40.640571885703075,Kings Highway & Foster Avenue
-73.94881853686799,40.60890641031528,-73.94736586740035,40.60984828988538,Quentin Road & Bedford Avenue
-74.22872169952659,40.75499902379765,-74.22716539326318,40.75640557647357,Sanford St at Elmwood Ave
-74.14653448525713,40.588382984343475,-74.14507741764366,40.589525715699416,Forest Hill Road & Rockland Avenue
-73.99651951391698,40.59961902923626,-73.99459648454648,40.60093006995321,Bay Parkway & Benson Avenue
-74.0040804686581,40.717187150326104,-74.00041768045372,40.721020785013394,Broadway & Walker Street
-73.98677035706307,40.68761492128251,-73.98349027201435,40.69032492081955,Livingston Street & Hoyt Street
-74.1042275763633,40.586765310943136,-74.10304602377258,40.58766608902091,Richmond Road & Seaver Avenue
-74.11489622165298,40.632442043808744,-74.11341537721088,40.63354515601482,Cary Avenue & North Burgher Avenue
-74.06916977325685,40.71490121371267,-74.06742031908972,40.71622556406743,Grand St At Communipaw Ave
-74.11138742371998,40.68269911756953,-74.11020417641534,40.68359988239449,Jfk Blvd At 46Th St
-73.99339404487552,40.71339513757367,-73.9913127891154,40.71683523786665,East Broadway & Pike Street
-73.99515330125662,40.614493670641814,-73.98996686455341,40.61907953309994,18th Avenue & 70th Street
-73.97541923916265,40.59643582871743,-73.9742375609928,40.59733657124638,Avenue U & Van Sicklen Street
-74.11588551034592,40.56767660802253,-74.11470428978805,40.56857739194152,Lindbergh Avenue & Clawson Street
-74.02749761041235,40.75053243361998,-74.02631318973617,40.75143316634389,Washington Street at 12th Street
-73.95460170609739,40.62549610774225,-73.95336219036709,40.62650739214884,Avenue J & East 23rd Street
-73.99202730071221,40.70055431820467,-73.99042170026408,40.70147388191307,Old Fulton Street & Prospect Street
-74.00140459306162,40.69265973262869,-74.00022120709048,40.69356046733514,Bridge Park Drive & Joralemon Street
-73.91659661602503,40.60643523802981,-73.91541478413939,40.60733596193388,National Drive & Mill Avenue
-74.22412541398683,40.67968100442214,-74.22294218613132,40.68058179554205,East Campus Upper Lot
-73.98711874678004,40.602334506436854,-73.98574715062445,40.603417893586325,Stillwell Avenue & 80th Street
-74.17044296299161,40.73437724384145,-74.16832123603191,40.73531515631338,Market St At Mulberry St
-74.00911438901173,40.6807334265234,-74.00741991144895,40.681868872579514,Van Brunt Street & Commerce Street
-74.19358380959405,40.705957059089585,-74.19235699356143,40.7072840408136,Frelinghuysen Ave at Victoria St
-73.9158004782457,40.61917816216955,-73.91461202327575,40.62018743720996,Veterans Avenue & East 64th Street
-74.06701654353263,40.724007622325765,-74.06540575496994,40.72494087783277,Montgomery Street At Jordan Avenue
-73.90791949087858,40.613240232980544,-73.90670120781081,40.61440936686758,East 66th Street & Ohio Walk
-74.15423703930571,40.78410729678548,-74.15287236507857,40.7852421032416,Washington Ave At William St
-74.27873951829316,40.40599507739307,-74.27756108181542,40.40689592257123,
-74.0113737705539,40.67860383016589,-74.01019062959661,40.67950456979796,Van Brunt Street & Pioneer Street
-74.05326288064725,40.74510775290923,-74.05206562096411,40.74622744703458,Summit Avenue at Hutton Street
-74.14920218156449,40.60926690729861,-74.1480202185647,40.61016769266546,Victory Boulevard & Neptune Place
-74.00929448470605,40.725440634114435,-74.00811051544508,40.72634136584941,Spring Street & Greenwich Street
-74.05206071793141,40.73248677112062,-74.05045652803248,40.734016107533506,Palisade Avenue at Saint Paul's Avenue
-73.95061472542601,40.681341614010606,-73.94895328844545,40.682628738740966,Halsey Street & Nostrand Avenue
-73.97190674460171,40.6235833272361,-73.96923437337334,40.624644690170264,Avenue J & Ocean Parkway
-74.19850462371437,40.7551866932335,-74.19634361621642,40.756537482552005,Ml King Jr Blvd At 15Th St
-74.0828486772716,40.71159981736483,-74.08147192077722,40.71304128180609,Bergen Ave At Orient Ave
-74.04677906323873,40.75449187394171,-74.0455869385698,40.755614226006664,Summit Avenue at Grace Street
-74.23800067798989,40.734899550199984,-74.2365255182648,40.73608664988064,Mt. Vernon Pl At Sandford Ave
-74.44449410097124,40.49432288056649,-74.44330580491189,40.49589981934641,George St. at Paterson St.
-74.17266990472841,40.74082492958697,-74.16990861937674,40.74314284182827,Central Ave at Washington St
-74.40507438875069,40.693917853590975,-74.40254013606128,40.69553266862954,Murray Hill
-74.16285015225928,40.585307273551685,-74.16123024906238,40.586234726611416,Richmond Hill Road & Vassar Street
-73.92741732395066,40.63248279924612,-73.92146120717996,40.63370573649704,Avenue H & East 56th Street
-73.92696443572251,40.636773733929786,-73.92551706322301,40.63785756591985,Kings Highway & Preston Court
-73.98919765377916,40.665842832217734,-73.98801474637465,40.666743567746096,5th Avenue & 14th Street
-74.28388754604039,40.55263480490159,-74.28141932531771,40.553900526214775,Amboy Avenue at Main Street
-73.91761000698101,40.6487072929269,-73.91560201838328,40.65019746885235,Remsen Avenue & Avenue B
-73.97073476699805,40.64297631842724,-73.96945932848024,40.64451288135665,Coney Island Avenue & Beverley Road
-74.33174248303409,40.65195119155777,-74.33055971706757,40.652852008406555,
-73.98765314208333,40.64242306009916,-73.98592415024414,40.64394864024934,36th Street & 12th Avenue
-73.90397358645939,40.64160556754374,-73.90214610742127,40.642660333346136,Flatlands Avenue & East 94th Street
-73.94130140011147,40.62215317691163,-73.93934490147169,40.62309762339982,Avenue L & East 36th Street
-74.27933634116685,40.534339187366676,-74.27815565894224,40.53524001259761,Convery Blvd. at Lindbergh Ave.
-74.00891778632379,40.646474627986485,-74.00773521382688,40.647375371977354,5th Avenue & 47th Street
-73.94478380547223,40.68394393994658,-73.94360059468843,40.684844660017156,Tompkins Avenue & Putman Avenue
-74.1411080119248,40.76768963238747,-74.13949769186702,40.76894716767301,Midland Avenue at Forest Street
-74.08743586413986,40.59338324667046,-74.08572077433695,40.595673891686886,Hylan Boulevard & Reid Avenue
-74.1303648250407,40.55464538956661,-74.12899607293673,40.55559550974293,Hylan Boulevard & Spratt Avenue
-74.16308873456661,40.596561838926604,-74.16174515441894,40.598819860798926,Richmond Avenue & Rivington Avenue
-73.97872207426605,40.67954505915859,-73.97703502003502,40.68094054102466,5th Avenue & Warren Street
-74.21065410133383,40.701774492671866,-74.20904739518298,40.70302580733046,Elizabeth Ave at Chancellor Ave
-74.44876657019795,40.59231667707013,-74.44758482988571,40.593217522894356,NJT 819 - 4th St at Rock Ave
-74.13520564583644,40.73821378335281,-74.133780553307,40.739278416499864,Lister Ave At Esther St
-74.21354571326559,40.64580630290875,-74.21236308685403,40.646707097055426,Clarkson Ave at Richmond Street
-74.0300333008061,40.62720737178484,-74.02848421672992,40.628565716878306,3rd Avenue & 80th Street
-73.94135028124889,40.59350570823601,-73.93998463671981,40.59467022182346,Nostrand Avenue & Avenue X
-73.99184642489232,40.59368258100917,-73.99005395993038,40.59499428925036,25th Avenue & Bath Avenue
-73.99771713730085,40.57475181583707,-73.99624566275936,40.57581388378162,Mermaid Avenue & West 31th Street
-73.94804300059914,40.67539189722422,-73.94613615341494,40.677080301744816,Bergen Street & New York Avenue
-73.99338113967436,40.66904990708298,-73.99164195806365,40.67031599257435,3rd Avenue & 12th Street
-74.28984254866087,40.480432104768006,-74.28811885326864,40.481511893806925,Washington Ave. at Feltus St.
-73.9477654949581,40.65045851445506,-73.94569575620979,40.651633771746525,Church Avenue & New York Avenue
-74.15995745144505,40.78675456161776,-74.1584128437194,40.788028238527296,Union Ave at Belleville Ave
-74.17933260837773,40.74752801465315,-74.1781481917476,40.74842878531095,ORANGE ST + NESBITT ST
-74.10339570806649,40.57717949153952,-74.10020029005685,40.57965458287869,Hylan Boulevard & Hamden Avenue
-73.92751556330913,40.61801464488483,-73.92583210270962,40.61981766983613,Avenue N & Utica Avenue
-74.03769054187599,40.613154962564295,-74.03646016199788,40.614559337338136,Shore Road & 99th Street
-74.18842846742935,40.76142062234095,-74.18722883450185,40.762576377599004,Roseville Ave at 4th Ave
-74.04516026826585,40.743082838745366,-74.04396153074607,40.74410886085202,Palisade Avenue at Griffith Street
-73.92531368468015,40.665809738519414,-73.92397691342767,40.666752760908366,East New York Avenue & Rockaway Parkway
-74.0978434726996,40.621289786887324,-74.09585512516824,40.62265271233283,Victory Boulevard & Silver Lake Golf Course
-74.0505625751831,40.749197650208735,-74.04817490721994,40.75165498218151,Summit Avenue at South Street
-73.98888463022364,40.58946265229204,-73.98739217470538,40.59070784785143,Harway Avenue & 27th Avenue
-74.13743483205852,40.773444721534325,-74.13624996807334,40.77434547842972,Elm Street at Stewart Avenue
-74.16994376503729,40.745029493961624,-74.16848011229345,40.746240508608665,Riverfront Stadium
-74.26613577944441,40.51287748639214,-74.2646172154608,40.51415481376788,State St. at Washington St.
-73.93960380619721,40.584996119074994,-73.93819620062241,40.58629568100085,Nostrand Avenue & Shore Parkway
-73.98359616738303,40.618679243068634,-73.98199763778209,40.619994157111854,60th Street & 20th Avenue
-74.41506040546638,40.4834362454412,-74.41386899523117,40.48445265428299,Burnet St. at Tunison Rd.
-73.96763408446144,40.59038532934586,-73.96645251569514,40.59128607061792,Avenue X & East 3rd Street
-73.99252017900292,40.57787812487532,-73.99133882114981,40.5787788750885,Neptune Avenue & West 24th Street
-73.91967109834917,40.66100975813495,-73.91828584666908,40.66206754314021,East 98th Street & Livonia Avenue
-74.2889988560716,40.63816879453637,-74.28781634403649,40.639069605427906,Wavecrest Ave At Spray Terrace
-74.21570713467815,40.659523303748465,-74.21452426544117,40.66042409621573,South Broad Street at Pearl Street
-74.023172460651,40.61771239701602,-74.02032224591879,40.61962278225375,86th Street & 7th Avenue
-74.08787370504824,40.613039815032536,-74.08669169509028,40.61394058493147,Van Duzer Street & Richmond Road
-74.07417613492534,40.58301190897823,-74.07212266399394,40.58435038985186,Father Capodanno Boulevard & Delaware Avenue
-74.14881226217678,40.595716906284345,-74.14763053795238,40.59661769367975,CSI Loop Bus Stop
-74.26670893452247,40.511370692517374,-74.26548436242305,40.5127034073602,State St. at Commerce St.
-73.9780269664619,40.62783830849583,-73.97584234565166,40.6316318437228,18th Avenue
-73.97051077250107,40.62625520680844,-73.96855872928228,40.62720539353752,Avenue I & East 7th Street
-74.14353764852987,40.73011321742036,-74.14235355160083,40.731013982543715,Ferry St At Christie St
-74.11824524310225,40.63620729106517,-74.11683885548851,40.637278108869104,Broadway & Henderson Avenue
-73.94832337011152,40.66855323822928,-73.9471404300485,40.66945396173445,New York Avenue & Union Street
-74.00918243435135,40.62568961547815,-74.00744187054853,40.6270629846291,Bay Ridge Avenue & 11th Avenue
-74.40466009511898,40.628375739578516,-74.40237476344923,40.62998724210652,Netherwood
-74.09974396561708,40.63103491496013,-74.09856163451971,40.63193568500388,Forest Avenue & Randall Avenue
-73.9968091139833,40.602762038056376,-73.99530578517393,40.6038033613636,86th Street & 21st Avenue
-74.09001552425248,40.701647355779876,-74.08863537191856,40.702568344311466,Martin Luther King Drive at Stevens Avenue
-73.99428383222718,40.66075949575947,-73.99258926776749,40.661914603469874,5th Avenue & 21st Street
-74.03493248242287,40.61524833321233,-74.03340471321178,40.616495866903705,3rd Avenue & 97th Street
-73.98754308137619,40.695531295425155,-73.98599692634683,40.696958604838244,Jay Street & Tillary Street
-74.27903980869488,40.64427839599577,-74.27785719141475,40.64517920396853,"Raritan Rd + Furber Ave #29054"
-73.96939697413784,40.63834262144349,-73.96663085999748,40.640329183405704,Coney Island Avenue & Cortelyou Road
-74.18383671817317,40.72997160211225,-74.18105675470899,40.731440101098784,Mlk Jr Blvd At Kinney St
-74.04002286594736,40.733995830660376,-74.03883873419913,40.73489656930353,18th Street at Washington/Luis Muñoz Marin Boulevard
-74.06672133359962,40.77048454921175,-74.06477156551043,40.7724833424515,County Ave At Charles St
-74.10200703879893,40.63928971532596,-74.10082456133757,40.64019048463806,Henderson Avenue & Devon Place
-73.94940553944936,40.64240593602709,-73.94822306071032,40.643306663936656,Nostrand Avenue & Clarendon Road
-74.11729977230213,40.56332290751012,-74.11611862783163,40.56422369245394,Hylan Boulevard & Tysens Lane
-73.97922801952535,40.662172133323885,-73.97804518062995,40.66307286663989,Prospect Park West & 12th Street
-74.23596364039491,40.738462859260835,-74.2343888547622,40.739754740882866,Sanford Ave At Lenox St
-74.1834553704023,40.782164526009915,-74.18173633171828,40.783405073707414,Franklin St at Naples Ave
-73.92790943347202,40.60638367696657,-73.92642596696085,40.60729052306186,Avenue U & East 37th Street
-74.20838499437116,40.64374870330815,-74.20720240574921,40.64464949665606,Bayway Ave at Trenton Ave
-74.27645447831385,40.52371067481293,-74.27508831432081,40.52503422524143,Amboy Ave. at Eagle Ave.
-73.95968434302974,40.63879888625551,-73.95826875887185,40.6398842137345,Ocean Avenue & Ditmas Avenue
-74.3592860604393,40.71514894947055,-74.35609795408396,40.71727419900377,Broad St at Elm St
-74.20330981791483,40.55565149697147,-74.20212878220588,40.55655230299271,Arthur Kill Road & Huguenot Avenue
-73.95280368484055,40.69274583947541,-73.95162031531896,40.69364656048832,Nostrand Avenue & Willoughby Avenue
-73.98595077903994,40.605142938425956,-73.98381392872477,40.60628636306382,Kings Highway & West 11th Street
-73.96538242442665,40.62166810337884,-73.9640619733996,40.62306309609169,Coney Island Avenue & Avenue K
-74.01964268155643,40.62304322469881,-74.01846051859248,40.62394397526507,7th Avenue & 79th Street
-73.98968560436721,40.69417813436711,-73.98850219578668,40.69507886559669,Adams Street & Johnson Street
-74.17864736124909,40.70546119180674,-74.17680863884743,40.706362308117775,Brewster Rd at Bldg 95
-74.17136883488689,40.75064991580125,-74.17018436523963,40.75155068416283,Broadway At 7Th Ave
-74.10276001926668,40.614377613284034,-74.10157798086958,40.61527838667999,Clove Road & Van Cortlandt Avenue
-73.98362178374879,40.583985038425055,-73.9822912118531,40.58510636158795,Stillwell Avenue & Avenue Z
-73.98746921228368,40.60433358504507,-73.98611538942197,40.60529481436727,Stillwell Avenue & 23rd Avenue
-73.95205516732439,40.67782024975841,-73.94664337850129,40.68104459215351,Nostrand Avenue
-74.06324067942754,40.710889038695946,-74.06156557023886,40.71211830235228,Pacific Ave At Communipaw Ave
-74.1042330662254,40.61609474900226,-74.10252163269601,40.61720024995094,Victory Boulevard & Clove Road
-73.9863839266464,40.68700832413567,-73.97926115657593,40.69185064291398,Livingston Street & Nevins Street
-74.11834721626066,40.57263639832173,-74.11592293599645,40.574611779859254,New Dorp
-74.00338505118958,40.57449222311252,-74.00220374896148,40.575392976851326,West 37th Street & Mermaid Avenue
-74.12173030198723,40.65994378786102,-74.12051399617084,40.66114641202028,Broadway At 18Th St
-74.2401884073175,40.52057092526225,-74.23880319177078,40.52161787463788,Arthur Kill Road & Richmond Valley Road
-74.08232967463525,40.72022775496421,-74.0798562223677,40.72239293338356,West Side Ave At Communipaw Ave
-74.12178113774762,40.627473311984964,-74.12059886238583,40.628374087979076,Forest Avenue & Clove Road
-74.16892080620268,40.73618231494826,-74.16773659392418,40.73708308501584,Raymond Blvd At Mulberry St
-73.99885923075824,40.71956343508435,-73.99767536939443,40.72046416487946,Centre Street & Grand Street
-73.9469984239789,40.6145718578531,-73.94535837102185,40.6155671426847,Kings Highway & East 28th Street
-74.16544005526565,40.77714613543314,-74.16394644521218,40.77820146405922,Mt Prospect Ave at Grafton Ave
-73.9265033372373,40.607078017821564,-73.9235842519881,40.609108951407514,Avenue U & Coleman Street
-74.23326163748402,40.68219460364909,-74.23207836263276,40.683095396315125,Hynes Hall
-73.95428520087044,40.58116923053347,-73.95310379928809,40.582069969430314,West End Avenue & Shore Boulevard
-74.09327563309077,40.60477071370971,-74.09209376704688,40.60567148625431,Richmond Road & Ralph Place
-74.18296573786887,40.7395176136167,-74.18178146225588,40.740418386347415,W MARKET ST AT WICKLIFFE ST
-74.04089749660798,40.7261552299312,-74.03971350353834,40.7270559700327,Marin Boulevard at 8th Street
-74.12661389020684,40.599292909198084,-74.12543210992573,40.600193690765984,Bradley Avenue & Harold Street
-74.15663561035187,40.74326593447241,-74.155258892245,40.744182965591314,Frank E Rodgers Boulevard at Sussex Street
-73.93612435883468,40.68297164257122,-73.93421306818321,40.68396398140119,Halsey Street & Lewis Avenue
-73.99342452177413,40.57522689480451,-73.99213137523972,40.57626500517988,Mermaid Avenue & West 25th Street
-74.1276244997448,40.575739451868955,-74.12605279974497,40.57665294815674,Richmond Road & Milburn Street
-74.16266898608495,40.71144611372971,-74.16148521404273,40.71234688623437,Frontage Rd
-74.15238072679902,40.75875994310582,-74.15114867104917,40.76001505674153,Kearny Avenue at Bergen Avenue
-74.00223674333758,40.6425230624417,-74.00104435493567,40.64365733749537,8th Avenue & 46th Street
-74.00530503942728,40.60485741004396,-74.00399976139447,40.60585078991967,18th Avenue & Benson Avenue
-74.20715189331933,40.513809264870524,-74.20575961090977,40.51473603522798,Hylan Boulevard & Woodvale Avenue
-73.97736341446407,40.579208298625325,-73.97597378909428,40.58033140142636,Neptune Avenue & West 8th Street
-74.22948712337129,40.71456010658146,-74.22830327674623,40.71546089338273,Coit St At Melville Pl
-74.17811468315891,40.562967516671605,-74.17652162150858,40.56425858347179,Arthur Kill Road & Annadale Road
-74.05326596388866,40.75202574491884,-74.05181473910228,40.752957355242266,Jfk Blvd At Bleeker St
-74.16872985784562,40.588061973673796,-74.16652502814489,40.589559574126085,Richmond Hill Road & Richmond Avenue
-74.19792720234881,40.74654081249975,-74.19674279777367,40.74744158746439,S 10Th St At 11Th Ave
-74.09822437917406,40.60991071349601,-74.09704242096285,40.610811486468,Clove Road & Milford Drive
-73.93209191329768,40.61713493657349,-73.93090988686447,40.61803566339022,Flatbush Avenue & Quentin Road
-73.95531751112382,40.672424733283634,-73.95379038883854,40.67332836667321,Bedford Avenue & Sterling Place
-74.00830625375137,40.60976602764645,-74.00694154596519,40.61078577219592,86th Street & 16th Avenue
-74.02456974238734,40.61154734763359,-74.02316085929328,40.61252965167464,7th Avenue & Poly Prep Entrance
-74.10359142641659,40.69211446347822,-74.10219707683018,40.69322773656953,Jfk Blvd At 63Rd St
-73.89720215950395,40.6344940431414,-73.8960198406636,40.63539475682223,
-74.24501588261336,40.76573978188878,-74.24210634165668,40.76847648492913,Highland Avenue
-74.07025518209869,40.61800923934473,-74.06864361960464,40.61918816044313,Bay Street & Willow Avenue
-74.12739598795515,40.564279494902024,-74.12517748682407,40.566027520112094,Oakwood Heights
-74.00008842961242,40.594839125156675,-73.99890677053926,40.59573987480718,Shore Parkway & Bay Parkway
-74.1808005756371,40.721250312430556,-74.17961662448786,40.72215108753359,Broad St at Murray St
-74.17761886877766,40.731814013616784,-74.17643473134784,40.73271478634732,Washington St At Hill St
-74.01994765759481,40.64283701563619,-74.01826964808815,40.64384918500598,3rd Avenue & 58th Street
-73.97113903141194,40.699061729828344,-73.96972906686185,40.70003616951166,Market Street & 9th Avenue
-74.2302233294335,40.6813318039028,-74.22904007068372,40.68223259606141,Faculty Housing
-74.10912919511601,40.63420751405178,-74.10794680501935,40.635108285912246,Castleton Avenue & Davis Avenue
-74.20011261676738,40.66841799502074,-74.19895057754601,40.66931212058078,
-74.08542872819567,40.57441263361925,-74.08324977461568,40.57559616369381,Father Capodanno Boulevard & Sioux Street
-74.04108345065093,40.75479993214886,-74.03989894949552,40.75570066781503,Bergenline Avenue at 5th Street
-74.0651020761777,40.772610279785006,-74.0636341201099,40.77355132043277,County Ave At Jefferson Ave
-74.07130955654122,40.77103078684881,-74.0700593458373,40.77193151254971,Metro Way Cul-De-Sac
-74.1445755609931,40.73150121740676,-74.14339143913743,40.732401982557306,Fleming Ave At Christie St
-73.95863027340847,40.63472253409844,-73.95744792674975,40.635623265865334,Ocean Avenue & Farragut Road
-73.97003072685104,40.640539032928935,-73.96884827330547,40.64143976703484,Coney Island Avenue & Avenue C
-73.98237772712207,40.68297185345765,-73.98066645108722,40.684368533677706,Bergen Street & 3rd Avenue
-74.4431017616626,40.523128772090814,-74.44192123842167,40.52402962787367,Busch-Livingston Health Center
-73.95067920112585,40.592640531950344,-73.94949759903332,40.59354126801342,Ocean Avenue & Avenue X
-74.16097727385268,40.73266851558598,-74.15979312627536,40.7335692843781,Raymond Blvd at Jersey St
-73.95544856344247,40.67114574411317,-73.95422683757873,40.67229135574068,Saint Johns Place & Bedford Avenue
-73.9652816988431,40.642701684414256,-73.96361893406808,40.645511168352115,Beverley Road
-74.00070154554494,40.72119503495851,-73.99951765460746,40.7220957650053,Broadway & Broome Street
-74.22349769371397,40.76060905693987,-74.222054104621,40.76153104315911,Evergreen Pl 260' N of Central Ave.
-73.93339079246935,40.651156179889796,-73.93190880490563,40.65211571897502,Church Avenue & East 48th Street
-74.07648895493631,40.713835795069556,-74.07410901768704,40.71592714298956,Martin Luther King Junior Drive at Bramhall Avenue
-74.00861263242271,40.6743457302088,-74.00742956772818,40.675246469755045,Court Street & Columbia Street
-73.97387479798608,40.60769882237029,-73.9721802176275,40.61027290306211,Avenue P
-73.95538324205026,40.68785293872132,-73.95419995810882,40.68875366124242,Bedford Avenue & Greene Avenue
-74.16129748370233,40.58381753372541,-74.16003660627128,40.58504322686913,Marsh Avenue & Westport Street
-74.26740628423806,40.51004247317819,-74.26619111651522,40.511165526664925,State St. at Fayette St.
-73.93764884458656,40.66366906681606,-73.93638914865775,40.6654124330192,Troy Avenue & Montgomery Street
-74.33821110170398,40.460507175992944,-74.33703169839592,40.461408023971444,Washington Rd. at N. Minnisink Ave.
-74.44124216815996,40.52389077229323,-74.44006163192462,40.52479162767128,Jersey Mike's Arena
-73.94017341389204,40.64098839241386,-73.9388561839418,40.64202080758695,Avenue D & East 40th Street
-73.98987602664391,40.6226827417544,-73.98864917355861,40.62380205796159,60th Street & 17th Avenue
-74.02982814272025,40.74285503270754,-74.02864385742782,40.74375576725632,Washington Street at 6th Street
-74.12103216226267,40.66881553508141,-74.11921893574748,40.670100964408746,Jfk Blvd At 27Th St
-74.05173637520052,40.74750340461215,-74.05029232402993,40.74857549520388,Summit Avenue at Bowers Street
-74.07681545144752,40.6071634159692,-74.07563354869261,40.6080641839948,Hylan Boulevard & Donley Avenue
-74.06261228540068,40.750204654756786,-74.06126571507512,40.75110964524499,County Rd 622'N Of Tonnelle Ave
-74.27836528176007,40.53868054207875,-74.27687251455528,40.54037455683763,Convery Blvd. at Kelsey Ave.
-73.96555719734417,40.58052792887023,-73.96437580281268,40.581428671093555,Neptune Avenue & Brighton 4th Street
-73.9648982121777,40.67784046382379,-73.96304888806809,40.680008363584946,Washington Avenue & Bergen Street
-74.12487826998718,40.800223751201585,-74.12359652758612,40.80157884848125,Ridge Rd at Teneyck Ave
-74.20585315591593,40.735793897611074,-74.20445154014045,40.73672080251452,16Th Ave At South 13Th St
-74.22940576795534,40.738470684255674,-74.22710133505817,40.73947211643328,18Th Ave At Alexander St
-74.18991870353938,40.75924055874417,-74.18848183558647,40.76047482273881,Roseville Ave at Park Ave
-74.07694488154455,40.63326631799474,-74.07576251859572,40.634167081969245,Van Duzer Street & Margo Loop
-73.90870890076087,40.65482206288026,-73.90570293119072,40.65694501973214,Rockaway Avenue & Hegeman Avenue
-74.04314399006266,40.75966183306311,-74.04114212764655,40.76171473327775,Summit Avenut at 12th Street
-73.95957327972627,40.67973262218856,-73.95474767149803,40.68233836390491,Franklin Avenue
-74.09415351268507,40.636474616080385,-74.09297108745263,40.63737538388362,Lafayette Avenue & Alden Place
-74.10112082077066,40.684562564453664,-74.09831514983433,40.68714705659328,Broadway At 54Th Street
-74.10626204285442,40.68243684656336,-74.10453605569424,40.68366295295584,Avenue C at 48th Street
-74.18052218224983,40.76491322426632,-74.17905099796849,40.766293344216464,Bloomfield Avenue Light Rail Station
-74.03585420228957,40.73817683153946,-74.03466999785759,40.739077568424435,Clinton Street at 1st Street
-73.94060054030768,40.65567969212109,-73.93892596037695,40.656798906953775,Albany Avenue & Clarkson Avenue
-73.91032254319711,40.631495310823496,-73.90890005827107,40.63293888811733,
-73.98834996527142,40.65950557901416,-73.98701383354238,40.66047082062029,7th Avenue & 19th Street
-73.9393181434053,40.677041440202046,-73.93813505675614,40.677942159761685,Albany Avenue & Atlantic Avenue
-73.94560052500182,40.60681923379433,-73.94441867515822,40.607719966169405,Avenue R & East 28th Street
-73.99767347740142,40.6796571321248,-73.99649032275117,40.68055786783901,Court Street & 1st Place
-73.91237357581242,40.6193795671425,-73.9102512184362,40.620465533950416,Veterans Avenue & Avenue T
-73.9540115913154,40.66720973141679,-73.95274670167052,40.66898446841156,Rogers Avenue & Carroll Street
-73.97745132908527,40.678967570974905,-73.97364206574471,40.682594862065265,Bergen Street
-73.96424332116999,40.648847653380905,-73.96204973522788,40.65205327129712,Church Avenue
-73.95671509362599,40.67647428894075,-73.95455163047045,40.67788657305629,Dean Street & Franklin Avenue
-73.98256015936784,40.5750115859892,-73.9799906948369,40.57955900601551,Coney Island–Stillwell Avenue
-74.1859230802874,40.749894196584144,-74.18419019392765,40.75132348479993,Orange Street
-73.89198991124356,40.63476286180745,-73.89076648867172,40.635875437869494,Rockaway Parkway & Avenue N
-74.13855177377215,40.62374702985836,-74.13697743135303,40.624727670583184,Forest Avenue & Marianne Street
-74.00800128555483,40.72529092171464,-74.00649491934752,40.72653977843237,Hudson Street & Spring Street
-74.38639345739249,40.64010154053551,-74.38410621838459,40.6417143148412,Fanwood
-74.08127176997044,40.623884476940084,-74.07887202039278,40.62493459567428,Tompkins Avenue & Broad Street
-73.99960767290784,40.6372289943667,-73.99753738933988,40.63941491275255,50th Street & Fort Hamilton Parkway
-73.9138271667799,40.61927571074544,-73.91263113253697,40.6203361891667,Veterans Avenue & East 66th Street
-74.04394393088981,40.74489793173655,-74.04275036666984,40.746102068198816,Palisade Avenue at Bowers Street
-74.0112955709505,40.64786808514812,-74.00855325054313,40.65019020115701,45th Street
-74.06385317401772,40.734251310859314,-74.06180682362147,40.7364001971269,Jfk Blvd At Van Winkle Ave
-74.21316189691242,40.71539830705153,-74.21153731134913,40.71757029199342,Clinton Pl At Nye Ave
-73.93440794392774,40.64133950144096,-73.93303785465206,40.6423891985181,Avenue D & East 46th Street
-74.21900865892019,40.735155392030485,-74.21767464566724,40.736278907953654,18Th Ave At Eastern Pkwy
-73.94176864333024,40.59527897627348,-73.94027196158363,40.596525623871536,Nostrand Avenue & Avenue W
-73.94251549210729,40.67064360865004,-73.94105596687356,40.6719047863106,Saint Johns Place & Kingston Avenue
-74.10555091226793,40.644800042691514,-74.10424848536375,40.645826157303205,Richmond Terrace & Snug Harbor Road
-73.95614310930875,40.62010858222976,-73.95450829720586,40.621725529283246,Ocean Avenue & Avenue L
-74.01700521413241,40.614988995048996,-74.01578018691558,40.61614650478814,86th Street & 12th Avenue
-74.12893250865213,40.646718312629936,-74.1277498914803,40.647619087334135,Broadway At 2Nd St
-74.15811513667367,40.758551897410634,-74.15686536085981,40.75944540197957,Belgrove Drive at Wilson Avenue
-74.01004955551332,40.62096561745037,-74.00884394566634,40.622082382465926,Bay Ridge Parkway & 12th Avenue
-74.01279096270599,40.63238462635703,-74.01160863744401,40.6332853736068,8th Avenue & 65th Street
-74.17758929685962,40.760569632177955,-74.17633430139529,40.76183386756018,Bloomfield Ave At Parker St
-73.956020405784,40.593966401333695,-73.95431185968783,40.596553018917206,Neck Road
-73.90148994314438,40.63458492415261,-73.89977130189754,40.63603216581549,Remsen Avenue & Avenue L
-74.18419592690688,40.53453575563373,-74.18248677309921,40.535696343568006,Amboy Road & Ruggles Street
-74.31400285447785,40.46446403419688,-74.31281084427025,40.46548606528308,Washington Road at Ernston Road
-74.00418338883614,40.57875652333659,-74.00300201131483,40.579657276627266,West 37th Street & Canal Avenue
-73.9383793743191,40.610853097765094,-73.93667672807875,40.61190470067166,Avenue R & East 33rd Street
-74.10189222587613,40.68342639703862,-74.10070267229304,40.684559702903805,Broadway At 52Nd St
-73.94614083146142,40.61879185335733,-73.94489566329392,40.62036654649586,Nostrand Avenue & Avenue M
-74.43245922466134,40.48479656991735,-74.43127937542441,40.485697430047146,Gibbons
-74.13138108438064,40.598546108568286,-74.1301993157512,40.599446891395786,Bradley Avenue & Brielle Avenue
-74.23810496869285,40.40092818114454,-74.23692663142185,40.40182901881973,NJ 79 at Vermont Ct.
-74.33090220559625,40.47248507759872,-74.32972259450477,40.473385922365665,
-73.95541473948361,40.60825233248927,-73.95423286067495,40.609153067474494,Quentin Road & East 19th Street
-73.99667207190753,40.69036503310089,-73.99548872824529,40.69126576686293,Atlantic Avenue & Henry Street
-74.08003466791568,40.70408168244563,-74.07736866762158,40.7071521756646,Ocean Ave At Wilkinson Ave
-74.02379002330865,40.613832740011475,-74.02247588096289,40.61537615972375,92nd Street & 7th Avenue
-74.07954247646394,40.71041955894633,-74.07625774975187,40.71348491464091,Martin Luther King Junior Drive at Kearney Avenue
-74.16906589492706,40.73950127063487,-74.16760670884928,40.74114882854341,Sarah Vaughan Way 90' W of Park Pl.
-74.18422890278505,40.72425721228025,-74.1830448973394,40.72515798768388,Clinton Ave At Murray St
-74.3052858699455,40.45733487881872,-74.30410653015933,40.45823572114562,Ernston Rd. at Rutgers Rd.
-73.94865378430339,40.63550621597954,-73.94688761577905,40.63668528308512,Farragut Road & Nostrand Avenue
-73.96202281353922,40.64962292860493,-73.9599590864105,40.65053077133574,Church Avenue & Ocean Avenue
-73.98310702513271,40.58131485554303,-73.98183037435122,40.582543543876135,2695 Stillwell Avenue
-73.93983843297211,40.6209936810054,-73.93839586352262,40.622154619062435,Kings Highway & East 37th Street
-74.0570133696564,40.76789733108988,-74.05582863048772,40.76879806887405,Secaucus Rd At 16Th St
-74.11279777904547,40.56117110798653,-74.11149181929652,40.562111691566905,Mill Road & Tysens Lane
-74.312215667432,40.559627786157535,-74.31103453267225,40.56052861380678,Woodbridge Corporate Center
-74.24590421326558,40.503819203699884,-74.24269477968843,40.50504043986699,Hylan Boulevard & Brighton Street
-73.94025347288067,40.63400324199839,-73.93898002412718,40.63502445796314,Glenwood Road & East 39th Street
-73.98207874435852,40.65254865783752,-73.9808049499693,40.65419514196847,McDonald Avenue & Terrace Place
-74.16163320506256,40.78399676696633,-74.16038439245041,40.78530733284115,Union Ave at Mill St
-74.14032543815917,40.57210439789919,-74.13825855621675,40.57317990313684,Richmond Road & Spruce Street
-74.1645840966596,40.54249450029155,-74.1634033034669,40.54339529967259,Richmond Avenue & Amboy Road
-74.00444330635288,40.682345698558294,-74.00290898853022,40.683629901604185,Columbia Street & Carroll Street
-74.23725160572774,40.5334207046562,-74.23551608559653,40.535014295772065,Arthur Kill Road & Androvette Street
-74.04194293459312,40.75297353189254,-74.04075846555318,40.75387426807135,2nd Street at Bergenline Avenue
-74.0669478380354,40.597579733455156,-74.065565859233,40.59867426657406,McClean Avenue & Railroad Avenue
-74.1969968905049,40.73394381161638,-74.19581270961766,40.73484458834775,16Th Ave At Camden St
-73.99483576437105,40.611513031022085,-73.99318454146508,40.612888669204885,Bay Ridge Parkway & 19th Avenue
-74.13092739363535,40.64498131225519,-74.1297448064968,40.64588208770887,1St St At Ave C
-74.00184812934583,40.640161528460084,-74.00066567080589,40.64106227150377,49th Street & 9th Avenue
-74.1490096559488,40.53920362132937,-74.14730104460243,40.54034097772033,Hylan Boulevard & Goodall Street
-74.14765221633608,40.624586508678696,-74.1464699837934,40.62548729128541,Forest Avenue & Willow Road West
-74.05512034093299,40.76469883108533,-74.05393565921139,40.765599568878585,Secaucus Rd 1310'E Of 16Th St.
-73.98644082025726,40.5804145319288,-73.98498778182764,40.58139696714397,Cropsey Avenue & Hart Place
-73.927992509733,40.673478441584855,-73.92680949043017,40.67437915837883,Saint Marks Avenue & Rochester Avenue
-74.08801880759054,40.63728336957703,-74.08649546678198,40.63836564593758,Brighton Avenue & Jersey Street
-73.99085518304904,40.63249485968765,-73.98951272371978,40.63433756729591,49th Street & 14th Avenue
-74.17923025520155,40.6936283462687,-74.17596511918134,40.69655659704654,Terminal C
-73.9498012629957,40.64393383703454,-73.94822200996583,40.647020018690995,Beverly Road
-73.93247291981906,40.58475806671508,-73.93080210880598,40.58714953253838,Knapp Street & Harkness Avenue
-73.95109414944007,40.65468757798938,-73.94907266596287,40.65805624673831,Winthrop Street
-74.21416510473622,40.64406627105275,-74.21178981201244,40.645800566955955,BAYWAY AVE AT POLONIA AVE
-74.07662688714065,40.63838188663865,-74.07485476934195,40.64008029022596,Slosson Terrace & Bay Street
-73.93448852271558,40.58554767879411,-73.9327340708398,40.58701842143484,Shore Parkway & Bragg Street
-74.14571004211214,40.76104552332467,-74.14450285968493,40.762208276603324,Davis Avenue at King Street
-74.00476849640022,40.65067905009518,-74.00317461419687,40.65175408325946,39th Street & 5th Avenue
-74.05839382032453,40.71431296028888,-74.05607227108284,40.71602175699983,Pacific Ave At Barbara Pl
-74.27878708935219,40.545596907270834,-74.27712631753064,40.5470370930265,Amboy Ave. at St. Joseph's St.
-73.94532350312531,40.67235403896137,-73.94414049703522,40.67325476100237,Brooklyn Avenue & Park Place
-74.17824738826145,40.73400141371691,-74.17706321186395,40.7349021862472,University Ave At William St
-74.0916039888122,40.63928269801143,-74.09030320739012,40.64018070193814,Prospect Avenue & Franklin Avenue
-73.89953496967337,40.64134426279857,-73.89816573150839,40.642713936344265,Rockaway Parkway & Avenue J
-73.95309139756924,40.69417853954608,-73.95190800259023,40.695079260417664,Nostrand Avenue & Myrtle Avenue
-74.16593154085555,40.627051906750566,-74.16474925927119,40.62795269321358,Grandview Avenue & Forest Avenue
-74.10057430517419,40.6944827619163,-74.09828682229129,40.69617160919452,Jfk Blvd At Gates Ave
-73.92323737623053,40.64624921474203,-73.92181932343073,40.647297585037265,Beverly Road & East 57th Street
-74.1421630732081,40.624122327209655,-74.14053946980808,40.62520084932121,Forest Avenue & Crystal Avenue
-73.97471510259689,40.58527850720406,-73.97343630040648,40.586301292742384,Avenue Z & Shell Road
-74.0986659700643,40.70352591573762,-74.0972014318814,40.70504278310021,Danforth Avenue at West Side Avenue
-73.9320804223154,40.66540209215074,-73.93070977608917,40.666814406973806,Utica Avenue & Carroll Street
-74.16284130509271,40.75394057778329,-74.16129959373555,40.75498292147118,Belgrove Drive at Lincoln Avenue
-73.95951345075972,40.625026196085344,-73.95758845115405,40.62597910427572,Avenue J & East 18th Street
-74.27979110501113,40.4814794592328,-74.27832499388279,40.48249904017146,Broadway at John St.
-73.96683201829843,40.706744370245886,-73.96514908421685,40.70769763008878,Division Avenue & Berry Street
-74.17798582909393,40.662648949242126,-74.17660107171749,40.663649150365416,Glimcher Realty Way at Marriott
-73.98907477735938,40.63453102978508,-73.98789242279423,40.63543177017875,14th Avenue & 47th Street
-74.0070287044083,40.68252113106476,-74.00584549574288,40.683421868899096,Van Brunt Street & Summit Street
-74.15062089024384,40.70082721429681,-74.14943730988563,40.701727985667276,Kellogg St 320' E of Corbin St
-73.90965081773487,40.60678403909574,-73.90846898243062,40.60768476086792,East 66th Street & Dakota Place
-74.13117676681877,40.63060201110038,-74.12999443331326,40.631502788863685,Jewett Avenue & Post Avenue
-74.25369418419015,40.71429929964653,-74.25182770963299,40.71536030129132,Stuyvesant Avenue at 40th Street
-74.04282436622839,40.76310363301274,-74.04141363170136,40.76419386697527,JFK Boulevard at 15th Street
-74.17503304596299,40.74627266244078,-74.16976976184627,40.74855843643329,Broad Street Station
-74.32106039460169,40.547809646708,-74.31979300235095,40.548701053201874,Ford Avenue at Webb Drive
-73.92616700219716,40.657024407073884,-73.92474160594466,40.65842389302665,Remsen Avenue & East 56th Street
-74.00236567983819,40.60072828532585,-74.00070332635165,40.60212821492677,Bath Avenue & 20th Avenue
-74.08467198368793,40.71171542642774,-74.08321131701317,40.71262617361919,Jfk Blvd At Claremont Ave
-73.99166233533434,40.7213748916547,-73.98759585572483,40.7242031565123,2nd Avenue
-74.16260563781805,40.78258192195181,-74.16113546331786,40.78360517741021,Mt Prospect Ave at Sylvan Ave
-73.97600476321027,40.65804845594753,-73.97429104123255,40.659386944124705,Prospect Park Southwest & 11th Avenue
-74.0791755906884,40.63426091778956,-74.07799320945155,40.63516168217443,Saint Pauls Avenue & Swan Street
-74.22110250674993,40.764499110650746,-74.21747833518506,40.76675655639119,Brick Church
-73.96401654869793,40.61436951585128,-73.96270674627871,40.615992883855846,Coney Island Avenue & Avenue N
-74.23170566185766,40.73909965850843,-74.23010973666337,40.74003134164416,18th Ave At Norwood St
-74.18969296010523,40.778601883847955,-74.18700909826023,40.781208438260215,Grove St at Bloomfield Ave
-74.05172010064267,40.72389908721743,-74.04995160177064,40.72517301249024,Newark Avenue at 4th Street
-74.02540579203172,40.619739861587895,-74.02347684895922,40.62120846331712,Fort Hamilton Parkway & 86th Street
-74.14904456012526,40.796569045390854,-74.14782004398181,40.79798115452075,Washington Ave At Little St
-74.1634157602567,40.78138669619528,-74.16164437213189,40.78256634391198,Verona Ave at Mt Prospect Ave
-74.15752841434772,40.73771284339742,-74.15425120931545,40.74048771607924,PATH Station
-74.15392400698816,40.725245315822676,-74.15273999314094,40.72614608414141,Wilson Ave at Hensler St
-74.00208064363152,40.63301256826094,-73.99975305377527,40.634011832275284,56th Street & 11th Avenue
-73.95368518749412,40.670756270860316,-73.95219011639428,40.67229185396324,Saint Johns Place & Rogers Avenue
-74.00999200055128,40.65578013697612,-74.00718718155206,40.657002160659594,IC Shuttle Bus stop
-73.91016233425066,40.65400604271299,-73.90897966591508,40.65490675725065,Linden Boulevard & Thomas S Boyland Street
-74.00755048251567,40.63022162348914,-74.00363116475258,40.63379618827696,Fort Hamilton Parkway
-74.19531617245472,40.7657504142923,-74.19413142766828,40.766651185671854,Ampere Plaza at 18th St
-73.97693840727054,40.60413902910592,-73.97575659288474,40.60503977085788,Kings Highway & West 3rd Street
-73.90843827836443,40.640997555675405,-73.90663123681304,40.642520672006874,Remsen Avenue & Glenwood Road
-73.91188407458127,40.644186889514906,-73.91044963388346,40.6456158106014,Remsen Avenue & Foster Avenue
-73.98856415583887,40.674831827346964,-73.98710684186851,40.67576087279746,3rd Avenue & 3rd Street
-73.96292957851635,40.69957868945526,-73.96117571922336,40.700537110857304,Williamsburg Street & Kent Avenue
-73.99618540430569,40.68273073257069,-73.99500219584715,40.68363146739313,Court Street & Sackett Street
-74.15174129756831,40.780569220408175,-74.15055630256138,40.781469979555894,Mill St At Main St
-74.13864749287899,40.6114281753441,-74.13744840332424,40.61241402444566,Victory Boulevard & O’Connor Avenue
-74.12856962218888,40.65958441368013,-74.12738677794368,40.66048518628392,Jfk Blvd At 14Th St
-74.15057375756899,40.75356181843011,-74.14938924256074,40.75446258153397,Davis Avenue at Tappan Street
-73.94188760213032,40.64089611586872,-73.94065769442166,40.641895284007695,Avenue D & East 38th Street
-73.96669774995743,40.61691074663649,-73.96481225199435,40.61786325371747,Avenue M & East 9th Street
-74.12430777421912,40.62022181111276,-74.1231256259139,40.621122588851264,Manor Road & Maine Avenue
-74.15674045793745,40.5346756981698,-74.15509104723353,40.53602030200328,Richmond Avenue & King Street
-73.92852719445574,40.62523717136039,-73.92693037250538,40.62695847628689,Flatlands Avenue & Utica Avenue
-74.03120089369398,40.61284292235097,-74.03001890645311,40.613743677612945,Fort Hamilton Parkway & Marine Avenue
-73.96091381650537,40.58139614170916,-73.95896549649682,40.582530079885935,Coney Island Avenue & Neptune Avenue
-74.38082012349248,40.530928577742344,-74.37963947660124,40.53182942222207,
-74.07891867496134,40.621258340542596,-74.07763402926481,40.622764259263526,Tompkins Avenue & Hill Street
-74.09736054802481,40.59503411243958,-74.09617885211212,40.595934887524436,Richmond Road & Burgher Avenue
-74.30786242622149,40.39500887370184,-74.3066841738827,40.395909726262516,
-73.93542558514461,40.68184754114719,-73.93424241501747,40.68274825881651,Lewis Avenue & MacDonough Street
-73.98055957042875,40.64198005790365,-73.97879248861622,40.64588504028971,Church Avenue & McDonald Avenue
-74.18843439590465,40.714564016837606,-74.18720259967833,40.71603248304069,Frelinghuysen Ave at East Bigelow St
-74.03553369974264,40.72848998368033,-74.0337860909222,40.73012541679433,Washington Boulevard at Newport Parkway
-73.9812415411165,40.60272068412811,-73.97950729716895,40.60556759752059,Kings Highway
-74.00568126064367,40.65627601416708,-74.00424684589905,40.65757118594801,3rd Avenue & 34th Street
-73.9699521559511,40.675817927786916,-73.96869354388788,40.67697607163581,Vanderbilt Avenue & Sterling Street
-74.05981237782593,40.733834597480815,-74.05810063304033,40.735823651591,Summit Avenue at Newark Avenue
-74.13472286233505,40.731825518598555,-74.13353873779697,40.73272628136548,Ferry St At Waydell St
-74.17420966661678,40.603034516813466,-74.17247373463626,40.604149981967666,Victory Boulevard & Signs Road
-73.99068009628073,40.636642929727174,-73.98949770387267,40.637543670236646,13th Avenue & 45th Street
-74.2033912449389,40.51603255589903,-74.20215255399896,40.517230843831676,Hylan Boulevard & Bayview Avenue
-74.14523965333483,40.71946404785813,-74.14360134231856,40.72044655261225,Wilson Ave at Avenue L
-73.92607142035983,40.65208054019428,-73.92488877980348,40.6529812597694,Church Avenue & East 55th Street
-73.94566294451684,40.68834024016301,-73.94447965564372,40.68924095980072,Tompkins Avenue & Greene Avenue
-74.08946320171907,40.70641478165274,-74.08664124915684,40.70844052791008,Jfk Blvd At Audubon Ave
-73.96295481137581,40.65692018547623,-73.96164149257376,40.657822014458965,Ocean Avenue & 231 Ocean Avenue
-74.09138221008848,40.712234485712266,-74.09016489076879,40.71330401374217,West Side Ave At Fisk St
-74.09548324604059,40.640230816208636,-74.0943007540969,40.641131583755374,Henderson Avenue & Lafayette Avenue
-74.11000535782485,40.674064913575236,-74.10832023956931,40.67532008622136,Broadway At 37Th St
-74.16836628507481,40.62705919312648,-74.16716091588737,40.628160906780884,Forest Avenue & Lilac Court
-74.07109586407746,40.731346588691345,-74.06938143510253,40.73246361033974,Sip Ave At Romaine Ave
-74.1528524235193,40.749684917860606,-74.15166797661009,40.75058568210344,Davis Avenue at Cross Street
-73.96880239226796,40.577759953592995,-73.96727800068872,40.57914664665647,Ocean Parkway & Oceanview Avenue
-74.13295802756265,40.6116332234849,-74.13172337311491,40.61274147588126,Bradley Avenue & Victory Boulevard
-74.2284401492319,40.762806738351976,-74.22672395522753,40.76380066221559,Central Ave at Oakwood Ave
-74.33915481968235,40.51964328053039,-74.33797438041765,40.52054411943398,Raritan Center Parkway at McGaw Drive
-73.94429352853201,40.607035623171186,-73.94102175178453,40.61058277521529,Nostrand Avenue & Quentin Road
-73.94100557231042,40.60614602690822,-73.93875363359373,40.60793489530692,Gerritsen Avenue & Fillmore Avenue
-73.93584280234758,40.67897135814036,-73.93405245374925,40.68011681258424,Troy Avenue & Fulton Street
-74.1197981601379,40.666436245078714,-74.11783197714783,40.66820295516002,Avenue C & 26th Street
-74.00180451999572,40.63910262838323,-74.00062208015602,40.640003371580605,50th Street & 9th Avenue
-74.17979200579468,40.75631604738251,-74.17857619881828,40.75734885235639,Park Ave at Parker St
-74.11386671908959,40.58007930923843,-74.11268528104478,40.5809800907256,Richmond Road & Greeley Avenue
-74.28013474544939,40.64842649621176,-74.2789520546601,40.649327303752514,"Wood Ave at Trinity Pl #29498"
-73.99551056922576,40.713209525183494,-73.99348743356497,40.7141910753676,East Broadway & Forsyth Street
-73.97073293545776,40.61396070343312,-73.96908126656166,40.61501329525178,Avenue N & Ocean Parkway
-74.05740044671542,40.7314890281896,-74.05621635342838,40.73238977177432,Newark Avenue at Baldwin Avenue
-74.35282257506972,40.536602964084565,-74.351557528376,40.537630935828545,Amboy Avenue at James Place
-74.18200906347259,40.71967834803535,-74.18037193459028,40.720883651715006,Broad St at Wright St
-74.16457421025561,40.75080661155312,-74.16308698745536,40.75194828840921,Passaic Avenue at Central Avenue
-74.42510025700899,40.49999407168424,-74.42392014307794,40.50089492828024,Raritan Ave at N. Fifth Ave
-74.13735452265368,40.639733766631714,-74.13597177877105,40.64071463281347,Richmond Terrace & Sharpe Avenue
-74.19212818805582,40.76255175917202,-74.1907303146604,40.763648940861295,West 4th Ave at North 12th St
-74.0816079325817,40.59795967776735,-74.07750785797462,40.59919451826656,Hylan Boulevard & Allendale Avenue
-74.30489352048517,40.65481351403792,-74.30136134064587,40.65620599625349,Cranford
-73.9264733411683,40.66781998584715,-73.92481565329555,40.66919281433147,Eastern Parkway & Buffalo Avenue
-74.08506986398412,40.60221219378303,-74.08304413537961,40.60412464144051,Grasmere
-73.9541748425278,40.66530553713086,-73.95299195763131,40.66620626283291,Rogers Avenue & Montgomery Street
-74.04192534590167,40.74846744493373,-74.04026714292803,40.7495795413705,Congress Street at Palisade Avenue
-73.98093669070647,40.66807210007349,-73.97921830658494,40.6693475996933,7th Avenue & 6th Street
-73.99967563991669,40.65557355376596,-73.99766905564782,40.6570538459112,5th Avenue & 30th Street
-73.95768580689695,40.66119673630503,-73.95650299326162,40.662097463658746,Bedford Avenue & Lefferts Avenue
-74.06237025788337,40.7394137858568,-74.06104944538725,40.740474914133046,Jfk Blvd At Beacon Ave
-74.10301499480666,40.63428431480988,-74.10183260532965,40.635185085154156,Castleton Avenue & Conyingham Avenue
-73.98220298025973,40.641372355241835,-73.98076902032936,40.64243044458974,14th Avenue & Church Avenue
-74.10900007071072,40.67526349264224,-74.10729972691212,40.67651630709521,Broadway At 39Th St
-74.01648566165765,40.6435267267278,-74.01530313849183,40.64442747323607,55th Street & 4th Avenue
-74.07573681276102,40.62548901753983,-74.07455458737937,40.62638978242413,Bay Street & Thompson Street
-74.19109330694344,40.76992657257772,-74.18961829258201,40.770836627433944,1st Ave at North 16th St
-73.99238044419586,40.709921835225074,-73.99119675595777,40.710822564738734,Pike Slip & South Street
-74.31174509183718,40.65322569352428,-74.31056230826755,40.65412650644004,"South Ave at Lincoln Ave West #28501"
-74.01195422276999,40.71839583320099,-74.0107703773807,40.71929656676286,Harrison Street & West Street
-73.9568672552304,40.68248130967573,-73.95536967354452,40.68425936148048,Putnam Avenue & Franklin Avenue
-74.18168896118684,40.74216831396786,-74.18050463893812,40.743069085996254,Warren Street/NJIT
-74.17934399847461,40.52624378036142,-74.17626099273147,40.527293828036505,Hylan Boulevard & Wendy Drive
-74.23875380320423,40.723427306298845,-74.23756979691191,40.72432809366535,
-74.22044247752153,40.736192908599826,-74.21923642241812,40.7372465912117,18Th Ave At Myrtle Ave
-74.00561488745385,40.711887146056824,-74.00249455235333,40.714106371556205,"Chambers Street (J,Z)"
-74.15022188076351,40.76201948671377,-74.14902411698161,40.76321261321762,Kearny Avenue at Halstead Street
-73.95336664123423,40.65385303635115,-73.95218395892495,40.654753763612604,Rogers Avenue & Lenox Road
-73.99139568969412,40.719050932223944,-73.98928156741873,40.720246120805335,Allen Street & Delancey Street
-74.05977220497235,40.71715394736155,-74.05827129544359,40.71821525212833,Grand Street at Prior Street
-74.17621166519342,40.73417703177561,-74.1708837789486,40.73730975782029,Market St At Washington St
-74.01570449623772,40.71532473245177,-74.01452070391237,40.7162254675121,Murray Street & North End Avenue
-73.97904898320593,40.63485114600542,-73.97731932024584,40.63751600310524,Ditmas Avenue
-73.91052692369908,40.66187898020342,-73.907358653481,40.66319823697261,Rockaway Avenue
-74.1542919259856,40.56563505164983,-74.15198370262051,40.56748225518116,Arthur Kill Road & Corbin Avenue
-74.14589126011462,40.63740343845268,-74.14439934228211,40.638336561728515,Richmond Terrace & Morningstar Road
-73.89961949593432,40.6329476712029,-73.89773949104732,40.63440039854182,Remsen Avenue & Avenue M
-74.1242468661395,40.66463741459516,-74.12306393399378,40.6655381853689,Jfk Blvd At 21St St
-74.30234121982942,40.55435058668628,-74.3011601802763,40.55525141327805,Woodbridge Center Drive at Woodbridge Terrace
-74.094025160893,40.69593608613848,-74.09133521981828,40.69965171553417,Old Bergen Rd At Cator Ave
-74.07912729421525,40.723852852385036,-74.07671171796025,40.72605180605326,West Side Ave At Kensington Ave
-73.99020104578018,40.664916632005784,-73.98901815437345,40.66581736795802,5th Avenue & 15th Street
-74.17682460317114,40.74698311489416,-74.17564019695457,40.747883885069946,ORANGE ST + BOYDEN ST
-74.26888311195124,40.50800928032777,-74.2670093713632,40.509221528358545,State Street at Smith Street
-74.07741265107983,40.629803117664395,-74.07623034906034,40.63070388229958,Bay Street & William Street
-74.08130437136752,40.709075159192395,-74.0794558260958,40.71039884035365,Martin Luther King Junior Drive at Claremont Avenue
-73.89366559979298,40.64827404372363,-73.89200109939969,40.6491967563517,Flatlands Avenue & East 108th Street
-74.16257674640889,40.582738747464816,-74.16108678399483,40.583984152387224,Marsh Avenue & Ring Road
-74.0295963334618,40.63594375284574,-74.02772866675649,40.63716114619419,Bay Ridge Avenue & Ridge Boulevard
-73.97675862875478,40.64383144927427,-73.97465906623262,40.64489215167002,Church Avenue & East 5th Street
-74.10086413281056,40.61230594005717,-74.09889205713445,40.61384714567708,Clove Road & Howard Avenue
-74.19374234290328,40.78496311597101,-74.19255725722006,40.785863883993116,Bloomfield Ave At Berkeley Pl
-73.99562157902942,40.574978517999604,-73.9941521208231,40.576046281665526,Mermaid Avenue & West 28th Street
-73.94701749695852,40.64897383688649,-73.94583490320159,40.64987456307724,New York Avenue & Snyder Avenue
-74.06300826440079,40.72268135878513,-74.06179723543917,40.723760641004986,Montgomery St At Mill Rd
-74.1616253847594,40.729900799551594,-74.16001572244744,40.731327600742624,Ferry St At Jefferson St
-73.94482457095317,40.65057926669242,-73.94273113339979,40.65161083417568,Church Avenue & East 37th Street
-74.16819861062365,40.5484363138408,-74.1666250975267,40.551332432199956,Richmond Avenue & Katan Avenue
-74.157012665556,40.74610895268508,-74.15518955269329,40.74788691623504,Frank E Rodgers Boulevard at Cleveland Avenue
-74.19676188525894,40.7671687142434,-74.19557711486382,40.768069485720744,Springdale Ave at North 20th St
-74.12533209868552,40.65964369148377,-74.1241071012292,40.66074760818271,Avenue C at 16th Street
-73.94506582692003,40.675052039209874,-73.94388277324053,40.67595276075387,Brooklyn Avenue & Bergen Street
-74.196990131403,40.55729039779528,-74.19580906871869,40.55819120216889,Arden Avenue & Dover Green
-74.22087080638345,40.723690294465676,-74.2188992924854,40.72462930570977,Clinton Ave At 21St St
-73.91870813687494,40.625751468232735,-73.91733165803437,40.62744953127279,Ralph Avenue & Avenue K
-74.09713695603537,40.582448376918215,-74.09514484491795,40.5836667214327,Hylan Boulevard & Seaver Avenue
-73.97193323825007,40.68707283630047,-73.97074996190649,40.6879735636633,Lafayette Avenue & Carlton Avenue
-74.11295468726182,40.56510380817849,-74.11177351287257,40.56600459178558,Ebbitts Street & Hylan Boulevard
-73.94028585642471,40.60455022327952,-73.93792578725653,40.606229708063594,Gerritsen Avenue & Avenue S
-74.04110566178989,40.762686202011636,-74.03958553460491,40.763894498049936,Summit Avenue at 15th Street
-74.06150904713195,40.721539819810836,-74.05763984851939,40.724441231433566,Montgomery St At Florence St
-74.0779407643483,40.631297717714304,-74.07675843579183,40.6321984822497,Van Duzer Street & Clinton Street
-74.03376010185103,40.613102431939915,-74.03174661028423,40.61498818004319,4th Avenue & 97th Street
-74.09569957361738,40.58357711189892,-74.09410572496549,40.584508288246035,Hylan Boulevard & Naughton Avenue
-73.91946942873052,40.64750550905206,-73.91735887077593,40.64883648949338,Avenue B & East 87th Street
-73.99574619615726,40.72700863609654,-73.99456220399593,40.72790936386726,Broadway & West 3rd Street
-74.1859260536793,40.73062881845075,-74.1844751483344,40.731736881528654,West Kinney St At Howard St
-74.30894683825068,40.396373573705255,-74.30776856185332,40.39727442625911,"Service road at Throckmorton Lane, bus 64, 67, 139: NJTransit"
-73.91995645888105,40.66790024233809,-73.9187735412833,40.668800957625585,Pitkin Avenue & Howard Avenue
-74.16330443415063,40.59228240433266,-74.16212276597633,40.59318319563148,Richmond Avenue & Draper Place
-74.19792084260514,40.7510785128557,-74.19673635751738,40.75197928710845,9Th Ave At South 12Th St
-74.08582207985789,40.644243017731405,-74.08463952028112,40.64514378223258,Westervelt Avenue & Cleveland Street
-74.08938770258595,40.590019913042035,-74.08820609755219,40.590920686921976,Hylan Boulevard & Burgher Avenue
-73.98440811099307,40.683730034285034,-73.98322488916158,40.68463076567876,Bergen Street & Nevins Street
-74.21969271711527,40.54390999427549,-74.2185118830029,40.544810805688726,Bloomingdale Road & Shiel Avenue
-74.15917677063184,40.732336015768034,-74.15799262949646,40.73323678419603,Raymond Blvd 30'e of Jefferson Street
-74.045329295504,40.758325300008885,-74.04287238364363,40.759619679089155,Summit Avenue at 8th Street
-74.19101307429588,40.756736259482274,-74.18960212359735,40.75782744050901,Roseville Ave at 6th Ave W
-73.97560585860745,40.68929763595601,-73.97442254154858,40.69019836400777,DeKalb Avenue & South Portland Avenue
-74.16235906402204,40.771542354779086,-74.16114133854768,40.77279614513683,Broadway At Elwood Ave
-73.92433073733552,40.649952816060456,-73.92295896710941,40.65109768397559,Kings Highway & Snyder Avenue
-74.11200055557093,40.681548165070915,-74.11077544615446,40.68274953480786,Jfk Blvd At 44Th St
-74.01568536802864,40.6057567972464,-74.01383693663051,40.607168202740056,Cropsey Avenue & 15th Avenue
-74.09826417171976,40.69025777067677,-74.09186151986394,40.695872958915665,Old Bergen Road at Gates Avenue
-73.95988724604827,40.698242236377155,-73.958291753331,40.69994791951839,Franklin Avenue & Flushing Avenue
-74.00691735239423,40.736545535697864,-74.00463554561364,40.73752216469405,8th Avenue & Bleecker Street
-74.44596380019398,40.49921307230138,-74.44442931070874,40.50037656678978,Zimmerli Art Muesum
-73.9527180384624,40.69034748437273,-73.95113834770814,40.691879031154805,DeKalb Avenue & Nostrand Avenue
-73.94496898816624,40.614002934447875,-73.94378701199395,40.61490366551586,Nostrand Avenue & Marine Parkway
-74.04397902246222,40.71862422869408,-74.04111478876463,40.720084761641004,C Columbus Drive At Grove St
-73.99818671877733,40.59364722532535,-73.99700508137461,40.594547974638516,1684 Shore Parkway
-74.08870116449896,40.60842171456748,-74.08751923563939,40.60932248539652,Targee Street & DeKalb Street
-74.11604988389816,40.66688243251386,-74.11473181867477,40.66778856747337,Broadway At East/west 27Th Street
-74.13123311503895,40.65684565098895,-74.12940608366269,40.65810674832235,Jfk Blvd At 10Th St
-73.95381507691272,40.66920523748775,-73.95263212324649,40.670105962476,Rogers Avenue & Eastern Parkway
-74.01532441968033,40.644031883757016,-74.0112463320414,40.6474153894325,53rd Street
-74.12298895383049,40.65845731043908,-74.12179534403802,40.65963378949589,Broadway At 16Th St
-73.93370427436518,40.67480993815084,-73.93232532252097,40.67634266117455,Bergen Street & Schenectady Avenue
-74.42207264119615,40.617217503064246,-74.41838647763448,40.620131184784306,3rd Street at Church Street
-74.01073303346575,40.617365983918226,-74.00417822325079,40.62321507974593,Bay Ridge Parkway & 13th Avenue
-74.09025292921214,40.63533567184053,-74.08885407066045,40.636239428130175,Brighton Avenue & Webster Avenue
-74.17221253656712,40.75376137389791,-74.16957675786071,40.755289335745196,Broadway At Gouverneur St
-74.17119798814785,40.742757119117265,-74.16775749219568,40.74474068814642,Broad St At Lombardy St
-74.12900028600063,40.6495120973699,-74.12780081462729,40.65054470232503,4Th St At Broadway
-73.95935240315538,40.63557996374367,-73.957468970211,40.636846507170105,Foster Avenue & Ocean Avenue
-73.98356212457759,40.700746041725054,-73.9820705708545,40.70170115857016,
-74.1631766220802,40.637485556572614,-74.16156328197033,40.63875834351163,Richmond Terrace & Andros Avenue
-74.2794956086797,40.46214068170615,-74.27831619142904,40.463041518258144,Ernston Rd. at Gondek Dr.
-74.25665622753253,40.747528301052675,-74.25528177009544,40.74860379896144,Scotland Rd at Ralston Ave
-74.06552361347262,40.59804654061453,-74.0626843839775,40.599593241495796,Lily Pond Avenue & McClean Avenue
-73.94056745721073,40.58925899307281,-73.93912224291482,40.59030730657582,Nostrand Avenue & Avenue Z
-74.04648950890551,40.7266310012048,-74.04456027571294,40.728800599754685,Hamilton Park
-74.13557999469006,40.55074988646454,-74.13376780301996,40.551713413879945,Hylan Boulevard & Redgrave Avenue
-73.92013501849645,40.63931164006813,-73.9187979744205,40.64115955962295,Ralph Avenue & Foster Avenue
-74.09067152887336,40.638374316663864,-74.08948907126485,40.63927508330015,Clyde Place & Arnold Street
-74.10241622899298,40.58849134358694,-74.10120837062783,40.589551456120596,Richmond Road & Buel Avenue
-73.94195874399108,40.67705053981787,-73.94077565616999,40.677951260145846,Kingston Avenue & Pacific Street
-74.12798918324204,40.65254058184915,-74.12629520902357,40.654043502185665,Broadway At 7Th St
-73.91997441019242,40.6115483130711,-73.91509976207135,40.614588622999165,Avenue U & East 57th Street
-74.06811523987346,40.71820331116313,-74.06685866245056,40.719187388777584,Summit Ave At Belmont Ave
-74.1961189356343,40.77192172685048,-74.19465976908874,40.77319502883128,Hoffman Blvd at Grove St. North
-74.00618534410701,40.641746127989684,-74.00500285604404,40.64264687197417,50th Street & 7th Avenue
-74.2009216659263,40.708530509194546,-74.19973793419553,40.7094312907696,Elizabeth Ave at Custer Ave
-73.9524940228143,40.60087390776958,-73.95118037326672,40.602402091878226,Ocean Avenue & Avenue T
-74.18285033676523,40.68672591781287,-74.18096717859619,40.68764386663493,
-73.95814085247463,40.61785469383831,-73.95621164936139,40.61880560651056,Avenue M & East 18th Street
-74.08466331260982,40.581865995587556,-74.0834550897039,40.583085904337935,Seaview Avenue & Olympia Boulevard
-74.44628038930264,40.59451507743119,-74.44509861078143,40.595415922533284,4th Street at Rushmore Avenue
-74.00157928622697,40.629523325773214,-73.99995631916565,40.630861874422294,60th Street & 12th Avenue
-74.2653069113925,40.508351486739684,-74.2641266887186,40.509252313224614,High St. at Smith St.
-73.97235907386478,40.67978213566977,-73.97117592629168,40.680682864294035,Bergen Street & Carlton Avenue
-73.91274253282613,40.65378724230948,-73.9115598673392,40.65468795765424,Linden Boulevard & Rockaway Parkway
-73.96650582606043,40.69711383785594,-73.96532237409703,40.698014562107815,Flushing Avenue & Ryerson Street
-73.88250577287948,40.638373543772126,-73.88122883149182,40.639445756115606,Seaview Avenue & East 108th Street
-74.09008045269914,40.60705641428784,-74.08889854743899,40.60795718567615,Richmond Road & Clove Avenue
-74.06355928118704,40.73019631662401,-74.06117554354131,40.73309964104261,Journal Square Transportation Center
-73.90988781403007,40.63779549572599,-73.90648433423485,40.639834369378754,Flatlands Avenue & East 88th Street
-73.94020552351408,40.62437988583616,-73.93878217793362,40.625823313093484,Flatbush Avenue & Avenue K
-74.11945340969001,40.67074216525539,-74.11754638713796,40.672119534328914,Jfk Blvd At 30Th St
-74.18707261942733,40.52338878359046,-74.18563647946048,40.52439641587195,Hylan Boulevard & Huguenot Avenue
-74.12095819218196,40.559881567899,-74.11728271431993,40.56265992056965,Hylan Boulevard & Isabella Avenue
-74.05377452869334,40.74013930004986,-74.05104260943638,40.743065404972995,Central Avenue at Manhattan Avenue
-73.98672492335606,40.60021112528588,-73.9853135750703,40.60119217409533,Stillwell Avenue & 82nd Street
-74.00345029675242,40.60658459560826,-73.99976464323915,40.6096694096269,18th Avenue
-74.07998577903011,40.72284266004168,-74.07857932354985,40.72378773894451,West Side Ave At Gifford Ave
-74.15445394593816,40.608093084197144,-74.15258605516853,40.60930950895986,Victory Boulevard & CUNY College Of Staten Island
-73.9303322187622,40.615091716714566,-73.92831188322167,40.61644548251329,Flatbush Avenue & Avenue R
-74.19224726323621,40.70263315330595,-74.18917934055844,40.7062076975539,Newark Liberty Airport
-74.16938573955089,40.73530542276151,-74.16799166453895,40.73623047733108,Mulberry St At Commerce St
-74.02418636862443,40.63867690271291,-74.02296672778925,40.640049797179145,3rd Avenue & 65th Street
-73.91162744203497,40.605757359106576,-73.91024145568986,40.606676040976055,East 66th Street & 56th Drive
-74.0753680366915,40.58181642933656,-74.07378826489578,40.58274647084069,Father Capodanno Boulevard & Alter Avenue
-74.08353269749455,40.71396784587018,-74.08207590113939,40.71488845421633,Jfk Blvd At Ege Ave
-74.22108989978321,40.547437112908426,-74.21988709712689,40.548735487008805,Bloomingdale Road & West Shore Expressway
-74.30384592451801,40.39487097407481,-74.30266767558676,40.39577182588954,"Ticetown Road, bus 818, NJTransit"
-74.06472397856567,40.59208242774156,-74.06300801961861,40.59302897249599,Father Capodanno Boulevard & Doty Avenue
-74.1556759259893,40.69347821313258,-74.15449247413935,40.69437898683151,Tyler St 300' E of Corbin St.
-73.96918852992542,40.68346659424604,-73.96793466734596,40.68446240569642,Fulton Avenue & Vanderbilt Avenue
-73.9480324798356,40.65833923747223,-73.94684972032444,40.6592399624915,New York Avenue & Fenimore Street
-74.23988404014976,40.52342629053347,-74.23870355996523,40.52432710943078,4849 Arthur Kill Road
-74.29760320074465,40.689246080751516,-74.29624610417038,40.690890718885775,Us-22 at Springfield Rd
-74.23973274594881,40.53126872196503,-74.23841835740882,40.532739177706716,Arthur Kill Road & Kreischer Street
-73.98400089023382,40.58585525227697,-73.98261930729934,40.58694174774134,Stillwell Avenue & West 15th Place
-74.08681714827978,40.70853162263699,-74.08563345185942,40.709432377326976,Jfk Blvd At Bayview Ave
-73.94455913541616,40.67602423935949,-73.94337606474448,40.676924960604225,Dean Street & Brooklyn Avenue
-73.92878427202895,40.62966210563276,-73.92744712307315,40.631302393989635,Utica Avenue & Avenue I
-74.10724940889037,40.568157746554945,-74.10576499508772,40.56935755354677,New Dorp Lane & Mill Road
-74.22146579155383,40.71298559809391,-74.2199259065133,40.71391990208028,Lyons Ave At Leslie St
-74.43086698673285,40.54891167505542,-74.42968601335336,40.54981252490906,Stelton Road at Hadley Center Drive
-74.16174037226608,40.53920135924918,-74.16033242922227,40.54063603974976,Richmond Avenue & Sycamore Street
-74.08637594399897,40.77571242795126,-74.0851910561407,40.776613172012695,Meadowlands Parkway 250 Feet North of Castle Road
-73.95854051622477,40.60727583747286,-73.95653209573028,40.61008692074048,Kings Highway & East 16th Street
-74.15301847422592,40.746611675183296,-74.15083572454449,40.74788863402908,Davis Avenue at Harrison Avenue
-74.12378974452692,40.665569502772165,-74.12191745324178,40.666889896672195,Jfk Blvd At 23Rd St
-73.92122023280274,40.63302461934528,-73.91813055912789,40.634807728024846,Ralph Avenue & Glenwood Road
-74.17057939492116,40.76593033523502,-74.16932860654964,40.76715966453693,Mt Prospect Ave at Abington Ave
-73.96253046663757,40.653752649208045,-73.96065708396085,40.6564846184809,Parkside Avenue
-74.07639464362353,40.606283115953794,-74.07521275651665,40.60718388401018,Narrows Road North & Saint Johns Avenue
-74.12904252282708,40.650867249648606,-74.12762464337115,40.6519844566744,Broadway At 5Th St
-73.93172393738968,40.66975799857163,-73.93020713802956,40.671392069696,Utica Avenue & Saint Johns Place
-74.1714602910572,40.76424321335244,-74.1700450095691,40.765261086246994,Mt Prospect Ave 100'n of Mt Prospect Pl
-74.03290848869985,40.74743927526587,-74.03102441005561,40.74859312330476,Willow Ave at 9th Street
-74.19359369546551,40.53282667425572,-74.19069878008757,40.534647873749705,Huguenot
-74.34696490968773,40.45913325065748,-74.3454801909323,40.46018214880941,Washington Rd. at N. Pulaski Ave.
-74.01413862852236,40.680358408781885,-74.01261397070087,40.68151576514905,Red Hook/Atlantic Basin
-74.29172051352221,40.689911598319604,-74.2905370865857,40.69081240164468,Us-22 560'w of Ball Ave
-73.95391286661894,40.65475644781878,-73.95235805919087,40.656134377002424,Clarkson Avenue & Rogers Avenue
-74.16607145817285,40.60632030511267,-74.16488954195374,40.60722109485146,Victory Boulevard & Arlene Street
-73.92800326265954,40.65848158149133,-73.9263660467804,40.66006921891272,Remsen Avenue & East 54th Street
-74.17170633464623,40.671564209572836,-74.17052326547987,40.67246499039128,Ikea Dr 200'n of Big Lots Store
-74.08562344943208,40.71047486350409,-74.08409185109177,40.71138423654043,Jfk Blvd At Broadman Pkwy
-73.95394149018256,40.65938413670113,-73.95275870997654,40.6602848632626,Rogers Avenue & Midwood Street
-73.99813313626387,40.59778129514958,-73.99635897580198,40.59927611452159,Bay Parkway & Bath Avenue
-73.9030540098658,40.6361150802564,-73.90147589969543,40.63768882008705,Remsen Avenue & Avenue K
-73.98914602817496,40.6855750337689,-73.98796277197897,40.68647576619489,Bergen Street & Hoyt Street
-73.94556794905168,40.58857771217319,-73.94357125242828,40.58952018812905,Avenue Z & Bedford Avenue
-73.92160156844714,40.646367229419425,-73.91929469081228,40.64759122307464,Beverly Road & East 59th Street
-74.06953592694124,40.70644652466577,-74.06835227320057,40.70734727529818,Pacific Avenue at Carteret Avenue
-74.18966200497957,40.73399635592983,-74.1874955967664,40.73523084180541,Springfield Ave At Irvine Turner Blvd
-74.03785717454532,40.72193113056144,-74.03581967255563,40.72339886936233,Washington Blvd At 4Th St
-74.19801283496972,40.70925260376308,-74.19679296403025,40.710398496069395,Elizabeth Ave at Watson Ave
-74.12801024700187,40.71892881839144,-74.12682635313115,40.71982958157261,Correction Center - Doremus Ave
-74.16061356634955,40.63650152885626,-74.15917693510951,40.63758647107941,Richmond Terrace & Harbor Road
-74.09913257451431,40.620246217841036,-74.09746702644378,40.62135008117426,Victory Boulevard & Silver Lake Apartments
-74.2513777320626,40.43090908210779,-74.2501988680502,40.43180991785649,Matawan Rd 1500' N of Cliffwood Ave.
-74.19985040697149,40.74703051232607,-74.19866599315071,40.74793128763807,S 12Th St At 11Th Ave
-74.07132941687757,40.59626866514575,-74.06954466676753,40.59745519186815,Sand Lane & McClean Avenue
-74.25692728693627,40.74371938072217,-74.25552161209683,40.74471891884118,Irvington Ave at Prospect St
-73.96894867683477,40.648906567578464,-73.96768081894515,40.64996993234028,Caton Avenue & Westminster Road
-74.19906391744787,40.74866167162282,-74.19736077826983,40.74999512839737,Central Ave At S 12Th St
-74.1739778034367,40.74212180231347,-74.17259740058053,40.74325329773238,University Ave At Central Ave
-74.06815203707224,40.71383165398268,-74.06636595664894,40.7153041462124,Communipaw Ave At Garfield Ave
-74.32577248432702,40.72450017624117,-74.32217758861846,40.72613573960924,Short Hills
-74.14447282402843,40.77261212883612,-74.14291509736923,40.774165400377505,Kearny Avenue at Columbia Avenue
-74.01300495253065,40.6149562704765,-74.01070233826356,40.61695105820869,13th Avenue & 82nd Street
-74.01061783246413,40.730989221967626,-73.99789237865933,40.735388114563136,Christopher Street–Stonewall Station
-74.23419119557774,40.41553918269774,-74.23301260453759,40.416440017266524,Matawan Ave. at Ravine Dr.
-74.03701830642353,40.63122514171456,-74.0358117943323,40.632276457864535,Narrows Avenue & 77th Street
-74.3128758409603,40.40132764354063,-74.31166655901396,40.40240835621434,NJ 516 at Bushnell Road
-73.98717898806234,40.58285211878944,-73.98570321236573,40.58390398073795,Cropsey Avenue & Bay 52nd Street
-74.0882785276727,40.59569772309761,-74.08648109915148,40.59757132590769,Old Town
-74.07625732820595,40.71068605278858,-74.07450849724614,40.71250608321275,Ocean Ave At Forrest St
-74.087966896264,40.59203687756088,-74.08657580718851,40.59295962252773,Hylan Boulevard & Cooper Avenue
-74.15790457408735,40.75236643545676,-74.15655242794479,40.75327866457945,Kearny Avenue at Johnston Avenue
-74.08522635526214,40.61878751581491,-74.0840442448768,40.619688284149085,Targee Street & Osgood Avenue
-74.18194356252964,40.432909845378575,-74.18072283880491,40.433842354499724,
-74.09269048011805,40.63280961597615,-74.09150812001985,40.63371038398784,Castleton Avenue & Haven Esplanade
-74.13932761489004,40.647240911432256,-74.13814498524086,40.64814168853182,Jfk Blvd At 2Nd St
-73.97046776266224,40.69243581939335,-73.96783106659066,40.69387356274135,Myrtle Avenue & Clinton Avenue
-74.10515037113423,40.58615411078165,-74.1039688290015,40.587054889182404,Richmond Road & Stobe Avenue
-73.94120508074515,40.681224540254235,-73.94002191941605,40.68212525970949,Throop Avenue & MacDonough Street
-73.93092747662644,40.677287273878825,-73.92964422581112,40.67819772541752,Utica Avenue & Atlantic Avenue
-73.95086409762665,40.6752639175921,-73.9492953045161,40.677844967029834,Bergen Street & Nostrand Avenue
-74.08654876198574,40.61952561570632,-74.08536663815299,40.620426384257684,Van Duzer Street & Oakland Terrace
-74.12662543815108,40.658107517216465,-74.1253956626717,40.65926108257774,Avenue C at 14th Street
-74.19515491535782,40.555494497857886,-74.19397388476409,40.55639530210632,Areden Avenue & Forest Green
-74.23060048914908,40.507333671585755,-74.22878401365908,40.508490517877355,Hylan Boulevard & Page Avenue
-73.97594963053744,40.647307678798825,-73.9739555667421,40.648294221679166,Caton Avenue & Ocean Parkway
-74.39917794456284,40.50007260534909,-74.39720665803162,40.50104879513877,Woodbridge Ave at Plainfield Ave
-73.95002189053577,40.648181536389856,-73.94883930962388,40.649082263573874,Nostrand Avenue & Snyder Avenue
-74.20128434830191,40.739642316795745,-74.2000218473098,40.74114478302446,S 10Th St At South Orange Ave
-73.9522008046951,40.623406595993586,-73.95012989656966,40.624343704280875,Avenue K & Bedford Avenue
-74.00339651814772,40.68414883168927,-74.00221328200404,40.685049568274565,Columbia Street & Union Street
-73.93246195513235,40.64145956041727,-73.93105174429867,40.64251023940868,Avenue D & Schenectady Avenue
-74.31972948371758,40.68614459534845,-74.31854611638603,40.687045404615866,Us-22 360'e of Hillside Ave
-74.08503567494323,40.64293645404629,-74.08376972300567,40.64424574566051,Crescent Avenue & Westervelt Avenue
-73.92656139435586,40.669753575983684,-73.92447067199109,40.67112388414094,Saint Johns Place & Buffalo Avenue
-73.98394922160237,40.628314930013545,-73.98276697855201,40.62921566995028,50th Street & 17th Avenue
-74.33079156912831,40.684342394180106,-74.32960823097363,40.685243205784204,Us-22 70'e of Dundar Rd
-74.17330885232157,40.78827489390647,-74.17197154714302,40.78957620517541,Franklin Ave at Mill St
-73.96204680582157,40.599856100440405,-73.96068069208822,40.60129989879545,Coney Island Avenue & Avenue T
-73.98567867178062,40.62361861101606,-73.98348321322419,40.62555664389606,18th Avenue & 55th Street
-74.13572838305251,40.59396676100606,-74.13450351726631,40.59508803873769,Brielle Avenue & Sea View Home
-74.01857197865085,40.64394718739169,-74.01708203157939,40.64557464358232,3rd Avenue & 55th Street
-73.89804235938038,40.64777892019244,-73.89684574200564,40.6488820797506,Glenwood Road & East 103rd Street
-74.0747595902555,40.595012893061245,-74.07356781107455,40.59602950639253,McClean Avenue & Bionia Avenue
-73.90291968875161,40.63361053366941,-73.90170951089878,40.63470026614077,Avenue L & East 87th Street
-74.34573363534585,40.5099357791759,-74.34455336475311,40.510836620788474,Fieldcrest Avenue at Northfield Avenue
-74.12284927036892,40.66258262779685,-74.12162272960046,40.66369147187256,Avenue C & 20th Street
-74.18425979690846,40.56495559981271,-74.18307860321517,40.56585640015146,1297 Arthur Kill Road
-74.17160544362613,40.6612636087783,-74.17042255649993,40.6621643911858,Jersey Gardens - Main Entrance
-74.07982722993528,40.64267139399527,-74.07847397176629,40.6440590053272,Saint Marks Place & Wall Street
-74.09874247141806,40.70522529168322,-74.09723539856955,40.707438416923466,West Side Ave At Cator Ave
-74.11283682447991,40.580710809413475,-74.1116553756546,40.58161159055056,Richmond Road & Lincoln Avenue
-73.95989177120772,40.66992272365554,-73.95646814661228,40.67147634691874,Botanic Garden
-73.94591600632437,40.63872663624449,-73.9447335938358,40.63962736371924,New York Avenue & Foster Avenue
-73.97144440234992,40.58995696636765,-73.96998019700894,40.591037433396494,Avenue X & West 1st Street
-74.08733481216535,40.64102595158605,-74.0859125947343,40.64286592601407,Jersey Street & Crescent Avenue
-74.222754010063,40.549329787772855,-74.22085358320739,40.55041391328797,Arthur Kill Road & Bloomingdale Road
-73.93217637301856,40.598003658374125,-73.9306262300897,40.59895234190713,Gerritsen Avenue & Whitney Avenue
-73.90329617886466,40.63072260769935,-73.90183102166446,40.631630692335385,Avenue M & East 85th Street
-74.05302744005567,40.71646050555631,-74.05150826277082,40.71743079309393,Grand St At Monmouth St
-73.93514667247592,40.68042064107641,-73.9339635276862,40.68132135888731,Lewis Avenue & Bainbridge Street
-73.94545077540388,40.6704943872425,-73.94385793438782,40.67186125982937,Saint Johns Place & Brooklyn Avenue
-74.03488552922461,40.73183216009644,-74.03343846652277,40.73352303908219,Washington Boulevard at Target Driveway
-74.00214341819806,40.70678543363266,-74.00095978195404,40.70768616633116,South Street & Peck Slip
-74.17500058978656,40.746005146628946,-74.17379110535758,40.747490053277176,D.M.L. King Blvd 230's of Orange St
-73.95998689366968,40.64931722703344,-73.95755515013487,40.65130187119951,Church Avenue & Flatbush Avenue
-73.92249052255019,40.663731741635836,-73.92130767761374,40.664632458327844,East 98th Street & Blake Avenue
-73.97152467392608,40.697229868550764,-73.97008873068009,40.69816963162567,Vanderbilt Avenue & Flushing Avenue
-74.04114720583112,40.62536982201182,-74.03996499431456,40.626270577952084,86th Street & Narrows Avenue
-73.99557997105953,40.719586959794476,-73.99247776640662,40.721149308022625,Bowery
-74.45266458804439,40.617005578706845,-74.45148241203876,40.61790642125762,
-74.01793754017656,40.70683120359258,-74.01625243485753,40.708890277002844,West Thames Street & South End Avenue
-73.96796934314658,40.597113230279994,-73.96657165563543,40.59817476964042,Avenue U & East 5th Street
-74.00908723115322,40.719400133669915,-74.00790336899792,40.720300866293925,Hudson Street & North Moore Street
-74.09886638966753,40.6441836616931,-74.09768111399686,40.645146338023885,Richmond Terrace & Clinton Avenue
-73.96171810648264,40.59537007342285,-73.96034819054249,40.59688462592228,Coney Island Avenue & Avenue V
-74.0325607235392,40.735162995386275,-74.0312876734396,40.736182504570614,Observer Highway at Washington Street
-73.95805790344117,40.67174731707135,-73.95651039944626,40.67272418148988,Franklin Avenue & Saint Johns Place
-74.14921315125402,40.63683788914235,-74.14785764767224,40.63787001079912,Richmond Terrace & Houseman Avenue
-73.88897733934289,40.632394444229725,-73.8877950608259,40.63329515573389,Rockaway Parkway & Skidmore Avenue
-74.09083908543363,40.58835388032104,-74.08899991339655,40.58961531893515,Hylan Boulevard & Delaware Avenue
-73.94798150210136,40.67218093856261,-73.94679849805875,40.67308166140113,New York Avenue & Sterling Place
-73.97516185791517,40.69746656260671,-73.97378184256706,40.698494137271766,Flushing Avenue & Cumberland Street
-74.39908790070814,40.45960167063162,-74.39790849938255,40.46050252933286,Transportation Center Bus Stop (Coach USA)
-73.94932818118303,40.63881234315995,-73.94768241631074,40.641314422771785,Newkirk Avenue
-73.96273493249683,40.68661633757167,-73.96155166766111,40.687517062392104,Greene Avenue & Grand Avenue
-74.23701124516577,40.39824648104975,-74.23583295494905,40.39914731891451,NJ 79 at Wilson Ave.
-74.04353080123619,40.74096148928724,-74.04203808942185,40.74245783668153,2nd Street
-74.1873656492818,40.74073151321837,-74.18618135084228,40.741632286745755,180 West Market Street
-74.02387107617841,40.64502412584927,-74.02268852396999,40.645924874114606,58th Street & 1st Avenue
-73.9458895188326,40.583391831920096,-73.94470808132725,40.584292568043644,Emmons Avenue & Dooley Street
-73.98341472163783,40.64085855976578,-73.98218248253592,40.64188554003603,36th Street & Church Avenue
-73.98640643513822,40.62979892978652,-73.98522416501578,40.630699670177286,50th Street & 16th Avenue
-74.17100589736094,40.74862151114948,-74.1695774045333,40.749542688953305,Broad St At 8Th Ave
-74.30345560611224,40.56415328734604,-74.30227439399334,40.5650541126183,Green Street at Tyler Avenue
-73.99558451817369,40.63482191779691,-73.9939663804339,40.63762239117179,50th Street
-74.12537960161349,40.62331031122532,-74.12419739851939,40.62421108873875,Manor Road & Ravenhurst Avenue
-74.10836139374487,40.671145676996446,-74.10678873033848,40.672481408843936,34th Street
-73.98978107057619,40.690356234054754,-73.9885977295777,40.69125696590904,Boerum Place & Livingston Street
-73.93908003515156,40.68269659471647,-73.9371721207497,40.683791530169415,Halsey Street & Marcus Garvey Boulevard
-74.08050343872331,40.62848756400939,-74.07889385936375,40.629597825318335,Beach Street & Van Duzer Street
-74.11513140859367,40.57886310898921,-74.11394999154051,40.57976389097483,Richmond Road & Bancroft Avenue
-73.99813925407022,40.67241134370165,-73.99430326955301,40.675113177239844,Smith–9th Streets
-74.21828617818716,40.76602481180655,-74.21710142193234,40.76692558815763,Martin Luther King Junior Boulevard at Prospect Street
-73.93145963311979,40.653023223166336,-73.92993630954889,40.65608033757765,Utica Avenue & Lenox Road
-74.07853151058654,40.76574592973082,-74.07713859163482,40.766664370348025,Castle Road 938 Feet West of New County Road
-74.18769683715712,40.61492080333593,-74.18651476296624,40.61582159662824,Opposite 586 Chelsea Road
-74.39496866521677,40.50068423964404,-74.39344853842454,40.50163546063657,Woodbridge Ave at Lake View Blvd
-74.16765900428229,40.73598711507738,-74.16647479584476,40.736887884886706,Raymond Blvd 170'w of Mccarter Hwy
-73.97103111460567,40.57578591666487,-73.95895382949885,40.57875085243842,Brighton Beach
-74.41905178526436,40.50329057242318,-74.41787161482348,40.50419142754127,
-74.21868160764888,40.50910990819563,-74.21745209258734,40.51022709134755,Hylan Boulevard & Kenny Road
-73.98135677514746,40.64873449408761,-73.98007461951514,40.65035680569651,McDonald Avenue & Greenwood Avenue
-73.94010117848912,40.65835803862598,-73.93891842167207,40.65925876133775,Alabama Avenue & Hawthorne Street
-73.9817467195554,40.65079803208067,-73.98056408059944,40.6516987678831,McDonald Avenue & Vanderbilt Street
-74.30348572931605,40.43051909377468,-74.3020333744943,40.43217510541672,US 9 & Old Mill Rd
-74.07242780524192,40.73173691966146,-74.071239993622,40.73273657997615,Sip Ave At Corbin Ave
-74.24206940687856,40.38229597927407,-74.24089139323544,40.38319682069023,NJ 79 at Tennent Rd.
-73.95995260303033,40.652144363235394,-73.9587199910967,40.65376923663737,Flatbush Avenue & Caton Avenue
-73.974291216988,40.64475952339119,-73.97287778218836,40.645766576196856,Church Avenue & East 7th Street
-74.11149542217474,40.637231913998704,-74.11031297796028,40.63813268596532,Henderson Avenue & Pelton Avenue
-73.96868060295785,40.634449949494474,-73.96700236571945,40.63676985570803,Coney Island Avenue & Ditmas Avenue
-73.95905761326762,40.695825738818066,-73.95787418689095,40.69672646114569,Franklin Avenue & Park Avenue
-73.98647786306853,40.59892022736118,-73.98529613708529,40.59982097260265,Stillwell Avenue & 25th Avenue
-73.9959939217146,40.59638135939202,-73.99438958486458,40.59777294087216,Bath Avenue & 23rd Avenue
-73.92324227416552,40.61870628645999,-73.92189562417467,40.61974721352455,Avenue N & East 55th Street
-74.26523018212255,40.518502559459016,-74.26381472264623,40.51969554062823,Hall Ave. at State St.
-73.96861698664873,40.68081975593259,-73.96652446549858,40.6824521865359,Atlantic Avenue & Vanderbilt Avenue
-74.17586507303305,40.73762933043115,-74.17304553170463,40.73946477718211,Raymond Blvd At Washington St
-73.97410074236348,40.62223552132502,-73.97284505556999,40.62353127842103,Bay Parkway & East 3rd Street
-74.07472673172923,40.78365326521187,-74.07336256932896,40.78463703437594,American Way 225' W Of Hartz Way
-73.95359033009409,40.63143351724163,-73.95096684697525,40.634088683234125,Bedford Avenue & Campus Road
-73.94605165919046,40.63363530354792,-73.94472393864183,40.63467549645571,Glenwood Road & New York Avenue
-73.96063222743206,40.65447641145146,-73.95892749718199,40.65592430775169,Parkside Avenue & Flatbush Avenue
-74.16338027178848,40.76960693198517,-74.16212392764814,40.77074326732136,Broadway At Delevan Ave
-74.03688243624494,40.6115632065193,-74.03479288381962,40.613338967568474,Shore Road & 4th Avenue
-74.28795969122004,40.551301987843026,-74.28677870888781,40.55220281212128,Main St. at Metuchen Ave.
-74.09725660347236,40.58800065294263,-74.09496109064538,40.589694901614685,Dongan Hills
-73.9154998496695,40.64763415653804,-73.91398535338998,40.64857684370133,Remsen Avenue & Ditmas Avenue
-73.94569268540488,40.636360036091745,-73.94451031475536,40.637260763872,New York Avenue & Farragut Road
-74.13909026553438,40.781193449491475,-74.13779994046563,40.782363050371515,Ridge Rd at Belleville Tpke
-74.06372450155901,40.72758875831831,-74.06237899207147,40.72882474170077,Summit Ave 130'N Of Academy St
-73.95714236425131,40.65637923600607,-73.9559596359073,40.6572799639577,Bedford Avenue & Winthrop Street
-74.12212839353639,40.63379311243743,-74.12094600659707,40.634693887526595,Castleton Avenue & Barker Street
-74.09627471199285,40.64287809468612,-74.09487919079194,40.643977805350225,Lafayette Avenue & Fillmore Street
-74.15356510851507,40.7280427121671,-74.15196279371246,40.728984488082986,Ferry St At Niagara St
-74.032682857506,40.620457466160296,-74.03145264192733,40.621557433320135,3rd Avenue & 90th Street
-73.95125485857486,40.60614564351968,-73.94939674333595,40.60709595681822,Avenue R & East 22nd Street
-73.9172603903747,40.61634960429364,-73.91499665933036,40.61827168526756,Avenue T & Mill Avenue
-74.13745078437172,40.632481110499995,-74.13626841575935,40.63338188946407,Port Richmond Avenue & Hatfieild Place
-74.06921815916581,40.59682841612983,-74.06803644097542,40.59772918383411,McClean Avenue & Mills Avenue
-74.44370414053081,40.491450100902796,-74.44186723234465,40.49274899537986,SoCam Apartments
-74.00505891999,40.63334128370736,-74.00385168394217,40.634335816047916,Fort Hamilton Parkway & 58th Street
-74.11134726274072,40.67641955663796,-74.1096131360796,40.677637942808424,Avenue C at 38th Street
-74.20285899875407,40.73096023922271,-74.2011974923452,40.73252746119179,18Th Ave At Kent St
-73.98240389963887,40.59552333387482,-73.980989899434,40.59658616599582,Avenue U & West 11th Street
-74.21490069085837,40.73715002594058,-74.21250955873948,40.738592389127625,16Th Ave At 22Nd St
-73.99066872215592,40.573387538822494,-73.98925877929057,40.57445786113283,Surf Avenue & West 23rd Street
-73.99709703114495,40.630093939314605,-73.99437346866002,40.63285455637794,55th Street
-74.1517544666215,40.636514007449925,-74.1505476363797,40.63747319236761,Richmond Terrace & Simonson Avenue
-74.32572563398841,40.65102552758642,-74.32404356666548,40.6519406724978,"South Ave at Center St #28902"
-74.07724747866887,40.72046481753577,-74.07580482067965,40.721376482488225,Jfk Blvd At Bentley Ave
-74.08227184662117,40.708202962855346,-74.08088685268461,40.7091126371602,Martin Luther King Junior Drive at Myrtle Avneue
-74.2938797557127,40.45412842679364,-74.29267004423336,40.45520697295895,Ernston Rd at Mini Mall Dr.
-74.19948168244704,40.70858913634986,-74.19811551422863,40.709689963688334,Elizabeth Ave at Meeker Ave
-74.17688688369758,40.73350941383237,-74.17570271642802,40.73441018613174,Washington St At William St
-74.04104918778665,40.62083909568409,-74.03934205509881,40.62360083213144,Shore Road & 91st Street
-74.30589851593707,40.72386739960915,-74.30471448416884,40.72476820035515,
-74.04581193210659,40.74202725452313,-74.04460206889776,40.74313794537871,Palisade Avenue at Hutton Street
-74.21574350381846,40.71194009524847,-74.21351645745966,40.71419511126728,Clinton Pl At Lehigh Ave
-74.08682575229352,40.64525154790572,-74.0852189509131,40.64648565209572,Westervelt Avenue & Hamilton Avenue
-73.98776870212386,40.60544692988417,-73.98612773036277,40.60664650395687,Stillwell Avenue & Kings Highway
-74.13017077775936,40.65381576443071,-74.12802469823723,40.65536056069059,8th Street
-74.09419032899088,40.59653041824808,-74.09235067646152,40.59767651819912,Richmond Road & Dellwood Road
-74.17834249182692,40.654413211390676,-74.1771243081984,40.65550588834561,Trumbull St at 1st St
-73.95923369901595,40.59796691574888,-73.95462692043033,40.60056166048636,Avenue U
-74.2186352484619,40.54120116372425,-74.21740064990261,40.54242953607747,Bloomingdale Road & Kramer Avenue
-73.99455027588647,40.70216053431717,-73.99336672426676,40.70306126564664,Old Fulton Street & Elizabeth Place
-73.99622820409891,40.592019825468284,-73.99504659605336,40.59292057449556,1776 Shore Parkway
-74.09221834114322,40.69440398336118,-74.0909235605995,40.69540621662492,Ocean Ave At Linden Ave
-74.15449779563488,40.74651331742073,-74.15331340449423,40.747414082543365,Harrison Avenue at 5th Street
-73.98729852712066,40.721183911356285,-73.98448321656613,40.72428134088521,Avenue A & East Houston Street
-74.10847033956948,40.58336250668335,-74.10673655998102,40.58455159258858,Richmond Road & Barton Avenue
-74.33162520023573,40.566845311154154,-74.32737036922013,40.570091578269874,Metropark Rail Station Bus Lane 4
-74.19005739439115,40.761993980053475,-74.18851060503208,40.76290771997845,West 4th Ave at North 9th St
-73.98923585774051,40.575686214082104,-73.98772354274897,40.57675108536207,Mermaid Avenue & West 21st Street
-73.95634891713563,40.60952734293204,-73.95471828768869,40.610843157219,Kings Highway & East 18th Street
-73.9716207784641,40.644430831765526,-73.96990909707597,40.64713015286042,Coney Island Avenue & Turner Place
-74.1958101340574,40.72066242056767,-74.19421186393457,40.72185197924556,Clinton Ave At Ridgewood Ave
-74.0603535012243,40.777675448857416,-74.05909159766071,40.77890925077683,County Ave At Ups Drive
-74.18221850297273,40.564764935138115,-74.18050579869478,40.56570386510444,Arthur Kill Road & Woodrow Road
-74.0958590588862,40.64167971627521,-74.09467654125123,40.642580483688775,Lafayette Avenue & Cassidy Place
-74.4662928547034,40.51067166937573,-74.46511254537734,40.511572530588786,Johnson Park
-74.04818273309677,40.74141023016752,-74.04699846704855,40.74231096979638,Franklin Street at Webster Avenue
-74.01193431062855,40.67181242955824,-74.01075128952183,40.672713170405615,Beard Street & Otsego Street
-74.19728061418158,40.72945957443376,-74.19405369470934,40.73070520950212,18Th Ave At Bergen St
-74.3051240195337,40.724727529425984,-74.301271111084,40.72630617436742,Millburn
-74.1078771822925,40.5726983184961,-74.1047619225891,40.575126198718905,Hylan Boulevard & Otis Avenue
-74.27998021410555,40.531376023235886,-74.27862708441143,40.532288176802446,Convery Blvd. at Dorothy St.
-74.10798839659446,40.6764618095036,-74.1062792011215,40.677714790204845,Broadway At 40Th St
-73.98665379444068,40.66122003109522,-73.98522380500518,40.66213016891759,7th Avenue & Prospect Avenue
-74.17636879463271,40.7347516139883,-74.175184605493,40.73565238597579,Washington St At Branford Pl
-74.18966263561492,40.73915231283826,-74.1884783645088,40.74005308712587,Medical School
-74.02524789429756,40.624376324049145,-74.02406570585049,40.62527707591472,5th Avenue & 81st Street
-74.06370592820144,40.59341641657104,-74.06252427194062,40.59431718339292,Father Capodanno Boulevard & Linda Avenue
-73.97219619561633,40.626023724502666,-73.97081450325133,40.627008675062896,Avenue I & Ocean Parkway
-73.95492721754769,40.63980523502758,-73.95374478261112,40.64070596493619,Bedford Avenue & Avenue D
-73.94293815096569,40.66650223885002,-73.94175524919515,40.66740296111369,Kingston Avenue & Carroll Street
-73.9489245989141,40.637821835738,-73.94774220124562,40.63872256422576,Nostrand Avenue & Foster Avenue
-73.90902022472227,40.60759143925353,-73.9078383754433,40.60849216071015,East 66th Street & Mayfair Drive South
-73.98553220663624,40.637923430544085,-73.98434979351798,40.63882416941973,14th Avenue & 41st Street
-74.36262481339662,40.54140588013526,-74.3614439866999,40.542306719829156,New Street at Main Street
-73.96933977510305,40.57956414077014,-73.96637722145826,40.582153999834446,Neptune Avenue & Ocean Parkway
-74.06511866109194,40.61131839172947,-74.06369084272673,40.61225120842098,Bay Street & New Lane
-73.9126554563873,40.61605694018532,-73.91046173603766,40.61764363947736,Avenue U & East 66th Street
-73.89580237793497,40.630034053786154,-73.89362182167649,40.63119344115752,Seaview Avenue & Remsen Avenue
-73.97134343046413,40.68570635957264,-73.96955327166428,40.686658640769835,Greene Avenue & Adelphi Street
-73.98727969217835,40.63624823016933,-73.98609730797556,40.63714896979449,14th Avenue & 44th Street
-73.97258795715918,40.689197136374126,-73.97140464299731,40.690097863589656,DeKalb Avenue & Carlton Avenue
-73.9437805035622,40.583108814624616,-73.94233619312837,40.584264285433036,Emmons Avenue & East 26th Street
-73.99281630428872,40.6901731188436,-73.99000634606867,40.69185009599853,Court Street & Schermerhorn Street
-73.96583159402697,40.648240034127696,-73.96464900613029,40.64914076583607,Church Avenue & East 16th Street
-74.3633778058088,40.54290128015789,-74.3619002091412,40.54430952104992,Main Street at Route 27
-73.94178450657701,40.68413364039748,-73.94060129358414,40.68503435956625,Throop Avenue & Jefferson Avenue
-74.15326449910737,40.724367315830754,-74.15208050102181,40.72526808413331,Wilson Ave at Ann St
-73.93837075649584,40.634159646787126,-73.9368849480242,40.63511165347665,Glenwood Road & Albany Avenue
-74.20035743003537,40.74962201247314,-74.19917297008676,40.750522787491,Central Ave At S 14Th St
-74.26498190473961,40.63656461256257,-74.26369949258897,40.63794508713021,Saint Georges Avenue at Wood Avenue
-73.9839013304713,40.62932173009899,-73.9827190696831,40.63022246986481,49th Street & 17th Avenue
-74.19218164853334,40.53111373622184,-74.19099574940975,40.53226926372039,Huguenot Avenue & Amboy Road
-73.95319492781343,40.652336536257245,-73.95201227234577,40.65323726370652,Rogers Avenue & Linden Boulevard
-73.94949457124552,40.69127983983822,-73.94831122891446,40.69218056012553,DeKalb Avenue & Marcy Avenue
-73.92995491928933,40.61829010170055,-73.9286254786062,40.61933019830203,Avenue N & Schenectady Avenue
-73.9479449676829,40.628385395547234,-73.94669372729844,40.6299435042945,Nostrand Avenue & Avenue I
-74.23708031819255,40.74483636505577,-74.23572289118731,40.74608802878487,Dover Street Loop
-74.26205247037488,40.74423335760681,-74.25927117315356,40.74711300648885,Sloan St at 2nd St
-73.94750721700943,40.62599540839343,-73.94626717757507,40.62758169146853,Nostrand Avenue & Avenue J
-74.15748762613082,40.6255268076053,-74.15630537399717,40.6264275923588,Forest Avenue & Maple Parkway
-74.16460734424096,40.63879620782149,-74.16342485588603,40.639696992142625,Richmond Terrace & Post Lane
-74.21598916266117,40.72280746659595,-74.21419293478046,40.72377493378122,Clinton Ave At South 18Th St
-74.30031879509396,40.444522274882836,-74.29865699422454,40.44740806805495,NJ Transit
-74.24429858844277,40.4260222824587,-74.2431198116711,40.42692311750555,Aberdeen Rd. at Tree Haven Village
-73.97837867068795,40.65920121038606,-73.97668203377476,40.66053238969955,Prospect Park Southwest & 10th Avenue
-74.27889984318242,40.53553709935328,-74.27770746394005,40.53725400054953,Convery Blvd. at Kelly Ave.
-74.04473723486186,40.75294933152283,-74.04355276528403,40.75385006844106,Central Ave at Poplar Street
-74.27232752134009,40.46369528254205,-74.27114807876971,40.46459611742225,Lorraine Ave. at NJ 35
-73.89598799222425,40.6381999764551,-73.89434620589495,40.63924482237738,Rockaway Parkway & Avenue L
-73.91889243156083,40.6535075413702,-73.91770976860356,40.65440825859344,Church Avenue & East 93rd Street
-74.16664075965971,40.73267463781434,-74.16194028101498,40.73586589158373,Bus Lanes (Raymond Blvd Side)
-74.12430536515582,40.66110025606968,-74.12259833382738,40.66230094338709,Avenue C & Andrew Street
-74.18790489937871,40.6768243371568,-74.18666809793345,40.67813676268922,Earhart Dr at Metroplex Rd
-74.18063827264307,40.73574347147875,-74.17788814321699,40.73705301990091,Springfield Ave At Mlk Jr Blvd
-74.07358149965992,40.71372837966669,-74.07228419601546,40.714817820294975,Ocean Ave At Bramhall Ave
-73.93914292200199,40.65089386468768,-73.93506619090212,40.6519700629214,Church Avenue & Troy Avenue
-74.00041074785932,40.647942175385275,-73.99865145695347,40.64931962469892,39th Street & 7th Avenue
-74.10241344134498,40.678188737380225,-74.10084072091239,40.67952115132423,45th Street
-74.08460846745089,40.77231588591614,-74.08289763985492,40.77379591441564,Castle Road 1330 Feet East of Meadowlands Parkway
-74.17240965018695,40.74552962548264,-74.17121785105904,40.746539274050086,University Ave At Orange St
-73.90732662251578,40.61122065748324,-73.90597478223711,40.612366742523825,East 66th Street & Mayfair Drive North
-73.97437851015577,40.65569625752053,-73.97313808661336,40.65706564232383,Prospect Park Southwest & Terrace Place
-73.98067554145089,40.65902594729085,-73.9783844036815,40.66182919718858,Prospect Park Southwest & Bartel Pritchard Square
-73.95230601902416,40.62592952458245,-73.95101567717118,40.62699367538357,Bedford Avenue & Avenue J
-74.07478729622134,40.6236309175153,-74.0736051039192,40.624531682448676,Bay Street & Bayley Seton Hospital
-74.14687536455195,40.54190915469756,-74.14509818794923,40.54318951424358,Hylan Boulevard & Nelson Avenue
-73.96303225768449,40.6091707162796,-73.96173443577514,40.61093008348692,Coney Island Avenue & Avenue P
-74.03676757860009,40.63798832617239,-74.03477001758917,40.63900497450278,Shore Road & Bay Ridge Avenue
-74.04523679868599,40.74980785020281,-74.04382459925615,40.75072894989335,Congress Street at Hancock Avenue
-74.19565296580024,40.78814567593332,-74.19423203836791,40.78907782420674,Bloomfield Ave At Newark Ave
-73.9570012160146,40.66679454826447,-73.95555367968811,40.66849285091013,Bedford Avenue & President Street
-74.09448008324864,40.6903947392893,-74.09328071819563,40.6915097606487,Neptune Ave At Garfield Ave
-74.36813328657729,40.50407537673496,-74.36695311351826,40.504976223229455,Middlesex County College
-74.37201287642401,40.55413340310035,-74.37062522622078,40.55522589692918,Plainfield Road at Oak Hills Road
-74.04995637463625,40.73550862513281,-74.04872882338671,40.73674247472014,Palisade Avenue at Jefferson Avenue
-74.14619624251515,40.72938821705077,-74.14501215761513,40.7302889829133,Ferry St At Lexington St
-74.01744692449812,40.627958025379804,-74.01626467565116,40.62885877458407,8th Avenue & 73rd Street
-73.99989035421042,40.631683728066015,-73.99870804594153,40.632584471897864,57th Street & 12th Avenue
-73.91598006780062,40.65767644213016,-73.91479733236427,40.65857715783352,East 98th Street & Willmohr Street
-73.95219304487995,40.64296153566815,-73.95101055527934,40.64386226429559,Rogers Avenue & Clarendon Road
-74.20277992293022,40.437388599955895,-74.20146377500247,40.438296100056405,Broad Street at Front Street
-73.99517966801649,40.689955733275035,-73.99399633213653,40.690856466688786,Atlantic Avenue & Clinton Street
-74.05667358891694,40.73555724650731,-74.05546641265832,40.736702353418146,Central Avenue at Saint Pauls Avenue
-74.08472485259101,40.59739826443098,-74.08261794480944,40.59838753606077,Hylan Boulevard & Parkinson Avenue
-73.96623279906991,40.67135815427582,-73.9632450205172,40.67271624802521,Eastern Parkway-Brooklyn Museum
-74.19662134477691,40.77427671034426,-74.19526395560379,40.775289589543064,Hoffman Blvd at Abington Ave
-73.95107421970171,40.59474243205771,-73.9498925804574,40.59564316790604,Ocean Avenue & Avenue W
-74.06453267971314,40.77588344513309,-74.06313212579975,40.77709625493339,Secaucus Rd At County Ave
-73.95241455949127,40.58787233132709,-73.95123304066759,40.58877306863667,Avenue Z & East 18th Street
-73.99519272362875,40.60083911313991,-73.99217395888384,40.60286202248343,Bay Parkway
-73.97806769113612,40.692923635893195,-73.97688430901955,40.693824364070586,Myrtle Avenue & Saint Edwards Street
-73.94817859233018,40.65975093756153,-73.94699580782982,40.66065166240219,New York Avenue & Midwood Street
-73.95578878452362,40.67002443726802,-73.95460581563528,40.67092516269573,Bedford Avenue & Eastern Parkway
-73.96124050039654,40.68992790841405,-73.95968579725188,40.69110969149321,DeKalb Avenue & Classon Avenue
-73.99013555027534,40.598787704718916,-73.98856655489543,40.599767895717044,86th Street & 24th Avenue
-74.0052558257189,40.730150435034695,-74.00407177443286,40.731051164929134,
-73.95863059414765,40.69367363871082,-73.95744720601098,40.69457436125295,Franklin Avenue & Myrtle Avenue
-74.15392022182768,40.636439508873536,-74.15273777830093,40.63734029109057,Richmond Terrace & Van Name Avenue
-74.22701640795535,40.73800808506541,-74.2253154902618,40.73907801367571,18Th Ave At West End Ave
-74.0377651368972,40.754433402800224,-74.03584655333536,40.756605397523444,Palisade Avenue at 6th Street
-73.9515793399186,40.66506573748602,-73.95039646024094,40.66596646247771,Nostrand Avenue & Montgomery Street
-74.12473911754167,40.57532456032378,-74.12281608090363,40.57627493992476,Richmond Road & Beacon Avenue
-74.17662075638145,40.74301434131261,-74.17513814226929,40.74393655878363,Central Ave at D.M.L. King Blvd
-73.97024360449905,40.60396513003779,-73.96906179565724,40.604865869925995,Kings Highway & East 3rd Street
-73.93080348209324,40.60449299580407,-73.92933471965547,40.60541700432434,Avenue U & East 33rd Street
-74.07456490168698,40.78242632997128,-74.07337989845455,40.783327069992666,Hartz Way 343' S Of American Way
-73.9630437120597,40.672986236461064,-73.96186068809813,40.673886963502696,Saint Johns Place & Washington Avenue
-74.06828412428983,40.61559341771736,-74.06710207585164,40.6164941822466,Bay Street & Saint Marys Avenue
-73.99870585470373,40.631763928235365,-73.9975235454484,40.632664671728485,56th Street & 12th Avenue
-73.90911122892126,40.66018401262116,-73.90792446492931,40.66179238728863,Rockaway Avenue & Riverdale Avenue
-73.98440641592065,40.63899923078548,-73.98322398423369,40.639899969178344,14th Avenue & 39th Street
-74.1381651622033,40.73175001818362,-74.13698103792824,40.732650781780436,Ferry St At Manufacturers Pl
-74.1694779138681,40.768619178455666,-74.16827558004928,40.77022822144797,Mt Prospect Ave 75's of Ballantine Pkwy.
-73.92595188986614,40.67127504171372,-73.92476891029733,40.67217575824997,Buffalo Avenue & Park Place
-74.16682835748172,40.59018266377561,-74.16473963800506,40.5912273370766,Richmond Avenue & Nome Avenue
-74.0788167459928,40.578632956844054,-74.07692745623456,40.57975354127737,Father Capodanno Boulevard & Seaview Avenue
-74.12131735664589,40.60109920437174,-74.11995996264068,40.603159033755844,Manor Road & Ocean Terrace
-74.11237728230336,40.675219196126996,-74.11063711623133,40.67645190337178,Avenue C at 37th Street
-74.1185945223903,40.639776901757685,-74.11732907516787,40.64111559797991,Broadway & Richmond Terrace
-73.99441910894626,40.66409125321435,-73.99171251756358,40.66643828371922,Prospect Avenue
-74.16396803380643,40.62628600691626,-74.1627857663206,40.62718679304785,Forest Avenue & Harbor Plaza
-74.07877318688566,40.62588899817289,-74.0775050131875,40.62707340124858,Canal Street & Wright Street
-74.26850439556475,40.519371993149804,-74.26708530150523,40.52029940698398,Hall Ave. at Catherine St.
-74.06607970448843,40.72151375323171,-74.06488189420098,40.72262074669541,Baldwin Ave At Clifton Pl
-73.96137252447332,40.59088860113454,-73.95999757369658,40.59232399801009,Coney Island Avenue & Avenue X
-74.01349064080893,40.71056711576815,-74.01109918222895,40.71311339279039,WTC-Cortlandt
-73.92111170859076,40.650856540833054,-73.91992909157331,40.65175725913064,Ralph Avenue & East 88th Street
-74.00218435019536,40.57440372327035,-74.00100304995588,40.5753044766935,Mermaid Avenue & West 36th Street
-74.1512240336862,40.56834875257482,-74.14977136691806,40.56925814746172,Arthur Kill Road & Franklin Lane
-73.92518231619322,40.61858409648749,-73.92381848232779,40.619631703479186,Avenue N & East 52nd Street
-74.39081060375148,40.50153205128348,-74.38906509577616,40.502726147980894,Woodbridge Ave at Kearny Ave
-74.02857272655652,40.630765065104356,-74.02702556678862,40.63213893514146,3rd Avenue & Bay Ridge Parkway
-73.9848729737383,40.66731773545316,-73.98304583154545,40.668748264639945,9th Street & 6th Avenue
-73.9693850665553,40.687114811843514,-73.96484216592162,40.688732873769226,Vanderbilt Avenue & Lafayette Avenue
-74.0346729288661,40.63743307674101,-74.03297776633674,40.6384346238405,Narrows Avenue & Bay Ridge Avenue
-74.24598275016389,40.73728538441092,-74.24473605487833,40.73836721538788,Ivy Hill Loop (Mt Vernon Pl)
-74.30404178257645,40.49307958173211,-74.30286181752875,40.49398041823223,Main St Ext. at Chevalier Ave.
-74.21682754845679,40.64974050286212,-74.21564485166232,40.650641297102034,SOUTH BROAD ST AT SUMMER ST
-74.20458826923307,40.687834564756486,-74.20319263130678,40.688872235109116,Frelinghuysen Ave at Virginia St
-74.12992345464582,40.65810707418579,-74.1286841451564,40.659234125350835,Jfk Blvd At 12Th St
-74.03184478407586,40.736201531917814,-74.0306606160719,40.737102268046044,Washington Street at Newark Street
-73.9516304718291,40.621007091088366,-73.94978623024808,40.62196100927074,Avenue L & Bedford Avenue
-74.13072234532086,40.65084061273818,-74.12953965481134,40.65174138722592,Avenue C at 5th Street
-73.91349242189737,40.645791255600514,-73.91189768174561,40.64675334476492,Remsen Avenue & Avenue D
-74.04772157363264,40.73937834654792,-74.04629514884255,40.740490301286336,Palisade Avenue at Ferry Street
-73.95501682025902,40.58220942444547,-73.952900106405,40.58366221786646,Shore Boulevard & Neptune Avenue
-73.95028330192856,40.63813433556608,-73.94910089823097,40.63903506439765,Foster Avenue & East 29th Street
-74.13234115043004,40.65550887789964,-74.1305395475709,40.656790021611776,Jfk Blvd At 8Th St
-74.25793169606597,40.74488800599501,-74.25674730404735,40.74578879396921,Irvington Ave at Academy St
-74.09897597658004,40.68846497964573,-74.09666320005977,40.69032344592961,Ocean Ave At Merrit St
-74.0130294878011,40.62800354769829,-74.00900672198827,40.6307236313815,Fort Hamilton Parkway & Bay Ridge Avenue
-74.17163030103929,40.72131184308023,-74.17022470215308,40.72243025697029,South St at Dawson St
-74.01263653717065,40.62227092894746,-74.01099256872217,40.62364557128331,Bay Ridge Parkway & 11th Avenue
-73.90486003605137,40.63791467583812,-73.90346986519435,40.639310623212396,Remsen Avenue & Avenue J
-74.06018447992967,40.73225574826233,-74.05871402480749,40.73320555198051,Summit Avenue at Pvonia Avenue
-74.19520757541584,40.649817860769225,-74.1940185268932,40.65099083917539,Elizabeth Ave at 3rd St
-74.08836760894594,40.590761613227926,-74.08718599119234,40.591662386736054,Hylan Boulevard & Evergreen Avenue
-74.00013243257676,40.67453573138537,-73.99894936757542,40.67543646857846,Court Street & West 9th Street
-74.07766880756066,40.75974190546314,-74.0723543224543,40.76303678540489,Secaucus Junction Bus Plaza
-74.05757091314152,40.7339625623197,-74.05616898347405,40.73508993773545,Central Avenue at Hoboken Avenue
-74.16367209912666,40.599656704867144,-74.16249030100025,40.60055749509697,Richmond Avenue & Amsterdam Place
-74.30634912069006,40.405866874694624,-74.30517067941439,40.40676772526972,Rt-9 South and Ehler's Lane
-74.00696440465039,40.603262678452154,-74.00539939844673,40.6045706767984,Bath Avenue & 18th Avenue
-74.03625919217829,40.75957353316066,-74.03507460796892,40.76047426680322,New York Ave at 13th Street
-73.99970245527868,40.72231413518355,-73.99851854487389,40.723214864780275,Broadway & Spring Street
-74.04064100817854,40.61841170103503,-74.03932649558037,40.619911098672794,Shore Road & Oliver Street
-73.9161463078369,40.633455201644765,-73.91457568482826,40.634882498646185,Flatlands Avenue & East 77th Street
-74.0177873117757,40.70847695708815,-74.01609508666002,40.70969324250681,South End Avenue & Rector Place
-73.98059872832907,40.685769734977946,-73.97941547182614,40.68667046498585,3rd Avenue & State Street
-74.14534423575611,40.624254459050796,-74.1435523060771,40.62550065494597,Forest Avenue & Villa Avenue
-73.93829738713376,40.600373099023855,-73.93580588275118,40.60144239507774,Avenue U & Ford Street
-73.97022117291283,40.68880477637742,-73.96840756019938,40.690084231644505,Vanderbilt Avenue & DeKalb Avenue
-74.16712321531267,40.63547410727279,-74.16594078481394,40.63637489269132,Arlington Place & South Avenue
-74.04074328418214,40.627384560285115,-74.03932541199424,40.62831573986941,Shore Road & 83rd Street
-74.21112165217238,40.51109559442145,-74.20978594116333,40.51235240558195,Hylan Boulevard & Sharrott Avenue
-74.18255728475378,40.59679658518449,-74.18111471187432,40.59773081499073,Victory Boulevard & Baron Boulevard
-74.00857701665119,40.60235819537804,-74.00684612454236,40.603347384629224,18th Avenue & Cropsey Avenue
-73.99182328679818,40.635544329482556,-73.99064091335504,40.636445070481265,13th Avenue & 47th Street
-74.1584028386019,40.561947841212714,-74.15695156270583,40.56286615887735,Arthur Kill Road & Elverton Avenue
-73.95603422148868,40.61781100514079,-73.95436802148467,40.61927750204802,Ocean Avenue & Avenue M
-73.94187080803951,40.577607319371076,-73.93908103288106,40.57862213038181,Oriental Boulevard & Mackenzie Street
-74.46338833585199,40.5199581703159,-74.46220786422923,40.52085902964861,Lot 53A
-73.94849195480344,40.66681693806904,-73.94730904535653,40.66771766189469,New York Avenue & Carroll Street
-74.18932049160081,40.77729048493522,-74.18759771135917,40.77856741491961,Bloomfield Ave At Ampere Pkwy
-73.95795665807785,40.62970367369975,-73.95664593741725,40.63127952598657,Ocean Avenue & Avenue H
-73.9646711360944,40.61669816941103,-73.96300294948286,40.618133574592754,Avenue M & Coney Island Avenue
-74.07569970059377,40.7890824756717,-74.07353847022763,40.79028023628921,Harmon Cove Townhouses (Club House)
-74.22912230532496,40.712528106461114,-74.22793849479257,40.7134288935031,Chancellor Ave At Woolsey St
-74.03997823284459,40.74809081522097,-74.03788875890902,40.749467795789926,Paterson Plank Road + Congress Street
-73.92138279649686,40.657288174416834,-73.91905859333619,40.65911935165217,Kings Highway & East 94th Street
-74.07796273439757,40.707377622721985,-74.07674696693925,40.708528177172084,Ocean Ave At Claremont Ave
-73.95536117892891,40.68483846941551,-73.95342717136744,40.686259631923775,Gates Avenue & Bedford Avenue
-73.95045532627707,40.63376456685433,-73.94852426366846,40.63479379610721,Glenwood Road & Flatbush Avenue
-74.1980598754777,40.6983588087137,-74.19687632464452,40.69925959125045,Frelinghuysen Ave at Lowell Pl
-74.16809491564658,40.65815520893611,-74.16691208447996,40.659055991028,Jersey Gardens - Cinema Bus Stop
-74.45186200396697,40.58475627624446,-74.45068039611621,40.58565712372003,
-74.08529390385067,40.647616239108345,-74.08370200008058,40.648872260975395,Richmond Terrace & Saint Peters Placw
-73.96592208346571,40.68100373667832,-73.9647389166917,40.68190446328544,Atlantic Avenue & Waverly Avenue
-74.3287282181822,40.46173537059958,-74.32709168518294,40.46270082978779,Washington Rd. at Lakeview Dr.
-73.93407197611144,40.599645077506466,-73.93245502127958,40.600647421099275,Gerritsen Avenue & Avenue V
-74.04440298768353,40.71393917940448,-74.04254723690308,40.71503348450332,Marin Boulevard
-74.03445529153512,40.74227055064218,-74.03258510947018,40.74352304859983,Willow Avenue at 5th Street
-74.11396528463632,40.678765907051286,-74.11192264130666,40.681230236333285,Jfk Blvd At Delvin Dr
-74.11400596484252,40.72119392026255,-74.11282203529264,40.72209467970147,River Terminal (Central Ave)
-73.9100048292847,40.642455590636466,-73.90851117937783,40.64392570957729,Remsen Avenue & Farragut Road
-74.27869248686122,40.55410977288069,-74.27703419950909,40.558090155304804,Main Street at Pearl Street
-73.99076547694389,40.724942636624746,-73.98958152321006,40.725843363339045,2nd Avenue & East 3rd Street
-74.0428417410599,40.76495103271175,-74.04165705908635,40.76585176725212,JFK Boulevard at 17th Street
-74.11420100481634,40.61332921991493,-74.1121303982317,40.614321780701765,Victory Boulevard & Little Clove Road
-74.1000340994229,40.74463478198812,-74.09843167934716,40.74570312273407,
-73.98658935067384,40.67689976726943,-73.9845657258533,40.67908863111867,3rd Avenue & Union Street
-73.93900440404026,40.68390694078505,-73.93782119612128,40.684807659178674,Marcus Garvey Boulevard & Jefferson Avenue
-73.96208350897136,40.65186221202117,-73.96081558602594,40.65296528787781,Ocean Avenue & Caton Avenue
-74.01676891533104,40.71031935571263,-74.01545988845116,40.71121974421738,South End Avenue & Gateway Plaza
-74.31909941354357,40.666902293901586,-74.31791638656009,40.667803106062735,Union County College
-74.11729030725672,40.660597987914024,-74.1156344340285,40.661976634865866,22nd Street
-74.23654999214855,40.75390449651012,-74.2349592105989,40.755111403446634,Tremont St at Veteran's Hospital/S Center St
-74.14098145835662,40.606776308070906,-74.13979954177378,40.6076770918932,South Gannon Avenue & Woolley Avenue
-73.93183087713649,40.63075323164191,-73.93044192189747,40.63214406723673,Kings Highway & Schenectady Avenue
-74.13496461548954,40.71524781727221,-74.13378078464238,40.716148582691844,Avenue P 300'n of Wilson Ave
-73.9313805312642,40.672542069737375,-73.93002256625634,40.67400302960016,Utica Avenue & Prospect Place
-73.96279423746236,40.681924180556436,-73.96127036316237,40.68302431916365,Fulton Street & Grand Avenue
-74.00129252704005,40.57220338947399,-73.99711528158278,40.573548712026984,Surf Avenue & West 32nd Street
-73.96257513836225,40.62802539980909,-73.96076430375858,40.63072433858609,Avenue H
-74.17122434187645,40.60438230437155,-74.17004245824937,40.60528309559259,Victory Boulevard & Dinsmore Street
-73.99253526618548,40.61018621689417,-73.99099473969,40.61150528330859,Bay Ridge Parkway & 20th Avenue
-74.0627457007536,40.72620042708436,-74.06156169938939,40.727101172879586,Academy St At Baldwin Ave
-74.10251417451875,40.64464827106615,-74.10132602435553,40.64565302855476,Richmond Terrace & Sailors Snug Harbor Gate
-74.25228154157914,40.43198508209881,-74.25110265853355,40.43288591786546,GSP Exit 120 Park & Ride
-74.27095416363584,40.50862885058451,-74.26924393663867,40.5097940487428,Smith Street at Madison Avenue
-74.00352634478448,40.708198163953995,-74.00129988904295,40.71001434981823,Pearl Street & Peck Slip
-74.0271943402861,40.62841935936402,-74.02413634933323,40.63109867648359,77th Street
-73.94227851442697,40.67369863950906,-73.94109548573401,40.67459936045466,Kingston Avenue & Prospect Place
-73.99895477270461,40.72318761211288,-73.99169738563646,40.72672515868512,Prince Street
-74.1691783362521,40.57957196406456,-74.16776846179762,40.58049273602814,Ring Road & Platinum Avenue
-74.08018759059105,40.577463013218555,-74.0790062095484,40.57836378674545,Father Capodanno Boulevard & Buel Avenue
-74.30565910336684,40.68856379686876,-74.30447569673895,40.68946460309553,
-74.175789086805,40.526188022085925,-74.1736808194251,40.527280179116424,Hylan Boulevard & Poillon Avenue
-74.33735205296308,40.54624918277517,-74.33617114713726,40.54715001718919,Menlo Park Mall
-74.2397815288969,40.522144990444005,-74.23860107121811,40.523045809520234,Arthur Kill Road & Major League Plaza
-74.03824616995425,40.71628110090277,-74.03701992999468,40.71738639877165,Montomery Street at Washington Street
-73.94917308502005,40.6635109121374,-73.94709653172501,40.664595696974814,Empire Boulevard & New York Avenue
-73.90781507965073,40.609182820463964,-73.90646491918082,40.61015427914957,East 66th Street & Bassett Walk
-73.98351775242209,40.71291303364541,-73.9799044074171,40.71534832733888,Grand Street & Willett Street
-73.92557502720192,40.64417240108079,-73.92432177208836,40.64530109818149,Kings Highway & Clarendon Road
-74.12889669234816,40.64487161248974,-74.12771410778429,40.645772387474324,Broadway At 1St St
-73.9947180627549,40.63275872886367,-73.99353573739785,40.63365947110016,13th Avenue & 52nd Street
-74.14904121582758,40.6245046085095,-74.1478589843017,40.625405391454585,Forest Avenue & Richmond Avenue
-74.01325465614651,40.60453449771433,-74.01146184813705,40.60590360227135,Cropsey Avenue & 16th Avenue
-74.28561539643223,40.72195750142553,-74.28443140367676,40.72285829853874,Maplewood Loop
-74.23367531200532,40.73958594115825,-74.23196238986655,40.74081465851943,18Th Ave At Smith St
-74.15222153545959,40.722762778238575,-74.15030498801033,40.72441687824199,Wilson Ave at Garrison St
-74.12798660566095,40.660694489406744,-74.12608309234137,40.66201700993262,Jfk Blvd At 16Th St
-73.93152021568424,40.64920174472346,-73.92954670161006,40.652919116958024,Utica Avenue & Church Avenue
-74.13781193522584,40.783073330484505,-74.13641538963981,40.78425804211328,Ridge Rd at Garden Terrace
-73.98762452472384,40.715300447539434,-73.98578127773952,40.71660705207428,Grand Street & Clinton Street
-74.07079427683843,40.72079463152262,-74.0691789786301,40.722444531695594,Monticello Avenue at Jewett Avenue
-74.23061779450668,40.67889945344317,-74.22858452461384,40.680323481701535,STEM (A)
-74.13660008909075,40.60046060278496,-74.13399939396925,40.601585884094845,Harold Street & Sunset Avenue
-73.92611964877142,40.67273303945136,-73.92412620801447,40.67527545420181,Buffalo Avenue & Prospect Place
-74.09155644032329,40.570390110643395,-74.08945216581846,40.57170289108152,Midland Avenue & Patterson Avenue
-74.11433215796843,40.572046009775065,-74.11281194368006,40.5729731903769,New Dorp Lane & 10th Street
-74.0837761263059,40.71042316993935,-74.08256837192968,40.71159732996678,Bergen Ave At Grant Ave
-74.07515547183115,40.728946705052614,-74.07386802669896,40.730244094494985,West Side Ave At Glenwood Ave
-74.11428914644809,40.672663798404294,-74.11306965540774,40.67386390149402,Avenue C at 33rd Street
-74.23385880793748,40.73532030774428,-74.23267459217946,40.73622109221995,
-74.12356717300155,40.6314390120796,-74.12238482713164,40.63233978788444,Post Avenue & Taylor Street
-74.16715137717286,40.71974867875125,-74.16567382515574,40.72088172124148,South St at Jefferson St
-74.16482217902292,40.437699792071726,-74.163643221103,40.438600607892425,Route 36 & Union
-73.9835790512652,40.57490972588813,-73.98239774888889,40.57581047407571,Surf Avenue & West 16th Street
-73.99800854373203,40.61164322108356,-73.9963298560926,40.61279957821872,18th Avenue & 77th Street
-74.0378078451759,40.63296359976806,-74.03612424851501,40.634390000472784,Shore Road & Bay Ridge Parkway
-74.0583581864315,40.76976053106138,-74.0571734137124,40.77066126890254,"Secaucus Rd 1800' S Of Penhorn Ave.#"
-74.16439145352493,40.71903131412517,-74.16320754660254,40.71993208583895,South St at Adams St
-74.17561787420267,40.73000195356507,-74.17432722791884,40.73133884610263,Broad St at Court St
-73.9838914900435,40.699034798838724,-73.98228105876514,40.70043606898777,Gold Street & Sands Street
-74.2766164713434,40.51022586563499,-74.27498552909091,40.51136683386695,Smith Street at Prospect Street
-74.35168423775136,40.557299642234845,-74.35007005718636,40.55829065827369,JFK Medical Center
-74.23564594388242,40.50559650138594,-74.23420035268063,40.506758198679265,Hylan Boulevard & Joline Avenue
-73.9586661998847,40.6438910437359,-73.95725520398616,40.64503875633338,Flatbush Avenue & Beverly Road
-73.94135489294852,40.60892245189307,-73.9396086093079,40.60999534650717,Avenue R & Burnett Street
-74.0741240401712,40.730347256221066,-74.07290865984396,40.73142914354238,West Side Ave At Stuyvesant Ave
-73.95775076446012,40.690336238575775,-73.95656743569863,40.69123696138799,DeKalb Avenue & Franklin Avenue
-73.95009497959079,40.612382002633154,-73.9486765217853,40.61329839744362,Kings Highway & Bedford Avenue
-73.95412460608941,40.6611813368154,-73.9529417940697,40.662082063148354,Rogers Avenue & Lincoln Road
-74.19400500544414,40.55438509789857,-74.19282399467795,40.55528590206561,Arden Avenue & Hampton Green
-74.30525805590013,40.76220650267177,-74.30407334420606,40.763107297292514,St Barnabas Medical Center
-74.19602941993386,40.703415209333805,-74.19484578018869,40.704315990630356,Meeker Ave at Frelinghuysen Ave
-73.95746762388195,40.6366878749132,-73.95567057036843,40.63772812589413,Foster Avenue & East 22nd Street
-74.06557805110907,40.70925172539311,-74.06439434903339,40.71015247457085,Pacific Avenue at Bramhall Avenue
-74.06753511932646,40.72820492662519,-74.0663510808158,40.729105673338765,Bergen Ave At Vroom St
-74.05081824623534,40.74442007067834,-74.04866021798682,40.74650401603005,Central Avenue at Hutton Street
-74.0666482088794,40.61343814972231,-74.06537268792782,40.614467750235555,Bay Street & Hylan Boulevard
-74.05567042348707,40.72872922145705,-74.05429217597974,40.72972977825617,New York Avenue at Pavonia Avenue
-74.27723602290993,40.730092151098525,-74.27386057267655,40.732154965829785,Maplewood
-74.41960140511092,40.585441837688094,-74.41818539544427,40.5863499623333,Plainfield Avenue at Sampton Avenue
-73.98674139286561,40.616337353917274,-73.98334551167439,40.618425076569764,20th Avenue
-73.94635940343996,40.66368748234852,-73.94453399959993,40.66521763991437,Empire Boulevard & Brooklyn Avenue
-74.12114673047653,40.63172749079306,-74.1184280031507,40.63290757736168,Cary Avenue & Elizabeth Street
-74.118264091753,40.63395102101171,-74.1165379883275,40.63523530523455,Castleton Avenue & Broadway
-73.93674210361486,40.67495529394993,-73.93529793558078,40.676908126796164,Dean Street & Troy Avenue
-73.9462750300587,40.59275218773173,-73.94494337124672,40.59377191224882,Avenue X & Bedford Avenue
-73.94656786876571,40.64058252216736,-73.9446693623549,40.64161373437827,Avenue D & New York Avenue
-74.15184266328839,40.59841060000239,-74.15060303696559,40.59931219996998,C Street & 1st Avenue
-74.20029367020852,40.556586141787484,-74.19865872947082,40.55773045763565,Arthur Kill Road & Carlyle Green
-74.15281287796068,40.55484686006006,-74.15158362493281,40.55615983983218,Giffords Lane & Gibson Avenue
-74.43518794548548,40.49748838596254,-74.4338349542635,40.49848761382944,Raritan Ave at Adelaide Ave
-74.34877995040966,40.64883480964503,-74.345429294844,40.65015626817529,Westfield
-74.17439637193702,40.750570377510904,-74.17296062956744,40.75156772180855,East 7th Ave at Summer Ave
-74.008068949247,40.63692360076914,-74.00575969975864,40.63890620250832,8th Avenue & 57th Street
-74.06764712749298,40.71541244233567,-74.06587317340335,40.71633425780863,Grand Street at Summit Avenue
-74.10128892800024,40.59268653254198,-74.09944416994696,40.59398906690812,Richmond Road & Norden Street
-74.03882242087187,40.75279428616247,-74.0375957760601,40.754122413716544,Palisade Avenue at 3rd Street
-74.13173141577721,40.6258398936523,-74.130323883075,40.62683470585842,Forest Avenue & Jewett Avenue
-73.96492574342912,40.619191485925995,-73.96360405231717,40.620757413714465,Coney Island Avenue & Avenue L
-74.1809406160134,40.72580491277127,-74.17975658411157,40.726705687192855,Lincoln Park At Washington St
-74.03745084846423,40.62414832533557,-74.03556245198303,40.62538367372811,86th Street & Colonial Road
-74.03984581046068,40.716451629310576,-74.03866198968575,40.71735237065331,Montromery Street at Warren Street
-74.1473848995814,40.69063671387821,-74.14620150054849,40.691537486085856,Tyler St at Panama St
-74.0207295891955,40.6454624377954,-74.0190434088317,40.646693361886804,55th Street & 2nd Avenue
-73.91792900736392,40.654138331006976,-73.91609299452453,40.65525896734247,Church Avenue & East 94th Street
-74.14199806687918,40.59637040713683,-74.14081633325102,40.59727119282728,Forest Hill Road & Steers Street
-74.16733388439074,40.733748914939426,-74.16614971573634,40.73464968502466,Market St At Mccarter Hwy
-74.08660748250072,40.61050431499323,-74.08542551763793,40.61140508497076,Targee Street & Steuben Street
-74.1309124193421,40.647894212484886,-74.12972978079007,40.64879498747917,Ave C At W 3Rd St
-74.18008499036141,40.72292421264226,-74.17890100976366,40.72382498732185,Broad St at Parkhurst St
-74.12907220575495,40.55598518040407,-74.12585800632485,40.558362178694814,Hylan Boulevard & Buffalo Street
-73.94521805667523,40.62891553772421,-73.94324694544129,40.6302571616165,Flatbush Avenue & Avenue I
-74.19976815055169,40.69551390830272,-74.19858464957025,40.69641469166143,Frelinghuysen Ave at Van Duyne St
-74.11429674697257,40.62292977899763,-74.11297004998649,40.623836721011656,Broadway & Douglas Avenue
-74.01484017960657,40.63752366094321,-74.01321852581786,40.63886293925437,60th Street & 6th Avenue
-74.03234097660338,40.62964978769908,-74.03022692260255,40.63099601093161,77th Street & Ridge Boulevard
-74.1069762719644,40.677662684138056,-74.10526782567604,40.67891841558496,Broadway At 43Rd St
-74.00385827443584,40.6172728981053,-74.00265832617836,40.61830880158275,Bay Ridge Parkway & 15th Avenue
-74.09713760833465,40.698499004449964,-74.09488205305696,40.70012844492676,Jfk Blvd At Greenville Ave
-74.16739783580516,40.62645410653564,-74.16621556432133,40.62735489342849,South Avenue & Forest Avenue
-74.09787602002517,40.57360720300611,-74.09593398633942,40.57514649713705,Midland Avenue & Moreland Street
-74.06337725944637,40.59448602878005,-74.0612492842468,40.59650476341385,Father Capodanno Boulevard & Robin Road
-74.1897154890286,40.712302148950855,-74.18797053723387,40.71377869531078,Frelinghuysen Ave at Concord St
-74.14811150503576,40.75729708570819,-74.14691969738583,40.75848241423556,Davis Avenue at Bergen Avenue
-74.11223202487818,40.62921873358128,-74.1103203749981,40.6301271663842,Forest Avenue & Bement Avenue
-74.2213020568115,40.76356941129049,-74.2201173433075,40.76447018867366,
-73.96094759497421,40.61635806566749,-73.95854206271447,40.61892942947311,Avenue M
-74.08435092006731,40.622654837638514,-74.08181716691772,40.62410970606393,Broad Street & Gordon Street
-74.0986496429773,40.639825115783474,-74.09746715715971,40.640725884180526,Henderson Avenue & Clinton Avenue
-74.1341756990044,40.55173912292898,-74.1322733028507,40.552882575301744,Hylan Boulevard & Bay Terrace
-74.16526901198422,40.78195971895062,-74.16408398814342,40.782860481013444,Verona Ave at Ridge St
-74.0131452114874,40.71709803293759,-74.01196138866305,40.71799876702624,West Street & Chambers Street
-74.19078718523572,40.722167811383436,-74.18960321488774,40.72306858858071,Clinton Ave At Stratford Pl
-74.10071961554765,40.57962703400729,-74.09745249784676,40.58184419650625,Hylan Boulevard & Adams Avenue
-74.20310302728284,40.735108646997475,-74.2014592734744,40.73619947274226,16Th Ave At S 10Th St
-73.95687874061592,40.6500397870168,-73.95544105730524,40.651009712145346,Church Avenue & Bedford Avenue
-74.13863637464925,40.631357810271496,-74.13745402548163,40.6322585896926,Port Richmond Avenue & Homestead Avenue
-74.01294994853481,40.64262476861486,-74.01174125225272,40.643724531273485,5th Avenue & 53rd Street
-73.97131537792674,40.68026353585508,-73.97013222222989,40.681164264108716,Dean Street & Carlton Avenue
-73.94275803899092,40.58887186061934,-73.94080376286624,40.589824239741944,Avenue Z & East 28th Street
-73.93845091689515,40.62034497727207,-73.93453701707072,40.623400077456694,Flatbush Avenue & Kings Highway
-73.94828182339577,40.623629385875816,-73.9457806808831,40.62502490715385,Avenue K & East 29th Street
-74.11282410894174,40.670500128069015,-74.11162869310674,40.67166087187402,Broadway At 32Nd St
-73.94528208018419,40.65527311903218,-73.94379131777308,40.65626188003878,Clarkson Avenue & Kings County Hospital Main
-73.9798567441201,40.6396300511001,-73.97835034804211,40.641056349158674,McDonald Avenue & Avenue C
-74.0123243245665,40.67338172962801,-74.01114127558384,40.67428247033584,Dwight Street & Van Dyke Street
-73.95114378295936,40.65862613704501,-73.94996101720017,40.6595268629187,Nostrand Avenue & Rutland Road
-73.96751645717504,40.58428998744401,-73.96566173246565,40.58604691312693,Ocean Parkway & Shore Parkway
-74.16702378046578,40.63123024315843,-74.1658234178919,40.63237855676223,South Avenue & Brabant Street
-74.08601508281258,40.62189841595903,-74.08483291732627,40.62279918400496,Saint Pauls Avenue & Broad Street
-73.9856303956551,40.68628719909354,-73.98399090843135,40.68757300098443,Atlantic Avenue & Bond Street
-74.17955013235049,40.5398276931277,-74.17704823566716,40.541075882967505,Annadale
-73.91114168828933,40.65539513989839,-73.90908781250737,40.6563167602774,Hegeman Avenue & Thomas S. Boyland Street
-73.9588237169225,40.64649410568329,-73.95743528609029,40.647596094357695,Flatbush Avenue & Tilden Avenue
-73.92953728312608,40.63677283924226,-73.92819981405344,40.63823716022768,Utica Avenue & Farragut Road
-74.14140685406875,40.62897530975724,-74.14022454606175,40.62987609020684,Port Richmond Avenue & Beekman Street
-74.15642404674634,40.760664100245506,-74.15520895148347,40.76185299964313,Belgrove Drive at Bergen Avenue
-73.96050805880769,40.579376500521875,-73.95907224103436,40.58042899919818,Coney Island Avenue & Ocean View Avenue
-73.98786147395826,40.68708936429824,-73.98606632975458,40.6884316356001,Atlantic Avenue & Hoyt Street
-73.94865013964494,40.665097637911636,-73.94746726051504,40.665998362052086,New York Avenue & Montgomery Street
-73.99394190196028,40.57253687230632,-73.99069573566217,40.57390670975135,Surf Avenue & West 25th Street
-74.1986588119095,40.5581061190539,-74.19685788460552,40.5594604069288,Arthur Kill Road & Arden Avenue
-74.08517791798293,40.61455821549016,-74.08399588215599,40.61545898447384,Targee Street & Vanderbilt Avenue
-74.06484640267354,40.71598090594701,-74.06351899681066,40.716959093846235,Grand Street at State Street
-73.96255884913874,40.67777637165705,-73.96110984213482,40.67923852854988,Dean Street & Grand Avenue
-74.0030641906099,40.71494483414489,-74.00188040954208,40.71584556581895,Worth Street & Centre Street
-73.99742179581231,40.63645102877903,-73.99623940434005,40.637351771184775,50th Street & 11th Avenue
-74.19339883244245,40.59018586077906,-74.1913940617326,40.59134793078292,Glen Street & Victory Boulevard
-73.97424250398574,40.60382262946117,-73.97306069616994,40.60472337050264,Kings Highway & Van Sicklen Street
-74.19974992866702,40.58622212043616,-74.1975869648582,40.587604732808096,Victory Boulevard & Con Edison Bus Loop
-74.01939084322622,40.62613544722711,-74.01705215693401,40.62750905090533,Bay Ridge Parkway & 7th Avenue
-74.31547699542404,40.68752749585607,-74.31429360468026,40.688428304108236,Us-22 at Brown Ave
-73.99567675106431,40.717116832503436,-73.99270690638228,40.71957371800871,Grand Street
-74.00033221575067,40.726274791674875,-73.99910798360357,40.72741060809904,West Houston Street & LaGuardia Place
-73.94869614870393,40.60635471494852,-73.94722735162811,40.60740668461411,Avenue R & Bedford Avenue
-73.97758375966748,40.689376135683645,-73.97640044048825,40.69027686428014,DeKalb Avenue & Fort Greene Place
-73.93735034801803,40.6411706022214,-73.93606135445444,40.642185597751954,Avenue D & East 43rd Street
-74.15484869471679,40.756049715950404,-74.15361770454955,40.75720358380177,Kearny Avenue at Paterson Street
-73.98266495776828,40.673946308173385,-73.98093763877523,40.67525769170308,5th Avenue & Garfield Place
-73.96241850384772,40.6046131138812,-73.96104659402006,40.606066285333405,Coney Island Avenue & Avenue R
-73.98385885757601,40.695868901067044,-73.98251733769342,40.6970108989557,Gold Street & Tillary Street
-74.24104204344276,40.73583492524843,-74.23955435455542,40.736764674899554,Mt. Vernon Pl At Kerrigan Blvd
-73.94295582193038,40.62723137889157,-73.94164677524188,40.6282761211083,Flatbush Avenue & East 35th Street
-74.29392701147071,40.68964779808422,-74.29274358863687,40.69054860188008,Us-22 at Michigan Ave
-74.08267936137126,40.71532270299581,-74.08088013785634,40.716549596237265,Jfk Blvd At Boyd Ave
-73.9600093706027,40.67720882524072,-73.95789802769934,40.6785977736374,Bergen Street & Classon Avenue
-74.20096997609512,40.72096901016281,-74.19978602402675,40.72186978980134,Clinton Ave At Bergen St
-73.95844406472418,40.66273547913316,-73.9561707295443,40.66401996702476,Empire Boulevard & Bedford Avenue
-73.95129739551732,40.66004483713387,-73.9501146046422,40.660945562829895,Nostrand Avenue & Maple Street
-73.93473347510985,40.62484951485288,-73.93292862728016,40.625934983376744,Kings Highway & Avenue K
-74.0581372183754,40.716990226959254,-74.05695338176822,40.71789097300467,Grand Street at Barbara Place
-74.03083222323464,40.75191163328251,-74.02964777691336,40.75281236668135,Willow Ave at 13th Street
-73.93106980768104,40.61651993667564,-73.92988779248127,40.61742066328808,Flatbush Avenue & East 46th Street
-74.15261067838911,40.55047236695341,-74.15020595527852,40.55199925822761,Great Kills
-74.14622385651809,40.73096761717114,-74.14503974361219,40.73186838279292,Fleming Ave At Oxford St
-74.0100060669186,40.703482195381234,-74.0050849406325,40.70670757151843,Water Street & Wall Street
-74.22763950138416,40.75722531011747,-74.22645489873383,40.7581260898467,Sanford St at Melrose Ave
-74.3576332249047,40.57122873812936,-74.35643207624439,40.57226656132188,Grove Avenue at Oak Tree Road
-73.90316471799147,40.62792441931373,-73.90155388735576,40.62925398088006,East 80th Street & Avenue N
-74.21915887448081,40.52176765136426,-74.21664849693147,40.52303999968087,Pleasant Plains
-73.92049609734664,40.58637570218752,-73.918010233853,40.588451935664665,Gerritsen Avenue & Lois Avenue
-74.12239847223121,40.57403715840121,-74.12062231921604,40.57564024201915,Richmond Road & Odin Street
-74.3156933306242,40.46412637836192,-74.31451386947907,40.465027221602476,Washington Rd. at Ernston Rd.
-74.21012048441467,40.77410764844456,-74.20888221431842,40.77530785132924,Prospect Street at Springdale Avenue
-74.06312766202846,40.608625417835206,-74.06194573811376,40.609526182128754,Bay Street & Fingerboard Road
-73.9467984783661,40.6468720367538,-73.94561592179403,40.64777276320994,New York Avenue & Tilden Avenue
-74.07186050911189,40.77205712950431,-74.07067569102998,40.77295787045963,MEtro Way 600 Feet West of County Avenue (building 50-52)
-73.88425892234947,40.637350011771005,-73.8828305819898,40.63828608838709,Seaview Avenue & East 105th Street
-73.93238341579912,40.61816669895962,-73.93078558695673,40.61916649955046,Avenue N & East 45th Street
-73.93273695401139,40.66219780618882,-73.93083692529395,40.664377993314055,Empire Boulevard & Utica Avenue
-73.99917580595728,40.614093436039305,-73.99746340033417,40.61552296421776,Bay Ridge Parkway & 17th Avenue
-74.02705778102084,40.6350934872422,-74.025123143701,40.63642301423009,Bay Ridge Avenue & 3rd Avenue
-74.03788691931936,40.71749022965092,-74.03670308082735,40.71839097031297,Washington St At Columbus Dr
-74.06948377457165,40.71182722509357,-74.06830002557021,40.7127279748704,Garfield Avenue at Bramhall Avenue
-74.10136558623954,40.57657331049932,-74.10018421389672,40.577474089464694,Midland Avenue & Boundary Avenue
-74.14954924384361,40.7287381920654,-74.14807605485508,40.7298411077927,Ferry St At Main St
-74.04112476917791,40.72305502965855,-74.03994083096833,40.723955770305324,Marin Blvd At Metro Plaza Driveway
-73.95803402669945,40.68868414482343,-73.95667789340906,40.690698392656486,Franklin Avenue & DeKalb Avenue
-74.17351024602665,40.75512313795573,-74.17194065423752,40.756027862059625,Bloomfield Ave At Crittenden St
-73.98110915051168,40.614220880014074,-73.97991024812734,40.615250219371354,Bay Parkway & 63rd Street
-74.0390550534766,40.755158032444804,-74.03787054667018,40.756058767519086,New York Ave at 6th Street
-74.14410290849386,40.76350149969342,-74.14290798938666,40.764674000242486,Davis Avenue at Quincy Avenue
-73.97140639288891,40.684368507951646,-73.97004790383598,40.68528289210458,Fulton Street & Adelphi Street
-74.13607705355327,40.651678212165145,-74.13489434657814,40.652578987798925,Jfk Blvd At W 6Th Street
-74.14472468875019,40.571603938053684,-74.14321731411435,40.572544162169,Richmond Road & Saint Patrick’s Place
-74.05547275405038,40.71669465614065,-74.05321834381785,40.71767484428043,Grand Street at Bates Street
-73.91936932679968,40.618946938595684,-73.91818727336441,40.61984766136801,Avenue N & East 58th Street
-74.1544721450211,40.76398342407894,-74.15316175495451,40.76496287580885,Belgrove Drive at Halstead Street
-74.08221568059605,40.629900460905276,-74.080593992504,40.631031670133616,Cebra Avenue & Saint Pauls Avenue
-74.02904966511238,40.745395133010334,-74.02786533503587,40.74629586695354,Washington Street at 8th Street
-74.14364348370171,40.54487564915718,-74.14187651876075,40.545944049127954,Hylan Boulevard & Hillside Terrace
-73.9805579837676,40.59572456060959,-73.97826734879828,40.59876915452176,Avenue U & West 8th Street
-74.2816570205738,40.551014042163004,-74.2801196824518,40.552683556544714,Amboy Ave. at Bergen St.
-74.06945900741854,40.5875791504515,-74.06822469391875,40.588775649367896,Father Capodanno Boulevard & Wentworth Avenue
-74.05668636170917,40.72055652062055,-74.05503304139901,40.72180787933133,Montgomery St At Chopin St
-73.99984307626931,40.712868928769296,-73.99632642158892,40.715391183159156,East Broadway & Catherine Street
-74.09008863820169,40.723228035457986,-74.08804881652055,40.72443924021391,Communipaw Ave At Marcy Ave
-74.13182611051502,40.79081533286995,-74.1305926866507,40.79213066699246,Ridge Rd at Crystal St
-73.98177237551543,40.6451881416531,-73.98057442322526,40.64629655826871,Dahill Road & 12th Avenue
-73.95462188062122,40.610064713904684,-73.95279972927602,40.61153287608952,Avenue P & Ocean Avenue
-73.95152874106213,40.597159132181154,-73.95034705909694,40.59805986778261,Ocean Avenue & Avenue V
-74.41135838835585,40.48090037129197,-74.41017861173309,40.4818012286725,Tower Center Blvd at Park & Ride Crosswalk
-73.96476769808717,40.63950870875935,-73.96302345454097,40.64238860370023,Cortelyou Road
-74.02006049842427,40.624948224791495,-74.01887830172458,40.625848975172374,7th Avenue Service Road South & 77th Street
-73.9289602309082,40.614076288212836,-73.92759745285514,40.6151454256416,Fillmore Avenue & Flatbush Avenue
-74.01562091167017,40.608686674090215,-74.01440258871706,40.60979472570632,Bath Avenue & 14th Avenue
-74.13484797148101,40.59256138374244,-74.13345662825616,40.59359441606321,Seaview Hospital Entrance & Traffic Loop
-74.0563206356368,40.72975889838036,-74.05302971553108,40.73167884770456,Palisade Avenue at Newark Avenue
-73.92539150537333,40.62772753838964,-73.9242092947899,40.62862826157403,Flatlands Avenue & East 53rd Street
-74.12565397163394,40.56849609428663,-74.12392613092395,40.569547004041816,Amboy Road & Tysons Lane
-74.080966920972,40.703278403960915,-74.07966107873526,40.70425089589651,Ocean Ave At Wegman Pkwy
-74.09399196330351,40.63087891566274,-74.09280963683416,40.63177968430126,Forest Avenue & Haven Explanade
-74.19239176013235,40.56204174818482,-74.19051174264862,40.56301655229676,Arthur Kill Road & Arden Heights Shopping Center
-73.9815069794516,40.617397077807915,-73.97988852594989,40.61873392238875,60th Street & 21st Avenue
-73.92313297616484,40.65344460992043,-73.92079159562297,40.65538117233914,Kings Highway & Linden Boulevard
-74.15160515740968,40.54963680235379,-74.15042424271881,40.55053759761033,Nelson Avenue & Amboy Road
-73.92426453880438,40.61413606045596,-73.922767861554,40.61519893904963,Fillmore Avenue & East 53rd Street
-73.95060119800041,40.64975235546585,-73.94853379034858,40.65274087880127,Church Avenue
-74.38471906687116,40.5031393608985,-74.38334413545148,40.504214839118255,Woodbridge Ave at Webster Pl
-74.19471230457928,40.70445564164647,-74.19324779827491,40.7054064571058,Frelinghuysen Ave at Noble St
-74.16843643085377,40.771422608586214,-74.16682496623612,40.77265229134134,Mt Prospect Ave at East Delavan Ave
-74.2909513307323,40.46640817006896,-74.28934744875936,40.46775553521085,Academy Bus Cheesequake
-74.14031699272891,40.71605182377806,-74.13905321012484,40.71693857537942,Wilson Ave at Hyatt Ave
-74.09837664397506,40.6986850210355,-74.09709165211598,40.69974707891577,Romar Avenue at Pearsall Avenue
-73.98867361647196,40.69556723461656,-73.98749018368213,40.69646796534727,Tillary Street & Adams Street
-73.9766797585313,40.64955686213063,-73.97512457345577,40.6528501675081,"Fort Hamilton Parkway (F,G)"
-74.3246787709583,40.68463329476848,-74.32349542914459,40.68553410519586,Us-22 450'e of S Springfield Ave
-73.90558117356527,40.628987040463315,-73.90392538103768,40.63033629584848,Avenue M & East 80th Street
-74.32038278016735,40.651783092598315,-74.31920001993605,40.65268390736602,"South Ave at Oak Street #28900"
-73.94209554046542,40.675546343817,-73.94061805442593,40.67679685632949,Dean Street & Kingston Avenue
-74.11105467915348,40.67260818407386,-74.10932602986844,40.67411156388693,Broadway At E 34Th St
-73.94199581974794,40.65069501682758,-73.9408055796473,40.65172158310868,Church Avenue & East 39th Street
-74.19089184149956,40.52201856191926,-74.18946575658484,40.52299253731134,Hylan Boulevard & Cornelia Avenue
-73.91803559841921,40.61881063444973,-73.91649316328524,40.62029028104655,Mill Avenue & Avenue N
-74.10889341998926,40.68568408776434,-74.10570900316911,40.68895036296299,Jfk Blvd At 54Th St
-74.46386957859569,40.52141830210257,-74.46260231934913,40.5224108978696,Hill Center
-74.09883044103863,40.59421331219296,-74.0976487590981,40.59511408777107,Richmond Road & Atlantic Avenue
-73.94837530856243,40.66158463767653,-73.94719249159756,40.66248536228719,New York Avenue & East New York Avenue
-74.1324592965312,40.605014180934994,-74.13112990850902,40.60615971903472,Bradley Avenue & Westwood Avenue
-74.14793529427187,40.60972790069279,-74.14593070570231,40.610633699250286,Victory Boulevard & Willowbrook Road
-74.12524343750832,40.656050189954755,-74.12383145976919,40.65697471016318,Broadway At 12Th St
-73.96895600227583,40.62398624977475,-73.96704439959917,40.624937650574935,Avenue J & East 8th Street
-74.13179568636976,40.55328280497862,-74.13061471376173,40.554183594985446,Hylan Boulevard & Justin Avenue
-74.14336312126848,40.638503498178984,-74.14123037153408,40.63963520318454,Richmond Terrace & Newark Avenue
-74.05992218733708,40.71345132645118,-74.05873841280625,40.71435207351276,Pacific Ave At Johnston Ave
-74.1663485604095,40.543679354364215,-74.16335532162144,40.54622193180299,Eltingville
-73.99212827312715,40.66921356177757,-73.98703635212138,40.67237103966031,9th Street & 3rd Avenue
-74.24284225397895,40.51575970070051,-74.24046196140638,40.51756161303687,Arthur Kill
-74.01737269777095,40.62522414595439,-74.01566538503509,40.62637718530422,Fort Hamilton Parkway & Bay Ridge Parkway
-74.15145779984857,40.72833535104303,-74.14991699863116,40.7294795487658,Ferry St At Fillmore St
-74.1141051528973,40.566226467700886,-74.1128680462141,40.56732853158984,Hylan Boulevard & Lindbergh Avenue
-74.08179755839659,40.70230712754766,-74.08058994037293,40.70343797234595,Ocean Ave At Stegman St
-74.1705978126228,40.57000555934039,-74.16819025434432,40.571979912931624,Richmond Avenue & Forest Hill Road
-74.4135293167916,40.51764090178225,-74.41016175229022,40.51974226109487,Edison
-74.18593871361932,40.77288893024662,-74.18456948921717,40.77381006871069,Bloomfield Ave At North 12Th St
-73.89375659431136,40.631299958519605,-73.89040161735448,40.63325630270026,Seaview Avenue & East 93rd Street
-73.91727083007048,40.66545958079731,-73.91605316559664,40.66690541909788,Saratoga Avenue & Sutter Avenue
-74.05706350694034,40.74005417393554,-74.05577249602466,40.740952225991386,Summit Avenue 240 Feet North of Troy Street
-74.1315291639564,40.63926907633723,-74.12954462584753,40.640649902599606,Richmond Terrace & Park Avenue
-74.40213152114531,40.65535598569077,-74.4009486789457,40.656256814273675,NJ Transit 117
-74.05787717662847,40.71228132662441,-74.05669342351518,40.71318207333951,Johnston Avenue at Monitor Street
-74.23802041982066,40.5359517074371,-74.23681478093924,40.537004692134914,Arthur Kill Road & Winant Place
-73.95258677738805,40.64663683589895,-73.95140422277117,40.647537564064834,Rogers Avenue & Tilden Avenue
-73.999797624697,40.61828507491393,-73.9979577494182,40.62084000055434,71st Street
-74.1557198898277,40.56463610304757,-74.15453871030024,40.56553689691655,Arthur Kill Road & Miles Avenue
-73.99950074427076,40.675871731576834,-73.99831765588154,40.676772468386986,Court Street & Nelson Street
-74.08529863500672,40.616487815625895,-74.0841165651322,40.61738858433809,Targee Street & Roff Street
-73.95832397998649,40.69207933862998,-73.95714062017218,40.69298006133376,Franklin Avenue & Willoughby Avenue
-74.30275921603325,40.690036997261764,-74.30157578407298,40.69093780270253,North Monroe Street (Route 22)
-74.1708021585987,40.64031800723105,-74.16961964152736,40.64121879273307,Richmond Terrace & Federal Place
-73.90583559739531,40.631722918832324,-73.90461790276218,40.63281388083236,Avenue L & East 84th Street
-73.96389220300757,40.58658564229223,-73.9616521977297,40.58750655789115,Avenue Z & East 7th Street
-74.07491917019627,40.609327716379624,-74.07373722994416,40.61022848358436,Hylan Boulevard & Reynolds Street
-74.1339250485317,40.63981671149324,-74.13274255159996,40.64071748847083,Richmond Terrace & Maple Avenue
-74.142166552186,40.57196590520812,-74.14098524794406,40.57286669475597,Richmond Road & Lighthouse Avenue
-74.30488506502127,40.422432476129124,-74.30370633508346,40.42333332383523,US 9 & Schulmeister Rd
-73.96156860661381,40.59303103041689,-73.9603869935437,40.5939317695469,Coney Island Avenue & Avenue W
-74.36544351428527,40.541470279893545,-74.36426268581083,40.54237112007087,Center Street at Middlesex Avenue
-74.15704637629614,40.75358300627178,-74.15585932631642,40.75477809367117,Kearny Avenue at Woodlamd Avenue
-73.88658500471857,40.63556954455039,-73.8853587925113,40.63687545531905,Seaview Avenue & East 102nd Street
-74.20944581379828,40.64593280336354,-74.20826318632193,40.64683359660066,CLIFTON ST AT PULASKI ST
-73.94169339607987,40.62631753588738,-73.94051120408088,40.62721826407636,Flatbush Avenue & Brooklyn Avenue
-74.03825836440808,40.756405432647824,-74.0370738357388,40.757306167316045,New York Ave at 8th Street
-74.36093548257627,40.58343198357064,-74.35975391752069,40.584332816393754,Grove Avenue at New Dover Road
-74.03597333474076,40.7356751200938,-74.03414646389513,40.73680467854898,Observer Highway at Willow Avenue
-73.95195203085231,40.66152884313858,-73.95001592586422,40.664423162651545,Sterling Street
-74.01333837335991,40.63413072784743,-74.00813332377034,40.6368747401055,8th Avenue
-74.26853388469232,40.66570687336132,-74.26471640670451,40.6684405943124,Roselle Park
-74.15520119152481,40.78082049180497,-74.15367821072901,40.78181800707416,Washington Ave At Mill St
-73.95163071159746,40.68517666546731,-73.95011697581062,40.686675951118076,Gates Avenue & Nostrand Avenue
-73.96643848813,40.59730083191894,-73.96447060551168,40.59838506915314,Avenue U & Ocean Parkway
-74.19144118366108,40.4145741593006,-74.1874301021718,40.415953732599284,Hazlet
-73.99937473249268,40.628434332868785,-73.99816666833357,40.62953516702382,60th Street & 13th Avenue
-73.95199446811259,40.57658727516622,-73.9481964462368,40.577808132893175,Oriental Boulevard & Dover Street
-73.94394561370399,40.60656045498487,-73.94253831713914,40.60775631505897,Nostrand Avenue & Avenue R
-74.01955179975589,40.647206507388184,-74.01721779804586,40.64819229305956,53rd Street & 2nd Avenue
-73.94033377709606,40.65710594919703,-73.93895382294333,40.65812525057384,Albany Avenue & Winthrop Street
-74.07972500986166,40.77412336359992,-74.07839089176171,40.77507863588866,Seaview Dr 250' E Of Venture Way
-73.99233698626954,40.600070460287284,-73.99085491287732,40.60110343916875,86th Street & 23rd Avenue
-74.20223421929398,40.737228587643976,-74.20101457999482,40.738302311879096,S 10Th St At 15Th Ave
-73.92069336859896,40.65210625883829,-73.91905212896738,40.65350116320931,Church Avenue & Remsen Avenue
-73.92523177031931,40.64606521943155,-73.92372586125502,40.64725439745438,Kings Highway & Beverly Road
-74.23394551950487,40.41828548293825,-74.23276688061054,40.419186317026,Matawan Ave. at Marc Dr.
-74.01067023566118,40.67940672580952,-74.00886006294083,40.68066577355072,Van Brunt Street & Verona Street
-73.93605405102525,40.62323183993381,-73.9348396461582,40.62452185996303,Kings Highway & East 40th Street
-74.26731665861497,40.695367801166405,-74.2661331414967,40.69626859879783,
-73.92473384088761,40.61054302559167,-73.92345305671273,40.61190297407589,Flatbush Avenue & Avenue T
-74.1462763971165,40.76935602017017,-74.145091603014,40.77025677979389,Kearny Avenue at New Lawn Terrace
-73.90989001234868,40.61525907015393,-73.90841109017356,40.61619163002285,East 66th Street & Strickland Avenue
-74.16282803718387,40.60399280530353,-74.16164616294321,40.6048935946606,
-73.97383495076502,40.65449863348297,-73.97265224939105,40.655399366480836,Prospect Park Southwest & Vanderbilt Street
-74.06825873454594,40.70732982489853,-74.06707506559613,40.708230575065436,Pacific Avenue at Forrest Street
-74.13125400108461,40.712795711513095,-74.12942809487654,40.71417688834161,Doremus Ave 162' N of Wilson Ave.
-73.92126790020184,40.64990274073523,-73.92008529996217,40.65080345922843,Ralph Avenue & Snyder Avenue
-74.01177516247814,40.643714727381486,-74.01059263767208,40.64461547258237,5th Avenue & 52nd Street
-74.12090300886902,40.612867510948526,-74.11972099126446,40.613768289015525,Victory Boulevard & Beechwood Place
-74.21715497185241,40.76532941187388,-74.21597022826725,40.7662301880903,Martin Luther King Junior Boulevard at Lincoln Street
-74.44893265164313,40.49910566976767,-74.44775254844019,40.500006530196806,The Yard
-74.15356686236956,40.60701200661252,-74.15238493775895,40.60791279335158,
-74.00339584906979,40.65852524707198,-74.00189935631549,40.659793053087505,3rd Avenue & 30th Street
-73.96377931823167,40.580888697037146,-73.96193248261325,40.58181010311537,Neptune Avenue & Brighton 6th Street
-73.97543544647642,40.631313531443325,-73.97425315367926,40.63221426852047,18th Avenue & East 3rd Street
-74.17035294791307,40.60508250452577,-74.16917105221287,40.60598329543838,Victory Boulevard & Graham Avenue
-74.16921047040125,40.57356900219134,-74.1680291297247,40.574469797772785,Independence Avenue & Ashley HomeGoods
-74.19309424032092,40.728893227456986,-74.19173196247509,40.72981397152958,18Th Ave At Boyd St
-73.96717185651727,40.689238537144995,-73.96598854364002,40.69013926281877,DeKalb Avenue & Washington Avenue
-74.1783504319438,40.743484182483954,-74.17694477150576,40.744611217572796,Central Ave at Colden St
-74.07159003353219,40.71927020517605,-74.07014835970173,40.72058869498316,Monticello Avenue at Astor Place
-74.0037456612495,40.63406927430006,-74.00179974137777,40.635187923553914,57th Street & Fort Hamilton Parkway
-74.22790109685494,40.54700813065282,-74.22625199982188,40.54827736929296,Arthur Kill Road & Correctional Facility
-74.04667210366681,40.740680823521174,-74.04545679748544,40.74181587636845,Palisade Avenue at Franklin Street
-74.0138107301259,40.60737588127901,-74.01222077515528,40.608692218908516,Bath Avenue & 15th Avenue
-74.03671400310473,40.712303120552896,-74.03476624452799,40.713404140585254,Essex Street
-74.14059808779855,40.73452231798998,-74.13930990944677,40.735416281198574,Chapel St At Riverview Ct
-74.22609995294377,40.76141182931375,-74.22435255305116,40.76244317145354,Central Ave at South Harrison St
-74.00378543951426,40.630841832237785,-74.00213456585487,40.63219356795294,60th Street & 11th Avenue
-73.91843127514149,40.62338690430913,-73.91706832031613,40.625022895207536,Ralph Avenue & Avenue L
-73.96079693142046,40.607434028418425,-73.95928986533166,40.60862437161879,Kings Highway & East 13th Street
-74.16117536038296,40.561191702146395,-74.15999423974412,40.56209249781772,Arthur Kill Road & Brookfield Avenue
-74.13556816144599,40.65258121229631,-74.1343854386855,40.653481987667746,Jfk Blvd At W 7Th Street
-74.24296029117433,40.380478879039195,-74.24178230893953,40.381379720925075,NJ 79 at Church Ln.
-74.07751007915735,40.64431981878776,-74.07632752098291,40.64522058117625,Richmond Terrace & Wall Street
-74.18268007906295,40.6877149095942,-74.18149672106154,40.68861569036992,Terminal A
-74.2757126755198,40.526911787146204,-74.27453212458981,40.52781261281809,Amboy Ave. at Keene St.
-74.18121734308698,40.59774297374103,-74.17964475885837,40.59877132514048,Victory Boulevard & Shenandoah Avenue
-73.96188560504764,40.64211164118679,-73.9600589916634,40.643461458532826,Cortelyou Road & East 19th Street
-74.09523856714375,40.61934291047555,-74.09383193283067,40.620245289484686,Arlo Road & Stratford Avenue
-73.9941083485864,40.72167323590545,-73.992924451567,40.72257396405838,Bowery and Prince Street
-74.23254394742528,40.42150728333792,-74.23136525269031,40.42240811662633,Matawan Ave. at Daniel Dr.
-74.43712193609691,40.52313563607474,-74.43561384389224,40.52484464728354,Livingston Student Center
-74.29083231816097,40.47958814998186,-74.28960748534985,40.48046314979042,Washington Ave. at Cedar St.
-73.99970909392404,40.60971702666106,-73.99742131847894,40.611735013840686,18th Avenue & 79th Street
-73.96176828704,40.623747157348475,-73.95994543783856,40.626299035632144,Avenue J
-74.1602941676722,40.754922276475384,-74.15896563285092,40.755827223523305,Belgrove Drive at Woodland Avenue
-73.9066825571679,40.63950555241442,-73.90365140868883,40.641646272273604,Flatlands Avenue & Remsen Avenue
-73.96935950300607,40.64683483823032,-73.96573735759728,40.64854066453905,Church Avenue & Rugby Road
-74.37494184354453,40.566516299320206,-74.37356705403053,40.56743360075153,Plainfield Road at Stephenville Parkway
-73.97355894739471,40.575431487449436,-73.97182263676159,40.577726741960646,West 5th Street & West Brighton Avenue
-74.15102896527178,40.53691644258428,-74.14937634262556,40.53802237973486,Hylan Boulevard & Armstrong Avenue
-74.02972380884273,40.614591522684805,-74.02854179130459,40.61549227727911,Fort Hamilton Parkway & 95th Street
-73.93471033323087,40.6702234550182,-73.93332066856235,40.67128984497406,Saint Johns Place & Schenectady Avenue
-74.15388923596016,40.78556894225266,-74.15255146925303,40.786724457723295,Washington Ave At Belleville Ave
-74.03742157611332,40.75774073286314,-74.03623702403371,40.758641467100745,New York Avenue at 10th Street
-74.00919667981225,40.60455621001362,-74.00755972560314,40.60590379018278,Bath Avenue & 17th Avenue
-74.16399504506072,40.600984351012585,-74.1625025459751,40.60248674925562,Richmond Avenue & Signs Road
-74.0878223579187,40.639629191432654,-74.08650304365598,40.64058090809416,Jersey Street & Hendricks Avenue
-74.03464229067852,40.71893761884073,-74.03330213236477,40.720340108619425,Harborside Financial Center
-74.14042190873602,40.73142308075565,-74.13904756371905,40.73309989452187,Chapel St At Fleming Ave
-74.04357406713213,40.74917273345907,-74.04202163327328,40.75007996657482,Congress Street at Webster Avenue
-74.03211686661237,40.750304560746805,-74.0301370357792,40.75127273971403,Willow Avenue at 11th Street
-74.27945939732813,40.51077426464897,-74.27695379797956,40.5121542587997,Smith Street at Davidson Avenue
-74.13703968894295,40.64994694088249,-74.13552060857364,40.650885959322906,Jfk Blvd At 4Th St
-74.134575680311,40.77892652230343,-74.13339071982132,40.77982727766061,Belleville Turnpike at Chestnut Street
-74.04086448667883,40.725035329847906,-74.03968051346747,40.72593607011599,Marin Boulevard at Thomas Gengemi Drive
-73.99912192211647,40.59651380874014,-73.99762409251534,40.59804215247928,Bay Parkway & Cropsey Avenue
-74.21805386397307,40.42363488504912,-74.21687513614475,40.4245357149151,
-74.16156883123077,40.62603500717304,-74.16038656889666,40.62693579279108,Forest Avenue & Amity Place
-74.02917476617903,40.628861620901674,-74.02789219849669,40.63047521377756,3rd Avenue & 78th Street
-74.15107045044621,40.76103137792614,-74.14959544975439,40.76208822166394,Kearny Avenue at Afton Street
-74.37886504079353,40.498711975390115,-74.37768495930037,40.4996128245743,Heller Industrial Park
-74.22424079130812,40.74487290951247,-74.22305640881035,40.74577369045169,South Orange Ave at Alexander St
-74.18306636519732,40.696096412503024,-74.18109938391099,40.697408641866055,Hotel Courtesy Vans
-74.08539425920925,40.58516531316382,-74.08421274092946,40.58606608680018,Olympia Boulevard & Mason Avenue
-73.97172394359058,40.681745543264284,-73.96963105807805,40.6831097557566,Atlantic Avenue & Carlton Avenue
-74.18122997606737,40.76639021591581,-74.18004522405776,40.7672909840483,Bloomfield Ave At 4Th St
-74.16763368153836,40.775187469266385,-74.1653110796008,40.776303331756935,Heller Pkwy at Clifton Ave
-74.18749236953435,40.56365488176597,-74.18563363147747,40.56482421684201,Arthur Kill Road & Opposite Aspen Knolls
-74.00817495452432,40.63350800527915,-74.0065667508178,40.63483629491297,60th Street & 9th Avenue
-74.0289271565117,40.73805819980457,-74.02763223705006,40.73979739997213,River Street + 2nd Street
-73.98053661069893,40.68226143585231,-73.97560924541801,40.685665311170084,Atlantic Avenue–Barclays Center
-73.9310112832218,40.63217168002679,-73.92925880966821,40.633329082144996,Kings Highway & Avenue H
-73.98249961315497,40.66507792520384,-73.97837749879696,40.667606818259735,9th Street & 8th Avenue
-74.07654558908816,40.64228296489855,-74.07175006752972,40.64473106358513,St. George
-73.93027690078115,40.64366458219695,-73.92894059454865,40.6452828174177,Utica Avenue & Clarendon Road
-74.17936775784445,40.750908933653044,-74.17796764498418,40.75184036524347,East 7th Ave at Mt. Prospect Ave
-74.30822567733006,40.45866658363115,-74.30704362461253,40.45979291631691,Ernston Rd. at Singer Ct.
-74.20444888003635,40.555888565975245,-74.20261251208318,40.557478034371535,Veterans Road East & Arthur Kill Road
-74.2661900537878,40.69483910123873,-74.26500654632402,40.69573989872552,
-74.00536941963851,40.60245808802703,-74.00351658637712,40.60350911288373,Bath Avenue & 19th Avenue
-74.00350711859677,40.67288503079273,-74.00232408155489,40.673785769171104,Lorraine Street & Clinton Street
-73.93210235197294,40.66045710268045,-73.93064744947486,40.66155049724296,Utica Avenue & Rutland Road
-73.9475005540221,40.677351580935536,-73.94622933915181,40.67911201888276,New York Avenue & Pacific Street
-73.9886012564715,40.632172529666455,-73.98741894368216,40.63307327029737,49th Street & 15th Avenue
-73.9536708662101,40.65667523652816,-73.95248813394905,40.657575963435605,Rogers Avenue & Winthrop Street
-73.97884680967016,40.71284147988707,-73.97736138767269,40.713800718960016,Grand Street & FDR Drive
-74.16907979320735,40.76062541380672,-74.16757750860725,40.761634585273804,Broadway At 2Nd Ave
-74.21103928089815,40.721348009092274,-74.20985531922219,40.72224879087189,Clinton Pl At Randolph Pl
-74.18675882390318,40.76860728280749,-74.1852194753293,40.769524117246554,1st Ave at North 10th St
-74.00470325385751,40.710761133592804,-74.00351954629421,40.71166186637101,Frankfort Street & William Street
-74.15831739130392,40.77666231586654,-74.15677700622284,40.77760328435189,Broadway At Montclair Ave
-74.17089865215766,40.70747431247526,-74.16971494796873,40.70837508748884,Brewster Rd 250'n of Conrad Rd South
-74.11194315888554,40.6715166302391,-74.11073674348525,40.6727338696911,Broadway At 33Rd St
-74.14391509166454,40.61050580801645,-74.14273310846544,40.611406591947635,Victory Boulevard & Crystal Avenue
-74.43204880278817,40.579382074222764,-74.43062259672958,40.58029082578586,Clinton Avenue at New Market Avenue
-73.97416591990856,40.632101604207236,-73.97118434544493,40.63384604597912,18th Avenue & Ocean Parkway
-74.13252159182036,40.624022459881125,-74.1313296122786,40.62501173982764,Jewett Avenue & Egbert Avenue
-74.22421046344749,40.73757427201552,-74.22283553303208,40.738492828061815,18Th Ave At Vermont Ave
-74.2372636293728,40.68121470315122,-74.23608037074334,40.68211549681297,Kean Hall (Lot)
-74.11780355908562,40.6685274537497,-74.11657994202007,40.66968334609954,Avenue C at 28th Street
-74.13621029545445,40.70166801606119,-74.13502670467723,40.70256878390287,Firmench Way 90'e of Doremus Ave
-74.01799745364086,40.60679017923229,-74.01550133947353,40.607877916363755,Cropsey Avenue & Bay 7th Street
-74.13800263391659,40.5555937699339,-74.13580593846473,40.55723368772249,Bay Terrace
-74.12898782718234,40.626146011013795,-74.12780557294997,40.62704678895027,Forest Avenue & Dubois Avenue
-73.93983351486817,40.60990904106755,-73.93807178721426,40.61099555736505,Avenue R & Marine Parkway
-74.12997990549127,40.63707198277757,-74.12821661768353,40.63936976836825,Richmond Terrace & Jewett Avenue
-74.22301799704948,40.41874207920687,-74.21858595541666,40.42024260863166,Aberdeen-Matawan
-73.98456831787247,40.675416437877566,-73.98196486749097,40.678487584202536,Union Street
-74.20360553008425,40.73365729477671,-74.20226836746316,40.73456700524999,S 10Th St At Blum St
-74.14746260133649,40.63711079636835,-74.14617980012487,40.638099903612954,Richmond Terrace & Granite Avenue
-74.19248096988794,40.734519488025406,-74.18980305194363,40.73580292332233,15Th Ave At Bedford St
-74.23666992400595,40.407294581792634,-74.23549147610899,40.40819541817164,Main St. at NJ 34
-73.98835391557911,40.6388786302255,-73.98717148457466,40.63977936973831,13th Avenue & 41st Street
-73.9428673261934,40.6182973376796,-73.94159487701795,40.61932076224843,Kings Highway & New York Avenue
-73.90561171694397,40.656132707219626,-73.90255321040341,40.65788151599044,Hegeman Avenue & Watkins Street
-74.15812872599894,40.790729864622804,-74.15682316831139,40.792402335124414,Union Ave at Lloyd Pl
-73.98951930593503,40.63776132997597,-73.98833689421853,40.638662069987866,13th Avenue & 43rd Street
-74.0673555269927,40.777187182627316,-74.0653127788563,40.77825691844747,Secaucus Rd At Sinvalco Rd
-74.0742775135418,40.72461800658595,-74.07279128660728,40.72551999340886,Jfk Blvd At Duncan Ave
-73.98710837347963,40.588546320004745,-73.98561082858008,40.589476480162844,Harway Avenue & Bay 47th Street
-74.14565117488918,40.77051473715188,-74.14437742882268,40.77140376270585,Kearny Avenue at Midland AVenue
-74.08354736809349,40.71867898520354,-74.08158742545582,40.720239414873426,West Side Ave At Lexington Ave
-73.94782427018734,40.67988753918837,-73.94664112997283,40.68078826077536,Fulton Street & New York Avenue
-73.9234448748621,40.658969524559915,-73.9216368271494,40.66007477380381,Clarkson Avenue & East 94th Street
-73.97500972844769,40.58821825222527,-73.97318204749261,40.590891013148756,Avenue X
-74.36096067858722,40.53755857251055,-74.35965762277951,40.53850962710667,Main St at Amboy Ave
-74.1631859980192,40.54079047853599,-74.161819403688,40.54219672071308,Richmond Avenue & Oakdale Street
-74.25400024032912,40.74456695758633,-74.25272326319158,40.74560264233721,South Orange Ave at Cottage St
-74.14072107046343,40.625533036694776,-74.13901033066415,40.62664536217759,Decker Avenue & Hagaman Place
-74.13632553151773,40.784658122544016,-74.13514046861438,40.78555887742001,Ridge Rd at Inman Pl
-73.93175981566569,40.6574894677919,-73.93036308079041,40.65862113226754,Utica Avenue & Winthrop Street
-74.12817432902114,40.79576972438734,-74.12698907111226,40.7966704755767,Ridge Rd at Bergen Ave
-73.99256901771415,40.66243242126455,-73.98992939037363,40.664445732078974,5th Avenue & 19th Street
-74.13196980664802,40.60106450869493,-74.13078799348374,40.60196529126914,Bradley Avenue & Harold Street
-74.23611512085816,40.77115990008291,-74.23129629742908,40.77253190664105,Orange
-73.92935118172736,40.60546517831698,-73.92759052106148,40.606516019847106,Avenue U & East 35th Street
-73.96137421729745,40.59424893053991,-73.9601925828601,40.595149669423876,Coney Island Avenue & Gravesend Neck Road
-74.1549915149608,40.72612661576745,-74.15380748516812,40.727027384196624,Wilson Ave at Patterson St
-74.0047422765551,40.62333521289812,-74.00353602218603,40.62437828647755,Bay Ridge Avenue & 13th Avenue
-74.20579770926281,40.75846161256857,-74.20461309085853,40.759362387395576,ML KING JR BLVD AT NORTH MAPLE AVE
-74.15868672805006,40.614378606594244,-74.1575046720777,40.61527939336987,Lamberts Lane & Richmond Avenue
-73.91433533088991,40.608173138503155,-73.91315346927486,40.60907386146051,56th Drive & Strickland Avenue
-74.14154195519863,40.73090051771745,-74.14035784493235,40.73180128224662,Ferry St At Hawkins St
-73.95770494081366,40.66503613660267,-73.95652205934493,40.665936863361075,Bedford Avenue & Montgomery Street
-73.931123456023,40.67468185199047,-73.92955090210467,40.67638614217227,Utica Avenue & Bergen Street
-74.12562476305585,40.61246029402447,-74.12387253998062,40.613430806418116,Victory Boulevard & Lester Street
-74.17524191921872,40.7826053178625,-74.17405688090743,40.78350608210159,Franklin Ave at Stephen Crane Plaza
-74.19983306709702,40.78064494057774,-74.19743492954724,40.783835942122245,Dodd St at Arch St
-74.23251870432716,40.678456003434945,-74.2313354957897,40.67935679652926,Wilkins Theatre
-74.03968960030564,40.6247717221575,-74.03850739984023,40.62567247780642,Narrows Avenue & 86th Street
-74.08722591191018,40.715414328970354,-74.0849541563526,40.71695928408537,West Side Ave At Virginia Ave
-74.16209063506736,40.61511640625868,-74.1609085650599,40.616017193705446,Lamberts Lane & May Avenue
-73.93412763877978,40.63206944434601,-73.93116442503687,40.63316257019653,Avenue H & East 45th Street
-74.20656622767851,40.70507850136118,-74.20533387147417,40.70624359839368,Elizabeth Ave at Lyons Ave
-74.15660558299373,40.7450519170614,-74.15542121713506,40.74595268290269,Frank E Rodgers Boulevard at Jersey Street
-74.21700720928328,40.64741535739914,-74.21572458700453,40.6483076425134,S BROAD ST AT BAYWAY AVE
-74.11534037478962,40.67524206226756,-74.11405872189839,40.67667423746318,Jfk Blvd At 35Th St
-74.0211956532187,40.634281522696085,-74.0197076451486,40.635404377186994,5th Avenue & Senator Street
-74.00689840404128,40.716383533732575,-74.00571459611012,40.71728426623128,Church Street & Worth Street
-74.14823818517553,40.70029591453411,-74.14705461495429,40.70119668542997,Kellogg St 290' E of Corbin St
-74.0013007602768,40.688486847250005,-74.00006883574049,40.6899145526232,Columbia Street & Congress Street
-74.32693867195698,40.68471509456517,-74.32575532814555,40.685615905399146,Us-22 300'e of S Springfield Ave
-74.42511292494541,40.48491537050429,-74.42393307514145,40.485816229460156,NJ 18 300'N Of Paulus Blvd W.
-73.95915583610056,40.58702530547691,-73.9577833631443,40.58801809419561,Avenue Z & East 12th Street
-74.07239459838475,40.6012222160674,-74.07121280175602,40.602122983896585,Fingerboard Road & Hylan Boulevard
-74.16726269211227,40.54712630326902,-74.16590900466784,40.548040196781194,Richmond Avenue & Bartlett Avenue
-74.13504536230137,40.63002111059344,-74.13386303783005,40.63092188937065,Decker Street & Palmer Avenue
-74.1654245497464,40.70729491308783,-74.16424085038085,40.708195686876266,Brewster Rd 350's of Airis Dr
-74.23738291121823,40.39434568070594,-74.23620468889654,40.39524651925833,NJ 79 at Scenic Ln.
-74.23795139430148,40.403867881390354,-74.23677300581326,40.40476871857393,Main St. at CR 516
-73.94004888698962,40.58656881671969,-73.93872290930082,40.5880938828712,Nostrand Avenue & Voorhies Avenue
-74.15127057393572,40.608364906986196,-74.15008862619314,40.60926569297793,South Gannon Avenue & Darcey Avenue
-73.90606944365847,40.64800875259321,-73.90464066024681,40.64916904748708,Rockaway Avenue & Foster Avenue
-74.43314745594067,40.497716345103846,-74.43181984379204,40.49870285472027,Raritan Ave at N. First Ave
-74.10148736369806,40.630785214724824,-74.10030503643847,40.63168598523917,Forest Avenue & Hart Avenue
-74.46067142000256,40.51808286471897,-74.45903751489254,40.51928113548979,Weblin Recreation Center
-74.21808379204573,40.72319060211259,-74.21659310325559,40.724146598184085,Clinton Ave At South 20Th St
-74.19729682302992,40.70588739996189,-74.19610587490584,40.70704689997821,Meeker Ave at Empire St
-73.99573248452995,40.63952566470782,-73.9935953063712,40.64232080852868,Fort Hamilton Parkway
-74.093533101645,40.6011952133979,-74.09235129849257,40.602095986566106,Richmond Road & Rome Avenue
-73.99729363593448,40.657880152104305,-73.99428187808928,40.66028169716978,5th Avenue & 26th Street
-73.95802240121114,40.69843935166403,-73.95605009235872,40.70029245930163,Flushing Avenue & Bedford Avenue
-74.00705190004093,40.717012033036426,-73.99889311494353,40.724102932353105,Canal Street
-74.03939075911077,40.63102823670491,-74.037900137415,40.63197276353432,Shore Road & 79th Street
-74.10694556821386,40.584696159001034,-74.10490262966945,40.58607994011765,Richmond Road & Adams Avenue
-73.96966885355623,40.671657789854585,-73.96825665194764,40.67296699425372,Flatbush Avenue & Grand Army Plaza
-73.99350628087956,40.63375262465499,-73.99172671280573,40.63572477838424,49th Street & 13th Avenue
-74.01861994387747,40.701075490448,-74.00416602231498,40.71669033846706,Rector Street
-74.11231885266017,40.72511963590105,-74.11095324454372,40.72603506416146,Central Ave At South Hackensack Avenue
-73.90116519819537,40.62745244199035,-73.89998300197155,40.628353157973294,East 80th Street & Paerdegat 15th Street
-74.00775012201187,40.71817137990608,-74.00605246263471,40.72047519532102,Franklin Street
-74.10391999934326,40.68125908023564,-74.10171592629557,40.68335500577324,Broadway At 50Th St
-73.97672069148082,40.69299073608797,-73.97553730867506,40.69389146387583,Myrtle Avenue & North Portland
-73.94470206629482,40.68178664106815,-73.94277531348828,40.68297783435254,Halsey Street & Tompkins Avenue
-73.96361434329182,40.633813475152124,-73.9617703416526,40.63642951962432,Newkirk Plaza
-73.92217925732285,40.65561466899478,-73.92053923883523,40.65690043101884,Kings Highway & East 92nd Street
-74.13984740738132,40.63923457245114,-74.1386760911639,40.64020012718257,Richmond Terrace & Nicholas Avenue
-73.99741953458539,40.59545882557283,-73.99623786556671,40.59635957439103,Cropsey Avenue & 23rd Avenue
-74.00709390095811,40.64816972836806,-74.00591129919286,40.6490704715958,5th Avenue & 44th Street
-74.04940591946608,40.71453736492294,-74.0475672005043,40.71555123004567,Jersey Avenue
-73.99581251510892,40.64392128463115,-73.99198965862176,40.647311394927286,9th Avenue
-73.96653778663928,40.68625823655585,-73.96456351482838,40.68719966373698,Greene Avenue & Washington Avenue
-74.44966187146531,40.50351711382752,-74.4484194248495,40.50453858605639,Student Activities Center
-74.00194518652903,40.73040453327804,-74.00043861032448,40.73206556547732,West 4th Street–Washington Square
-74.01000823602567,40.67472513004826,-74.00882516412503,40.6756258699156,Court Street & Otsego Street
-73.97745375863589,40.59615377109256,-73.9755143432445,40.597106429267164,Avenue U & West 5th Street
-73.9923792317701,40.72626285754259,-73.99094057037898,40.72736764245612,Bowery & East 4th Street
-74.1673539937712,40.5747833312694,-74.16554531385295,40.576047173469775,Yukon Avenue & Target Driveway
-74.09139277765622,40.60845141236772,-74.08905533350374,40.610361281566554,Richmond Road & DeKalb Street
-74.13546903404594,40.63977944138706,-74.13415116615985,40.64076865851771,Richmond Terrace & Faber Street
-74.10125971901702,40.69727971940007,-74.09833738981985,40.69914532921014,Romar Avenue at Neptune Avenue
-74.19744473202773,40.77646799314523,-74.1962266689731,40.77753370625231,Hoffman Blvd at Beardsley Ave
-74.0964645639807,40.70104446286467,-74.09524183631393,40.70215533689915,Fowler Avenue at Danforth Avenue
-74.12365768576824,40.59884180951869,-74.12247591436474,40.59974259044537,Brielle Avenue & Gower Street
-74.04077622937223,40.75240793200216,-74.03959177077427,40.75330866796173,New York Avenue At 2nd Street
-73.92297458107217,40.65465671143032,-73.92101801899997,40.65556008848662,Kings Highway & Remsen Avenue
-74.1869352222254,40.71750741966523,-74.18553077430622,40.718433080457096,Frelinghuysen Ave at East Alpine St
-73.97977908806675,40.59091443036464,-73.97552740799789,40.59406043096561,86th Street
-73.95560110451531,40.688869875665794,-73.95038588748577,40.69031916454024,Bedford-Nostrand Avenues (G)
-73.97417490333797,40.59481270983541,-73.97242744110878,40.59752636546104,Avenue U
-74.17618767234089,40.75061371618874,-74.17477132890338,40.751680083741206,East 7th Ave at Ruggierio Pl
-74.02989879453743,40.75445484625381,-74.02861590679778,40.75572615335858,Willow Avenue at 15th Street
-73.93074236340901,40.64788003934386,-73.92932223696042,40.648909260297074,Utica Avenue & Tilden Avenue
-74.07001660635446,40.72446924289838,-74.06693342480686,40.72624594246989,Montgomery Street At Boland Street
-74.211120770005,40.720117108987075,-74.20993683011537,40.72101789097709,Clinton Pl At Millington Ave
-74.14230585090672,40.765528734303864,-74.14109624790078,40.76665846558574,Davis Avenue at Oakwood Avenue
-74.19699015768748,40.65179626652499,-74.19580024377485,40.65280713288407,Elizabeth Ave at 4th St
-73.98708861994817,40.57592495666817,-73.98568617885735,40.57698884324549,Mermaid Avenue & West 20th Street
-73.92875009734686,40.66794581905591,-73.92744700534796,40.66934248062216,Eastern Parkway & Rochester Avenue
-74.11681964664996,40.67388251621741,-74.11563655348449,40.674783283746635,Jfk Blvd At 33Rd St
-73.96120567064173,40.588739316585695,-73.95983802709752,40.59019758266966,Coney Island Avenue & Avenue Y
-74.05073521139748,40.7163452278718,-74.04955138874728,40.717245972092094,Grand St At Jersey Ave
-73.8978144738795,40.63998126950361,-73.89662632396116,40.64114943043724,Rockaway Parkway & Avenue K
-74.3225367775929,40.651461592372,-74.32135402251016,40.65236240759234,"South Ave at East St #28901"
-73.98156113872629,40.68486824920197,-73.98033456110117,40.685971350437065,Atlantic Avenue & 3rd Avenue
-74.10151442320618,40.59015162498984,-74.10023247299314,40.59163067475651,Richmond Road & Seaview Avenue
-74.44703888081365,40.49592500734001,-74.44369421181878,40.498606730868566,George St. at Albany St.
-73.95717799219723,40.58524399631308,-73.9528307448049,40.588459656257065,Sheepshead Bay
-74.15991866183786,40.56137890230622,-74.15873753828942,40.562279697657914,Arthur Kill Road & Colon Avenue
-73.95354896015523,40.678629938263505,-73.95236584000408,40.679530661700255,Bedford Avenue & Atlantic Avenue
-73.96637900622386,40.59054421583854,-73.9650123937785,40.59155438398613,Avenue X & Ocean Parkway
-74.25178134516023,40.72277081127714,-74.25027705374141,40.72388278851424,Hilton Garage Time Point
-73.99714389550539,40.71471061351874,-73.99316235507403,40.71789032534056,Bowery & Canal Street
-74.16546882995716,40.76543827069736,-74.16404147287683,40.76637822814221,Broadway At Hinsdale Pl
-74.07001487534167,40.60295626695435,-74.06833585962842,40.60506947387281,Narrows Road South & Fingerboard Road
-74.21327412347769,40.72944454142051,-74.21207987761727,40.730510958525144,
-74.1149649864205,40.667994173087465,-74.11324018157387,40.669750121430496,Broadway At 29Th St
-73.98977403667904,40.71600688433117,-73.9858215222311,40.72008620891612,Essex Street
-74.01506576317936,40.716829160201335,-74.01335693211226,40.71783064038285,North End Avenue & Warren Street
-74.13835139386396,40.5490108034387,-74.1363810087789,40.55013579436326,Hylan Boulevard & Keegans Lane
-74.03201352279602,40.62190801739305,-74.03027385103971,40.62413878518309,86th Street & 3rd Avenue
-73.95167466713147,40.638099124377476,-73.95042283253696,40.63924107503281,Rogers Avenue & Foster Avenue
-74.0094018575061,40.63058151268945,-74.00751664407706,40.63173308566815,Fort Hamilton Parkway & 64th Street
-74.08882018521301,40.7027152815836,-74.08701571247731,40.70401051798616,Martin Luther King Junior at Armstrong Avenue
-74.06654208353176,40.728780524787574,-74.06437894150424,40.73058618711328,Bergen Ave At Academy St
-73.96416605854925,40.67583084221202,-73.9628997373875,40.677311857585416,Washington Avenue & Prospect Place
-74.25965525168853,40.6423857155702,-74.25834574594631,40.643416884427694,Roselle Street at Saint Georges Avenue
-74.17650860565898,40.75797811935445,-74.17438791737702,40.760055449700694,Bloomfield Ave at Clifton Ave
-74.22455417402634,40.50802463446447,-74.22299262462711,40.509175565286924,Hylan Boulevard & Richard Avenue
-73.94371182246161,40.66825395956638,-73.94068328012601,40.66989156974529,Kingston Avenue
-74.01442011962243,40.62699081242342,-74.01266587318992,40.62850068787884,Fort Hamilton Parkway & 70th Street
-73.98069763407412,40.69772203589939,-73.97951416608119,40.69862276406441,Flushing Avenue & Navy Street
-73.98994391134732,40.59552026927435,-73.9880621865765,40.596839530114245,25th Avenue & Benson Avenue
-73.95384948131914,40.65838243663601,-73.95266671883998,40.65928316332773,Rogers Avenue & Fenimore Street
-74.31801306508117,40.53667445106603,-74.31671303230081,40.5380775485494,Ford Avenue at Main Street
-74.32182877223876,40.684817495048335,-74.32064542786458,40.68571830491598,Us-22 at Lawrence Rd
-74.12785164605944,40.577019398420454,-74.12662525316794,40.57810840100293,Rockland Avenue & Saint George Road
-73.93533481978203,40.583729033484914,-73.93415338037941,40.5846297664788,Emmons Avenue & Ford Street
-73.91346784118468,40.62071003961341,-73.91228575898032,40.621610760350265,East 68th Street & Avenue N
-74.2028124783872,40.75210626260722,-74.20023437766544,40.753792352756065,9Th Ave At South 16Th St
-74.34058060411412,40.59751158649098,-74.33939879598597,40.59841241347338,Inman Avenue at West Drive
-73.95758621406596,40.583334302771945,-73.95574600797134,40.58520433690775,
-73.9284502306588,40.664361915358924,-73.92541043676164,40.66604777735831,East New York Avenue & East 96th Street
-74.17622079854327,40.78026221756801,-74.17503580158271,40.78116298239608,Franklin Ave at Anthony St
-73.95104021659466,40.6832585210757,-73.94976828848142,40.68436187877448,Nostrand Avenue & Putman Avenue
-74.34140389867689,40.460117575672356,-74.34022450142251,40.46101842429204,Washington Rd. at Cheesequake Rd.
-74.38148829401395,40.447616871171924,-74.38030910607937,40.44851772879251,Jackson Street at Wilson/Raritan Avenues
-73.979458896817,40.6255974304301,-73.97827670333804,40.626498169533726,50th Street & 19th Avenue
-74.29694418000973,40.40133677524466,-74.29576582009611,40.40223762471969,
-74.03180039998273,40.61545764889565,-74.02844957825714,40.61854026322197,5th Avenue & 92nd Street
-74.1662671085227,40.738765804873786,-74.16490336872538,40.74025668349843,NJPAC/Center Street
-74.2141697459915,40.72256029635239,-74.21268805438945,40.723634103378,Clinton Ave At South 16Th St
-74.1857692541533,40.75770735693632,-74.18415191488828,40.75939365122448,Park Ave Station
-74.07009826138976,40.72868390979764,-74.0688818402703,40.729858890106534,Jfk Blvd At Stuyvesant Ave
-74.24092232530417,40.745197765737785,-74.239138772441,40.746271432670305,South Orange Ave at Kingman Rd
-74.18441908791812,40.74191884926728,-74.18196711188835,40.743305150261804,International Center for Public Health
-74.19004322302227,40.73153024641237,-74.18860307687305,40.73243395355677,Irvine Turner Blvd At West Kinney St
-74.08741467042002,40.70394683994359,-74.0858231300206,40.70504345936904,Martin Luther King Junior Drive at Fulton Avenue
-74.17045091033229,40.73957278690562,-74.1688789868019,40.740522913369865,Broad St At New St
-74.17783303065248,40.75069208990171,-74.17635496862512,40.75172770959575,East 7th Ave at Amity Pl
-74.20827704621304,40.736309280601084,-74.20708085269017,40.737329718968674,16Th Ave At South 16Th St
-73.94485014705415,40.677334639419776,-73.94366705310647,40.67823536054396,Brooklyn Avenue & Atlantic Avenue
-73.9877269329071,40.69707162431083,-73.98636976801657,40.69805697531862,Jay Street & Concord Street
-74.01397535298746,40.63125872610818,-74.01279304716238,40.63215947385569,8th Avenue & 67th Street
-74.10058016296628,40.6190615562033,-74.09878943681792,40.62026214290053,Victory Boulevard & Highland Avenue
-74.01033372012904,40.61069412276985,-74.00868438684282,40.61213017753104,86th Street & 15th Avenue
-74.01946788210553,40.62902162580664,-74.01392015600723,40.633007886064554,Bay Ridge Avenue & 7th Avenue
-74.18692815719626,40.73459122625876,-74.18397398315214,40.735896377085396,Springfield Ave At Broome St
-73.95560791602831,40.605585232252885,-73.95442608413018,40.606485967710874,Avenue R & East 18th Street
-74.15591587098567,40.72732830161198,-74.15380470767738,40.72857205807935,Ferry St At Merchant St
-74.07344302720034,40.7161675982736,-74.07033450262003,40.7185633415291,Communipaw Ave At Crescent Ave
-74.05002422788202,40.718313961391715,-74.046790230975,40.71961696575482,Montgomery St At Varick St
-73.9321191912152,40.60934967812075,-73.93093211065114,40.61047112182888,East 36th Street & Avenue S
-73.98545389542201,40.57470929257614,-73.98374820434897,40.57587890668791,Surf Avenue & West 19th Street
-74.2222210415492,40.508372929240025,-74.2209234533836,40.509504870711154,Hylan Boulevard & Cunningham Road
-74.19298542263553,40.742853150539545,-74.19096588172187,40.7438791502736,Bergen Building
-74.21211452637905,40.71789622704858,-74.21092597128384,40.719077872892385,Clinton Pl At Hawthorne Ave
-74.14342788162914,40.62563248146241,-74.14176989361873,40.62770887601364,Port Richmond Avenue & Smith Place
-74.22120231653294,40.757945933746846,-74.21991328092359,40.75884926553166,South Clinton Street at Central Avenue
-73.99013760511691,40.672951761314664,-73.98849849461811,40.67409523808417,3rd Avenue & 6th Street
-73.94780702246287,40.640515136110395,-73.94662457769704,40.64141586385335,Avenue D & East 31st Street
-74.46662310119133,40.515970269765795,-74.46544269888938,40.51687113019871,The Bubble
-73.97564353011633,40.67476393481345,-73.97446047003959,40.67566466515035,7th Avenue & Berkeley Place
-74.18962950849459,40.42920198859866,-74.18845069162752,40.43010281136552,Academy Bus
-73.92781235112132,40.62061986619283,-73.92647584537515,40.62213853334454,Utica Avenue & Avenue M
-74.38026002739616,40.4514522715764,-74.37908077269734,40.45235312838802,Main St. at Reid St.
-74.13470540543614,40.73668771898125,-74.13352119469592,40.73758848098281,Esther St At Albert Ave
-74.04643757942114,40.755772935304826,-74.04320281016412,40.75800816699687,JFK Boulevard at 5th Street
-74.25309204548017,40.51195512399453,-74.25084624421982,40.51357883454775,Tottenville
-74.42335100169576,40.500293169474304,-74.42065960730157,40.5017282853655,Woodbridge Ave at 8th Ave
-74.22001808214549,40.71205533728722,-74.21833122254912,40.71339236282353,Lyons Ave At Dewey St
-74.17341145903109,40.526121322066075,-74.1720308441939,40.527228077976055,Hylan Boulevard & Lipsett Avenue
-73.98763266981307,40.667696565524125,-73.98343208711242,40.672214708792005,5th Avenue & 7th Street
-73.96397183244483,40.597632227752115,-73.96034418319915,40.598887790729314,Avenue U & Coney Island Avenue
-74.19510551579367,40.763970497163804,-74.19368858394179,40.76487620282141,Ampere Plaza at Fourth Ave
-74.08529636324005,40.716803421547816,-74.08316174023228,40.71863506433796,West Side Ave At Boyd Ave
-74.43667872933484,40.50733775333879,-74.43518217338291,40.50827554686597,
-74.03519831491336,40.75880613399646,-74.03384888674272,40.75971736603671,Palisade Avenue at 13th Street
-74.07574348150851,40.7639161413353,-74.07293165764489,40.76566786636873,Seaview Dr. Extension At New County Rd
-74.00138286266363,40.65391524908653,-73.99997553778584,40.65482125092803,5th Avenue & 33rd Street
-74.14689599941984,40.76785866654946,-74.14569140337093,40.76910853338391,Kearny Avenue at Oakwood Avenue
-73.94770338074491,40.681732043912355,-73.94558481968512,40.68264185618982,Halsey Street & Marcy Avenue
-74.15956284598894,40.728691112552106,-74.15779495787585,40.73002818739229,Ferry St At Adams St
-73.95748341643079,40.605590831984074,-73.95630158372742,40.606491567979695,East 16th Street & Avenue R
-74.23946258465622,40.42566408293529,-74.23828381545837,40.42656491702895,Aberdeen Rd. at Union St.
-73.95590805821838,40.67836043790314,-73.95472494194055,40.679261162060605,Franklin Avenue & Atlantic Avenue
-73.95984626714504,40.68246118147199,-73.95780359462997,40.68348247980997,Putnam Avenue & Classon Avenue
-74.19631793846315,40.58817280006632,-74.19511936141683,40.58921729978866,Victory Boulevard & Feldmeyers Lane
-74.15192391399103,40.69218681346842,-74.15074048613819,40.69308758649568,Tyler St at Maritime St
-73.96215111528458,40.695988038388364,-73.96096768487352,40.69688876157538,Classon Avenue & Park Avenue
-74.16368390327706,40.56025280467918,-74.16172189081679,40.561323196319,Arthur Kill Road & Armstrong Avenue
-74.07330745226785,40.595569598704834,-74.07191795086506,40.59649100138024,McClean Avenue & Linwood Avenue
-73.95295446385953,40.603283502348404,-73.95163573229256,40.60481129727822,Ocean Avenue & Avenue S
-74.11299024932731,40.5674763792992,-74.11072835669002,40.56955671407885,Hylan Boulevard & Rose Avenue
-73.98367779882898,40.68127512705522,-73.98245610195487,40.6824068727783,3rd Avenue & Warren Street
-74.13470506605893,40.776095899767896,-74.13348143322078,40.777231500024705,Elm Street at Seeley Avenue
-74.17879601476518,40.76197092336707,-74.17702828712783,40.76322267623673,Bloomfield Ave At Lake St
-74.05695320619562,40.70965140321407,-74.05508396987022,40.71100928214397,Liberty State Park Station
-74.10961705535846,40.62965217130474,-74.10815874807236,40.630588828881685,Forest Avenue & Regan Avenue
-74.0882233471476,40.63133767832376,-74.08631524617613,40.63288992183384,Victory Boulevard & Woodstock Avenue
-73.97254248941975,40.649230039350805,-73.97128800477037,40.650870860490436,Coney Island Avenue & Caton Place
-74.16730346706916,40.7629784457065,-74.16605133287976,40.764129453795704,Broadway at Nursery St
-74.1114497957728,40.63423971377018,-74.11026740436225,40.63514048619383,Castleton Avenue & Oakland Avenue
-73.99814758209259,40.64655156381018,-73.99635372284645,40.64795093626399,39th Street & 8th Avenue
-73.93740024759454,40.66624063963708,-73.93621735256714,40.667141360326646,Troy Avenue & Carroll Street
-73.95354071763838,40.696437339658125,-73.95235728252105,40.69733806030561,Nostrand Avenue & Park Avenue
-74.13705343404767,40.61543680921377,-74.13587136608338,40.61633759075032,Watchogue Road & Neal Dow Avenue
-73.98187209300502,40.6930556353696,-73.98068870715008,40.69395636459419,Myrtle Avenue & Fleet Place
-73.95833871184155,40.67413537126896,-73.9559846308745,40.675466061806425,Park Place
-73.95222277480546,40.58320181305897,-73.94999069436106,40.585756963826455,Sheepshead Bay Road & Emmons Avenue
-74.08729128040103,40.6332278917825,-74.08487416472548,40.63506383698898,Cebra Avenue & Victory Boulevard
-74.2227251762357,40.7273403057146,-74.22118182188414,40.72849799414557,Springfield Ave At Maple Ave
-74.16860981091752,40.55176195741209,-74.16731928796392,40.5530461420518,Richmond Avenue & Genesee Avenue
-74.09824041647627,40.696502295577645,-74.09702408249106,40.697564503833206,Jfk Blvd At Winfield Ave
-74.11085029484515,40.578118693775785,-74.10855749918433,40.57983164679887,Grant City
-73.99851381229823,40.71145001813916,-73.99656547069581,40.712507065896055,Madison Street & Catherine Street
-74.08027014687143,40.76712758770872,-74.07905715329045,40.76820001201217,Castle Road 1637 Feet West of New County Road
-74.10465686355391,40.575862637031555,-74.10267523471165,40.57720506210443,Hylan Boulevard & Lincoln Avenue
-74.23586708369938,40.42561098330839,-74.23468831641577,40.42651181665588,Aberdeen Rd. at Sutton Pl.
-74.17945056755704,40.740673427126865,-74.17826363369743,40.741670272456744,New Jersey Institute of Technology
-74.06193805005174,40.6072886178841,-74.06075615009067,40.60818938207987,Bay Street & Sea Gate Road
-74.27678272900803,40.52196925696339,-74.27554807092828,40.52309794262357,Amboy Ave. at Arnold Ave.
-73.94678566520479,40.57727573131187,-73.94560433495487,40.57817646865189,Oriental Boulevard & Falmouth Street
-73.98645414454562,40.63086472986324,-73.98527185560836,40.63176547010057,49th Street & 16th Avenue
-73.93072793374019,40.66006868048207,-73.92814234597232,40.66224212797199,Remsen Avenue & Rutland Road
-74.0833971059803,40.57560439339423,-74.0806941354539,40.577368714266875,Father Capodanno Boulevard & Slater Boulevard
-74.15606871974998,40.73456112724601,-74.15467487731375,40.73548257285297,Frank E Rodgers Boulevard at Cape May Street
-73.98714808186469,40.65774313186933,-73.98596531828936,40.65864386809449,20th Street & 8th Avenue
-73.965034959159,40.632901719574036,-73.96376153602651,40.63399928034058,Foster Avenue & Argyle Road
-73.96877709708028,40.637190932844796,-73.96759470307643,40.63809166711902,Coney Island Avenue & Dorchester Road
-74.14134997222654,40.77872471466655,-74.13939030407802,40.780557990176526,Kearny Avenue at Seeley Avenue
-74.1330402181424,40.59099210777928,-74.13185858198914,40.59189289218477,Seaview Hospital & Dr. E. Robitzek Building
-74.40858321936314,40.467657887104885,-74.407170478828,40.46874551286272,NJ 18 at Eggers Street
-73.91129994030604,40.63687260208767,-73.90948615413244,40.637911298713334,Flatlands Avenue & East 84th Street
-74.1021901956604,40.617275778983675,-74.10101850258978,40.618254020430875,Victory Boulevard & Grand Avenue
-74.04357527687438,40.71536831113357,-74.04237182326835,40.71641948872662,Grand St At Luis Munoz Marin Blvd
-74.38568916152319,40.44717969305601,-74.38401743547251,40.44844780682435,Main Street at Jackson Street
-74.15162591912106,40.62483320823301,-74.15044368100784,40.62573399173111,Forest Avenue & Sanders Street
-74.14764236278442,40.60716220731677,-74.14646043734496,40.60806299264735,South Gannon Avenue & Willowbrook Road
-73.92192849884356,40.65997461290012,-73.9197733761232,40.66189130941245,Clarkson Avenue & East 96th Street
-74.00505358080815,40.7240463573516,-74.00177879355908,40.72906682122775,Spring Street
-73.95178463916072,40.687603139219874,-73.95060136099893,40.688503860743864,Nostrand Avenue & Greene Avenue
-74.219865325362,40.54484639433018,-74.21868447475615,40.54574720563403,Bloomingdale Road & Correll Avenue
-74.18063887190081,40.74427117509038,-74.17943132762345,40.74532192461312,Central Ave at Lock St
-73.97517276585806,40.62574979877291,-73.97318013566495,40.62669350153529,Avenue I & East 3rd Street
-73.96932795706222,40.67794513595521,-73.96814484309468,40.67884586400856,Vanderbilt Avenue & St Marks Avenue
-74.30253075842556,40.45605667898279,-74.30135144167967,40.456957520981575,Ernston Rd. at Villanova Rd.
-74.03496100840054,40.630269005593455,-74.03281369125958,40.63160469283995,78th Street & Colonial Road
-73.96109948021208,40.65716532821727,-73.95967392848564,40.65860857188383,Flatbush Avenue & Chester Court
-74.26468147917059,40.6613500709604,-74.26316572422006,40.66229672929718,Chestnut St At Westfield Ave
-74.23494263853652,40.408987982106616,-74.23376416157866,40.409888817857635,Main St. at Washington St.
-73.954738584314,40.612710806186136,-73.95343091088708,40.61431109351909,Ocean Avenue & Avenue O
-74.17482854668924,40.74064851462466,-74.17364425343673,40.74154928533946,Boyden Hall
-74.22708010856988,40.75804371024101,-74.2258954915482,40.75894448972316,Sanford St at Clifford St
-74.11770705455194,40.632163258077235,-74.11594419369071,40.63319777527853,Cary Avenue & Broadway
-74.18130847162361,40.655536246790874,-74.17947733162478,40.65651825373054,Trumbull St at 2nd St
-74.23793491545983,40.537383598142824,-74.23670238195194,40.538685801707,Arthur Kill Road & Sharrotts Road
-74.09331851403353,40.60260601353503,-74.0921366861041,40.603506786429,Richmond Road & Spring Street
-74.0735627077732,40.774268410030324,-74.07208368859636,40.77545309004265,Enterprise Avenue South 396 Feet North of Metro Way
-74.42380962667073,40.48512787062419,-74.42262977341633,40.48602872934029,NJ 18 50' N of Paulus Blvd.
-73.96742230894452,40.586098169660055,-73.96494003195414,40.58723664102067,Avenue Z & Ocean Parkway
-73.99037445686822,40.60882922839915,-73.9887345490483,40.61020327183356,Bay Ridge Parkway & 21st Avenue
-74.04913424643347,40.716753557307904,-74.04791965469201,40.717886242581486,Jersey Avenue at Bright Street
-73.90047480172916,40.64944163993759,-73.89843713178321,40.65180617210769,East 105th Street
-74.09241433774572,40.625936682592254,-74.09076095990368,40.62716761720267,Victory Boulevard & Eddy Street
-73.95108831580146,40.67067731269509,-73.94961945012945,40.67211769225283,Saint Johns Place & Nostrand Avenue
-73.95883976592029,40.67916923754587,-73.95765663423823,40.68006996241789,Classon Avenue & Atlantic Avenue
-74.21343298291295,40.700501672754264,-74.21210141562716,40.70145742681289,Elizabeth Ave at Grumman Ave
-74.4443009176108,40.49288680414856,-74.44280705259969,40.49419183736773,Somerset Street at George Street
-74.0013662058805,40.66017013009171,-74.00018339427143,40.661070869872134,3rd Avenue & 27th Street
-74.06080878951678,40.599587460882844,-74.05901270873333,40.60085683858138,Battery Road & Tennessee Road
-74.00841515638974,40.64309282779048,-74.00723264376097,40.64399357217337,50th Street & 6th Avenue
-74.22589194508743,40.68077531512443,-74.22468145781305,40.68173408470762,East Campus Lower Lot (A)
-74.1233201312977,40.56992550729772,-74.1221388688352,40.57082629266636,Amboy Road & Belfast Avenue
-74.20508004320165,40.70589600853227,-74.20389635691953,40.70679679143189,Elizabeth Ave at Stengel Ave
-73.94427802542948,40.663582538426844,-73.94309517473116,40.664483261536894,Empire Boulevard & Lamont Court
-73.97099286826176,40.69509293828375,-73.96968143176638,40.69607626158309,Vanderbilt Avenue & Park Avenue
-74.10288236106155,40.6304606145271,-74.10170003907474,40.631361385436925,Forest Avenue & Sharon Avenue
-74.17295307968142,40.72183861336546,-74.17176912044475,40.72273938659865,South St at Hermon St
-73.97949680270986,40.63760403136404,-73.97831439744523,40.638504768599795,McDonald Avenue & Cortelyou Road
-74.13308164541854,40.77798357900891,-74.13170945087235,40.77890162106512,Elm Street at Bellview Turnpike
-73.9723843931009,40.58556483141711,-73.97056930088665,40.586615269446575,Avenue Z & West 2nd Street
-73.9466114632393,40.645162036647115,-73.94542893692085,40.64606276331662,New York Avenue & Beverly Road
-74.17025352842118,40.74994001587296,-74.16906907170554,40.75084078409116,Broad St At Clay St
-74.02198662580234,40.641034776542575,-74.01979406616513,40.64220312502495,3rd Avenue & 60th Street
-74.21543033501186,40.6708848046674,-74.21424726510756,40.67178559529679,"North Broad at Prince Street #28741"
-73.99173443156108,40.7167627269764,-73.99041176847854,40.718016472009396,Allen Street & Grand Street
-74.17272462944509,40.761971515148495,-74.17151877214627,40.76311358477963,Mt Prospect Ave at East 2nd Ave
-74.14114850113322,40.61104760457929,-74.1393283991228,40.611952695457006,Victory Boulevard & Livermore Avenue
-74.28246126585843,40.480062682813674,-74.28128153424993,40.48096351715064,Stevens Ave. at John St.
-73.9900665068081,40.68793607454486,-73.98823600266698,40.689262093340034,Atlantic Avenue & Smith Street
-74.1413563745764,40.63454715876557,-74.14005782755265,40.63547354061971,Nicholas Avenue & Charles Avenue
-74.14662191308871,40.75988601938818,-74.14543728704169,40.76078678057587,Davis Avenue at Garfield Avenue
-73.98848331893826,40.68980875608404,-73.98435600270895,40.693781155026024,"Jay Street-MetroTech (A,C,F,R)"
-74.10527456437205,40.68361120522343,-74.10352283387154,40.68486079431768,Avenue C at 51st Street
-73.99826915677447,40.66382706512665,-73.99610344605294,40.665005932204494,3rd Avenue & 21st Street
-73.95480513409824,40.662778696348866,-73.95313891935984,40.664250305703,Empire Boulevard & Rogers Avenue
-73.9330350205724,40.58386913383313,-73.9318535795894,40.5847698661306,Emmons Avenue & Brigham Street
-74.12684993668783,40.654119110547775,-74.12481519400127,40.65581735021435,Broadway At 10Th St
-74.19980647416928,40.73023975224121,-74.1983960277637,40.731322147750596,18Th Ave At Muhammed Ali Blvd
-74.04398834421725,40.75401823170498,-74.04280385592874,40.75491896825891,Central Avenue at Leonard Street
-73.93549579939109,40.66219799387052,-73.93405080254891,40.66370333970455,East New York Avenue & Schenectady Avenue
-74.04756020893323,40.755467012656695,-74.04597009107265,40.75657918676984,Jfk Blvd At Leonard St
-73.95204536529602,40.61083948851453,-73.95065093509231,40.61187291133435,Kings Highway & East 22nd Street
-74.0232287912149,40.64674072606987,-74.0220462089336,40.64764147389402,1st Avenue & 56th Street
-74.27446888756285,40.607925093606546,-74.27328691254732,40.60882590635772,Rahway Train Station - Main Street at Bridge Street
-74.23809352473955,40.54080419294837,-74.23684267703518,40.54206330683362,Arthur Kill Road & Ellis Road
-74.13013150849635,40.793426823969355,-74.12894629163674,40.79432757599467,Ridge Rd at Astor Ave
-73.89864735286575,40.64504384374758,-73.89746484730166,40.645944556216065,Flatlands Avenue & East 101st Street
-73.91871870734731,40.667995092689814,-73.916174222162,40.66993360343525,Saratoga Avenue & Pitkin Avenue
-74.10746815741153,40.6299627139235,-74.10628584272408,40.63086348604053,Forest Avenue & Lawrence Avenue
-74.27818781812135,40.576829032320084,-74.27683421970357,40.57840823087332,Avenel
-74.17866128314651,40.60894190388386,-74.1774793169782,40.6098426960803,South Avenue & 1200 South Avenue
-73.99121241497248,40.60471642715582,-73.99003058518063,40.60561717280801,Bay Parkway & 80th Street
-74.2940620329497,40.703374499145426,-74.29287836715791,40.70427530081884,
-73.95272688834538,40.64787533597564,-73.95154431181386,40.648776063988116,Rogers Avenue & Albemarle Road
-73.98281092510426,40.68535903463586,-73.98162767505062,40.686259765327925,Atlantic Avenue & Nevins Street
-74.05967036885046,40.60384170545951,-74.0582296352356,40.60477939471769,New York Avenue & Drum Avenue
-74.10541120651817,40.567432309285266,-74.1042299936174,40.568333090678756,New Dorp Lane & Cuba Avenue
-74.46358359525829,40.51532706993934,-74.46240320482289,40.516227930025174,Rodkin
-73.99136269263737,40.64245989946705,-73.98960901303603,40.643876600718585,39th Street & Fort Hamilton Parkway
-73.9207099694341,40.644748410052415,-73.91929392961525,40.645812489819036,Ralph Avenue & Clarendon Road
-74.27456550531653,40.52048015899977,-74.27283479327004,40.52157833979827,Hall Ave. at Jacques St.
-73.93733011946019,40.583648933186645,-73.93614868070092,40.584549666777086,Emmons Avenue & Brown Street
-74.17139949338902,40.71212251278193,-74.17021570673734,40.71302328718214,Northern State Prison
-74.09711450594423,40.644077663085675,-74.09531416822706,40.64527842224721,Richmond Terrace & Lafayette Avenue
-74.20278394357847,40.70715101252305,-74.20151465515812,40.708407787090955,Elizabeth Ave at Renner Ave
-73.94867916038426,40.61344289234063,-73.94701813574193,40.614422308109965,Kings Highway & East 27th Street
-74.22590899561062,40.74533160937048,-74.22472460450757,40.746232390593704,South Orange Ave at Boylan St
-73.93698145571004,40.61176938670433,-73.93424054209731,40.61340176036317,Avenue R & East 35th Street
-73.9534879530927,40.605597015069215,-73.95190023336748,40.606979938524596,Avenue R & Ocean Avenue
-74.20769284248736,40.678702852885124,-74.20490554311114,40.68127914100118,North Elizabeth
-74.0303858492074,40.6191587229537,-74.02920375093986,40.62005947701018,4th Avenue & 90th Street
-74.18859415278776,40.74110651311045,-74.18740984733613,40.74200728685367,Dental School
-74.08462588346474,40.6446741179157,-74.08344331667442,40.64557488204828,Hamilton Avenue & Egmont Place
-74.11617197850697,40.564049307703996,-74.11499082162695,40.564950092260034,Hylan Boulevard & Reno Avenue
-74.09494365080495,40.57266271099042,-74.09376234933222,40.573563488973576,Midland Avenue & Freeborn Street
-74.28536856217181,40.48274883379874,-74.28415183696474,40.483822165648135,Stevens Ave. at Second St.
-74.32573266765726,40.652043549602595,-74.32385713050277,40.65312142802845,Garwood
-74.05987567073872,40.74542892896014,-74.05869132940482,40.746329671003764,Manhattan Ave At Liberty Ave
-74.23067657990055,40.41379778293294,-74.2294980202153,40.41469861703133,Ravine Dr. at Main St.
-74.19444615891504,40.785787985476645,-74.19324773669871,40.78720601444256,Bloomfield Ave At Hill St
-74.2263738189425,40.72474091791972,-74.2240770650522,40.72600781875264,Clinton Ave At Howard St
-74.10465852445189,40.63866731690063,-74.10342877168095,40.63968298295387,Henderson Avenue & Westbury Avenue
-73.9164891575413,40.66237091967,-73.91525953788805,40.663856680207395,Saratoga Avenue & Dumont Avenue
-74.19525800725938,40.71187592884002,-74.19377259015594,40.71281107134303,Elizabeth Ave at Hawthorne Ave
-74.25208249602476,40.50255297874333,-74.2506814051857,40.50346722131564,Craig Avenue & Hylan Boulevard
-74.15984274620894,40.774479552947376,-74.15860595516556,40.77567614687484,Broadway At Grafton Ave
-74.03513042315979,40.740544731820854,-74.03394617698748,40.741445468143034,Clinton Street at 3rd Street/St. Mary's Medical Center
-73.95503705517908,40.68304013424121,-73.95303980617402,40.68403594734241,Putnam Avenue & Bedford Avenue
-74.15836499199762,40.75730701781681,-74.15718040813096,40.758207782147274,Kearny Avenue at Wilson Avenue
-73.94310593576436,40.66477783869072,-73.94192306439643,40.66567856127302,Kingston Avenue & Montgomery Street
-74.15068503771994,40.76949360833544,-74.14915216212346,40.770587191233446,Belgrove Drive at Oakwood Avenue
-74.09748966975418,40.6315456152797,-74.09630733038296,40.63244638468433,Forest Avenue & Brighton Avenue
-74.1126714629883,40.63273506665337,-74.11146963627162,40.63381833323841,Cary Avenue & Bement Avenue
-73.99324721057282,40.71199468551912,-73.99136637118136,40.71315449114526,Madison Street & Pike Street
-74.08470894809055,40.777020958165366,-74.08324435622995,40.777965042052365,Meadowlands Parkway 1056 Feet South of Seaview Drive
-73.96119980805447,40.586606822405784,-73.95958237538179,40.58804857921658,Avenue Z & Coney Island Avenue
-74.07305069150553,40.77299424842605,-74.0712661092874,40.77420545091115,Metro Way 212 Feet East of Enterprise Avenue
-74.15778972398074,40.74965191728417,-74.15660527614787,40.7505526826799,Frank E Rodgers Boulevard at Central Avenue
-74.22321646980245,40.724017674345134,-74.22149783029285,40.72517612492725,Clinton Ave At Grove St
-73.98821460614693,40.60721238759593,-73.98669362171863,40.60888547171458,Bay Parkway & Stillwell Avenue
-73.91931839801147,40.65886102452608,-73.91585418159612,40.660460000572755,Lenox Road & Rockaway Parkway
-74.2183184929451,40.539388987902335,-74.21702300398255,40.5408234117629,Bloomingdale Road & Clay Pit Road
-74.0071042620246,40.65184296730216,-74.0051244380364,40.65333785051532,39th Street & 4th Avenue
-74.02344231861635,40.62882161538349,-74.0218151781666,40.63021036741143,5th Avenue & Bay Ridge Parkway
-73.96132398255038,40.69230543821834,-73.96014061760783,40.693206161745415,Classon Avenue & Willoughby Avenue
-73.94224869292479,40.61947227944415,-73.94022700975465,40.6204508210895,Kings Highway & Fraser Square
-74.09172391742179,40.603020413766544,-74.09054208271606,40.60392118619744,Targee Street & Naples Street
-74.1569637271243,40.53146454082351,-74.15513627197852,40.532709758388606,Hylan Boulevard & Hales Avenue
-73.95820524321694,40.642644534779095,-73.95702275694144,40.64354526518468,Flatbush Avenue & Clarendon Road
-74.15676904621452,40.563080059418,-74.1549846488009,40.56449014062228,Arthur Kill Road & Giffords Lane
-74.02958049159089,40.62108411745667,-74.02739514554514,40.62408196981081,86th Street & 4th Avenue
-74.24863163534754,40.723199941229346,-74.2471738636364,40.72428605860819,Springfield Ave At Frederick (43rd St)
-73.99254084858997,40.631197429043006,-73.99135855156311,40.632098170920834,14th Avenue & 53rd Street
-74.38746022998394,40.710666209018164,-74.38575462262638,40.71280911713117,New Providence
-74.27517575949577,40.4889331456854,-74.27368836665201,40.490196567267155,
-74.19037536567087,40.71837445436411,-74.1891364337636,40.71948624506082,
-74.138258522665,40.64814061162936,-74.13707587746605,40.64904138833473,Jfk Blvd At 3Rd St
-73.92897367025462,40.61131987520776,-73.92727323212445,40.61237172324039,Avenue S & Kimball Street
-73.9489775189591,40.583128331531526,-73.94741208632571,40.58472805957503,Shore Parkway & Ocean Parkway
-74.16070659421094,40.67849071137694,-74.15952340591687,40.679391488587164,Lyle King St 400' W of Mclester St
-73.93746825141523,40.67036632390889,-73.93555925453492,40.67142287705501,Saint Johns Place & Troy Avenue
-74.0469199700234,40.72122567508122,-74.0456395312708,40.72216822460184,Newark Avenue at Jersey Avenue
-74.43417422894197,40.51950127249708,-74.43299377114366,40.5204021274674,Quads
-74.01857583127618,40.62870402528563,-74.01739356887293,40.629604774678235,7th Avenue Service Road South & 72nd Street
-73.99429933403718,40.62951092866753,-73.99311706611563,40.63041167129631,14th Avenue & 56th Street
-74.08416606574477,40.700109364997914,-74.08273523363279,40.70102023502148,Ocean Ave At Armstrong Ave
-74.12076850367505,40.661093172545485,-74.1185777751313,40.66347499711457,Broadway At 19Th St
-74.1893135526831,40.68462170860908,-74.18813024744037,40.68552249135505,Terminal A
-73.96127528252178,40.67252925321106,-73.95979071612533,40.67345204688608,Classon Avenue & Saint Johns Place
-73.99555679447795,40.59257256056706,-73.99318267763722,40.59482142892803,Cropsey Avenue & 24th Avenue
-73.90221290207973,40.642651213939075,-73.89958965797716,40.6444991808716,Rockaway Parkway & Flatlands Avenue
-73.94815815805927,40.68981773991708,-73.94697484210091,40.69071846004665,Lafayette Avenue & Marcy Avenue
-74.14961904992987,40.56964152586063,-74.14778814918319,40.570887173342825,Arthur Kill Road & United Hebrew Cemetery Gate
-74.0826677899074,40.77772577672225,-74.07948243566534,40.7796891465941,Seaview Dr At Meadowlands Pkwy
-73.95534349601007,40.61584736946802,-73.95391520197312,40.61694923050551,Ocean Avenue & Avenue N
-73.93381036741488,40.61873425278838,-73.93260053363097,40.6197893466333,Flatbush Avenue & Troy Avenue
-73.89719476612258,40.64627792996226,-73.8951365260179,40.64728682768967,Flatlands Avenue & East 103rd Street
-73.89515475864968,40.64985480612103,-73.89229491975094,40.651631762997134,Glenwood Road & Williams Avenue
-74.28198754151067,40.48302305047364,-74.27888861221847,40.48638124294557,Broadway at Augusta Street
-74.10609174508805,40.68941251899343,-74.1039871020664,40.69099268818008,Jfk Blvd At 57Th St
-73.97774183472913,40.66392443366989,-73.97655896542639,40.66482516629391,Prospect Park West & 9th Street
-74.23009993664242,40.51908068303871,-74.22796773720081,40.52024283604533,Richmond Valley
-73.94334746384945,40.59308159855427,-73.94215944011064,40.59406100114901,Avenue X & East 28th Street
-74.09184911565013,40.70000181081306,-74.08969482791878,40.701810273514845,Martin Luther King Junior Drive at Warner Avenue
-73.95840725988897,40.632128759868046,-73.95709033668697,40.63361723973898,Ocean Avenue & Glenwood Road
-73.96416852806819,40.69739013821029,-73.96298507208964,40.69829086175346,Flushing Avenue & Steuben Street
-74.1362978960949,40.624782674631135,-74.13464250633719,40.625816023897585,Forest Avenue & Barrett Avenue
-74.23144328779314,40.54485764450346,-74.22990700822571,40.54581695582228,Arthur Kill Road & Johnson Street
-74.03671717217924,40.725128478444105,-74.0339246723529,40.72758789561065,Newport
-74.1851281970643,40.723596612127636,-74.18394420306001,40.72449738783649,Clinton Ave At Astor St
-74.24246927061266,40.50426243402448,-74.24126612977028,40.50533396584238,Hylan Boulevard & Yetman Avenue
-74.1751433644415,40.73136641386231,-74.17395923568438,40.732267186101794,Broad St At Hill St
-74.0676404369972,40.589697210443724,-74.06535202809273,40.591211980104134,Father Capodanno Boulevard & Sand Lane
-73.94399462606435,40.58425483226266,-73.94281317409579,40.58515556770107,Shore Parkway & Bedford Avenue
-73.98732412428747,40.63986767344523,-73.98551373586352,40.64134704223784,39th Street & 13th Avenue
-74.20010048484755,40.74422077365916,-74.19794521326546,40.74543022415026,12Th Ave At South 11Th St
-74.12347261129035,40.7262659195116,-74.12228858884339,40.72716668045243,Doremus Ave At Roanoke Ave
-73.98259529058093,40.6546286087753,-73.98131401068161,40.65589599082856,20th Street & 10th Avenue
-74.27582053973468,40.46562374580373,-74.27458845627109,40.46665095405221,Pine Avenue at Armstrong Street / Parker Street
-73.95397886665734,40.57856506276638,-73.95270003030818,40.57997483695034,West End Avenue & Oceanview Avenue
-74.2280039456837,40.745845113566624,-74.22639419456956,40.74695948105809,S Clinton St at S Orange Ave
-73.994358849804,40.695085619894066,-73.98965239204067,40.698099232644154,Cadman Plaza West & Tillary Street
-74.08895059039004,40.61135601476574,-74.0877686097483,40.612256785198284,Richmond Road & Longview Road
-74.17121081378447,40.77638769332699,-74.1696446880794,40.777416705604864,Heller Pkwy at Lake St
-73.94953785437092,40.599219628730786,-73.94761084771316,40.60017737166125,Avenue U & East 23rd Street
-73.8977261762423,40.631287746792765,-73.89608613356091,40.632904353626685,Remsen Avenue & Avenue N
-74.17938423883709,40.73160423444296,-74.17799825712497,40.73274546561863,Court St At University Ave
-74.0277345967376,40.63286040249317,-74.02619549811739,40.63414989767199,3rd Avenue & 72nd Street
-74.11980673245594,40.574781616640415,-74.11801055849969,40.57644174586291,Richmond Road & Cloister Place
-74.02888589484989,40.752036040236426,-74.0256282156713,40.754011388788314,14th Street at Bloomfield Street
-74.06110884972387,40.70918072596355,-74.05992515041928,40.7100814740004,Communipaw Avenue at Suydam Avenue
-74.21783738245492,40.7112242657952,-74.21619491888877,40.7121529343765,Lyons Ave At Aldine St
-73.90534633658058,40.64304784257943,-73.90416386358584,40.643948557384235,Glenwood Road & East 94th Street
-74.04908880799576,40.74668442545144,-74.04719914456,40.74883798075046,Central Avenue at Bowers Street
-74.05861454286712,40.74480141815607,-74.05719455016214,40.74597409407662,Jfk Blvd At Manhattan Ave
-74.07969047630378,40.63262031759598,-74.07850812383604,40.633521082368,Saint Pauls Avenue & Paxton Street
-74.23026985650921,40.75212730943925,-74.22908534360838,40.753028090524936,Sanford St at Tremont Ave
-73.98868194539646,40.57413622511577,-73.98750065475681,40.575036974848075,Surf Avenue & West 21st Street
-74.16306733320431,40.718448855357856,-74.16161416501757,40.719372944754085,South St Van Buren St
-74.03509520760169,40.614344221950326,-74.03391319254484,40.61524497801359,3rd Avenue & Marine Avenue
-74.03228146399611,40.73329638296078,-74.02679084972372,40.736190806068606,Hoboken (PATH)
-73.95144802286909,40.66647324834291,-73.95006656840516,40.66852005128331,President Street–Medgar Evers College
-73.92984581315994,40.639221950458676,-73.92837828977008,40.6403702495864,Utica Avenue & Foster Avenue
-73.93046890748855,40.641294990267845,-73.92823578632766,40.642617946146,Utica Avenue & Avenue D
-73.96219803261586,40.69353676108608,-73.96010646807478,40.69445533906975,Myrtle Avenue & Classon Avenue
-74.0219902166377,40.621814155871114,-74.02012928934148,40.62329614428549,Fort Hamilton Parkway & 81st Street
-74.20694973815075,40.7219265371666,-74.20345449409503,40.723243562976336,Clinton Ave At Osborne Terrace
-74.17419657817096,40.73293121409233,-74.17301242195505,40.73383198587178,Broad St At William St
-74.1237108260947,40.61251294909698,-74.1216559069447,40.613711103253884,Manor Road & Victory Boulevard
-74.18945472223297,40.522646105299074,-74.1874656338852,40.52389125795341,Hylan Boulevard & Luten Avenue
-74.1289425207829,40.648092512736255,-74.12775987934954,40.648993287227796,Broadway At 3Rd St
-74.18359516182012,40.65602806079371,-74.18239924153121,40.65698833897369,3rd St at Ripley Pl
-73.9339262555449,40.610920399986455,-73.93222642238231,40.61217710319998,East 36th Street & Fillmore Avenue
-74.2126249809308,40.55129009561506,-74.21144401918848,40.55219090434916,Rossville Avenue & Barry Street
-74.11094075807007,40.56957676525124,-74.10855465135046,40.571332213911006,Hylan Boulevard & New Dorp Lane
-74.11034815590197,40.67761450855555,-74.10859724262268,40.678852090927364,Avenue C at 40th Street
-74.21184683966028,40.736772882871804,-74.20921148316724,40.737982066260265,16Th Ave At 18Th St
-73.91787007732013,40.660797057979174,-73.91475881856574,40.66224158882235,Saratoga Avenue
-74.01414467428934,40.610400633517294,-74.01287092430492,40.61167786608046,14th Avenue & Benson Avenue
-73.96798172613936,40.60497324668014,-73.96593037216647,40.60634075231031,Kings Highway & Ocean Parkway
-74.16346072636306,40.7316826741505,-74.16221947366712,40.732819625442026,Ferry St At Union St
-74.07913555697213,40.772164502463845,-74.0777835413522,40.77312029700606,Seaview Dr 728' E Of Venture Way
-73.95350957884024,40.650192564049334,-73.9512807639574,40.6513361730054,Church Avenue & Rogers Avenue
-74.0368745720906,40.416365606235885,-74.03569602805443,40.41726639372805,Atlantic Highlands Trolley Stop
-74.07678962706576,40.72695743446328,-74.07545347122768,40.72786736556415,West Side Ave At Fairmount Ave
-74.14229286594114,40.73209931772262,-74.14110873418974,40.73300008224144,Fleming Ave At Richards St
-73.97331152228219,40.69273355363397,-73.97199617947153,40.6937505463595,Myrtle Avenue & Carlton Avenue
-74.17900913400409,40.75336046748677,-74.17777666623437,40.754488332210784,Clifton Ave at Victoria Ave
-74.00432641121185,40.70738546121084,-74.00296569244053,40.70830053882136,Pearl St & Fulton St
-74.09360118702988,40.64491081680927,-74.09241861310795,40.645811583154725,Richmond Terrace & Franklin Avenue
-74.31732358180642,40.685961995559815,-74.31614021829756,40.6868628044045,Us-22 at Fadam Rd
-74.3143930895445,40.686877895907436,-74.31320971055996,40.68777870405687,Us-22 1150'e of Fadam Rd
-74.07498757714136,40.72330302528915,-74.07380362299976,40.724203774674805,Jfk Blvd At Jewett Ave
-73.98828106795818,40.59629928465288,-73.9844562270428,40.59942070970598,25th Avenue
-73.96757915621988,40.68245121805701,-73.96385898642876,40.68403399365206,Clinton–Washington Avenues
-74.0254620985496,40.60773706972774,-74.02173188300516,40.610785193974216,7th Avenue & Poly Place
-74.08090557216613,40.717091420256764,-74.07686177797788,40.72017991152351,Jfk Blvd At Communipaw Ave
-74.14786028583228,40.57092713747976,-74.14666111328418,40.5719616621269,Arthur Kill Road & Center Street
-74.11677589114171,40.669711711735864,-74.11478318186373,40.67180276915309,Avenue C & 31st Street
-74.11526245566786,40.63419206638538,-74.11151477851509,40.63530145365844,Castleton Avenue & Bement Avenue
-74.03482890728624,40.738760531721226,-74.03364469286107,40.73966126824265,Willow Avenue at 2nd Street
-74.07209887449962,40.71000685582374,-74.06970258146436,40.711188998873205,Garfield Avenue at Union Street
-74.16775992954007,40.78257263200476,-74.1655536326924,40.78440999983146,Verona Ave at Highland Ave
-74.0680773848348,40.76855801337678,-74.0667399176001,40.769467786637506,County Ave 190' S Of Metro Way
-74.26409234304734,40.65866805196984,-74.26264275583085,40.65958554809669,Chestnut Street at 2nd Avenue
-74.01471137707604,40.64088679850005,-74.01352872495353,40.64201100144806,5th Avenue & 57th Street
-74.07729897585531,40.62818971085449,-74.07597602905906,40.6298000888824,Bay Street & Prospect Street
-74.29885254781878,40.47696630144603,-74.29706525351753,40.47809569720373,Sayreville Park & Ride
-73.95239896136044,40.644824735784226,-73.95121643879884,40.645725464179506,Rogers Avenue & Beverly Road
-74.10463460236251,40.57834631023448,-74.10345319777322,40.57924708972952,Midland Avenue & Clawson Street
-73.99633340229497,40.67896107305251,-73.99375929366978,40.681395740503966,"Carroll Street (F,G)"
-74.2164509999292,40.734692109551276,-74.21526680019042,40.73559289041291,Grove St At Breckenridge Terrace
-73.95194789264855,40.64028368788882,-73.95028221010031,40.64152721200335,Avenue D & Rogers Avenue
-74.35405362048671,40.45766769148125,-74.35199778192161,40.4588314062444,Washington Rd. at Sayreville Blvd. South
-74.005688890296,40.60791568342818,-74.00406221612846,40.60930991683468,86th Street & 17th Avenue
-74.10930942679929,40.67883541056233,-74.10759697182918,40.680052588962376,Avenue C at 43rd Street
-73.96810580849994,40.70639513835494,-73.96692219165732,40.70729586160882,Division Avenue & Wythe Avenue
-74.14078211725976,40.63570209876554,-74.13954017890964,40.63672670111417,Castleton Avenue & Nicholas Avenue
-74.13343598904495,40.734861318989545,-74.13225181108729,40.73576208097451,Euclid Ave At Lockwood St
-74.01383775244814,40.67650582966697,-74.01265464770198,40.6774065702969,Van Brunt Street & Dikeman Street
-74.2727367986637,40.51981146913412,-74.26954788086884,40.521214666938405,Hall Ave. at Penn St.
-73.95438153716171,40.680088527749945,-73.9522526224461,40.681903109140165,Fulton Street & Bedford Avenue
-74.16911547025136,40.52605745842072,-74.1662324659194,40.52741983919702,Hylan Boulevard & Barclay Avenue
-73.97017407162127,40.58579255402738,-73.96864182930142,40.586849345260674,Avenue Z & West Street
-74.36061283771119,40.456323749258935,-74.35942826190181,40.457308950619314,Washington Rd. at Main St.
-74.26688661898828,40.67089608029474,-74.26559467880534,40.671909319692645,Chestnut St At W Sumner Ave
-73.93001481708335,40.59561041912031,-73.92826358590979,40.59721663673936,Gerritsen Avenue & Avenue X
-74.13005432558278,40.733834175726464,-74.12785217911444,40.73488432526162,Raymond Blvd 244' W Of Blanchard St.
-74.31408602411683,40.46340497845708,-74.31290657598669,40.46430582150729,Ernston Rd. at Washington Rd.
-74.11803991040355,40.61309331131311,-74.11685788973035,40.613994088650934,Victory Boulevard & Slosson Avenue
-73.95624674140025,40.639846325610044,-73.95496945999811,40.641116774032575,Flatbush Avenue & Ditmas Avenue
-73.9938066471878,40.687628933282916,-73.99262335296545,40.68852966668091,Court Street & Amity Street
-74.09214727814766,40.41980011667746,-74.09090322235906,40.42093508265358,NJ 36 at Main Street
-73.98344266633201,40.6104006743155,-73.98094446047135,40.61407333007862,Bay Parkway
-73.99366769241973,40.67192973121372,-73.99246640771932,40.672975868655264,9th Street & 2nd Avenue
-74.14296560729316,40.775496616561625,-74.1408925022153,40.778138776590175,Kearny Avenue at Magnolia Avenue
-74.05743416856767,40.74654119018719,-74.05566572702597,40.747912509785856,Jfk Blvd At Hutton St
-73.96173154879476,40.68822684278722,-73.95837089643888,40.68952834749071,Classon Avenue (G)
-74.18299814804071,40.768454083315554,-74.18146645442533,40.76939211690122,Bloomfield Ave At North 7Th St
-74.00150190091087,40.61221414410961,-73.99969400672497,40.61485326037112,79th Street
-73.99862987866032,40.720958102047454,-73.99602256479572,40.72375844640275,Spring Street
-73.97737748797674,40.647195355185225,-73.97618260813306,40.648181044592775,Caton Avenue & East 4th Street
-73.92624708002259,40.59253607228516,-73.92462689418537,40.59362691225769,Gerritsen Avenue & Everett Avenue
-74.26484633698877,40.515537865443,-74.26330305693055,40.51687993477419,State St. at Buckingham Ave.
-74.09332179081755,40.70082895843864,-74.09160963106382,40.70216843449907,Jfk Blvd At Mcadoo Ave
-74.01499282099967,40.64732249910241,-74.0135933856608,40.648605300960675,3rd Avenue & 50th Street
-73.97072296600541,40.596820180570454,-73.9695281341959,40.59784231926376,Avenue U & East 2nd Street
-73.89422119030309,40.63663990918096,-73.89259810714982,40.63764698944061,Rockaway Parkway & Avenue M
-74.23321085334457,40.410713182424,-74.23203234677091,40.41161401754027,Main St. at Church St.
-73.98532562547368,40.64395889606934,-73.98345607059618,40.6449662045506,12th Avenue & Chester Avenue
-74.08103787017197,40.64429525343445,-74.07981612832874,40.645483646414256,Saint Marks Place & Hamilton Avenue
-74.09623861871344,40.59567729538423,-74.09389837653258,40.59675000563288,Richmond Road & Mark Street
-74.45869906330303,40.52313977091262,-74.4575185367789,40.52404062905189,Busch Student Center
-74.03469919810007,40.62349327362086,-74.03279030222447,40.62473022537191,86th Street & Ridge Boulevard
-73.93041617187068,40.61038666721756,-73.92866443015984,40.611472431254235,Avenue S & Ryder Street
-74.03456008849875,40.61218672185264,-74.03337811164779,40.6130874781113,4th Avenue & 100th Street
-74.19608001340161,40.702179146238144,-74.19461508797514,40.703098853861604,Frelinghuysen Ave at Meeker Ave
-74.10729219796434,40.681224990638455,-74.10556800096151,40.68243490880136,Avenue C at 46th Street
-74.01076803980655,40.603161053554125,-74.00884286472481,40.60459914632934,Cropsey Avenue & 17th Avenue
-74.14062044117645,40.60025073850064,-74.13900586390062,40.601239361999326,Harold Street & Forest Hill Road
-74.15214400067075,40.60003100623231,-74.15096219945794,40.60093179373178,
-74.0007552723281,40.576949723665805,-73.99957392782338,40.57785047629803,West 33rd Street & Neptune Avenue
-74.08440199732155,40.64624841806709,-74.08321940281765,40.6471491818969,Saint Marks Place & 83 Saint Marks Place
-74.19942765987089,40.69657270842309,-74.19824414025112,40.69747349154106,Frelinghuysen Ave at Foster St
-74.21660912437645,40.66643418776109,-74.21397616608633,40.66902297501503,Elizabeth
-73.89641658563222,40.648806844380324,-73.89523401453555,40.64970755558332,Glenwood Road & East 105th Street
-74.02826798803272,40.747994533318284,-74.02708361211565,40.74889526664558,Washington Street at 10th Street
-74.0065246679587,40.73489003523211,-74.00534053219289,40.7357907647317,Hudson Street & Perry Street
-74.08931961208822,40.63649681668626,-74.0881371880502,40.637397583277746,Brighton Avenue & Pine Street
-74.03523060009668,40.63617552364019,-74.03404820004995,40.637076276323725,Narrows Avenue & Mackay Place
-74.08979435412157,40.69617140977778,-74.08375641144005,40.70020716605113,Ocean Ave At Van Nostrand Ave
-74.17945836977431,40.72387998130171,-74.17761970438188,40.72495552089835,South St at Broad St
-74.07098634292977,40.72729929556126,-74.06971015364873,40.72873200419303,Jfk Blvd At Glenwood Ave
-74.0819227418976,40.71301946537714,-74.07996278472629,40.71467394403317,Bergen Ave At Virginia Ave
-74.1535280252144,40.786780182845575,-74.15222268025536,40.787927317063975,Washington Ave At Rutgers St
-74.15645195905648,40.74033035988504,-74.15507074570158,40.741494340160834,Frank E Rodgers Boulevard at Angelo Cifelli Drive
-73.97996947246372,40.61526633331006,-73.9776221987419,40.61737688042494,Bay Parkway & 60th Street
-73.96510501141748,40.693220622653634,-73.9628326889548,40.69412837744656,Myrtle Avenue & Grand Avenue
-74.06316835152704,40.77491321671661,-74.06105784217601,40.776527783159914,County Ave At Secaucus Rd
-73.96957655244458,40.59016205215653,-73.96818914607148,40.59122464779684,Avenue X & East 1st Street
-74.23118634846409,40.72556278704872,-74.22975148459291,40.726824307435045,New Street at Springfield Avenue
-73.94183063516553,40.68230383660664,-73.93991233143645,40.68330437642027,Halsey Street & Throop Avenue
-74.15043760245038,40.72150107301985,-74.14917519513111,40.72249492693933,Wilson Ave at Jabez St
-73.93737033423528,40.585327433312045,-73.93618886592583,40.58622816665169,Shore Parkway & Brown Street
-74.0942102140195,40.71048361621482,-74.09273088490096,40.71140248385696,West Side Ave At Stegman Pkwy
-74.02621970683839,40.63653554887913,-74.02438115258282,40.63857259230271,3rd Avenue & Senator Street
-74.11717639616644,40.63020091132869,-74.11585580782474,40.631290888649076,Broadway & Delafield Avenue
-74.00630656639301,40.72645377137283,-74.0045132676192,40.72957326948715,Houston Street
-74.30214947676394,40.55566953852358,-74.30084698652003,40.556879105424876,Woodbridge Center Mall
-73.9658426865797,40.62396848171273,-73.96413453373555,40.625691006990145,Avenue J & Coney Island Avenue
-73.95078108471495,40.5879078525902,-73.94842715021362,40.58939845097634,Ocean Avenue & Avenue Z
-74.17548935082691,40.77898685791924,-74.17399683901331,40.78043125802673,Branch Brook Park
-73.968486735639,40.62629990813113,-73.96490484618023,40.627623134365976,Avenue I & East 9th Street
-74.16963937831991,40.556270424868515,-74.16837761729707,40.55777987494612,Richmond Avenue & Barlow Avenue
-73.96782775820976,40.632985676454474,-73.96653393879471,40.63440982320896,Coney Island Avenue & Newkirk Avenue
-74.26211394087292,40.704740502426475,-74.26093025923956,40.705641297537774,Stuyvesant Avenue at Morrison Avenue
-74.23511128900576,40.665366302137244,-74.23392831111065,40.66626709782697,
-74.08693395709517,40.573527412059995,-74.08575264304324,40.57442818790401,Father Capodanno Boulevard & Jefferson Avenue
-74.12929701677474,40.715493317968246,-74.12811318335807,40.71639408199578,Njt Bus Complex - Doremus Ave
-74.07131980140971,40.714371607001574,-74.06924573808159,40.71547845942784,Grand St At Clinton Ave
-74.22254447862072,40.73698784952813,-74.22120582417655,40.73790084950705,18Th Ave At Columbia Ave
-74.02659383896413,40.618071923375595,-74.02541176118369,40.61897267658829,Fort Hamilton Parkway & 90th Street
-73.95505535255592,40.637719726977785,-73.95239425469737,40.63925220223519,Foster Avenue & Flatbush Avenue
-74.07840289837797,40.71629624203919,-74.0703441167639,40.72346029526064,Bergen Ave At Fairview Ave
-73.97448263959998,40.67370364152287,-73.96905482001844,40.6786526769262,7th Avenue
-74.00124055049677,40.60544567141318,-73.9997477535223,40.60639442884338,86th Street & 19th Avenue
-74.15220368930729,40.633566296994026,-74.15053123182277,40.63459052413748,
-74.1915410226297,40.7096301542042,-74.19018848051843,40.71071134581715,Frelinghuysen Ave at Toler Pl
-74.04014675140968,40.71500898128261,-74.03860594425367,40.71597251906858,Grand St At Warren St
-74.05310963889488,40.71959270626872,-74.05158875866871,40.72053119393334,Montgomery St At Brunswick St
-74.11876978759989,40.57641030835525,-74.11758841253372,40.5773110916088,Richmond Road & Steele Avenue
-73.93058273825129,40.66359810934526,-73.92892886126242,40.66451329068011,East New York Avenue & Montgomery Street
-74.16050710555537,40.536496274718196,-74.15779583592507,40.539322883263786,Richmond Avenue & Shirley Avenue
-73.94574486348333,40.66785853854849,-73.94456193667708,40.66875926141524,Brooklyn Avenue & Union Street
-73.94340801558567,40.604319043626965,-73.94216167902398,40.605910656224374,Nostrand Avenue & Avenue S
-73.94807826576375,40.67090763111295,-73.94662053035584,40.67201313180897,Saint Johns Place & New York Avenue
-74.16436014951843,40.76734470233587,-74.16314225504576,40.76879639757969,Broadway At Chester Ave
-74.211637406738,40.72242502397349,-74.20784867235129,40.72353918035833,Clinton Ave At South 12Th St
-73.93464414973297,40.66769561047892,-73.93048453407899,40.669656039675566,Eastern Parkway & Schenectady Avenue
-73.9230915896779,40.58969109230458,-73.92146789524713,40.59078803167163,Gerritsen Avenue & Cyrus Avenue
-73.99332353864907,40.7015869625368,-73.9913073595101,40.702946336557694,Front Street & York Street
-73.90771312329147,40.63014212134215,-73.90645317655492,40.63130357807093,East 80th Street & Avenue L
-74.16729913373892,40.77311831802549,-74.16611426638838,40.77401908193861,Mt Prospect Ave at Elwood Ave
-74.1042521306021,40.6848168555985,-74.10047390092329,40.68846446274352,Avenue C at 54th Street
-73.985786579141,40.578033425824025,-73.98460522101273,40.5789341741398,West 17th Street & Neptune Avenue
-74.13080753296767,40.64943971261835,-74.12962486716452,40.65034048734571,Ave C At W 4Th St
-74.08445825772326,40.63517812521385,-74.08296063989305,40.63633097474902,Victory Boulevard & Jersey Street
-74.00295993763203,40.572959123050936,-74.0017786625191,40.57385987691292,Surf Avenue & West 37th Street
-74.08724883781436,40.61676991540277,-74.08606676232424,40.61767068456121,Van Duzer Street & Roff Street
-74.02110257056445,40.63858612648863,-74.01925843062637,40.63974247208597,4th Avenue & 63rd Street
-74.1987271677534,40.77642441475111,-74.1975422323691,40.77732518521304,North Arlington Ave at North Maple Ave
-73.98409271267447,40.595117123135026,-73.98266414159477,40.59636378037745,86th Street & Avenue U
-73.9598445010105,40.684851025441105,-73.95851550104916,40.685884674560704,Classon Avenue & Gates Avenue
-73.90667929367524,40.65072423844081,-73.90541460498484,40.65198216119471,Rockaway Avenue & Avenue D
-74.26241817277797,40.5118049601176,-74.2611009290284,40.51274903933662,Rector Street at Washington Street
-73.93306452060155,40.62964024940108,-73.93186377738272,40.630825550519546,Kings Highway & Avenue I
-74.38640010932876,40.739386065810265,-74.38344624767814,40.74093957329025,Chatham
-74.06189220945863,40.724543364411204,-74.06061689478085,40.726035035419656,Mill Rd At Academy St
-74.03437703323934,40.616581205548826,-74.03272495689437,40.61821879491491,3rd Avenue & 95th Street
-74.02545508548572,40.62337262394287,-74.02427291466229,40.624273376021044,5th Avenue & 83rd Street
-74.04989172405368,40.74035732986149,-74.04870747609134,40.74125807010241,Ferry Street at Abbett Street
-74.17895933415241,40.725649577790364,-74.17642776344331,40.72755213873353,Broad St at Pennington St
-74.20408974889146,40.70655480869224,-74.20290605122989,40.70745559127194,Elizabeth Ave at Lehigh Ave
-74.12717174689071,40.797122675701424,-74.125856850696,40.79852132383966,Ridge Rd at Canterbury Ave
-73.94404315901527,40.59759059572825,-73.94072268124096,40.60133983719933,Nostrand Avenue & Avenue V
-73.99175618159205,40.70286263475921,-73.9905726185616,40.70376336520462,Water Street & Main Street
-74.13467337976279,40.73379241875841,-74.13348922036928,40.73469318120563,Raymond Blvd At Waydell St
-74.09322627002044,40.711312214016424,-74.09168962921228,40.71222918603655,West Side Ave At Audubon Ave
-73.98244366806377,40.627121173481754,-73.9806492285176,40.628970172042955,18th Avenue & 50th Street
-74.05629453524395,40.748343236126956,-74.05441595880878,40.74984056395525,Jfk Blvd At Lincoln St
-73.91730845020992,40.63299054000093,-73.9161261499546,40.63389125996276,Flatlands Avenue & East 76th Street
-74.04404981314983,40.754989734042724,-74.0426789563434,40.75655191118166,Central Avenue at 5th Street
-74.04845805829711,40.754192268413654,-74.04679814064505,40.75537393113122,Jfk Blvd At Poplar St
-74.00074391716592,40.66146063027822,-73.99956108298608,40.66236136968563,3rd Avenue & 25th Street
-73.95707671909784,40.69405439285697,-73.95546908532184,40.695029907580164,Myrtle Avenue & Bedford Avenue
-73.9637858479421,40.6738662589473,-73.96233594825576,40.67504214113526,Washington Avenue & Sterling Place
-73.99595627008297,40.5722916018091,-73.99455773264629,40.57339249822687,Surf Avenue & West 29th Street
-73.9390181070293,40.66183481917394,-73.93671489414959,40.663243593723024,Troy Avenue & East New York Avenue
-74.02843694846969,40.61611956714427,-74.02642754702232,40.617677536404805,92nd Street & Fort Hamilton Parkway
-73.95706051660406,40.696245339137185,-73.95587708355481,40.697146060826555,Bedford Avenue & Park Avenue
-74.16686756143514,40.55982259495432,-74.16552684068529,40.56086830505199,Arthur Kill Road & Ridgewood Avenue
-73.94764746143113,40.599438815930725,-73.94459764829773,40.600597307950885,Avenue U & Bedford Avenue
-74.12238978858389,40.66721121502058,-74.12120681154967,40.66811198494347,Jfk Blvd At W 25Th St
-74.41884418153279,40.50080156029943,-74.4169682204979,40.50175784005517,Woodbridge Ave at S 11th Ave
-73.99522392207385,40.68475993286235,-73.99404067807917,40.685660667101494,Court Street & Kane Street
-73.9750892572935,40.587140828036965,-73.97390774286191,40.58804157192684,Shell Road & Avenue Y
-74.1493892455822,40.76326785230071,-74.14756850826727,40.76535138771229,Kearny Avenue at Liberty Street
-74.46655248497618,40.51412176962644,-74.46537211510454,40.51502263033807,Stadium West Lot
-74.06790041044606,40.72628530451007,-74.06668429453508,40.727779795405276,Bergen Ave At Highland Ave
-74.0044671020036,40.58024772341435,-74.00328569814734,40.581148476549515,West 37th Street & Bayview Avenue
-74.38338460828314,40.44922557113647,-74.38220539180989,40.45012642882798,Main St. 137' W. Of Gordon St.
-74.0587495892949,40.60045121776152,-74.05756781084794,40.60135198220243,Battery Road & Air Force Reserve
-74.13176022946062,40.599546278507944,-74.13033837323145,40.600660521526805,Bradley Avenue & Portage Avenue
-74.12425752753153,40.656955991700734,-74.12307447016435,40.65812430824367,Broadway At 14Th St
-74.14507031805968,40.77173512049823,-74.14388548207101,40.77263587946583,Kearny Avenue at Locust Avenue
-73.9544347117092,40.673405445681645,-73.95227248788628,40.6746914526203,Bedford Avenue & Prospect Place
-74.19319438430274,40.721529611923906,-74.19124081511951,40.72245188813779,Clinton Ave At Hillside Ave
-74.09922945631945,40.57464728699694,-74.09777724850967,40.57586431311967,Midland Avenue & Mason Avenue
-74.1717635456069,40.638829207004925,-74.170581054519,40.63972999295918,Holand Avenue & Benjamin Place
-74.19175261858038,40.75481753343831,-74.19033047859773,40.75593796659434,Roseville Ave at 7th Ave W
-74.17150750875676,40.45030118362905,-74.16921659860323,40.45203941630594,Front Street at Pine Street
-74.1524430158605,40.74882871784133,-74.15125858426894,40.749729482122746,Davis Avenue at William Street
-74.16994558976792,40.758473565683666,-74.1686718157469,40.759602234158166,Broadway At 3Rd Ave
-74.20705819228164,40.541285695438035,-74.2058774078384,40.542186504526164,Woodrow Road & Foster Road
-73.94560407729975,40.66942533869151,-73.94442112286072,40.670326061272235,Brooklyn Avenue & Eastern Parkway
-74.07242737189227,40.5982128158278,-74.0712456282485,40.59911358413615,Sands Lane & Hylan Boulevard
-74.20302655065751,40.72141262908267,-74.20135394655836,40.72237347125752,Clinton Ave At Seymour Ave
-74.16982707737573,40.437425291476764,-74.16864812274943,40.438326108487416,Route 36 & Seagate
-74.23731770701468,40.54201808896767,-74.23564048874599,40.54300661153857,Arthur Kill Road & Clay Pit Road
-74.02833277860745,40.74693073322635,-74.02714842154091,40.74783146673753,Washington Street at 9th Street
-74.07787636142076,40.61962451680926,-74.0766942387193,40.6205252831547,Vanderbilt Avenue & Tompkins Avenue
-74.01568538333927,40.674495622827486,-74.01388580826621,40.676548025150026,Beard Street & Van Brunt Street
-73.99847326309803,40.67802273188666,-73.9972901370544,40.67892346807716,Court Street & 3rd Place
-74.14369304095506,40.774336720864056,-74.14250815917585,40.775237479099985,Kearny Avenue at Laurel Avenue
-74.3255894058546,40.472588078098006,-74.32440979424725,40.47348892186637,
-74.08115311472946,40.63694911774957,-74.07997068541022,40.637849882214404,Victory Boulevard & Brook Street
-74.04548672573321,40.75190593134269,-74.04430227441256,40.75280666862121,Central Avenue at North Street
-74.24864618487432,40.744111871499,-74.24681592152467,40.74516802942565,South Orange Ave at University Ct
-73.99736880471765,40.63746162886541,-73.99618639543473,40.63836237109842,49th Street & 11th Avenue
-74.19907993887112,40.720576023482934,-74.19750245817255,40.72152817680517,Clinton Ave At Peshine Ave
-74.03784155748566,40.73308403087746,-74.03665744266117,40.73398476908643,18th Street at Marin Boulevard
-74.17254701224203,40.66901460927755,-74.17136398788392,40.669915390686576,Ikea Dr 2000'n of North Ave
-74.0111393556816,40.64443684956547,-74.00888700125223,40.6464997381169,5th Avenue & 50th Street
-74.09005801286398,40.629677834870314,-74.08839222918894,40.631027124871785,Victory Boulevard & Forest Avenue
-74.00080378970435,40.61506646913115,-73.9990714165176,40.61650193111579,Bay Ridge Parkway & New Utrecht Avenue
-74.14982400014797,40.79505353623572,-74.14857329914034,40.79617556305723,Washington Ave At Division Ave
-74.07326483167897,40.619619443689636,-74.07019611089582,40.62328775917684,Clifton
-73.99294305468642,40.603040340639325,-73.99112454446768,40.60427985857117,Bay Parkway & 83rd Street
-73.9540247971163,40.67522082296554,-73.9520570470771,40.6778719441674,Bergen Street & Bedford Avenue
-73.99357975564894,40.59156001467235,-73.99162560083484,40.593424953174114,Cropsey Avenue & 25th Avenue
-74.1424659038264,40.62797352724373,-74.1412439955499,40.629106572533765,Port Richmond Avenue & Orange Avenue
-74.13361348686804,40.596681929803246,-74.13201841421433,40.59775506931658,Brielle Avenue & Roanoke Street
-74.05184319349065,40.75272397721568,-74.05046321059312,40.75364502284868,Jfk Blvd At Congress St
-74.26673150492451,40.518998087428216,-74.26555109518642,40.51989891253606,Hall Ave. at Charles St.
-74.01999129430045,40.635821725651454,-74.01880890584849,40.63672247431242,5th Avenue & 66th Street
-74.17539263678472,40.73952211447245,-74.17420836334118,40.74042288549166,University Ave At Warren St
-74.1333092747692,40.78885068375504,-74.13209342658025,40.789998516142695,Ridge Rd at Arlington Blvd
-73.92234940555555,40.661999079465666,-73.91973763173696,40.66337270388074,East 98th Street & Winthrop Street
-74.07542341292468,40.77983407975346,-74.07423578624415,40.78085122019947,Secaucus Rd At Hartz Way
-74.06506898102593,40.7230529934992,-74.06363824767189,40.72441948510534,Baldwin Ave At Montgomery St
-74.12162976796235,40.608211210496414,-74.120447832171,40.60911198946763,Manor Road & Schmidts Lane
-74.0971295624796,40.70766011511209,-74.09582493707008,40.708628884723154,West Side Ave At Van Nostrand Ave
-74.085125800758,40.708883022471866,-74.08383469870405,40.709843377367775,Bergen Ave At Wilkinson Ave
-74.0025280419585,40.649294350340526,-74.0008883624949,40.650597249773334,39th Street & 6th Avenue
-74.07115660517344,40.585913350686326,-74.06915299107924,40.587359948862854,Father Capodanno Boulevard & Winfield Street
-74.22926502134928,40.590124978241796,-74.22739618350622,40.59114992253158,Roosevelt Avenue at Harrison Avenue
-74.03847148667691,40.758910332815724,-74.03728691346998,40.75981106714816,Bergenline Ave at 12th Street
-73.94641694681873,40.64330543653007,-73.94523445334141,40.64420616343367,New York Avenue & Clarendon Road
-74.034059330099,40.74134833202602,-74.03287507004845,40.74224906793784,Willow Avenue at 4th Street
-74.01643467176818,40.71357935351284,-74.01408879102169,40.715185484266044,Vesey Street & North End Avenue
-74.1023410930621,40.56595800954856,-74.10115990707392,40.56685879041547,New Dorp Lane & Finley Avenue
-74.15390106193398,40.75718630063394,-74.15196493847678,40.758692103948896,Kearny Avenue at Boyd Street
-74.10496258641163,40.68007001791127,-74.10326561143383,40.68131218179116,Broadway At 47Th St
-73.92393133815611,40.608393926447675,-73.92012849749216,40.61064399923304,Flatbush Avenue & Avenue U
-74.04940501535069,40.75310328350917,-74.04816628332134,40.75431011626313,Jfk Blvd At North St
-74.16275988807483,40.59507860806502,-74.16118881468883,40.5960682905024,Richmond Avenue & Rockland Avenue
-74.08529190758753,40.61337631538335,-74.08410989255137,40.614277084580635,Targee Street & Sobel Court
-73.98855834702997,40.63110282958874,-73.98737605312371,40.632003570375076,50th Street & 15th Avenue
-74.09360472308414,40.57172965067572,-74.0923978772657,40.57279064902161,Midland Avenue & Olympia Boulevard
-74.07160478237982,40.610773616915374,-74.07042281776114,40.611674383048594,Tompkins Avenue & Hylan Boulevard
-74.02858244844465,40.619108023190584,-74.02740035170288,40.62000877677334,5th Avenue & 89th Street
-74.0224124104153,40.63729636414023,-74.02062839065876,40.63843733459547,4th Avenue & 65th Street
-73.92138972118045,40.61054881560542,-73.91988328239297,40.611495684650556,Avenue U & East 54th Street
-74.23373593010969,40.506193482742965,-74.23237416568959,40.507329717302994,Hylan Boulevard & Bedell Avenue
-74.18308846924421,40.72049051211352,-74.1819045308804,40.721391287850615,Pennsylvania Ave at Emmet St
-74.11018067010474,40.68404229028906,-74.1089368304394,40.685208309392515,Jfk Blvd At 48Th St
-74.13147882610978,40.59192510803871,-74.13029717402198,40.59282589192535,Seaview Hospital & Park Lane
-73.99980450278878,40.60357942153228,-73.99657528890506,40.605570234517664,20th Avenue
-73.97707088670563,40.61495766259834,-73.9758649143002,40.61606393731065,60th Street & 23rd Avenue
-74.04909874873445,40.736889491592365,-74.04788735217298,40.73799890829834,Palisade Avenue at Prospect Street
-73.94959123547875,40.585566135472085,-73.94827596137665,40.587031364117436,Ocean Avenue & Voorhies Avenue
-73.96774833396465,40.692873644189184,-73.96587106808308,40.693828056176606,Myrtle Avenue & Washington Avenue
-74.15895777009943,40.745735649902024,-74.15743823107124,40.74677644934954,Harrison Avenue at 3rd Street
-73.96033444563047,40.665525436264346,-73.95915155452772,40.6664261636994,Franklin Avenue & Montgomery Street
-74.41478369618206,40.500802310773174,-74.41303640878326,40.50181408989061,Woodbridge Ave at Columbia St
-74.11511758835232,40.67165080750392,-74.11389671369922,40.6728697923957,Avenue C at 32nd Street
-74.15211311696054,40.76765660086881,-74.1508686818595,40.7688635988651,Belgrove Drive at Quincy Avenue
-74.17034755140041,40.67348300987799,-74.16916444872591,40.67438379008613,Ikea Drive at IKEA
-74.08041041572594,40.7146435698413,-74.0791168846244,40.71562043009802,Bergen Ave At Boyd Ave
-74.1635587702075,40.6063379127475,-74.1606213743484,40.60800439016451,Victory Boulevard & Richmond Avenue
-74.25989528220856,40.74463515176256,-74.25842661859092,40.74554774829325,Valley St at 1st St
-74.1817334764853,40.74839717249498,-74.18044482660046,40.749427527460455,NORFOLK ST + ORANGE ST
-74.1506888173293,40.79318333648479,-74.14941918339869,40.794398563094035,Washington Ave At Joralemon St
-73.93905368025071,40.583595115065734,-73.937656219504,40.584500584915446,Emmons Avenue & Nostrand Avenue
-74.07957790891487,40.71551462409677,-74.07839409122546,40.71641537586721,Bergen Ave At Union St
-73.98806162613526,40.62135708542697,-73.98648355757295,40.622701408607,18th Avenue & 60th Street
-73.94188095196427,40.67795423989992,-73.94069784819682,40.67885496006381,Kingston Avenue & Atlantic Avenue
-74.16753128242895,40.63946922276829,-74.16439193115426,40.640929048457814,Richmond Terrace & South Avenue
-73.9488346619547,40.62129982989912,-73.94494270638359,40.622465893296564,Nostrand Avenue & Avenue L
-74.26639958144719,40.50735610466721,-74.2648838210483,40.50851939531654,High Street at Smith Street
-74.36286525416098,40.73868749555051,-74.3616809459363,40.73958830441384,Short Hills Mall
-74.22731286404418,40.653728132619385,-74.2257630419686,40.65505936759274,South Elmora Ave at Fay Ave
-73.97941915995057,40.66989450196383,-73.97769693802573,40.67114329767318,7th Avenue & 3rd Street
-74.0892016989241,40.646340317471164,-74.08801910121436,40.64724108249283,Richmond Terrace & Jersey Street
-74.08157536593303,40.64682231202125,-74.08034473385322,40.647933487571336,Richmond Terrace & Nicholas Street
-73.9212800008556,40.61882865747898,-73.91992109786504,40.619868342475584,Avenue N & East 56th Street
-74.03871501833066,40.75120383218023,-74.03753058181613,40.75210456778366,South Wing Viaduct at Paterson Plank Road
