min_x,min_y,max_x,max_y,name
44.797949129962085,41.69728993299059,44.79922627109181,41.698507466661326,პირველი კლასიკური გიმნაზია
44.74812990920562,41.82532075722248,44.74933409083451,41.826221442742025,"ავჭალის ქუჩა #78"
44.800822079517054,41.77027447678292,44.802288218317024,41.77124982232824,მარიამ გარიყულის ქუჩა
44.74614867747727,41.71307568616385,44.74911012547923,41.71408941460949,ილიას სახელმწიფო უნივერსიტეტი
44.761201607925656,41.718370848370085,44.762403792112224,41.719271551594446,"ზაზა ფანასკერტელ-ციციშვილის ქუჩა #17"
44.687669893332966,41.69886284961546,44.68887170671657,41.69976355034902,"იოსებ გრიშაშვილის ქუჩა #49"
44.86480509043568,41.69839364414432,44.8660069095857,41.69929435582026,"ვარკეთილი, მეორე რიგი"
44.80826967603328,41.81294186096453,44.80957352630531,41.813857638417204,"#53-ე საბავშვო ბაგა-ბაღი"
44.82637786357234,41.821584344796676,44.827617340651095,41.822985355110035,"გრიგოლ ორბელიანის ქუჩა #38"
44.78460193552296,41.715304447400335,44.785804064511204,41.71620515256422,მერაბ ალექსიძის ქუჩა
44.88129643559118,41.69091389901745,44.88297966594087,41.69210610062991,"ლევან მაჭავარიანის ქუჩა #11"
44.731993074329445,41.73208415385528,44.733266322212295,41.73309474605173,"კონსტანტინე კაპანელის ქუჩა #14"
44.79658214303577,41.715531471856174,44.797859658702166,41.71679052787441,გია ყანჩელის ქუჩა
44.768947751273664,41.75195761277286,44.77028545515681,41.75367528698281,გარემოს დაცვისა და სოფლის მეურნეობის სამინისტრო
44.83922327920647,41.72066419061781,44.8405047203367,41.721611809262626,"მახათას მთა # 6 კორპუსი"
44.78032124044689,41.810119997559994,44.78157475994297,41.811230001939414,გურამ ნიჟარაძის ქუჩა
44.767589253394384,41.825295878616245,44.76890444723866,41.826257421191855,გრიგოლ ხანძთელის ქუჩა
44.83340087717015,41.807035153338305,44.834604722856355,41.807935846626236,გლდანის VII მ/რ კორპ. 24
44.82668647228399,41.82574404786441,44.82815853347615,41.82698695226907,"26 მაისის ქუჩა #148"
44.88359179445541,41.67736977361712,44.88567370338381,41.67874572548422,"გრიგოლ ლორთქიფანიძის ქუჩა #76"
44.80909329012914,41.734669093532844,44.810447413380494,41.73557680646645,იაკინთე ელისაშვილის ქუჩა
44.81590370357329,41.72979341545043,44.81717509770161,41.73072378430416,
44.91641926777021,41.68572843714334,44.91770873347542,41.686703562832356,ბაქანი ორხევი
44.825007387326266,41.77552241178993,44.82631561131446,41.77651158818924,მონადირის ქუჩა
44.769617308723184,41.747734560319266,44.77113829790694,41.74905213987754,იასამნის ქუჩა
44.780511382554096,41.77458365218465,44.781714617480795,41.775484347779866,"აკაკი ბელიაშვილის ქუჩა #115"
44.786157018085916,41.70083210223982,44.78736758231965,41.70183349759869,კოტე მაყაშვილის ქუჩა
44.806672611899685,41.70138906062089,44.80804429181689,41.702301439407336,წმინდა ნიკოლოზის ქუჩა
44.71082615836158,41.7199981223212,44.71229434078325,41.72107087750373,"ანა პოლიტკოვსკაიას ქუჩა #10"
44.776018487977666,41.684594840731776,44.77745851120724,41.685607158829946,"ოქროყანა, თბილისის ქუჩა #3"
44.79583703976232,41.714803047037826,44.79703916027005,41.715703752926736,"მიხეილ წინამძღვრიშვილის ქუჩა #130"
44.807888696352634,41.794388252970286,44.80909230367792,41.79528894699423,"ქერჩის ქუჩა #18"
44.797453868000005,41.82949865601471,44.79865813203227,41.830399343949836,"ავჭალა 2-ის დასახლება, ერეკლე II-ის ქუჩა"
44.85751531763631,41.7812556508,44.85871868238631,41.782156349164566,მუხიანი II დას. ტაძრის ქ. N18
44.85994091215469,41.68532704320844,44.86114248786746,41.686227756756125,"კახეთის გზატკეცილი #3ა"
44.756506682432814,41.76459705174672,44.757922318766056,41.7655099483034,"დავით აღმაშენებლის ქუჩა #9"
44.84468607695992,41.81164938819583,44.846091924948006,41.81261461112279,ნუგზარ კალანდაძის ქუჩა
44.79997273667574,41.79300829367074,44.80157326229724,41.79414670600086,"დავით სარაჯიშვილის ქუჩა #11"
44.782446731189275,41.734327716111935,44.783866867398466,41.73574498282199,ეროვნული სკრინინგ ცენტრი
44.865884471321486,41.690346046829156,44.86724822956014,41.691253953185516,ლიზა ნაკაშიძე ბოლქვაძის ქუჩა
44.817474562295544,41.700578436426746,44.818840714032014,41.701914719350455,შილდის ქუჩა
44.813611016647414,41.69984229693487,44.81481508298106,41.70080410297525,კუმისის ქუჩა
44.71932175760701,41.84847641544088,44.720674542878655,41.8497599836705,
44.71146372387106,41.738370651741704,44.71266627617478,41.73927134822279,"ავთო ვარაზის ქუჩა #89"
44.83312539095488,41.784183651546925,44.834328809071636,41.78508434841763,"ნოდარ დუმბაძის გამზირი კორპუსი #9"
44.77252804379658,41.703438443650356,44.773999855047805,41.70435495641999,"მარაბდის ქუჩა #20-22 (მოპირდაპირედ)"
44.84749772187609,41.81251441193923,44.84883527647505,41.81342158806968,ხუდია ბორჩალოელის ქუჩა
44.778998738232325,41.70482735758018,44.781780632625455,41.70664071054079,ვასილ პეტრიაშვილის ქუჩა
44.720043074779475,41.733955019797584,44.72146571659113,41.735349480303746,ლეო და ნოდარ გაბუნიების ქუჩა
44.78560247583931,41.706256734508344,44.78766424135663,41.70732069902969,ფილარმონია
44.81757700611186,41.793309352636804,44.81878059391714,41.794210047327724,ანგია ბოჭორიშვილის ქუჩა
44.763115567621824,41.718485893425964,44.76468073681475,41.71944670692362,"ზაზა ფანასკერტელ-ციციშვილის ქუჩა #6"
44.72082972983277,41.87671623818118,44.722206869986444,41.87761916179581,
44.71374348889476,41.84013922110013,44.71495971274101,41.84125297883992,
44.87367783693544,41.704117144435635,44.87487976308453,41.70501785552893,"ვარკეთილის III ა მ/რ რაფიელ დვალის # 3"
44.8776265405241,41.697489885156166,44.879129150313275,41.6989601150765,"საქართველოს ერთიანობისთვის მებრძოლთა ქუჩა #20ა"
44.797999051085114,41.71357904688137,44.79920114894691,41.71447975308316,ივანე ჯავახიშვილის ქუჩა
44.772016003852535,41.688894391176525,44.77319550033023,41.6898494084587,ოქროყანა ბესიკის ქუჩა
44.89774149512632,41.669514806599345,44.90260799623913,41.67190213214955,რკინიგზის მახარისხებელი
44.73619457899961,41.72159844948577,44.73739682104225,41.722499150478754,"პეტრე ქავთარაძის ქუჩა #19"
44.752387910068514,41.76660699177536,44.753599088661915,41.76768000816789,ვაკე-საბურთალოს პოლიციის მეექვსე განყოფილება
44.779574161800596,41.760672450601135,44.78101014500443,41.761950949501575,"დიღმის მასივი III კვარტალი #20"
44.769076124365874,41.7380233496621,44.77027867567078,41.73892405030244,"იური გაგარინის ქუჩა #24"
44.704535972695815,41.721085975759934,44.70579672383343,41.7220866241248,სოხუმის სახელმწიფო უნივერსიტეტი
44.71499244838214,41.73768743617974,44.71626755332172,41.738657563785736,"ავთო ვარაზის ქუჩა #30"
44.806574049305134,41.77912242235144,44.80803095491136,41.78029057773723,"აბაის ქუჩა #7"
44.85318842018067,41.70597144496445,44.854390379842556,41.70687215500012,"მარშალ იოზეფ პილსუდსკის გამზირი #18"
44.80124804426176,41.71429864684873,44.80245015576975,41.7151993531158,დავით კლდიაშვილის ქუჩა
44.83414534640524,41.77824865105682,44.83534865362111,41.779149348907744,ვახტანგ ფირცხალავას ქ. N39
44.76878509664345,41.80520675495595,44.76998890339336,41.8061074450086,დავით აღმაშენებლის ხეივანი მე-13 კილომეტრი
44.854961210530234,41.69580208074288,44.85620188921754,41.69689461888574,საბაგირო გზა სამგორი - ვაზისუბანი
44.73208724868423,41.72994638134298,44.73330135136989,41.730964218546625,"ჩხიკვაძის ქუჩა კორპ. #5"
44.81658272028264,41.81460312024324,44.8177862766518,41.81546887948714,"#186-ე ბაგა-ბაღი"
44.87353324758412,41.692231143503456,44.874734952435865,41.693131856461115,დავით მაისურაძის ქუჩა
44.77030795098149,41.82075665613117,44.771512049055104,41.821657343833365,"დავით აღმაშენებლის ხეივანი #225"
44.81664390178658,41.67665634763199,44.817913096729896,41.67755565232403,"ორთაჭალის ქუჩა #56"
44.81566419115019,41.74139384860126,44.81686680887906,41.74229455136327,"დავით იოსელიანის #204"
44.8326361945514,41.77969324717294,44.83420980764869,41.780703751693636,გიორგი ავალიშვილის ქუჩა
44.83902093296677,41.80591425590474,44.84065007048425,41.806872744448164,ზურა მირაქიშვილის ქუჩა
44.803242822681206,41.70972916234036,44.805424087520834,41.71124758114921,გიორგი ჩიტაიას მოედანი
44.85287314998337,41.696223270739225,44.854086849988576,41.6972408291381,"ნიკო მუსხელიშვილის ქუჩა #8"
44.86894282664514,41.68917049229226,44.871399680366,41.69146730477652,მ/ს ვარკეთილი
44.784672060723125,41.7018616463411,44.785873939310996,41.702762353623434,ივანე კერესელიძის ქუჩა
44.73192144035,41.73311199671194,44.73331815611468,41.73421860333216,"კონსტანტინე კაპანელის ქუჩა #13"
44.76952844410385,41.79744673255408,44.771673364642425,41.799162267701625,გრიგოლ ფერაძის ქუჩა
44.89939861409736,41.68332766858498,44.900656388865634,41.68421233126498,პოლიციის ქუჩა
44.71073865638964,41.83896221365956,44.71194994466314,41.84000868628838,
44.82281018440735,41.79538839960719,44.82409881562709,41.79634560031841,მე-100 საბავშვო ბაღი
44.82741998490563,41.78484965173195,44.8286234151218,41.78575034823258,"ნოდარ დუმბაძის გამზირი კორპუსი #18"
44.83543993590479,41.77936785111555,44.83664326412136,41.78026854884898,"მუხიანის IVბ მ/რ კორპუსი #42"
44.793777620166935,41.81903584422461,44.79530113662572,41.820085700645734,"#118-ე საჯარო სკოლა"
44.68707038782652,41.68871324884307,44.68827201222308,41.689613951121416,"გურამიშვილის ქუჩა #31"
44.78795960984542,41.75315074888316,44.78976218508356,41.75454015116152,გვაზაურის ქუჩა
44.896976538053956,41.712246573437774,44.89833336337199,41.713155926585664,"პატარა ლილო ალექსანდრე ყაზბეგის ქუჩა #6"
44.893866389224996,41.67195742477034,44.89517861371665,41.67285657517695,გადასასვლელი ხიდი
44.720685155239615,41.726942639306664,44.72212584635138,41.72786036077598,"ერმილე ბედიას ქუჩა #10"
44.811563820448654,41.718445803847864,44.81306527967354,41.71951159581266,"#220-ე საჯარო სკოლა"
44.751159726318704,41.82347925697358,44.752363873720945,41.82437994299093,"თავისუფლების ქუჩა #70"
44.77120199967024,41.72663448780793,44.77318357611567,41.728497585862364,ანა კალანდაძის ქუჩა
44.793699251271995,41.74666893331294,44.79510634567122,41.74758836677377,
44.75008508338042,41.72886956443565,44.7512893175912,41.72985423530795,მიხეილ ასათიანის ქუჩა
44.75249483825436,41.72588784925157,44.75369716178492,41.72678855071294,სამედიცინო უნივერსიტეტი
44.76532222327883,41.68337890956447,44.766545776735505,41.68443489023789,ოქროყანა მირზა გელოვანის ქუჩა
44.779258258984136,41.77956402969193,44.78073543911262,41.78055296948798,"ნოდარ ბოხუას ქუჩა #4"
44.77667292319085,41.69011958358742,44.77800817712981,41.69109821623794,ფუნიკულიორის ქუჩა
44.767624564680375,41.70151174683679,44.768826435356466,41.70241245312774,"შატბერაშვილის ქუჩა #72"
44.88614982111392,41.687576405177,44.88733097717009,41.68851769445975,"კალოუბნის ქუჩა #38"
44.7692864026676,41.686058083319274,44.770470295777415,41.68699531639444,"ოქროყანა, თბილისის ქუჩა #29"
44.81515512191564,41.78093395172422,44.816358478113756,41.781834648240306,ზღვის უბანი III მ/რ IV კვარტალი
44.81569458466008,41.77709555848299,44.817023914426606,41.77805804125401,ზღვის უბნის პარკი
44.75469975007895,41.72460864907647,44.75590204995999,41.72550935088806,ვასო გოძიაშვილის ბაღი
44.759070571166205,41.722325348751184,44.76027282887202,41.72322605121335,საირმის ქ. კორპ. N6
44.69715627445204,41.837478261728926,44.70301078691406,41.8391576329012,მცხეთა
44.71973339395713,41.773661654194854,44.720936606087456,41.77456234576963,"გაბრიელ ათონელის ქუჩა #8"
44.87980270042909,41.70186152052494,44.88252813051148,41.7033756916774,ილია სუხიშვილის მოედანი
44.72536718889429,41.742043051493496,44.72656981114934,41.74294374847101,"ლეო კვაჭაძის ქუჩა #13"
44.77347712222962,41.72742587264453,44.774685378430206,41.72843862730334,"ლევან გოთუას ქუჩა #3"
44.7721933045611,41.68571384856607,44.773499199115534,41.68660795133866,"ოქროყანა, თბილისის ქუჩა #28"
44.8878578077646,41.68572964275844,44.88905939225313,41.68663035720612,შუამთის ქუჩა
44.83278138758736,41.805924253265076,44.83398521243924,41.80682494669948,ბროწეულის მოედანი
44.786282533468835,41.72190345187924,44.78774852796039,41.72319228284775,მუშტაიდი
44.77419114832254,41.771606000659816,44.77553375389762,41.77263599933979,ესმა ონიანის ქუჩა
44.78004401037779,41.81437165532872,44.78124798965723,41.81527234463578,"გრიგოლ ფერაძის ქუჩა #46გ"
44.76052998941317,41.76214175627303,44.76177901279056,41.76309824364591,"დავით აღმაშენებლის ქუჩა #30"
44.79125117248232,41.71632403286971,44.792491224883236,41.71758736702082,"#24-ე საჯარო სკოლა"
44.892652177365086,41.68998565000988,44.893856826259764,41.69128034992363,"მიხეილ გახოკიძის ქუჩა #10"
44.87615378693411,41.70755806259586,44.87753240650526,41.70879103742576,რაფიელ დვალის ქუჩა
44.87905649159531,41.707419094381876,44.88040610312145,41.70856370560388,"#180-ე საჯარო სკოლა"
44.72800264217757,41.825025379919985,44.73019895763474,41.82593372007734,
44.724913421930154,41.770639653759844,44.726116578113604,41.771540346204645,"დავით სარაჯიშვილის ქუჩა #96"
44.71007082670027,41.72421520303077,44.711876472078494,41.72514739713929,სამთო ინსტიტუტი
44.80283414865664,41.79950565350769,44.80403785137473,41.80040634645684,"რომან ჭელიძის ქუჩა #25"
44.78041167840006,41.80799480748817,44.78163732061059,41.809037192040265,ეგრისის ქუჩა
44.75011742610337,41.736852167332984,44.751707573258166,41.73776583271474,"მუხრან მაჭავარიანის ქუჩა #4"
44.74097814944277,41.71885573283633,44.7421946466126,41.719834466926116,"უნივერსიტეტის ქუჩა #2"
44.7702608178123,41.80485429031087,44.77228598360183,41.80604720788739,დავით აღმაშენებლის ხეივანი 13-ე კილომეტრი
44.81937658634682,41.795415852757756,44.82058021368191,41.796316547206764,ალექსანდრე ჯავახიშვილის ქუჩა
44.77599931185777,41.798274916898436,44.77736749052331,41.79918628313525,"#208-ე საბავშვო ბაღი"
44.906320098329346,41.74809868207585,44.90769634196182,41.749864076631354,პატარა ლილო ცოტნე დადიანის ქუჩა
44.82669132984876,41.781225157754506,44.82862562601005,41.782961564142184,ავეტიკ ისააკიანის ქუჩა
44.78950182300555,41.82388053471942,44.79076517493395,41.82478946484962,ჭრებალოს ქუჩა
44.88166334263207,41.703486144252395,44.88286525738664,41.7043868557122,ვარკეთილი 3 II მ/რ
44.719146730157654,41.72513300934239,44.72035756981611,41.72613369056038,საცხოვრებელი კომპლექსი შატილი
44.73411109369085,41.726640323377985,44.735674602139404,41.7275981769556,ირაკლი გამრეკელის ქუჩა
44.79398373234552,41.68733282268637,44.795381964790984,41.68842017734359,"მარო მაყაშვილის აღმართი #3"
44.79332438505302,41.69330724704248,44.79459761157372,41.69431585286804,შიო ჩიტაძის ქუჩა
44.71678913159248,41.71958418050566,44.71906992776125,41.72122817599849,სპეციალური პენიტენციური სამსახური
44.77221682272495,41.79797459728486,44.7735752788424,41.79900060269873,"გრიგოლ ფერაძის ქუჩა #3"
44.813249610738865,41.697567003339834,44.81465759105709,41.69863069664087,სამრეკლოს ქუჩა
44.823066277236215,41.80634334961777,44.82491061897116,41.807333750946555,"#115-ე საჯარო სკოლა"
44.87021016860164,41.68062742019305,44.871656135427976,41.682253479066716,გრიგოლ ლორთქიფანიძის ქუჩა
44.8068291908396,41.70435381764828,44.80807180672674,41.70524538182446,"მიხეილ ბუხაიძის ქუჩა #5"
44.8076602182622,41.70337474482698,44.80921548189852,41.70445525467194,ალექსანდრე ციმაკურიძის ქუჩა
44.841975115418215,41.6957756443967,44.843176884606805,41.696676355567874,"ყვარლის ქუჩა #98"
44.80928714694858,41.73080038560725,44.81068275148302,41.73171401444493,
44.816659385381485,41.70837392442209,44.81784261614566,41.709294075350805,ახუთის ქუჩა
44.812591558497736,41.81544964425017,44.81398084170347,41.81646435558836,"26 მაისის ქუჩა #35"
44.75551063761416,41.7107830727151,44.75734896079257,41.71179564271379,ნიკოლოზ ყიფშიძის ქუჩა
44.76784256986066,41.76218975441,44.76954903426606,41.763490845607784,ევგენი მიქელაძის ქუჩა
44.78555967698624,41.82448386830301,44.78687342917512,41.825647131585825,"#120-ე საჯარო სკოლა"
44.80021185595891,41.830772656038896,44.801416144072924,41.83167334392564,"ავჭალა 2-ის დასახლება, სვანეთის II შესახვევი"
44.8478471469962,41.70310744484855,44.84904905302789,41.70400815511602,ვაზისუბნის პოლიცია
44.7544276218807,41.72931313284417,44.75563977806297,41.730322267054724,"#203-ე საჯარო სკოლა"
44.83847638818401,41.76306014976499,44.83967941184163,41.76396085019956,"ნუგზარ შანავას ქუჩა #26"
44.87790051520105,41.67422959247871,44.879987584280975,41.67514720759436,"მოსკოვის გამზირი #38"
44.78847358161383,41.71999410657842,44.789992618845986,41.72105009291593,მუსკომედიისა და დრამის თეატრი
44.80520487734552,41.71666098520997,44.80705742460887,41.71761081509915,"ცხრა ძმა ხერხეულიძის ქუჩა #25"
44.8089516237091,41.71357962093853,44.81041077811483,41.71450087916713,როსტოვის ქუჩა
44.79940954061029,41.692273440301356,44.80270769720602,41.69572203436824,თავისუფლების მოედანი
44.720095307380994,41.731914031515906,44.72373471440358,41.7337262107883,ნუცუბიძის პლატო V მ/რ-ის გადასახვევი
44.88920866606793,41.67652192131509,44.890542335262225,41.67752907866246,"გრიგოლ ლორთქიფანიძის ქუჩა #98"
44.78175464152453,41.77896835249226,44.782957958510174,41.77986904747225,"აკაკი ბელიაშვილის ქუჩა #145"
44.75138034182858,41.7869445147302,44.753178952854256,41.7879609859843,ტარიელის ქუჩა
44.821322927997954,41.77136018788487,44.82297727250005,41.7722714121581,სარკინიგზო ტრანსპორტის კოლეჯი
44.763782662171536,41.76039450518813,44.76506933717026,41.76134149465959,მოციქულთა სწორი ნინოს ქუჩა
44.82262709326407,41.79980379317271,44.824670601232235,41.80131610667204,ნიკო კეცხოველის ქუჩა
44.81931446552972,41.815213681551164,44.820507531770694,41.81608031792549,"გლდანისხევი #8ა"
44.777894100140344,41.75129755043227,44.77909689989494,41.752198249532256,
44.77861304897754,41.765481205255654,44.780896716400086,41.766837041548044,დევი აბაშიძის ქუჩა
44.90503807922178,41.68396619681764,44.90628822144026,41.68506610260063,"ქიზიყის ქუჩა #17"
44.82957738113248,41.780331594905185,44.830970914155685,41.78147890514369,"მუხიანის IVბ მ/რ კორპუსი #35ა"
44.827933480823866,41.78741903539009,44.829411525384764,41.78868896475771,"იოსებ ნონეშვილის ქუჩა #13"
44.74773248308423,41.734618889473,44.74910711327374,41.735531810565554,"ივანე ბერიტაშვილის ქუჩა #42"
44.78011315604912,41.71312044736251,44.78131524398575,41.71402115260204,ზოოპარკი
44.76834173815203,41.736548649569386,44.76954426188475,41.73744935039512,"ილია ოდიშელიძის ქუჩა #82"
44.81441292216386,41.716620646684625,44.815615077865544,41.7175213532799,დავით გივიშვილის ქუჩა
44.82637250494361,41.701794978902576,44.82805349772186,41.703028020941716,აბულის I ჩიხი
44.78827528540357,41.69459941744802,44.7901545787678,41.695603637888944,პანთეონი
44.81120297466663,41.81416220201293,44.81254322519553,41.815064297959665,"26 მაისის ქუჩა #21"
44.84451225727428,41.70376280814185,44.845890741175324,41.7048031918328,სიმონ და თინა ყაუხჩიშვილების ქუჩა
44.77129007787474,41.807200655033796,44.77249392216168,41.80810134493071,ხახულის ქუჩა
44.75144888151325,41.721251848922556,44.75265111852618,41.722152551041965,კახა შევარდენიძის ქუჩა
44.79481077431375,41.69199040846119,44.796146826372855,41.69296209130122,"#34-ე საჯარო სკოლა"
44.82857699778045,41.72991574738382,44.82977940224673,41.73081645258071,გლდანი ნაძალადევის პოლიციის V განყოფილება
44.79909542852574,41.710338262186134,44.80145748848732,41.7116345253321,"ჯავახიშვილის #69"
44.88795779946549,41.69816718153418,44.889182403417365,41.69904291825636,მიხეილ გახოკიძის ქუჩა
44.76093108630714,41.707568709489294,44.76300374094843,41.71090711367797,ლადო კავსაძის ქუჩა
44.89274022697854,41.68365364252197,44.8939417730384,41.68455435744259,"ქიზიყის ქუჩა #5"
44.83218057913304,41.806829453350076,44.83338442089366,41.807730146614475,თემურ სამხარაძის ქუჩა
44.841371177080724,41.67840124304354,44.84257262294436,41.679301956920995,ექიმის გასასვლელი
44.727387913683025,41.725531920821574,44.729804825292305,41.72702025617628,"#126-ე საჯარო სკოლა"
44.84343641376674,41.694489207991445,44.84574888805009,41.69545009239909,ყვარლის მოედანი
44.830278790551205,41.726035607405116,44.83152081135229,41.72698169252081,ივერთუბანი რეხის ქუჩა
44.89745809405084,41.70978734538292,44.898612208356,41.71069805403317,"ვარკეთილის მეურნეობა რუსთაველის ქუჩა #6"
44.72978409196291,41.720777128386175,44.73132591014294,41.721922771531986,"#122-ე საჯარო სკოლა"
44.94949408108294,42.029455569121,44.95070211892511,42.03035623084354,
44.81710800282656,41.73423004123629,44.81844890111475,41.73513365872979,ზედამზის ქუჩა
44.88282082349036,41.6947977435505,44.88402257652816,41.695698456414064,დამპალოს სასაფლაო
44.75221120430795,42.08032467715479,44.75342019573198,42.081225322809686,
44.805166209176505,41.79302765293545,44.80636979085449,41.79392834702909,"მიხეილ იპოლიტოვ-ივანოვის ქუჩა #1"
44.80206041206241,41.69627604540937,44.80326218796895,41.69717675455519,პირიმზე (ნატო ვაჩნაძისა და გიორგი შენგელაიას ქ.)
44.81604715483046,41.68793159305536,44.817339646384575,41.68890830692053,ალექსანდრე შიმკევიჩის ქუჩა
44.781099280038895,41.782864278456465,44.78251412290555,41.78396212157939,"აკაკი ბელიაშვილის ქუჩა #179"
44.8277554966767,41.823479357775966,44.8292232043731,41.82455474208509,კულა გლდანელის ქუჩა
44.759026145583945,41.71919858206134,44.76080485338455,41.72012541807409,"ბახტრიონის ქუჩა #30"
44.85763603126712,41.693831187844815,44.858939167614494,41.69477851189035,"#90-ე საჯარო სკოლა"
44.73268337515841,41.77560365386129,44.73388662488412,41.77650434610322,"ყაზბეგის ქუჩა #35"
44.76397686281895,41.828392037152334,44.765747639064756,41.82963166243405,"ავჭალის ქუჩა #1"
44.800423098760895,41.70845124641139,44.80162510127073,41.70935195355313,"Tsinamdzgvrishvili Street #76"
44.79749904193574,41.70382664612829,44.798700958096354,41.70472735383624,ნოე ჟორდანიას სანაპირო
44.891622731479025,41.70058434016479,44.89282866893336,41.701570159785405,დამპალოს ახალი სასაფლაო
44.729978295286635,41.784162654634244,44.73118170475635,41.78506334533028,"ბარონ დე ბაის ქუჩა #77"
44.796288914228924,41.71754164724055,44.79749108580337,41.718442352724,ეგნატე ნინოშვილის ქუჩა
44.80694131300865,41.73769924221168,44.80818808351907,41.73868715764323,
44.676700069628396,41.75510855451726,44.677902930423,41.75600924544721,სოფელი ლისი
44.833605642072726,41.73167231530657,44.8350646566336,41.73258928476792,ზაქარია ჯორჯაძის ქუჩა
44.77283076590701,41.78709565340405,44.774034234129125,41.787996346560476,"ქართულ ამერიკული მეგობრობის გამზირი #33"
44.74634345742961,41.735030411324324,44.7481694443611,41.73676222299034,ლისის ტბის დასახლება
44.7205531205959,41.719878850442626,44.721758580548844,41.720874149207866,"პეტრე ქავთარაძის ქუჩა #68"
44.82490476168612,41.78281113346239,44.827010459208985,41.78485796672358,"ნოდარ დუმბაძის გამზირი კორპუსი #4"
44.70154377277507,41.71172575004568,44.70274582727228,41.71262644991885,ბაგების სატყეო უბანი
44.802940072525836,41.71125804656371,44.80414212750539,41.712158753400814,ახალციხის ქუჩა
44.806824393877214,41.71222281841246,44.808059509271146,41.71309868137574,ოთარ კაპანაძის ქუჩა
44.69486766389156,41.74489665293083,44.696070336156936,41.745797347033665,სოფელი თხინვალა
44.903226381040845,41.67381564456903,44.90453263604531,41.67537562258163,"გრიგოლ ლორთქიფანიძის ქუჩა #83"
44.77366487403549,41.78622265330944,44.774868326000515,41.787123346655065,"ჯორჯ ბალანჩინის ქუჩა #26"
44.73014919154164,41.73371148962394,44.731610310609675,41.73468740948936,ალექსანდრე ბანძელაძის ქუჩა
44.75307565302697,41.71356904826309,44.754277747012196,41.71446975170144,ლეოპოლდ ბილფელდის ქუჩა
44.76432920807739,41.79331765416326,44.765532791960105,41.79421834580125,"ფარნავაზ მეფის გამზირი #47"
44.78940129676374,41.68888233055315,44.79062230269852,41.68994886933003,ბოლო აღმართი
44.911875093922696,41.697915643388086,44.91307690609121,41.69881635657651,გივი ამილახვარის ქ. N17
44.850530923527224,41.70671856522746,44.85176107693642,41.70778243442429,"ვაზისუბნის III მ/რ II კვარტალი #9"
44.73088380470461,41.728933108669295,44.732057897374,41.729874690780605,"ნუცუბიძის III მ/რ, II კვარტალი, #2"
44.7997283491488,41.7137800468495,44.80093045088295,41.71468075311503,"#29-ე საჯარო სკოლა"
44.87372366242464,41.68047720662151,44.874935542008274,41.68147379309415,"გრიგოლ ლორთქიფანიძის ქუჩა #9"
44.804911991478725,41.81628865477218,44.80611600855234,41.81718934519236,სოფელი დიდი გლდანი
44.724339030662236,41.73757115118059,44.72554156938155,41.73847184878392,"ტატა თვალჭრელიძის ქუჩა #11"
44.76395142816748,41.70732659261251,44.765569378246404,41.70929190624824,ოთარ თაქთაქიშვილის ქუჩა
44.81527318626453,41.73437944721397,44.816684116924016,41.73529995287643,მაჩხაანის ქუჩა
44.77067289737987,41.80968175297431,44.77269710258104,41.81093424567465,გურამ ნიჟარაძის ქუჩა
44.70032706196734,41.702155649343005,44.70152893808019,41.70305635062149,სოფიკო ჭიაურელის ქუჩა
44.849066048065716,41.70298894481393,44.850267951958166,41.70388965515063,"#156-ე ბაგა-ბაღი"
44.84108998058824,41.70701348345101,44.8423578229575,41.70802211643653,თემურ ქევხიშვილის ქუჩა
44.73503075310504,41.72393489565356,44.73625624559154,41.72505970424917,"ვაჟა-ფშაველას გამზირი #57"
44.84787794863217,41.691383220252746,44.84913204587284,41.69247077953366,სერგი დურმიშიძის ქუჩა
44.77229655770199,41.69989708524047,44.773494145899164,41.7008443144831,"რევაზ ჯაფარიძის ქუჩა #13"
44.7873564456013,41.68370515738145,44.78865355366555,41.68467864257977,"მარო მაყაშვილის აღმართი #25"
44.77418460673573,41.77513649218793,44.77548249244867,41.77637230730272,კონსტანტინე ჩაჩავას ქუჩა
44.804267484092186,41.699272245585426,44.805469315938815,41.700172954379106,
44.80173846671684,41.71750891105804,44.80349964191534,41.71858151620544,მამრაძის ქუჩა
44.880975750348505,41.69739225038943,44.883934453748616,41.69893981878267,საქართველოს ერთიანობისთვის მებრძოლთა ქუჩა
44.854317391556926,41.77335565024165,44.8555206084662,41.774256349722926,მუხიანი II დას. ვარდისუბნის ქ. N152
44.810537640477406,41.72484743561235,44.81171975567191,41.72578986406132,"ნიკოლოზ ხუდადოვის ქუჩა #77"
44.75660743305629,41.73764767659282,44.757879565486036,41.7386123233766,მუხრან მაჭავარიანის ქუჩა
44.74556616593152,41.78679490900573,44.746946837882945,41.787897491025824,"მირიან მეფის ქუჩა #90"
44.81397632052165,41.79027173697072,44.81769608027969,41.79285608469595,"მ/ს ""ახმეტელის თეატრი"""
44.72363996222253,41.73072102727254,44.72541829913986,41.73179505504815,"ნუცუბიძის II მ/რ III კვ. #1-ის მიმდებარედ"
44.751705236510254,41.75823445182249,44.752908163529206,41.759135148142036,კვანტალიანის ქუჩა
44.79005774567569,41.74843809208729,44.7918250493822,41.74980540797096,კიკვიძის ბაღი
44.79507786976103,41.70015641942603,44.796357535393454,41.70124318042128,ოპერის თეატრი
44.80743958413771,41.734747021082754,44.808945789375265,41.73648562678352,სანავარდოს ქუჩა
44.84858040607395,41.67473318246784,44.853163036430516,41.67656394944342,"#99-ე საჯარო სკოლა"
44.813189317142594,41.695973417352874,44.81446628169263,41.69690808241784,ლადო ალექსი მესხიშვილის ქუჩა
44.79497197297026,41.76764932291464,44.796383125693694,41.76863417657049,მე-15 საჯარო სკოლა
44.834073270497825,41.79993023676387,44.835422731016756,41.80083876325384,"#191-ე საჯარო სკოლა"
44.88268368751382,41.6878933260088,44.88387471624503,41.68884087368962,აკაკი ვასაძის ქუჩა
44.75197770346266,42.006525371351835,44.753185296577186,42.00742602861264,
44.8018149887228,41.70952354645778,44.80301701130862,41.71042425350676,ეგნატე ნინოშვილის ქუჩა
44.84863693143118,41.687239016208196,44.84997696611681,41.68863648330746,წალენჯიხის ქუჩა
44.79706595161439,41.812692322015096,44.798497547601116,41.81360277801467,"ლიბანის ქუჩა #4"
44.71088784367537,41.708313384023484,44.71219865080732,41.70944311589131,ივანე მაჩაბლის ქუჩა
44.766837865681104,41.758709730215564,44.7691768983346,41.76013804456445,თეთრი დუქნის ქუჩა
44.82025539685882,41.729837646602576,44.82145780315221,41.7308034533569,"რევაზ ურიდიას ქუჩა #200"
44.85070804957614,41.70022139995514,44.852221151497226,41.70113870012588,ემზარ სულაქველიძის ქუჩა
44.88286903321977,41.67204559174354,44.884491859686584,41.673446308535866,ნანა სამარგულიანის ქუჩა
44.740375781784785,41.70907287150898,44.742509650781805,41.71064330928606,კუს ტბის ასახვევი
44.82745361952114,41.802529953122026,44.82865738050631,41.80343064684252,"ომარ ხიზანიშვილის ქუჩა #104"
44.80192811827034,41.749255849579534,44.80313088176111,41.75015655038499,ბეჟანიშვილის ქუჩა
44.75454945476676,41.82562601238756,44.755776844247926,41.82672908750331,არსენ ოქროჯანაშვილის ქუჩა
44.88370713938711,41.693087643401874,44.88490886063126,41.6939883565627,ირინა შტენბერგის ქუჩა
44.760321773439564,41.75468929203679,44.76173022732193,41.755690707588535,"ვასო გოძიაშვილის ქუჩა #38"
44.804112537042094,41.70510574663923,44.806164070951134,41.7062293547335,ლონდონის პარკი
44.813973620200706,41.69107880483512,44.81702497938436,41.69327639010455,მეტრო სადგური ავლაბარი
44.80957773078314,41.79595211728788,44.81169352088497,41.797414540650465,"#160-ე საჯარო სკოლა"
44.781678497924425,41.71345812128076,44.784787893040935,41.7152045133263,გმირთა მოედანი
44.837834228715096,41.735969494372306,44.83940725519403,41.73878310506642,ლიპტოვის ქუჩა
44.81135613004074,41.72633414475754,44.81278916606995,41.72726205537757,ომარ კელაპტრიშვილის ქუჩა
44.79314748471515,41.76359555095109,44.7943505153177,41.76449624901343,"#207-ე საჯარო სკოლა"
44.765775636880335,41.73669674966299,44.76697816315685,41.73759745030152,"ვეძისი, ვარდენ წულუკიძის ქუჩა #4"
44.745205371743644,42.06271017600912,44.746414028297394,42.06361082395536,
44.69443816011193,41.68472595011404,44.69564883924397,41.685756849819875,ალექსანდრე ყაზბეგის ქუჩა
44.71784245262356,41.77432619370357,44.71973855580096,41.775921806675264,"დიდგორის ქუჩა #93"
44.800737647577435,41.70320794599048,44.801939552454144,41.70410865397406,დიმიტრი უზნაძის ქუჩა
44.88566612374437,41.70551681691265,44.88695627906895,41.706411182299675,"ვარკეთილი-3, მე-2 მ/რ, კორპუსი #34"
44.83411368341216,41.78498715158761,44.835317116614206,41.78588784837694,"ნოდარ დუმბაძის გამზირი კორპუსი #10"
44.76182373263181,41.78824599279991,44.76307426485855,41.78921000711032,"გიორგი ბრწყინვალეს ქუჩა #5"
44.72155819790634,41.72890544689483,44.723359427853325,41.730681230283174,"ბესარიონ ჟღენტის ქუჩა #85"
44.743275740059595,41.71051345781854,44.74459305621449,41.711569142148846,სოლიკო ხაბეიშვილის ქუჩა
44.72159801258972,41.86570572491767,44.723094000042586,41.86694287988069,თბილისში
44.74816596872212,41.97847136927394,44.7493730313183,41.97937203069055,
44.71676037645438,41.72491641724452,44.71794822528744,41.725879282282555,"შალვა ნუცუბიძის ქუჩა #221"
44.76086918248447,41.796069654492385,44.76207281755359,41.796970345472126,"დემეტრე თავდადებულის ქუჩა #18"
44.86264135998128,41.691836781938726,44.864104037346166,41.69279071698191,"ალექსანდრე წულუკიძის ქუჩა #16"
44.86666364672293,41.68073692602642,44.86805685676396,41.68165447404043,"მოსკოვის გამზირი #19"
44.80550161782966,41.79210125285362,44.80670518220127,41.79300194711093,მიხეილ იპოლიტოვ ივანოვის ქუჩა
44.852945234481716,41.68294664315875,44.85414676554154,41.68384735680582,მეველეს ქ. 5
44.83911190549239,41.71832564623256,44.84031409453312,41.719226353732,"მახათას მთა # 3 კორპუსი"
44.791379736088864,41.829232501597055,44.793728256464135,41.83037449994489,ვარდევანის ქუჩა
44.76848238298679,41.73319059866057,44.7702156248705,41.734683401691555,გაბრიელ ისაკაძის ქუჩა
44.87520840842486,41.683322593492846,44.876582694125005,41.684765405890985,ელდარის ქუჩა
44.77378082945165,41.7615473436868,44.77526416974853,41.76246015635786,"ბორის პაიჭაძის ქუჩა #1"
44.88208176561324,41.704710242443575,44.8849707132532,41.70637414643714,სესილია თაყაიშვილის ქუჩა
44.9055396621273,41.6734879669554,44.90675343692521,41.674507932680285,"გრიგოლ ლორთქიფანიძის ქუჩა #95"
44.80179520333674,41.71578537941459,44.803068996820194,41.71694041999311,ნიკო ფიროსმანის მოედანი
44.89564802715737,41.71029777610687,44.89710500140961,41.71123924601946,ვარკეთილის მეურნეობა ვახტანგ მალაყმაძის ქუჩა
44.801281071936266,41.72765452244607,44.802481526990746,41.728628777302305,ნოე ჩხიკვაძის ქუჩა
44.79295861640088,41.771709745835615,44.794645584110995,41.77286425359694,"დავით გურამიშვილის გამზირი #31"
44.82404903246337,41.678633377783335,44.825329871567355,41.679670922109054,ორთაჭალის ქუჩა
44.90771126646238,41.678349591966395,44.909208884679344,41.679402094937274,შალვა ნებიერიძის ქუჩა
44.77031034430023,41.723817666264836,44.77204237789782,41.72495020676735,ადამ მიცკევიჩის ქუჩა
44.807853548476544,41.71831286376099,44.8092849543861,41.71923623635224,მარუაშვილის ქუჩა
44.8040549192111,41.702233164765744,44.8057315416279,41.70359994757999,ზაარბრიუკენის მოედანი
44.76754744759411,41.682364715691904,44.76974772146858,41.683930570442804,ოქროყანა აკაკი ხორავას ქუჩა
44.77974892938346,41.823020656018066,44.780953070651634,41.82392134394643,ქვემო ავჭალა
44.72287071874588,41.73885665133736,44.72407328129814,41.73975734862713,ქვემო აჟარის ქუჩა
44.77285846111884,41.721837386053316,44.774263841335596,41.72291621396363,სულხან ცინცაძის ქუჩა
44.81754419160072,41.79486075275967,44.8187478084283,41.79576144720486,ქართველთა და ებრაელთა ძმობის ქუჩა
44.80329889302652,41.69580204353898,44.80561471468127,41.6972046493418,ნიკოლოზ ბარათაშვილის ქუჩა
44.905725587353835,41.74214528667234,44.90712855933582,41.74392037277835,"პატარა ლილო თამარ მეფის ქუჩა #23"
44.745052398209175,41.720244178604865,44.746837902625266,41.721165121509515,უნივერსიტეტის ქუჩა
44.800005870478785,41.791400866383185,44.801552126698894,41.792341133846,მე-16 საჯარო სკოლა
44.75767650737098,41.70790973197004,44.75964460652548,41.70989306886569,ნიკოლოზ ბერძენიშვილის ქუჩა
44.79355527381212,41.689393959027555,44.79558273120583,41.690431941858996,გერგეთის ქუჩა
44.6941709820142,41.74309045376402,44.69552331900807,41.74410234619225,თხინვალის ცენტრი
44.80671521371573,41.762856738166775,44.8078967882823,41.763812561254724,"უცნობ გმირთა ქუჩა #49"
44.47436646762247,41.89576227737228,44.47557193246166,41.896662922592,კირის ქარხნის გადასახვევი
44.77706299406979,41.82680155639714,44.77826720596573,41.827702243567366,"ელეფთერ ანდრონიკაშვილის ქუჩა #141"
44.853215473191995,41.69877318703595,44.85441732844261,41.69976971237818,"შანდორ პეტეფის ქუჩა #21ა"
44.90618847251212,41.74650851646533,44.90744992681704,41.747442483412385,"პატარა ლილო თამარ მეფის ქუჩა #45"
44.74385803500312,41.7194163219218,44.745029562946186,41.72035067758567,"უნივერსიტეტის ქუჩა #1"
44.758439508059176,41.89996516274722,44.759645091979436,41.90086583721729,
44.8198444180485,41.70944156732268,44.821157781853884,41.71041543258256,პეტრე ბაგრატიონის ქუჩა
44.80538332300118,41.72854351759802,44.80694447376394,41.72949058267371,წრომის ქუჩა
44.79504789675582,41.71942174742317,44.796250103276684,41.720322452541375,
44.762723008372056,41.72878472321685,44.764280914451895,41.731183827572934,ტაშკენტის ქუჩა
44.8900906239449,41.68503924934018,44.89160937070726,41.68629555081638,სამხედრო ქალაქი
44.77885709589986,41.76767848774361,44.7805699984496,41.769051012425535,"აკაკი ბელიაშვილის ქუჩა #62"
44.75802894992443,41.78824684995822,44.7591870539015,41.78916214962927,"გიორგი ბრწყინვალეს ქუჩა #25"
44.87120834384123,41.68908827823334,44.872577126248366,41.69006947676987,"კალოუბნის ქუჩა #4"
44.77792667246374,41.715594066205,44.77944863348315,41.71687833397327,სიმონ ჩიქოვანის ქუჩა
44.824511112352845,41.825239808714436,44.825816887401196,41.8261421912609,"26 მაისის ქუჩა #133"
44.90609780825023,41.73025338223885,44.907369592059844,41.7311553177344,"პატარა ლილო დავით აღმაშენებლის ქუჩა #64"
44.80137577323866,41.72443545489102,44.8030508323537,41.72543524569914,ეროსი მანჯგალაძის ქუჩა
44.80876555470577,41.77546830863258,44.810121843617274,41.776422390863715,ზღვის უბნის XI მ/რ I კვარტალი
44.74475713864855,41.79456732943202,44.74998377366741,41.796046132838,"დიდი დიღომი IV მ/რ (ავტობაზა #2)"
44.72038212782905,41.7120473328986,44.7223436531204,41.71337784148793,ბაგების სტუდქალაქი
44.766438490161164,41.75497405679997,44.767803112082674,41.75591394248423,"ვასო გოძიაშვილის ქუჩა #7"
44.73440413364248,41.728837313179845,44.73561596641416,41.72984418672494,"#171-ე საჯარო სკოლა"
44.763929693661076,41.79486065429757,44.765133306376505,41.795761345666946,"ფარნავაზ მეფის გამზირი #32"
44.83881841156623,41.681389513948645,44.840058790261004,41.682588185926164,ნავთლუღის ქუჩა
44.80715056151281,41.78428631503324,44.80840443630137,41.785188684511056,გიორგი ბოთერაშვილის ქუჩა
44.8366790599545,41.80886365340809,44.837882940071474,41.80976434655646,კლარა კვეესის და თეთრი ტბის კვეთა
44.83213315037989,41.79859660819948,44.83346784666875,41.79950039178279,გრაფ შულენბურგის ქუჩა
44.81166195123056,41.69203104482141,44.812863648799265,41.69293175514314,ღვინის აღმართი
44.778908941236615,41.785953441494655,44.783018290827265,41.78727596873497,ბობ უოლშის ქუჩა
44.76012537539686,41.72052423360027,44.761781827003276,41.721553265015686,"სულხან ცინცაძის ქუჩა #46"
44.853413004451305,41.67289374834331,44.85784538054248,41.67459745449056,შოთა ნადირაშვილის ქუჩა
44.76979224506761,41.7893377536757,44.770995754969015,41.79023844628883,გიორგი პაპაშვილის ქუჩა
44.738180696600715,41.71827401128507,44.73958590624172,41.719363688746135,ოთარ ლორთქიფანიძის ქუჩა
44.77418132253303,41.7685802677154,44.775553974282154,41.770066231742106,დიღმის ტყეპარკი
44.85130017281786,41.705109533340874,44.85257091339204,41.70670827681101,"ვაზისუბნის III მ/რ II კვარტალი #16"
44.716324141551524,41.744385006923736,44.71779385895721,41.74529299309594,"ლეო კვაჭაძის ქუჩა #37"
44.84930716881159,41.68440477653874,44.85876130332344,41.68745627519245,მ/ს სამგორი
44.87742080954494,41.69445409444989,44.87863978718019,41.69541120535625,"#182-ე საჯარო სკოლა"
44.90652430240405,41.750656247602265,44.907727097610746,41.75155695236231,"პატარა ლილო თამარ მეფის ქუჩა #74"
44.94112828251453,41.997598166675,44.94233571749484,41.998498833289545,
44.76436696202491,41.75455800514424,44.76632724176605,41.755558195502545,ვალენტინ თოფურიძის ქუჩა
44.857699091447394,41.683673117137864,44.860835705727425,41.68468878359694,ვარლამ ჩერქეზიშვილის ქუჩა
44.82115657592547,41.77666429635541,44.82249142732536,41.77771570363604,159 school
44.76963251898974,41.72046172151377,44.771796285841575,41.722864266676034,დავით გამრეკელის ქუჩა
44.834858914704064,41.800953482029726,44.83606908522262,41.80194151788237,"დავით ჯაბიძის ქუჩა #8"
44.86977174938086,41.68698978043372,44.87124115217578,41.68790981966404,შუამთის ქუჩა
44.81984049134401,41.77996198674447,44.82103950998346,41.780938012910624,"ლევან რჩეულიშვილის ქუჩა #14"
44.89924169266499,41.68140659522944,44.90091909649845,41.68241087858244,პეტრე სურგულაძის ქუჩა
44.76781583935471,41.76856085210401,44.769018960682196,41.76946154786053,"დავით აღმაშენებლის ხეივანი #44"
44.807637799569854,41.74052104873978,44.808840400460674,41.74142175122476,"დარკვეთის ქუჩა #30"
44.5746760538979,41.863356957244775,44.57896406740428,41.86447050993931,ქსანი
44.833314589861146,41.674445857400414,44.836030609465666,41.67665062491146,დიმიტრი გულიას ხიდი
44.79972240952095,41.78231815224037,44.800925790510895,41.78321884772415,ზღვის უბანი Xა კვარტალი
44.84335657806247,41.8106260538132,44.84465542171524,41.8115919461176,მე-8 საპყრობილე
44.79114162445556,41.78490902157009,44.793937463924145,41.78624898118521,წყალსადენის ქუჩა
44.790897531417585,41.722316131353686,44.7923452674622,41.72332186811738,ბორის პაიჭაძის ეროვნული სტადიონი
44.737747272788795,41.771040931436325,44.739384551705925,41.77253936938318,სოფელ დიღმის ცენტრი
44.804188343116216,41.692931245088936,44.805390056914796,41.69383195487562,ვერცხლის ქუჩა
44.79374898519455,41.707987206027376,44.79525481597435,41.70890529405969,კოტე მარჯანიშვილის თეატრი
44.859871621075335,41.69178648562097,44.861235377137525,41.6927405138217,"ალექსანდრე წულუკიძის ქუჩა #31"
44.71354207434071,41.719687098022845,44.71508682617862,41.72075150140736,სამშენებლო ზედამხედველობის სააგენტო
44.87603131465315,41.706504144583064,44.87723328536646,41.70740485538151,"ვარკეთილი 3 დას. IIIა მ/რ კორპ. #334-ის მიმდებარედ"
44.87554671972169,41.69311227648928,44.8776796783542,41.694347576488305,"#146-ე საჯარო სკოლა"
44.83468167234788,41.80754615334939,44.835885527678414,41.808446846615155,
44.755746230489805,41.82336030055425,44.75705816564309,41.82425469935927,"თავისუფლების ქუჩა #28"
44.71806299866309,41.72648316098324,44.71965449044078,41.727911306069984,"ერმილე ბედიას ქუჩა #12ა"
44.83424286395043,41.80844465343002,44.83544673607594,41.80934534653452,გლდანის ტბა
44.79052614275789,41.70273772152769,44.79190975105154,41.704629210922064,მ/ს რუსთაველი
44.7385810345054,41.70489364808612,44.73978296553605,41.70579435187839,"ილია ჭავჭავაძის გამზირი #83-ის მიმდებარედ"
44.729073597288256,41.80533345633323,44.73027740275489,41.80623414363128,მუხათგვერდის ძმათა სასაფლაო
44.900038923219626,41.715253936077836,44.901323777565864,41.716156963902556,"პატარა ლილო ალექსანდრე ყაზბეგის ქუჩა #31"
44.797598881591604,41.8280476558965,44.79880311844064,41.828948344068,გურიის ქუჩა
44.763784085237795,41.68640822828462,44.765595216924694,41.68736067204189,ოქროყანა ლადო ასათიანის ქუჩა
44.695883242671286,41.68697643124719,44.69729820198865,41.688873184357234,წყნეთის ცენტრალური პარკი
44.751919933221636,41.729053487663464,44.753315467097714,41.730060812073475,აქვსენტი მეგრელაძის ქუჩა
44.57680387416339,41.90474937140759,44.57800952590435,41.905650028556785,
44.7382351521429,41.724469349638,44.73943744789866,41.72537005032652,მარშალ არჩილ გელოვანის პარკი
44.7718213726331,41.73283564916768,44.773023827403115,41.733736350796846,ლევან გოთუას პარკი
44.735039876387624,41.7053172689107,44.73682531025084,41.70720903178579,ექსპერტიზის ეროვნული ბიურო
44.893344185800615,41.68807864286111,44.89454581421623,41.68897935710347,"მიხეილ გახოკიძის ქუჩა #4"
44.76716257918648,41.69995574672916,44.768364420850425,41.70085645323536,"ნინო ჟვანიას ქუჩა #67"
44.58708191142861,41.82613306463186,44.58828608863727,41.82703373533254,მანქანის გასაჩერებელი
44.8073826886397,41.76559853502874,44.80872920983058,41.76650686498803,"უცნობ გმირთა ქუჩა #79"
44.818283277174636,41.82033878642112,44.819760524509356,41.82126021368712,"26 მაისის ქუჩა #65"
44.732784031322204,41.721083308391755,44.73405006378568,41.72214689144544,დავით თავხელიძის ქუჩა
44.906231979695015,41.688709442734215,44.907433620319786,41.689610157230355,ალექსანდრე თვალჭრელიძის შესახვევი
44.86231726066771,41.693476188717916,44.86390244226837,41.69445770983779,"შანდორ პეტეფის ქუჩა #14"
44.80845913960185,41.72141651272242,44.810333276137946,41.723726919229364,ტუბდისპანსერი
44.81111253941409,41.78049711773898,44.81243535833539,41.78142148163933,"ზღვის უბანი, III მ/რ, I კვარტალი, #20"
44.905250708645134,41.73736846968743,44.9064731894436,41.73825593018757,"პატარა ლილო დავით აღმაშენებლის ქუჩა #24"
44.791336035389065,41.70455464635922,44.792537964644005,41.70545535360533,მიხეილ ჯავახიშვილის ქუჩა
44.751356182812174,41.99813497071245,44.75256361722776,41.999035629252035,
44.81269191058724,41.7296809379099,44.813892090569816,41.73065696180416,
44.763002754869895,41.68527369825215,44.7647020443285,41.68644690120853,ოქროყანა ამაღლების ქუჩა
44.77501817220907,41.70467512261181,44.7764727310286,41.70580867744061,"ქობულეთის ქუჩა #8"
44.79989662607387,41.795279694515884,44.80143737750049,41.796226305751716,"დავით სარაჯიშვილის ქუჩა #19"
44.747445757233145,41.723876649266536,44.748648042806934,41.724777350697984,ანა ანტონოვსკაიას ქუჩა
44.88022332351729,41.673300641902216,44.88142467650162,41.674201358062376,"მოსკოვის გამზირი #35"
44.8463002864664,41.70257121586782,44.84766561163896,41.70348228416674,"შალვა მშველიძის ქუჩა #16"
44.79335682448991,41.80673890582823,44.79473117098115,41.80913090523048,ავჭალა
44.730947486840314,41.72633275268289,44.73270086463196,41.72799867986769,ზურაბ მუზაშვილის ქუჩა
44.78187904228074,41.69311194573604,44.78308075775381,41.694012654228494,მთაწმინდის პარკი
44.771878078005095,41.75659130024717,44.77455800756095,41.75881968241306,ვლადიმერ მაიაკოვსკის პარკი
44.78407276911576,41.738070319023386,44.78632379782263,41.740068531328575,თბილისი სატვირთო
44.7634592883365,41.72385829334569,44.76511333552633,41.72639590417323,ტაშკენტის ქუჩა
44.7929972008138,41.793969653344654,44.79420079921913,41.79487034661989,"ელვერ კუპატაძის გასასვლელი (ყოფილი სასტუმრო"" ბახტრიონი""-ს მიმდებარედ, წყალსადენის ქ. #7)"
44.763192470167866,41.72083750571926,44.76454893297816,41.72190269429304,ეროვნული ბიბლიოთეკა
44.77357248745291,41.72063480694428,44.7754595744878,41.721872878157896,მ/ს ტექნიკური უნივერსიტეტი
44.7042468107926,41.69688794876867,44.7054485892543,41.69778865119583,მერაბ კოსტავას ქუჩა
44.836650782832244,41.71672192550843,44.837955719056104,41.71765197401876,სამხედრო დასახლება
44.81786043987338,41.70191767832515,44.81918455960753,41.70288632148949,გედევანიშვილის ქუჩა
44.739256165036984,41.723080749492205,44.74045843500439,41.723981450472316,"ალექსანდრე ყაზბეგის გამზირი #44"
44.7156003774158,41.77545465449597,44.716803622629456,41.77635534546853,"დიდგორის ქუჩა #107"
44.78734591328903,41.75600361722264,44.788939885731985,41.7569232828677,"დავით გურამიშვილის გამზირი #15"
44.80173571053814,41.76079635049247,44.80293868949335,41.761697049472055,"მუხრანის #78 მიმდებარედ"
44.85952124593527,41.68169664293102,44.860722754086936,41.68259735703353,"ვარლამ ჩერქეზიშვილის ქუჩა #2"
44.840728032157095,41.80651505763224,44.84200266435327,41.80752594227198,გიორგიწმინდის გადასახვევი
44.825377905439915,41.79408893032522,44.82658909419282,41.795096069607304,"#39-ე საჯარო სკოლა"
44.75642936482062,41.72078742834777,44.75789283763084,41.721752170649864,პირველი ექსპერიმენტული სკოლა
44.75831362001659,41.826716212021495,44.75951898105597,41.8277016876895,"ავჭალის ქუჩა #36"
44.929273536815025,41.70408894080167,44.93051326141001,41.70503175912999,ორხევი სამგორის I შესახვევი
44.71822819330791,41.73822749575423,44.719528809074205,41.73923050421822,ამბერკი ტაბიძის ქუჩა
44.768485956063024,41.69984292163006,44.77007404663363,41.700786778628405,"რევაზ ჯაფარიძის ქუჩა #33"
44.81279894396684,41.675433121953226,44.81434575919643,41.676617978069906,"წინანაურის ქ. #93"
44.82085518736981,41.67838756990197,44.822308815414395,41.679314430235834,"#144-ე საჯარო სკოლა"
44.79956452697412,41.76920469000964,44.8009145734699,41.7701873097769,თიანეთის ქუჩა
44.74702011509519,41.7679681367181,44.74846688737546,41.76889186340122,"დავით აღმაშენებლის ქუჩა #64"
44.81711820623512,41.76990345352618,44.81842649444491,41.77086124628316,თბილისის ზღვა
44.81086214947888,41.71094397035694,44.81256720801351,41.71238708519125,"მერაბ მამარდაშვილის ქუჩა #59"
44.869646337051925,41.685086934281465,44.87127246209248,41.686231565316426,გიგა ჩიხლაძის ქუჩა
44.80791117209994,41.69945072816429,44.809232129417865,41.70039687143706,შოთა გამცემლიძის ქუჩა
44.92377540936678,41.693358835913536,44.925043290611924,41.694512063585194,"ორხევი #76-ე ბაგა-ბაღი"
44.845853925398295,41.68743225289441,44.84726647618334,41.68885144613269,გიორგი შარვაშიძის ქუჩა
44.84888600713389,41.81446765358616,44.85008999289014,41.8153683463784,ნასერალის ქედის ქუჩა
44.87631026549372,41.71178144499334,44.87751233452586,41.71268215497123,"ვიქტორ კუპრაძის ქუჩა #72"
44.74544510536394,41.96400826822989,44.74665189467687,41.96490893173459,
44.841188971641806,41.68973664393888,44.84239062838331,41.69063735602571,გიორგი ანწუხელიძის ქუჩა
44.83713019664237,41.80348417906152,44.83839780360148,41.80464182051099,"ზურა მირაქიშვილის ქუჩა #16"
44.77023430644832,41.71848774808912,44.771436493588126,41.719388451875425,იყალთოს გორა
44.794069779388465,41.684636709406305,44.79562661760647,41.68558089084698,"მარო მაყაშვილის აღმართი #15"
44.79180167964442,41.768723346418234,44.793544346789645,41.77046018973369,გუდამაყრის ქუჩა
44.60250123794005,41.847535542392066,44.60464416532156,41.84932879329154,
44.69891869712376,41.741310652480315,44.70012130292408,41.74221134748416,"თხინვალას ქუჩა #21ა"
44.772415321243145,41.72999041162505,44.77367738035084,41.73094868833347,"ლევან გოთუას ქუჩა #5ა"
44.80924288207082,41.82795165557526,44.81044711795957,41.828852344389254,"ავჭალა 2-ის დასახლება, სულხან-საბა ორბელიანის ქუჩა #30"
44.902431975686355,41.72029870576546,44.90374602705239,41.72132129421436,"პატარა ლილო, დავით აღმაშენებლის ქუჩა #120"
44.82890119054894,41.79483914920845,44.830176808110274,41.795803850763015,"#173-ე საჯარო სკოლა"
44.76921871651755,41.70190368558189,44.77209934068706,41.70400008414548,"შატბერაშვილის ქუჩა #41"
44.73553337774818,41.77531165373438,44.73673662229388,41.77621234623013,ჯავახიშვილისა და ფიროსმანის ქუჩების გადაკვეთა
44.83938399602678,41.82635845472446,44.84058820399877,41.82725914524006,"სოფელი გლდანი წყაროს ქუჩა #36"
44.817591035881236,41.715095612346886,44.81884366350136,41.71624638737098,კახა მანიჟაშვილის ქუჩა
44.72915811959359,41.71727934940409,44.730360280449375,41.7181800505604,"უნივერსიტეტის ქუჩა #13"
44.898250389736575,41.68764554275719,44.8994520102795,41.68854625720742,
44.81222331767177,41.781398651835644,44.81342668235808,41.782299348128895,"ზღვის უბნის, IV მ/რ,კორპ. 10"
44.769017022786,41.70693000901713,44.77108557986233,41.70878906209732,დიდიმ მირცხულავას ქუჩა
44.805614475577094,41.75752517112311,44.80694341967998,41.759086828594164,"უცნობ გმირთა ქუჩა #170"
44.84121333793192,41.68263396966031,44.842455650785226,41.684518289685386,ვლადიმერ ლობჟანიძის ქუჩა №3
44.72480321559425,41.725697180243806,44.72621998521067,41.72674101964106,ბესარიონ ჟღენტის ქუჩა
44.7674385155259,41.68575301237833,44.76928576944089,41.68692418956415,"ოქროყანა, საბავშვო ბაღი"
44.82761209264133,41.72921866350445,44.82896460686434,41.73022143640412,რევაზ ურიდიას ქუჩა
44.77117158890272,41.827059457644815,44.77605976952296,41.82879863174564,სადგური ზაჰესი
44.86063987328292,41.69517709146119,44.86189662415999,41.69606950793201,"#157-ე საჯარო სკოლა"
44.78904996450628,41.77647875208181,44.79025323552725,41.77737944788271,
44.86819372287095,41.683671762059824,44.87218198355795,41.68484983982483,ჯავახეთის ქუჩა
44.76983945258633,41.75965674355618,44.771401351219836,41.76060955675081,დიღმის მასივი VI კვარტალი
44.827939095783435,41.69793064488345,44.8291409042438,41.69883135508109,ნიაბის I შესახვევი 39
44.798734450937346,41.69211214517292,44.79993614909454,41.693012854791625,სულხან-საბას ქუჩა
44.79846140455807,41.72655769136396,44.800179491408784,41.727976467879806,სელიმ ხიმშიაშვილის ქუჩა
44.80626304647524,41.70278564467607,44.807464953536645,41.704042355260555,მაქსიმ გორკის ქუჩა
44.871054559998896,41.704521737755776,44.872905379604276,41.70553172236979,რაფიელ დვალის ქუჩა
44.71914844149566,41.71685840641272,44.722597568451846,41.71801239640626,უნივერსიტეტის მაღლივი კორპუსი
44.76468887995729,41.78648251849481,44.76614792189347,41.78796248036237,ანბანის სკვერი
44.75894985159782,41.71369424807638,44.76015194844042,41.714594951888124,ყიფშიძის 8-10-ის მიმდებარედ
44.81196103248816,41.704785645816685,44.81316296754163,41.70568635414786,"გედევანიშვილის ქ.#27"
44.763044593278686,41.75209965096269,44.764247406758955,41.753000349001844,ვაშლიჯვარი II ზონა
44.727736165647535,41.723075649912914,44.72893843439568,41.7239763500516,მარიჯანის ქუჩა
44.76679742712744,41.70709583029503,44.768172081484835,41.70905166942347,დიმიტრი არაყიშვილის ქუჩა
44.821450397877335,41.683051318342024,44.82363869828427,41.68454468095717,ვახტანგ გორგასლის მოედანი
44.786571047967065,41.70322364639239,44.78777295206677,41.704124353572126,"#49-ე საჯარო სკოლა"
44.73098941894947,41.71733874934096,44.73219158109322,41.71823945062354,"უნივერსიტეტის ქუჩა #10"
44.82154303887085,41.70406564551948,44.822744961157426,41.70496635444507,"მუჯირიშვილის ქუჩა #10"
44.85313835131886,41.77766465060421,44.85434164870446,41.77856534936035,ხანძთის I შესახვევი
44.76816903496616,41.71778126499027,44.76947826439926,41.71876073496071,"#162-ე საჯარო სკოლა"
44.758410773614386,41.791923067382825,44.75975632685109,41.79282753260951,"იოანე პეტრიწის ქუჩა #8"
44.70080580499592,41.6981199027586,44.70253089759918,41.69936959702319,სულხან-საბა ორბელიანის ქუჩა
44.80084093625506,41.77719292752424,44.802107364571526,41.778127472322986,შატილის ქუჩა
44.80216782868179,41.706753259170206,44.80395086502934,41.70819154103064,გიორგი მაზნიაშვილის ქუჩა
44.72299001809212,41.827658468261355,44.72568989584691,41.83017521538508,კარსანი
44.7851357757993,41.7295739958817,44.78681521911565,41.73149100251454,რაჟდენ გვეტაძის ქუჩა
44.84409166389525,41.72899928047219,44.84531173398361,41.729929219411275,
44.83373069348441,41.71423020826127,44.835651305616466,41.71515679187334,ელიას გადასახვევი
44.819256033650014,41.686096428382996,44.82048836550568,41.68715917112105,300 არაგველის მემორიალი
44.79506393984415,41.816628457735376,44.79654785582529,41.81781814236691,გაგრის ქუჩა
44.81810051493563,41.729892509496814,44.819571184373,41.73080349053586,"რევაზ ურიდიას ქუჩა #193"
44.80690217057733,41.689969844783725,44.808103829453245,41.690870555180815,სიონის ქუჩა
44.795594227746236,41.71071283405077,44.79889018543494,41.71309416551178,ზურაბ ჭავჭავაძის ქუჩა
44.77406569045947,41.68303997180454,44.77555130466423,41.6839880284476,"ოქროყანა, იაკობ გოგებაშვილის ქუჩა"
44.733074508566,41.7078777513853,44.73455797888888,41.70958775486241,ჯანსულ კორძაიას ქუჩა
44.768998090887116,41.73012321865397,44.77033960990254,41.73112448129166,"ჟიული შარტავას ქუჩა #43"
44.762854757700715,41.71958952433884,44.76490524806933,41.72064947668498,დავით წერედიანის ქუჩა
44.77917743070184,41.772091287970625,44.78045636668382,41.773415011808474,"აკაკი ბელიაშვილის ქუჩა #103"
44.77815494528145,41.70241662305933,44.77934605623621,41.70337937657078,"გურამ რჩეულიშვილის ქუჩა #12"
44.818590356348224,41.775694594634345,44.82046164185288,41.77681740377065,"ზღვის უბანი, III მ/რ, II კვარტალი, #29"
44.713116008219856,41.70785364927652,44.71431799182565,41.70875435068799,"კაკლების დასახლება (ივანე მაჩაბლის ქუჩა #5)"
44.797634788777586,41.800506871540875,44.799052205736814,41.80221912794132,გელა ჭედიას ქუჩა
44.905410264181384,41.73885840516661,44.90666773698356,41.73975809479016,"პატარა ლილო დავით აღმაშენებლის ქუჩა #15"
44.80458656353638,41.738783021780726,44.80659626135114,41.74024755239134,
44.84037610219144,41.697201644543604,44.84157789783384,41.698102355420936,"ყვარლის ქუჩა #114"
44.830822193558625,41.79460565241978,44.832025806468266,41.795506347544766,"გლდანის III ""ა"" მ/რ, კორპ. #20"
44.79629502350537,41.766792704848456,44.798092712325314,41.7679806990685,მიხეილ გლინკას ქუჩა
44.88117261377045,41.67665065567924,44.88250458232286,41.67772444430339,"გრიგოლ ლორთქიფანიძის ქუჩა #14"
44.76808483159639,41.78076005902377,44.77019116792672,41.7820676395848,აღსრულების ეროვნული ბიურო
44.81087790774838,41.70144332709263,44.81218787973903,41.70251004820642,პლატფორმა 2506-ე კილომეტრი
44.69514841818715,41.71762295077409,44.696350581861225,41.71852364919038,ნაფეტვრებისკენ მიმავალი გზა (კლუბამდე)
44.767345770003516,41.71585889256204,44.76865583291947,41.716755406559216,"ვიქტორ დოლიძის ქუჩა #55"
44.72415448987354,41.74194465153155,44.72535711017028,41.742845348432965,"ლეო კვაჭაძის ქუჩა #17"
44.75063471853349,41.70942182747158,44.754182476578336,41.71269867304552,ვაკის პარკი
44.822670232645464,41.7392000754921,44.82388166669844,41.740205424283744,
44.76255793003939,41.754616413186035,44.76400767171404,41.755536086909395,"ვასო გოძიაშვილის ქუჩა #30"
44.774292391428354,41.689508902880256,44.775506108947845,41.6905246969335,ოქროყანა ილია ჭავჭავაძის ქუჩა
44.847985654738615,41.70084658289867,44.84926834615707,41.701749417080144,"#92-ე საჯარო სკოლა"
44.815110512521464,41.72713864232381,44.816514385600705,41.72810365701109,შოთა რუსთაველის მემორიალი
44.75108283091882,41.732619565700034,44.75241326852399,41.73352433429144,ნოშრევან ჯიშკარიანის ქუჩა
44.87134104922769,41.70138601356928,44.87255724518532,41.70290368634402,ილია სუხიშვილის ქუჩა
44.90594636190892,41.74401911083117,44.90721673643652,41.74491738911705,"პატარა ლილო თამარ მეფის ქუჩა #29"
44.83860405778132,41.734172447490046,44.83980654224427,41.7350731524745,მერი შერვაშიძის ქუჩა
44.77031075483796,41.68849346319081,44.77150674383061,41.68946633647643,ოქროყანა დავით გურამიშვილის ქუჩა
44.751982041752136,41.82555817312567,44.75343195546602,41.826502825788445,მიხეილ წინამძღვრიშვილის ქუჩა
44.79486076491527,41.76570845106892,44.79606383511732,41.766609148895625,შიო გუგეშაშვილის ქუჩა
44.80271746016777,41.71258554667414,44.80391953986351,41.71348625329042,"#69-ე საბავშვო ბაღი"
44.83414118418601,41.79559665242158,44.83534481584037,41.79649734754295,გლდანის მე-3ა მ/რ კორპ. N23
44.70214048297555,41.7052158234503,44.7033687164327,41.70627267618452,ზლეთისერის მთა
44.72935284438105,41.70973736479363,44.73101505006766,41.71073473577789,ვახტანგ ტაბლიაშვილის ქუჩა
44.77170130492886,41.70673560904793,44.773606110823536,41.70842012239076,ბაზალეთის ქუჩა
44.78307105636398,41.7023366464259,44.78427294367041,41.703237353538654,"იაკობ გოგებაშვილის ქუჩა #25"
44.77544757923982,41.75354735068414,44.776650420795846,41.754448049280406,გრიგოლ რობაქიძის გამზირი
44.69758587121197,41.69510258539165,44.69881172740887,41.69614501392742,26 მაისის ქუჩა
44.835708434768584,41.803657126686154,44.83705256728105,41.8045648733243,VII მიკრო რაიონის პარკი
44.89496616532842,41.683728585764676,44.89614683642288,41.684670413853155,"ქიზიყის ქუჩა #22"
44.79208721106634,41.68567654485327,44.793288788966585,41.686577255111274,"მარო მაყაშვილის აღმართი #6"
44.80359535158744,41.745679249253165,44.80479804844373,41.74657995071138,
44.798318842215956,41.798625956678585,44.79981915537745,41.79960264227578,"დავით სარაჯიშვილის ქუჩა #12"
44.851553287109034,41.709316107676564,44.852861716436344,41.71035789227788,"ვაზისუბნის III მ/რ II კვარტალი #11"
44.81805851039631,41.81189644714259,44.81922849169414,41.81281955240211,გლდანისხევის ცენტრი
44.77942868845406,41.825933881245874,44.780627209721914,41.82692091811149,ბარისახოს ქუჩა
44.86657381909669,41.684562943024225,44.86777538092439,41.68546365694036,პეტრე ხვედელიძის ქუჩა
44.73683295839179,41.78854945886831,44.73831273877203,41.78948044129786,დავით ბატონიშვილის ქუჩა
44.81461302361431,41.81282065424644,44.815816976415206,41.81372134571808,"#59-ე საჯარო სკოლა"
44.86874885273613,41.679839208452755,44.87027044755151,41.68091939120601,"მოსკოვის გამზირი #12"
44.7601808560099,41.83093965725829,44.76138514402834,41.83184034270622,"მშვიდობის ქ. #16"
44.757303752003956,41.72639088158381,44.75990933931727,41.729035978618725,რესპუბლიკური საავადმყოფო
44.805895983866144,41.71108784686301,44.80719651887913,41.71210005310219,რკინიგზის გზაგამტარი
44.803907907596106,41.825247655503944,44.80511209243513,41.8261483444606,"დიდგორის ქუჩა #58"
44.76635813521166,41.7200810779842,44.76846606701178,41.72104822245028,"ბახტრიონის ქუჩა #24ა"
44.741901495541796,41.793823739585804,44.74326140067678,41.79473246042366,"#192-ე საჯარო სკოლა"
44.81789156445134,41.73638944331743,44.81907203818418,41.73728965643458,
44.724235617207384,41.73314090376549,44.72560668326968,41.73413319598061,"#102-ე საჯარო სკოლა"
44.76516321635169,41.718253371521975,44.76633007983663,41.71917952811116,"#112-ე საბავშვო ბაღი"
44.91240811911652,41.684970812688164,44.91358587916117,41.685895187010715,"ქიზიყის ქუჩა #25ა"
44.80272258332219,41.789448295530384,44.80413651478764,41.790365104543255,თამარ ვახვახიშვილის ქუჩა
44.773874929834136,41.76539159739159,44.77599997050958,41.76630220265708,რობერტ ბარძიმაშვილის ქუჩა
44.82689163090803,41.80131505303976,44.82809536911951,41.802215746924794,"ილია ვეკუას ქუჩა #42"
44.817052011963575,41.80745703586728,44.81946423732359,41.808581041055355,შოთა მიქატაძის ქუჩა
44.7741518276933,41.79787512441307,44.77550457266892,41.798874075486324,"გრიგოლ ფერაძის ქუჩა #5"
44.80335349243301,41.71638890588939,44.80459270954919,41.71729189374236,პეტრე მამრაძის ქუჩა
44.74255703446305,41.78680150268515,44.74376336683108,41.787852297267186,"მირიან მეფის ქუჩა #75"
44.76837831598494,41.8225031769576,44.770176686675974,41.82346482343073,ზაჰესის გადასახვევი
44.880438094642045,41.69523329378066,44.88188810615392,41.69625100576092,ვარკეთილი ზემო პლატო
44.778185089008176,41.801762610210716,44.77970291590995,41.802995389926515,გოდერძი ჩოხელის ქუჩა
44.81238438384984,41.82238378718897,44.81357522008045,41.823334612489376,ავჭალა-2-ის დას. მეგობრობის ქუჩა
44.819706877176735,41.688736337768,44.82103132543848,41.689764162222474,გუთნის ქუჩა
44.77368378490645,41.71636296566875,44.77583490707205,41.717502735812374,ჩაილურის ქუჩა
44.815175096935455,41.69853665001226,44.816639903142,41.69943834996278,"გუმბრის ქუჩა #14"
44.70258721143894,41.73975455220734,44.703789788608326,41.740655247757175,"ავთო ვარაზის ქუჩა #107"
44.81977802375321,41.78606393994345,44.82147499759778,41.78770836229836,"იოსებ ნონეშვილის ქუჩა კორპუსი #2"
44.808402033234856,41.711367891677575,44.80986282696399,41.7127498243223,ივანე მიჩურინის ქუჩა
44.75372452426005,41.795927654363574,44.75801025021276,41.796980243363855,"დემეტრე თავდადებულის ქუჩა #30"
44.69389203722272,41.69267216036029,44.69545896274632,41.69376433915848,სოხუმის ქუჩა
44.81487243617474,41.69363704486555,44.81607416385458,41.69453775509899,ჰამლეტ გონაშვილის ქუჩა
44.81934985994928,41.81314266228422,44.82163332429668,41.814571773054816,"გლდანისხევი #10"
44.68899415337672,41.692403649050924,44.69019584667258,41.69330435091357,დავით აღმაშენებლის სახელობის ეკლესია
44.820980302146275,41.8218289264994,44.8222266978885,41.82275907345002,"26 მაისის ქუჩა #85"
44.7839823899121,41.70946854695969,44.78518441012216,41.71036925300483,"მერაბ კოსტავას ქუჩა #47"
44.8493400148808,41.69941483323077,44.85054498769018,41.70033916658748,"შალვა მშველიძის ქუჩა #7"
44.78112117390553,41.796895653921474,44.7823248261293,41.797796346043036,ბობ უოლშის ქ. (კორპუსებთან)
44.78023694686067,41.812968093824956,44.781544054763785,41.81395990615717,"გრიგოლ ფერაძის ქუჩა #42"
44.8140599617845,41.819425054780105,44.815264038245104,41.82032574518442,
44.77844268584386,41.77012612409172,44.779957820484235,41.771423976091874,"აკაკი ბელიაშვილის ქუჩა #99"
44.76471012917528,41.716073948075405,44.765912270862046,41.71697465188911,ალექსანდრე შავერზაშვილის ქუჩა
44.76266455668122,41.750643421434376,44.76410034741859,41.75157267870321,ვაშლიჯვარი III ზონა
44.79802979758774,41.81045496867158,44.79981259673955,41.81186103146135,მორის ფოცხიშვილის ქუჩა
44.86894653610957,41.6958478526648,44.87040126097784,41.69677564747862,იმედა კახნიაშვილის ქუჩა
44.7747372853749,41.76360305149697,44.7759403146609,41.76450374846756,სიკო დოლიძის პარკი
44.72254496506025,41.86215106104904,44.723749834984055,41.86305173891543,
44.90511459713649,41.73634732993259,44.90634849954575,41.73722066984436,"პატარა ლილო დავით აღმაშენებლის ქუჩა #33"
44.825271282244486,41.82056452957136,44.82649202028483,41.821443370239365,"გრიგოლ ორბელიანის ქუჩა #28"
44.76980687367043,41.80211247950645,44.77204620474345,41.803711093610744,"დავით აღმაშენებლის ხეივანი #234"
44.76839329225798,41.78396192924787,44.77047699950423,41.78562947097453,დავით აღმაშენებლის ხეივანი მე-12 კილომეტრი
44.82434419961959,41.71753369334583,44.82573199853748,41.71849430603244,"ცაიშის ქუჩა #15"
44.774721931529015,41.754750646756705,44.776348967363596,41.75567385335725,შოთა შალიკაშვილის ხიდი
44.721562821011055,41.72245795730822,44.722987680875676,41.723907841728014,მიხეილ შავიშვილის ქუჩა
44.79542859489567,41.71862258527013,44.80214427458105,41.72465188418743,სადგურის მოედანი
44.90527331344111,41.73476833954232,44.906470989786946,41.73570226020904,პატარა ლილო დავით აღმაშენებლის VI გასასვლელი
44.712407615945544,41.72450775801289,44.715649683708534,41.72559789134795,"ელიზბარ მინდელის ქუჩა #3"
44.904692680265,41.72624916019671,44.90593741693003,41.72713143964179,"პატარა ლილო დავით აღმაშენებლის ქუჩა #86"
44.905588970368164,41.740758953004466,44.90685492919741,41.74166094696895,პატარა ლილო ნიკორწმინდის ქუჩა
44.845893635740346,41.77935275088626,44.84709696428414,41.78025344907828,რაჭისუბნის და ვარდისუბნის ქუჩების გადაკვეთა
44.75694492009107,41.72961745988629,44.75890697895889,41.73106652265612,ბუდაპეშტის ქუჩა
44.7572418281094,41.82404033529681,44.75872917471104,41.82517766472549,"#208-ე საჯარო სკოლა"
44.838378204317884,41.72807893620703,44.83954979256046,41.72898376348791,
44.69035071941497,41.687659813393985,44.69249937679891,41.68867618733809,გრიგოლ აბაშიძის ქუჩა
44.71635142047551,41.71263592033668,44.71848464227501,41.7143282184699,ბაგების სტუდქალაქი
44.814875622417,41.70826235465372,44.816142378923786,41.709189645093716,"პაატა სააკაძის ქუჩა #32"
44.76092782897143,41.751191319910795,44.762150969780585,41.75230367999997,"#33-ე ბაგა-ბაღი"
44.82282003556081,41.70441664551597,44.824021964467256,41.70531735444859,"მუჯირიშვილის ქუჩა #12"
44.76909375409654,41.734835649410826,44.77029624594011,41.735736350553715,ელისაბედ ჩერქეზიშვილის ქუჩა
44.76827424177049,41.78718102650491,44.76985346838796,41.78875007384093,დიღმის ხიდები
44.76209442402421,41.76141782003131,44.76342057828158,41.76232217995391,სოფელ დიღმის სასაფლაო
44.7908640981024,41.8224585981185,44.792203901808655,41.8234419017417,"ლიბანის ქუჩა #37"
44.82508230654924,41.73548098323626,44.82627609043264,41.73634441647948,
44.89714174468332,41.68374655487924,44.898510555009885,41.68474144490425,"ქიზიყის ქუჩა #11"
44.81100486953191,41.729214436636134,44.81215662809965,41.730110762890305,"რევაზ ურიდიას ქუჩა #135"
44.79278021495452,41.696002345645525,44.793981985078304,41.696903054319016,"მთაწმინდის ქუჩა #2"
44.86026014567417,41.79963465219277,44.86146385434803,41.80053534777178,"დავით აღმაშენებლის #100"
44.76930442712462,41.795089685916395,44.77141476622662,41.79668561403544,მუხათგვერდის გადასახვევი
44.872990721984756,41.70149868939634,44.87420627957107,41.702613410539065,ილია სუხიშვილის პარკი
44.769049645395675,41.715470593593416,44.77045255324899,41.716452005900635,ბაკურიანის ქუჩა
44.88391087853028,41.69168574315098,44.885223217439304,41.69258065676112,"ლევან მაჭავარიანის ქუჩა #10"
44.79115062202007,41.69449848753628,44.792960797590034,41.69575045235532,ფუნიკულიორი
44.835083021069856,41.69519034450308,44.83628477895625,41.696091055461466,რომან გვენცაძის ქ. N32
44.828370607199744,41.78608358783158,44.829607389988496,41.78696041150248,"#151-ე საბავშვო ბაღი"
44.80317669090746,41.74146664893313,44.80437930912378,41.74236735103142,"ჯავის ქუჩა #73"
44.81794902613838,41.67772670170017,44.82004107917145,41.67897708456136,კალანდაძის ქუჩა
44.81809454169088,41.68720113689837,44.81943185550776,41.68811006222647,იბრაჰიმ-ისფაჰანლის ქუჩა
44.80265640839679,41.77279510868483,44.80387429536924,41.77412149124292,ქეთევან მაღალაშვილის ქუჩა
44.717458821071965,41.72791365068447,44.718661178972894,41.72881434928004,"ნუცუბიძის I მ/რ, #33"
44.69970136215977,41.69660916293282,44.70155621216601,41.697849369780094,წყნეთის ცენტრი
44.78811490828659,41.76234552782814,44.78945968687454,41.76393237184702,ლიახვის ქუჩა
44.84445909517588,41.69794264451376,44.845660904848735,41.69884335545079,მთისძირის ქუჩა
44.84972534349351,41.68985446357453,44.85099805374232,41.69074473631826,ათანასე ხარაბაძის ქუჩა
44.77110856617747,41.81488017486838,44.77271935851856,41.81690139648415,"დავით აღმაშენებლის ხეივანი #213"
44.813412810513,41.73334241142346,44.81551412511966,41.7344017440915,"ჟღენტის ქუჩა #83"
44.75623252986068,41.79203281350221,44.75819737608349,41.793086087468154,"იოანე პეტრიწის ქუჩა #14"
44.71665683171336,41.72677665062617,44.71785916833163,41.72767734933832,"ერმილე ბედიას ქუჩა #14"
44.71173885207847,41.810258257385485,44.71294274796746,41.811158942579,მუხათგვერდის სასაფლაო
44.79921407820705,41.79685051544939,44.80275823928932,41.79855163656362,"#45-ე საჯარო სკოლა"
44.79603978010697,41.6889881450021,44.797241419925335,41.68988885496245,გიზო ნიშნიანიძის ქუჩა
44.83737045986037,41.6792131606675,44.83879834051251,41.68011873933296,რიჩარდ ჰოლდბრუკის ქუჩა
44.86018941344998,41.70667444488239,44.861391386572144,41.707575155082196,თბილისის ზღვის პლაზა
44.76224265998604,41.827898813629524,44.763476939948625,41.82897998612853,სვიმეონ შოთაძის ქუჩა
44.776888578996946,41.754359892899515,44.778322728078116,41.75565350720156,დიდუბის რაიონის გამგეობა
44.73362940137071,41.731516348024265,44.734869595929545,41.73247665186081,"დათუაშვილის ქუჩა #5"
44.76774384778158,41.77179100314816,44.7698442501087,41.77275639724788,საქალაქო სასამართლო
44.87768021765575,41.68976016221792,44.87954217620282,41.691779370132636,"#115-ე საბავშვო ბაღი"
44.8109050878496,41.77400960263808,44.81274880600809,41.775051298227645,ზღვის უბნის XI მ/რ II კვარტალი
44.81396229332374,41.783996651995466,44.815165706705834,41.784897347969064,"ლერი ლაგურაშვილის ქ. #5"
44.816659757689976,41.69948565213931,44.81801464182414,41.70039084785483,"საინგილოს ქუჩა #10"
44.78790585077232,41.69998897062849,44.789115048736534,41.70098542920636,პოლიკარპე კაკაბაძის ქუჩა №39
44.81453384451398,41.80306917736128,44.816088161666954,41.80438082284288,ანდრია რაზმაძის ქუჩა
44.79284598474125,41.71448742759009,44.79615243319113,41.71716267290297,ია კარგარეთელის ქუჩა
44.7983855930507,41.77440956721847,44.7996241072536,41.77551143255121,პეტრე გამყრელიძის ქუჩა
44.894120431678274,41.703139358154544,44.895358067411124,41.70407124180671,"ევგენია მაისურაძის ქუჩა #7"
44.861615529030324,41.68989790021987,44.86282046734013,41.690854099530235,"#139-ე საჯარო სკოლა"
44.788931106323176,41.75012254102624,44.791061280665765,41.75209655974086,ღრმაღელეს ქუჩა
44.77775037313858,41.708315516989714,44.779620275258495,41.709763476196194,სახელმწიფო უნივერსიტეტი
44.758916127900314,41.718223406570544,44.760121572646106,41.719198493292225,"ზაზა ფანასკერტელ-ციციშვილის ქუჩა #1"
44.80418773536951,41.78474796673936,44.806495716650645,41.786214497752816,"აბაის ქუჩა #47"
44.780147462481104,41.82956834588801,44.78196553567975,41.830514654382704,ავჭალა 2-ის სასაფლაო
44.79282279314801,41.718918285800484,44.79486700977898,41.719902314743436,მიხეილ წინამძღვრიშვილის ქუჩა
44.80824211087517,41.72430999129802,44.80946859287503,41.72528910848932,მე-5 საჯარო სკოლა
44.805247729154495,41.726634547711036,44.806450070876394,41.72753525225352,"რეზო ინანიშვილის #20"
44.79191065481721,41.6891001010604,44.79339984601023,41.69001309899207,შინდისის ქუჩა
44.766362739587315,41.72383973815748,44.76934150529472,41.729204265366455,დავით გამრეკელის ქუჩა
44.762152128038494,41.80188265490772,44.76335587199937,41.80278334505679,ზურგოვანა
44.728182237741336,41.72757938232265,44.72950765980521,41.72860401767077,მხატვრის ქუჩა
44.814670742640914,41.71904553939689,44.81750490850286,41.72065208181506,"ცხრა ძმა ხერხეულიძის ქუჩა #117"
44.81963396968382,41.71050799150094,44.82274878851557,41.71199055342426,მნათობის ქუჩა
44.74267294557321,41.72802499497812,44.744082353615724,41.72906610490861,ფერდინანდ თავაძის ქუჩა
44.75804739324871,41.82561605043994,44.75925170757451,41.82658494938233,"გიორგი და ზვიად უგრეხელიძეების ქუჩა #15"
44.77379555234947,41.75918200948312,44.77518325121064,41.76028149055339,ნოდარ ახალკაცის ქუჩა
44.80489529449497,41.69815234548057,44.80609710553595,41.699053054484004,იუსტიციის სახლი
44.87146240478806,41.69760062847094,44.87269938947894,41.6991562714278,რიგის ბაღი
44.92391520430764,41.695458286582735,44.9257225920025,41.69679051326212,ორხევი კობა აბზიანიძის ქუჩა
44.83058738034799,41.730313574263484,44.83179521886621,41.73130792550769,ნიკოლოზ აგიაშვილის ქუჩა
44.82422378880508,41.686866768158495,44.82811679225577,41.68854677024406,მ/ს 300 არაგველი
44.81926597026099,41.81135206899437,44.820546326147415,41.812371030915976,"თიანეთის გზატკეცილი #43"
44.77843885837126,41.68369385503004,44.780107136279696,41.68468914553284,ოქროყანის გადასახვევი
44.717382703734906,41.71688350566756,44.71882499455164,41.71834359321302,ბაგების საბაგირო
44.722988982239734,41.7201250480131,44.72422641424789,41.72110655182237,"#35-ე საჯარო სკოლა"
44.871355504616645,41.70846214016236,44.87275279664289,41.70944515936153,"ვარკეთილი 3 - IIIა მ/რ #338"
44.81948077694034,41.71694853676095,44.8208862243509,41.7178614632883,ატოცის ქუჩა
44.746523282805015,41.73186464992676,44.74772571723523,41.73276535003776,აბულაძის და დელისის ქუჩების კვეთა
44.81223530399654,41.68840657808068,44.81366779494049,41.68940852143263,აბანოთუბანი
44.47618334309803,41.900523496259034,44.48063136660784,41.90246209252279,კავთისხევი
44.719788868480926,41.72281485019353,44.72099113156355,41.72371554977096,"ვაჟა-ფშაველას გამზირი #91"
44.79550455711591,41.755832650274044,44.79670744291657,41.75673334969048,"გვაზაურის II შესახვევი, N 67"
44.80896271756835,41.70829251920023,44.81019537896228,41.709268380625964,ლამის ქუჩა
44.722475477394596,41.86083736094833,44.72368032264972,41.86173803901618,
44.700553598290924,41.719725950715414,44.701755801756605,41.72062664924906,იოსელიანის IV შესახვევი
44.81915038476523,41.7029591442552,44.820362115313955,41.70396635562851,"ფშავის ქუჩა #30"
44.814355690227686,41.729186408541544,44.81556080948319,41.73014959137602,ეფრემ ზაქარიაძის ქუჩა
44.86399543853747,41.689654933794856,44.86616456296527,41.690751513449605,ალექსანდრე წულუკიძის ქუჩა
44.79141783230426,41.745554735342296,44.793039565392775,41.746747564509306,მე-11 საჯარო სკოლა
44.81152198486916,41.79799540356502,44.812772914256506,41.79915209620343,ქართველთა და ებრაელთა ძმობის ხეივანი
44.88078140238584,41.683421286991305,44.882906020800895,41.68483185766967,აკაკი ვასაძის ქუჩა
44.844732108535,41.69650664439503,44.84593389148957,41.69740735556953,მესხეთის ქუჩა
44.74693243156403,41.97182096879312,44.74813936847656,41.97272163117136,
44.80597545362232,41.7367133997206,44.807211847477845,41.73777769964149,კურსების ქუჩა
44.810511878570935,41.70741259884474,44.81186902160692,41.70831500113351,დოდო ჭიჭინაძის ქუჩა
44.797588194154145,41.728931194560744,44.799083998644264,41.73026900562999,"#112-ე საჯარო სკოლა"
44.827679914078765,41.71744164642392,44.82888208594855,41.71834235354063,ცაიშის ქუჩა
44.76783054856715,41.77827645286776,44.769033851469764,41.77917714709676,ლევან ფიცხელიანის ქუჩა
44.80701885101124,41.69207204494595,44.80822054901932,41.6929727550186,მშვიდობის ხიდი
44.812821436295096,41.70784657002995,44.81417756154312,41.70888642997264,"#26-ე საჯარო სკოლა"
44.7636816169911,41.7883297550959,44.76557348268827,41.78950659829794,გიორგი ბრწყინვალეს ქუჩა
44.815540789771255,41.71554400038167,44.81930993986289,41.71928009924682,თეკლათის ქუჩა
44.77204548501588,41.73148294890452,44.77324911831345,41.732741451032005,"ლევან გოთუას ქუჩა #23"
44.808390705972194,41.719917296323025,44.80968089059327,41.72094130361172,"მარუაშვილის ქუჩა #5"
44.84413916993345,41.67589848354314,44.84595993239932,41.67698271475928,დირსიჭალის ქუჩა
44.77386231991398,41.781314652917246,44.77506568012198,41.78221534704728,საავადმყოფოების კომპლექსი
44.72624242360103,41.7704536536952,44.72744557644251,41.77135434626933,"დავით სარაჯიშვილის ქუჩა #82"
44.906734299313065,41.68406113990801,44.907926002156714,41.68502495973776,"ქიზიყის ქუჩა #48"
44.73967905597857,41.77159787769199,44.741040946897506,41.77265812232253,წმინდა გიორგის უბანი
44.72421387423479,41.72269422463198,44.72550672982548,41.724153675171216,ვარლამ თოფურიას ქუჩა
44.7947241683455,41.737024688912435,44.79616892732215,41.7379577112504,მე-10 საჯარო სკოლა
44.706220023643084,41.744994877977376,44.70800598255276,41.7460271228239,იოსებ კეჭაყმაძის II შესახვევი
44.878562325399486,41.67876903937807,44.880886862630945,41.680192887638164,2 კმ
44.81597596546046,41.711967646279135,44.817178034568705,41.71286835368541,ოთარ ჩეჩელაშვილის ქუჩა
44.89140423296555,41.692269708941595,44.892609765556884,41.69334529100772,გიორგი ბერიაშვილის ქუჩა
44.90463499022241,41.67951381491401,44.90625011849729,41.68064451317661,ბესარიონ ჭიჭინაძის შესახვევი
44.809623296388324,41.70230715437914,44.810903106965114,41.70319504548793,"მიხეილ ბუხაიძის ქუჩა #24"
44.726253339927545,41.71002265180439,44.72838935982674,41.71133094667561,ზურაბ საკანდელიძის ქუჩა
44.80168447547178,41.6894639448839,44.80288612455963,41.69036465508064,"შალვა დადიანის ქუჩა #32"
44.827648103831216,41.79358280227853,44.82898689850897,41.794489197721205,ნიკო კეცხოველის ქუჩა
44.760021978045486,41.82698645016107,44.76127681940076,41.827873549712685,"გიორგი და ზვიად უგრეხელიძეების ქუჩა #1"
44.81837660650516,41.80965074120447,44.8195623954568,41.8106132582036,კარლო მებაღიშვილის ქუჩა
44.81284460350411,41.73670438310051,44.81415349491298,41.737643216513845,
44.886407405967894,41.689168429933964,44.887626693087775,41.6902017696509,გიორგი ბერიაშვილის ქუჩა
44.686533296707665,41.80563935806251,44.68773710334228,41.80654004190196,სოფ. თელოვანი
44.8567341837693,41.69169065654664,44.85818291934225,41.69261834359389,იოსებ და ლეონ ორბელების ქუჩა
44.792151023527474,41.7204556951332,44.79351466932956,41.72171610485891,აბასთუმნის ქუჩა
44.88098481491807,41.70703569717621,44.88256647525517,41.70870994963903,ვარკეთილის ცენტრალური პარკი
44.70797746262904,41.72341477431455,44.70964703959573,41.7246253254782,შეფასებისა და გამოცდების ეროვნული ცენტრი
44.812391848550234,41.799480953253756,44.8135955514796,41.80038164671077,გმირი კურსანტების ქუჩა
44.8212732158055,41.717297647302324,44.82258688339958,41.71828235265578,"ცაიშის ქუჩა #36"
44.737625335056364,41.79206160611103,44.739028965221195,41.79307309362254,"არჩილ მეფის ქუჩა #8"
44.88713696379932,41.68385927542235,44.8883680310346,41.68535142448411,გიორგი აბაშვილის ქუჩა
44.792212904837655,41.761444750808465,44.79341589519535,41.762345449156044,ლიახვის ქუჩა
44.73399428068168,41.717609136814076,44.7355144185097,41.71865246260228,"უნივერსიტეტის ქუჩა #11"
44.81033078918945,41.720174347069076,44.811533010840634,41.72107505289548,"აჭარის ქუჩა #15"
44.82353342304843,41.81902335850439,44.82480087447301,41.819921540906925,"გრიგოლ ორბელიანის ქუჩა #16"
44.663521380445495,41.839546761756225,44.664725819608215,41.840447438208216,
44.70261768151678,41.72151375077153,44.703819918530435,41.722414449192996,ანა პოლიტკოვსკაიას ქუჩა
44.79096523512202,41.695893984916545,44.79218616376403,41.6969935149949,მთაწმინდის ქუჩა
44.85153021636993,41.69754263101083,44.853004319672124,41.69901250523935,"ნიკო მუსხელიშვილის ქუჩა #7"
44.82304439803407,41.68097632613193,44.82464359473599,41.68237227414355,ბეჟან კალანდაძის ქუჩა
44.796981327687725,41.77324565218897,44.798187871320664,41.77427284776336,ალექსანდრე ბარამიძის ქუჩა
44.86986202864482,41.69108708424704,44.87252134195954,41.69250390007782,მ/ს ვარკეთილი
44.79030011627982,41.706610946550626,44.79150208375341,41.7075116534139,გალაკტიონ ტაბიძის ხიდი
44.733037932301556,41.72786665529578,44.7342431680351,41.728831644612114,"რამაზ ჩხიკვაძის ქუჩა #6"
44.72624555954617,41.91591226513986,44.727451440497646,41.916812934824634,
44.76818281807501,41.755315011578304,44.76966648175411,41.75637518811258,პოლიციის დეპარტამენტი
44.721768247428656,41.7339568947262,44.72417020260713,41.7354052816621,"ლეო და ნოდარ გაბუნიების ქუჩა #22"
44.83309150095928,41.686567037479136,44.83460099803414,41.68760016190119,ლეხ კაჩინსკის ქუჩა
44.821829218057374,41.81537179199265,44.82308808221308,41.81649490750355,გრიგოლ ოშკელის ქუჩა
44.72897885287861,41.72293046686283,44.73205157379511,41.724651270192595,მ/ს ვაჟა-ფშაველა
44.80596887824982,41.721364647277355,44.80717112178094,41.72226535268717,"მეუნარგიას ქუჩა #72"
44.77411717438598,41.72523373426621,44.775522622723095,41.72615996468533,თბილისის მერია
44.72027243044209,41.735701512889904,44.72175836635056,41.73685378715512,"ლეო და ნოდარ გაბუნიების ქუჩა #21"
44.79632461612563,41.72000254413313,44.79758557957822,41.721034355714345,თევდორე მღვდლის ქუჩა
44.77415517909827,41.77890923829973,44.77551562823171,41.780176861669204,"ლიუბლიანის ქუჩა #19"
44.70116105529228,41.70286764936474,44.70236294475512,41.703768350599745,მძლეთის ქუჩა
44.78121767382716,41.82417849499198,44.78267999998291,41.82591199901,"#48-ე ბაგა-ბაღი"
44.92759955268029,41.69975336082711,44.928967252624226,41.70091113918363,ორხევი ძმები სლოვინსკების ქუჩა
44.74653594905332,41.728562559215646,44.74794835390649,41.729489539680905,დელისის ქუჩა
44.76626278224225,41.73046170496089,44.76888751582227,41.731848786200594,ზურაბ ჟვანიას მოედანი
44.88939006942578,41.69547910705528,44.890609931788404,41.69658089286507,დამპალოს სასაფლაო
44.70581072262478,41.73853665198072,44.707013277421964,41.73943734798376,სოფელ აგარაკის გადასახვევი
44.732667435169176,41.72887319453963,44.734222560699195,41.72982900578074,"რამაზ ჩხიკვაძის ქუჩა #19"
44.57696795082807,41.88595856991934,44.57817324923961,41.886859230045026,
44.81775033238581,41.73253323701922,44.81900376925146,41.73348506293065,"სამღერეთის ქუჩა #3"
44.78685924279845,41.7254907467471,44.7894038379691,41.72779314648614,"მ/ს ""წერეთელი"""
44.874206271399665,41.6761163706987,44.876119124509934,41.67712112995913,"მოსკოვის გამზირი #24ა"
44.88108212612887,41.699826191848764,44.882562770034305,41.70076450835662,"#166-ე საბავშვო ბაღი"
44.89818243992337,41.676393493348456,44.89934755803395,41.67730150628607,"გრიგოლ ლორთქიფანიძის ქუჩა #146"
44.820253170476846,41.73234514269454,44.82153652727178,41.73325615676224,"სამღერეთის ქუჩა #10"
44.716161365793106,41.840789559614,44.71736583425219,41.841690240350495,
44.824912523182284,41.78763054150818,44.826569474415166,41.788657457123755,"#174-ე საჯარო სკოლა"
44.72199855578662,41.725438522944245,44.723203443385366,41.72642207684538,"#128-ე საჯარო სკოლა"
44.72316538778239,41.77430365411424,44.72436861226166,41.77520434585028,"დიდგორის ქუჩა #73"
44.77771154354561,41.7466475500721,44.7789142564897,41.747548249892425,"თორნიკე ერისთავის ქუჩა #2"
44.87761944143605,41.671499311885185,44.87905366168826,41.67242448823779,"ბოგდან ხმელნიცკის ქუჩა #7"
44.845658206173596,41.69342851929435,44.84687189405815,41.69445238060939,"კაკაბეთის ქუჩა #78"
44.736851866608426,41.72692976182329,44.738371430057974,41.72787133841022,კომაროვის სკოლა
44.86965148990663,41.693618108968884,44.8710569103641,41.694643990855894,"#145-ე საჯარო სკოლა"
44.862186204041144,41.682843369067584,44.86364379665012,41.68375363096468,"მოსკოვის გამზირი #15"
44.71037497944602,41.74589601665858,44.71303581111807,41.74713928551603,იოსებ კეჭაყმაძის ქუჩა
44.73020163101171,41.73086731446328,44.731417769624414,41.731889485266976,დათუაშვილის და კაპანელის ქუჩების კვეთის მოპირდაპირედ
44.80907026531743,41.78353381893881,44.810351432742436,41.78445268062938,"#154-ე საჯარო სკოლა"
44.68943174481823,41.736254652480746,44.6906342552311,41.73715534748375,სოფელი აგარაკი
44.82684534069637,41.73143412815511,44.828080061635845,41.73238097173606,სიმონ მდივნის ქუჩა
44.805261041600076,41.70383234591746,44.80646295843077,41.704733054047104,ივანე ჯავახიშვილის ქუჩა
44.810873665928064,41.69045454471784,44.81207533410188,41.691355255246734,ევროპის მოედანი
44.81259576692492,41.79487201250632,44.8142802271306,41.79587998812846,ფ. მოსულიშვილის ქუჩა 27-ის მოპირდაპირედ
44.55043736147135,41.842441368084216,44.55164183860043,41.84334203188016,
44.75325064445628,41.8961194626183,44.75445615558316,41.89702013734622,
44.78026485004058,41.81165124862284,44.78154915246713,41.81264275132844,"გრიგოლ ფერაძის ქუჩა #40ბ"
44.80244413303603,41.79544581661084,44.80373586915234,41.79636218284903,"მიხეილ იპოლიტოვ-ივანოვის ქუჩა #16ა"
44.83977084669392,41.707580504317285,44.8410983538277,41.708840394937184,"თემურ ქევხიშვილის ქუჩა #27"
44.899767979957836,41.70781960210564,44.90101552088657,41.70875849785999,ვარკეთილის მეურნეობა ვაჟა-ფშაველას ქუჩა
44.89585856360408,41.705113321003324,44.8970709358122,41.70614607892498,ალექსანდრე თვალჭრელიძის ქუჩა
44.83878774916602,41.7350956475586,44.839990250859536,41.735996352405934,უცნობ გმირთა ქუჩა
44.788977852508246,41.702585945208234,44.79030065608594,41.70440945383784,რუსთაველი
44.706439579325604,41.83940125988978,44.70764402072123,41.84030194007468,
44.78610360355222,41.69444353215835,44.78739003152539,41.695363567821914,მთაწმინდის პარკი
44.839636093695745,41.698116644631774,44.84083790632965,41.69901735533279,"გიორგი ღვინიაშვილის ქუჩა #27"
44.88462605956344,41.69732876112533,44.88632643218105,41.698831839245784,"საქართველოს ერთიანობისთვის მებრძოლთა ქუჩა #42"
44.8345431065918,41.802933114978565,44.8359158919234,41.80389888454115,"ზურა მირაქიშვილის ქუჩა #11"
44.82777801477378,41.80339384938798,44.831759593687856,41.804982454906146,კონსტანტინე ლესელიძის ქუჩა
44.76736733177832,41.827012025081615,44.770558010786054,41.82924722850142,თბილისის შემოვლითი გზა
44.74906634128591,41.7255794493445,44.750268658753924,41.72648015062003,მიხეილ ასათიანის ქუჩა
44.75353879751949,41.73094020263941,44.755266404578094,41.73217149705149,ვახტანგ ჩიქოვანის ქუჩა
44.74072652081337,41.76888995677362,44.74226047719932,41.76982004338842,გრიგოლ ხანძთელის ქუჩა
44.66891790720436,41.791805854547526,44.67010609656748,41.79274814513155,სოფ. დიდგორი
44.74056065071112,41.79250722503294,44.74218005047827,41.79365777465149,"არჩილ მეფის ქუჩა #12"
44.81989106637746,41.79754855291283,44.82109473365118,41.798449247051714,სამამულო ომის გმირების ქუჩა
44.84212345570995,41.80874391101912,44.84339054618382,41.80965908858863,გლდანის ტბა
44.776834377395396,41.775151652340895,44.77803762264009,41.776052347623605,"კონსტანტინე ჩაჩავას ქ. #1"
44.81320899362302,41.8004329993918,44.81480601300255,41.80239399956881,ლევან კბილაშვილის ქუჩა
44.81743196460668,41.71396862927943,44.8188040394678,41.71488137074608,კუკიის სასაფლაო
44.77434405994316,41.68523952461882,44.7755607397613,41.686267075189626,"ოქროყანა #28-ე საჯარო სკოლა"
44.900846314680585,41.6742066416648,44.902047685335056,41.67510735829977,"ნავთლუღის II დასახლება, V ქუჩა #59ა-ს მოპირდაპირედ"
44.87711030363387,41.6884104424095,44.87861130075105,41.68935745784473,"კალოუბნის ქუჩა #20"
44.79945788930949,41.8272166557798,44.80066211072246,41.82811734418472,"დიდგორის ქუჩა #42"
44.77539590567783,41.70781304708886,44.77659789435778,41.708713752875674,"ფალიაშვილის ქუჩა #11ა"
44.897380937009785,41.67543961729768,44.89867206135895,41.67642238267969,"ნავთლუღის დასახლება, V ქუჩა #21ა"
44.80238641231107,41.73917534877427,44.80358898772028,41.740076051190265,გეგუთის ქუჩა
44.861514768851045,41.67259831069783,44.862727629530426,41.67361688860374,"ბერი გაბრიელ სალოსის გამზირი #120"
44.90987590575648,41.67705185376412,44.91115409349441,41.6779941460778,ლუკა რაზიკაშვილის ქუჩა
44.74599053278441,41.71090690695658,44.74749026772708,41.711953692559604,სპორტის უნივერსიტეტი
44.739584499864115,41.727155752482915,44.74097389996532,41.728171647343515,მამია გურიელის ქუჩა
44.82781404883412,41.67416652187226,44.83135333526044,41.6761518626976,დიმიტრი გულიას მოედანი
44.87411521839429,41.68873781485226,44.87552228022281,41.689720384622795,"კალოუბნის ქუჩა #12"
44.832463045080935,41.72747706225057,44.83378515145977,41.72837633769781,
44.79553273114337,41.69010875121809,44.7990348390983,41.691782032713725,მიხეილ ლერმონტოვის ქუჩა
44.67623550266524,41.975279971862385,44.67744249738673,41.97618062810205,
44.90145082591578,41.68069806532532,44.9033081690378,41.68171793541971,აბელ ენუქიძის ქუჩა
44.7960406181381,41.81484080390165,44.79729338198207,41.815965495745004,"#54-ე ბაგა-ბაღი"
44.87373475048478,41.710391071310454,44.875208349278005,41.71144882840912,"ვიქტორ კუპრაძის ქუჩა კორპუსი #404"
44.67273549440082,41.97617757208938,44.6739425056517,41.97707822787507,
44.79397681417042,41.739152424850296,44.79538028748559,41.740209275123185,ზაზა ურუშაძის ქუჩა
44.808445296840915,41.696176706580424,44.81015259038027,41.69805024325061,ელენე ახვლედიანის აღმართი
44.81619830986248,41.77126649897221,44.81910846170677,41.772517575068875,თბილისის ზღვის ასახვევი
44.828796405799146,41.784504136013496,44.83098839969325,41.78556986506443,მუხიანელი გმირების სკვერი
44.79022868370352,41.697593828788655,44.7914711170398,41.6987280710081,პოლიკარპე კაკაბაძის ქუჩა №23
44.70375147635403,41.689846148235056,44.704953123692924,41.69074685172945,საირმის ქუჩა
44.74359483722282,42.05581197552238,44.74480336281845,42.056712624442106,
44.82130141782604,41.73381087588429,44.82255357927706,41.734786624010056,ხერთვისის ქუჩა
44.82424905477971,41.702347645318724,44.82545094524812,41.703248354645865,"მუჯირიშვილის ქ. #55 მოპირდაპირედ"
44.89523536748433,41.68698881958619,44.89775642700433,41.68808168166564,მიხეილ გახოკიძის ქუჩა
44.826130403568094,41.74454118217775,44.82761659789052,41.74555081711355,ბეშენოვას ქუჩა
44.877176571614704,41.71112224492688,44.87837862840473,41.712022955037654,"ვიქტორ კუპრაძის ქუჩა #406ა"
44.799089530861046,41.79961389111564,44.80081047083945,41.800694107617495,"მიხეილ იპოლიტოვ-ივანოვის ქუჩა #111"
44.72474265120301,41.727077503108944,44.72593834999071,41.72803449665151,"ბესარიონ ჟღენტის ქუჩა #18"
44.778520225557685,41.76232645086623,44.780888539994756,41.76382589516913,ლევან ცისკარიშვილის ქუჩა
44.79970605776327,41.78768548088599,44.80249525599172,41.78992483738733,გლდანის რაიონის გამგეობა
44.83224927674842,41.741130085186356,44.83355662369896,41.742033414797035,"ბეშენოვას ქუჩა #9"
44.78027735450473,41.80409776995033,44.78145164179771,41.80502422970758,ნიკოლოზ ქაშაკაშვილის ქუჩა
44.82082512586749,41.80187465323017,44.822028874161006,41.80277534673437,"გლდანი IV მ/რ, კორპ #105"
44.81481612817113,41.67584625704245,44.81618186990942,41.676796742354085,"ორთაჭალის ქუჩა #87"
44.76275087861742,41.786990847429806,44.763957120731604,41.787968152413065,როსტევანის ქუჩა
44.75822327384171,41.76341071197323,44.759461726612926,41.76449128761939,გელა გოგიშვილის ქუჩა
44.87533220766083,41.697534051012695,44.87653869794558,41.699041448904126,"#176-ე საბავშვო ბაღი"
44.73638507558389,41.79013273670869,44.73816421790826,41.791171264118006,მარკო პოლოს ქუჩა
44.81708645911048,41.81012620579404,44.818358539898675,41.81102779417738,"#185-ე ბაგა-ბაღი"
44.838070321361826,41.6763652992045,44.841403114910285,41.67792869724265,გაბრიელ სალოსის მოედანი
44.81189018087561,41.721060647098405,44.813092419154216,41.721961352866124,"აჭარის ქუჩა #10"
44.904192415366815,41.70636664414916,44.90539438464833,41.707267355815425,ვარკეთილის მეურნეობა სამგორის ქუჩა
44.79552605124618,41.7323224979113,44.79799410011702,41.734245936233805,მ/ს ნაძალადევი
44.82320274503848,41.67590367832386,44.82441935239872,41.67711602160725,"კრწანისის ქუჩა #8"
44.80304726184049,41.73386244833854,44.80424973819077,41.734763151626,გომარეთის ქუჩა მოპირდაპირე
44.80681491808835,41.824116655337434,44.80801908194241,41.82501734462712,"დიდგორის ქუჩა #31"
44.77419047327773,41.773195973671655,44.77548512284642,41.77408512620688,მიხეილ ჭიაურელის ქუჩა
44.84789570322979,41.70780714521711,44.8490976967943,41.708707854747445,ვაზის ქუჩა
44.514574503488525,41.881733872473355,44.516123795966074,41.883509949782656,
44.76117265528123,41.79201752302979,44.76243514447457,41.79316777656619,"იოანე პეტრიწის ქუჩა #5"
44.77971911490998,41.70349455927384,44.78117638673971,41.70448754001466,აკაკი შანიძის ქუჩა
44.77604965270931,41.72315758442589,44.77770075342094,41.724520615801346,გიორგი სააკაძის მოედანი
44.821290772106664,41.74907177429498,44.822496426411725,41.750073025183084,"უცნობ გმირთა ქუჩა #23"
44.8797890889405,41.711037856854574,44.881751213145584,41.71217844124791,"ვიქტორ კუპრაძის ქუჩა #74"
44.847499618373845,41.70427803298981,44.851253839579776,41.70713404827231,ჯუმბერ ლეჟავას შესახვევი
44.69995522086214,41.742742054980326,44.70129777966705,41.74373894494433,იოსებ კეჭაყმაძის V შესახვევი
44.696233727404504,41.74215641291808,44.69775327368365,41.743191586410745,ელენე ვირსალაძის ქუჩა
44.90610373208545,41.74550532137411,44.90737176606901,41.74640187856225,"პატარა ლილო თამარ მეფის ქუჩა #37"
44.727051391146865,41.717060985191175,44.728263109817455,41.71807261446614,ოლიმპიური სასახლე
44.8373999941478,41.718978380392606,44.83881570836514,41.719897919696784,ჯარის ქალაქი
44.77691474970654,41.71697567872077,44.77872969018719,41.718324806575836,26 მაისის მოედანი
44.800965851614116,41.767108151009914,44.80216894841751,41.768008848954615,"თიანეთის ქუჩა #65-ის მიმდებარედ"
44.81233617366404,41.711573771487274,44.813747524813024,41.71248872857373,"ართვინის ქუჩა #54"
44.75957549560115,41.786997766215336,44.76102250863303,41.78793023394223,თინათინის ქუჩა
44.79305341164516,41.74202503810257,44.794401891613084,41.74293166189178,ჯავის ქუჩა
44.77357436456747,41.70851634629819,44.775482912520175,41.70959456140606,რაფიელ ერისთავის ქუჩა
44.70667745518653,41.72018765348077,44.709953262418054,41.721453399797156,ელიზბარ მინდელის ქუჩა
44.720455255765735,41.879245796427355,44.72215814719841,41.88020470393899,
44.83273160869325,41.72395444231003,44.83393299421843,41.72488295747293,ივერთუბანი თამარ მამულაშვილის ქუჩა
44.88720639633514,41.70314065121039,44.8885236046465,41.70409734852664,"მიხეილ გახოკიძის ქუჩა #163"
44.72739576425874,41.730663565350184,44.72894143509568,41.731722034060795,"პაატა დათუაშვილის ქუჩა #12"
44.72640178038125,41.720446002802625,44.72761331877208,41.72145579690584,"პეტრე ქავთარაძის ქუჩა #33"
44.83234585562296,41.69148654427419,44.83354754440358,41.69238725569039,მელაანის III შესახვევი
44.763215379077685,41.7481380244088,44.76458912566736,41.74974447518842,ვაშლიჯვარი ნანტის ბაღი
44.75969598698667,41.75308222733944,44.76110431048077,41.75416557267903,"მუხრან მაჭავარიანის ქუჩა #36"
44.87968575780647,41.68809342642652,44.881637479870115,41.68909485673538,"კალოუბნის ქუჩა #26"
44.81719286459321,41.750400314520846,44.81847353504147,41.7513483853723,"უცნობ გმირთა ქუჩა #150"
44.83415488530295,41.722706405546646,44.83565981487638,41.72376539403817,ივერთუბანი ალექსანდრე ყანჩელის ქუჩა
44.75012176347172,42.074100376735935,44.751330636568554,42.07500102322855,
44.876366708643,41.70137066509864,44.87758549223876,41.70240233451624,"#105-ე საჯარო სკოლა"
44.894951667525035,41.69003944299204,44.89615333249156,41.69094015697255,ისთ ფოინთი (მიკროავტობუსები)
44.87722884183698,41.67905446276637,44.8784690615933,41.68003593707342,პლატფორმა მე-3 კილომეტრი
44.83321241384808,41.690013474165184,44.834555687690234,41.6909216258495,ლეხ კაჩინსკის ქუჩა
44.762254246518495,41.79594916521475,44.76384275107408,41.79695383355855,"დემეტრე თავდადებულის ქუჩა #2"
44.79908137852549,41.80634261804413,44.80065361659276,41.807606382097504,ავტობუსების სარემონტო ბაზა
44.72564622503848,41.73205094735012,44.72683477865345,41.73299205233982,გაბუნიების და ქანთარიას ქუჩების კვეთის მოპირდაპირედ
44.77686340808798,41.72070487153522,44.77811578289862,41.72261012833333,ტექნიკური უნივერსიტეტი III კორპუსი
44.87068407715446,41.67918448537851,44.872259620005494,41.680166313243475,სამგორის რაიონის გამგეობა
44.82684113127175,41.6941216446099,44.82804286875567,41.69502235535467,"შორაპნის II ქ. #11ა"
44.84183932849833,41.680842697054935,44.84312967340837,41.681829302918764,უშანგი სოფრომაძის ქუჩა
44.97080626129416,41.79778225077259,44.97200993871041,41.79868294919198,
44.826511752514506,41.80488004075597,44.82782764738447,41.80585065912971,პირველი ლოგოპედური ბაღი
44.744757723105906,41.7168216488053,44.7459598769346,41.71772235115922,"მიხეილ თამარაშვილის გამზირი #13"
44.78231265843005,41.703181037211415,44.78664016075845,41.704961117136556,"#53-ე საჯარო სკოლა"
44.77887600207866,41.7566841533181,44.78032399403292,41.757615346839664,"აკაკი ბელიაშვილის ქუჩა #13ა"
44.82461973466547,41.73190669909656,44.82585896800433,41.73286480078242,ეფრემ ზაქარიაძის ქუჩა
44.775370818759065,41.718954063226825,44.779082201997355,41.72103448027822,Minibus Station to Rustavi
44.749821538653975,41.76772143576248,44.751231463253376,41.768688563543556,"დავით აღმაშენებლის ქუჩა #54"
44.74996431457318,41.7236945904068,44.75180461980175,41.72508444516314,გივი კარტოზიას ქუჩა
44.864141225707066,41.69201777481919,44.86536597580626,41.69315582509353,"შანდორ პეტეფის ქუჩა #13"
44.771151853940204,41.71601333391089,44.77266544828925,41.71694366625643,ვლადიმერ ბახუტაშვილის ქუჩა
44.90152579650017,41.70723635419567,44.90278580216591,41.708160445568055,ვარკეთილის მეურნეობა აკაკი წერეთლის ქუჩა
44.818736059336544,41.70861466720968,44.820385339439284,41.7095409329258,გუმათის ქუჩა
44.76793807405618,41.709062452792715,44.769825009884265,41.710084955453226,მზიური
44.782933578740085,41.74207936493021,44.785196447464855,41.74373730447784,მ/ს გოცირიძე
44.77611830869843,41.76229222702869,44.77793049619701,41.7633011736531,"#23-ე ბაგა-ბაღი"
44.76654052453529,41.72126869615617,44.76816607512258,41.72236840318121,"სულხან ცინცაძის ქუჩა #18"
44.83872978155652,41.68532703477789,44.84292222736596,41.688926777131705,მ/ს ისანი
44.81102773587115,41.7930617731299,44.812485366058446,41.794156326835584,სანდრო ახმეტელის თეატრი
44.79547297729749,41.735477812585806,44.79672212368997,41.736638087205584,დეპოს ქუჩა
44.7040182278838,41.69940877945317,44.705708071564516,41.700322920594054,ქაქუცა ჩოლოყაშვილის ქუჩა
44.739304149011716,41.786833061155704,44.74063385096956,41.7878139387245,იან ჰომერის ქუჩა
44.70457010123675,41.69791264883614,44.7057718988101,41.69881335112837,ლესელიძის ქუჩა
44.813388548389256,41.77898651704693,44.814670754252866,41.77998008289818,"ზღვის უბანი, III მ/რ, I კვარტალი, #70"
44.71649708494302,41.722118442552365,44.719671489836195,41.72348695288027,მ/ს სახელმწიფო უნივერსიტეტი
44.85563578946098,41.69844950566639,44.85712530878628,41.69944889353172,ვალერი უტიაშვილის ქუჩა
44.75358804750552,41.73221530069993,44.7555491515054,41.733145399454344,"ივანე ბერიტაშვილის ქუჩა #9"
44.84517119710301,41.7059331270521,44.84638540436494,41.70703577288588,"#163-ე საჯარო სკოლა"
44.858131396509656,41.69775934422097,44.85933320351279,41.698660055743574,"შანდორ პეტეფის ქუჩა #12"
44.78920800476566,41.717531140711536,44.79206111523275,41.71943351117601,დავით აღმაშენებლის გამზირი
44.75430017451317,41.76535115379224,44.75558482364441,41.766273845798366,მიხეილ მესხის ქუჩა
44.84366827183927,41.78619465147178,44.84487172818558,41.78709534849279,"სამეგრელოს ქუჩა #57"
44.82566283618659,41.72858110940784,44.82688246387592,41.7296197904224,მანანა ლოლაძის ქუჩა
44.81818915865014,41.78768965217945,44.819392641378776,41.78859034778509,რამაზ შენგელიას ქუჩა
44.70234915319658,41.89546086446688,44.70355464685102,41.8963615354976,
44.774960940834745,41.70151705250048,44.7762160576545,41.70246944745728,"გურამ რჩეულიშვილის ქუჩა #29"
44.781040349277454,41.77814195244867,44.78224365075735,41.77904264751588,"აკაკი ბელიაშვილის ქუჩა #104"
44.87333840135902,41.70899539762968,44.87458779748974,41.71007920159735,ვიქტორ კუპრაძის ქუჩა
44.796562728118495,41.780341252172285,44.79776607191384,41.78124194779226,"დავით გურამიშვილის გამზირი #154"
44.819125319027854,41.749110649121604,44.82032808100086,41.75001135084294,"უცნობ გმირთა ქუჩა #140"
44.7651573956835,41.67883672327219,44.76637259958018,41.67985227644796,თბილისი-კოჯრის გზატკეცილი
44.842443136703935,41.70526397571146,44.843662664058975,41.706334624196764,"#136-ე ბაგა-ბაღი"
44.75468706945725,41.79142507235638,44.7560627340041,41.79251222767016,"პეტრე იბერის ქუჩა #16"
44.897495126617585,41.67815676991284,44.898702870574425,41.679028229854616,"პოლიციის ქუჩა #4"
44.75463453715199,41.78820477040185,44.7563405409084,41.7894416961691,გიორგი ბრწყინვალეს ქუჩა
44.777596860447574,41.74414429316776,44.77893943363945,41.74582370654949,წყალტუბოს ქუჩა
44.7873926895529,41.75776730615431,44.788891601519836,41.75985159325931,ზიგზაგის I ქუჩა
44.69271241528655,41.68742727397546,44.69412328664187,41.68839452531608,აფხაზეთის ქუჩა
44.724215625453546,41.72836724125064,44.72543297709899,41.729302358592456,მირქმის ეკლესია
44.97695226562884,41.7759272490318,44.97815553437474,41.776827950932784,
44.79902634234628,41.803975829996084,44.800610658059874,41.804884170026746,გლდანულის ხიდი
44.74438023775072,41.73650810583364,44.74558316118077,41.737491893887345,"ლეო კვაჭაძის ქუჩა #9"
44.853502123975346,41.70748797930587,44.85472987649561,41.70857102054136,"ვაზისუბნის III მ/რ II კვარტალი #15"
44.758478236946985,41.72385996487784,44.76070655217918,41.72644311874847,ტანძიის ქუჩა
44.88416834402254,41.70333104420007,44.88537025599578,41.70423175576449,"ნიკოლოზ ლანდიას ქ. #21"
44.82958792841906,41.68688205382929,44.83117227347828,41.6879090451162,"#96-ე საჯარო სკოლა"
44.79575255884415,41.70816395341992,44.798551809114166,41.71061760333581,მ/ს მარჯანიშვილი
44.81416703484238,41.71346694174468,44.81535496669201,41.714417057928095,ლარეხის ჩიხი
44.79422465702961,41.77405600184926,44.79634864108057,41.77659815057803,მ/ს გურამიშვილი
44.9034059133175,41.72299322119864,44.9047282841922,41.72389627877998,"პატარა ლილო დავით აღმაშენებლის ქუჩა #106"
44.82204551639648,41.784641069911864,44.82396148171844,41.785592930396824,"ალექსი გობრონიძის ქუჩა #25"
44.83537927607756,41.6863608579654,44.83687182126653,41.68732484090105,"#87-ე საჯარო სკოლა"
44.770226588305604,41.81677195582022,44.771430611731,41.81767264414428,"დავით აღმაშენებლის ხეივანი #264"
44.883273269890836,41.71129294484044,44.88447533012762,41.71219365512413,იოთამ ზედგინიძის ქუჩა
44.80646361174182,41.792748452878946,44.80766718828896,41.79364914708557,თეიმურაზ ბოჭორიშვილის ქუჩა
44.76009150675153,41.72673344780772,44.766142057178165,41.72994645183344,ოთარ ჭილაძის ქუჩა
44.772751715004055,41.68129158992301,44.77407888732993,41.682314710070614,ოქროყანის სასაფლაო
44.75621140957668,41.78699147230095,44.757731586665635,41.78793652795253,"მირიან მეფის ქუჩა #46"
44.82283518979616,41.73368906119905,44.82403990962886,41.73465983866927,"წერონისის ქუჩა #172"
44.833683765681904,41.80149912916414,44.83496423534037,41.80246287080786,"დავით ჯაბიძის ქუჩა #11"
44.7546792006647,41.79415565454743,44.75588279937435,41.795056345417095,"პეტრე იბერის ქუჩა #26"
44.90183343121401,41.7186985681116,44.90314686967924,41.719684331852626,"პატარა ლილო ალექსანდრე ყაზბეგის ქუჩა #128"
44.85097114926397,41.6874089271131,44.85324684101908,41.689042241515224,"#74-ე საჯარო სკოლა"
44.92832695473499,41.70229231496567,44.929624442363476,41.70330678499431,ორხევი თეთრი ხევის პარკი
44.78908250627323,41.76408156882716,44.790834052650254,41.766819134521846,მ/ს ღრმაღელე
44.7763651965977,41.76561644486999,44.77811790774414,41.76660635568963,
44.811553114403914,41.71349001666604,44.81275988572976,41.714465983251685,მიხა ხელაშვილის ქუჩა
44.82312274636111,41.77803081046639,44.82461357230457,41.77934806150061,ლევან რჩეულიშვილის ქუჩა
44.79770314214439,41.78181407687466,44.80090304688329,41.784922996093066,მ/ს სარაჯიშვილი
44.83505526079621,41.71125210537796,44.83630403994778,41.71239999438524,მახათის აღმართი
44.739690371426924,41.94642926704936,44.740896828614794,41.947329932915146,
44.819125399535814,41.72833356249093,44.82123759948151,41.72926593768039,უიარაღოს ქუჩა
44.85902707561795,41.6785064426897,44.86022852440433,41.67940715727487,"ვარლამ ჩერქეზიშვილის ქუჩა #9"
44.65365953885177,41.75855655584707,44.65486246120331,41.7594572441174,სოფელი წოდორეთი
44.7875899580711,41.82503141267785,44.7891907407118,41.82595518744131,ბარისახოს ქუჩა
44.62281834525281,41.843722417500395,44.62622344360113,41.84496587496476,ძეგვი
44.77982608951373,41.77384185214695,44.78102931052126,41.77474254781755,"აკაკი ბელიაშვილის ქუჩა #84"
44.77657563648213,41.748275348676536,44.781740893659034,41.75357915942381,მ/ს დიდუბე
44.835214184606514,41.774157650710805,44.83641741541965,41.77505834925374,ავშნის ქ. III შესახვევი
44.8219881175397,41.78771869464155,44.82325828180571,41.78890150498588,წმინდა ნინოს ქუჩა
44.898440765783434,41.70824516347635,44.8996454349159,41.70922313635276,ვარკეთილის მეურნეობა გუდამაყრის ქუჩა
44.76437407981366,41.75353595103258,44.76557692022377,41.754436648931936,ვაშლიჯვარი V ზონა
44.86960946188208,41.69880025037712,44.87162124261263,41.7002528493448,ვარკეთილის მედიათეკა
44.913157929296794,41.688229942626755,44.91497411238499,41.68957330728035,იასონ ლორთქიფანიძის ქუჩა
44.76866821798015,41.688050626917445,44.76987307784999,41.68902927280307,"ოქროყანა ინოვაციების ქუჩა #10"
44.84936309369439,41.70788520934453,44.8507294638948,41.7097971841706,"ვაზისუბნის III მ/რ II კვარტალი #10"
44.75413700260659,41.708241247808246,44.7553389974324,41.70914195215629,დარიალის ქუჩა
44.90185451118901,41.68749290723808,44.90357733194827,41.688995729248035,ალექსანდრე თვალჭრელიძის ქუჩა
44.689913526926894,41.6844929483897,44.69111507312224,41.685393651574785,აკაკი წერეთლის ქუჩა
44.807926351762724,41.71722701692811,44.809870251218925,41.718206583581555,"ცხრა ძმა ხერხეულიძის ქუჩა #38"
44.693592483118636,41.693916475686436,44.69490221317821,41.69496592427186,თამარ მეფის ქუჩა
44.786286108824065,41.7495045496389,44.787535395981294,41.75054855014903,გიორგი ჭყონდიდელის ქუჩა
44.812583564327504,41.73448494641997,44.81430783281628,41.735445653947004,ბუგეულის ქუჩა
44.80675368970514,41.709944664760904,44.80811631158296,41.71091333482116,ტერენტი გრანელის ქუჩა
44.807719064097675,41.72907198851711,44.80922483452204,41.72999301158429,მე-8 საჯარო სკოლა
44.874258714314756,41.71255545300092,44.87585757780939,41.71398674730099,"ჰუალინგის დასახლება #9"
44.726354301496436,41.72852730187318,44.727517494690275,41.72944969774932,"ბესარიონ ჟღენტის ქუჩა #76"
44.74396606053468,41.723539849361416,44.745168339505945,41.72444055060312,კალისტრატე ქუთათელაძის ქუჩა
44.89278793443812,41.67696969607026,44.89415806402769,41.67793390343373,"გრიგოლ ლორთქიფანიძის ქუჩა #36"
44.773715486540304,41.82914403985468,44.77521951799489,41.830091960404324,შალვა ტრაპაიძის ქუჩა
44.88128498986537,41.69639838972389,44.88255461426137,41.69743021014293,ვარკეთილი ზემო პლატო II მ/რ
44.84929242232016,41.70149873432184,44.85095497762791,41.702628865033155,ვაზისუბნის IV მ/რ I კვარტალი
44.73859373689492,41.73682765059707,44.739796263146594,41.737728349367444,"ლევან ჩარკვიანის ქუჩა #10"
44.799065574075776,41.70575681045044,44.80119703306847,41.70689465973396,კიევის ქუჩა
44.74888266475024,41.78690500002871,44.75010013413018,41.78798759989877,თეიმურაზ I-ის ქუჩა
44.7210377474685,41.874682862092676,44.722242852576066,41.87558353787181,
44.79380805524623,41.712950045794436,44.797832070725555,41.7145071996584,გიორგი ტოვსტონოგოვის ქუჩა
44.779505598897956,41.7586171339321,44.78097889533773,41.75986426620723,"დიღმის მასივი III კვარტალი #17"
44.83629264978372,41.69008485018506,44.84012471348424,41.69160081089675,რომან გვენცაძის ქუჩა
44.76771657235401,41.77686736069181,44.769596627792765,41.77777133930733,13 ასურელი მამის ქუჩა
44.838599100735735,41.69736364459542,44.83980089928982,41.698264355369155,"კონსტანტინე ამირაჯიბის ქ. #71"
44.85379121103747,41.692660901591715,44.85590840716601,41.6944625877525,"დავით კვაჭანტირაძის ქუჩა #5"
44.83791916672719,41.80460565905955,44.839239836196064,41.80550634089776,"#69-ე საჯარო სკოლა"
44.754415733454394,41.73711765006983,44.755618266584605,41.73801834989471,უსაფრთხოების ცენტრი 112
44.76396302288725,41.791673888335374,44.765523073150476,41.79262831197911,ფარნავაზ მეფის გამზირი
44.82861707992541,41.80675665342714,44.82982092010186,41.807657346537425,"გლდანის VIII მ/რ, კორპ. 11"
44.80344517858322,41.774165970611776,44.804766119928615,41.775166329370826,ჩარგლის ქუჩა №79
44.80269142010873,41.779384748533396,44.80479298974622,41.78089231245435,ზღვის უბანი X კვარტალი
44.78226720316524,41.70754476222899,44.78367480138332,41.70846903786495,სიმონ ჯანაშიას ქუჩა
44.779972928925815,41.7384322293776,44.78142356792405,41.73999846972937,კონსტანტინე სტანისლავსკის ქუჩა
44.81880522953478,41.82364544180823,44.82345017132128,41.82493027297864,თბილისის შემოვლითი გზა
44.70202568616008,41.70099077184234,44.70411321341276,41.702247326567075,ალექსანდრე ჭავჭავაძეს I შესახვევი (წყნეთი)
44.7778853680971,41.78683915322819,44.77908883193823,41.78773984673632,"ქართულ-ამერიკული მეგობრობის გამზირი #23"
44.79513362191721,41.777930931884626,44.79666167528154,41.77909256811154,შატილის ქუჩა
44.80556475867667,41.72346624745339,44.80676704135418,41.72436695251114,"სამშვილდის ქუჩა #27/31"
44.716738168550805,41.733550451155736,44.71794063149419,41.734451148808745,ნუცუბიძის პლატო V მ/რ
44.74332069188046,41.72279388901131,44.74652701536536,41.72642512939541,მ/ს დელისი
44.701974553597395,41.74344053918332,44.703726445635276,41.744568459795076,იოსებ კეჭაყმაძის I გასასვლელი
44.75472032492592,41.759460451816885,44.75592327511306,41.760361148147645,
44.80421966398581,41.73791502018946,44.80566913828528,41.73888217890699,მარინე იაშვილის ქუჩა
44.8012218382985,41.78597421844342,44.80260965868512,41.787057181586356,
44.862163684079114,41.684875687435756,44.86350471832899,41.68626961208089,სამგორის პარკი
44.8420509949211,41.69797744456819,44.8432528051039,41.698878155396365,"გიორგი ღვინიაშვილის ქუჩა #11"
44.79903177881614,41.68911494492904,44.80023342121568,41.69001565503551,ივანე მაჩაბლის ქუჩა
44.87800340436301,41.68340032714722,44.87978279029491,41.68479247295219,"კახეთის გზატკეცილი #89"
44.803571029607,41.72820685530981,44.804785770280624,41.72922974457761,ავთანდილ მანაგაძის ქუჩა
44.77436674876907,41.70577141454759,44.777024261828366,41.707715498914084,ნაფარეულის ქუჩა
44.77573173813092,41.70218138944819,44.77810234199293,41.70334374841322,"გურამ რჩეულიშვილის ქუჩა #11"
44.84199821136709,41.679481021083085,44.84328448693979,41.68040867854163,"ვლადიმერ ლობჟანიძის ქუჩა #16"
44.7759041301037,41.725517055123795,44.7772717657121,41.726428644898405,გიორგი სააკაძის ქუჩა
44.887317851472666,41.700878726774754,44.888624147401394,41.70182727295323,"მიხეილ გახოკიძის ქუჩა #147"
44.783470433002314,41.82279305560707,44.78528347489624,41.82394646028973,"ელეფთერ ანდრონიკაშვილის ქუჩა #83"
44.85870837929315,41.77465565025766,44.859911620729285,41.7755563497069,შოვის და მუხურას ქუჩების გადაკვეთა
44.83692299969083,41.733836295106705,44.83817560183482,41.73503650471241,თამუნა დოლიძის ქუჩა
44.71868258634831,41.88120196269615,44.719887813696666,41.88210263726832,Нареквави
44.718280696293384,41.73560983402325,44.71960929828775,41.736746165926405,"ავთო ვარაზის ქუჩა #29"
44.87468393249389,41.715327645299936,44.87588606752593,41.71622835466465,ჰუალინგის დასახლება
44.802585848897834,41.70069732501587,44.80391005185259,41.70166207475392,დედაენის ბაღი
44.76879892293506,41.76592487200835,44.770193578501,41.76690152747308,Metro Bus Station
44.81774193777851,41.71961337247138,44.81898186494992,41.72049502688236,სამურზაყანოს ქუჩა
44.76987681136377,41.72869064890279,44.771079188672736,41.72959135106174,დები იშხნელების ქუჩა
44.78917865223066,41.69882806906804,44.79038734686514,41.69986593087698,ბორბალოს ქუჩა
44.831213089653396,41.78432915160233,44.83241651037342,41.78522984836222,"ნოდარ დუმბაძის გამზირი კორპუსი #8"
44.69775581062661,41.68619784819432,44.698957389421295,41.68709855177016,დიმიტრი ამილახვარის III ჩიხი
44.85938933235888,41.69014051770251,44.86084566670751,41.69120948214928,ოსიპ მანდელშტამის ქუჩა
44.81416018568907,41.688318644465454,44.81536181434035,41.68921935549913,ძმები სიმენსების ქუჩა
44.80455122369772,41.724660550040255,44.805758775972535,41.72564284984736,ნინო ტყეშელაშვილის ქუჩა
44.8056522895987,41.71777373023278,44.80700691107578,41.71878076969402,ქურდიანის ქუჩა
44.76818970651377,41.7827735532101,44.7693930935231,41.78367424675443,ჭაშნაგირის ქუჩა
44.82108818363843,41.79620166775824,44.822588591362305,41.798553483077384,ვლადიმერ ნანეიშვილის ქუჩა
44.88304098743993,41.709409444696036,44.88424301257857,41.71031015526854,"#185-ე საჯარო სკოლა"
44.81361392862944,41.71592964665065,44.8148160714001,41.71683035331388,სენაკის ქუჩა
44.70314550225045,41.83764324097871,44.704997911115434,41.838757079526665,
44.81326716566601,41.77263351646945,44.81476733240034,41.773559783667736,გურამ ქუთათელაძის ქუჩა
44.82347505131373,41.77354334902941,44.824842550016406,41.774512350535396,დავით ნიშნიანიძის ქუჩა
44.81517312263461,41.81869153068951,44.816615475466925,41.81961146940537,"26 მაისის ქუჩა #40"
44.71953361744895,41.845167414597285,44.720986290915064,41.84655058553411,
44.81567270982311,41.80509893857831,44.816901091547734,41.80614276073679,"თიანეთის გზატკეცილი #12"
44.822809842001895,41.73209614747656,44.8240012550608,41.733015752286214,"სამღერეთის ქუჩა #26"
44.80590565520113,41.691626044940406,44.807107344829596,41.69252675502414,ერეკლე II-ის ქუჩა
44.72047479723456,41.739800047851595,44.721813004351965,41.74075105169748,"ფერმწერთა ქუჩა #141"
44.68851872144077,41.68825150140439,44.689867582638755,41.689157698574604,"გურამიშვილის ქუჩა #18-ის მოპირდაპირედ"
44.80500718565782,41.77665588105238,44.80713731221479,41.77826169071955,აბაის ქუჩა
44.87509786984824,41.71131694497743,44.876299930171534,41.71221765498712,"ვარკეთილი IV მ/რ #406"
44.824373183347255,41.73351408541045,44.82570051668852,41.73449401447722,კლდეკარის ქუჩა
44.80038967655788,41.70009664575533,44.80159152347375,41.700997354209235,ალექსანდრეს ბაღი
44.69592411014015,41.690312500424376,44.69732148988004,41.69132839936013,გრიგოლ აბაშიძის ქუჩა
44.89572132862969,41.67669757061441,44.89711397018534,41.67773842932577,"გრიგოლ ლორთქიფანიძის ქუჩა #71"
44.727728858926014,41.73303305639426,44.72912543691595,41.73416174365699,მე-6 საბავშვო ბაღი
44.87474196259541,41.70135864420039,44.875943837424394,41.702259355764156,"#169-ე ბაგა-ბაღი"
44.7872336756055,41.82983542500636,44.788787319186326,41.830802575370065,ვასილ ყუშიტაშვილის ქუჩა
44.85906585139355,41.696437273444054,44.86074884787834,41.697600626031736,"შანდორ პეტეფის ქუჩა #13"
44.69031612169548,41.69579964926168,44.69151787835363,41.696700350702834,"თამარ მეფის ქუჩა #19-ის მიმდებარედ"
44.74420170979974,41.768330338621226,44.74569829255243,41.769259661538605,ექვთიმე თაყაიშვილის ქუჩა
44.832836266110895,41.8082184534443,44.834040133915714,41.80911914652024,
44.828811323090584,41.8021439530597,44.830015076936654,41.80304464690486,
44.735377323057534,41.72900355122649,44.73685227467654,41.73053224760627,"ნუცუბიძის III მ/რ, I კვარტალი, #5"
44.83047411416574,41.79702383376609,44.831800888140314,41.79792816621958,"#177-ე საჯარო სკოლა"
