min_x,min_y,max_x,max_y,name
121.10615616267106,31.36369435177014,121.10720853636465,31.364795548184883,丰收桥
121.25944587408208,31.34764276874236,121.26117932919965,31.349112731269962,宝塔路裕民南路
121.34758599880068,31.418304369275752,121.34870910381241,31.419351730603374,市一路集贸路
121.11627864602893,31.173262275995977,121.11764175305719,31.17419422408009,外青松公路新业路
121.2324231029311,31.36752569902417,121.23435715508575,31.36925235888881,普惠路裕民路
121.09000843567172,31.274081409373647,121.09105836453244,31.2749831905923,新村路两江湾村
121.17401586538145,31.218200302296626,121.17588793350625,31.219174897882393,秀横路谢家泾
121.04854278197332,31.306384819154708,121.04970281825997,31.307613780055654,木瓜小区
121.21451717659245,31.191450460697933,121.21560882391883,31.19259973917406,杨家庄路嘉松中路
121.22897807702267,31.3653773967746,121.23022311847272,31.367305902814238,胜辛路裕民路
121.23690406055601,31.306016146124232,121.23798803799099,31.30728125376192,兴亭路荣安路
121.20039924475968,31.1290373501475,121.20158245328427,31.13011644986793,江秋潭路高登山路
121.19483802261195,31.128981485883614,121.19604727904091,31.129917413405266,江秋潭路小机山路
121.1378237419204,31.3542808732721,121.13887735916498,31.355368226688494,中泾
121.12415040062207,31.125450330802995,121.12560529198056,31.127253169607854,外青松公路水厂路
121.31084823087055,31.29524553096415,121.31220906810874,31.296178869124002,民主东街真南路
121.18093912758835,31.133066122986055,121.18236237141848,31.13410497634923,昌业路陶干路
121.21117930277684,31.292920851330624,121.21295470105743,31.293988349443918,昌吉东路绿苑路
121.31036550817191,31.382594878549522,121.31157869040103,31.383511221494956,大裕村
121.15170404981434,31.162555391485267,121.1533425505823,31.16377360799536,盈港东路崧润路
121.10983561742034,31.446936431605042,121.11090508270621,31.44798706831247,体育场
121.09557472680743,31.14858239910864,121.09662327339527,31.149484200857408,港俞路青赵公路
121.00563634772139,31.384721439854935,121.00668745249254,31.385623160110722,黄浦江路前进路
121.36139320892968,31.228793239813985,121.36244279124523,31.229695160152627,光复西路千阳南路
121.1989329854246,31.41251112142992,121.20038791529765,31.413432078691187,胜辛北路汇源路
121.16159171723017,31.183033884490843,121.16264068296577,31.183935715475336,新丹路崧复路
121.06719652124607,31.314031518221885,121.0682468789608,31.314933281743986,集善路临时站
121.3494713708937,31.23382304269039,121.35056973130297,31.23482425717634,福泉北路临新路
121.23282336643648,31.18326428324361,121.23478806215424,31.185239833606502,尚泰路乐高路
121.24296959547559,31.368599870184504,121.2457241849347,31.370879016901416,福海路富蕴路
121.28908613160836,31.199563644345325,121.2909430280255,31.20094887553063,徐灵路涞清路
121.21149269312687,31.31771632226065,121.21434859935529,31.322133308986285,方泰
121.15868621113269,31.367702687115315,121.16024618115506,31.369572413365525,百安公路恒飞路
121.11700583562178,31.180718898390534,121.11876736251286,31.18172090194277,新科路外青松公路
121.04865820105033,31.313458345592522,121.04987909986576,31.3144419539861,东方幼儿园
121.04210111088072,31.342025873847618,121.04335568838538,31.343099526061096,夏桥家园
121.25715302505952,31.39882525131671,121.25887117633486,31.401140237798053,新成路棋盘路
121.29471090398167,31.304410282232315,121.29634458914455,31.30705401644238,沪宜公路陈翔公路
121.08802967893926,31.144686740837436,121.08949401936498,31.14594215901769,漕盈路盈浩路
121.12186756517238,31.447319388915968,121.12306003581008,31.448286010693057,海警支队
121.33533160448917,31.225312827019255,121.33642389397953,31.22660797284629,北翟路六号桥
121.13667345790125,31.152190346778834,121.13793814473497,31.153125253307778,青舟支路华乐路
121.31399416926406,31.418316263997948,121.31504583091701,31.419218135968435,徐行
121.18103274730043,31.29661893539368,121.18398945044424,31.297711565145274,昌吉路于田路
121.27350186836887,31.40847383152425,121.2757855829359,31.410083935470713,胜竹东路启宁路
121.21543637642728,31.20149436316585,121.21660751315312,31.20436753658498,嘉松中路凤中路
121.08986485040322,31.444714221450788,121.09112154835086,31.445637278614825,沧桥西
121.32734853430031,31.26555495122138,121.32885556227575,31.266574449240693,海蓝路临洮路
121.36408330368639,31.247700540533828,121.36513309648836,31.248602459432743,真南新村
121.28806251320218,31.30383046201863,121.28911288698102,31.304732337947765,惠亚路嘉前路
121.29992108802547,31.451282973991006,121.30101610928891,31.45232192592188,宝钱公路前曹公路
121.3675147800521,31.24945903926948,121.36913411872068,31.250421360910778,梅川路吉镇路
121.31088089474645,31.24673116431693,121.31213360321492,31.247659635781204,金园一路鹤霞路
121.2492139717434,31.195086873724726,121.25029012887904,31.19620452620518,凤嵩路蔡家潭
121.339596122664,31.309266504747175,121.34221638145975,31.31116469447348,丰翔路振园路
121.35629547239961,31.388196614111166,121.35740722572929,31.38908348582245,南东路东太路
121.12207307003203,31.255488579078595,121.1244230706469,31.25690758242744,老白石公路金家埭
121.24572015487296,31.21909779150947,121.24802253649777,31.221380808801822,华徐公路凤星路
121.1568221324186,31.291285372007014,121.16066948176676,31.293930624805572,安亭汽车站
121.02767039122871,31.35796595326234,121.02975741333266,31.35910194789471,盛晞路太湖路
121.26557350576284,31.170022968405142,121.26677039548674,31.170978331089987,明珠路育才路
121.00419393289737,31.35726594159898,121.00568906799998,31.35836825750863,盛晞路黄浦江路
121.0869205246483,31.437508690372667,121.08829907580757,31.43841920969432,太丰小区
121.23531278339378,31.462483920043447,121.23639541646286,31.463564479750428,嘉唐公路嘉行公路
121.32420883373982,31.288296604807517,121.32531396785073,31.289275095114533,金迈路众仁路
121.22277573982213,31.385654330394022,121.22518576283048,31.38734286869593,平城路红石路
121.07403465685509,31.18573094773015,121.07518094238038,31.187034851841762,青赵公路东斜
121.06718138805698,31.21850363312217,121.0688485147426,31.2195137674087,东方路汗泾桥
121.14656344194697,31.16120678678544,121.14761215825037,31.162108613180713,汇金路盈港东路
121.24199698331275,31.40643429468465,121.24324311947888,31.407593805348537,树屏路柳湖路
121.00621379989214,31.4067242773203,121.01028340308515,31.407789124005472,萧林路黄浦江路
121.35874174155316,31.24110774127766,121.35979145862208,31.242009658688893,金沙江路丰庄路
121.29443001873128,31.312272862120327,121.29587488215402,31.313353337088696,德园路嘉美路
121.17512065679252,31.21139398306326,121.17616994340214,31.212295816902923,回龙支一路水产村
121.31075218007719,31.211933352972014,121.31185991971098,31.213066246649188,申虹路宁虹路
121.10092674378276,31.45179201900452,121.10197865642144,31.452693780961305,中医院向阳路站
121.17522545000392,31.42549677307606,121.17716213844534,31.427995827826805,顾泾桥
121.13194119195964,31.306075760082923,121.13307610616938,31.307104739903515,向阳村
121.17116208266934,31.266681204246566,121.17252731522852,31.267900395752804,安智路北安德路
121.36400602780033,31.274176948588035,121.3653817688715,31.275487851524243,真南路敦煌路
121.19061871533304,31.16369007583638,121.19166748485968,31.16459192412987,盈港东路巷崧路
121.30779238603999,31.210177282260112,121.30893760877001,31.212124617544518,宁虹路
121.11052610177214,31.284951672188264,121.11195409982294,31.28589682802149,古新路新江村委
121.15403087257562,31.365069117955617,121.15630506353862,31.3671608139326,玉川路恒飞路
121.06360297522684,31.18051000699813,121.06480411874557,31.182652592711452,双和路新华路
121.20153915605265,31.33225482614216,121.20292894201937,31.33398667265501,三里桥
121.29521238900239,31.190261991809084,121.29794409740882,31.19210797801575,国家会展中心
121.11751756965225,31.45100390975067,121.11889393446566,31.452351690398743,香花公寓
121.27058593635034,31.164940850204346,121.27190056339002,31.166028849552518,联民路沪青平公路
121.25462857967315,31.464303239079396,121.25629102112767,31.46523136111102,新园
121.06555874889581,31.385490202781266,121.06664895141752,31.386594496831812,前进路富春江路
121.19078106539587,31.32340421463059,121.19187523425674,31.324503485021292,园耀路百安公路
120.99128833413107,31.373501378186763,120.99261606879679,31.374725821904107,青阳路景王路
121.24968552572945,31.411417909349147,121.2509115743936,31.412437690445838,嘉行公路昌徐路
121.30348278818357,31.271497656124602,121.30453281199775,31.27239954384184,华翔路海波路
121.3156519072369,31.267460453005242,121.31670189294314,31.268362346961233,黄家花园路海蓝路
121.21611659787536,31.324471348201865,121.21774849535454,31.326259152209637,东环路方中路
121.19064916574325,31.15484222133853,121.19247799581602,31.156457256131798,赵巷镇中路巷居路
121.28714388437935,31.18242409529831,121.289948423013,31.18380420699203,盈港东路蟠秀路
121.23186481444371,31.360172204549674,121.23340617973159,31.362578194292272,胜辛路叶城路
121.00283472167906,31.343415034532594,121.00414067669084,31.344566965447118,膳魔师
121.37514290453895,31.301894417743526,121.3764797923665,31.303160782351988,祁连山路南大路
121.28979525521297,31.21934884175259,121.29092604793591,31.22044855811073,季乐路开兴路
121.11225245567368,31.257454091090313,121.11353454305048,31.25857200886528,白石公路腾新路
121.13985855593533,31.212896301130584,121.14093414169582,31.213898298772115,泾阳路泾阳村
121.29921099572121,31.291417981711152,121.30082455195661,31.294090662372824,沪宜公路德华路
121.24125487135622,31.192920185938593,121.24234642846456,31.19402561378103,凤嵩路何家角
121.34840328128615,31.193699850686457,121.3494743201434,31.194902549266253,友乐路迎宾一路
121.08703815241572,31.21359727944773,121.08849804704421,31.214680319996777,新桥路大盈路
121.16460135514562,31.38847540146383,121.16585924252557,31.389406898651036,汇仁路汇德路
121.18987684478724,31.2779869161289,121.19108705142986,31.279222483929686,安拓路安虹路
121.27203060725937,31.34478144854868,121.27365888727171,31.347217049985066,沪宜公路希望路
121.2173898532645,31.143646772518057,121.22001044433749,31.144734728061472,业辉路置发路
121.16998222205068,31.288931691563153,121.17256799615471,31.29059573737775,曹安公路米泉路
121.28887709030926,31.41939329115175,121.29024831148799,31.42033660902792,浏翔公路新建一路
121.37198908765261,31.324071445315244,121.3732375126368,31.32509645440971,祁华路葑润华庭
121.26983815949842,31.41586778268245,121.27178723718072,31.41695401802514,新建一路澄浏公路
121.36064714888242,31.2396915407474,121.3616968512926,31.240593459219173,金沙江路祁连山南路
121.24475028486673,31.303569209096626,121.24618141951984,31.304977491095904,陆家巷路桂园别墅
121.252205132446,31.46029897294418,121.25463958094522,31.46208376678685,华业路纬三路
121.14369686676864,31.45338437687517,121.14583583846141,31.4545634244549,华源上海城南门
121.27195613756582,31.212955286602867,121.27404615834156,31.215483108624618,季乐路
121.15599752405839,31.45326302412193,121.15720037843384,31.45436897587315,泉州路滨河新路站
121.35371463093158,31.362329316970587,121.35522976934017,31.36323468309021,陆翔路潘广路
121.04966283162423,31.251823748020602,121.0507580680513,31.2529270516342,石浦卫生院
121.08772075908306,31.37820520525678,121.08907604018154,31.37933919454461,农行
121.31557438231127,31.235819350802018,121.31662401786858,31.23672124916447,金运路爱特路
121.15825726064703,31.364441467440276,121.15965584169602,31.36567213262371,瞿门路百安公路
121.21993795245768,31.16911339140388,121.22120665433008,31.17137150840612,嘉松中路沈泾塘支路
121.09495693409477,31.152036418987535,121.09603946554563,31.15311618071824,青赵公路港俞路
121.37096269710916,31.25946206660402,121.37229510544775,31.260412633574035,金鼎路祁连山路
121.19042185105481,31.197761579639973,121.1916229536182,31.19907072028651,崧建路福贸路
121.26235002262489,31.46675745951001,121.26396007784321,31.467968140020627,高石公路徐星路
121.28921796138648,31.37632662012548,121.29044393738845,31.377244679921393,大治路大治支路
121.12088583261799,31.440763822161788,121.12395858073062,31.44237473706411,娄江雅苑
121.33293172844495,31.26478575193818,121.33415946988542,31.265883248072274,海蓝路华江支路
121.11950095507052,31.130996805176963,121.12072084057642,31.132302694906183,青松路外青松公路
121.35745985968242,31.20168293880158,121.35850914049273,31.202584861165015,中泾路新潮路
120.98650550934339,31.38494329743826,120.99265471631945,31.38615854563131,金浦大桥东
121.13566936304237,31.437895112459262,121.13673743723909,31.438948087479126,梅村路文渊路站
121.11942579426561,31.15930344379725,121.12048899758433,31.161713756065065,外青松公路盈港路
121.15412755430725,31.111050496780795,121.15527224602845,31.11228270284059,新阳村路天圣庄
121.2756033676847,31.40131395354849,121.27693333289938,31.40240774633299,姚家宅
121.12527574916214,31.368421177340966,121.12650215258024,31.369357921881317,泉泾
121.23495205818826,31.301302595753427,121.23600794265165,31.3023099038799,嘉宝路兴亭路
121.33187720264607,31.428751359208672,121.33324520879427,31.43182024054191,沪太公路石太路
121.18053106583993,31.313880050168706,121.18260683825035,31.314990850876566,塘庄
121.1794466138657,31.217297046500548,121.18067518778622,31.218216653541877,秀横路赵重公路
121.35999724712023,31.28456487562687,121.36132652489074,31.286679768241264,绿杨桥
121.10456551669758,31.154906320786107,121.10584738474148,31.156016879228062,青赵公路万寿路
121.35970153255064,31.387276910764562,121.3609480688148,31.388359189244188,罗南二村
121.35419261629256,31.263964143913004,121.3552425838833,31.26486605605355,真新车站
121.27102185575814,31.426044925387135,121.27220754745242,31.42718907456321,澄浏公路四号桥
121.28206025692624,31.22397325783057,121.28310974325713,31.224875142135847,繁兴路朱建路
121.22047581281173,31.16460476414962,121.22159039915772,31.167678435695578,嘉松中路盈港东路
121.03202112015254,31.36397149331214,121.03337148106861,31.364992505924768,光隆
121.19351348441626,31.130781888831653,121.19474061374792,31.131703311238745,刘家山路小机山路
121.25339289622582,31.200187163008103,121.2544421039604,31.201089036958273,明珠路泗沙路
121.38354677456685,31.4085898249126,121.38481652543183,31.40962527491728,园和路长春一路
121.34811949114794,31.225010778741467,121.35145960374165,31.226318322760775,北翟路协和路
121.15982176329129,31.38890145451345,121.16145482879097,31.390824046004383,汇贤路朱戴路
121.2346498005606,31.38585348067316,121.23620030413507,31.387350919576136,嘉定工业学校
121.02058532761667,31.320847791235774,121.02221427104321,31.32192980766828,孔巷路黄浦江路
121.31161670456984,31.193270539247663,121.32335226355914,31.198714624731807,虹桥西交通中心
121.26322432460934,31.374464473105913,121.26470047452705,31.37566952656934,嘉新公路叶城路
121.08065910570684,31.16177383043243,121.0817208964323,31.1630678695195,青赵公路天恩桥一路
121.38596308579146,31.322077740857257,121.38701371438138,31.322979659109315,锦秋路瑞康路
121.1963480490899,31.12805384296683,121.19793418993409,31.130493285154742,小机山路江秋潭路
121.29359428362423,31.185438846079137,121.29506641982614,31.186794554068808,盈港东路诸光路
121.13080130667565,31.43888627487665,121.13207159112984,31.439819725245172,东仓花园
121.12015386704124,31.420666861312228,121.12122513260654,31.421757038569396,利民花园
121.1404180009095,31.451781569378877,121.14149319914583,31.45285533042122,湖滨花苑
121.24181628616516,31.23880756851421,121.24286591402256,31.239709431452106,新宜一路新宜二路
121.10026952130217,31.26996314376087,121.10210487625696,31.270997456713086,启圣公路花园村
121.07937387131074,31.215766237962217,121.08142352753352,31.21675286223151,青赵公路北南厍村
121.23903889132893,31.315115835372637,121.24086630110085,31.31708006509013,古银杏公园
121.37047310176597,31.355920846700037,121.3715240984087,31.35682275326648,菊太路菊泉街
121.26789555226956,31.20741836003772,121.26894484791518,31.20832023992869,金光路北青公路
121.09116262293094,31.173244500965083,121.09242687648702,31.17431919891097,清河湾路漕盈路
121.22312528507798,31.18665105541545,121.2243037197591,31.18852174446387,凤强塘路凤马塘路
121.13313134314178,31.401524779044067,121.13511665186857,31.40330152087412,南广寺
121.21564486077767,31.368030356695076,121.21826734482725,31.369269545019385,沪宜公路嘉朱公路
121.30500333925112,31.361977027966123,121.3061235633249,31.363020171910364,丰饶东路科茂路
121.11497200819475,31.279572005089506,121.11617429339603,31.280509694245676,新陆路新江渡口
121.01191953422712,31.375006684951572,121.01314467201898,31.377128714908206,精成科技
121.02403043723949,31.35781240306704,121.0251200634186,31.35890049639218,盛晞路洞庭湖路
121.37098598466666,31.251541442736997,121.37326161541337,31.252459457108923,曹安公路万镇路
121.27371146873654,31.38389410214154,121.2748501268664,31.385694797672304,澄浏中路墅沟路
121.37852746420917,31.31220585025462,121.3798902355158,31.313269049394158,上大路祁连山路
121.20336644302874,31.16752463337917,121.20454295413106,31.168654866639248,芦沈路沈泾塘村七组
121.1259607511515,31.41401264630411,121.12720524675666,31.41514435372883,科教新城客运站
121.33589125037346,31.243605549394083,121.33940345534072,31.244884852678354,金沙江西路新福路
121.17687848753945,31.248194679941598,121.17828261317644,31.249333019896476,纪鹤公路赵重公路
121.13198066457447,31.30304768478854,121.13318423357734,31.30413541522983,曹浦路胜巷路
121.06799531349111,31.380034541368893,121.06927108511776,31.381576657766097,开发区老年公寓
121.28623991282622,31.306787824814617,121.28751178722554,31.307836474932376,惠亚路嘉美路
121.31965556992435,31.23356209528212,121.32077862073324,31.236212504524836,华江路爱特路
121.31831928911792,31.292707973459372,121.3196699111852,31.29361442657893,银翔路众仁路
121.23287623945757,31.18160202480626,121.23575489296367,31.1828233388287,尚鸿路乐高路
121.2678826581299,31.2147790481509,121.26920724146072,31.215879651625276,金辉路闵北路
121.35101780466167,31.428630306788772,121.35217859804234,31.429716693146634,罗新路抚远路
121.21648889954878,31.276523661213997,121.21769000407484,31.277718338746226,曹安公路新黄路
121.27600118324762,31.20139855768452,121.27705041693622,31.202300442281913,金辉路保乐路
121.3214623258258,31.205622466816738,121.32318688317427,31.208560832291994,七莘路润虹路
121.15466924723188,31.26107834392696,121.15628225497382,31.262412155998692,西胜路大头浦村
121.1826331790582,31.470166023699257,121.18384942300305,31.471257976314824,花园街
121.2542368817202,31.308959007549625,121.25551591782326,31.309975892164406,翔方公路沁园别墅
121.13747251564708,31.153195523829776,121.13856868511353,31.15429377551177,华乐路公园路南
121.08955660394173,31.30013818312141,121.0918016499338,31.3017582019384,花溪畔居
121.39332026518359,31.343446140726392,121.39437113498857,31.34434805924018,沪太路顾陈路
121.23212971568464,31.188978066235652,121.23334248617707,31.189900332942894,凤阁路徐乐北路
121.22713950359837,31.362213482337587,121.22826909894184,31.363262417556196,福海路霍城路
121.01244517690964,31.24073919091577,121.01375092553292,31.24191960915175,日月光
121.35252988114372,31.216144640934083,121.35357931903201,31.21704655903251,泉口路协和路
121.33606296367932,31.38236975637208,121.33711423649918,31.383271643594362,罗和路杨南路
121.21826023254904,31.407488051574802,121.21976756743483,31.408398948360016,城北路汇旺路
121.00563294661632,31.365945178219096,121.00705555053564,31.366928222099485,黄浦江路南河路
121.26809503783947,31.377142260895052,121.26953846222813,31.37825893874491,嘉戬公路复华路
121.21720541438692,31.197494596729857,121.21859888715333,31.19850940229662,凤星路嘉松中路
121.14657111118743,31.15651723798542,121.14788879757685,31.159131961804697,汇金路秀禾路
121.28127182047706,31.447118521075584,121.28258917939063,31.44816887867283,浏翔公路俞湾路
121.10288674270599,31.20116746273996,121.10396955752553,31.202263036940497,天辰路久远路
121.22323615993822,31.215350600141633,121.22464613768702,31.217162698671153,新凤中路新嵩路
121.1204581977005,31.300719565018852,121.12314710207066,31.302386432440713,徐公桥
121.0334264984609,31.40992143404113,121.03447790175028,31.410823165924587,新浦路公交首末站
121.2089844781085,31.353292874853718,121.21017802266879,31.35462812468449,六里桥
121.21198324110073,31.385474067614073,121.21359646300728,31.386951832578653,胜竹西路霍城路
121.36154552789652,31.417080851756563,121.36284297418985,31.418233648289867,月罗公路潘泾路
121.30092405826768,31.240887554574496,121.30197374191371,31.241789445391973,星华公路鹤旋路
121.08151767646224,31.25697897966162,121.0826673256051,31.258401820193008,新赵路白石公路
121.25170007995922,31.382759728669665,121.25288681774542,31.38366937135766,金沙路博乐路
121.15161528473487,31.294711586518947,121.15315651688543,31.295777412216953,新源路昌吉路
121.12455395970208,31.27515779352388,121.12596873407625,31.276783706790308,新陆路施家浜村
121.24064451742069,31.178862064593723,121.24169348276679,31.17976393537265,徐乐路崧泽大道
121.04678535039167,31.287287988720227,121.04786074779905,31.288591811187718,华道数据
121.27573724456148,31.33165914454041,121.27738955416702,31.33262575565214,宝安公路育兰路
121.36375389372094,31.20887149184181,121.3650821961515,31.211790207705782,剑河路仙霞西路
121.0490392389237,31.352047074519994,121.05011566362592,31.35304612526647,河泾村
121.39678009682504,31.373553442078723,121.3978313033469,31.374455357887854,友谊西路富新路
121.15080015411169,31.36332794170159,121.15257274968054,31.36485505837368,恒飞路中泉路
121.23697791176492,31.18007596556906,121.23802688842294,31.180977834397282,尚茂路乐天路
121.12635245303622,31.280417612383573,121.12781804556793,31.28137188778459,白虬江路时代嘉苑
121.29966492017664,31.30687546495911,121.30080018183551,31.30827133491414,陈翔公路德园路
121.1362490924246,31.26130059644838,121.13729890777455,31.262202403517673,外青松公路鹤祥路
121.26235409448044,31.217883382075733,121.26380850484604,31.219067417584633,纪潭路朱建路
121.07715965399017,31.29599749566469,121.08002623795511,31.29748850664776,棕榈湾
121.27479624972158,31.19320037215712,121.2759809529816,31.194757327652475,蟠龙路天山西路
121.33490769345208,31.38934271788965,121.33748890925105,31.390394183011182,美平路罗南路
121.31319261843088,31.315754108571106,121.31444327979062,31.316680091514527,芳菊路雅翔路
121.12239766574604,31.437833328738968,121.1239648353092,31.439064870998976,太平路海运堤路
121.25106543320511,31.388207859991773,121.25236276806756,31.389202739323668,金沙路东大街
121.25234152682553,31.192797194702404,121.253489871798,31.19370010529279,金字圩路徐祥路
121.18606924429133,31.249269082974585,121.18711895590238,31.25017091699163,纪鹤公路马阳新农村
121.13890430802127,31.23879534822515,121.14011409194423,31.23981345161911,鹤民路鹤辉路
121.18890988749672,31.196320260563002,121.19063812511001,31.197351130207554,福贸路汽车站
121.23918316780211,31.466876069173434,121.240831933225,31.468028029627348,高竹路立德路
121.14517665458538,31.234523864378794,121.1471240462456,31.23545493588782,新重安路徐姚社区
121.30961594019486,31.28948147057102,121.31270221843559,31.29271561336509,古猗园
121.10496740672389,31.14344688340938,121.10604899323145,31.14453751640317,五厍浜路老朱青路
121.12840334404439,31.290710963838297,121.12987365658671,31.291820435412582,徐公桥中学
121.14956815326045,31.146776292877114,121.15172874314231,31.14790430796709,青湖东路崧淀二路
121.28807991923422,31.202027727948245,121.28928608164047,31.202939972076305,天山西路二联村
121.0464199555609,31.28455295253654,121.04750194441331,31.28565834722536,服务外包基地
121.30788783730443,31.409412383828624,121.30960126105263,31.41039831645001,十二号桥
121.35526842867272,31.2255123409699,121.35631797150279,31.2264142589967,北翟路淞虹路
121.33014741775136,31.242606938504796,121.33247588299709,31.243657995504194,金沙江西路高潮路
121.37679860193762,31.407319483132074,121.37803039681013,31.408398116849376,长春村
121.0170083323358,31.195457356507664,121.0184253685063,31.19653154275472,北苑路长安路
121.08580125450398,31.217456248719873,121.08758939747581,31.218843899845822,友爱路青赵公路
121.11627866430601,31.145237729920517,121.11748293512714,31.14627277000874,浦仓路北淀浦河路
121.06595430508871,31.427734540903273,121.06729419466531,31.42864875908012,西庐园
121.01374688183607,31.393220408539356,121.01510191755384,31.39425769103514,长运电子
121.20391768926301,31.23562070945501,121.20549642142008,31.238708690037452,新协路华腾路
121.36434996766906,31.1990236664653,121.3660225219475,31.201311934261597,剑河路清溪路
121.22116096696088,31.24227317737141,121.2222313357264,31.243279622396763,华强街新凤北路
121.14000210785572,31.220084103714562,121.14112719157797,31.221025296162978,农园一路奚阳村
121.15089971909836,31.142198671384012,121.15233237735188,31.143568128740135,崧漪二路南淀浦河路
121.19428999535768,31.249837723780775,121.19536690448959,31.250909476030632,纪鹤公路马阳村
121.30490176431759,31.43137371024029,121.30638073666033,31.432562189569055,曹新公路施曹公路
121.27422580627288,31.336799005627324,121.27529069313486,31.337829594099066,封周路德立路
121.17069152641994,31.299453044116646,121.17188187219028,31.30038145541571,米泉路和静路
121.26198163345936,31.40521150388055,121.26306776697957,31.4063350960078,胜竹路永新路
121.11349761540482,31.137416610184786,121.11475988361106,31.138901088911442,青松路沪青平公路南
121.31084368755792,31.22152427938423,121.3124068141926,31.22258651926156,北翟路陈思桥
121.17759427214284,31.46703383592614,121.17896952305776,31.46913076331873,白云渡大道中市路
121.37172860875623,31.248408963983383,121.3728488927709,31.249721835892707,万镇路梅川路
121.31494891173543,31.26583262257735,121.31610148824225,31.26704427689405,曹安公路金园一路
121.23989261627234,31.17360726837891,121.24104119416369,31.176419931484666,徐乐路诸陆西路
120.99300814912411,31.276501430970924,120.99457495168095,31.27771646871569,阳光路南湾路
121.17885210026901,31.28757461787186,121.18197639872591,31.288587082249574,曹安公路于田路
121.38617524477633,31.295520354350916,121.3873647539061,31.296570945644437,环镇南路鄂尔多斯路
121.19725319702623,31.37994481764029,121.19841720208127,31.381283981885986,世盛路张肖路
121.35661331010073,31.394850250993937,121.35838879049403,31.396136548344543,美艾路罗芬路
121.27940576892611,31.46156381718805,121.28067063095044,31.462590382624853,胡家村
121.33925097086278,31.259922798978742,121.34337582707447,31.26206879320265,江桥
121.05131677233828,31.230795893809443,121.05291023704085,31.23368560562092,苏衣浜
121.25077102746029,31.455048021376864,121.25197047211927,31.456071078540937,华高路华博路
121.32129530564713,31.3487816611072,121.32292469722134,31.349790339397206,漳浦
121.2715231961612,31.3820235697545,121.27279800586001,31.383157530286066,墅沟路茹水路
121.35809181520303,31.244865622365033,121.35933368607162,31.24578497768871,清峪路丰庄路
121.18405089428664,31.41046601940563,121.18524270973046,31.411688780523246,宝钱公路新宝路
121.30362427959754,31.221752191511385,121.30483381742394,31.223421708091724,申长北路北翟路
121.15487492680504,31.145926838354857,121.15604707471644,31.146963261637794,崧润路北淀浦河路
121.20053046269302,31.255920195950228,121.2024034362478,31.25711040269123,宝丰西路嘉松中路
121.16409705637517,31.217562591225494,121.16558024283637,31.218500508852784,秀横路王家浜村
120.96369173039385,31.282548816250262,120.96485586796867,31.2835937837545,俱进路源浦路
121.13593545298926,31.41542465974163,121.13723854236606,31.417431439696653,省太高西门
121.08657539293336,31.30002921210065,121.08762560727135,31.30093098786527,花溪公园
121.13404745265737,31.1526973687588,121.13541434908385,31.153639631417796,青舟支路华民路
120.95341293768962,31.228554616477847,120.95609105316035,31.231050883514136,大市新站
121.1358499301597,31.294759334502473,121.13690026995515,31.296023365443418,曹安路三星路
121.03366173093406,31.37105189857942,121.0351359694793,31.372177600736567,景王路太湖路
120.97826074896764,31.361649072935624,120.97942584878396,31.362726127074257,圆明东村
121.20992220195009,31.314273700991464,121.2111889969109,31.315197599072857,泰顺路园汽路
121.00428545720196,31.25290389389474,121.00545794236149,31.254213205472897,大唐花苑
121.27886322558547,31.185372016971403,121.28052657767216,31.18681088308747,蟠中东路蟠龙路
121.2452349213673,31.337558269933954,121.24668117262974,31.339904229204574,胜辛路伊宁路
121.13409512510526,31.25627786359737,121.13531047503248,31.257292536205547,外青松公路鹤意路
121.18619590311465,31.29402098346386,121.18740260289397,31.29609811640096,于塘南路望融路
121.1143005263476,31.286958969488257,121.1155503753483,31.28788243057603,花桥行政服务中心东
121.13947140652327,31.204293791621414,121.14052059367513,31.205195608344702,泾阳路曹泾村
121.2646636395447,31.19176465971238,121.2657127606403,31.19266654025403,华徐公路双联路
121.1597356301914,31.325139516619974,121.1615008647706,31.326816783518353,墨玉北路嘉安公路
121.25634083463349,31.191576585637865,121.25750236237214,31.19319181409698,明珠路徐德路
121.02005530651837,31.183833322207796,121.02142939605739,31.184792878022844,淀兴路健安路
121.32259934618882,31.187684945797496,121.32364845398996,31.188586854169028,东航之家
121.16119692551487,31.16809384744812,121.16244278100788,31.170291152386056,崧复路新康路
120.95578859750505,31.201070682250727,120.95717001276775,31.203965817511758,尚明甸
121.14648781962983,31.361003884893655,121.14757778069779,31.362130114965908,恒飞路高杨路
121.18530769619043,31.45043087563588,121.18704286850793,31.452635125804463,城北路霜竹公路
121.29283671016512,31.302569854823826,121.29414489038294,31.303611744732716,鹤槎路嘉年路
121.37576900380594,31.310934197536444,121.37715929653871,31.31204540223224,祁连山路丰翔路
121.33655987405099,31.385386032096203,121.33775712302752,31.38702616754374,罗南路天家路
121.24128413104313,31.462976050135055,121.24255576778688,31.46448354897922,高竹路嘉唐公路
121.01710945804959,31.24033088002853,121.01889014499247,31.24136242062459,亭林高级中学
121.25801396747877,31.277501667322806,121.25906403270749,31.27840353264352,曹安公路宝园五路
121.29350548197833,31.27247027097833,121.29532152115277,31.273967128935777,乡思路星华公路
121.03192200139328,31.18901048613137,121.03310309446987,31.19082711358544,曙光路双马路
121.13408235841091,31.183104461566774,121.13565833935854,31.184099038772512,新高路新水路
120.96878968914712,31.311998984212384,120.9707093104766,31.313372914604393,振兴东路俱进路
121.01224781494057,31.26280127599443,121.01480388610929,31.26430712121093,圣祥路黄浦江路
121.1669536531634,31.26970902504928,121.16859104691434,31.270927874105897,安智路安成路
121.16399168200054,31.37114012128082,121.16661640530134,31.373999279480365,陆家泾桥
121.38090723670744,31.29511454008905,121.38195756346576,31.296016459877524,祁安路连亮路
121.26237557948512,31.202765861031605,121.2634248207002,31.20366773893479,泗沙路华徐公路
121.06802599837498,31.383360358697587,121.06929670511573,31.384589041353873,富春江路前进路
121.04453702175633,31.26108002057625,121.04558677845257,31.261981779389597,声荣路卫泾路
121.0058172470757,31.196056458720456,121.00708585438689,31.197158741298235,民和村
121.10437428119421,31.138196267972376,121.10559341708762,31.139292332042462,沪青平公路城中南路
121.2102663456019,31.26860694090825,121.21142515358008,31.269932858623953,绿苑路新黄路
121.20622256454888,31.273824320593246,121.20781478627553,31.27566184667876,黄渡汽车站
121.12060965684242,31.16013167361395,121.12208398250341,31.161355775279734,盈港东路外青松公路
121.31937776804303,31.209138895957373,121.32048093207115,31.210040904012345,丰虹路
121.06114939194934,31.378288694971275,121.06398271228194,31.379441106463798,蓬莱路怒江路
121.07963371385695,31.281089262483334,121.08078018587223,31.28205043742667,万狮路万狮渡口
121.27845835197853,31.448146229013265,121.28062294664116,31.44940886905697,宝钱公路浏翔公路
121.31977710186639,31.31459663884403,121.32135029389511,31.316810959709628,浏翔公路陈翔公路
121.2454585663962,31.40291701423084,121.24769673392588,31.404348584364065,胜竹路棋盘路
121.12838535125634,31.45739852641454,121.12954024658376,31.458458973583994,市政府上海路站
121.34640480521303,31.422432615847715,121.34750049691785,31.423779384087446,集贸路祁北路
121.12131801337395,31.14945188325216,121.1226339843857,31.151149915884897,外青松公路公园路
121.37701772116219,31.3521254449659,121.37806867901179,31.353027355000652,沪太公路顾北路
121.17624587844954,31.28823100848773,121.17768392035333,31.289260090749792,曹安公路安谐路
121.28908949919533,31.18972872472633,121.29054819784507,31.190723775636588,蟠秀路会恒路
121.26774073270447,31.405269070896175,121.26998115037756,31.407554840855507,胜竹东路澄浏公路
121.1656308368318,31.175573350780496,121.16711757032462,31.178052148708133,崧华路崧泽大道
121.26786644667769,31.21340384396196,121.27044975820957,31.214597057544193,闵北路联友路
121.19034696815073,31.29434393242308,121.19423102479243,31.29601923929067,康苏路雅丹路
121.04029924787962,31.256599821405405,121.04134895232971,31.257501578560422,建材市场
121.23128902642122,31.18274032293787,121.23264896922532,31.184770776317855,乐强路尚泰路
121.37077152044905,31.23485381277874,121.37237778079991,31.23580038747203,金沙江路真北路
121.02336855067205,31.363085309138782,121.02474385132341,31.364280090902174,昆嘉路洞庭湖路
121.14361758074394,31.458462426991893,121.14519361913331,31.45966707232825,景瑞地产
121.27703539540451,31.17058011223886,121.27957042565222,31.17195424614801,沪青平公路华徐公路
121.24613820763118,31.40107970825256,121.24726659213223,31.402239191263533,棋盘路平城路
121.19286256232658,31.464145309672404,121.19395123803929,31.46526809020059,娄陆公路窑闸路
121.04032176098842,31.31415921064345,121.04137833976128,31.315209289323345,菉溪新村
121.25049527115156,31.34628902513249,121.25338353743848,31.347758877529337,天祝路永盛路
121.34593155708285,31.317053123041333,121.34737284075796,31.31832097691463,市台路真陈路
121.29001294487318,31.188543018856418,121.29138965326882,31.189495581327357,蟠秀路徐民东路
121.24572011495371,31.269552569727313,121.24677008523379,31.270454430239017,联西村
121.24145760959908,31.301046927025574,121.24281149064156,31.30213477276578,陆家巷路众百南路
121.2680445251661,31.384597525185637,121.27005927758394,31.38563257553352,仓场路茹水路
121.17797196693543,31.19128278093617,121.17902103325879,31.192184619030026,北青公路赵重公路
121.36967665059225,31.362573568222693,121.3711544530125,31.363581532206833,刘行
121.0085748485875,31.326451274179803,121.00976985060966,31.327486725780663,海关
121.06805658569996,31.403974121330076,121.06930101097595,31.405191678748984,双叶模具
121.17051485457277,31.284358989344472,121.17156494562285,31.285260810621658,米泉南路博园路
121.14633635755156,31.467360789707016,121.14864025072171,31.469352776110338,横沥桥兴业路站
121.28324015391821,31.183939825631434,121.28473134945848,31.18530027450939,徐民东路蟠文路
121.22552960040827,31.401174771648083,121.22665230322114,31.402308828168042,张家宅
121.23679905064662,31.376474982668338,121.23805814811176,31.37739851739797,塔城路高昌路
121.10854055534105,31.432368741118072,121.10975674605773,31.433323658285445,城南社区
121.16877685989084,31.28349138972208,121.16982694030493,31.28439321024406,博园路米泉南路
121.31452820811153,31.332461653517573,121.31576839328397,31.33354144649338,吴家角
121.18314295265147,31.313448700058736,121.18421404976658,31.314801299889616,于塘路宝安公路
121.13050945260565,31.260928182294034,121.13169384466507,31.26205511773118,程鹤路鹤如路
121.25281630268933,31.18091356179553,121.25386529749684,31.181815438170847,崧泽大道徐盈路
121.25512101978934,31.19428682504729,121.25643957437975,31.19649867441765,明珠路徐祥路
121.35332970891487,31.21688369851573,121.35453369081752,31.21790630137565,福泉路泉口路
121.2694907542838,31.33478897537005,121.27102154801614,31.33608942462764,封周路裕民南路
121.20893122333506,31.427764652854925,121.21039907842517,31.428791045948998,嘉唐公路娄朱公路
121.30453586100278,31.38118331714824,121.30575154000023,31.38215898241483,朱家宅
121.2303545259832,31.23824981888376,121.231601273903,31.239292580930954,新恒路华腾路
121.26824971571435,31.24455699340808,121.2695241846919,31.245465306624105,纪信路纪前路
121.2642034462005,31.41611327835561,121.2657383505467,31.41713202210542,徐行中学
121.07613824240167,31.1444481787669,121.07720396087085,31.145944321172763,晨耘路盘龙浦路
121.13397422776112,31.305269004517058,121.13574767625434,31.306343996286095,蓬青路曹浦路
121.24058790359487,31.36334478949447,121.24228639052053,31.365903108861186,永盛路叶城路
121.25923738405763,31.202095961737054,121.26028661612797,31.20299783822934,华徐公路泗沙路
121.24518819946253,31.276690677556775,121.24630410182162,31.277965122318466,曹安公路联西路
121.28593245163715,31.209884521100246,121.28772479779596,31.212126848684207,纪翟路保乐路
121.09714222891138,31.168947473912862,121.09900963706444,31.171050559330304,清河湾路竹盈路
121.12181767813469,31.249462477210404,121.122965125458,31.25061502265661,杜村路叶泾村
121.0649649291643,31.246322733674216,121.06616727219338,31.2477308659563,江平路白石公路
121.3158369567403,31.36521548234132,121.31735374301996,31.366134917639766,丰饶东路科盛路
121.17579174439152,31.36610273404963,121.17725025696218,31.367304365854693,外冈路秦哑路
121.11499467387796,31.176027936526175,121.1206734802743,31.177422875000296,崧泽大道新园路
121.37266734081622,31.315863527595493,121.37413246185204,31.31684217273797,聚丰园路瑞丰路
121.11310895286624,31.213092460756695,121.1144245499032,31.214797538739862,久康路新桥路
121.26368710792111,31.332567311260508,121.26591939739933,31.333763490154325,封周路德富路
121.26992317217459,31.17160535463498,121.2709996290443,31.17279244531253,京华路育才路
121.3220599622249,31.220828549876185,121.32373573480876,31.222285549993558,七莘路天山西路
121.2771575538238,31.38701797044985,121.27820884636107,31.38791982951645,仓场路倪家浜
121.23791576959232,31.37430714415977,121.23914352934524,31.375224655881482,高昌路沪宜公路
121.35752978347838,31.385523797183037,121.35881471720086,31.38654720237333,南东路富锦路
121.13397162513189,31.24750603222213,121.13519547373045,31.248576667752793,外青松公路纪鹤公路
121.3115566402733,31.189298048472605,121.31260575990667,31.1901999514939,申长路建虹路
121.04934595832258,31.255437000435304,121.05063774384655,31.25659159961794,兴浦街宏川路
121.26162280173764,31.311040218949124,121.26272119794392,31.312148980688104,嘉绣路胜辛南路
121.12841496642626,31.229282773733207,121.12976543658507,31.23053132636971,外青松公路沈泾桥
121.16625515249251,31.437234415075384,121.16793363765709,31.439428085616772,虹桥湾
121.17627492196885,31.172173161018208,121.1774993764301,31.173266638989418,郏一村路郏一村
121.39087861556106,31.37109114869938,121.39228787818023,31.373436850569504,潘泾路湄星路
121.07005063602249,31.260183882677797,121.0712149649781,31.261137616967694,蔡家路白石公路
121.32020247908272,31.302743292915125,121.32176452138249,31.303901206244014,宝翔路丰翔路
121.26157237539174,31.377785201596108,121.2627663229444,31.379255397932006,迎园路墅沟路
121.00925765506098,31.314194807884665,121.01127815805883,31.31753893593207,玫瑰路云雀路
121.14993326899591,31.351394304221714,121.15138242493518,31.353753994904725,墨玉北路外钱公路
121.18665351936096,31.39331031077939,121.1883933713656,31.39544528987897,世盛路汇旺路
121.28160125600367,31.37964931656179,121.284139217522,31.38124599540863,嘉戬公路立新路
121.2126907104256,31.427461809623676,121.21523869630362,31.428771592336638,宝钱公路嘉唐公路
121.3584859631662,31.36482091583396,121.36126233934424,31.36586298505711,潘广路韶山路
121.12269419192853,31.21714715762538,121.1239580117492,31.21892174208969,外青松公路横泾
121.19234567233539,31.240518552416884,121.19339792523144,31.24150034744071,华丹路明海路
121.10619577058,31.248812803355747,121.10724542962225,31.24971459661025,响新路响新村
121.08149915852798,31.351783535699646,121.08322774299555,31.352929462752005,洪湖路蓬溪路
121.37448017955525,31.348868090892356,121.37670092235463,31.350427708222888,镜泊湖路沪太公路
121.24848761047313,31.330992444957616,121.25100390747183,31.334004552992596,公交嘉定新城站
121.0898227359196,31.16647303365376,121.09136627260489,31.169201465816734,漕盈路清河湾路南
121.23719751893546,31.233115469235734,121.23824708125275,31.23401733073058,华徐公路新谊村
121.23261809253823,31.31555390823083,121.23392700658567,31.316479291826948,泰云路安晓路
121.30220776901885,31.43685166805216,121.30325963116364,31.43775353191415,前曹公路庙浜路
121.18933850349931,31.19256964163023,121.19087159301326,31.19359835886637,北青公路崧建路
121.26256752574582,31.175811076025546,121.26363797315797,31.176997523885444,明珠路迮庵路
121.02734071411058,31.32235410338528,121.02907648733458,31.323684496256494,孔巷路富荣路
121.15240501561502,31.328417317044558,121.1545125225787,31.3303587593409,七号桥
121.17134597305851,31.353048593962054,121.17239682713748,31.353950406004056,小横沥桥
121.10849747819971,31.119273259220822,121.10974212518406,31.12099064051549,青昆路金家湾路
121.22007008384989,31.222091130150158,121.22170751303813,31.223126370366202,华隆路新凤中路
121.28504911870981,31.42783635720815,121.2875933863658,31.429036644323162,徐曹路浏翔公路
121.2141656371115,31.209531243218162,121.21527647515198,31.212651256623204,嘉松中路古思浜路
121.1094953924943,31.451626475780163,121.11056810760857,31.45268772412021,太平南路新华东路站
121.35703248354721,31.2600132395778,121.3583465167346,31.261072060048413,金鼎路定边路
121.29969652595422,31.33916361149489,121.30115207034757,31.340553188636868,敬学路宝安公路
121.20186262553779,31.224843777195876,121.20387234826657,31.227280679688352,新协路华卫路
121.2456472511442,31.404866028242,121.24689914736547,31.40597097175081,棋盘路胜竹路
121.14438006769342,31.35015305040991,121.14610213392832,31.351118449957443,望新
121.22927461908323,31.245963523321898,121.23091876675149,31.248084925846015,纪鹤公路凌家村
121.10649390852569,31.169459897712876,121.10754269167599,31.170361702253178,竹盈路城中北路
121.37016808172604,31.21519953688325,121.37121751844788,31.21610146308337,哈密路新渔路
121.3356418707227,31.388609292742867,121.3367279377398,31.39102690713599,罗南路美平路
121.22811248797055,31.22566560373923,121.22930231650665,31.22748799612351,新府中路华农路
121.12090633298885,31.140702301998566,121.1223716694903,31.141676098322606,外青松公路沪青平公路
121.24350651232251,31.452440966645394,121.24528748889601,31.453390333660852,华博路华立路
121.08252784367934,31.239337268760334,121.08362055822805,31.240649831180633,青赵公路官田泾桥
121.18567023271271,31.47184924959219,121.18700826813823,31.47276945049925,陆渡社区
121.13650787236499,31.421498259135827,121.13777112854473,31.422500440376204,学苑社区
121.17412300673655,31.280362425579355,121.17619898479845,31.28363277189952,博园路于田南路
121.36816378052714,31.326458542666906,121.36936221771884,31.327371957369937,塘祁路华瑞路
121.0882763514337,31.199685001313448,121.08966834787844,31.200613898737416,漕盈路天一路
121.09526669496466,31.244470198701293,121.09639640800972,31.24555290116551,新胜路芋楼桥
121.28525099772352,31.245130366799525,121.2863295056817,31.24666333313714,博园路金沙江西路
121.11689021090208,31.269582932797793,121.11810248814903,31.270545366865413,启圣公路金项村
121.25032462438791,31.37206826814495,121.25168457748852,31.373011632030526,福海路沪宜公路
121.36216835207695,31.239041440358143,121.3632180480979,31.239943359608443,祁连山南路
121.22454444731231,31.371504919587633,121.22632574500872,31.37439367871367,胜辛路沪宜公路
121.34235514959784,31.195214426797016,121.34350875087715,31.1964715728175,虹桥机场1号航站楼
121.15200474526402,31.353023622746917,121.15404775945305,31.354165478406106,外钱公路吴塘桥
121.28852936002426,31.21277003902669,121.28963323713207,31.21383536090053,繁兴路保乐路
121.16429005204223,31.17657418335466,121.16533894815338,31.177476016611543,崧泽大道崧华路
121.29092904383883,31.45023384272984,121.29201325648386,31.45132095693083,阳潮泾桥
121.2469533569457,31.46147199143062,121.24893514640686,31.462535209398435,高石公路华高路
121.32359140122729,31.264750612709847,121.32469749820761,31.26595728702695,先农村
121.19772362212501,31.255398645846547,121.19931208182226,31.25644195475625,宝丰西路北施浜
121.21430151800277,31.390708992327465,121.21585408183337,31.39190590704571,祁迁河桥
121.18035383041048,31.179644579522385,121.1814027697834,31.18054642044385,赵重公路凤联路
121.23202186791924,31.185076506228047,121.23452060411158,31.186332261053142,凤丹路乐高路
121.146498597698,31.175348372218995,121.14780310561012,31.17659042786528,汇金路崧泽大道
121.1352707024743,31.104715849241085,121.13642799717604,31.10568135064256,南王仙泾路枫泾村
121.21274662863921,31.286826178989607,121.21379677155194,31.28772802097663,同济大学嘉定校区7号楼短驳车候车点
121.25695980367917,31.380716913053508,121.25829429469277,31.38188578690959,嘉华山庄
121.22627486155264,31.368034372330943,121.22733123692466,31.36924312761281,嘉安公路胜辛路
121.33238210148821,31.388252470246993,121.33425093193732,31.39016573736454,罗和路美平路
121.15619015719292,31.366698189995795,121.15811814788677,31.367847011130753,恒飞路百安路
121.09495840375314,31.444603550071168,121.09671540076394,31.446250319586767,张溥故居
121.2313462061126,31.481926361866293,121.23258099500126,31.482988338131083,浏岛休养院
121.19842702164404,31.23985868474933,121.1996224791767,31.240834714904604,华丹路芦蔡北路
121.07776224245323,31.146732203677498,121.07881075775138,31.147633996288487,新塘港路赵屯浦路
121.35945641256198,31.22006117243043,121.36058429115006,31.221213427399356,平塘路天山西路
121.32676981056865,31.391611719981753,121.32836139177749,31.39259688042277,联杨路美兰湖路
121.1965035058913,31.165094774469285,121.1975522943008,31.165996625496984,盈港东路民实路
121.367458571667,31.307474243971768,121.3685090285077,31.308376155994793,丰皓路大场路
121.05733016757037,31.147352888206907,121.05854293385133,31.14841581180449,港周路管家埭村
121.27420877256502,31.233809886110627,121.2752729267705,31.23484101357617,高嵩路申潮路
121.1260364914919,31.114288905723665,121.12762498167012,31.115753599494973,枫泾村路枫泾村支路
121.20295470525596,31.130965456594943,121.20434569600381,31.13199964255462,米筛浜路贡嘎山路
121.14687722117408,31.164961586968385,121.14792597902327,31.165863412997766,汇金路盈港东路
121.29127228149461,31.33677709346114,121.29437902811824,31.338339609612973,宝安公路东宝路
121.0171399773455,31.31211191602841,121.0186370268289,31.31416508316689,黄浦江路南粮路
121.26763444676816,31.399365656405834,121.2688465581242,31.40126544343594,澄浏中路嘉罗公路
120.98534820042325,31.388840791077413,120.98912149936893,31.389815408692048,同丰路桃花江路
121.1877026418994,31.322103302726703,121.18889726142473,31.323265597232886,园耀路园大路
121.28459006753673,31.383495299503807,121.28595493132391,31.384431300598404,嘉富路立昂路
120.99069012770035,31.381934309240332,120.99210527411363,31.38314009076675,市妇保院西
121.05757622499812,31.298784895093206,121.0605454010988,31.30023237609199,花桥博览中心
121.11301036211167,31.14387293883848,121.11601174007986,31.144890862028078,北淀浦河路章浜路
121.00257938403513,31.402825692324555,121.00370941954515,31.403959207502954,东方路金龙路
121.37214636673708,31.361085514395146,121.37331362989339,31.36224668560617,宝安公路沪太公路
121.26744658893135,31.38816042034803,121.26870991226313,31.38924557964878,迎园路茹水路
121.11267120020989,31.147795058441947,121.11391810107695,31.14887584156657,城中东路章浜路
121.31654293711449,31.302820310915248,121.31773946456886,31.303881489089015,芳林路栖林路
121.32352850848109,31.223979794413644,121.32569338618201,31.22520640686829,北翟路华漕
121.24692070559094,31.429477783451794,121.24806378870473,31.43149771635804,嘉行公路施钱路
121.10578592605394,31.444158857696664,121.1071174718458,31.44510574247439,南洋广场人民路站
121.10577570367242,31.45178940047594,121.1070913951985,31.452719399607236,古松弄
121.14459178865054,31.257182490283686,121.14570800995818,31.258173109695974,鹤祥路胜联路
121.02015797072805,31.179705697150137,121.02138043129824,31.180804202870757,新乐路中市路
121.31127101348427,31.25603666322387,121.31265524254188,31.257436691993274,金园一路靖远路
121.1943185583641,31.397854347083374,121.19558244462687,31.399040452964535,汇旺路新宝路
121.20471427072732,31.410296142912447,121.20579412808895,31.411510556980577,新冠路汇善路
121.29074877268481,31.300630095536896,121.29183142673352,31.30169910407523,嘉年路惠亚路
121.07725218976441,31.259076341095795,121.0788137108277,31.259993659038294,建屯路赵江路
121.09625539433092,31.416979458331827,121.09908080771476,31.41876084000468,西新路良辅路站
121.14259509768199,31.115540596419493,121.14423501887784,31.11688232797316,外青松公路王仙村
121.14303826100232,31.155816852360143,121.14415834125181,31.156842747537926,崧文路秀泽路
121.16330866658365,31.362147469650253,121.16509462306172,31.36444603111849,百安路恒盛路
121.20926778677882,31.385587667455393,121.21147860932795,31.387369431925226,霍城路胜竹西路
121.1860248150509,31.16238184883672,121.18822623695542,31.16416905719518,赵巷站
121.28271937757988,31.34384015333329,121.28413232418959,31.34504444666134,丰功路嘉新公路
121.38075720851853,31.26411093794483,121.38180719165453,31.265012862021784,清涧路高陵路
121.00224752524312,31.36352622073589,121.0034243732598,31.36443457928475,顺帆路昆嘉路
121.24073474387072,31.3714513915706,121.24207255642062,31.372533908249245,裕民路良舍路
120.9950518323032,31.385188228463868,120.99668596755583,31.38636307086762,黎明清境
121.04146403070051,31.261041687804337,121.04261686882465,31.261999412063517,石浦客运站
121.26925525601345,31.378496009193434,121.27034254657363,31.379508590617696,和政路嘉戬公路
121.2082757680824,31.15318467071729,121.20932443210837,31.154086529249014,沪青平公路胜泾桥
121.29684759007891,31.297475733232886,121.29998658681855,31.299348816047864,裕丰路沪宜公路
121.23669061332937,31.34496780449814,121.23776168853779,31.346230495454538,崇信路塔秀路
121.09997919483395,31.290648412917495,121.10139200591864,31.291568987196232,绿地社区
120.9781950971585,31.364406818763616,120.97939229985325,31.3655621812769,黑龙江路朝阳路
121.13500584371847,31.260260463110324,121.13763730089845,31.262157926278775,鹤祥路外青松公路
121.16819005250184,31.176282682348294,121.16923894769333,31.177184517617913,崧泽大道崧华路
121.30987597105393,31.19066790538646,121.31143653560234,31.192852034581705,申长路甬虹路
121.19450813094637,31.436278907815456,121.19626185810594,31.438648892994077,城北路北和公路
121.33374203520472,31.261529748410837,121.33479196497332,31.262431651555655,华江支路
121.25877563698691,31.326273262237393,121.26072436424491,31.3276741370594,宝安公路永盛路
121.34964065654123,31.292176126488634,121.35103984720448,31.29351147366124,红柳路真陈路
120.99214897806422,31.341039674402598,120.99335002042216,31.342108825602978,合丰幼儿园
121.00632285562037,31.263848967431933,121.00766384430463,31.26491243230908,景唐路尚书路
121.05549597057117,31.396838243766112,121.05675883055204,31.397828855665598,西湖路东城大道
121.16719524625736,31.12296337886409,121.16824355393756,31.123865221102157,崧伍路崧华南路
121.24969218812568,31.41895576792556,121.25088880841724,31.420146932111606,大石皮
121.19958952924667,31.128174354565843,121.20085516843825,31.129340145480665,高登山路勋业东路
121.37410044869146,31.23306645040059,121.37749711745792,31.235801516307696,真北路金沙江路
121.106867743283,31.16074617790867,121.11050218141523,31.1631827679438,城中北路盈港路
121.18704013814609,31.292231485116613,121.18830986278688,31.293309414856438,百安公路于塘南路
121.37211505972049,31.262853491455388,121.37354123868094,31.264077408427543,真建新村
121.21684574522888,31.292117691010006,121.21806535179833,31.29329020904251,昌吉东路嘉松北路
121.23105157776877,31.409154627679857,121.2321488227412,31.41026237180632,赵厅村
120.98859677999495,31.356851163186228,120.99014031839253,31.35814163655729,景枫佳苑
121.12177399432304,31.26812437150501,121.12306240702598,31.26904992858823,启圣公路蒋浦村
121.31529043001387,31.238454753669057,121.31709650592992,31.24083331816892,鹤旋路金运路
121.06816007477696,31.35187709025324,121.06986262815684,31.35289551032267,洪湖路环娄路
121.14843235063674,31.38818651590657,121.15035394465313,31.38934088509059,顾家门桥
121.14920061655891,31.339383722548618,121.15029648601755,31.34040407727903,望安公路周泾路
121.24847979760354,31.36723643495574,121.24968590308697,31.368222564724253,叶城路阳川路
121.27500800131178,31.210519344118175,121.27617819802475,31.21184675532791,北青公路联友路
121.12732304263,31.147057267709233,121.12862035804378,31.14813983221671,青湖路华青南路
121.0023357351126,31.373660014562255,121.00348906653332,31.37457558483346,利乐包装
121.20531925886498,31.327343381353902,121.20708813201135,31.32947251929363,嘉松北路伊宁路
121.09438901402754,31.187274302131453,121.09543798617555,31.188176097834575,盈顺路北青公路
121.16590497372087,31.274958184675672,121.16721052540983,31.27596161487852,北安德路安成路
121.3079269335773,31.207634068569668,121.30929197334615,31.209985031107315,申长路淮虹路
121.23278248974654,31.25557706692209,121.23393420999753,31.25656383301391,华纪路华益路
121.12598141608187,31.419375109347165,121.12719128395732,31.420279190606585,镜湖湾西门
120.99566406293029,31.358987881924747,120.99716003731425,31.360134517407996,朝阳路樾河路
121.08036084727524,31.13779715333061,121.08164354861373,31.139119746801892,淀山湖大道黄泥娄路
121.26437347048241,31.26426228482581,121.26632192703728,31.26530851569128,博园路曹丰路
121.21627312498705,31.254972701309065,121.21735047486943,31.256045798502367,新凤北路华益路
121.250450738135,31.16925802230336,121.25243286184931,31.170178077590286,盈港东路徐盈路西
121.31232512954932,31.313358511468063,121.31392137149736,31.314488187418057,宝翔路陈翔公路
121.29029720356984,31.442859785040323,121.29155329663148,31.44389691484337,大安路徐潘路
121.22524344957826,31.1871410254388,121.22733464336802,31.188633773941497,凤雅路凤阁路
121.12923965628605,31.140876476474418,121.13048844960832,31.14297582334923,华青南路沪青平公路
121.34096282237037,31.297593623618614,121.34343398280964,31.298799577902372,柳园路真陈路
121.28072406954932,31.19602488526207,121.28306993566612,31.19722591620303,天山西路蟠臻路
121.22842648475037,31.275890074375233,121.22947651543902,31.276791925591038,淞阳路曹安公路
121.12347065804659,31.180708117694486,121.12535414467132,31.181733982960704,新科路华青路
121.36197687480387,31.209845751612853,121.36348992870987,31.21085954885415,仙霞西路剑河路
121.35993368901997,31.38958630880141,121.36107801277727,31.390487190537883,富南路杨南路
121.00930846356943,31.345709536102984,121.01035913664383,31.34661126386271,黄浦江路金阳路
121.24947030459967,31.45856720456547,121.25072839538281,31.459610395217176,华高路纬三路
121.15358646100165,31.463765006253656,121.15463853919695,31.464666793712322,十八港路金湾路站
121.36516087311976,31.356098967347883,121.36679088799801,31.358057181921925,菊盛路宝安公路
121.05156695060651,31.225654338549,121.05305425659655,31.228134560953418,歇马桥
121.37808822976521,31.27111575328732,121.3815717609692,31.27274334959685,真南路二号桥
121.27215804204316,31.24573374079215,121.27458775598076,31.2474461577112,纪鹤路纪东村
121.26605210117354,31.376054371169676,121.26728539650512,31.37697872891553,新成路嘉戬公路
121.35750248573625,31.233175041001427,121.35855211443914,31.234076958965176,云岭西路棕榈路
121.22045348516622,31.387566891276045,121.22182561156691,31.389449907819895,红石路胜竹路
121.3594072159255,31.212850739382347,121.3607085810146,31.21409186070737,平塘路甘溪路
121.09635168936975,31.20600844591863,121.0976311091591,31.207135254059597,新胜路新金路
121.13941121753665,31.283357639907774,121.14050278595302,31.28491696002906,外青松公路绿地大道
121.28990202244032,31.423174875053885,121.29147118157942,31.424215825530858,新建一路浏翔公路
121.11091234125705,31.145753766447655,121.11201045681206,31.146752933504043,青松路城中东路
121.24623557361662,31.39542771463457,121.2480489273236,31.396651183914233,环城路嘉行公路
121.17584611806006,31.470269101080454,121.17689828213621,31.471170898885557,白云渡大道金湾路
121.34418232453181,31.402324199418327,121.34738776211867,31.40551222794718,罗芬路美丹路
121.36776598432172,31.322222017168016,121.37033124017856,31.325400247183094,祁华路枢纽站
121.22618144689051,31.22259003295877,121.22748635025859,31.2235426672386,华隆路新凤中路
121.11826351777329,31.153384559874006,121.12089458761406,31.154612041798686,体育场路外青松公路
121.35720462896573,31.34944841941603,121.36107315562917,31.351790791634773,宝菊路菊联路
121.10168685893676,31.419041898017717,121.10283054427862,31.420152401858722,胜泾路良辅路站
121.34453460644572,31.20644359476603,121.34581669395834,31.207505605125604,联虹路迎乐路
121.26836028035275,31.208444492442073,121.2694323179689,31.209721307472122,北青公路金光路
121.17926430602927,31.248530681251715,121.18145149273843,31.2495267189697,纪鹤公路塘湾
121.06367510307359,31.2648381903155,121.06494379946658,31.265999209735828,蔡家路小巷泾村
121.11476917541138,31.160303094578605,121.11652872883089,31.16138840625019,盈港路青安路
121.26903232674172,31.34854674926913,121.27123456373549,31.35088075127573,沪宜公路伊宁路
121.00090652747603,31.315236949651247,121.00242637306116,31.316374649542958,伟时电子
121.12034392440187,31.288540375158068,121.12181487713565,31.289585923734343,徐公桥路绿地大道
121.15945220441452,31.28210876532491,121.1606750989008,31.2832921346746,墨玉南路博园路
121.11476720873313,31.45606645308129,121.11652399423278,31.457091247536617,三院
121.07861784826561,31.145628003373474,121.07966635193885,31.146529796592528,顾会浦路崧子浦路
121.09432932980448,31.29855245198726,121.09567466891298,31.299710947918502,花溪社区
121.34791071305364,31.300942747938446,121.34896108712314,31.301844652028063,柳华路柳明路
121.33408446345028,31.25677956159867,121.335655547862,31.258377634774387,江桥三村
121.19690883485889,31.159524743342132,121.19796766436667,31.160545156316115,镇乐路镇泽路
121.33884217832616,31.268845162212674,121.3416305172279,31.270072739010136,海波路嘉怡路
121.23536747807026,31.36430579997105,121.23646961993623,31.365681899883654,普惠路福海路
121.1389068733996,31.22595865471089,121.14033552532247,31.22716634510804,姚奚路姚章路
121.23202956624125,31.287853379526098,121.23407373013578,31.288929951149523,春归路星塔路
121.24920733708053,31.475403553695802,121.25142946198396,31.476723344464403,毛家桥
121.34510026737291,31.425858193003393,121.34628373406366,31.42679670644547,集贸路罗新路
121.26601761276945,31.300000938389932,121.26728638386804,31.301789561062073,胜辛南路嘉美路
121.07530970782169,31.135048817184046,121.07876519112365,31.136991845211327,淀山湖大道青泰路
121.18261012847128,31.204842835811952,121.18374367475553,31.206413164097565,福定路重联路
121.07439363213938,31.223359221308627,121.07554886784928,31.224342378592585,太联路太联村
121.21184118444516,31.381055968262483,121.21331071835166,31.382357331827127,平城路霍城路
121.1640200854028,31.32459518801976,121.16517711647487,31.325496011247466,园国路梅园别墅
121.13474173837395,31.185779732105033,121.13587336184915,31.186981467545518,香花桥东路北青公路
121.19414171728253,31.41806165981866,121.19575666467736,31.419057396524163,胜辛北路宝钱公路
121.24924237172097,31.32940915250152,121.2504924301409,31.330518047527967,双单路胜辛路
121.3466608533929,31.293727947716295,121.34771114678396,31.294629852250228,新扬工业园区
121.35084680933176,31.217297262857734,121.35202239283022,31.218366637120866,协和路泉口路
121.38620138083544,31.362498703888562,121.3875425199976,31.3635381955213,苏家浜路电台路
121.09884952263839,31.18537904426127,121.10007277550478,31.186484955760267,胜利路拓青路
121.36160252093245,31.275536976565,121.36275207820093,31.2768521230241,桃浦水厂
121.30848854260925,31.176902449364313,121.30971405694147,31.17794625053213,谢卫路涞浪路
120.9972207938018,31.344429934052503,120.99832040348977,31.345478565878732,合丰宜家花园
121.25180196808908,31.277705668831565,121.25285203209785,31.278607531134746,曹安公路宝园七路
121.27037921250043,31.202951722519828,121.27172908461301,31.204766676604553,金光路运乐路
121.34930551280931,31.28288164635205,121.35035568736721,31.28378355361447,桃浦社区医院
121.20180056738293,31.20807107616724,121.20284983280884,31.208972923799035,叙北路费家台
121.34104923657766,31.22476374415536,121.34209876359938,31.22566565581119,汤更浪
121.21748090011467,31.388170659557378,121.21971010444902,31.389954340252167,胜竹路红石路
121.1683671438009,31.32636783669924,121.17051815942155,31.327435164194764,园国路前杨路
120.98956406188739,31.3985892509335,120.99085743387302,31.39992414921,中楠锦绣嘉园
121.30403237542767,31.21016972307688,121.30783222450432,31.211281042304385,宁虹路申滨路
121.16541332822617,31.473470525384855,121.16713667136834,31.47475927378042,万金南路上海路站
121.2869737256982,31.196243062298628,121.28964248113408,31.19757443976414,龙联路诸光路
121.27187689828223,31.38813934374667,121.27346079571963,31.389816256590077,澄浏中路迎园路
121.08957186536337,31.160077501492484,121.0906205348401,31.16097929847351,漕盈路盈港路
121.36878869092064,31.35795014722135,121.36983970925424,31.358852052745167,菊泉街宝安公路
120.99035883749485,31.363362684829127,120.99153256221258,31.36465761449422,青阳港
121.1624668863929,31.148900762936666,121.16355061333952,31.15003233685606,沪青平公路中泽路
121.25009946698721,31.38484847195066,121.25115343235016,31.38590252800444,塔城路博乐路
121.2678015966287,31.175164880371156,121.26898250158447,31.1766385192168,京华路诚爱路
121.2529742453628,31.34281665361893,121.25458715369021,31.343767946503895,永盛路伊宁路
121.29014555422687,31.350361864798217,121.29119644595637,31.351263735168146,嘉定新城东
121.10721552484999,31.13400707209905,121.108408877074,31.13507882790226,青昆路南太路
121.20826414231891,31.20854888349452,121.2100253563359,31.20952741672898,叙北路叙中社区
121.25217324834782,31.274185503232964,121.25384315361568,31.275163297166223,曹联路曹联支路
121.20404468759865,31.214776769762395,121.2052124122627,31.215682430211743,叙北路凤重路
121.20342394492592,31.231836387691303,121.20498156409417,31.23464951176389,新协路华志路
121.22308344560125,31.355151538850016,121.22414175368166,31.35623606109343,虬桥村
121.36721768888972,31.359415538964257,121.36954651244135,31.360379061493752,宝安公路菊泉街
121.13116319507185,31.458868911650644,121.13221520512914,31.459770688315285,万达广场南站
121.18637738259892,31.319002880650455,121.18767441799743,31.32003741890739,园大路园区路
121.2840689430519,31.301011801822753,121.28655396232651,31.30223059975899,嘉前路惠申路
121.15500670355536,31.289568481871054,121.1560626147892,31.29059651812734,公交安亭站
121.19380251217227,31.164096375071377,121.1948512880201,31.164998224894884,盈港东路巷崧路
121.22907832140653,31.191569220612543,121.23014967956884,31.192710379339257,凤徐路凤霞路
121.04964179613124,31.178079528577726,121.05092930501472,31.17917867141164,飞鹿纺织
120.96579551243632,31.29614640121486,120.96694708433587,31.29728569878165,俱进路港浦路
121.31777548968954,31.306309697849144,121.3190496124964,31.307242102246082,宝翔路芳林路
121.13917255864014,31.411228506236938,121.14022404155972,31.41213029372904,荆石路江申大道站
121.26777498388225,31.39065030425325,121.26886431693528,31.391815895658976,茹水路塔城东路
121.20410757360855,31.15239857169298,121.20515622658264,31.1533004282733,沪青平公路胜泾桥
121.12477048813128,31.179176427914758,121.12604461079187,31.18028017202265,华青路新科路
121.34281925618133,31.21035852287404,121.34405864286198,31.21180807633039,迎乐路仙霞西路
121.25996638203554,31.310852069197097,121.26101681815071,31.311753930769225,翔方公路胜辛南路
121.31342284943537,31.28497900208779,121.31544415549006,31.286715297991716,金通路德园南路
121.12468657820523,31.448136216853722,121.12610162149089,31.449054883138484,世纪苑西
121.205867807202,31.215615682004305,121.20702239230262,31.216574217853672,凤重路叙北路
121.35763621165927,31.25426056278676,121.35883178593171,31.255374137238903,新郁路曹安公路
121.25295594295729,31.40893595876649,121.25421926018701,31.410132941280406,保利桥
121.25590938568095,31.389368323435733,121.25717921547978,31.39045597655679,嘉罗公路塔城路
121.0844637073457,31.14238425297785,121.08560749240068,31.143366546962817,观云路大盈浦路
121.14493670797157,31.28973743012642,121.14693755374672,31.291350780487434,轨道交通兆丰路站
121.31022474859128,31.186666467921878,121.31313512439026,31.187919741482546,申滨南路兰虹路
121.24954005401995,31.383515785934495,121.25099254552454,31.384684013675614,博乐路塔城路
121.3562741747138,31.235227641423702,121.35732382546168,31.23612955854287,同普路香樟路
121.24767811721293,31.24518615680301,121.24988398427028,31.24615694367862,纪鹤公路鹫山村
121.2593554736674,31.20397266184034,121.26040472651823,31.204874538126052,华徐公路北青公路南
121.15217647702578,31.471267495818616,121.15452500776628,31.474370405468044,上海路十八港路
121.01827816212928,31.374392198961214,121.01949433546164,31.375521901078876,吴淞江路娄东路
121.18944022645915,31.444836384891897,121.19052317652668,31.446295515049982,城北路兴顺路
121.1939135625694,31.370509703474745,121.19505133493533,31.371576996504015,六里亭
121.08149325864197,31.305721296119245,121.08258924982576,31.30814780376641,花桥中学
121.13881274928985,31.43016880110174,121.1402433462938,31.432267997931,天如路文渊路站
121.12704667968886,31.45058558695067,121.12857622422851,31.452002313236566,世纪苑北
121.22239891734414,31.493317437926752,121.22428178336318,31.49465046130413,何家桥
121.29999784807137,31.44596506429089,121.30164389796906,31.447681900408924,徐潘路前曹公路
121.25422341083046,31.376278661034657,121.25535238939602,31.377473538630877,嘉罗公路博乐路
121.27115569148366,31.302298751001562,121.27223470879265,31.3033947488888,嘉美路惠裕路
121.30409908125583,31.446959920010176,121.30516101790018,31.44797967960842,长塘桥
121.07387882163691,31.23454281452163,121.07527517481134,31.23588788560842,南巷路巨泾村
121.21386248571989,31.280314740234417,121.21576731791738,31.281889759703432,嘉松北路曹安路
121.2388900575515,31.236475318596426,121.24004684323097,31.237473381390075,杨村桥路华志路
121.26306202262006,31.39015894533117,121.26412247810109,31.391220854632515,塔城东路和政路
121.16898883261648,31.432300587387168,121.1712993546003,31.43506591358658,高阳港桥
121.38381471613873,31.298687639691742,121.38486508403417,31.299589560274843,桃浦
121.24615586819135,31.203118947956053,121.24769943235671,31.20426455120196,北青公路凤嵩路
121.08613481724669,31.179145732780846,121.08729307684348,31.181231066999715,卓青路北盈路
121.10788419488485,31.207976120019335,121.10965890271615,31.210408383013874,久业路香大路
121.34848829992858,31.407770964660248,121.34973800228966,31.408697535402368,罗迎路月罗公路
121.35824657920072,31.39149364659042,121.36085802773226,31.392824855454826,杨南路富南路
121.33082764828637,31.3424727454946,121.33243065243299,31.343699554109428,思义路科福路
121.06412189836817,31.372305523138245,121.06517290183943,31.373207276827582,钱塘江路景王路
121.16660362009718,31.39874279837352,121.16765498009964,31.399644601592534,管路河桥
121.26839236489894,31.281750144851898,121.27010293461323,31.2826869551779,宝园六路宝园一路
121.08430725363459,31.145149751742235,121.08597314428285,31.14653864795036,顾会浦路西大盈港二路
121.15704957090959,31.25259341970938,121.1581036285305,31.25359508010491,鹤星路鹤联村
120.97017273150529,31.19528386463351,120.97142786876668,31.196324135269,清水湾村
121.03815363447256,31.3399143862746,121.0392351630344,31.341337313624443,夏桥
121.237919050952,31.39315950995831,121.23917785113795,31.394087290115806,环城路杨泾桥
121.35229492435427,31.226436041709533,121.35334447582159,31.227337958257046,福泉路北翟路
121.28797670178204,31.388186060769907,121.28915849802799,31.389190239133036,嘉旺路立业路
121.23791696232958,31.16983533173659,121.23917463906466,31.170928468275356,盈港东路徐乐路
121.23598386526278,31.17668386697989,121.23866498699698,31.17844020750362,徐泾北城站
121.04364350554658,31.336195626093215,121.04469409466296,31.33709737387258,夏桥
121.24127218523147,31.210712876235828,121.2431015182023,31.212240523729452,民兴大道民兴路
121.08799780767104,31.15246435008464,121.08983160291747,31.155718148958734,漕盈路青赵公路
121.36529980440227,31.314154492245287,121.36714222176698,31.31555948911488,丰宝路聚丰园路
121.13204254275658,31.426340686368622,121.13386395754009,31.42761881239643,天镜湖文昌路
121.1027113866665,31.209453016371725,121.1046733099862,31.2105456843461,香大路久远路
121.23694390211257,31.39505856624275,121.2388011035739,31.396790234064866,平城路陈家山路
121.33377882330967,31.28180715531806,121.33516307657983,31.2828890443484,武威路金迎路
121.03199052489931,31.323917662584,121.03347447582841,31.32509173717756,孔巷路童泾路
121.02751899736866,31.374720223360654,121.02899950554384,31.375706877011716,千岛湖路洞庭湖路
121.05098843194128,31.238444696220146,121.0526966676346,31.23973190297088,余项
121.28071537122884,31.29508201783667,121.28182603184807,31.296156681990148,翔江公路惠平路
121.16593159848425,31.152833539307583,121.16724870007441,31.15443315966992,崧华路崧秀路
121.30155318075091,31.213124665050465,121.30264021828395,31.214334034805383,天山西路申滨路
121.35614027039901,31.199804038968715,121.35718952977628,31.200705960997862,金浜路福泉路
121.06618719561591,31.364459346878863,121.06741260682868,31.365581053139636,交警大队
121.33570750309704,31.395951775677386,121.33818709975432,31.39849525174319,美丹路罗真路
121.16278568162552,31.387236892953467,121.16404312197021,31.388465707082467,汇仁路汇贤路
121.01996008726239,31.249968702147722,121.02143071290203,31.25110179749309,泰极国际
121.32797526463563,31.218780194597016,121.32969173683189,31.220108805057095,天山西路东华美路
121.00737525804612,31.389189554144778,121.00847824191634,31.390343645496944,同丰路黄浦江路
121.16037707348728,31.319869958524002,121.16180352382618,31.32084994177975,德友路墨玉北路
121.24783525703582,31.15522957128904,121.25042424720064,31.157128228022636,沪青平公路徐源路
121.09834812061348,31.300044630567644,121.10165662040549,31.301884441973936,花桥
121.17755309945794,31.328745649991312,121.17875050213556,31.32968094935415,园国路园大路
121.14224438686678,31.299013101983434,121.14349571438676,31.30009369802186,曹安邻里中心
121.31754542736051,31.299828954839416,121.31859577281948,31.300730845127028,瑞林路栖林路
121.36373382456215,31.231955332520304,121.36485227818193,31.233434367394555,千阳路云岭西路
121.266211230192,31.193382159455723,121.26726036999288,31.19428404051068,徐泾公交枢纽
121.30093242805559,31.29039364050184,121.30211836996936,31.29130355952433,民主街沪宜公路
121.14639934271979,31.142365472506846,121.14890955398286,31.14350472832553,秀涓路崧漪一路
121.10470431212556,31.277522305760662,121.10575428807704,31.278424094205317,古新路西虬江江村
121.17099540115495,31.35716080735391,121.17224849728285,31.358695491915878,外青松公路冈峰公路
121.21686637828599,31.31009160566676,121.21820842365928,31.311265494373004,东赵巷
121.31945143900744,31.20508388305838,121.3206862741982,31.208418016763655,申昆路润虹路
121.25495984740287,31.456248702675577,121.25605635582457,31.45732089710834,华业路华博路
121.0339095642476,31.322441223391937,121.03572602760538,31.32446937714463,陆家派出所
121.1237282483383,31.370195993969638,121.12493025050215,31.371109806062517,外钱公路宝钱公路
121.25405091382542,31.328955006348128,121.25584948633036,31.33021609282986,封周路合作路
121.3967540986661,31.402982380229687,121.39947070683525,31.40422142148885,杨南路富长路
121.0105637251047,31.38541947299786,121.01433287444029,31.386596670146,鱼池泾
121.13879201856055,31.22960356899786,121.13990188106709,31.230802330679268,姚奚路徐姚村
121.07690937524934,31.378592714258666,121.07888572805292,31.379652286564546,瓦浦小区
121.24133864580617,31.395086461609775,121.24241175510707,31.396217538341013,环城路北大街
121.11384301899604,31.419042067894488,121.11559487276189,31.421049432661444,盛园小区东门
121.3593049066049,31.265470442860686,121.36035489357046,31.266372357105887,桃浦路定边路
121.16965426503819,31.310605180312653,121.17138753142754,31.311673120335364,宝安公路塔山路
121.3209385050728,31.285646053056848,121.32198869510677,31.286547946909618,槎溪路金迈路
121.25582723849907,31.351910034468727,121.2569752641327,31.35298166545041,塔秀路阿克苏路
121.15073326823719,31.3151259469854,121.15681406212894,31.317590227439325,安亭北火车站
121.36917009679199,31.266774940727675,121.37022010338231,31.26767685923891,绥德路祁连山南路
121.33085669876337,31.394273758405873,121.33190810141578,31.395175641560527,美丹路罗和路
121.31817623672464,31.293668769391605,121.3197030636953,31.294815029842443,众仁路真南路
121.34209022103062,31.31780665045153,121.3431407791469,31.318708549514977,园康路市台路
121.33293538978144,31.436185883745033,121.33443741439126,31.43761141645666,罗北路萧云路
121.32036376854153,31.242364735779297,121.32505555485629,31.243595878299107,金沙江西路华江路
121.32238920505883,31.226507257994005,121.32367499336983,31.227642441991822,华漕新村
121.15978785068454,31.27447110343139,121.1616221266146,31.2763813284593,安礼路墨玉南路
121.18070971419468,31.190502051387266,121.18204458657546,31.19160934852293,赵重公路北青公路南
121.07363561572714,31.296875503794602,121.07555718381559,31.29781939621566,绿地大道西环路
121.26497214299424,31.353615195307814,121.26640195556845,31.35456570485355,沪宜公路天祝路
121.23274290158662,31.14443195755789,121.23380220182644,31.145946742376605,置鼎路业辉路
121.31000080119482,31.2145756506078,121.31105019898547,31.215477549358663,申虹路迁虹路
121.07675626121468,31.256634630565003,121.07816173392834,31.258104069662465,赵江路梅桥街
121.30649538788403,31.352316552045462,121.30839190264304,31.355566546105386,浏翔公路育绿路
121.1999682681978,31.157699156171763,121.20116043237181,31.158684643559898,民实路镇中路
121.17969260921303,31.180474092235993,121.18090798032381,31.183383807463937,赵重公路郏店支三路
121.13633219754588,31.283447512845356,121.13754980208037,31.28480848628828,硅湖学院南门
121.12975313636979,31.159849673765493,121.13124085978043,31.161939425004974,华浦路华科路
121.21366146152548,31.159014787798068,121.2152683368948,31.159990212442892,镇中东路垂姚路
121.11159721179304,31.15116164239874,121.11285439203365,31.15241635763522,青安路医院路
121.07969041012883,31.217461520378645,121.08081998840177,31.21846857960917,太联路双泾桥
121.14207128925035,31.317395512213004,121.1436246133086,31.318383088192522,宝安公路外青松公路
121.29133794165497,31.30967162270934,121.29278495048786,31.31230267653904,大桥头
121.19366553675579,31.43620064224312,121.19481386428681,31.437498257514886,北和公路城北路
121.21051544657112,31.236397747526734,121.21167394309487,31.23924515223768,嘉松中路华腾公路
121.25308827360662,31.344907071927754,121.25449722582744,31.345833028107748,宝塔路永盛路
121.19706087210056,31.33045486940996,121.19837882966232,31.331424429645743,园汽路园福路
121.19420813667705,31.321228968319716,121.19527176403847,31.322306931641073,园区路百安公路
121.25300949573482,31.17492872836214,121.25440710289259,31.17612437150939,徐盈路诸陆西路
121.1248402747085,31.185704932009003,121.12603642809968,31.18728796779072,华青路北青公路
121.08416336300826,31.23126634473759,121.08527883912114,31.23227945515987,青赵公路柏树桥
121.2549311256233,31.404605809799065,121.2564363710729,31.40561989064383,胜竹路新成路
121.14532215893776,31.47032712271176,121.14651063978064,31.47174317677795,娄申商业广场
121.17241754258124,31.17622569947476,121.17600305283538,31.17751240185062,崧泽大道崧盈路
121.34992807630267,31.364895422233488,121.3530814924637,31.36711726254921,陆翔路鄱阳湖路
121.19196836389216,31.161647839390263,121.19353643445535,31.16295506033714,巷崧路镇泽路
121.31476049028889,31.313563277494367,121.31621097444288,31.31500664574811,雅翔路陈翔公路
120.95616166775167,31.221124903688256,120.95731733662379,31.222895296218685,南吉山
121.04059424601553,31.31106582515032,121.04164455419414,31.31196757481547,菉葭
121.15332854269818,31.15097296050194,121.15620215013169,31.152402341554,沪青平公路崧润路
121.25084118676622,31.415797733771836,121.25294360974353,31.416909567027517,新建一路嘉行公路
121.39364472716471,31.350270141134455,121.39469567300745,31.351172058832127,顾新东路顾太路
121.03019698683642,31.340742651497365,121.03165911693479,31.342112648676675,金阳路田都路
121.09821784239733,31.195135181708867,121.09941705901291,31.1961872182977,新胜路天盈路
121.1996089760605,31.324032643828446,121.2007580257037,31.324938155514776,园区路园汽路
121.33946661949764,31.390138756138885,121.34051798068057,31.39104064382755,美平路罗智路
121.29091744087833,31.34858642652516,121.29243515914187,31.349755272851684,澄浏中路丰功路
121.25289159189755,31.412186647366365,121.25406900924806,31.413138452210625,永靖路昌徐路
121.3242628925254,31.34947893189325,121.32555760353391,31.350785868232343,陈宝路宝安公路
121.1714069686829,31.464988961295177,121.17262013337567,31.466078438716803,陆渡教育园
121.35817035214315,31.347691427766367,121.36430589851706,31.351126203567397,菊联路宝菊路
121.32580772059983,31.264552350449964,121.32685767957906,31.265454249516516,临洮路
121.25853308499579,31.183268737462694,121.26192442191835,31.184634664955784,崧泽大道明珠路
121.1254277402403,31.445786959499966,121.12673645894897,31.44671104055047,铭成花苑岳阳路站
121.36154737165542,31.260121669580325,121.362835829111,31.261142529939253,金鼎路靖边路
121.20703701966403,31.3165178844489,121.20836908143103,31.317538614873904,宝安公路宝中路
121.11138098938689,31.449580806527653,121.11302770854572,31.450953393185188,惠阳路太平南路站
121.32333924952117,31.328539284456333,121.32464125148466,31.32963981550531,顺丰路科茂路
121.35590648632183,31.257521293657334,121.36006835525768,31.259863903564867,定边路铜川路
121.23695674489213,31.3910537217582,121.23832705364069,31.39203977747024,环城路城北路
121.33380729796795,31.394422692472336,121.33514540233118,31.395491407112495,罗南路美丹路
121.03109736673967,31.38750482988117,121.03229033686061,31.388687670062204,国际会展中心
121.2327775587145,31.18991296728085,121.2338266414739,31.190814832685493,徐乐北路凤徐路
121.27817656102242,31.220282972480057,121.27928193925514,31.22144352729639,朱家泾
121.22726644497257,31.181100087483756,121.22990435428811,31.182080912581956,尚鸿路乐爱路
121.34304946239482,31.292277348438393,121.34409973778244,31.293179251528112,真南路雪松路
121.07271871741294,31.439659182314813,121.07384818347401,31.440599617430973,城西公交首末站
121.19672343155825,31.133120765242136,121.19802427069679,31.134289134815575,业煌路小机山路
121.15426497539848,31.152675976877816,121.15543792148056,31.153826323139405,崧润路沪青平公路
121.12164710128583,31.286938359696244,121.1232416004469,31.288229740158062,绿地大道徐公桥路
121.30161770792144,31.195652451238495,121.30266689225962,31.196554348728,华翔路苏虹路
121.37927124885637,31.274954739038225,121.3803213513169,31.27585666092838,三千里花苑
121.3426130258041,31.285973499291266,121.34388267459695,31.287004400370893,白丽路绿杨路
121.19413288295858,31.225967233702768,121.19526651664594,31.227211565857502,芦蔡北路华卫路
120.99661033776628,31.248564346259684,120.99784986545501,31.249752153761353,千灯体育公园
121.13677369277683,31.46213784012791,121.13981461445815,31.464463759416173,东盛商业广场
121.34474848660372,31.23189741273296,121.34607511286602,31.232930786892243,临虹路金轮路
121.31659493254617,31.297772731147823,121.31985982366193,31.299610601027346,公交南翔站
121.19895384427114,31.315916163551698,121.2005896528998,31.316939736915067,宝安公路百安公路
121.22807117205218,31.187871726775043,121.23117823363583,31.189138975172607,凤阁路凤霞路
120.99054305139872,31.38388482542852,120.99177326334137,31.38745767440058,青阳路前进路
121.22589288345428,31.181673587550844,121.22716061468026,31.182813112466377,凤雅路凤马塘路
121.01104174828943,31.389228340527932,121.0122039485147,31.39037115947828,同丰路金沙江路
121.1548874262785,31.140759876277738,121.15605737394057,31.142015623200773,崧涟二路秀沁路
121.12719875211069,31.46063296920681,121.12851125049511,31.46157823094295,市政府东亭路站
121.18784254493801,31.176613177435144,121.18889145525506,31.177515022531082,崧泽大道新联村
121.21684854990978,31.247644854344156,121.21922087590457,31.24936254960002,新凤北路纪鹤公路
121.11847045547721,31.16027739395294,121.11951914472313,31.161179206013134,盈港路外青松公路
121.36834351133407,31.233762328142845,121.36973924428302,31.237115556604703,真光路同普路
121.37987901439149,31.306763022521054,121.38202288722536,31.307742077971756,丰皓路贺兰山路
121.14125596786627,31.34979291584738,121.14232223199905,31.35082918403363,外钱公路望安公路
121.17917341245156,31.219209182592998,121.1802227877427,31.220111017373185,赵重公路秀横路
121.24561712190668,31.473875535140238,121.24698388157631,31.4751652649842,毛桥
121.32830355553598,31.292494696977855,121.32950984548341,31.29346560259362,金通路金迎路
121.24800114698027,31.179670255005373,121.25033881758884,31.180752846889753,崧泽大道徐盈路
121.27128839305124,31.274734928467012,121.27249630857547,31.276181971177355,倪家桥
121.25779667819663,31.371607444613907,121.25980692566873,31.372700656338754,叶城路博乐南路
121.25110109457783,31.34572543261359,121.2523811995481,31.34790016694395,永盛路天祝路
121.29405616341799,31.42593467918617,121.29571493549473,31.42704991975825,新建一路大安路
121.13057279403934,31.119423282277236,121.13186630253195,31.120691717831946,外青松公路枫泾村路
121.21622847273015,31.443891106265482,121.2173970264649,31.444904693707365,欧家桥
121.32387110961207,31.31102198755779,121.3250475931239,31.312125812399735,纬五路浏翔公路
121.1307574990715,31.156382385446776,121.13202560032379,31.15746051442922,华浦路公园东路
121.1071271462248,31.18680878645061,121.10830425175615,31.188308913169106,久业路北青公路
121.1799112951186,31.20071503793622,121.181268603299,31.201898762003225,赵重公路福泉山路
121.22869832458714,31.41161455316627,121.22977327503511,31.41271944670081,张家桥
121.02506413978057,31.37699372247805,121.02643595782163,31.378766776467828,洞庭湖路震川路
121.28411654710482,31.41261587491528,121.28565064993555,31.413624925504628,胜竹东路东俊路
121.25920111033328,31.32200829247869,121.26225419225727,31.32305590850524,巴楚路沈徐路
121.09472372808268,31.229727285670524,121.09588857240445,31.230998613912565,新胜路胥沟路
121.30871146375652,31.349657557210822,121.30998733566688,31.35066674247298,浏翔公路龙盘路
121.09720974435997,31.175939981725705,121.1009320513241,31.17721511950317,崧泽大道胜利路
121.17717571132721,31.35911768790554,121.17826158668151,31.3604657119851,冈南桥
121.12317864951089,31.147258927094935,121.1242273506048,31.148326172864184,青湖路外青松公路
121.31453505615272,31.371235484570043,121.31573744256386,31.37229401542211,大宏村
121.01475944854657,31.318650531600685,121.01791154825224,31.319819269233555,汉扬宿舍
121.22545775831344,31.190362669099397,121.22650684187575,31.191264530866928,凤雅路凤徐路
121.08261304813668,31.44026194788793,121.08384114934456,31.44118565219896,西郊菜场
121.14518229747611,31.15731640181409,121.14635810346009,31.158333898178803,秀禾路汇金路
121.27008969507482,31.445056804587388,121.2722150191015,31.44686241273554,高家宅
121.12974111531629,31.183157281723105,121.13096858724653,31.184080718305438,新高路新技路
121.38828625045086,31.310089374905665,121.38941924685508,31.31116692506021,文海路环镇北路
121.23096332189708,31.373542066187056,121.2327225751873,31.37503473357184,侯黄桥
121.32572719106753,31.25572640054312,121.32713860697743,31.25668659967112,靖远路临洮路
121.34406284522596,31.285295924194678,121.34861763403255,31.288490955042306,桃浦五村
121.22195883721191,31.390699618403602,121.2233377655367,31.39194518169038,胜竹路盘安路
120.99830321806576,31.38528065216677,121.00210077376528,31.386542338410322,宗仁卿纪念医院
121.03389288792165,31.35035217801572,121.03542771444185,31.35133052235325,三巷路太湖路
121.26886953565732,31.39181684660677,121.27035716230202,31.392790853659314,塔城东路澄浏中路
121.18343962359913,31.478637276474956,121.18460947403959,31.480163123206385,飞沪大道上海东路
121.20212309810023,31.441510373909058,121.20386840411206,31.442502526571747,北和公路娄陆公路
121.22691689311526,31.368066273780894,121.22863250086218,31.37065972453526,胜辛路嘉安公路
121.10467844991464,31.148006625265722,121.10612875366127,31.14900857512836,城中西路五厍浜路
121.36008474140158,31.277174069400647,121.36161294846028,31.280232729759337,真南路武威路
121.22613547384415,31.237952953873013,121.22751032775238,31.239126946122095,新府中路华腾路南
121.3440425045585,31.35863495758932,121.34571199487085,31.35979454152698,厚仁路联杨路
121.37481194556669,31.242358642451837,121.3760687559521,31.243852357005302,真光路梅川路
121.13035875179523,31.14893919239971,121.13199785094056,31.149944508100184,青龙路华青南路
121.2892257658998,31.44589752362015,121.29044953510345,31.44694827637158,大安路俞湾路
121.38006906308014,31.358368620531923,121.38258923192828,31.359608680792707,宝安公路宝绿路
121.37152836714814,31.21249762754982,121.37311093252694,31.21364437177599,北虹路茅台路
121.1790755243409,31.468442625257936,121.18081087422796,31.469554973441404,永介路中市路站
121.05230526047306,31.36476277897443,121.05343174257156,31.365845620879156,昆嘉路东城大道
121.19003353481796,31.134107678020282,121.19125086397399,31.135057421538967,佘北公路高家路
121.25774025666907,31.352249437480985,121.25882803891099,31.354002862402684,裕民南路塔秀路
121.30605427000701,31.176990726586343,121.3073364283981,31.17792217351563,谢卫路民主村
121.06300880379987,31.3713917233711,121.06405979640783,31.37229347659473,景王路钱塘江路
121.2355260913397,31.346912269054915,121.23660330966538,31.348067930890753,崇信路高台路
121.26331732252498,31.37971001937389,121.26457527836557,31.380710480155475,嘉珉小区
121.22032457429997,31.33132672990492,121.22299840567084,31.335022523671395,上海赛车场
121.25411328349189,31.16974791732467,121.25539811653393,31.170805882407986,盈港东路徐盈路
121.14306937729718,31.187846656292866,121.14465812683179,31.188897844333248,北青公路汇金路
121.15698996930854,31.460944071235044,121.15828393253878,31.461898627823068,十八港路中市路站
121.10338971726154,31.446708316234023,121.1044562827471,31.447743883679145,华联天地
121.12915291438588,31.434880044213827,121.13067168202728,31.436296955878078,东仓幼儿园
121.10658795649093,31.15052219979814,121.10778924578213,31.151618800203067,城中北路三元路
121.39135891048251,31.322638018720557,121.39500158459515,31.32439021218515,南陈路锦秋路
121.31692229885329,31.287298104544867,121.31809240543156,31.288540495340186,金通路古猗园南路
121.23096949895331,31.201983423336323,121.23233550042676,31.2029084767028,新凤南路北青公路
121.22026750094375,31.377694694294743,121.2213759996337,31.378819205080177,嘉定客运中心
121.16497728351145,31.182907194422405,121.16664596363874,31.18520574308629,崧华路新丹路
121.12953374500945,31.234076396266243,121.13058325519026,31.234978203699832,新重安路外青松公路
121.34855884742743,31.412890077705253,121.35002145189084,31.413822222354497,马桥
121.14128754756265,31.1534097234179,121.14270375549293,31.15438947689329,公园东路崧文南路
121.22763025730573,31.228471206382014,121.2288672483764,31.230524193445817,新府中路华雅路
121.18259460905968,31.3255667818869,121.18390949233394,31.32656131734326,园大路园际路
121.2445045554545,31.18969080746822,121.24593104437061,31.190605692502885,凤嵩路曹家台
121.34576770513598,31.28443574726713,121.34681789504093,31.285337652699365,桃浦三村
121.05764468414583,31.40861477694803,121.058853314043,31.409703323069937,华天家园
121.21355025122806,31.20715829241233,121.21487254799482,31.208174307145853,叙北路嘉松中路
121.22442291661069,31.41601649852712,121.2256855821566,31.416940401540273,嘉唐公路汇旺东路
121.31389906846609,31.209388403186974,121.31527363098874,31.210523196553964,申贵路淮虹路
121.11936255570131,31.44406100833264,121.12063784311425,31.444986291738093,朝阳东路锦州路站
121.27595198195553,31.26292339132557,121.27761941210262,31.26464070899184,博园路翔江公路
121.14368234951134,31.150369003113155,121.14477754840468,31.151373696829094,秀泉路崧涵路
121.27582283188688,31.18051761688448,121.27688816913327,31.181646783073543,徐民东路潘和路
121.18756766943467,31.427438777687062,121.18894102776777,31.429260321333487,胜辛北路兴荣路
121.11741956767054,31.15057924783662,121.11849843477835,31.1515778519688,公园路保安路
121.3007579636751,31.203713352005174,121.30180723650614,31.204615247961293,兴虹路泰虹路
120.98008227421373,31.191389287189516,120.98135192778325,31.19231911289941,千灯浦桥西
121.14693731050356,31.162530374296,121.1491615729656,31.163776784595274,盈港东路汇金路
121.2572545582813,31.41589757271744,121.25862303901478,31.41686352753335,新建一路永新路
121.16135814490657,31.165133488849996,121.16291725164854,31.1665683112004,崧煌路崧复路
121.00559217884206,31.26514807833581,121.00683072007723,31.266112421247346,尚书路景唐路
121.20232117673402,31.407509944282346,121.20413041218835,31.409913156555838,胜辛北路汇善路
121.22250629475475,31.365365568386434,121.22396151001114,31.366820431834306,现龙
121.12404357747724,31.460195103636973,121.1264871258197,31.46194739559947,市政府县府街站
121.29643687695317,31.219633554135488,121.29748632322863,31.220535445830986,北青公路华翔路
121.20398778231967,31.14055077693471,121.20526002056623,31.141740423121913,业辉路业前路
121.28710345831564,31.192234966316903,121.29199194207384,31.19453185336953,国家会展中心
121.16966835317287,31.14752215956338,121.17076734967695,31.14857024025459,沪青平公路崧华路
121.32255815582626,31.365439702076362,121.32370034484313,31.36669399763325,陈宝路丰饶东路
121.3184630888335,31.234498350039097,121.31951271134604,31.2354002499274,爱特路华江公路
121.36257729043268,31.250167941046847,121.36362710974224,31.251069858919728,延川路丰庄北路
121.0707511388648,31.371118206024896,121.07357215743136,31.372301394956118,景王路同春路
121.35231368519872,31.414684476219666,121.35480811773542,31.415748724718714,月罗公路抚远路
121.23544929887042,31.399358992107857,121.23859058727025,31.40291866998017,皇庆
121.23740236354132,31.153815304059023,121.23867123698227,31.15487569586394,沪青平公路香银路
121.26971631566859,31.178294701607587,121.27116628506802,31.179456998183998,徐民路华徐公路
121.20668949560444,31.312403478880633,121.20846450899371,31.313506922015318,泰顺路先锋路
121.2621703347545,31.324853006077095,121.2645192537193,31.327478994693085,永盛南路宝安公路
121.079538389814,31.367225268519075,121.081130307518,31.368236031895645,宝昆路蓬溪路
121.2536734015271,31.3528710487403,121.25489629774151,31.35384965097284,阿克苏路白银路
121.05015042165572,31.37089491976131,121.05188517844383,31.372153679216222,景王路清江路
121.30514747377904,31.293622268065082,121.30697541894331,31.296167624143955,德园路和平街
121.06571489439287,31.265701403600826,121.06728140749273,31.266667596732155,蔡家路蔡家支路
121.09563101037489,31.135860662599054,121.09826993982747,31.137955587819164,沪青平公路漕盈路
121.35931939252536,31.351719193284577,121.36127920444326,31.352792307364226,菊太路陆翔路
121.10122266603977,31.447523176365475,121.10242833492923,31.448496523225167,卖秧桥
120.99343351063327,31.221996596312927,120.99461618659146,31.22312690371474,陶家桥
121.1543308949228,31.142188905561305,121.15556250506336,31.143219794250662,秀涓路崧涟二路
121.10521634022324,31.45417358617065,121.10628285965817,31.455206613719152,向阳小区
121.30139585328759,31.177986943443095,121.30274424501168,31.17964955547597,诸光路会卓路
121.34160170201231,31.417129859516105,121.34301229609169,31.41836094042641,罗溪路市一路
121.12915138369148,31.284641174700145,121.13031381858858,31.286108825138534,绿地大道漕青路
121.19288715680163,31.28666618816735,121.19400704363386,31.287820011195176,曹安公路安虹路
121.23588346214751,31.365744949546286,121.23759783965333,31.367094150191658,福海路普惠路
121.36573294961819,31.23315781082133,121.36700124940664,31.234251289109782,同普路千阳路
121.27635210673974,31.37755546997537,121.27740329344515,31.37845732999094,叶城路
121.37953951340454,31.26328553815878,121.3805894867686,31.264187461807804,高陵路桃浦路
121.2412043263166,31.341267786533553,121.24259547323003,31.342405313163447,云屏路天祝路
121.16835163411689,31.247598469827118,121.1717406715753,31.248869832220652,纪鹤公路青龙路
121.27135854991171,31.385330322253832,121.27297355088041,31.386566177356556,仓场路澄浏中路
121.31931897744614,31.442045244377407,121.3205344247745,31.443146155634718,劳动路
121.30532376439002,31.190035044455694,121.30695643741686,31.191004755898533,华翔路建虹路
121.15058235356675,31.188071601748053,121.15232385097875,31.18916859910801,北青公路崧泽塘桥
121.30871853829854,31.23431720861274,121.30977646090733,31.235333691045938,爱特路金园一路
121.3386600496373,31.37098018985812,121.33973925027746,31.372057009962973,陶家宅
121.20065893539034,31.176297201542948,121.20426236072862,31.17753259954665,崧泽大道杨家庄
121.28005672630844,31.420500111173055,121.28117037204775,31.42138588836437,徐行车站
121.23150534852952,31.3879276586529,121.23701103762701,31.39455299871942,嘉定北站
121.26552997209122,31.185819459088318,121.26657902809366,31.186721340878098,崧泽大道华徐公路
121.1714134833086,31.240036619805053,121.17262441836043,31.241108480207604,青龙公路青龙寺
121.27760859541826,31.206574794631603,121.27878780571821,31.207601605364275,金丰路运乐路
121.10237823657005,31.307778781429185,121.1039094633041,31.308917118045102,沿沪大道蓬青路
121.31564599767182,31.26148998089568,121.31683660205253,31.26280531834697,黄家花园路临夏路
121.23658341162204,31.37174509826957,121.2377427906023,31.372801201685608,永盛路沪宜公路
121.31094660483892,31.20702534211586,121.31225859752917,31.208679457316872,申虹路淮虹路
121.26756569956369,31.196826026146113,121.26872760237899,31.19787247382561,汇龙路徐德路
121.10797375476277,31.14951147039678,121.10927074266849,31.150458029777397,公园路城中北路
121.11611306133818,31.15713571167611,121.11724083900343,31.15834138802196,浦仓路界泾港路
121.2836054638638,31.324196991183584,121.28508353650727,31.325325608147676,沪宜公路亚钢路
121.37341322417205,31.27968624068175,121.37446337600186,31.28058815928483,祁连山路古浪路
121.12367885230397,31.160568692624224,121.12472754789584,31.161470507341875,盈港东路华青路
121.11613013459926,31.175256109876365,121.1173631756801,31.178077989975662,外青松公路崧泽大道
121.3758420372984,31.252836722066434,121.37874866812388,31.25669864993966,高陵路铜川路
121.10258985619592,31.43157201714537,121.103641544008,31.432473782820516,粮油市场
121.38519364331302,31.2932559084878,121.38639905778128,31.294299591509027,祁顺路连亮路
121.3043665107368,31.401084316983138,121.30823959278516,31.40220018445102,塔新东路徐南路
121.08712419799406,31.272168713665238,121.0884549043031,31.273356286400396,新村路庄家浜村
121.185474817934,31.47813586602282,121.18680408558481,31.479404234080317,瑞金医院飞沪大道站
121.3789975934136,31.284974439803158,121.38004780675978,31.28587636016342,古浪路祁安路
121.23840982754452,31.36334465074228,121.24084087777162,31.3645543507951,叶城路永盛路
121.13225505051412,31.417397474681817,121.13428845195875,31.418926424852206,大学科技园
121.36074132965359,31.280620545980558,121.36231957294518,31.2816137544475,武威路真南路
121.03945160647966,31.38366069599925,121.04063009545455,31.38510160378079,时代公园
121.25203620145295,31.178320796547585,121.25312999370304,31.180162903324188,徐盈路崧泽大道
121.35480025174384,31.36369145820589,121.35613434783384,31.364796141563396,潘广路陆翔路
121.34685121704626,31.30027354813281,121.34790158313061,31.30117545183371,柳明路柳华路
121.17201058173028,31.35098265503374,121.17401263548012,31.352766304562937,百安公路恒涛路
121.05198222953557,31.397870709775304,121.053186164065,31.400063489935633,漓江路南浜路
121.25183288635958,31.368457441427683,121.25367931565573,31.369878058208652,叶城路沪宜公路
121.06080214300572,31.316541438371626,121.0624321554964,31.317867861233044,薛家
121.07232487187567,31.243410264322453,121.07357822944152,31.24449543568765,南巷路南巷村
121.36349177583654,31.270828242291138,121.36454182433835,31.271730157675417,江桥镇
121.06065627568162,31.40586281275395,121.06210472309333,31.40689248646372,三一集团
121.36946893030333,31.28084956647383,121.3708652734404,31.282762332902887,景泰路武威路
121.36386292013708,31.34984074286435,121.36573856897787,31.352235857963873,陆翔路菊联路
121.17620148591094,31.398798684048923,121.17750851201563,31.399739916099993,黎明村
121.31708063774319,31.323633010233646,121.31840876172733,31.324553089789394,浏翔公路蕰北路
121.31591784644318,31.256634411391296,121.31767795506333,31.25759768896452,靖远路黄家花园路
121.31329698104537,31.186236844272702,121.31434961768583,31.187120955507122,兰虹路
121.37451815634246,31.309903342557117,121.3755686438315,31.31080525740945,丰翔路祁连山路
121.08673513249478,31.38102762013344,121.0880392692488,31.38199407895399,蓬朗
121.01681409826814,31.389223909058455,121.01806970423802,31.39037109098338,同丰路吴淞江路
121.15774523272079,31.216679187826013,121.15879456747575,31.21758101214012,华重公路燕南村
121.22831508810935,31.184289771776683,121.22942701458454,31.185336928078115,凤丹路乐爱路
121.1982039374977,31.248072549271228,121.19941916056838,31.249608750206406,芦蔡北路纪鹤公路
121.37824353085334,31.350325044565107,121.37929446932047,31.35122695540143,沪太公路陈富路
121.3758523562429,31.309858542255125,121.37690284393092,31.31076045771144,丰翔路
121.16369039941742,31.297372550986957,121.16497440031661,31.298443148810712,洛浦路昌吉路
121.22059325590145,31.270245041499813,121.22179854123132,31.27139865854103,春荣路春亭路
121.25306284563024,31.40639017168831,121.25433765227375,31.4080134275933,永靖路树屏路
121.09752145852339,31.16236447082257,121.10154573729147,31.163524761063968,盈港路胜利路
121.07288115628909,31.13614192043947,121.07469950882403,31.138803991907174,丁家港路大盈浦路
121.30647707328609,31.19165722340731,121.30847731803681,31.193824677134614,申滨南路舟虹路
121.22126022075624,31.159294859447083,121.22234389043496,31.162218740400675,嘉松中路佳康路
121.3544023482778,31.26043378379059,121.35602255241925,31.2613577163681,金鼎路潼关路
121.31061637663218,31.448927205397236,121.31213522522778,31.44988859489591,徐潘路安新路
121.19400061006021,31.25790218108679,121.19525129027738,31.258808418934677,邓家角村
121.13052114094482,31.23866439880507,121.13164005730502,31.24003970098863,外青松公路鹤民路
121.22133950515057,31.154627351285487,121.22415839259362,31.1557150492565,沪青平公路嘉松中路
121.16837917346132,31.15770769513249,121.17013342753582,31.15901580436371,崧达路松辉路
121.38144361216644,31.356965432534082,121.38364748763183,31.357899067402325,沙浦路宝绿路
121.35551775699358,31.411322100093344,121.35668014425089,31.412262199473144,美丰路抚远路
121.3131059056729,31.256667305772105,121.31661292016642,31.258893564575576,黄家花园路靖远路
121.24821136724543,31.350511215928297,121.24946732563231,31.352865883705505,永盛路白银路
121.01792718412574,31.1890479614121,121.0191641150694,31.190027838263518,香馨家园
121.32035144779393,31.22373704884645,121.32140095238535,31.224638951120067,北翟路华漕
121.24868713014982,31.216806597668057,121.2506131681019,31.21828840157311,华徐公路民兴大道
121.13493518551626,31.25823062109048,121.1365234210196,31.25993807928904,外青松公路鹤如路
121.01348208542821,31.18495388524123,121.01522191457487,31.18622401375835,晟泰农民新村
120.9985818405919,31.38075308054171,120.99980076220345,31.381891719463557,震川中学
121.15910885043282,31.217758263515037,121.16049944754474,31.219506735295717,山周公路北浜村
121.01150607992628,31.318646166225808,121.01265692388861,31.319821333632863,杜鹃路玫瑰路
121.37091402682381,31.265886088073255,121.3724886823021,31.2679376123881,祁连山南路绥德路
121.17571609320366,31.193051850318582,121.17708990146106,31.195240848969252,重固镇大街福贸路
121.10492001961093,31.415238353541284,121.10638337908247,31.416189446612385,江南禾风
121.20035255319223,31.417041676335053,121.20168814846446,31.417977523807423,汇源路新冠路
121.20286922294852,31.15942644041672,121.20398337746767,31.160574558982745,芦沈路镇中路
121.27918930348196,31.181252247079485,121.2810721846234,31.183810353853772,蟠龙路徐民东路
121.01339121417485,31.264230229260274,121.01444098603744,31.26513197070549,黄浦江路圣祥路
121.05011646245919,31.248460039232956,121.05144963674927,31.249585860603688,申家厍
121.23218835074327,31.267216306488553,121.23433534846832,31.268184693611254,博园路联群路
121.26501490774577,31.39931613441035,121.26646109184868,31.400238965601044,澄桥
121.27141755464082,31.436480004247432,121.27253744545479,31.43764909542523,坍石桥
121.13224567043204,31.25420074083775,121.1333013290354,31.255207058976893,老白石公路外青松公路
121.34732103210342,31.39554759751843,121.34971297115528,31.397283401753654,美兰湖路沪太公路
121.28925582582781,31.268829175738286,121.29398652255024,31.27037120506285,封浜
121.25459120529466,31.32494867147916,121.25564179489224,31.32585052848714,宝安公路胜辛路
121.34224501396453,31.388764766668626,121.34494928912943,31.39060123213637,美安路陆翔路
121.25613608439016,31.328635171366734,121.25718671579659,31.32953702859956,合作路封周路
121.39555186860586,31.34272684018189,121.39660273156608,31.343628759784686,顾太路联牧路
121.11402032297588,31.18653954969489,121.1154988735552,31.187929550404323,外青松公路北青公路
121.16428413821603,31.165156123384964,121.16681746050928,31.16616927684726,崧煌路崧华路
121.36457315355308,31.267742790930463,121.36600324532866,31.268685309189824,绥德路
121.24612648195318,31.27186474016406,121.24739221943909,31.27283955915282,曹联路联西路
121.15684084314692,31.296614341257477,121.16172685029771,31.29768576738545,昌吉路墨玉路
121.30464601386268,31.311055570826944,121.30708168444325,31.312744327578077,芳林路浩翔路
121.15788693638757,31.298925332523204,121.15936354919839,31.30265585888452,玉兰新村
121.20988316648516,31.401246951762015,121.21217743782513,31.403033347916146,绿意路胜辛北路
121.24858305006548,31.400404460989527,121.25150610102128,31.402694021060995,嘉华居
121.02319295007975,31.38547405224711,121.02493208888754,31.386546057655142,白河潭
121.14952356528491,31.311096302240703,121.15630132904,31.314278171956836,安亭西站
121.30113201098102,31.30626479420588,121.30351502996214,31.309577960451573,陈翔公路地铁站
121.1917277533064,31.474837895480132,121.19280614670909,31.475912804377106,东方路中市路站
121.01898922859141,31.303576503442155,121.02015128339886,31.306652296414036,黄浦江路百灵路
121.1523280844084,31.384244456106448,121.15462021620434,31.385717742518313,宝钱公路沪宜公路
121.16749733815627,31.346435789421367,121.16886946388736,31.347632710621564,三号桥
121.29080136695481,31.197377738840128,121.29282368779498,31.19919492879981,涞清路龙联路
121.18447193543636,31.16309178026909,121.18593476214357,31.164393919705628,赵重公路盈港东路
120.99438012290943,31.181138481788825,120.9955551750582,31.182639117834707,万园路锦淀路
121.09922259319852,31.149849611813888,121.10043200806362,31.151258387772433,卫中路盈中西路
121.17091149232117,31.44028023350353,121.1719757089245,31.441425966456663,新甸路兴顺路
121.20392999192245,31.257665981773293,121.20499320444353,31.25926021814083,嘉松中路虬泾桥
121.32757136384156,31.239674211880143,121.32887413353298,31.240622488298683,沙河路鹤旋东路
121.16947887219058,31.30269101643298,121.17078242726471,31.303712883226048,和静路米泉路
121.238869768439,31.39770067096071,121.24067602585477,31.39945742925216,嘉唐公路平城路
121.28808917074124,31.19537769130539,121.28993662961354,31.196661707404466,诸光路崧泽大道
121.27826221942458,31.410444126330525,121.28015128167812,31.411390073979135,杨院村
121.04633882317725,31.373922315541304,121.04762597445699,31.375597983721487,立塘路千岛湖路
121.21648919429815,31.386769948553276,121.21797670511997,31.387700751489923,胜辛路胜竹路
121.04977255799571,31.292386207848256,121.05175733430264,31.29547068979723,东城大道金柏路
121.2222312484189,31.156030967483,121.22327995177041,31.156932832483328,嘉松中路沪青平公路
121.21071829819232,31.226025748347308,121.21202090213642,31.227077451280156,华卫路嘉松中路
121.13291216153,31.428972109094673,121.13396383867061,31.42987389087127,文治路天如路站
121.05959965645127,31.38008912489396,121.06065074375688,31.380990875071845,奥体中心首末站
120.99807605059395,31.32497291849283,121.00094234303296,31.326342083306983,新南路郁金香路
121.13179645752149,31.2782529220292,121.13364464285966,31.279536476660212,白虬江路时代名邸二期
121.27346626527137,31.15981704156351,121.27486961627758,31.16088421669578,联民路叶联路
121.07986774065155,31.259537986434484,121.08175266080067,31.261422337756855,建屯路新赵路
121.24656175662852,31.370156226227177,121.24784614235239,31.37108087383519,福海路阳川路
121.16164345030155,31.466089306642164,121.16293765163581,31.467037092369775,金湾路富达路站
121.04018000547056,31.336669187465315,121.04363217799121,31.338385790285688,花桥
121.26722610950452,31.17677912174545,121.26832419430154,31.17840467818458,京华路徐民路
121.17068204091589,31.363623289223202,121.17182856075794,31.364533810172663,外冈镇
121.19073006757954,31.414593615968705,121.19287033856543,31.41648398424726,水产村
121.2573183334293,31.153360119617435,121.25934115699506,31.155646481039582,前云路沪青平公路
121.16600369961571,31.21132968913413,121.16728120052869,31.212376210720606,回龙支一路回龙村
121.10782245036897,31.44208065711901,121.108917749141,31.44317254247443,景仓苑
121.13898729001563,31.37671345904269,121.14016790818454,31.377778440968072,吴塘桥
121.3439839860571,31.423337803363967,121.34560821357015,31.42426579664281,祁北路集贸路
121.34712746195106,31.31019204876684,121.34817793822585,31.311093951199666,园新路丰翔路
121.28123144604122,31.22598475816804,121.28228095414225,31.22688664179838,申潮路朱建路
121.35551909328704,31.243567169008575,121.35660640617505,31.244728230811972,丰庄路金沙江路
121.1248859742242,31.16863617982503,121.12613283174818,31.170744820002483,华青路新达路
121.33487278213232,31.268197714618022,121.33614251744217,31.26921278511364,海波路华江支路
121.3286609422579,31.39708379943355,121.33004295507159,31.39834800061907,罗和路美康路
121.2833275953791,31.210349080151197,121.28438240531064,31.21135181957182,运乐路诸新路
121.38374722912236,31.301146388799065,121.38503987082825,31.302191110994105,南大路桃浦车站
121.17771861943496,31.201659120646266,121.17958008291545,31.202666079923198,福泉山路泉中路
121.12864091556627,31.230965715908244,121.12983588197442,31.232083484121727,外青松公路杜村
121.12508366633278,31.41792018929496,121.12616313678608,31.418967910455212,水岸华府北门
121.25700282223818,31.395249919303733,121.25808758078112,31.396294380469573,嘉罗公路新成路
121.37736402754466,31.247101045734333,121.37889357858542,31.249464053559418,真光路曹安路
121.00230560398704,31.358417906933393,121.00346020029126,31.360166292972515,顺帆路朝阳路
121.04374241480959,31.256030600779457,121.04494378461308,31.257006899007713,石浦现代医院
121.02622365237293,31.341147370502245,121.02739534886996,31.342500529214043,金阳路赵田路
121.18059369649254,31.129445908748654,121.18176630562971,31.13051139122822,陶干路吉业路
121.21482365581511,31.38255695713037,121.21742405112083,31.383885744916693,平城路秋竹路
121.29868994068782,31.379583745153422,121.29995125814015,31.380506954909563,须家宅
121.07584516420678,31.139147987975157,121.07731873862348,31.140457212122314,淀惠路黄泥娄路
121.27372114482662,31.188092388814788,121.27607211358232,31.191414714785537,蟠龙路崧泽大道
121.3807039681035,31.32125608026623,121.38444925865105,31.322810981709036,上海大学
121.25885558753,31.18451640527655,121.26037480658083,31.18615779505035,明珠路崧泽大道北
121.22258059417648,31.306373283479456,121.2237513041652,31.30742371652487,园高路翔方公路
121.3152080519485,31.246502451209913,121.3164511431569,31.24849364840141,金运路鹤霞路
121.39213579828196,31.318815650756054,121.39344999460067,31.321216748771803,南陈路四号桥
121.09436503447854,31.147255599333402,121.0954135657243,31.14815740063265,淀山湖大道港俞路
121.13504914158324,31.248449075188983,121.13641085733633,31.24945922420821,纪鹤公路外青松公路
121.34984944335224,31.295414411812445,121.35121466182244,31.296867088346225,新扬工业园区
121.38000611305526,31.281382539325552,121.38105628711794,31.282284460641044,桃浦镇养老院
121.24741566356325,31.350975379467567,121.2501975443024,31.352384022933926,白银路永盛路
121.11348526690078,31.44886354141595,121.11487163156515,31.449810358737622,交通大厦
121.1857143670648,31.426729289451924,121.18706603559379,31.427951110633554,兴荣路胜辛北路
121.1383003125819,31.278992170796833,121.13955829994542,31.279976023965315,外青松公路滨江支路
121.1344970951945,31.430476618456545,121.13598930395776,31.431689081189234,秋帆路东仓新路站
121.10554228797038,31.214794314327552,121.10790421141013,31.21576118570797,新桥路李家浜路
121.26298760364485,31.205983779799002,121.26408429544132,31.20694112017632,北青公路石皮弄村
121.3850201812537,31.400408563073555,121.38760251658377,31.40147473744187,杨南路长山路
121.03017264898922,31.182369354188292,121.03217695228953,31.18332434620505,淀兴路曙光路
121.24960277221376,31.39469621146348,121.25103062711545,31.395864688233427,菊园
121.16370716515773,31.302659247788956,121.16496433523187,31.303705752125733,和静路洛浦路
121.12365379377954,31.201076919871284,121.12545541051392,31.202170181004984,天辰路华青路
121.34161951150848,31.304113485021368,121.34276918746156,31.305446114594833,真陈路宝祁路
121.22786651688632,31.16146606648493,121.22891528330238,31.162367933481402,佳悦路佳康路
121.21168611391593,31.194345020142254,121.21316938480564,31.195383978992556,北青公路嘉松中路
121.29792902463954,31.399559380795637,121.30086647928441,31.40069732056129,塔新东路刘石路
121.1886255238352,31.216649280046955,121.18967487635808,31.217551119919275,华重公路中英路
121.19005795825224,31.20492473910818,121.19131354306657,31.20601236090012,崧建路沙沟路
121.30886849009362,31.323629124837836,121.3101494086933,31.324741475112663,蕰北路浏翔花园
121.30574668575316,31.20444973738009,121.30775661902122,31.20559496375756,兴虹路申郑路
121.36778017142456,31.361502547698073,121.36883122875047,31.36240445226843,菊泉街黄海路
121.1288277760797,31.15871347229771,121.13058372776024,31.159779628464506,华科路华浦路
121.11514408337221,31.147827058137604,121.11643011801618,31.14893784187185,城中东路浦仓路
121.28399532165724,31.222111963352706,121.2851442760681,31.22300923662489,雅乐路繁兴路
121.07858117808215,31.251782133550208,121.0803365050385,31.253394168550017,青赵公路赵屯
121.18427835918672,31.334680094682547,121.18570994359877,31.33596000541428,嘉安公路百安公路
121.34750975324823,31.346016367779836,121.34889800550242,31.348189614365815,菊太路宝太路
121.25437005875224,31.171647503164902,121.25547134322548,31.172988996762573,徐盈路盈港东路
121.13252621176157,31.154808802401472,121.13401998773683,31.155907797005092,公园东路华浦路
121.22005033389472,31.238424693804262,121.22318636595108,31.239376806031725,华腾公路新凤北路
121.14029891151621,31.45836332336955,121.1424370936643,31.460161976666292,世福二园
121.29643929241622,31.271080457746038,121.29748930776587,31.271982342220394,封浜汽车站
121.24642620473139,31.379418077278785,121.24747739545673,31.38031992268744,城中路沙霞路
121.25202104744044,31.30161607781502,121.25307285525355,31.30260372190919,嘉好路和裕路
121.09876645229058,31.161941199207305,121.09981514791188,31.16284300075875,胜利路盈港路
121.15215200271959,31.29663901404171,121.15348699988445,31.29759038614023,昌吉路新源路
121.03114840958693,31.395053755300047,121.03237869399537,31.39626154469993,太湖路杨树路
121.38107892541541,31.297142940193257,121.38212927475782,31.298044859773324,祁安路环镇南路
121.33254919431648,31.39499035806708,121.33360060586251,31.39589224189934,美丹路罗南路
121.09210420502986,31.1282949409973,121.09346609693063,31.12948345904325,轩盈路杜家埭路
121.1573388759157,31.471451856406013,121.15933512934976,31.473200043759608,富达路上海路站
121.0049376285148,31.258508145221008,121.00624077543773,31.259800654863422,景唐路炎中路
121.10080092233514,31.44186580971185,121.1020105775947,31.442771790254078,长埭弄
121.09026254619235,31.163520301551845,121.09131125401105,31.164422098414175,漕盈路盈港路
121.1514235756524,31.299810281325787,121.15279832287234,31.30079651789418,阜康路静普路
121.22262649333453,31.14991466781168,121.22424440614111,31.151168031562467,嘉松中路业前路
121.23746905358482,31.222730565051744,121.2399175459058,31.22369113495337,华隆路新府中路
120.99499039329825,31.355471696606084,120.99648450780631,31.356406103585808,亿丰装饰城
121.13905971252825,31.23374977543166,121.14083048924648,31.23472462498602,新重安路姚奚路
121.14092336514906,31.461201121533428,121.1434394232354,31.46388707911875,市一医院常胜路站
121.27961783268573,31.33132010014628,121.28144496444544,31.332842299519548,沪宜公路宝安公路
121.19515893227049,31.45326640334492,121.19638626879026,31.454244396176904,三里桥
121.37917846150063,31.254612537630482,121.38022833867251,31.255514462336116,真光路
121.28378247199991,31.217055647328365,121.28734723820496,31.218686256164005,季乐路繁兴路
121.34447164374893,31.38554565467169,121.34552295642874,31.386447545294768,陆翔路杨南路
121.22830290520183,31.376283549926313,121.22978789433205,31.377381649501036,西门
121.32742761478421,31.32966017818395,121.3296830875388,31.330681722522364,顺丰路科盛路
121.11535983648496,31.43405564569811,121.11701305902737,31.435622854434243,绿地城
121.11203003386579,31.297468590779914,121.11325753516276,31.298764744002277,轨道交通光明路站
121.15153573042805,31.253609791997018,121.15258546976942,31.254511607969086,鹤星路鹤星村
121.12796882182852,31.443550990063283,121.12905687909415,31.4447216098625,铭成花苑滨河站
121.14242096927363,31.295882141858467,121.14365443231118,31.29735285770448,金都集团
121.20986228862186,31.13196029952831,121.21101011209554,31.133231800167845,华莹山路米筛浜路
120.9781203210601,31.368008079935983,120.9793304762458,31.369152220108678,黑龙江路赵浦路
121.21709048951712,31.465780712403614,121.21826320933869,31.466689187608885,横塘车站
121.32331071126754,31.18487147989842,121.32489608667309,31.185860820418583,七莘路温虹路
121.14789213117977,31.21695333235094,121.14901937067343,31.217844666974322,秀横路泾溪路
121.1765458312257,31.228933135739595,121.17785336643881,31.229878764428637,新丰支路高家台村
121.30445602090789,31.20215040328303,121.3057374752486,31.20344359683302,申滨路泰虹路
121.15577997587351,31.22707578905473,121.15682942432329,31.227977610911395,姚章路章堰村
121.27653165666833,31.185720306877787,121.27807834024713,31.186737893572598,蟠龙路蟠中路
121.10004750890403,31.169337438182144,121.10144169214738,31.170387761043084,竹盈路胜利路
121.04838421908141,31.25603883207975,121.04967098014117,31.25703996753498,宏川路兴浦街
121.1927615157629,31.411788015925396,121.19429368381226,31.41271538408965,汇源路嘉朱公路
121.21865224832304,31.167171591945117,121.22057986536367,31.168359532401503,嘉松中路公交枢纽
121.00065933289773,31.362660316023277,121.0021961663389,31.363754583238578,昆嘉路顺帆路
121.36671875230516,31.39494079533348,121.36861044950824,31.395923405129246,杨南路十年路
121.26481439282938,31.306296226735174,121.26617012162592,31.308251552778028,乐惠路嘉好路
121.26848953286937,31.193943385976276,121.27086875979279,31.195371876755303,天山西路汇龙路
121.28699043031874,31.1741805531726,121.2880393698638,31.17508244679389,沪青平公路蟠龙路
121.25175482056802,31.381102658491088,121.25282667858492,31.38225114141565,博乐路金沙路
121.17628829333009,31.147272016617123,121.17757450659661,31.148335983135045,沪青平公路老千步泾路
121.12897909717728,31.15015033339467,121.13020710337246,31.15115516628526,华青南路青龙路
121.35606610072033,31.222601876250845,121.35735309068787,31.22523202335017,淞虹路北翟路
121.3836373531296,31.36404704432647,121.38468844704373,31.364948955640102,电台路白荡河路
121.27826809375604,31.23546434806364,121.27948820869307,31.236585451951278,高嵩路开兴路
121.35227924064688,31.31801929040686,121.3548546584026,31.319698907523257,三星村
121.20846329636088,31.37870698773425,121.20973770151197,31.379641112388175,慈竹路墨菊路
121.23411889937529,31.46580096699527,121.23570629594329,31.467348033198597,唐行镇
121.36157563037024,31.22490443949988,121.36262516980466,31.22580636046669,北翟路剑河路
121.26866422822076,31.167120589948226,121.27189207470246,31.169130508093065,沪青平公路明珠路
121.01963923092913,31.315212314225835,121.02163436585903,31.316301286468544,友谊市场
121.17827085482315,31.245695637909968,121.17956424289594,31.24736966132358,赵重公路纪鹤公路
121.24363405280671,31.37212228316579,121.24488904845064,31.373205016837517,裕民路阳川路
120.99107592634346,31.37675057708213,120.99236197581871,31.37834332242071,盛华园
121.04868849095193,31.408664893244936,121.05114500889265,31.409605206637924,夏驾园北门
121.1281312536468,31.25467812840519,121.13047789690647,31.256464556386238,老白石公路程鹤路
121.0926980150852,31.21017731690917,121.09384328313608,31.21107618307758,香大路启圣路
120.99897338573743,31.318058296338084,121.00042472185274,31.320562703254133,郁金香路杜鹃路
121.36780418409883,31.366896099867716,121.36909681491584,31.368004200045252,友谊西路沪太公路
121.26058206904695,31.381611105131356,121.2618280290352,31.38273409489169,迎园路仓场路
121.34384482205364,31.22725774369156,121.34489437812312,31.22815965627501,广顺北路北翟路
121.31643723221053,31.434174295975765,121.31765206790074,31.435187803837714,南李
121.16367074167324,31.310622811458728,121.16678575038512,31.31212409089605,新泾村
121.08378832890861,31.29946544868928,121.0849350716582,31.300426151113207,光明新村
121.097290611813,31.199070465513643,121.09856888629236,31.20000413460404,新胜路天一路
121.14215062524697,31.162503131144142,121.14545357086405,31.163727169934656,盈港东路崧文路
121.1205563820663,31.24406158958512,121.1218606223838,31.245983610097404,杜村路鹤陵路
121.16131307297772,31.175181366727763,121.16244733933026,31.178320233117958,崧复路崧泽大道
121.27462672404751,31.275724345889717,121.27615177638651,31.276869353340757,星华公路倪家桥路
121.20064723428149,31.230081334096297,121.20192716634601,31.23110666547871,华南路新协路
121.26480006778068,31.38044831716976,121.26730231633324,31.38174592483307,墅沟路新成路
121.09188333399625,31.37800351043393,121.09311026663403,31.379041689530972,建新园
121.36992777654085,31.284576883031736,121.37105822185826,31.28558851695098,景泰路古浪路
121.19474060603791,31.294549402090478,121.19707811717687,31.2971348804228,公交昌吉东路站
121.10203794639574,31.448799852467957,121.10326265501755,31.449757346914502,中心广场
121.36802074690068,31.209408258018993,121.36957235649083,31.210425242478554,仙霞路哈密路
121.01056908408215,31.341945735492594,121.01161971613097,31.342847464473117,黄浦江路金阳路
121.28596313440647,31.189256893353452,121.287323164341,31.190195206760603,蟠中路蟠臻路
121.12073029490853,31.172126118170148,121.12270320843093,31.173189682660304,新业路新园路
121.21209799504514,31.22533955181311,121.21331409618612,31.227951647890986,嘉松中路华卫路
121.16378953239675,31.24734882573656,121.16531376800793,31.248520973893378,纪鹤公路旧青浦
121.30890528352613,31.188872464443143,121.31007511557988,31.190223935055258,申滨南路建虹路
121.27884738679818,31.296600519907358,121.28092861755731,31.297727681194484,嘉年路惠平路
121.14235599939389,31.416390249322454,121.14451328588,31.41939585192933,南张路东仓新路站
121.27054953769311,31.280959335190747,121.27170626678128,31.282748264703955,小屯桥
121.11869464254596,31.275722737865518,121.1198788569785,31.2767392620695,新陆路陆项村
121.09120599420707,31.13937979114581,121.0928395063171,31.14056630785962,盈绿路漕程路
121.19274125043414,31.265879582475257,121.19379114975901,31.266781417490947,博园路嘉松北路
121.14636541569577,31.356436553052603,121.14769487899872,31.357906947156224,腊梅园
121.14472504107664,31.322739876973092,121.14679515913953,31.32410232184215,九号桥
121.20928496469708,31.36716241606336,121.21118373086533,31.368298884862806,庆丰桥
121.17880797235267,31.21477123235173,121.18018722710143,31.215909267380344,赵重公路华重公路
121.29829326606023,31.376265858550944,121.29955943458101,31.377328341388775,肖家宅
121.35919523723695,31.205666838688273,121.36024456293808,31.206568761278323,淞虹路新泾路
121.12178558385774,31.161362539001395,121.1228860550776,31.162607654702416,青浦新城站
121.19246519922142,31.40684471319553,121.1938549988822,31.40857068559393,嘉朱公路朱戴路
121.3096817978369,31.19708304945518,121.31073100234336,31.197984950511323,苏虹路申虹路
121.20112497636994,31.15205307240784,121.20217362382157,31.152954927558433,沪青平公路芦沈路
121.20112272172086,31.373687721590063,121.20218798015624,31.374938278363626,庞家河桥
121.28090368773128,31.25108031740083,121.28216610919641,31.252823082045143,增建村
121.23993863064749,31.35197023264169,121.241173569913,31.352976467029542,云谷路洪德路
121.2321935286508,31.364250147420822,121.23330817412727,31.365302352430717,福海路胜辛路
121.37580579341326,31.28512454052767,121.37685600676042,31.28602645943893,古浪路祁安路
121.2214566503085,31.419023942630865,121.22252214950815,31.420054057245878,邵宅
121.25114744007747,31.29849757027105,121.25233005911548,31.299455629474448,和裕路金昌西路
121.17753754786584,31.176626880017885,121.1785864523283,31.177528719948345,崧泽大道赵重公路
121.18565373926762,31.334448247333707,121.1869871613396,31.335362552735084,百安公路嘉安公路
121.30388907100944,31.359374138534424,121.30526632227743,31.361763860831832,钱家宅
121.15617077171268,31.2878953443424,121.15962091752745,31.291283824723138,墨玉路曹安公路
121.17542658377208,31.444635718965337,121.17652381901226,31.4460819809731,胜辛北路霜竹公路
121.0315139446947,31.178584364949312,121.03274135448437,31.17955963473398,曙光路新乐路
121.115912701898,31.288249631160014,121.11747999262316,31.28986956912886,乐和城
121.09722510672835,31.27122155993526,121.09860199262405,31.272363839820617,启圣公路湾里村
121.30910590721507,31.336634517342997,121.3105664941002,31.33783608254832,思义路博学南路
121.35218104655526,31.251099337591114,121.35486703232196,31.252392128827033,丰庄北路丰庄西路
121.05761099756623,31.253200155786345,121.05996520079869,31.254228844546738,白石公路江家村
121.28889850589306,31.41399581572039,121.29006199762375,31.415149784181228,胜竹东路浏翔公路
121.22157216403774,31.200961705283135,121.22465781273966,31.20218896064951,凤中路凤星路
121.21412774994447,31.370466988099366,121.21538414961842,31.371528111763954,慈竹路竹声路
121.1147100144128,31.152785895356743,121.11690233471144,31.154547527487367,浦仓路体育场路
121.06247644139407,31.298090956315612,121.06635562653939,31.299565054676485,绿地大道远政路
121.36111767158033,31.3973030393463,121.36222742996964,31.398595860555954,抚远路美艾路
121.27424446648847,31.176332029872235,121.2757307369718,31.177696370276596,盈港东路华徐公路
121.31484023035038,31.234315528046068,121.31715156737943,31.23537667247845,爱特路金运路
121.27264582010532,31.199776638379262,121.2739470814229,31.20075626081375,金光路慧音剧场
121.24287449720077,31.36059746582126,121.24416810044319,31.36153903433164,永盛路回城南路
121.21022568626451,31.405490753216895,121.2126047995128,31.408468747932716,新徕路汇旺东路
121.19505980178577,31.339703297275847,121.19637399868631,31.340613702773947,沙港桥
121.33849028291593,31.396750956827827,121.33954171726243,31.397652843138626,美丹路陆翔路
121.37086164949118,31.216152900296915,121.37239355371142,31.21715990015895,北虹路天山路
121.15473811380852,31.28114863885616,121.15664658657323,31.282055161293684,博园路荣泉路
121.12057660251111,31.29086025119708,121.12207319645185,31.29208864848595,徐公桥路商银路
121.30306849765608,31.433004525129647,121.30421740401222,31.433915774269966,施曹公路徐曹路
121.14076371468757,31.29151293727663,121.14189208652633,31.29279986256333,赛格电子市场
121.21202390116969,31.265623444606465,121.21341060149138,31.267384954653863,许家村
121.14768977867296,31.260571214012874,121.14875232124264,31.261597385893474,胜联路金石村
121.1795720253988,31.162446178513154,121.1806207747951,31.163348021453093,盈港东路崧盈路
121.3878907957822,31.360084380332054,121.391383808623,31.361266621308072,宝安公路教育路
121.13351039673218,31.373702221112087,121.1346048040813,31.374879178789094,张泾桥
121.34226667210865,31.414696478984506,121.34412561883707,31.416841121647586,罗溪路月罗公路
121.18041327573188,31.19389669429576,121.18169462969144,31.195947005468604,赵重公路北青公路
121.14981739593858,31.16395887299834,121.15161048197258,31.166119275275676,崧泉路秀源路
121.12621031095765,31.272045664197616,121.12759538942758,31.2729542358621,新陆路中村
121.10803130959346,31.269375877652294,121.10941428814148,31.270337522575044,启圣公路金长村
121.20412315716563,31.326954026627384,121.20568244669589,31.327987673929663,园区路嘉松北路
121.25620701769081,31.38241394272777,121.25916467630739,31.383642577416808,仓场路嘉罗公路
121.26152376007033,31.197485483571015,121.26292494593982,31.199725316003743,华徐公路徐祥路
121.08334337133789,31.25661822765646,121.08439692931736,31.257642472310696,白石公路红梅路
121.26520807461502,31.242109873965266,121.2668874283959,31.2436942763344,纪翟路纪中路
121.1477780832844,31.30730958257019,121.14896621721192,31.3083195173986,民丰路新源路
121.26852712075137,31.297843455541855,121.26993877777515,31.298792744617202,嘉程路乐惠路
121.20697674420035,31.25819770766508,121.20829795488994,31.259125092399678,宝丰路嘉松中路
121.05671891692585,31.36461958321731,121.0596342796228,31.36579181769122,首创奥特莱斯南
121.01763115873835,31.357512799257208,121.01874133800051,31.358618400678754,平巷
121.34698490042163,31.231778295153738,121.34876087913393,31.234916224386367,协和路临虹路
121.38417245612922,31.35919727239863,121.38793524940525,31.360465629672376,宝安公路电台路
121.19446117983281,31.403642261530617,121.1960379174638,31.405024438387855,汪家弄
121.2417590296866,31.22324326637801,121.24402481448364,31.224935990913288,纪秀路秀龙村
121.13803555716194,31.200881579831787,121.13933874495395,31.202041920220736,天辰路久乐路
120.99570940269935,31.389026133764656,120.99701539673904,31.390046765892684,同丰路樾河路
121.10716001708387,31.157516747062438,121.10831417923661,31.159231852704675,城中北路万寿二路
121.04656040254231,31.317452620461466,121.04794289826643,31.318373579647943,菉溪路联谊路
121.11534872338258,31.435839871477015,121.1176296778848,31.437362427379533,人民路海运堤路
121.16913601980602,31.366681086037314,121.17050308010496,31.367591613921288,外冈
121.18545979845918,31.34773669004437,121.1865106017353,31.34863850992175,恒永路嘉松北路
121.1805927793726,31.482740070375467,121.18203282199433,31.483679729816306,崇恩寺
121.2581687995319,31.16103817968499,121.26021269930048,31.162278318656593,沪青平公路徐盈路
121.2278668139361,31.359825055413072,121.22893648908864,31.360857144325582,霍城路叶城路
121.25311884758291,31.35076295180793,121.25425225495147,31.351815248093118,塔秀路德富路
121.34948563427368,31.222834633354957,121.35094125842309,31.22461806704006,协和路金钟路
121.08663092336444,31.167420990339433,121.08891317831966,31.16840281022425,清河湾路漕盈路西
121.08224775044478,31.36339050842383,121.0833293497121,31.364484391443348,昆嘉路蓬溪路
121.14173095812355,31.148975646089923,121.1429711429178,31.150396953336966,崧文南路青湖东路
121.10953423669238,31.431119124641302,121.1108538617753,31.432082174641177,南郊
121.07495457366063,31.314201406842574,121.07679842577716,31.31555639216796,仕泰隆模具城
121.00339703792186,31.40636000539522,121.0049542595893,31.40735909497169,萧林路东方路
121.3546575696434,31.205145457025594,121.35604372621677,31.207168142138052,福泉路新泾路
121.34885218974225,31.284163056798725,121.35009120745669,31.285337543258642,雪松路武威路
121.1837912547153,31.35156993504753,121.18560154405893,31.352958764221448,冈峰村
121.26640207053713,31.199354743746945,121.26747722975985,31.200443956157216,汇龙路徐祥路
121.02980933466327,31.38568343331715,121.03086046554809,31.38658516664857,航站楼
121.2924937838603,31.2728204587959,121.29354381632221,31.27372234117053,星华公路乡思路
121.12200421368641,31.418740514902897,121.12322378781711,31.419690384447772,南城雅苑
121.18164029656867,31.3482772910388,121.18269110362614,31.349179108927313,银龙路恒定路
121.22667721320755,31.16764139017992,121.22923288969973,31.168705610782354,盈港东路佳悦路
121.00968787594564,31.181834010030528,121.01268872207292,31.18291419040502,韵湖国际花园
121.25346285414426,31.335518303252393,121.25528944842412,31.336532997336683,双丁路永盛路
121.38353111098421,31.35252259621409,121.38478929066278,31.35362660380813,顾北路顾荻路
121.35404374183635,31.209628782295653,121.35541033758437,31.212261623776378,福泉路仙霞西路
121.25273545214739,31.400579668570423,121.25398914568048,31.40172273146636,永靖路平城路
120.99897812554083,31.323178854355792,121.00039317281049,31.324133045825196,郁金香路孔雀路
121.03952676536268,31.253483721395444,121.0405764348467,31.254385478570384,建材市场
121.22796683519852,31.178959326725337,121.23024466404719,31.179930473360976,尚茂路乐爱路
121.18729103629923,31.325614746307757,121.18859006580455,31.32677005374229,园福路园大路
121.07301272300809,31.37853373897605,121.07508437483679,31.37957396147809,蓬曦园
121.09929484901299,31.262520281358487,121.10064395019394,31.263655018460863,腾富路新胜路
121.34228349189817,31.286991548242074,121.34333370827913,31.287893451724443,桃浦四村
121.25437405712468,31.401447174084996,121.25546724567297,31.40248062572203,平城路永靖路
121.1013495275098,31.397466593844964,121.10343607351695,31.39889930521166,黄泥沟
120.99030700728767,31.342559126120946,120.99184989016506,31.343558174247313,沙葛新村
121.01706654195726,31.385414089460973,121.02086695374675,31.386689011749358,第一人民医院南
121.20467589466385,31.383417085565313,121.20593180437386,31.38488491356324,慈竹路品菊路
121.27516228941013,31.339898970140805,121.27676020586873,31.34220252839391,沪宜公路双单路
121.3435011705224,31.290789548230713,121.34455142965476,31.291691451735804,竹柳路雪松路
121.08010406207535,31.14336486723732,121.0820626354296,31.14441523328197,盘龙浦路崧子浦路
121.2140708289629,31.416917181892547,121.21521836765224,31.418063118087797,娄红路沥红路
121.28710957577104,31.355260843826798,121.28842442309114,31.356190956257283,澄浏中路丰饶路
121.22462148473032,31.24611804856095,121.22576191712996,31.247140951389664,新府北路华新街
121.17898758179614,31.351074091900895,121.18003841839904,31.35197590806522,清能路银龙路
121.07605526576015,31.308636972035135,121.07807093086511,31.30973622870563,花苑新村东
121.14482729348141,31.30300773670024,121.14593540830569,31.30389646269846,和静路安亭老街
121.04532724720174,31.351440287050096,121.04678145148688,31.35239091310161,公交保养二场
121.18834193737699,31.154309837720998,121.18954536304192,31.155307362032765,赵巷镇中路赵重公路
120.97481814958861,31.276309600748963,120.97701644539825,31.2775232004592,丁家湾
121.32316121011489,31.326128240425316,121.32438208752559,31.327049259645626,科茂路蕰北路
121.13404831732826,31.162400357452306,121.13719438264522,31.163345642330036,盈港东路华乐路
121.1085703729414,31.290157951730702,121.11015472204825,31.291740848503796,国际家园
121.2563700541791,31.33740800506837,121.25811154352347,31.33884489457865,永盛路双丁路
121.18693871327692,31.296706123019405,121.18885878389608,31.29776677756692,昌吉东路于唐路
121.26909355207762,31.41719163550761,121.27027084277795,31.41915066424581,徐行镇
121.33272381719814,31.4006616624642,121.33398648428071,31.40175973755028,年吉路陆翔路
121.32025871694991,31.289567986491406,121.32165328595634,31.290836413612947,金通路众仁路
121.24487369940725,31.35469591481634,121.24608480176522,31.35566108468963,洪德路永盛路
121.13199801295197,31.434256981557425,121.13425047359912,31.4370962195281,上海公馆
121.22377481338371,31.210636017474776,121.2249818959681,31.213283182386075,新凤中路古思浜路
121.25747664651414,31.33251823343399,121.25865985537469,31.33342756578573,双单路永盛路
121.35346024895253,31.384292510493772,121.35485513719152,31.387866688975322,罗南
121.24295467589542,31.33853615577316,121.24423272266661,31.339464744315688,云屏路宝塔路
121.20025792211696,31.42928412584174,121.20145277561308,31.430832073750306,城北路兴文路
121.08809069504939,31.210414282918908,121.08950000679599,31.2114127159343,香大路大盈路
121.21476111348419,31.31623773760535,121.21663097607028,31.31857496318136,嘉松北路泰顺路
121.32861289391062,31.348287312058982,121.33031630961217,31.349331688601332,宝安公路科福路
121.34281909523503,31.26684308976174,121.34408550060287,31.268154410351894,嘉怡路海川路
121.3930411317444,31.3674526424768,121.39409226842793,31.36835455748978,潘泾路宝安公路
121.1085333806068,31.228781901340284,121.10958281959508,31.229683698625717,杜村路杜村
121.3935858433593,31.329363739677397,121.39463655681276,31.33026566028919,经地路涵青路
121.37193570486713,31.319530228197895,121.37348409566579,31.320722171425093,丁家桥
121.23198119901151,31.476262000113035,121.23319059874432,31.477373299916504,嘉行公路红庙路
121.24855445701644,31.342054373814907,121.24976944090429,31.342972526244946,合作路宝塔路
121.16706698901378,31.329227686548656,121.16953851443321,31.33032141453384,嘉安公路前杨路
121.32460675563776,31.29237940280653,121.32575554549855,31.2933814971772,金润路银翔路
121.24191900671855,31.350750113542652,121.24331839282736,31.351672386474835,高台路合作路
121.26571913419379,31.21781608381527,121.26747076233691,31.21888471683347,金辉路朱建路
121.28483641063106,31.296785916171533,121.28739579534435,31.298048885603514,老宅
121.22170622515144,31.142495078961904,121.22291447159225,31.143684921088287,业辉路嘉松中路
121.08264830162508,31.326999382039833,121.08427260005621,31.328299717776083,泗桥村
120.9891410662478,31.40354862041109,120.99043293419372,31.40461437948769,青阳路萧林路
121.14506488003727,31.25372788595053,121.1463534199828,31.25478791377735,鹤祥路鹤星路
121.26397783942559,31.34480848751976,121.2653443615003,31.34585381180929,裕民南路希望路
121.20207381898688,31.133039838347475,121.20327128126591,31.13404866159097,贡嘎山路业煌路
121.36708859153225,31.285875242537458,121.36813880864244,31.286777157429114,古浪路公园2号门
121.28041662801938,31.182591442317225,121.283165166346,31.184418341702163,蟠祥路・国家会计学院
121.11458322469957,31.36405477658993,121.11566997547897,31.365163423257936,古塘
121.35202567861658,31.218725322597894,121.35713451730012,31.22091201452514,天山西路福泉路
121.19892212977312,31.16192225933715,121.20024056746108,31.163155840737616,民实路盈港东路
121.38932494910414,31.312847234708215,121.39117734780699,31.313911065914322,上海大学
121.1149085890441,31.44540980131684,121.11619490948296,31.446339898778984,大润发
121.1215313124745,31.451471548686552,121.12261848844236,31.45263905124121,五洋广场
121.09426486932927,31.272024827965367,121.09669932817688,31.273786670671814,启圣公路毛溇村
121.06050087550967,31.218407935438524,121.06159492336751,31.21936856453391,东方路东方村
121.05049604200285,31.243902401850324,121.05175947008836,31.24704399798606,浦园
121.23386133183067,31.37380423665361,121.2349421678505,31.374923763175243,塔城路沪宜公路
121.27795937877993,31.183981555998056,121.2790084214036,31.18488344396839,蟠龙路会恒路
121.11509073990187,31.19752155244179,121.11620335238072,31.199883547386655,外青松公路天一路
121.01800745038464,31.316306205166683,121.01914014111387,31.318811194635735,黄浦江路杜鹃路
121.25273164216935,31.33084776240282,121.25444355906869,31.331796637886182,双单路云谷路
121.3789036267043,31.278161741797085,121.38127637008091,31.279281559000825,三千里花苑
121.31126705188132,31.287262616240255,121.31289535179442,31.288715783893625,银翔路扬子路
121.09146275017393,31.16163893281515,121.09373255879382,31.163944612924755,漕盈路站
120.99897633184789,31.345837657279045,121.00032796562591,31.346796842945185,正新轮胎
121.35783978112569,31.37819755111609,121.35889101905046,31.379099448850393,沪太公路沪生路
121.22674592628505,31.18898670092466,121.22810737241599,31.18992619919487,凤强塘路凤雅路
121.2797231828272,31.298517851428453,121.281230312234,31.300767747431628,惠平路嘉前路
121.16093622807313,31.36647243456676,121.16219117208418,31.367374365403144,外冈车站
121.35666024992263,31.35872320518786,121.35887639788108,31.360735009085772,陆翔路黄海路
121.30277218553647,31.294015834267768,121.30420531497496,31.294929765816537,德华路解放街
121.21281042358122,31.312825190656028,121.21477828171585,31.313992610547643,方南路园汽路
121.27046261036861,31.419380865009792,121.27232689233189,31.420403935623245,启悦路澄浏公路
121.31139028319551,31.19965264923747,121.31243951698457,31.20055455072903,申虹路锡虹路
121.22148780918033,31.23211775605002,121.22303099354072,31.233455444002477,新凤中路华志路
121.02704964035709,31.246770320347082,121.02913288190716,31.248922588105543,炎武小学
121.35859807816199,31.235797460651273,121.35989222045161,31.236763738718306,同普路棕榈路
121.36041624846683,31.23446242542415,121.36167904995571,31.23540407391009,祁连山南路云岭西路
121.18800090710546,31.411806581715528,121.18940369202105,31.41274031836297,朱家桥
121.18137312331854,31.16272847808113,121.18242187687515,31.163630321885094,盈港东路赵重公路西
121.09574283429029,31.21137865110663,121.09717006179525,31.213415647874857,新胜路香大路
121.29411090488145,31.305031260678096,121.29516129530109,31.30593313928829,嘉前路沪宜公路
121.11915214716042,31.4537998654053,121.12070464953749,31.45482403507699,开发大厦东仓路站
121.17873647526442,31.23021216155594,121.1798631341929,31.23283583831985,赵重公路新丰村
121.35782768762189,31.247776323068486,121.3599000679458,31.24989781857111,丰庄路新侯路
121.33532519972059,31.411825958614646,121.33637680045821,31.41272784135176,罗店汽车站
121.34195070629546,31.262005979303662,121.34330979930941,31.26414872032124,嘉怡路江桥
121.00731534323093,31.385431239443466,121.00836645698287,31.386332960522196,前进路黄浦江路
121.05710386397674,31.352303062421598,121.05859213895714,31.353291937961217,龙成国际钢材城
121.11284600022053,31.15652965484951,121.11395249945464,31.15771944483128,青安路沙埭浜路
121.13003596037272,31.116462935841554,121.1311860371757,31.117543664154958,枫泾村路枫泾村委
121.10850316121271,31.128740319532678,121.1097069395316,31.12977058044971,青昆路吴家浜
121.35115684053267,31.344564967915126,121.35232385763265,31.345469632088726,菊联路宝太路
121.33735469169304,31.25636215889364,121.33886991214096,31.257386941607333,江桥二村
121.26165764241951,31.357978881688926,121.26338045611527,31.35934471778197,沪宜公路白银路
121.10368835342265,31.146826230783546,121.10473704669421,31.148400769142004,五厍浜路城中西路
121.29595632146602,31.378678911907215,121.2971273794495,31.379638287761438,大治路浏翔公路
121.12037310687701,31.15541702097569,121.12182929053996,31.156727279025876,外青松公路界泾港路
121.09365916209225,31.300327502400293,121.09488723854612,31.301367397564714,花望小区
121.1986158528396,31.36885886233045,121.20120124791165,31.370397234954762,沪宜公路彭门中心路
121.19861115952476,31.251037059474463,121.19966633964782,31.25220723939615,华新公交枢纽
121.27947338190795,31.258052654233964,121.28061371537878,31.259595745546065,解放岛东环路
121.24595963272384,31.434111562710648,121.247247965844,31.435669336392483,平民村
121.20228467793697,31.27994679143201,121.20340512333074,31.28086850819265,杭桂路绿苑路
121.25210465054306,31.352924874044778,121.25315554964428,31.353826725921497,白银路德富路
121.13097279082075,31.29694744638152,121.13392380329668,31.299225852424232,鞋城
121.23338987283334,31.20189482488689,121.23571403225358,31.203767974948075,北青公路新凤南路
121.24503185070986,31.219419821452604,121.24632104984649,31.22049227845946,凤星路华徐公路
120.99535782493858,31.405537511569236,120.99682787550378,31.406686688143424,萧林路金鸡路
121.07614208767862,31.13677679390685,121.07807267249443,31.138657526715928,大盈浦路青泰路
121.25474705644393,31.353806420204894,121.25838739245248,31.355714133577987,白银路裕民南路
121.15976173221368,31.23456234653519,121.16090336799705,31.235767452788696,陈章路傅家厍村
121.27345647785828,31.415274937944474,121.27463312351298,31.41621466154333,启宁路新建一路
121.01366097003289,31.40747630144352,121.01479763170319,31.4084873985066,亿立物流园
121.04452573719365,31.36642902798092,121.04557666301598,31.367330771984854,盛庄
121.36290606528101,31.286223013132425,121.36418613385433,31.287217986454085,古浪路敦煌路
121.04542916797814,31.404797989600866,121.04672243070645,31.40572761048847,兵希卫生院
121.15340329953582,31.159662283233175,121.15457229949776,31.16102271627586,崧润路华科东路
121.09103629309223,31.294189254391895,121.09406201178767,31.295392447297427,绿地大道塞纳大道
121.07857734886507,31.25600391709663,121.08032914966637,31.256987683149134,白石公路青赵公路
121.09948498421618,31.15819523687858,121.10078111104131,31.15959096328643,胜利路盈福路
121.35610576232222,31.24501814684277,121.35824323961424,31.247203405474185,丰庄路清峪路
121.22890312704688,31.23985256237243,121.23199317876963,31.24112753960561,华腾公路新恒路
121.3335765317703,31.42928130242942,121.334815567981,31.43029019738436,罗太路石太路
121.24568688834967,31.202006564995312,121.24673611183745,31.202908434971064,凤嵩路北青公路
121.14294984685202,31.405968570894977,121.14490385874355,31.40773112935584,阿尔卑斯雪世界
121.1370696647826,31.42479509505957,121.13894473130735,31.426424804764096,子冈路东仓新路站
121.39043177215507,31.40103956022136,121.39296263219322,31.402194541107143,杨南路锦伟路
121.2009507111999,31.270835793312564,121.2020206894339,31.27193130663507,杭桂路嘉松北路
121.16089972398741,31.18184518458293,121.16194867620855,31.18274701538326,崧复路新丹路
121.22847339888082,31.354633881390246,121.22965770100434,31.355539718581426,回城南路霍城路
121.24323962573565,31.399755159614365,121.2449868007765,31.401077186863244,柳湖路平城路
121.26664342838504,31.368076878249646,121.26798676825295,31.369942620960398,嘉新公路申霞路
121.1005129966827,31.18176997763869,121.1024487008236,31.182817622874964,北盈路胜利路
121.23440359978757,31.240215360458095,121.23560291174412,31.243235739389668,华徐公路华腾公路
121.26913916233306,31.375401521342493,121.27125253791246,31.37630807846487,叶城路复华路
121.17425913151979,31.306355889946293,121.17530946867556,31.307257710019833,安亭
121.09119429272776,31.218381335152944,121.09263530605202,31.219409064073904,友爱路爱星村
121.21244886767829,31.17625502287985,121.2143163329763,31.177524275681822,崧泽大道侯家宅路
121.22457873254416,31.143464258266878,121.2258457648986,31.1444019418711,嘉松中路业辉路
121.3609216314737,31.386967551036232,121.36197296870218,31.387869448930257,罗南新村
121.08954908059363,31.189570303164658,121.09098931197862,31.191368597238302,漕盈路北青公路
121.19736683129472,31.232817433310085,121.1984699687152,31.233971266312405,华志路芦蔡北路
121.17897218206676,31.23722537636616,121.1802335214341,31.238452523676962,赵重公路青龙村
121.28432831985543,31.214081560180418,121.28657878352318,31.21577663931662,北青公路繁兴路
121.0705435115704,31.297560116173738,121.071593688636,31.298461883792143,绿地大道西环路
121.30873971457007,31.198179726365595,121.31005055400394,31.200905297360148,锡虹路
121.30672633964257,31.240769954228067,121.30789815956176,31.241787845742575,金耀路鹤旋路
121.20176650481126,31.192979162124885,121.20328629167746,31.194005638363034,北青公路环农科院路
121.10690062602106,31.15451384178051,121.1085464144031,31.156263923778848,城中北路青赵公路
121.36318527863327,31.25723945708509,121.36487181764346,31.258307043567722,铜川路安边路
121.32567161106337,31.28434568302052,121.32742378018503,31.28642261758806,众仁路翔源路
121.25711273773021,31.20608071760556,121.25898076659166,31.207184883332076,华徐公路北青公路
121.12858085417557,31.439653228301747,121.13014934454209,31.44061357187423,东仓路海运堤路
121.2223089939941,31.16590946815622,121.22335780619522,31.166811331810113,盈港东路嘉松中路
121.35455228035602,31.216190540478262,121.35560171981956,31.217092459488338,泉口路福泉路
121.12117792632095,31.129079991065808,121.12222627387894,31.1299818089003,塘郁村
121.17837619732956,31.15814868186127,121.17963600319061,31.15920361806915,崧辉路崧盈路
121.00463028712375,31.25633994471819,121.00588031395894,31.257328054747,西横村委会
121.09882093186057,31.178680367857602,121.10007737856925,31.181539231984758,胜利路崧泽大道
121.17839524597181,31.428309090672006,121.18023384551776,31.430381209900514,新甸路兴贤路
121.12100460447719,31.29471341147788,121.12250549620671,31.29563378865393,徐公桥人才公寓
121.04991736843111,31.310974335960378,121.05185533682963,31.31267453510191,陆家接驳站
121.13703625091586,31.16009358914805,121.13808494928253,31.16099541081808,华科路华乐路
121.12990466460367,31.407217232379825,121.13122883142523,31.409148266945902,群星
121.01613839845307,31.248304227064477,121.01787100389996,31.24930147344109,汉城国际
121.36601516253202,31.255772384527262,121.36996943688123,31.25806012056205,祁连山南路铜川路
121.23693787529541,31.460403362469744,121.23856312102325,31.46188563756536,钱家宅
121.19488313266953,31.311773764245256,121.19624627012156,31.31301373584982,泰众路泰丰路
121.19838104540547,31.157821273493013,121.19942975478637,31.15872312647326,镇乐路赵巷镇中路
121.04454191457185,31.35251502699818,121.04559268563773,31.353416772967602,章基路南
121.24130360492853,31.451394603224312,121.24253369036933,31.453333796409996,嘉行公路华博路
121.37966753985904,31.39058987176889,121.38110785830548,31.391551128446512,富锦路潘泾路
121.30553452044632,31.23823397165814,121.30714268124217,31.23953082816582,金耀南路鹤芳路
121.35714411935544,31.25480996048925,121.35979857940526,31.25654683740859,曹安公路定边路
121.3006846635854,31.300926468469946,121.30213543359802,31.302246031566668,德园路真南路
121.24582573942305,31.408005833994043,121.24720346389675,31.409291266129117,树屏路棋盘路
121.23360086838059,31.196745722526604,121.23478423244366,31.197764677461734,凤嵩路方家宅
121.36958385218817,31.256208223902636,121.37068874555327,31.25723047603915,铜川路祁连山南路
121.25505749227038,31.249625048484543,121.25616110845661,31.25081825137371,赵家村委
121.14300236403287,31.428733947395273,121.14409493871385,31.429761852411048,水务集团
121.25885254965907,31.36166023357777,121.26083154604316,31.36337236621102,沪宜公路洪德路
121.33524966624377,31.42300059835427,121.33631003671569,31.424017101369223,塘西街罗新路
121.12320952438992,31.431204860215065,121.1242741762963,31.432277839746448,淏华大厦
121.30416774786059,31.291771801077566,121.30527955483096,31.29281679877697,云翔寺
121.08012360200519,31.24797269411102,121.0812182984705,31.249123905750558,青赵公路曙光路
121.34584998770386,31.388284012453482,121.34755640429223,31.3902439880773,罗贤路美文路
121.0422781079606,31.364837411875335,121.04459219700468,31.366014889518873,章基
121.27556339276158,31.204511221146085,121.27679900646312,31.205427878882766,运乐路金辉路
121.08090089417361,31.245782327726292,121.081985906321,31.246911472171472,青赵公路周家桥
121.09149446010161,31.290947996639936,121.09281783530864,31.292339803535857,花桥便民服务中心
121.3003116857465,31.340646622377474,121.30246541712343,31.342259077099882,包桥
121.35061899564737,31.388184519590737,121.35363825150645,31.391696575173814,杨南路沪太公路
120.99328662836562,31.380516210865736,120.99466447055643,31.381531188515986,市妇保院南
121.38069268032484,31.289840623141,121.38183691809384,31.29086397684987,桃浦污水厂
121.18781620862549,31.20640742138285,121.18933348861836,31.207408779000247,重联路联茂路
121.19293524688025,31.385720126255155,121.19420565197649,31.387225572853865,世盛路大碾路
121.08192271830079,31.381471359256054,121.08331917938216,31.382722840749274,蓬溪桥
120.96666182880043,31.276243331020076,120.96922966680239,31.277456570128788,阳光东路金丰路
121.24836212892735,31.39123504998278,121.24959297279987,31.392154950059645,李园一村
121.28306525034046,31.273312893263757,121.28441145010278,31.27437840626225,封浜敬老院
121.28354345268403,31.36127191712589,121.28461714920638,31.362543482825192,澄浏中路丰登路
121.19161337711273,31.159652502187274,121.19299292237658,31.160789197536495,巷居路镇泽路
121.20444326600513,31.422765547968634,121.20623012285948,31.425171052867956,城北路宝钱公路
121.23501497357707,31.29561387415451,121.2360652266117,31.296515725811748,黄渡
121.30664458091867,31.23709389555976,121.30886501723644,31.23812530483859,鹤芳路金园一路
121.32767571037412,31.437531663974273,121.32909169195649,31.43877153608011,曹新公路沪太路
121.2361828669471,31.1819158093226,121.23847829974802,31.183718757448094,尚鸿路乐天路
121.27158611116651,31.430680246532848,121.2727457903183,31.431701653449768,澄浏公路施钱路
121.34314926656198,31.234431077083574,121.3443374348329,31.235474422916855,广顺北路临新路
121.26147371834993,31.356683736352334,121.26253238283836,31.357807463607955,白银路沪宜公路
121.36471175754781,31.237931139706383,121.36576144262685,31.238833060260188,金沙江路祁连山南路
121.1535826615834,31.155497901054904,121.15496003153646,31.157815159436336,崧润路秀泽路
121.23123647333388,31.151950820975973,121.23251643178584,31.153357879072452,方南路沪青平公路
121.2452470182789,31.38051809944447,121.24635528312136,31.381789200457092,城中路塔城路
121.14571965567521,31.455569734801486,121.14683054499744,31.45676656503418,锦绣北门
121.16605417986315,31.271373095912953,121.16718192373808,31.27299240400505,安成路安礼路
121.00378308956387,31.18821437570961,121.00520662045605,31.191095423999947,黄浦江路淀兴路
121.1422741136932,31.151063306029073,121.14349009480247,31.15357169383517,崧文南路公园东路
121.20210263313156,31.13000416564271,121.203247866629,31.13125503381173,贡嘎山路米筛浜路
121.3663787014764,31.367421828820543,121.36777710158375,31.368396771465207,沪太公路潘广路
121.14969626900958,31.157084605748388,121.15234017356043,31.159108375137556,崧泉路秀禾路
121.32172835155943,31.277217652282054,121.32277844862001,31.278119547684412,南翔
121.03226367402915,31.374731472864088,121.03549062494685,31.375750627242656,千岛湖路太湖路
121.11147983824472,31.218186199829315,121.11252916195674,31.21908800013672,友爱路久业路
121.16917678291671,31.161885925224706,121.17050782618334,31.1645646745544,崧达路盈港东路
121.32370214289058,31.413999923392073,121.32690146737222,31.41561727991586,嘉罗公路和桥路
121.27651675965753,31.417427748592612,121.27842690744117,31.418740570742315,启源路新建一路
121.16662902839393,31.162590781783084,121.16767777180134,31.163492618183128,盈港东路崧华路
121.38631274115868,31.308996774595002,121.38815266296213,31.310087026278854,环镇北路文海路
121.09371040975586,31.188086602366685,121.09475939044732,31.18898839759931,北青公路盈顺路
121.28579154842899,31.335745219572313,121.28682955418313,31.336711580125375,嘉新公路宝安公路
121.09400735942549,31.41228658008914,121.09537433163385,31.415023219355287,新园路永丰路站
121.27202270705664,31.244817864769008,121.27307619394307,31.24582353476821,纪东路纪中路
121.27759208669849,31.20171544063428,121.27900011633194,31.20300215948065,保乐路金辉路
121.14824304273388,31.16557023851987,121.14934706272841,31.16748336139763,崧雅路夏家宅路
121.1532577789625,31.34477989926346,121.15453811204837,31.347465200343073,墨玉北路周泾路
121.21814048270288,31.288641972728605,121.22056498050299,31.289995381213078,春归路嘉松北路
121.32914397658237,31.399732911668504,121.3305980225021,31.400671588426846,年吉路罗和路
121.38043554099748,31.285848158781565,121.38158705878365,31.287102240646682,祁安路古浪路
121.23964477009476,31.24293419272843,121.24223993399289,31.244074908569324,纪鹤公路马腾湾
121.07495689998966,31.179837849471486,121.07612819733077,31.180952050544597,青赵公路南厍
121.19029033432257,31.149517814704044,121.19221316496608,31.15047458537661,沪青平公路赵重公路
121.09947492495218,31.440954209595695,121.10054167506948,31.44199109031846,金色江南
121.28608113792883,31.172844953293755,121.2871300622538,31.173746846672717,高泾路沪青平公路
121.13054641707943,31.437062210273623,121.13159818312148,31.43796398969233,上海公馆北门
121.38261283990465,31.348492543460736,121.38366376026869,31.34939445650582,顾村公园
121.27343907312698,31.308542136704403,121.27463172929639,31.30963876328341,嘉好路惠平路
121.09648507305339,31.435430464609816,121.09788562707715,31.436334635305773,江南食品城
121.21042786689225,31.398019139319842,121.21183123474138,31.398962660873806,周家宅
121.1128968786302,31.302536817534993,121.11414571862193,31.303715882527896,花安路双华路
121.26404128752124,31.338246774217847,121.26548471831246,31.33980912602841,阿克苏路双丁路
121.16391943425663,31.390402809216745,121.16499076505627,31.39144509042348,汇德路朱戴路
121.10200652922038,31.313373445751676,121.1036615805047,31.316354553576218,沿沪大道仓业路
121.27178928835264,31.292879549970017,121.27286981052093,31.294091449916667,胜辛南路翔江公路
121.17188139242948,31.29665145623669,121.17298260548283,31.297659643710166,昌吉路米泉路
121.18585686636784,31.30893631929083,121.18715423591892,31.309874780834505,园工路于塘路
121.1904465425117,31.130008271236548,121.19186505739569,31.131140728325995,佘北公路吉业路
121.25215564330699,31.33623227285879,121.25320635688024,31.337134127107504,合作路双丁路
121.31976640420736,31.285859253343222,121.32081659597235,31.286761146623252,金迈路槎溪路
121.2812959230296,31.419868246886814,121.28305587957574,31.42129675297301,陆家
121.04222193512076,31.350843004070725,121.0433985662979,31.351781095390486,三巷路章基路
121.1679904220088,31.165146600830667,121.16931247880362,31.166181098609844,崧煌路崧达路
121.34883112638276,31.226234842483045,121.34988067379348,31.22713675748353,协和路北翟路
121.1703113630823,31.22861558548283,121.17136083711301,31.22951741448332,新丰支路新丰社区
121.09683802827922,31.148244898753433,121.09788657192334,31.1491467012126,城中西路港俞路
121.17942290508115,31.22622321487983,121.18058610064863,31.228224585015845,赵重公路王家宅
121.34358959036729,31.28842637423174,121.34608436963006,31.29039022197224,雪松路银杏路
121.09097713720908,31.32401909543273,121.09206386597758,31.325520004508384,金阳路顺杨路
121.08918754888066,31.363717797259703,121.09066824996385,31.364764101935247,建通
121.2350764993616,31.183694792887458,121.23716562983006,31.185287595176863,尚泰路乐天路
121.26225818329041,31.386192727959063,121.26353691546247,31.38711927211741,新成路迎园路
121.35642304728137,31.249073207674066,121.35788305176654,31.25001379242893,新侯路新郁路
120.99193613259486,31.362145484281992,120.99345426132547,31.36457281462868,樱花公司
121.12711216795775,31.415686347031965,121.12972919828158,31.418781968774773,水岸华府东门
121.00049272759495,31.26630258625171,121.00279271263177,31.268923831613634,千灯
121.03516800041656,31.319718290712625,121.03707464214598,31.322097928898597,童泾路光夏路
121.14887200775556,31.449362778338504,121.15048299532359,31.450375222179012,锦绣南门
121.08164953462789,31.384485029769774,121.08302366486978,31.385616769958638,蓬溪路前进路
121.14480320692249,31.248849400854212,121.14600089678193,31.250049499096896,鹤祥路纪鹤公路
121.0425161794917,31.37929440030625,121.0442641412158,31.381724951307497,夏驾河公园
121.2491244292274,31.421626317339822,121.25019587400861,31.423113882598802,嘉行公路曹新路
121.00993484257509,31.320191941994082,121.01129297056858,31.323547657797373,玫瑰路雄鹰路
121.19089520374641,31.422713687159966,121.19199989930118,31.42421241277329,胜辛北路兴邦路
121.0988154629607,31.190263647553355,121.10009343560698,31.191387652421685,新胜路北青公路
121.07797074518916,31.143173491162873,121.07912925513206,31.144160108804652,盘龙浦路新塘港路
121.23624690920482,31.352367847102464,121.23830328338943,31.354411253198883,胜辛路洪德路
121.22795000569826,31.20736385683161,121.22901959386847,31.208464243055445,凤星路新木桥
121.14605379864071,31.188522580857317,121.1477141018893,31.18943801928501,青浦出口加工区
121.37381817277546,31.284236455996133,121.3750508231185,31.28551864408457,祁连山路古浪路
121.01668851453432,31.362642142242024,121.01813888567366,31.363770457179008,昆嘉路吴淞江路
120.99172349623757,31.36633488557353,120.99318810377444,31.36748211388246,青阳路南河路
121.22943211847124,31.31722942404059,121.23061938335826,31.318144675203254,安晓路宝安公路
121.13173033730202,31.1591499557994,121.13327086142678,31.160208443256614,华科路华浦路东
121.31478136466266,31.290002308814685,121.31583973290697,31.290988791048814,银翔路槎溪路
121.15901572881779,31.223445038963966,121.16040757152099,31.22453866051568,山周公路城隍庙
121.14778105902403,31.17619318752469,121.14882994117333,31.17709501244145,崧泽大道汇金路
121.26287422952063,31.247982664084724,121.26392397066489,31.248884535881636,纪鹤路纪翟路
121.20718178694268,31.157897353499123,121.20937761410926,31.158842146869627,镇中东路垂姚支路
121.01319335901825,31.381026811971388,121.01522893858386,31.382077388535926,微盟电子
121.35438737359095,31.235520841872074,121.35543702658477,31.23642275809449,建德花园
121.34033660457389,31.385051855296652,121.3429498000213,31.386225746135736,杨南路罗智路
121.20110427615866,31.293227271191185,121.20373122682254,31.294296129812565,昌吉东路安虹北路
121.27350241568168,31.211479727937125,121.27472668624127,31.21257477208315,联友路北青公路
121.08979551861286,31.172409966984272,121.09127939001436,31.175111232592265,漕盈路清河湾路
120.99956950643227,31.39310887901538,121.00105979074546,31.394105921355006,南浜路顺帆路
121.32311367874345,31.207108986510136,121.32430532133029,31.20811201333737,申达二路润虹路
121.34385496518604,31.345778152014912,121.34490583499144,31.346680047951548,菊太路长白山路
121.12145524435377,31.425418882759793,121.12276425776862,31.426357117374064,融媒体中心
121.20010692097716,31.277050530838892,121.20131548200942,31.278670068942617,杭桂路横河路
121.28851131940486,31.403528875910357,121.28961368306183,31.40454722393983,新木桥
121.0076949152491,31.342970832234112,121.00998788078567,31.344131568733857,长诚浪板
121.00928050250586,31.357150011944075,121.0105506993933,31.358273388094226,盛晞路珠海路
121.2455336196942,31.382301619812136,121.24659707943204,31.383426780119766,塔城路城中路
121.06819239584316,31.264546474439538,121.06961439715467,31.26627612592593,蔡家路姚浜村
121.16397830279386,31.357854415432524,121.16505799674479,31.35892028425988,外钱公路管新路
121.14174654919243,31.157309845451646,121.14336044782243,31.15833715503003,秀禾路崧文路
121.10447174812974,31.304000951333936,121.1070301535513,31.30498354928836,沿沪大道东
121.02408409830082,31.393213578709705,121.02514950277006,31.39424162068267,南浜路洞庭湖路
120.99837419583292,31.326483449853402,120.99969530430867,31.327554349793594,综保区首末站
121.33012117102976,31.263173283044377,121.3340048231158,31.26456221874614,曹安公路华江支路
121.3727675343206,31.285410578345328,121.37400406629155,31.2864556216075,古浪路祁连山路
120.98340500571186,31.276381546856808,120.98629309005597,31.277607154289825,西宿
121.22589929346941,31.3776928800642,121.22772580132565,31.379413120053396,红石路陈家山路
121.34249211917553,31.390051755440844,121.34354348100233,31.390953644525613,陆翔路美安路
121.18887481079489,31.201579705455988,121.19026778848658,31.202626294020927,福泉山东路崧建路
121.17015274856327,31.285462689513327,121.17120285163242,31.286364510452813,米泉南路安驰路
121.02470245976563,31.40893578688341,121.02604934022946,31.41000501286763,珠江学校
121.0431755036367,31.38548426723128,121.04681959379859,31.386626233384675,前进路夏东街
121.31057931310312,31.253357136253666,121.31202209370748,31.255044064011543,金园一路金园八路
121.3665524815134,31.31142080183965,121.36780581727284,31.31251429812818,丰宝路丰翔路
121.16514104431555,31.33475027291745,121.16653725909505,31.33605482721761,五号桥
121.2037583873215,31.264108814911804,121.20497440896143,31.265342685151317,博园路新黄路
121.37996396395252,31.267330261844982,121.38615174748315,31.269504939150757,金昌路
121.24408805800283,31.181105949974224,121.24634875281556,31.182724159894647,泾居路尚茂路
121.1545219090564,31.462776165996228,121.15577648074469,31.46563743365572,金湾路十八港路站
121.3489917231321,31.42921767877658,121.35007937811552,31.430427021156827,抚远路罗新路
120.98815644721441,31.400512780648192,120.98968755103343,31.401485119593996,春晖路青阳路
121.13144108346373,31.464041040439884,121.13315252016226,31.465088660244216,万达广场北站
121.03629936967928,31.364287559722175,121.0376937321364,31.36548254029353,盛庄
121.10292284217687,31.363621118738084,121.10397905925423,31.364774881219727,牛头泾桥
121.1511321026748,31.160528189871645,121.15345580236051,31.161715311544167,华科东路崧甘路
121.34839532903523,31.285601706889718,121.34974806882532,31.286813793121507,雪松路绿杨路
121.11187778511727,31.42213065059849,121.11323361247922,31.42308804961694,良辅路胜园路站
121.27286535390121,31.375752330603156,121.27553544751152,31.376719769946398,叶城路周赵路
121.00227296438324,31.368438808498585,121.00342433202954,31.369609291494676,顺帆路南河路
121.19060653640787,31.409612393428855,121.19194256512235,31.410605705706722,嘉朱公路汇源路
121.27233155602357,31.233012070559617,121.27349434730371,31.23415272935149,高嵩路纪翟路
121.22932926673661,31.233547703152407,121.23051033547966,31.234623896829643,华志路新恒路
121.10840227325244,31.214415338215655,121.11014308616622,31.215509383491153,新桥路久业路
121.34322598023755,31.365491291632154,121.34470403681412,31.367019499290752,联杨路言观路
121.36214520873844,31.344895378945942,121.36373058712505,31.34639572118366,宝菊路镜泊湖路
121.23737838981747,31.32138725512808,121.23888970771476,31.322377845210095,光明村
121.33065877318268,31.390858303444105,121.33313332561552,31.392242094229218,美兰湖路罗和路
121.111592890086,31.154369095326224,121.11264151011503,31.155270904639877,青赵公路青安路
121.36808496805672,31.211559977217284,121.3693806335043,31.213101222114943,马家桥
121.36432943179106,31.250434493997158,121.36560596769242,31.25151190585851,丰庄北路延川路
121.1976876100399,31.156096253203955,121.19937218942219,31.157035046835713,镇中路镇乐路
121.22541912312838,31.233681298205827,121.22656157417114,31.234770101776697,华志路新府中路
121.06369589548108,31.334647082711548,121.0649714033463,31.33575471723647,望星路金阳路
121.2481736361542,31.39800001973858,121.24944746312593,31.398999979908158,棋盘路嘉行公路
121.2003551057398,31.16492027350045,121.20140389445187,31.165822126465827,盈港东路民实路
121.36353052868162,31.280180077417715,121.36542317248258,31.28113032290412,武威路敦煌路
121.12631701991312,31.153765408963892,121.12750187901938,31.15480479102005,公园东路华青路
121.18182626443082,31.191532879986603,121.18287533576303,31.192434719979627,北青公路赵重公路
121.31802888108123,31.29604085520329,121.3191005198646,31.29708504421997,真南路众仁路
121.28161810501742,31.186849942258583,121.28268819502445,31.187916657561416,蟠中东路蟠文路
120.98809343956994,31.380204432631764,120.98947036052333,31.38129236710799,钞票纸厂
121.36857298020811,31.217944806572376,121.36999952028626,31.218858393506938,天山西路北渔路
121.02724395153633,31.40925759059082,121.0284886496406,31.41032880941217,东方花园
121.37705015780551,31.309520641963292,121.37810064236821,31.31042255800327,环镇北路祁连山路
121.360667227037,31.360167631595072,121.36214676844806,31.36164146860955,韶山路黄海路
121.37310725655206,31.334905951199815,121.37459234078656,31.335896849145445,祁连山路顾陈路
121.35668672015755,31.361143157032814,121.35777680363309,31.362203370807936,陆翔路沪联路
121.23403537423665,31.350513686130505,121.23564792719706,31.351466714155393,洪德路崇信路
121.13411433865183,31.46291471527751,121.13534465655081,31.464265684819956,万达广场娄江路站
121.0255075540766,31.327686153508818,121.02750524905835,31.328738547294723,车塘
121.26427331916234,31.37273568041302,121.26562558129102,31.37380291910094,杨家
121.0834379980387,31.378180039679098,121.08576147309675,31.37955013773701,蓬朗农贸市场
121.36413498653121,31.31833007177251,121.36521431366873,31.319413327954855,苏家巷
121.37664423647125,31.26067649263188,121.38043612098863,31.26442807838305,清涧新村
121.37520504255272,31.255214424234058,121.37757875758169,31.256130475586648,铜川路高陵路
121.30974989462902,31.271950463207627,121.31216302663894,31.273357511056705,乐秀路嘉峪关路
121.02589348825562,31.2527686949736,121.02711400907012,31.25392190507645,沿沪产业带首末站
121.04535350763236,31.376763259927735,121.04658899023839,31.37789114010701,南桥路兰湖路
121.38969382858095,31.350199042005436,121.39074477159164,31.351100957961165,顾太路顾新路
121.23870493005433,31.345439687058786,121.24005227026991,31.346512212501143,云屏路塔秀路
121.22900524300687,31.187406465440002,121.23030855063254,31.189689134078233,凤霞路凤阁路
121.34099078629212,31.287912451451216,121.34331673323176,31.291132934742812,白丽路银杏路
121.25882743348218,31.394128531402135,121.25996436703342,31.39535966829986,新成路嘉罗公路
121.3760641336453,31.360507380476708,121.37762486145698,31.36206201975225,宝安公路羌家村路
121.04285044435868,31.195692830911185,121.04432575338839,31.196672369378103,北苑路沈安路
121.28012278674345,31.178950634615557,121.28148511753402,31.180313265528707,盈港东路蟠龙路
121.08128178741481,31.159585066463347,121.08457254039178,31.161723157641855,盈港客运站
121.373403051998,31.328003546850866,121.37597835332666,31.329224754757554,塘祁路华秋路
121.39354611523562,31.346562168499847,121.39505177727887,31.348381331933112,顾村
121.30497614567527,31.17297222593676,121.30602505353443,31.173967973788333,诸光路沪青平公路
121.26569339790582,31.173257869980116,121.26755550520652,31.17430233073351,盈港东路明珠路
121.01110757433908,31.36266795858881,121.01266652641611,31.363806440460483,昆嘉路金沙江路
121.04066369226857,31.32127026212525,121.04181540835079,31.322533137547172,启发广场
121.0396401156955,31.177880182015876,121.04132408155479,31.178909918462637,旭川化学
121.30778752610905,31.274812512450787,121.30947627727953,31.275849888178424,陇南路华翔路
121.31663346786044,31.28416304918707,121.31893373171624,31.28555534904767,金迈路古猗园南路
121.14132634593298,31.41339170583704,121.14237785426658,31.41429349412893,荆石路
121.18804046063006,31.31584764826753,121.18943653758745,31.3170654516686,园大路宝安公路
120.99210360582883,31.358677771834117,120.99339269164035,31.36037832744133,富华园
121.18728476102483,31.472293493398332,121.18925336538132,31.47413667070474,飞沪大道中市路站
121.13827516169222,31.1170897972431,121.13942473524015,31.11821710274901,外青松公路西庆路
121.22496405221933,31.244157851963525,121.22620664681892,31.24523384798382,新府北路华富街
121.3235329469391,31.3601797501488,121.32470505071863,31.361267349860157,陈村村
121.33350678099409,31.253677921854106,121.33481021790547,31.254606278222834,华江路张掖路
121.24944170899458,31.374629175738892,121.25261273035834,31.376771029506923,南门公交站
121.22235144536057,31.224915881220223,121.22368815655578,31.225856918937485,新凤中路华农路
121.2611128396242,31.38265046922934,121.2627511598527,31.38380142995424,迎园三坊
121.18165784272666,31.434043107284058,121.18325564780878,31.436161193340393,胜辛北路兴贤路
121.26813108447709,31.33709609817825,121.26955701779522,31.33833900186909,双单路裕民南路
121.34444082993262,31.282950689960206,121.34565402009108,31.284032749592985,武威路红棉路
121.23924968179587,31.17798082973989,121.24300241917311,31.178905670815535,崧泽大道徐乐路
121.11600142908307,31.148694048504982,121.11722636928125,31.150209250884803,浦仓路公园路南
121.26282965000996,31.246293625720288,121.26425285041236,31.247395473684367,纪翟路纪鹤路
121.14567022241344,31.309528015682854,121.14696337456112,31.310759784404773,沁富佳苑
121.21093607488812,31.231219945626293,121.21227653575254,31.23415645415349,嘉松中路华志路
121.1482002651687,31.351286337416948,121.14943683652284,31.352376462605186,外钱公路墨玉北路
121.2772414351334,31.20425656871719,121.28208553555089,31.207936313670743,运乐路金丰路
121.3209603422204,31.206608547503848,121.32200965795872,31.20751045246268,润虹路七莘路
121.11235121387844,31.417172690166765,121.11367218441038,31.41811200996761,盛园小区南门
121.2118999738008,31.2792036866489,121.21342762845734,31.28017891370062,曹安公路嘉松北路
121.2554921072362,31.36658473357698,121.25700458873128,31.368711665145508,沪宜公路招贤路
121.20886715051384,31.43455862818968,121.20992604804931,31.435756771752157,娄塘
121.38373139315847,31.277779959028045,121.38522340338501,31.2787967414234,武威东路祁顺路
121.24807287100245,31.35592746146288,121.24926403160946,31.35703373851688,洪德路德富路
121.24658363743704,31.373051316303584,121.24767406262065,31.37416978339338,群裕路裕民路
121.24577490237891,31.35448543226194,121.2472323909953,31.356933766888677,永盛路洪德路
121.10236858256324,31.21473182873259,121.10454941614532,31.215731971501725,新桥路久远路
121.116323971487,31.205167903535216,121.11802233595333,31.20702629695236,外青松公路香大路
121.30488131480118,31.271157122531392,121.30644408473934,31.272086877492907,海波路星华公路
121.12781484837276,31.444927691189246,121.1290633515241,31.44594680864974,铭成花苑东仓路站
121.27519047785123,31.38024733225033,121.27630012453665,31.381654667673935,澄浏中路嘉戬公路
121.11974060207672,31.430122809424553,121.1210563983385,31.431175490158118,人民路书院路站
121.09973534409856,31.43850135917589,121.1009786571358,31.43947704024842,上海花园
121.11714445788637,31.236266534147752,121.11819414222971,31.237620265792316,杜村路老杜村
121.14458426748396,31.243904046589535,121.14566593329859,31.244973952851797,鹤祥路五联村
121.34219001264013,31.192817441653585,121.3432391875366,31.193719358312975,虹桥1号航站楼
121.34504478430011,31.359872139143427,121.34614047553255,31.36098559329457,联杨路潘广路
121.13375158426743,31.46066271111066,121.13480361593328,31.46156448885526,万达广场南站
121.30475015104224,31.219072630579316,121.3060159528102,31.220334869466498,北翟路申长路
121.02815587474369,31.389250340544553,121.02934432268367,31.39036755948303,同丰路太湖路
121.22182210567006,31.376428682863708,121.22480717114968,31.380167735402082,公交嘉定西站
121.29496381006261,31.34048885304234,121.29653198735583,31.34185784686629,澄浏中路宝安公路
121.0999901092213,31.126341167574235,121.10107529015765,31.127511132255183,南太路城南村
121.04841984040853,31.385480127856717,121.052005156809,31.386635572836877,世茂广场
121.09330436109752,31.446685372489007,121.09433923784364,31.44764552720409,马家地园
121.3937048509074,31.394714592394145,121.39499775045724,31.395701006894225,富锦路锦伟路
121.3765299845404,31.320962309687147,121.37805269999275,31.323414490710697,祁连山路锦秋路
121.12147280763091,31.45328661287306,121.12261259271389,31.45450558678363,开发大厦上海路站
121.08104678097672,31.133731984401212,121.0834428524628,31.135574801311243,观云路黄泥娄路
121.08989783967438,31.15086298707088,121.09171756463168,31.151959713825793,青赵公路漕盈路
121.06268697818378,31.33680500536825,121.06389611952406,31.337922194665506,星圃路邹泾路
121.18269217563244,31.202559198299966,121.18386552230925,31.204058001339614,福定路福泉山路
121.15816886222922,31.247505789881345,121.15921853796748,31.248407610084765,鹤星路纪鹤公路
121.3320383032189,31.40982549396158,121.33380438551342,31.412246806873913,沪太公路罗升路
121.3103553918915,31.314214678124273,121.31152181174573,31.315384921779284,芳菊路芳礼路
121.30227383619057,31.246024875786418,121.30469566509666,31.24698532468216,鹤霞路星华公路
121.24805882398344,31.190728250433093,121.24914927749091,31.191979749500256,凤嵩路池圈河
121.07635538089727,31.151744422581864,121.07902662285713,31.15286417866554,盈朱路天恩桥路
121.14815006823416,31.380830952831023,121.14953123201805,31.38173514720945,百安公路宝钱公路
121.05200403919292,31.40256199791413,121.05321795645754,31.404435801737346,夏驾园东门
121.33920999757916,31.387451507168308,121.34155780718314,31.388621994181324,美安路罗智路
120.99659560803349,31.392051514989053,120.99777349359944,31.39309348500442,樾河路南浜路
121.02510011547014,31.395845988749564,121.02652599169784,31.398262510862402,慧聚广场
121.22141464909171,31.37272448289715,121.22246575109902,31.373626317069053,秋竹路民悦街
121.19087781251514,31.176259020482924,121.19331268212983,31.177520280912407,崧泽大道联星村
121.10855227648399,31.445522416570714,121.10960412371936,31.44642418339517,城区公交换乘站
121.28684543149345,31.17029523389464,121.28801536645531,31.171200566114315,高泾路谢卫路
121.003926649423,31.385439607492923,121.0058382552465,31.386562793547025,黄浦公园
121.13184213115605,31.45401642033196,121.1334702721282,31.45503878022792,华侨北门
121.33581397760594,31.357341291584834,121.33701712344813,31.358308807981288,广福村路厚仁路
121.22770217049444,31.280880471378712,121.22891343338546,31.282630628439094,淞阳路春海路
121.01759955084731,31.186161160388025,121.01878894787679,31.187095639192634,香石路淀兴路
121.0476177505263,31.396639666221862,121.04873554890915,31.397868333457097,夏驾园祥苑
121.25671878535708,31.412158868650025,121.25789141721427,31.413246331307107,永新路勤学路
121.30678176909991,31.284801318118056,121.30800363098452,31.28570448182929,银翔路星华路
121.09275535137326,31.445523509427705,121.09402195042159,31.4466381906047,沧桥东
121.07316783420261,31.367719681995343,121.07426946353473,31.36873791794813,宝昆路新星路
121.01093932409853,31.371032446250375,121.01401217289586,31.372183354517762,景王路金沙江路
121.3111548456159,31.311577311780216,121.31239875803831,31.312804588240528,陈翔公路芳礼路
121.36408687022617,31.343908847292635,121.36513772994914,31.34481075267389,镜泊湖路宝菊路
121.35625271840209,31.210260671680825,121.35763228282813,31.211291127507206,仙霞西路松虹路
121.00643248255568,31.315260292501705,121.00877471447362,31.316367308206058,纬立配件
121.06804429024412,31.395948404813247,121.0693320186871,31.398551595009653,龙腾光电
121.31052930815147,31.19517184912371,121.31157849202867,31.196073750842793,绍虹路申虹路
121.10818710022765,31.19919921886564,121.10942749618627,31.200441181219023,久业路天一路
121.18787111086742,31.153089683777207,121.18921158863684,31.154204515994753,赵重公路镇中路
121.00416249326602,31.381009778672208,121.00550180720823,31.38210132118878,震川路黄浦江路
121.30245546435346,31.267364117762746,121.30400443337587,31.268701682111022,曹安公路星华公路
121.21695154159782,31.41050784633718,121.21895195771961,31.411772852254202,汇旺东路城北路
121.12695143625099,31.157975329049904,121.12804245852274,31.159884270820644,华青路华科路
121.26386688388081,31.201894060613377,121.26491611630435,31.20279593935303,汇龙路泗沙路
121.00965234596036,31.240163040248724,121.01118466295485,31.242935959269246,黄浦江路淞南路
121.06813439907023,31.308413976465868,121.06935070379828,31.309557423535654,花集路西环路
121.18846025022351,31.24931260594784,121.18957734737441,31.25035679401038,纪鹤公路蔡阳村
121.20129665021317,31.15679527269754,121.20234534997834,31.15769712726873,赵巷镇中路民实路
121.00163287999632,31.273827457606416,121.00283201888286,31.275246241796186,秦峰二村
121.37316757673455,31.251918311072743,121.37425852643902,31.253428588861972,万镇路曹安路
121.16903033402349,31.362999769395397,121.17038346404334,31.363948730778667,祁昌路外青松公路
121.13787010930169,31.292709852283657,121.13974929131659,31.29398684626618,外青松公路曹安路
121.19737781868818,31.400095534214653,121.19878195646157,31.401432153409115,嘉朱公路汇旺路
121.30289067266797,31.210956027845178,121.30402792911339,31.211973272106455,申滨路天山西路
121.33141350934417,31.421981405003457,121.33294180357433,31.42538409459888,四方
121.3538306698013,31.213286444301648,121.35489782947266,31.214323655328094,福泉路甘溪路
121.39452484308585,31.361439484429702,121.39561095580912,31.36265831544281,宝安公路潘泾路
121.33942215506434,31.407361015387863,121.340563745134,31.40857298421044,月罗公路罗太路
121.20965688055077,31.330338163291025,121.21112431913099,31.331259236704348,伊宁路东环路
121.26280264138096,31.218396606403275,121.27121905761443,31.223814786621833,联友路朱建路
121.14545825792126,31.155294048888553,121.14657964080155,31.156286751095703,秀泽路汇金路
121.33702486705518,31.302430109681683,121.33888185371575,31.303490992653547,宝祁路园泰路
121.379852687573,31.36994201665048,121.38260441304945,31.370857683658823,友谊西路电台路
121.31449467369275,31.29229685831845,121.31560072621843,31.293461741320634,槎溪路沪宜公路
121.04015835558705,31.377620156440376,121.04134494046747,31.378852543597496,夏西街千岛湖路
121.24698211732688,31.331142076476496,121.24867557815209,31.332735023636964,云屏路双丁路
121.08908486987139,31.21400801058138,121.09076962955871,31.214948689462798,新桥路兰马苑
121.00850068462819,31.19683430617595,121.00977751399607,31.1977930932351,邻里中心
121.2807482397365,31.299409563437862,121.28179856044744,31.300311436528524,嘉前路惠平路
121.34348796623168,31.38608437190243,121.34633493933758,31.387333029895352,杨南路陆翔路
121.1397086116263,31.269485411828366,121.1408422877899,31.2707472877735,外青松公路安鹤路
121.24376546842704,31.38607227839067,121.24481673176142,31.38697412157556,清河路察院弄
121.14704551316827,31.14073315567663,121.14817608442989,31.141792244299847,秀沁路汽车站
121.29944455084544,31.22490305168965,121.30133974788231,31.22588584853365,博恒路申长北路
121.10725831295869,31.16861309745402,121.10830708724289,31.169514902512017,城中北路竹盈路
121.11369795590969,31.28555131911767,121.11479034198474,31.286552080818904,古新路冯家宅村
121.20515320707699,31.236915577360488,121.20620279311463,31.237817422605776,华腾路新协路
121.35921852068316,31.262931542701928,121.36026847949218,31.26383345726463,定边路桃浦路
121.0223458997009,31.18148360646767,121.02401500680746,31.183223393947774,文化中心
121.12091101755179,31.13068949124767,121.12195938264811,31.131591308718452,外青松公路青松路
121.3980340362387,31.39099627546297,121.39961366471783,31.3919301247283,杨北路杨宗路
121.09425632365114,31.220206547756117,121.09562314781378,31.221762675477915,新胜路友爱新村
121.1976766217726,31.13089228448802,121.19890037797212,31.131928115378514,米筛浜路小机山路
121.13028568215817,31.147047152715622,121.13136281824559,31.14812244693944,青湖路华浦南路
121.05337627883027,31.307696301377796,121.0546758190261,31.30887369865305,宝湾物流
121.01953224080899,31.173682351467704,121.02182046417366,31.176155671232465,淀山湖汽车站
121.23315859716294,31.43637012128221,121.23517290443449,31.437823078030934,瞿家宅
121.2725374363494,31.17931313311133,121.27543546538993,31.181101565011147,徐民东路华徐公路
121.06193415013317,31.333958174705042,121.0638630547171,31.335094326382922,常发豪郡
121.14091503400586,31.147460072132912,121.14316746582753,31.148395927776054,青湖东路崧文南路
121.24345448355653,31.444879823719123,121.24474141345245,31.44610107636329,塔桥村
121.32547748148309,31.394741955744195,121.326746222016,31.39649324393364,东方假日
121.22670253668136,31.24344046416431,121.228561162969,31.24437573582637,华强街新府中路
121.14116911461208,31.109706500459986,121.14246268707198,31.111259098921717,王仙村路钱家埭
121.15572112216311,31.235288161459064,121.15762827970602,31.236273139031486,新重安路厍桥村
121.14652093910523,31.18077978303403,121.14782506758266,31.1830460167368,汇金路新团路
121.20209085125052,31.18169419414546,121.20334544876629,31.18272370570707,凤联路陆家湾
121.2058746001031,31.131081656935553,121.20728649833457,31.13207394218589,米筛浜路佛山路
120.96824464594647,31.30850374628987,120.96952975445718,31.30956485360881,俱进路俱巷路
121.10642696854772,31.137023780797602,121.10777583007254,31.138191919119254,青昆路城南村
121.06855332394649,31.30242520972777,121.07138167513814,31.303425190371552,集善新村
121.30337996261817,31.17534688336214,121.30447523600927,31.17662811648688,诸光路谢卫路
121.12033508929692,31.175198189385036,121.1216233142859,31.17645151068606,新园路崧泽大道
121.07926534135649,31.165988125383123,121.0812366339833,31.16741212559192,清河湾路青赵公路
121.11101264230102,31.454108402401374,121.11209786042947,31.45512749738922,宋文治艺术馆
121.25635632279234,31.285650668293403,121.25740647739411,31.286552531672907,太平村
121.1081960046242,31.20381603240359,121.10940519108524,31.205105667665734,久业路新金路
121.25303288444334,31.402756566293398,121.25421741289955,31.404344233363926,永靖路胜竹路
121.34757228074815,31.25805916529718,121.34894471563865,31.25939143483638,曹安公路外环高速公路
121.06803659172196,31.389975283639924,121.06931830686081,31.390904216450366,富春江路龙腾路
121.00528057459243,31.26111703510364,121.00657372496426,31.262139564602474,美景园
121.04969687821394,31.340699332815202,121.05154482425453,31.34170926777309,夏桥小学
121.3229860734804,31.436002090794602,121.32409312630236,31.43712930883901,曹新公路劳动路
121.08972948899358,31.14338454212508,121.09222792385104,31.14615855896445,淀山湖大道漕盈路
120.9991110606496,31.26118536864679,121.00016634335559,31.262793431280222,寺基村
121.14298368095508,31.226843792303093,121.14403311924308,31.227745607663024,姚章路徐姚村
121.18484092559446,31.21653008098465,121.18589027459919,31.217431918981568,秀横路中新村
121.39440562509911,31.344990461574735,121.39551737180155,31.346550238278684,顾太路顾陈路
121.08709195101018,31.161152751153708,121.08901814865405,31.162419547687456,盈港路漕盈路西
121.07213746480555,31.308545299069532,121.07358553532995,31.309677100378504,花苑新村西
121.09448847725405,31.44616467983175,121.09564962546452,31.447250920100007,弇山园
121.19020287040247,31.461341202935767,121.19127873025603,31.462450897004086,横沥水闸
121.239892311718,31.3843664214434,121.24130308846466,31.385268378526334,清河路城中路
121.39582535718813,31.362750741529783,121.39687644298385,31.363652658436806,潘泾路宝安公路
121.27671416867021,31.294392564042596,121.27776443151413,31.295294435923736,惠裕路公交站
121.33330760754433,31.417902911467234,121.33447289609556,31.4195654884072,罗太路嘉罗公路
121.13765695731219,31.15492790644744,121.1387999423349,31.156185693048947,华乐路公园东路
121.1418995909584,31.15540015009119,121.14311900772154,31.15647674989953,秀泽路崧文路
121.36652007314626,31.253105340364144,121.36756992702824,31.25400725960246,曹安公路祁连山南路
121.37608610558931,31.300952341576913,121.37713649458442,31.30185425838965,南大路祁连山路
121.33123204464655,31.323594086537046,121.3324768561566,31.324593113044227,顺达路科盛路
121.26580286280249,31.23915941833774,121.26840789192407,31.240868662638384,纪王
121.22553838455464,31.288365149613156,121.22799801682214,31.289330050893085,春归路淞阳路
121.14583354682125,31.380316503974242,121.1475455574572,31.381855696208028,宝钱公路百安公路
120.99708378545793,31.252715957444163,120.99821331137265,31.253832442523862,秦峰路南浦路
121.01308148909786,31.335215403363048,121.01560500174756,31.33764179680769,黄浦江路华成路
121.03081502457339,31.354776411235537,121.03194497581046,31.35594928808754,万福阁公司
121.3859165155357,31.358426051386644,121.38728278620074,31.359367948784964,电台路宝安公路
121.11559029143525,31.17967655552999,121.1166633978563,31.182552044296642,外青松公路新科路
121.36025274595819,31.201201960571993,121.36141875415557,31.202448838660608,哈密路龙溪路
121.00125227153217,31.269971525890412,121.00235972375317,31.27180287396395,建行
121.2445481822651,31.460374365023597,121.24605091957851,31.46133343525808,高石公路经五路
121.27479240832386,31.354875638940648,121.27609209281505,31.355879760424163,横仓路
120.9982846471587,31.37513623251946,121.00036515013399,31.376206968073156,文峰高级中学
120.9962345054106,31.237309043759794,120.99732449197305,31.238343656161373,吴家桥
121.26568537463227,31.210352409778032,121.26731412278133,31.211756790068602,金光路闵北路
121.30567219904626,31.215599266895865,121.30915964247733,31.217449714246758,天山西路申长路
121.31500141568513,31.31002385084998,121.31625808403209,31.31103994893448,李店角
121.19905064948334,31.264784187482466,121.20055468711668,31.267174492494252,嘉松北路博园路
121.31615676193867,31.411600510866172,121.31764953844771,31.41251028921112,十五号桥
121.33481118404671,31.377417469399774,121.33615311605668,31.3784987302331,联杨路长联路
121.26129214926092,31.388667619849393,121.26247515240908,31.3897161801463,新成路塔城路
121.31119377913612,31.203487758360254,121.3123403228009,31.20489344148332,申虹路泰虹路
121.1182824136676,31.441080498956957,121.11945218728202,31.44198900104138,南珠大桥
121.03111862185803,31.39008511882509,121.03232267699089,31.39103238078522,太湖路同丰路
121.34627052804629,31.355850827206286,121.34788542331884,31.35872981598525,联杨路沪联路
121.34961069924428,31.405897047550834,121.35069560018636,31.407049452291012,美丹路罗迎路
121.13565270325522,31.419147908300165,121.13804700301621,31.420414793450007,省太高北门
121.29109122654842,31.187026274781942,121.29245987440714,31.18795142533308,蟠秀路徐民东路南
121.34927416903047,31.318747161274043,121.35059893364173,31.31969743889723,真陈路锦秋路
121.17346923222242,31.228786259423952,121.17472617070877,31.229721740651197,新丰支路前明桥
121.25862496842569,31.442131394494726,121.26083483480386,31.443201906421084,宝钱公路伏虎路
121.1063385468865,31.14342197828537,121.10752635242063,31.14444992166873,城中南路老朱青路
121.36672994991805,31.239038754923758,121.37155107340767,31.241752645548942,清峪路真光路
121.25886842087345,31.215631944505628,121.26176068317936,31.21677935688318,朱建路方亭路
121.13376256309716,31.4492684837029,121.13640994413366,31.45061821845188,华侨南门
121.04621961074712,31.225244723840294,121.04780418632936,31.226264376612082,鹿场东路
121.28980319552068,31.272787049148892,121.29100800483506,31.273786750621486,翔封路星华公路
121.33134226865906,31.256107338048572,121.33274482948066,31.25706396215018,靖远路张掖路
120.96421279863644,31.28613893577375,120.96546130261777,31.287217164234658,俱进路新吴街
121.13498502765636,31.14709545893243,121.13604447173374,31.148117740809912,青湖路华乐路
121.00582391508134,31.393131267589144,121.00705768423043,31.39418883233171,龙灯集团
121.1798789889148,31.1871962801709,121.1809280112792,31.1880981197953,赵重公路福泉山园区支路
121.06652566865391,31.252600806409706,121.06869413443427,31.25366099446717,白石公路江南村
121.36629955640782,31.364271548226167,121.36735064376735,31.365173451740343,菊泉街沪联路
121.26971408228006,31.17473125092642,121.27105041612272,31.175672349209574,盈港东路京华路
121.06847021204784,31.297589916727603,121.06952038815875,31.298491683238282,绿地大道集善路
121.05637715315972,31.317268839932364,121.05808005071688,31.318327060783968,新光
121.35748525386423,31.25288652304956,121.35884324687873,31.253939376360396,新郁支路新郁路
121.39279977625168,31.349012493221522,121.39385082384739,31.350299306721983,顾太路泰和西路
121.29776908585241,31.40720879581495,121.29915821621819,31.40841720422274,嘉罗公路东风路
121.0664436894494,31.3154404788749,121.06930930294722,31.316897223300177,花安路集善路
121.14373472643983,31.307300436497968,121.1449155724703,31.30833556348814,民丰路新源路
121.08263279961463,31.15388707773134,121.083719400134,31.154979521992292,青赵公路盈朱路
121.07898050107734,31.2653775448615,121.08079230182274,31.266405655785704,浦屯路新赵路
121.13806092311069,31.466561135026694,121.1400281711914,31.468392065045414,宝龙广场
121.13940968587082,31.199586166343675,121.1405207167681,31.200627833511202,久乐路天辰路
121.36881418606194,31.244098280681673,121.37130792820494,31.245686041581514,延川路万镇路
121.31119459914783,31.297457507626778,121.31236970318531,31.298534692344415,德华路德方路
121.23020889917896,31.25512887248245,121.23125870101008,31.256030727483818,华益路华纪路
121.22425109595946,31.181611459001815,121.22536390408287,31.18276964068011,凤马塘路凤雅路
121.20966038511739,31.143103252923154,121.21223131626223,31.144068447606998,业辉路置达路
121.15238499436435,31.14689633124762,121.15486140943818,31.148014369934998,青湖东路崧泉路
121.11589243411026,31.151121222626998,121.11704566676873,31.15241537708436,浦仓路公园路
121.09691449196234,31.407856780014047,121.09855850020655,31.409772320498785,陈门泾路永丰路站
121.17617563502554,31.29669497474984,121.17768446272284,31.297679125557366,昌吉路塔山路
121.08491220962108,31.279067311067376,121.08596219058363,31.27996908889855,启圣公路万狮村
121.02692727778617,31.39642330970977,121.02817772261558,31.397465390215157,慧聚广场东
121.3111085395675,31.343352802849697,121.3122599621534,31.344734596968397,浏翔公路宝安公路
121.20252767142617,31.248627468942065,121.20459842611619,31.250230230269967,纪鹤公路施家宅
121.30981678563563,31.286286945445696,121.31155071074991,31.28735805521865,德园南路银翔路
121.24513097814219,31.342820834727156,121.246192324097,31.3441257652215,云谷路宝塔路
121.23061918664914,31.366826860556596,121.23231301215824,31.367945138297635,裕民路胜辛路
121.07522958565876,31.377348551589915,121.07647781505247,31.378402748372956,蓬曦园菜场
121.13724269546475,31.149665673880875,121.13839620244966,31.15114272582325,华乐路青湖路
121.08545370806212,31.136648820471624,121.08670019470593,31.137579779586435,观云路观明路
121.21775743568953,31.375320283977345,121.21880856450163,31.37622211598881,陈家山路霍城路
121.30450396147458,31.19473948774047,121.30652902941578,31.196967112850682,申滨南路苏虹路
121.22128160306005,31.319587731144697,121.22437179609905,31.32058676892767,宝安公路方德路
121.16544751947642,31.189352141770257,121.16685038119542,31.19048775806081,北青公路崧华路
121.24628275026929,31.19983646559198,121.24742245054033,31.200822634391688,凤嵩路苗圃
121.35965556815775,31.40160001560621,121.36076323294456,31.402835984275864,抚远路罗迎路
121.10281825296128,31.451318925753192,121.10398174798996,31.452273473915856,中医院小北门街站
121.18151269227553,31.339926175431792,121.18331770748786,31.34123842354516,百安公路恒谐路
121.24970156969009,31.407186398838363,121.25098894946198,31.408145192833892,嘉定一中
121.25362740727415,31.25428175705419,121.25498009116764,31.255224543086616,北丰路赵家路
121.24043626179454,31.28650469518425,121.24166573687529,31.287587204803938,春浓路春归路
121.06694561547386,31.260951614561105,121.06799538473271,31.26185338540479,蔡家路凌巷村
121.38997439503969,31.371480222519807,121.3913065051676,31.37255087710115,友谊西路潘泾路
121.13806808889987,31.159320631781664,121.13947466499327,31.161850501462016,华乐路华科路
121.31143443121259,31.239707767919004,121.3133878712554,31.2407264327118,鹤旋路金园一路
121.00341284140146,31.35390295446801,121.00456035679248,31.354939945529274,永立包装
121.2903071088282,31.22606906528564,121.29153539066876,31.227456133843372,西方场站
121.35758767508487,31.37929445125034,121.35863892509131,31.380196348716144,沪太公路东电台路
121.26836820377821,31.41123454876707,121.26980800675646,31.414195850904196,澄浏公路树屏路
121.0534601863061,31.14983473019408,121.05478471171513,31.150779769966366,盈朱路周荡村
121.32634405340694,31.21983587112616,121.32757474668698,31.220860628667424,华美受理中心
121.25186865051478,31.334949372837748,121.25291934967245,31.33585122712853,双丁路合作路
121.35732177731319,31.40836917556707,121.35855612184214,31.409346824093998,抚远路美诺路
121.29225879381544,31.377447881188502,121.29355070490863,31.37837671889648,戬浜镇
121.31386505481154,31.269709999760423,121.31612678060024,31.27119749143033,海波路黄家花园路
121.15323793364342,31.374176299575076,121.15476175811217,31.37610430092622,李家泾
121.12978306483869,31.363431652933457,121.13096613484323,31.36433964705433,钱门
121.26446545136899,31.405472615138432,121.26558354876067,31.40664168455134,蒋杨陆家宅
121.37023424588251,31.272975771475956,121.37158855320635,31.274118328363613,真南路祁连山路
120.99672329112747,31.34044049394704,120.9979381105679,31.34151450606822,春阳路珠竹路
121.28717885279936,31.198864209515527,121.28895594669572,31.200067289469345,徐灵路诸光路
121.19998160049633,31.2616347552194,121.20107469930761,31.262740744490934,邓祥路
121.38081065661066,31.309559541125665,121.38186114356265,31.310461458840923,环镇北路祁连山路
121.23466220928668,31.369039902466508,121.23626019391446,31.370438397620767,裕民路永盛路
121.1441249908127,31.46056780262067,121.14519580954178,31.46161589712857,市一医院朝阳路站
121.30457905354194,31.287908059446277,121.3066531757097,31.289890546994634,南翔镇
121.20319069809187,31.156993080993598,121.2045469025588,31.15810531887739,镇中东路芦沈路
121.23282088129498,31.471121872154086,121.23397102113837,31.472180327777007,横泾
121.03516235709098,31.2468289140107,121.03780613993932,31.247956186730697,卫泾路季广中路
121.36472369328095,31.23448498335386,121.36623900967463,31.235826416735517,千阳路同普路
121.37261025221332,31.220427336701725,121.37365974796036,31.2213292632649,北新泾
121.12868958083081,31.161633980200556,121.13196112080212,31.16261092053115,盈港东路华浦路
121.10777362085406,31.193263285446672,121.1088753738506,31.19519221441186,久业路天盈路
121.09492203994486,31.392133442321978,121.09693276712798,31.394062558123647,独溇
121.14471898849955,31.14158279490526,121.1466094121186,31.142865203626283,秀沁路崧潭路
121.19474206845634,31.152942022562225,121.19605742428371,31.155382776953033,赵巷路赵华路
121.04582342771249,31.403746137244607,121.0468632703936,31.40460456258605,广志社区
121.21210001485062,31.374037355582747,121.213428782759,31.37498824460675,慈竹路陈家山路
121.32494742792824,31.229262412349097,121.32634044968854,31.230468567420996,北华路虹桥乐贤居
121.30635322157944,31.244105288737472,121.30746927109303,31.246395011093735,金耀路金沙江西路
121.33970606832092,31.258126760436213,121.34204603856507,31.260175039754092,华江路曹安公路
121.17498908046737,31.286631560480114,121.1775375592541,31.2880010310835,上海汽车城
121.34406123273712,31.38754225490586,121.34511256744057,31.38844414506059,陆翔路美文路
121.37190468488933,31.2392490400191,121.37313961632722,31.24016706002846,真光路清峪路
121.19283007079346,31.487148733686546,121.19414463107451,31.48810926532816,西安路临沪大道
121.24908684233512,31.396471620667082,121.2503019578064,31.39737357930264,菊园新村
121.04212752436611,31.315235537470745,121.04481687575674,31.316802260417944,陆家镇政府
121.03874819466466,31.393170432132877,121.04012650489453,31.394227467460063,兵希环卫站
121.15672924870893,31.388033574500586,121.15808595045452,31.388962625563817,宝钱公路汇宝路
121.25259833176801,31.3539546381376,121.25445486412525,31.355592561752935,阿克苏路高台路
121.11377338097867,31.230744289789325,121.11557591798068,31.23171201036678,杜村路四埭头村
121.17782722996614,31.161709378899605,121.17887597022789,31.16261122106662,崧盈路盈港东路
121.10726671417501,31.19029426059129,121.10853748740236,31.19140413943228,久业路振盈路
121.1199264704383,31.147636546104163,121.12114813060215,31.14868995389283,城中东路保安路
121.37232648442712,31.358951046497072,121.37337751574735,31.359852953469446,沪太公路宝安公路
121.26511825490338,31.165623586487722,121.2666823493483,31.167094913727325,沪青平公路叶联路
121.28763813991223,31.431022701981227,121.28908675858152,31.43225179786069,浏翔公路徐曹路
121.27198306182936,31.29090899891481,121.27347793869794,31.291824101187355,丁家
121.16274792766576,31.16293038278887,121.16379667252991,31.163832217177333,盈港东路崧华路
121.0335692615568,31.385493228434463,121.0367500704932,31.38663576492371,兵希
121.36990910387509,31.307420629060037,121.37109439663172,31.308429670907408,丰皓路瑞丰南路
121.20629319633436,31.28283338008696,121.20835673774008,31.284736922241816,曹安公路绿苑路
121.16398591502364,31.44487756490246,121.16516568649645,31.445810434512605,竹桥
121.37252646475555,31.276720819429872,121.37411904158161,31.279163579733613,祁连山路武威东路
121.10395757121769,31.131227550993813,121.10501492895517,31.13224034896146,南太路青昆路
121.07642739662182,31.335963117309475,121.07747800358423,31.336864882656393,陆家浜
121.09842476069174,31.446632652229287,121.09968483868288,31.447549547793052,武陵北街
121.3201049613829,31.371208378324003,121.32189882860418,31.373198054380744,陈宝路横仓公路
121.26860676851773,31.306727926573124,121.27100729800635,31.307944279314786,惠裕路嘉好路
121.28432038390524,31.442085477821585,121.28563461721674,31.443197422147637,徐潘路浏翔公路
121.23606830403003,31.235869869703528,121.2371178961583,31.236771730262788,华徐公路新谊村
121.15886653417267,31.188444580473433,121.16048426582832,31.189626218917347,北青公路崧复路
121.36962559192061,31.236722402139748,121.37141680987664,31.238106997503532,真光路金沙江路
121.31920147839708,31.211043648760892,121.32050432418193,31.211987751379773,申昆路宁虹路
121.27983290431274,31.368464669470377,121.28115539538926,31.36955703028627,澄浏中路乐宁路
121.27841984159828,31.3714468114404,121.27973345241442,31.37366738804592,澄浏中路申霞路
121.16393446649339,31.4628819067437,121.16498923428948,31.463918693220613,富达路中市路站
121.10644378372305,31.14657666276111,121.10758741174779,31.148418437037442,城中南路城中东路
121.10243512386009,31.44274980415999,121.10349847586092,31.443771195707313,武陵街上海路站
121.25999529951878,31.181472411005476,121.26140899456159,31.18306468928793,明珠路崧泽大道
121.22621584756735,31.274878719526864,121.22750294928073,31.276116080564638,许家东街村
121.19075739904375,31.216573325988552,121.19400440921777,31.218035476780912,华重公路中淮路
121.26880311448429,31.46886201963019,121.27084828665566,31.47029037950281,杜家宅
121.07300769388551,31.38548596776531,121.07447520698459,31.386578131403642,前进路新星路
121.30115534524333,31.282234649350688,121.30727593120893,31.284538242161798,南翔北火车站
121.21405256839778,31.272242890780163,121.21545663661088,31.274334408721234,黄渡敬老院
121.26154005592234,31.29862058176934,121.26285494193512,31.299564918391116,嘉美路美裕路
121.27213003851581,31.187468160903627,121.27471714662121,31.18929614444878,蟠龙路站
121.19698859910825,31.32277700246483,121.19839220200664,31.32370779768282,园区路园贸路
121.00400410376899,31.38916694778162,121.00581979221822,31.390270053005775,同丰路黄浦江路西
121.32427760527088,31.340846250451712,121.32569299294535,31.34180284974493,思义路科盛路
121.23855993445436,31.389154881615525,121.2396339650336,31.390270718266375,桃园新村
121.35136091029182,31.229025542103468,121.35241048988414,31.229927457863113,福泉北路通协路
121.14879340370034,31.141522053991128,121.14990709604217,31.142720445635984,崧漪一路秀涓路
121.1567275956666,31.379406650121872,121.15850069568346,31.381474150476464,窑厂
121.29750606483955,31.18324676206029,121.29860203303215,31.1846385378084,诸光路盈港东路
121.16737804504206,31.13111236313633,121.1684496527435,31.132479536776632,中泽路中步村五组
121.25750068800998,31.405864779899794,121.25863041432999,31.407293519997754,永新路胜竹路
121.21735381442373,31.489173284481176,121.21844238300123,31.490197115426962,三港
121.19060524500934,31.19363479902922,121.19182585396395,31.195070900266057,崧建路北青公路
121.30747436156375,31.2122359772672,121.30857174654759,31.21461032261804,申长路迁虹路
121.25864594330092,31.302763007678763,121.25970325605634,31.303774892074934,美裕路嘉好路
121.28447758428378,31.387280301129632,121.28611851713822,31.388570998601338,嘉旺路立昂路
121.37299734850029,31.255586662355746,121.37441645269533,31.256635036779315,铜川路双河路
121.21973923461728,31.26773585448788,121.22196326748168,31.268742646158767,许家村
121.27425241960731,31.194896457644372,121.27530158057668,31.19579834232205,天山西路蟠龙路
121.29234710526697,31.206845910892213,121.2942200333563,31.208093267798514,北翟路纪翟路
121.28812827076881,31.448613331373338,121.2892805244831,31.450481668421233,大安路宝钱公路
121.3578756041609,31.215346493948584,121.35894639623064,31.21640190576836,泉口路淞虹路
121.12396963474481,31.157948576975652,121.12522936502934,31.158968822822047,华科路外青松公路
121.19535417517784,31.48422097492642,121.19658802527117,31.485128925096348,珠江小区
121.23022269232544,31.37819857996975,121.23154001252065,31.37958622012993,清河路清水路
121.06254579990652,31.18403887449326,121.06360550433504,31.18569792543269,双和路淀兴路
121.38655439525984,31.35740399974474,121.38776890369684,31.358319500288502,电台路沙浦路
121.17208935847957,31.283570488892156,121.17313944171586,31.284472311073973,博园路米泉南路
121.21789680687598,31.307355852611348,121.21932099127679,31.308315647597645,翔方公路嘉松北路
121.37446036579618,31.320092371048844,121.37602333161631,31.321095029338125,锦秋路祁连山路
121.15304027658956,31.281316093558996,121.15409032360789,31.282217906407087,茂泉路博园路
121.13290015840026,31.359797120585153,121.1343179415496,31.360925178967218,望仙园
121.28159354957532,31.212969804411657,121.28412894369511,31.21515639523347,纪翟路北青公路
121.15808247638373,31.45739853835271,121.15943901727873,31.459003561921143,滨河新路十八港路站
121.34753328191852,31.351980477240737,121.34886601659757,31.35295312203226,
121.16444747294173,31.188062981739442,121.16588702730623,31.189184117689727,崧华路北青公路
121.18845328503967,31.33249339066075,121.18969161587943,31.33355100932323,园国路百安公路
121.12598610152239,31.161737542191606,121.12732069322857,31.163211958022078,华青路盈港东路
121.28132675443936,31.395411464144672,121.2832397462587,31.396756735038803,塔新路立新路
121.10665844804878,31.25317760796918,121.10775635491342,31.254659391969213,响新路胡家桥
121.28177495208799,31.387100369360503,121.28282624809641,31.388002230605814,嘉旺路立新路
121.2594147018451,31.16258385892439,121.26046349834026,31.16348574104203,徐盈路沪青平公路
121.35333090396664,31.220833709868078,121.35455000713911,31.22239570888806,福泉路天山西路
121.30570911787784,31.247955153951334,121.30675888230314,31.248857046015118,金耀路鹤霞路
121.36304367375517,31.36389852184958,121.36412362283143,31.365468578051,菊盛路潘广路
121.03134780524339,31.26149661651596,121.03487488985186,31.262805484899694,圣祥路炎武路
121.2923967399604,31.31487120152624,121.29391705676369,31.31626599852738,德园路嘉绣东路
121.08430092764351,31.289492548752378,121.08536117367827,31.290643651208246,万狮路万狮村
120.95622937578152,31.20985805157065,120.95751512661073,31.211482647970545,陶雪
121.10072307215792,31.450529123019386,121.10178002874231,31.45159537694494,中医院
121.02078280802282,31.408440506701037,121.02201619276613,31.409488393276806,萧林路新镇路
121.23325386539008,31.275522797210545,121.23462693811169,31.276822202919124,曹安公路星塔路
121.35070291874881,31.40964274946906,121.35176398062951,31.410661250275748,美丰路罗迎路
121.05290994027388,31.20373998634583,121.05443635380402,31.206160112533247,新泾村南
121.14308308415649,31.450795715729242,121.14477190734432,31.45280918484943,锦绣西门
121.07282035979235,31.230059977645045,121.07423073955373,31.231116521833314,南平路万泾村
121.36275175116066,31.2177939236314,121.3639380484025,31.218810576298264,剑河路天山西路
121.2442299126198,31.335982719141988,121.24576038493397,31.337321780778794,云屏路伊宁路
121.22086910927668,31.209192435858025,121.22202159308962,31.210253464082825,古思浜南路古思浜路
121.2194750225311,31.175214283390826,121.22069858937446,31.17831711644912,嘉松中路崧泽大道
121.19415908134597,31.476067339768903,121.19523501868704,31.47713556010386,东城社区
121.18003327122844,31.36775253413613,121.18286863464,31.36901886775345,陈泾桥
121.29837941351205,31.204484684605095,121.2999131860711,31.205690814872835,华翔路兴虹路
121.24736623904208,31.255316248264574,121.24848736201731,31.256246851436327,周泾水闸
121.25893722959896,31.33247353877604,121.26016046406721,31.334672860907013,永盛路双单路
121.21185417979262,31.268915001521435,121.21339021927102,31.269998297667666,新黄路春亭路
121.16371874888775,31.139920888618427,121.16491254798007,31.141599011032035,中泽路崧泽苑
121.22078277630258,31.239460483578345,121.22213072411303,31.2405289159513,新凤北路华腾路
121.15355348755585,31.369940934752872,121.15595631645937,31.371742764729973,喜泉路百安公路
121.2065697888402,31.38475212046237,121.2081497097101,31.38604807920456,咏竹路品菊路
121.24470129574797,31.365732831402617,121.24627942400204,31.36748557976622,富蕴路叶城路
121.3239591917783,31.354135135892225,121.3252068073256,31.355584963262462,六号桥
121.23986765940153,31.34620958529688,121.2420446401867,31.349174003857854,公交白银路站
121.32961853603547,31.32500196461264,121.330827464487,31.32599663511067,科盛路蕰北路
121.24799656386772,31.42573358122361,121.24918883675771,31.42674971875191,中徐桥
121.36023352744287,31.25073121418555,121.36240218111945,31.252495371752232,丰庄北路丰庄路
121.295675719869,31.174295935447397,121.29820059187952,31.17581454420456,沪青平公路谢卫路
121.31538165875877,31.34711222796159,121.31660754448916,31.348291772044213,北管
121.2869897657957,31.335313776661703,121.28915573619994,31.336313723937053,樊家
121.24634777378941,31.352653923039306,121.24776232713104,31.353579977091506,高台路永盛路
121.24147203647865,31.347756053264696,121.24335905687128,31.350593744585503,云谷路白银路
121.31970726460561,31.4027153464675,121.32102043578375,31.403767353130725,联合村
121.29929520538552,31.31311357896033,121.30060389548866,31.314137320487323,瑞林路芳仁路
121.19001818328556,31.344394751853336,121.19142040975456,31.34610604848857,钱家宅
121.20299689690363,31.393031630651915,121.20420160488605,31.393956468585994,西界泾桥
121.14997849439818,31.167039486509186,121.1519746309384,31.168541210326993,秀淳路崧泉路
121.35407911442334,31.34593131824575,121.35534538449487,31.34685438181381,菊联路联杨路
121.12872750586641,31.108854344862298,121.12990079523345,31.109807954728613,丰泾村路福寿园
121.06715343765907,31.306076570261844,121.06837016449965,31.306994829755467,花桥职业中学
121.08874457064883,31.1816974997852,121.08999412985902,31.18274560015265,北盈路漕盈路
121.34856982551071,31.42449525647951,121.34962157466673,31.42539714348693,祁北路抚顺路
121.25945466690393,31.20519306190213,121.26050393328171,31.206094938064254,北青公路华徐公路
121.08006090497916,31.135237702263648,121.0811092952251,31.13613949770239,朱家角路青泰路
121.22061159422854,31.451383435929547,121.22177420385003,31.45228596406908,柏家桥
121.33314004155545,31.4028324932288,121.33483085952778,31.403995905481235,陆翔路月罗公路
121.09325393542811,31.37424113916138,121.09445406588878,31.375194360303475,蓬欣社区
121.28960099660769,31.221756227030514,121.29095409796297,31.223936072328552,开兴路闵北路
121.27300640648508,31.271309842681983,121.27596169475268,31.2722641578585,曹安公路翔江路
121.20510800356087,31.1650671723331,121.20615679663028,31.165969027633185,盈港东路芦沈路
121.26200540276402,31.216681462096368,121.26305479742145,31.217583337870007,朱建路纪潭路
121.25638627258535,31.204319062577742,121.25743552760059,31.205220937388646,北青公路华徐公路
121.25356730201275,31.199129562891937,121.2546164981735,31.200031437074433,明珠路徐旺路
121.35575113631793,31.242197042031393,121.35680086385763,31.24309895793516,金沙江路丰庄路
121.11713254069629,31.44429132847621,121.11873316337548,31.44533947215251,香塘发展大厦
121.18543281083481,31.195827192396287,121.18736379202845,31.196863808311026,福贸路联茂路
121.07762802363897,31.17036071648868,121.07868347488069,31.17156998345347,青赵公路古石
121.10975578724403,31.216530645889303,121.1109675158046,31.218163053894123,久业路友爱路
121.37591357086076,31.31414852362502,121.37731229340254,31.315781759222386,祁连新村
121.10831579879226,31.14774500952534,121.10958580120077,31.148797290233137,城中东路宝庆街
121.27833399155345,31.42227095095329,121.27950551115518,31.423366448996653,启秀路徐曹路
121.09566397498534,31.256344605079555,121.0968065249381,31.25753719442802,新胜路白石公路
121.36113613389577,31.253449720360027,121.36437850266529,31.25548490368755,轻纺市场
121.24256644074929,31.353714995804044,121.24365536180203,31.354727004013075,洪德路合作路
121.14689959240536,31.143554709480828,121.14817051025857,31.144491690615563,南淀浦河路崧潭路
121.12025258776958,31.1882417876017,121.1225185153332,31.189308113318283,外青松公路新园路
121.18942240571262,31.405700034048817,121.19084809629983,31.406924765971336,朱戴路新宝路
121.02434217590208,31.315757602501357,121.02552912735415,31.31690769744676,友谊市场
121.30160154184057,31.189504150811118,121.30265065834045,31.19040604915535,国家会展中心南广场停车场
121.15724355247009,31.24691637865837,121.16094864867337,31.247852621962597,纪鹤公路山周公路
121.09805233225408,31.201060889453927,121.09943506865642,31.202199810442046,天辰路新胜路
121.10547963370492,31.175997991451208,121.10761007193001,31.177205309965746,崧泽大道城中北路
121.01744179203632,31.40800195615153,121.01856591030659,31.409031943742193,萧林路红光路
121.21753545059121,31.187346171606702,121.21889384103753,31.189999527849082,嘉松中路凤徐路
121.26551231867258,31.383882898040437,121.26709828249197,31.384824402190514,仓场路新成路
121.14093474812229,31.30262225876063,121.14220085159539,31.303641941017133,胜巷新村
121.16539267379842,31.366594991301092,121.16695882483053,31.367879308365193,祁昌路恒盛路
121.25538104203841,31.186051728204546,121.25698965866987,31.187280771394363,双浜路金字圩路
121.13090299455433,31.220204747983885,121.13231990414168,31.221151252156233,农园一路横泾村
121.36002904855233,31.35400180480639,121.3628531064764,31.3566943226997,陆翔路宝安公路
121.0652657188619,31.308414605684963,121.06637347835272,31.309477494254875,花集路集善路
121.27614241268229,31.376498469950835,121.27719358750261,31.377400330015472,叶城路澄浏中路
120.98387644467604,31.394659258044076,120.9863285546203,31.3956349420045,昆太路横泾路
121.34930022327643,31.28099284622059,121.35035037690005,31.281894753745956,桃浦一村
121.18583645458395,31.278932214753592,121.18753215247638,31.28074238570556,安研路安拓路
121.28393263639536,31.173230453828737,121.28498156378748,31.174132346137696,沪青平公路蟠龙路
121.20473927794559,31.38636308796434,121.20579052224704,31.387264912001793,树屏路咏竹路
121.14492452978484,31.147383280635438,121.14770389100062,31.148650617581712,青湖东路沪青平公路
121.19002229480371,31.309740593200797,121.19125000814812,31.31089920681257,园工路园海路
121.31527258281982,31.24369118563401,121.3164509193677,31.245170714153442,金运路金沙江西路
120.9894236323854,31.276479937716008,120.99053656764882,31.277634761974465,富民桥
121.13846681672233,31.312525251638053,121.13952138350946,31.313506848330782,鸵鸟路民丰路
121.22819772998298,31.39745158735746,121.22946656898482,31.39843121219422,城北路树屏路
120.98953546212212,31.3889165161816,120.99280123735437,31.389902183746585,同丰路青阳路
121.087715698888,31.203215751882844,121.08884501348895,31.206360947963898,漕盈路新金路
121.12409647589709,31.176075603088748,121.12743201946512,31.177354898237777,崧泽大道华青路
121.05868701917811,31.371134664611848,121.05989247814381,31.37227343542816,景王路东城大道
121.22058856114282,31.370601582950407,121.22163963904796,31.371503417015802,霍城路沪宜公路
121.09726242855153,31.447569556061694,121.0987993988048,31.449345587450843,小商品市场北门街站
121.32118855246996,31.255919169650156,121.32245744647507,31.25689812988778,靖远路榆中路
121.36403347304194,31.36074479225658,121.36512132299721,31.362417807631175,菊盛路黄海路
121.23028051847588,31.161052965866617,121.23132928171258,31.16195483409972,和睦村
121.32990906947528,31.225112480747196,121.33261942507569,31.226402320759163,北翟路何家浪
121.34843687785617,31.216936041920334,121.34948632232008,31.217837958046225,广顺路定威路
121.1250091619218,31.17690229342489,121.12605803827799,31.177804106541195,华青路崧泽大道北
121.36787101654888,31.246741327500022,121.36900588625397,31.24825017239575,吉镇路延川路
121.07123886271651,31.430863679640467,121.0723092374627,31.431916420161404,钢结构厂
121.22933982876347,31.380983845237306,121.23061516882223,31.381921054899347,清水路陈家山路
121.20148209160206,31.444887945159266,121.20328100358111,31.446557454914796,三号桥
121.21674311200114,31.304043960668793,121.21803929384585,31.3061665390843,马南
121.15053027489863,31.145556717153518,121.15162492771921,31.146582782671945,崧淀二路青湖东路
121.23989130306003,31.45527853031665,121.2410143991682,31.4566802695891,石村
121.34913134958254,31.243845790732955,121.35127123483943,31.24500001061376,金沙江西路新郁路
121.30841878936481,31.190805992387954,121.30942441215113,31.191711607162226,甬虹路公交枢纽
121.10657447925269,31.4454580093061,121.1081733276108,31.447211157494777,南洋广场
121.29032819128564,31.380361243823412,121.29154920872317,31.38138275600178,嘉戬支路嘉戬公路
121.0789519884535,31.442380531592974,121.08056455002624,31.444532039877245,西园
121.22851283887717,31.182737879929626,121.22985156118041,31.183809419838,尚泰路乐爱路
121.35860536521568,31.206727995495417,121.35985553480177,31.207755804358133,淞虹路可乐路
121.17313869003064,31.3275407436405,121.1743833105953,31.32859005631314,园国路园民路
121.23859837793977,31.2760812297485,121.24013462069867,31.277350369957713,曹安公路联群路
121.34478250371174,31.31056278960488,121.34685630638744,31.31286581118358,真陈路丰翔路
121.15522776077545,31.265997791926775,121.1562776394217,31.266899608039353,西胜路胜新村
121.3140358104,31.338068728715424,121.31533549108761,31.33905017050384,思义路浏翔公路
121.11650493362754,31.423007376660323,121.11873726561649,31.42453662175972,良辅路文华路站
121.24172359169249,31.38021670188802,121.24316781191004,31.381563898268077,塔城路梅园路
121.10585035848459,31.431712991550746,121.1074647425897,31.43265090867951,海运堤路常丰路站
121.09866020403372,31.303926042281667,121.1006027965071,31.30523485618446,沿沪大道西
121.16468220031854,31.161808463636245,121.16611630900397,31.16458923602823,崧华路盈港东路
121.37169997441815,31.27295799686806,121.37334469635667,31.275658752715568,祁连山路真南路
121.26573122757578,31.226606603209554,121.26679887480088,31.227950696738233,联友路纪宏路
121.25753018871335,31.345903693267466,121.25909711063639,31.34713970622222,阿克苏路宝塔路
121.35949768427523,31.363621242621445,121.36098821343043,31.36492585731348,韶山路潘广路
121.22016288708171,31.320678241932075,121.22201160543159,31.322642258511184,东环路宝安公路
121.33569459635571,31.348812449843578,121.3372063037271,31.349958849707495,广福
121.37605863978271,31.260268762477533,121.37725215929567,31.26130723749351,万镇路桃浦路
121.1519379753165,31.281604893860017,121.15298802488108,31.28250670610606,安驰路车站
121.33623545610611,31.296937090360416,121.337395046297,31.29783810956007,柳园路
121.30546714449484,31.370908589120667,121.30662395602288,31.371875510682134,晓红村
121.12655265638405,31.223390180669494,121.1276440426765,31.224607819166135,外青松公路吴家浜
121.35127811863326,31.213904302809233,121.35238228429634,31.214962897017053,协和路甘溪路
121.18176774499575,31.172248790863097,121.18319934960451,31.17379220940786,赵重公路致富路
121.10628691367316,31.138839319757427,121.10745998351089,31.13996588026044,城中南路沪青平公路
121.070911023449,31.150409031147493,121.07229907973539,31.151385369134445,盈朱路浦天路
121.17643631707418,31.452526499682026,121.17748828312192,31.45342830028402,新和路霜竹公路
121.35961731363798,31.25791574613018,121.36079748652577,31.258908353715324,铜川路定边路
121.21880857119318,31.18837107058945,121.21985762899668,31.18927292937686,凤徐路嘉松中路
121.31173007655988,31.247979823481575,121.31366352251095,31.24894697665899,鹤霞路金园一路
121.14178677758044,31.465064141389455,121.14293672257676,31.466282458168322,市一医院上海路站
121.1706224446895,31.231927385636737,121.17167195550576,31.232829214329406,新丰支五路庄家台村
121.23627400134549,31.39849328108233,121.23732539884385,31.399395118883884,胜竹路嘉唐公路
121.13932164332311,31.45641551336989,121.1406275558602,31.457339386680452,新区第三小学
121.19357261365177,31.25441348146323,121.19462238654121,31.255315318502966,宝丰路海洋庙
121.17553132333126,31.163035979569678,121.17658007686308,31.163937820396534,盈港东路崧盈路
121.25009846461097,31.398122755034063,121.25137703504963,31.39914514471216,棋盘路永靖路
121.20645203144409,31.281791413763315,121.20758836643127,31.282835686220004,绿苑路曹安公路
121.07768011509187,31.1346760952475,121.07877208522696,31.135812504596057,青泰路朱家角路
121.07131392739439,31.36955592386486,121.07258827291783,31.37060717602577,娄江新村
121.34148631487699,31.39087145572841,121.342537685301,31.39177334423803,美平路陆翔路
121.15425017206358,31.24593729076732,121.1552998281335,31.246839109198795,纪鹤公路王家宅基
120.9780164686763,31.372773611558657,120.97918862799338,31.373936788460355,黑龙江路永天路
120.9924924587903,31.339630904391306,120.99367974151889,31.340633395563774,珠竹路泾沙路
121.22884939338489,31.369958517257814,121.23107212585265,31.37166234867725,普惠路嘉安公路
121.10724611718894,31.43830491640309,121.10829788301446,31.439206683562794,南门街
121.38451229563694,31.2840737424002,121.38659769983526,31.285241258648124,古浪路桃浦西路
121.35054854691077,31.24821811183435,121.35193339783886,31.25015071203861,丰庄西路清峪路
121.09407318196004,31.140760610698106,121.0955687263374,31.14267838964584,海盈路漕程路
121.27469367123156,31.243888588463818,121.27592792711567,31.244810511605014,纪东村
121.08985712999645,31.30485637847458,121.091389468632,31.305817021708606,花溪路花望路东
121.36153678872653,31.221104143013527,121.36347511765801,31.22221944376558,金钟路剑河路
121.3331561850477,31.305341068740137,121.33421661416318,31.30636133090929,园泰路丰翔路
121.12479565282683,31.286105956425526,121.12644044919209,31.287440343437368,星汇兰亭
121.39125507965652,31.36401743866379,121.39253102129287,31.36509996130396,苏家浜路宝荻路
121.2552119403927,31.358790953297447,121.25738965133047,31.360380493252816,洪德路裕民南路
121.24953911966332,31.35413555267106,121.25159578542107,31.355300548564227,高台路德富路
121.23078317261901,31.394395938444948,121.23288698527593,31.396687482113304,公交嘉定北站
121.14597980227123,31.149999546085876,121.14725169629104,31.151119953893136,汇金路秀泉路
121.03149373264559,31.303684390359436,121.03421936944913,31.30516020614383,绿地大道富荣路
121.14352898710817,31.39176828190183,121.14511591199799,31.392716218205887,葛隆
121.34254152279658,31.19095924144296,121.34359067738012,31.191861158523622,虹桥机场1号航站楼
121.31552235636987,31.222795704723712,121.31849993961977,31.22400679638733,北翟路南华街
121.2183309522027,31.16517874951443,121.22093768934147,31.166814681759313,盈港东路嘉松中路西
121.33027738692039,31.39255560431106,121.3318557059053,31.394362696128578,罗和路美健路
121.35858088116669,31.404776184436393,121.35970561875288,31.405941715152363,抚远路美兰湖路
121.35636583825668,31.213403734814946,121.3576881616007,31.21431426515601,淞虹路甘溪路
121.22606157676007,31.197048952214764,121.22886962711915,31.19899404671048,北青公路徐乐北路
121.20908566510094,31.237452587518323,121.21303133693384,31.23845471343475,华腾公路嘉松中路
121.348254108602,31.35331318050242,121.34935248824178,31.354397419404012,
121.3655331464752,31.208519468182345,121.36672225490156,31.209916931478705,哈密路仙霞路
121.35163400252962,31.348486447067884,121.35276399746431,31.34966635251826,菊太路联杨路
121.3531999546595,31.2465104248012,121.35568527258546,31.249147776138223,清峪路新郁路
121.09664253522595,31.286675028749258,121.0977065657168,31.287783571212817,春天大道
121.29335255027893,31.188382552668614,121.29440164990301,31.18928444729788,诸光路徐民东路
121.06950985513446,31.378476533741278,121.0719139477262,31.37953036716792,浣花新村
121.26966555074158,31.235108387648495,121.27080705183963,31.23617321226479,纪翟路纪梅路
121.39244315988401,31.344440340990634,121.39349404028825,31.345342258975933,沪太公路顾陈路
121.36169718268037,31.365634551304456,121.36472712038682,31.366716749811445,潘广路菊盛路
121.14553546538777,31.15231417248995,121.14914712700347,31.15383002985478,公园东路汇金路
121.24842060343371,31.227554245023573,121.2497235984511,31.22848925509941,纪秀路秀龙小区
121.10712789732973,31.18310135630416,121.10834900739006,31.184990243530518,久业路北盈路
121.07286128208038,31.204419997698146,121.07402621792372,31.205677401570192,青赵公路金横
121.11313744808551,31.149891740342508,121.11609038636247,31.15104783032854,公园路青安路
121.01362196691393,31.280667544786485,121.01529393110043,31.28166525554451,黄浦江路善浦路
121.16943119421398,31.354462181412337,121.17158650001383,31.356389518476938,百安公路恒荣路
121.08944293549023,31.3521033811336,121.09117056550106,31.353397618397278,洪湖路瓦浦河路
121.2275413610617,31.284788797841813,121.22877653805837,31.285855702101685,淞阳路春塔路
121.10856093719019,31.123143858911472,121.1097671643262,31.124577940728745,青昆路金家村
121.08503284247604,31.44172913164992,121.08626005913828,31.442675067635637,之江国际
121.36465343935761,31.223131438680937,121.3657029608169,31.224033361285667,北翟路剑河路
121.13372515878581,31.310461146182526,121.13486884389918,31.311532953725543,鸵鸟路向阳路
121.14716306983175,31.304417901603976,121.14844223084025,31.305440397958535,新源路和静路
121.35488206326492,31.237365041889294,121.35593173691076,31.238266958077265,泾阳路香樟路
121.30623245574277,31.21712665415485,121.30791453843486,31.219668144258417,申长路天山西路
121.30903646521743,31.344508411459383,121.31099273660487,31.345959087988312,张家厍
121.34048435037063,31.367916136754577,121.34157624847184,31.369155163101215,沈家宅
121.23847177162389,31.3659779476345,121.24105532758605,31.36926780339719,永盛路福海路
121.07139191813553,31.372487565258584,121.07249148169613,31.373604534436037,蓬朗中学
121.04140422179424,31.3091867961781,121.04265967728561,31.31026960375416,陆家中学初中部
121.24448393630684,31.4381119286443,121.24689896015629,31.440623260758514,嘉行公路宝钱公路
120.99653466570349,31.254720450296197,120.99860597121156,31.25612064130182,秦峰路首末站
121.22513536737121,31.24037761309407,121.22696529460327,31.24194736359052,新府中路华腾路
121.18547416694315,31.16045611871087,121.1867617343779,31.161564681291463,赵重公路镇泽路
121.2895394748462,31.384297280910758,121.29068302076054,31.386102218895168,立业路嘉富路
121.35644528643492,31.341354648840344,121.35749611374116,31.34225655112616,联杨路镜泊湖路
121.23733198052946,31.46936926460465,121.23838682048988,31.470445235356184,杨泉桥
121.27324146998303,31.231254743992864,121.27644087573228,31.23326241098198,纪翟路
121.34735791349743,31.325984199124978,121.34840868660446,31.327179500824855,陈行
121.21826386620151,31.383355086718858,121.21949582902484,31.3853110129114,胜辛路平城路
121.1417491137692,31.104521514450802,121.14296908893355,31.105443885565027,王仙村路钱家埭东
121.14043920979914,31.104589550900933,121.14168529296263,31.105520549157664,王仙村路钱家埭
121.25453552539986,31.194841462358188,121.25558467478623,31.1957433376082,徐祥路明珠路
121.00114186143242,31.357815959424563,121.00245924111223,31.358761840731255,捷安特
121.15108310894013,31.3346708510851,121.1522602925051,31.335607248364507,米筛泾桥
121.14970434555202,31.160382785925837,121.15075305464501,31.161284614040344,华科东路崧泉路
121.10620360505017,31.448836528613295,121.10742529552019,31.4497458714118,锡爵故居
121.16655149955649,31.157467990468085,121.16785720153693,31.158576009505246,崧辉路崧华路
121.20644738934233,31.37934739856545,121.20825709559007,31.38054997702125,平城路车站
121.25083151382496,31.373182390481546,121.25195998439577,31.374571609290822,沪宜公路福海路
121.18529711811149,31.275858432240675,121.18721118281137,31.276794668038598,博园路安研路
121.01425766693842,31.27408880433382,121.01572583285284,31.27525209517963,黄浦江路汶浦路
121.31266340016259,31.433396250027833,121.31523270235218,31.434434850817727,曹新公路曹红路
121.10151115017678,31.150717861947875,121.10288284470438,31.152199038282788,盈中西路海盈路
121.28587675382015,31.436779212547897,121.28711444590654,31.437821287309713,宝凤路浏翔公路
121.12135986976057,31.436107869011956,121.12337192577448,31.437849630763854,桔园小区
121.04597153688152,31.34129289280778,121.04728246217023,31.342412307079233,夏桥花园
121.35140115353178,31.211788945025454,121.3526642434141,31.213001955051777,协和路仙霞西路
121.25876525587607,31.225333463480425,121.25981474430976,31.22623533648593,纪宏路纪潭路
121.06053976014874,31.379372324592122,121.0615908400593,31.380274075373674,昆山奥体中心
121.24333535567331,31.38284237738358,121.2445066426561,31.384282122230807,城中路张马路
121.15589118859145,31.307290444470127,121.15716081033946,31.308389155470294,民丰路墨玉路
121.30010428048423,31.43249367140981,121.30158122276433,31.433831528718713,曹王镇
121.19761914895618,31.265891281262412,121.19866905123644,31.266793118703788,博园路嘉松北路
121.32618899174356,31.317077238204583,121.32734900996775,31.317989861149496,昌翔路陈翔路
121.20317018165922,31.229681442960974,121.20448432129912,31.231410256557123,新协路华南路
121.21102841086747,31.488081617370067,121.21208898833198,31.48909768228991,山河路上海路站
121.32099097302873,31.315587833243566,121.32211322982357,31.316653866620246,桃园池
121.33227625125622,31.268858911687282,121.33366694884845,31.269763188237146,海波路嘉涌路
121.34840432836582,31.280117146362993,121.3494544718108,31.281019053603526,白丽路雪松路
121.17506345989642,31.261638470207217,121.17611604105359,31.26270412975495,龚闵村
121.14047204901729,31.258356495217036,121.14171404930465,31.25946610479248,鹤祥路盈联路
121.21104063105756,31.286478179385693,121.21209076913378,31.28738002058054,同济大学嘉定校区定班车候车点
121.28344959213726,31.194816167082866,121.28540560879095,31.196197632114988,龙联路蟠秀路
121.33385033477923,31.331780844007294,121.33529266551966,31.332687356046836,顺丰路科福路
121.19789394665379,31.310535331339274,121.199388455173,31.311566567385068,泰裕路泰丰路
121.01256633824174,31.170183616378818,121.0141447606005,31.1712628826725,淀山湖花园
121.29687131388198,31.30939955211743,121.29839568530376,31.310626047479033,德园路嘉程路
121.08314953666996,31.36436321752681,121.08420046353555,31.36526498243905,蓬溪路昆嘉路
121.12827248244182,31.15275004332586,121.12957791712071,31.153667356683226,华青南路公园东路
121.23993900233008,31.217307750659895,121.24120269799772,31.218214049363585,凤星路东乡烈士陵园
121.2898495788315,31.397496133603457,121.29138412175365,31.398684366053537,塔新路浏翔公路
121.36376261752184,31.353092389728424,121.36519098489356,31.354346410330407,菊太路菊盛路
121.15589225992703,31.139269082870836,121.15694074026922,31.14017091709536,秀沁路崧涟二路
121.35955273760693,31.277917343678762,121.36060286256844,31.2788192562878,武威路
121.308876736848,31.21073904463814,121.31104846868024,31.21194525678076,宁虹路申虹路
121.28884372717161,31.230636416458733,121.29007517354545,31.231634083169695,杨家巷柴塘北路
121.26951918455539,31.329676683482088,121.27319262379038,31.331155519477715,育英街
121.10677854099453,31.25784236788355,121.10810155609471,31.259088132201075,白石公路响新路
121.37328721385393,31.281554440841248,121.37433738632002,31.282456359125344,祁连山路武威东路
121.09333117842718,31.26068523659304,121.09487031902113,31.261684063774727,兴利路老白石公路
121.13698308870862,31.45927581070595,121.13817570993258,31.460706888778546,上海路娄江路站
121.29664887259595,31.20230015286981,121.29769812758568,31.203202047096674,华涞路涞港星苑东侧门
121.36068431397486,31.243722545938333,121.36216198575845,31.244641754049667,清峪路丰花家浜路
121.24356240682265,31.26383855662648,121.24636459489791,31.265372439922725,联西村
121.35578955595264,31.2392740382928,121.35705204408166,31.240318661471505,棕榈路花家浜路
121.02013507096886,31.38927007216176,121.02165273045334,31.390343126697278,第一人民医院北
121.30770734715684,31.2938657005905,121.30905215328917,31.294776299463326,民主街古猗园路
121.25299187931667,31.26377081183038,121.2552481183131,31.26483478871255,新江村
121.36335448235904,31.35974584857167,121.36440551781644,31.36064775139484,黄河路菊盛路
121.00237408829713,31.382389895800586,121.00352301486005,31.383959004098152,顺帆北路前进路
121.3608519705103,31.37391540939995,121.36257092262784,31.375749091008824,蔡家弄
121.14614310311863,31.407197715145593,121.1501645675836,31.412699287235476,铁路太仓南站
121.18185142996363,31.201619681094172,121.18481356776363,31.20271471945113,福泉山路赵重公路
121.22294760417813,31.242720438974136,121.2247147947299,31.243687761194007,华强街新益路
120.98392828125998,31.188305180613067,120.98517701927265,31.189214919423534,官里村
121.35295193622245,31.224256641407386,121.35400146395331,31.22515855855918,福泉路金钟路
121.40083288724117,31.375087741292123,121.40188411293038,31.375989658674467,友谊西路富新路
121.22770542081804,31.197044069018382,121.22875457937089,31.197945930947945,徐乐北路北青公路
121.34627145104922,31.237354391687408,121.34749275023022,31.23831770775626,临华路协和路
121.16114080050991,31.315393552453703,121.16234139684596,31.3170038471475,墨玉北路宝安公路
121.18180754892086,31.17620927891705,121.18285645127288,31.17711112104919,崧泽大道赵重公路
121.3066209023156,31.297145208384514,121.3081645952718,31.298489391519478,古猗园路德华路
121.38998320847813,31.407503946492515,121.39134329006221,31.40867835343007,月丰路春和路
121.03492497640808,31.318583121735532,121.0362063250127,31.319563377537904,友谊路童泾路
121.10713341256447,31.141942145154566,121.10992198962421,31.143728253297127,环城东路城中南路
121.1881189607153,31.43350506784497,121.18954573670453,31.43448173244574,北和公路新和路
121.11822793337244,31.457533724251274,121.11937186931493,31.458602975654852,实验中学
121.12863185040186,31.187964324929464,121.13025124569553,31.18902797570387,北青公路香花桥
121.25452701790914,31.246758179348603,121.25561198521606,31.247816020420878,纪鹤路联友路
121.20464688800188,31.172060471878655,121.20589371335313,31.1730304274836,芦沈路沈泾塘村委会
121.19194538787649,31.44006983996648,121.19352730785894,31.442293158544143,城北路兴贤路
121.27111714815706,31.32081885276907,121.27367180467367,31.322665939903846,公交马陆站
121.26315307621536,31.275665365961558,121.2642031239703,31.276567234004816,曹安公路宝园五路
121.1682260354398,31.359644727390343,121.16936116723706,31.36070767250366,外钱公路外青松公路
121.36060665933974,31.421944736644644,121.36177563429996,31.424095663131418,潘泾路市一东路
121.34626277197437,31.386971649686963,121.34864293186072,31.388087451447817,杨南路罗贤路
121.13118737300513,31.153812267239683,121.13249962245273,31.15519653292782,华浦南路青舟支路
121.17243209061431,31.15784556352272,121.17406800685326,31.158859536895612,崧辉路崧秋路
121.21954900335304,31.38430346213864,121.22148829855844,31.38575263735999,平城路胜辛路
121.01380388105049,31.342305434631463,121.01485451916231,31.34320716533426,金阳路黄浦江路
121.27637803430542,31.39355701160314,121.27750646621794,31.39471548767425,塔新路倪家浜路
121.36306540902989,31.264853741967784,121.36411539114505,31.265755657998774,桃浦路靖边路
121.31341583239592,31.212274873090525,121.31456287181356,31.214015726809194,申贵路迁虹路
121.25818491877402,31.389007650038476,121.25991758160869,31.389916450080605,东门
120.97943940059494,31.366676450870738,120.98053830005996,31.36784814900555,朝阳路黑龙江路东
121.00102068674424,31.380897417102787,121.00217101645562,31.38201238278518,军泽园
121.37982659552081,31.253185012439825,121.3812959424801,31.254579257097433,真光新村
121.15120318324686,31.13955551080548,121.1523950169624,31.14055928913241,秀沁路崧漪二路
121.20561571752488,31.40323382239424,121.20769199135154,31.405921988796724,胜辛北路汇旺路
121.184115131783,31.430916139757326,121.18593619850809,31.43323351188874,胜辛北路北和公路
121.20668715494914,31.221722864473364,121.20904354243106,31.22280883614871,华隆路嘉松中路
121.29808706917237,31.209719891447076,121.29951342955029,31.21073990776969,华翔路北翟路
120.99322245892559,31.396164506081938,120.99590554348887,31.39719299478931,气象局
121.16510819115436,31.168291800494373,121.16657811378826,31.17043509885196,崧华路新康路
121.32790281964034,31.248045705023156,121.32932848294377,31.249837394091063,华江路高潮路
121.00422555508024,31.213155155618256,121.0053488469876,31.21404664425643,镀锌厂
121.19040068780177,31.295357585128947,121.1914509123918,31.29625941483723,双浦路百安公路
121.12523879751255,31.43857079291521,121.12755030264515,31.440011705525745,海运堤
121.20793997083318,31.33354028345793,121.20899062935874,31.334442116508257,松鹤墓园
121.30794366139652,31.28741596134355,121.31071222948255,31.289933038560036,德园南路沪宜公路
121.37636041228214,31.318239561580153,121.37762898552934,31.31986823774528,祁连二村
121.30452627585265,31.300063005760304,121.30576912644636,31.301191294271955,裕丰路古猗园路
121.20036647756824,31.325394523945302,121.20167812202062,31.32648727584746,园汽路园区路
121.3750938728707,31.3980808667952,121.37791383372326,31.399400035273,杨南路潘泾路
121.044009662934,31.280315407786976,121.04508423871142,31.281552092168212,远洋数据
121.20495031702255,31.48829409842648,121.20616158184961,31.489722300939647,长桥
121.27934166476534,31.193387691854642,121.28048253382644,31.194402408136177,龙联路蟠东路
121.35927036676004,31.21614467169086,121.36040283110967,31.2175924280877,平塘路泉口路
121.20553422672786,31.1688779744781,121.20666667714296,31.17055012543544,芦沈路沈泾塘村一组
121.21154375053608,31.263610341820566,121.2135007530273,31.26468405904051,博园路绿苑南路
121.0071996840858,31.40582360791147,121.00869682557911,31.40867609168922,黄浦江路萧林路
120.98782785041428,31.32732502516255,120.98981734575318,31.329006974496355,新南路南亚路
121.3306837466697,31.437747847443028,121.33197914507902,31.44031065214033,沪太公路曹新公路
121.3382065206634,31.281996848824072,121.33925667951434,31.282898751142454,武威路真沃路
121.09443426555094,31.174795325532926,121.09564213277497,31.1757114745172,盈顺路崧泽大道
121.14878430252121,31.299651317370124,121.15054759013971,31.301563783084084,菩提寺
121.18318971299207,31.167158714216832,121.18438458974343,31.16827948576489,赵重公路上达河桥
121.15339597704353,31.16537391619321,121.15508051898793,31.166920083840303,崧润路秀源路
121.25374631094466,31.32397377161397,121.2547968892423,31.324875628352324,胜辛南路宝安公路
120.97645631247633,31.35997243373165,120.97813548793046,31.36118616523218,庆丰路黑龙江路
121.01900214531639,31.26190057799146,121.02134535854759,31.26301372315521,圣祥路文峰路
121.19317146986313,31.334752647170344,121.1948117328073,31.33575465331753,园国路园汽路
121.13238551344021,31.465471259732016,121.13343908579908,31.46647014000387,县府街娄江路站
121.0815918303277,31.1579998755028,121.08266027010946,31.15907702443833,青赵公路后横桥
121.38659996548125,31.352881033579237,121.38971925801523,31.35517475575149,顾北路电台路
121.10346691772726,31.438414717397865,121.10451868247652,31.43931648256802,恒洋花园
121.23910380689732,31.170618037844214,121.24028908960372,31.17181076218518,徐乐路盈港东路
121.26964453210041,31.393807676770074,121.27110926802663,31.39494562266019,澄浏中路塔城东路
121.35071290097926,31.307425486671825,121.35202749866951,31.308516413107192,业绩路山连路
121.37524042453501,31.32442941126729,121.37689017519281,31.325604587978237,祁华路祁连山路
121.00199307035193,31.17697184604778,121.00338373965684,31.179832053697773,黄浦江路南苑路
121.09833530201217,31.214652232774604,121.10051459647786,31.215664767519918,新桥路久惠路
121.32698966824552,31.269927317296172,121.32932433250436,31.27085438300352,海波路嘉泽路
121.20003529681239,31.345524236744748,121.20150780847676,31.347040463507522,桃园
121.31041089949997,31.24064525121591,121.31795610999437,31.244003128357267,金园一路金沙江西路
121.14303327174423,31.15906164667778,121.14417802505183,31.160195753306798,崧文路秀禾路
121.3435339014992,31.229306962805868,121.34472509808784,31.23063703647614,广顺北路通协路
121.03112388899284,31.391992236965525,121.032344208769,31.393571662525677,晨曦小学
121.336320516296,31.383512407132095,121.33773368539282,31.384711792850386,杨南路罗和路
121.34659681700107,31.228039843118633,121.34764638317537,31.228941756847917,通协路金轮路
121.34755420909427,31.298337190543705,121.34880518979995,31.299424309414455,柳园路柳明路
121.18911826956571,31.13329886750217,121.19027652954036,31.13431083247831,昌业路佘北公路
120.99777846829406,31.256698707938718,120.99906093518491,31.257936892125777,秦峰路景泾路
121.32354731080764,31.234719861620462,121.32484618769877,31.235679837697624,丰华路天创路
121.18256056376649,31.416697596433075,121.1844960263719,31.418971704280153,旺泾村
121.21581960351251,31.193135937399873,121.21734950376202,31.195666062004552,嘉松中路北青公路
121.21038174675543,31.133449510457858,121.21161715330658,31.134479289333765,高家浜路华莹山路
121.2600525790556,31.239167664142297,121.26110222113017,31.240069535824063,联友路纪川路
121.00822696734137,31.18346638317213,121.00938343151057,31.184829416417593,淀山湖医院
121.38518858241513,31.35367689173466,121.3862861212585,31.35527360819445,顾荻路顾北路
121.32148901759976,31.36666580091486,121.32263448509761,31.36773969899748,丰饶东路陈宝路
121.25319570454424,31.440268230084875,121.25441399475834,31.441314369850943,牛桥
121.28396066688181,31.258247959786296,121.28501053330154,31.259149840180097,封浜
121.22876616763375,31.154643137218354,121.23105733380669,31.15561206327296,沪青平公路方南路
121.10826532848688,31.282344576416932,121.10950357109955,31.283345223363813,古新路荷花池村
121.25245229699543,31.202161084019348,121.2536822008962,31.20308411605924,明珠路北青公路
121.16639652403823,31.463481230060527,121.1676286781389,31.46459146996398,玲珑湾
121.09632304570857,31.442783448829104,121.0973837547395,31.44381295113551,康乐小区
121.01831001682369,31.387499206100106,121.01944368659144,31.388619993744634,第一人民医院西
121.34688607084075,31.399450696212053,121.34962092011914,31.40193820371171,沪太公路美兰湖路
121.11917817877216,31.138809902219062,121.1212030186529,31.13987009833539,沪青平公路外青松公路
121.1170785967769,31.456152872063544,121.11840760545348,31.45709632809597,县府街东仓路站
121.2853727959374,31.216745656539736,121.28642220424557,31.217647543426704,繁兴路季乐路
121.13722378580268,31.456890010848312,121.13845791234918,31.457811989225682,世福园
121.30115364240545,31.44166876863826,121.30220555777716,31.44257063132807,前曹公路陈家湾路
121.13634888873787,31.277210575876968,121.13833780873611,31.2782636246568,白虬江路时代名邸一期
121.29191707305873,31.428702943596644,121.29457773509831,31.43012475879792,西巷
121.276451920239,31.194671657105665,121.27750107994477,31.19557354286079,天山西路蟠文路
121.16422713258618,31.39662739882565,121.1652784676109,31.39752920114039,管路河桥
121.3395806333733,31.290975610669637,121.34104312751487,31.29320136618203,水杉路真南路
121.35514338664366,31.385561148746493,121.35722081781152,31.38669305236943,东太路南卫路
121.07477621448348,31.351617365790954,121.07596828664862,31.35265133420889,洪湖路新星路
121.2874921413056,31.186237432360958,121.28854605959584,31.187244267236153,徐民东路蟠臻路
121.23264933657455,31.213445353190682,121.23441886453433,31.214768046311512,凤星路北新村
121.25172649315877,31.256120361699335,121.25288980872395,31.257022637553135,水闸路北丰路
121.20395618407225,31.241733419545515,121.20512801610934,31.242986979912974,新协路华丹路
121.4037202911861,31.39230134313086,121.40562721005388,31.393255757209094,杨北路杨北支路
121.24183982131264,31.40412533362141,121.24366317263137,31.405924066632792,柳湖路树屏路
121.26748431846858,31.300816623719477,121.26861038463714,31.301906676135516,嘉美路胜辛南路
121.13265393144997,31.187070593016053,121.13659056108234,31.188593209313744,北青公路香花桥东路
121.18314331956532,31.216674820988185,121.18448998207619,31.21766437807223,秀横路中新社区
121.21678243375729,31.375717584244917,121.217833566434,31.376619415721255,霍城路陈家山路
121.01756864989373,31.371006272184086,121.0202387465964,31.372168228719673,景王路吴淞江路
121.31958235191568,31.217711982428156,121.32113464769046,31.21884191692124,天山西路七莘路
121.19004940919346,31.400927669770276,121.19144018405214,31.4026041305512,新宝路汇善路
121.2203440530698,31.379650244900795,121.22161324182241,31.38169415465346,胜辛路盘安路
121.10389307855698,31.16201083214241,121.10532362230168,31.163170467700127,盈港路万寿路
121.2305568793991,31.302126208389826,121.23197832200513,31.30316159065061,星光村
121.17627888573955,31.406437922870637,121.17855761377818,31.407814575384542,宝钱公路世盛路
121.28984701581074,31.270494130395225,121.29113178181778,31.271674569653626,翔封路曹安公路
121.37973894888349,31.29297324019946,121.38078925128984,31.293875159767108,祁安路
121.29144326503999,31.188428915199495,121.29282933256358,31.189394085042398,徐民东路诸光路
121.09744569586606,31.321699632116182,121.09879170891001,31.32309656801581,创业基地
121.28344035132679,31.185442080479316,121.28493754417188,31.187626618362195,蟠文路会恒路
121.0860637780019,31.214640478885475,121.08716842477017,31.215685720946333,大盈路襄臣路
121.22891502667791,31.45654848665076,121.2299911740776,31.45760301287055,油车桥
121.00590689449167,31.20455208901285,121.007213403369,31.206226710135923,黄浦江路新兴路
121.25002331714326,31.349566915023093,121.25133158286172,31.350473284925922,塔秀路永盛路
121.27895155127574,31.34767790498704,121.2804381457541,31.349638793657114,彭赵
121.32042537664285,31.21220966573949,121.32223352327637,31.21345753334405,宁虹路七莘路
121.28511570699281,31.378040837715336,121.2865504874436,31.379595062562867,兴平路嘉戬公路
121.08758148971634,31.149449945834895,121.08896041108406,31.150510353509866,漕盈路盈米路
121.30584589607759,31.242481325637076,121.3071143057008,31.24360007439324,金沙江西路金耀路
121.26465579643244,31.321284609087996,121.26715679864445,31.323283490146043,永盛南路崇教路
121.26875232640192,31.364701605148365,121.270078274982,31.36570059406996,新联村
121.19484324606148,31.180668104997505,121.19710155602918,31.181675295659645,凤联路联星村
121.30266206709607,31.3348626301162,121.30402043413994,31.336006569841,思义路敬学路
121.30760837931116,31.270337957510336,121.30906802247091,31.271291942736582,海波路乐秀路
121.2972086767159,31.2255141368412,121.29890052321518,31.22671976241506,华翔路柴塘北路
121.21279444229594,31.328440712617788,121.21423905501312,31.329424587700817,东环路伊宁路
120.98756641175179,31.340820868015772,120.98882108937333,31.34189683198277,合丰客运站
121.3194953355388,31.338477480558122,121.3205887662143,31.33976851937597,科茂路思义路
121.34091511945503,31.216298332634697,121.34255998034965,31.217219567332137,广虹路绥宁路
121.37029990204448,31.205510024688106,121.37136739849052,31.206553474995317,青溪路淮阴路
121.20067467597926,31.310108291742473,121.20210892308728,31.311296908002245,百安路泰顺路
121.26156042222244,31.23807637342707,121.26309207902243,31.23901882679543,纪高路联友路
121.31282194634872,31.17832900030017,121.31454845063799,31.179374400250268,华翔路老沪青路
121.20341499067511,31.2401560136764,121.20457480823002,31.241174886312308,华丹路新协路
121.2334470048484,31.38133513384932,121.23543167136317,31.383805325493885,项泾桥
121.18965742840503,31.146399577379736,121.19111866867826,31.148337221340697,佘北公路赵巷
121.11372545579088,31.159703677525453,121.1148411410255,31.160811422420316,青安路盈港路
121.3673865606376,31.314796220977758,121.36861324083348,31.31574987837664,聚丰园路丰宝路
121.2319629122867,31.178475879588664,121.23418511731339,31.180849966215973,尚茂路乐强路
121.2189003251263,31.18104092243663,121.22097068514319,31.182877857014144,嘉松中路白马塘
121.20330773719985,31.402988238596848,121.20440846247743,31.40409886103247,汇旺东路胜辛北路
121.12320632119508,31.25396076743375,121.12426937977983,31.25498833203457,杜村路王泾村
121.22123895467975,31.37172948287024,121.22229004551103,31.372631317095962,民悦街秋竹路
121.12142838087594,31.443393330323527,121.12255782272618,31.444528069504173,岳阳北村
121.24985937331475,31.308372322907676,121.25093212372626,31.309416676964325,陆家巷路翔方公路
121.10739100798705,31.414579746504007,121.10884499492538,31.415561553837936,悦江南花苑
120.99688022021414,31.38282676322355,120.99802528005826,31.384030436057795,锦华园东门
121.34213362049438,31.28291171856939,121.34334548040617,31.28389098103405,武威路郁李路
121.34140231648344,31.336806240291555,121.34247688488395,31.338003359659403,卢家桥
121.36706020459387,31.34475173220249,121.37036020393546,31.347587663374718,陆翔路镜泊湖路
121.17585139411686,31.346874919573942,121.17731130270496,31.348838279193252,庙泾桥
121.34820621833293,31.228650033992842,121.34949968086832,31.229751265891068,协和路通协路
121.20269612650286,31.49117833996535,121.20375007215102,31.492344459985233,丰收桥
121.16923483547393,31.401258917724867,121.17218256751062,31.40316788072953,牛家泾桥
121.27680179911692,31.336612153813803,121.27827139851652,31.33791074614855,马陆镇
121.20892699407331,31.2459578239116,121.20998751577652,31.248623175945077,嘉松中路纪鹤公路
121.33402758551847,31.306573551509267,121.33507801465983,31.307475448457208,丰翔路园泰路
121.09264908394626,31.214399957089597,121.09430251429107,31.215387143195585,新桥路新胜路
121.32780491763023,31.28304665128814,121.32885508254859,31.283948548678335,众仁路武威路
121.06411791274824,31.228968220495855,121.06569458710678,31.230177378826095,江平路太平村
121.00528222087836,31.402241197117814,121.00720507637918,31.403298303444917,黄浦家园
121.14300456118232,31.161863509230585,121.14418393722153,31.162920790775974,崧文路盈港东路
121.01533800240617,31.304266617342144,121.01662779998914,31.30543238271758,百灵公寓
121.30253377773369,31.17385249192399,121.3045188253599,31.17490570885559,沪青平公路诸光路
121.08595807691106,31.268054077612142,121.08730352250971,31.268976922418105,浦屯路五里村
121.18670890247675,31.348020231910606,121.18831918941548,31.349960768617784,嘉松北路周果路
121.15949695138276,31.32272225419461,121.16071485107992,31.323840445817254,前炬路墨玉北路
121.24802554721359,31.385594473328574,121.24918785198567,31.38692072618954,博乐广场
121.09524227017761,31.215777153890812,121.09661043069703,31.2168279454471,新胜路新桥路
121.3251249463308,31.33771662865555,121.3262028548064,31.338891371289833,科盛路思星路
121.18999554147854,31.267641183283526,121.1910454587149,31.268543016682663,博园路安虹路
121.27193395767972,31.3780922305035,121.27395624274023,31.379000969665345,嘉戬公路茹水路
121.22283061938361,31.40421433995602,121.22388487913221,31.40540925999144,石家宅
120.9927470900949,31.370989908758432,120.99384890975747,31.372150290917077,开发区消防中队
121.07954589769422,31.136591102494744,121.08059430251012,31.13749289747125,黄泥娄路淀山湖大道
121.25150315149656,31.35742281272461,121.25278875055919,31.358566287320038,洪德路阿克苏路
121.27669653975117,31.303898013201024,121.2782407551536,31.30620478555846,惠平路嘉美路
121.2429339475924,31.389854878858213,121.24398525259612,31.39075672110803,温宿路北大街
121.18840439815621,31.275547984235917,121.18945440203746,31.276449815730267,安虹路博园路
121.21616392494569,31.196892571836845,121.21721307524453,31.197794428129445,嘉松中路凤星路
121.22266355715973,31.221489936926393,121.22388435145763,31.224017762930945,新凤中路华隆路
121.1456676333147,31.16282258712761,121.14671636688277,31.163724412838537,盈港东路汇金路西
121.09164534388337,31.185032711324542,121.09398125467891,31.186048788953073,创达路智恒路
121.21132754936419,31.215574554266833,121.21256644909484,31.216509745123982,凤重路程家桥
121.33679695408917,31.374725302296127,121.3379036459879,31.37587129742983,顾家宅
121.21129984047373,31.153367192488336,121.21298165889925,31.154526106598038,沪青平公路垂姚路
121.30228169104731,31.298475037043183,121.30359080882364,31.299552262693712,德园路裕丰路
121.32683672199288,31.282306251459396,121.32788687818605,31.28320814850709,武威路众仁路
121.08939748251552,31.2750973852694,121.09086741622862,31.276326014494828,启圣公路两江湾村
121.02588499729242,31.261246300542123,121.02802239727778,31.26247680074277,华光村
121.09022727555686,31.264016022510432,121.09165762442875,31.265148977010128,兴利路腾富路
121.13166929146291,31.239624613771177,121.13291620680803,31.240740886240854,鹤民路外青松公路
121.35595783888148,31.20552343941123,121.35700716129388,31.206425360555354,新泾路福泉路
121.1720890067897,31.330880417280046,121.17503879890978,31.332139784612046,嘉安公路园民路
121.14141226259146,31.41039980560444,121.1424637376081,31.41130159436156,阿尔卑斯时光境
121.29795874819824,31.316623414178697,121.29936555098506,31.317669085241427,嘉绣东路瑞林路
121.09360601370186,31.151072899800248,121.09465458650108,31.15197470016577,港俞路青赵公路
121.21443902392598,31.384234402261352,121.21570847286247,31.386000197173104,秋竹路斑竹路
121.09496721028117,31.236697138404256,121.0961919938741,31.237960361575002,新胜路红旗路
121.34616536850557,31.29102564763939,121.34721563167133,31.291927552327124,真南路雪松路
121.12901594182345,31.146569914746042,121.13028826000482,31.14749898534473,华青南路青湖路
121.02259819797369,31.389243321301,121.02377079919779,31.390365378715426,同丰路洞庭湖路
121.29813950840281,31.322217460939648,121.2991900917794,31.323119339026764,新丰村
121.36661874557835,31.23757787354466,121.36769395512283,31.238636725995605,万镇路金沙江路
121.36486813560055,31.205693237409136,121.36591746457384,31.206595162557484,剑河路可乐路
121.03150185588756,31.31762145569384,121.03255734329855,31.31863054398198,东方假日城
121.28980567121198,31.298763049506963,121.29215493301386,31.299901451716366,翔江公路惠亚路
121.34923057609205,31.35250267463423,121.35115945131751,31.35352422879102,庞家湾
121.25693655198357,31.386494946765314,121.25819404374084,31.387808553344637,迎园十坊
121.00235343807563,31.376940496379966,121.00359737057018,31.379470303476733,美华东村
120.99008657820033,31.39011117553622,120.99149721948977,31.391914223240917,青阳路同丰路
121.12888779441076,31.1769553591501,121.13001400263363,31.17805164081276,新技路崧泽大道
121.3412684798552,31.407377754721608,121.34236391979434,31.40853674504006,罗芬路月罗公路
121.1580152896029,31.35553373435488,121.15939361058135,31.356435665615017,马门
121.17207502148656,31.474421312278125,121.17314307598343,31.475821587643644,白云渡大道上海路站
120.980109480963,31.310516987445023,120.98145072194414,31.311749812651534,振新东路益德路
121.27343237162599,31.29946562226283,121.27477522777386,31.30058537752989,惠裕路嘉程路
121.24790359715992,31.39233197128794,121.2492965096673,31.393996728911894,李园二村
121.08581061586152,31.386736776355004,121.0884782897212,31.387974325384093,赤泾河桥
121.22345419916431,31.38278514910662,121.22470430103103,31.383819050782773,红石路平城路
121.25334601032598,31.276207769692824,121.25497031089125,31.278256932106785,曹联路曹安公路
121.36089073047992,31.2148581527249,121.36202526755712,31.21589234725684,泉口路剑河路
121.072743852756,31.213686134127585,121.07391024672314,31.214995265294057,青赵公路鹤颈湾
121.08929335874456,31.193339263017943,121.09057724112898,31.194375236775556,漕盈路天盈路
121.07887640287728,31.223528559728134,121.07993079913106,31.22447344006313,太联路大联村
121.09880059012926,31.258502064571985,121.10212000675358,31.259671536244756,白石公路腾北路
121.07398220890137,31.433366957217185,121.07521189085438,31.43427644276618,花墙村
121.33373887102597,31.385537681430588,121.33523252614889,31.386881318579746,罗和路天家路
121.32099539686573,31.29999223165063,121.3220605020635,31.30115426827725,丰翔路瑞林路
121.37503241088065,31.300047841749343,121.37608278929318,31.300949758217246,南大路
121.13231635012171,31.20094979368232,121.13369335052398,31.202071206170345,天辰路向阳河路
121.25359711821642,31.348146604950273,121.25467378202737,31.34923189494709,德富路天祝路
121.24169800207055,31.30639728838184,121.24289029626466,31.30746611162762,众百南路桂园别墅
121.11896138366676,31.37647248944892,121.12013511643288,31.377462910415765,砖窑厂
121.31833537089717,31.21684329781142,121.31949931621783,31.218413163053707,申昆路
121.0370085876438,31.315928583434346,121.03923620123986,31.318467917337813,陆家幼儿园
121.26027267995717,31.379048050838637,121.26158492171996,31.380021348271452,墅沟路迎园路
121.23320863081473,31.24772107318121,121.2342993672993,31.24870822675897,华纪路凌家村
121.32247846016134,31.27134679578644,121.32361363694702,31.272442704181543,海波路嘉涛路
121.10455674887737,31.261763162153947,121.10581055023235,31.26284383777611,腾富路响新路
121.1714260463411,31.44457047194166,121.17313755363547,31.44548592797577,霜竹公路新甸路
121.18173716739327,31.12478565028856,121.18298053322488,31.12579474934696,陶干路成业路
121.1764799293553,31.467071807484817,121.17768197251534,31.467990091717443,白云渡大道中市路站
121.23695472424681,31.319941425176218,121.23840947308594,31.321252774838246,众百路宝安公路
121.22529773873718,31.20455006149633,121.22856849348685,31.207435893989963,新凤南路凤星路
121.14315284666733,31.425528610091778,121.14440035262649,31.42644538993461,市委党校
121.2877865260636,31.30251528010158,121.29042697974964,31.303771821674093,嘉前路惠亚路
121.14889663518436,31.113479579038437,121.15230096719603,31.115183516224,外青松公路青东农场
121.01000416260601,31.311470964254703,121.01130853992719,31.313130335248495,玫瑰路天鹅路
121.10462797247192,31.44928294799524,121.10581042631134,31.4501930520256,中心广场府南街站
121.17556459803154,31.200789589274827,121.17682029796272,31.202081210831185,重固镇大街福泉山路
121.2119491726422,31.3689801849607,121.21300022754956,31.36988201500548,回城西路公交站
121.00037642243939,31.389113175128863,121.00211968191748,31.390197925698324,同丰路顺帆路
121.18856130765725,31.273824284075694,121.18961129253638,31.2747261158905,博园路安虹路
121.1188151744836,31.15095170136026,121.12074332971943,31.15205629960901,公园路外青松公路
121.36521394612791,31.218698815746652,121.36632125163514,31.219722784199554,天山西路剑河路
121.35256479770376,31.213144240715643,121.353614202472,31.214046159250938,甘溪路协和路
121.30944865548318,31.21558985992222,121.3123614458982,31.216555340654526,申贵路申虹路
121.26115350887292,31.284819955467135,121.26247439381177,31.285769544699416,宝园四路宝园三路
121.2098071289575,31.1350952383818,121.21095797442617,31.13623376150572,华莹山路业煌路
121.08649081600952,31.30421289648878,121.08860778538227,31.305175503956725,鑫隆广场
121.20148749819748,31.286332653124308,121.20268280235595,31.287649246348412,曹安公路二十三号桥
121.04553616368756,31.393492627423445,121.047825139001,31.39453267340271,南浜路夏东街
121.34434669166758,31.211043392712572,121.34591840890033,31.212198406394528,仙霞西路北祥路
121.07327468133063,31.218403210224842,121.07432761839887,31.219406589726812,东联路东方路
121.34873978181841,31.245396011865306,121.34979231690834,31.24655478808431,丰庄西路金沙江西路
121.02254366517106,31.38099713854028,121.023868234361,31.38210026124516,中航城南门
120.99597210668645,31.2412216728336,120.99710949254823,31.24251032677946,秦峰路淞南路
121.18924094514497,31.32745226656492,121.19096915054772,31.32904513348612,百安公路园福路
121.08912640571634,31.139594871869374,121.09050549679209,31.140554428363988,漕盈路盈绿路
121.34236409264533,31.268801646946066,121.34341410753186,31.26970355302045,嘉怡路海波路
121.08560504072025,31.22409778496532,121.08666686217065,31.225113114763737,青赵公路小赵屯
121.38572316452624,31.381817102311494,121.38685123153016,31.38353109751982,潘泾路潘唐路
121.22690881644213,31.232859935025207,121.22834088401449,31.233963864352255,新府中路华志路
121.36694228953198,31.318587103660864,121.37063202037619,31.32019429978302,葑塘
121.30628410522486,31.19581488830176,121.30746599836793,31.196995311631607,苏虹路申武路
121.15408715937502,31.139466483343803,121.15513564082143,31.14036831662239,秀沁路崧泉路
121.32705991317151,31.289332382172375,121.32932658871316,31.290907016879146,金迈路金迎路
121.10259228215779,31.291671301093395,121.1041862122211,31.293319499205772,绿地大道沿沪大道
121.31272116314585,31.28312086658692,121.31472433373801,31.28474543290232,德园南路金迈路
121.11469080482793,31.201137291235515,121.11807299180532,31.202327709667564,天辰路外青松公路
121.11605940157186,31.291948322293315,121.11721399607438,31.2934595774274,商务大道
121.06679566978738,31.149761016120404,121.06804063199696,31.15070198303915,盈朱路水产村
121.13905740673822,31.294105954949654,121.14031509068278,31.295040245177287,三新路外青松公路
121.02418463123288,31.37100998166154,121.02751396528078,31.3722058192702,景王路洞庭湖路
121.36276016843742,31.213402497438576,121.36444963964748,31.216499338024445,剑河路泉口路
121.08691527233574,31.173220396259925,121.08820782770323,31.174282503455718,清河湾路漕盈路北
121.19311586376392,31.480107145990836,121.19418873542463,31.481250653914188,东新路
121.26166148502203,31.171609579025446,121.26323241574661,31.17282722063508,盈港东路明珠路西
121.22871651481219,31.390016025230928,121.23117669549639,31.39245707548706,平城路和硕路
121.17930254981515,31.43723526580421,121.18096004313959,31.4399192327986,胜辛北路兴庆路
121.29064474967986,31.437970656911716,121.29249595075594,31.438881743235747,宝凤路大安路
121.33565689408182,31.420539546644044,121.33672360557743,31.421573153178,祁北路塘西街
121.32594077284419,31.30625282491759,121.32733432752003,31.307161475137015,浏翔公路丰翔路
121.14061151644269,31.2424141691828,121.14346157920794,31.24364313200688,鹤国路鹤辉路
121.3051769675238,31.317391495681157,121.3068189317354,31.31852800341749,嘉绣东路浩翔路
121.09544832643459,31.251203448885263,121.09666247428157,31.25223815109219,新胜路曙光路
121.00663221193649,31.24894124109087,121.00804648633667,31.250168658818218,南浦东路人和路
120.99689553213747,31.376876804278968,120.99814396669296,31.37796539568604,樾河路公交首末站
121.23121999308485,31.23488920205378,121.23250340538614,31.23602079792869,新恒路华志路
121.36638271288699,31.263999741159996,121.36743268728759,31.26490165880659,桃浦路靖边路
121.35551608513137,31.203161155587516,121.35657181533823,31.204180944377853,新潮路福泉路
121.37474753098954,31.296796946817818,121.37604736741557,31.297750152453926,祁连山路沪嘉高速公路
121.0716970452483,31.364008652346254,121.07306075599962,31.36515454761526,三都桥
121.32604025841941,31.397374575862372,121.32710074372584,31.398240423887472,张墅村路年喜路
121.13482456505487,31.299301348937615,121.1364450314853,31.300346351622945,泗泾路曹浦路
121.08041764430101,31.146247802940383,121.08146615590333,31.147149597025635,崧子浦路顾会浦路
121.18440978562622,31.259959384140135,121.18545961456778,31.26086121582604,安智路邓家角村
121.10973708590554,31.440009159213332,121.11101711637596,31.44094304088792,滨河花园
121.15256800940163,31.32951039706523,121.15361859079623,31.33041220290084,望安公路外青松公路
121.30778424990727,31.26652631459533,121.31065944909719,31.267893715387746,乐秀路
121.15174887091327,31.155872006519548,121.1533018284399,31.15680939353887,秀泽路崧润路
121.30349774650422,31.207575241879894,121.30457575892326,31.209462058033886,申滨路宁虹路
121.04755993043234,31.40208371286957,121.04965576606813,31.403783086564765,夏驾园华苑
121.11241419439098,31.139326964983717,121.11357960709215,31.140356335005322,青松路沪青平公路
121.21045091420474,31.420264342475328,121.21153738689517,31.421452257458682,娄红路金兰路
121.15646573992011,31.467790421869815,121.1588402617589,31.468772278706382,横沥佳苑南门
121.07856091836983,31.14740069784408,121.08126720030953,31.14882201126375,赵屯浦路新塘港路
121.35721087921767,31.21931252770096,121.35853241934979,31.220463972247792,天山西路平塘路
121.37220728357215,31.258765662980043,121.37391843912626,31.261223462284434,双河路金鼎路
121.16386360104023,31.215305225972127,121.16493130189457,31.2167435739707,徐山路邓家角
121.07821781032123,31.138955235629926,121.07948308901791,31.139873664397758,大盈浦路黄泥娄路
121.28096483013437,31.454361791362363,121.28223097076418,31.45543480860705,邵家湾
121.24091589315853,31.386310274690153,121.24199390559745,31.387529125209202,城中路清河路
121.1914795885184,31.235860914058225,121.19269491268444,31.236915885945457,华腾路明海路
121.0496037289866,31.259486519100324,121.05065347122174,31.26038828086553,兴浦街声荣路
121.15386412547645,31.11226916704543,121.1561689742969,31.11378663108099,外青松公路新阳村
121.2830511647186,31.33952125229601,121.28416263853933,31.34106604763016,嘉新公路马陆塘街
121.14651639933186,31.187089588611556,121.1475654008657,31.187991411354584,汇金路北青公路
121.30739849574586,31.247106440146407,121.30869580241863,31.24804325998028,鹤霞路金耀路
121.24589721334814,31.39004223501319,121.24718828319118,31.39130426509222,嘉定中医医院
121.32101169954012,31.33318843321843,121.32223739817132,31.33431766681804,科茂路思星路
121.21072155877386,31.187769825476728,121.21211964592611,31.189192774704978,杨家庄路凤联路
121.34006633941566,31.421275196420996,121.34131768712518,31.42260621807244,罗溪路祁北路
121.33925221082114,31.355776553770383,121.3403031893569,31.35667844619608,福双路天仁路
121.30896024123707,31.194323706471334,121.31022636678595,31.19694851372499,绍虹路
121.20914819185063,31.418070104759057,121.21093030193119,31.41986529554205,城北路汇源路
121.15210624818705,31.30735938922937,121.15354115477811,31.30833971109595,民丰路震川路
121.33566328703392,31.327315347262513,121.33682181416201,31.328256452326887,顺达路蕰北路
121.09171591327417,31.16705337289748,121.09291018527456,31.16811632710529,清河湾路漕盈路南
121.06426620127866,31.23975490467392,121.06547659665186,31.241304294831917,江平路南兴村
121.26461140848231,31.32829114557282,121.26763439671043,31.32951905619131,宝安公路永盛南路
121.16577574793294,31.231598286837585,121.16682525226288,31.232500113128562,新丰支五路陆家宅基村
121.18531412724093,31.198843744949528,121.18640147322601,31.19993865460908,联茂路福泉山路
121.3083022970905,31.20424917557955,121.30962503792033,31.20614061353003,兴虹路
121.09956066804988,31.148495287058953,121.10108093187779,31.14967451233386,城中西路卫中路
121.26355263629576,31.230197971432357,121.26494605930542,31.232265227727343,联友路卫星村
121.3926631363312,31.330671939973755,121.39371386384097,31.33157385999281,涵青路经地路
121.26669126334097,31.38480700151848,121.26785863482553,31.385711598486736,和政路仓场路
121.06793340055162,31.33193424734425,121.0690541026711,31.333482352581076,金阳路望石路
121.34633885688345,31.311143049013406,121.34738934329354,31.31204495095309,丰翔路真陈路
121.1490046849584,31.161381794825786,121.15133206409375,31.16333197527343,汇金路站
121.23936402035099,31.198277536068375,121.24053577983175,31.199268263878007,凤嵩路岑泾
121.22422527919991,31.468834832187557,121.22572502128212,31.469747867908758,赵家宅
121.35411927631414,31.417033395420237,121.35547952135123,31.41826050460747,抚远路月罗公路
121.2659266761808,31.273510632300294,121.26840051823105,31.275560767145343,曹安公路曹丰路
121.34612982569267,31.280708546922764,121.34717997448419,31.281610453043754,桃浦二村
121.27006333848372,31.41019064175167,121.2726027635051,31.411194958941014,顺宁路宝慧路
121.20158890310842,31.165333373223394,121.20263769708312,31.166235226742888,盈港东路芦沈路
121.16610212778316,31.14899223039821,121.16750196937033,31.150286369665974,崧华路沪青平公路
121.16176707137303,31.281791691375673,121.16281712882349,31.282693508590434,博园路墨玉南路
121.21970841232859,31.23316717247673,121.2209909900669,31.23433022757863,华志路新凤中路
121.09984208762172,31.15399866001644,121.10145844608486,31.156240338591548,胜利路青赵公路
121.12579213045152,31.266766323979002,121.12685217060726,31.267786475454923,鹤吉路新陆路
121.10108543338163,31.363965912781637,121.10213636682194,31.36486768718428,牛头泾
121.13017311947779,31.446121442356876,121.13224118460519,31.447796357517948,世纪苑滨河路站
121.09545229288466,31.293687399458705,121.09660400889383,31.295075800371507,国际华城
121.3551384803481,31.354656159704223,121.3563567233424,31.35586794028114,六房
121.33137413934132,31.25840803814833,121.33264056226002,31.259368761074423,张掖路临潭路
121.17042216761493,31.218317699347665,121.17182133555244,31.219296000947566,秀横路徐家老宅
121.1481374506122,31.46279170145278,121.1524626208534,31.46535472655125,朝阳路车站
121.31103069049358,31.305235595572444,121.31210980646763,31.306744104330235,芳林路沿绿路
121.36952640462589,31.25892208863213,121.3711029012516,31.261287410523913,祁连山南路金鼎路
121.16356757730533,31.27334757015433,121.16464332302915,31.274417629548108,北安德路安礼路
121.03010538697181,31.393190260166396,121.03128941481965,31.394244239828378,开发区高级中学
121.27273018982117,31.229652998303592,121.27386451320062,31.230744601572823,纪翟路红卫路
121.32824023237484,31.313973850726715,121.32931836814919,31.315084949192336,范家宅
121.27613927013996,31.4200226468575,121.27751063029417,31.421128652954827,启悦路启源路
121.21022103952723,31.376523073029777,121.21129776066645,31.377604626862208,慈竹路盘安路
121.04973582969426,31.405888191453684,121.05094116869739,31.40680650796769,夏驾园农贸市场
121.06394815207422,31.37659753574165,121.06519384800308,31.37763106403371,钱塘江路蓬莱路
121.07334618180883,31.196460606876116,121.07450151735738,31.19778589266756,青赵公路白米泾
121.19971309913352,31.47965577037225,121.20080940073369,31.48076642935324,苗圃中市路站
121.26352503717234,31.309121432331345,121.26472966093587,31.31063606718476,乐惠路嘉绣路
