min_x,min_y,max_x,max_y,name
120.78581827924319,30.944780717251216,120.7868672199137,30.9458733827028,大金村
120.818169649638,30.994191396663737,120.819560838569,30.997470302755513,洪石里
120.92726481873142,30.825813845502957,120.92835078190635,30.826907253948775,崇文府第
120.79896007200422,30.90973315051314,120.80164193109391,30.910807350578832,官溇
120.96808058741041,31.045822720120672,120.96916541168859,31.047027679727748,莲龚路任屯村
121.07034969390486,30.936800190968768,121.0713959062991,30.937702008997352,旺兴路叶新公路
120.90403750660943,31.176073496533103,120.9053529962264,31.177024203629944,农贸市场
120.91758676443786,30.83484626887584,120.91870623175001,30.836560430951174,嘉善中专
120.91887255603393,30.84752241396009,120.92005704021778,30.84929908572716,小东门社区
120.82205923121283,30.941237074655362,120.82318536683209,30.942269425332544,新晨
120.9099545691451,30.830978388760148,120.91177672697393,30.832084212013836,公安局
120.89886927592677,30.989565338866495,120.90009272473515,30.990564460781094,茜墩
120.98095117734272,31.04670403491481,120.98219152027714,31.048338564512242,莲钱路莲鱼村
121.09878915850443,30.941700283800387,121.09983544169654,30.942602116165794,文工路文兵路
120.88098183993353,30.94511544466666,120.88299616269255,30.946143556048238,王家桥
120.95380201913956,31.079309096660197,120.95488648173662,31.08047660326817,练西公路沪青平公路
120.92878035697576,30.88018594844033,120.93091764853598,30.8820293516987,木雕城
121.0054185999842,30.973485690096375,121.006932003244,30.97449081034798,蒸俞路东淇村
120.82645343244158,30.922632394871044,120.82772977172462,30.923936505181228,蜈蚣溇
121.1200435158694,30.995558921472767,121.12120938330332,30.996576478501897,新松公路姚家村
120.82100108402099,31.032160018069323,120.82229561625329,31.033213581575858,天奕创业园
120.92899067824726,30.995781641572766,120.93017892052644,30.99720555788593,南风浜
120.77164495934949,30.923358518744468,120.77270034041216,30.92437178115221,高家港
121.05043396407443,31.015476382912624,121.05171693520093,31.016571116965668,东三路朱枫公路
120.79819142541126,30.844694199758834,120.79935417270525,30.845757800253956,庆云浜
120.8116155226433,31.00217046897935,120.81266227758849,31.003072130986045,湖滨村
120.93195709999952,30.943376227543737,120.93322330136179,30.944474672470907,下介贤
120.90164383717419,31.120837813430263,120.90277656399941,31.121770486201164,商周公路王港路
120.82296806326892,31.024874442976913,120.8241997388236,31.025984857051814,新友花苑
121.1016232265233,30.92517127379076,121.10270107617613,30.92619212599613,长浜村
121.06321544138792,31.095271623992662,121.06514066258343,31.09636407693324,康泰路康欧路
121.1023836175591,30.930629906139938,121.10355278176293,30.931588793656083,茹塘
120.95853892389745,30.98083989531623,120.96046537508687,30.98181520483469,华东村
121.03875268472348,31.120830707755484,121.04066382261449,31.12367189078756,珠溪路阁游路
120.797103407651,30.848197474705596,120.79829779098704,30.849261825294793,洪家浜
120.96478280072584,30.967183844100898,120.96604210382843,30.968518555922227,陈汇村
121.05808892641275,30.891462100275202,121.05931037432856,30.892374299759116,环东三路王圩公路
120.89051775830693,30.825408278654738,120.89256235341307,30.827954722289018,李家浜
120.84246989102125,31.039737309136047,120.84399230839777,31.040839090216753,汾湖行政中心
120.77591719753535,30.942695622609996,120.77696560526874,30.943695677090915,大金梗
120.98282056364503,31.076629606181413,120.98412003356468,31.077854493896666,泽青路东二门
121.04089735899223,31.00038494104776,121.04201134148607,31.001532358310097,老朱枫公路章练塘路
121.05799722542201,31.12634790888645,121.05923848044573,31.128436590949644,港周路朱家角路
121.01166222683167,31.080534216861427,121.01270997337947,31.08143598310446,朱天路和平村
120.97109036566177,30.8623424476531,120.97231933495988,30.863385652311766,松海路
121.09486971248978,31.078417394381752,121.09591748771253,31.079319205584362,沈砖公路天淀路
120.83690065965526,30.9993564029105,120.83833913861699,31.000602996972606,3号圩
120.91093887094056,30.842044351415,120.91219252784094,30.843005148088974,影剧院
120.9502199923195,30.913612543432873,120.95129630559555,30.914977656465993,卫生院
121.00005745293079,30.898620919691265,121.00136574626781,30.89973648017211,枫阳路泾标路
121.00293982798087,31.062590718002568,121.0039873722311,31.06349248196329,莲谢路东浜路
120.91209410881675,30.925031833976615,120.91314009140383,30.925933565989123,长浜
120.93923812150337,30.987393312223656,120.94068678292992,30.988821787985007,农电站
121.03897506238125,30.8958028161177,121.04009274109029,30.896929483700262,华普
121.08335587316122,30.9215044864531,121.08440192704126,30.922406313513065,胡曹路腰楼村
120.83885017682749,30.897510555103054,120.83998512455112,30.898834144739634,三角花坛
120.88732202779559,30.982636677676634,120.88933751508209,30.984187847316882,大舜
121.03220502607255,31.115920913735756,121.03325317413669,31.116822686230137,沙淀北路浦泰路
121.03146759614282,31.134700807473497,121.03489501758203,31.136254733931878,邱家港路浦泰路
121.08163176520058,30.996285553465626,121.08277053409046,30.99727764651051,芦周路周潼村
121.04841164689198,31.00167380136765,121.04945855331471,31.00257559859837,泾珠路章练塘路
120.86255951464635,31.12379363241588,120.86391448495071,31.124713467589572,则同
121.08301176011157,31.07039409694463,121.08405944009192,31.07129590302141,倪新路南致村
120.87422166342299,30.880537141875358,120.87526713680131,30.881438858090306,月半湾西
121.12125021559322,31.028716673242407,121.12248108578736,31.029679226130593,文翔路中昆路
120.8634589541448,30.92838715201945,120.86500914517075,30.92962534749067,胡家埭
120.94903456658656,30.999333774441588,120.95015933440881,31.000270325264943,沉香村
121.07971022121347,31.0302169295944,121.08090217947296,31.03123817038759,太阳岛人鱼码头
120.91736358692647,31.117292600109835,120.91937978224986,31.118886883460778,商周公路金商公路
120.96792005103283,30.92458422212332,120.96928564649998,30.925548278114764,宝群路
121.04723507432972,30.95686228692541,121.04841692609928,30.95786871304152,许村路三村路
120.79425460455833,31.065103123190525,120.79552911159722,31.066220364432933,苏州南站
121.09680326363653,30.91041894501719,121.09797373845605,30.911883154788477,兴北路兴北支路
121.0709675733958,31.10909425335824,121.07230432497462,31.110269546601863,峰甸路张芳路
120.94380857927453,30.916610069126154,120.94503972010169,30.91766843078549,桃源六邨
120.9223969379845,30.826914724180906,120.92344186223428,30.827816475784942,嘉善博物馆
120.94337622717468,30.83535983576831,120.94480147402606,30.836539764147613,香溪美林
120.97195865795815,30.875565813542323,120.97300414225577,30.87646758642359,王家浜
121.03294869840089,31.12175796573025,121.03490888239179,31.12359474935997,浦泰路阁游路
121.0688393888495,31.035712463738435,121.07008991000633,31.036677835797445,上海太阳岛度假酒店
120.90784248500195,30.840840693876746,120.90919231264435,30.84207510615733,卖鱼桥
121.08691485586687,30.97953368956372,121.0879615443356,30.980435510402422,蒸浦支路曹家浜村
120.80144485976406,30.850992237199673,120.80335473597623,30.852131763701024,新联村
121.07220359957681,30.9989225226481,121.07347150212229,31.00003897738262,蒸庄路唐夏村
120.91020818580881,30.99940017297428,120.9112670147244,31.00042352676152,费家埭
120.88135739721756,31.103510863246925,120.88248380497397,31.1044025366235,官字圩路官字圩
120.7869976233813,30.953965145786352,120.78822797425606,30.955112054262475,汾南
121.00454185732609,30.968325122687517,121.0056307443659,30.969608177254827,环河路蒸俞路
121.06490286969512,30.933843024145347,121.06670802797963,30.935080370433113,新浜汽车站
120.88536620794495,30.949512875946198,120.88663159456095,30.9506738241058,平川中学
120.89628292897338,30.848646133221365,120.89732807124835,30.849547866744366,庄港
120.9024309159739,30.94050944475189,120.9034995847504,30.941621355200606,陆家河
120.8368343904485,30.89854615709591,120.83810240935789,30.89957184270556,俞家木桥
121.01217572774473,31.10186084778965,121.01331237279857,31.10283845219308,绿湖路沪青平公路
120.85819927090188,30.98841360768658,120.85983252639285,30.989436292760487,庄王浜
120.9778144008986,30.885725512615448,120.97885999931476,30.88662728735047,虹桥
121.12959233384844,31.046706066502402,121.13087596686314,31.04778383343818,昆港公路佘天昆公路
121.03222741922289,31.12589406143615,121.03536327553955,31.127207440061657,淀山湖大道浦泰路
120.90022766443745,30.901639868745022,120.90143543426954,30.90271053124773,干窑工业区
120.92177968407367,31.178835952449113,120.92297041969388,31.180037847484595,阮家浜
120.97426798824917,31.056833665576928,120.97558981311968,31.057763534545412,练西公路泥墙头村
120.82801958668936,31.02681198735397,120.8294164123898,31.027985012426758,江南岸
120.96817150690548,31.03224036336935,120.96933729558867,31.03374693647941,莲龚路泥潭头南
120.83294112168231,31.02382917068523,120.8340669767183,31.024841929304756,北窑港
120.9685905815597,31.057829410305057,120.96984902016189,31.0587805888575,练西公路任屯支路
120.95129483092059,31.18942920996146,120.9526166690755,31.190509289719532,正崴路百胜路
120.99555169040768,31.011372883428837,120.99661931179298,31.0123462163747,练高路叶港村
120.85522865002316,31.03406956150721,120.8564310513117,31.035121938502268,云溪四季
120.76956117275375,30.92484637086623,120.77072052850696,30.92578762867525,高家浜桥北
121.09907216307398,31.118644131113857,121.100163934783,31.119649668823588,南太路永家桥
120.88879988055982,30.9095416038403,120.890013418084,30.910478795669402,新星村
121.02594920674544,31.159813013027144,121.02781470047013,31.161709787475864,东洋界
120.92450930952339,31.12957640019468,120.92558369000648,31.130635799516146,锦商公路田肚浜村
120.80506088327596,30.884271979259193,120.80611971404434,30.885712320663774,东方红
120.95958543888543,30.846994778130227,120.96116236087747,30.848214821214125,嘉业阳光城
120.929635370089,30.844858461986675,120.93108333142087,30.845899236941083,永安里
120.84011706689515,31.11662525672649,120.84128783118979,31.117531243293783,周庄古镇景区
120.95815351856515,30.913485725831375,120.95998257713906,30.91461197503069,锦绣苑
121.05938335444759,31.00559271261057,121.06058274462401,31.006551487074127,蒸夏路泖甸路
121.04745170437269,30.9361835970537,121.04849789583372,30.93708540291237,许村路叶新公路
120.89305246756194,30.830684588397652,120.89474623378929,30.8318345101717,嘉善体育场
120.91326673536872,30.846417028159937,120.91431186485117,30.84731877180583,烟草公司西
120.92184073542268,30.836674908151092,120.92306216690747,30.837794791869552,农商银行
120.99704783640159,30.885724470723087,120.99817686359835,30.886909328865464,枫南
120.83319928450692,30.994661586515427,120.83473681780576,30.99596781349925,石灰厂
120.98165811265682,30.986849038880077,120.98287468847617,30.987820860616864,池雷叉口
120.98648745266246,30.875676709502212,120.98753294754998,30.876578490463757,枫南
121.12729624843423,31.079684212105974,121.12862305176404,31.080756087516377,天九路沈砖公路
120.8841321329612,30.817030847907503,120.88648436457146,30.81811555265886,联民新区
121.02291554949583,30.962992134141846,121.02411055098288,30.963984465604018,东团路老朱枫公路
120.90358434239914,30.845017423796094,120.90535815740476,30.846240575329674,四幼
121.08677827737954,30.93890748676373,121.0878245228227,30.939809313202424,胡甪路叶新公路
120.88227522735328,30.84907815183312,120.8836098744461,30.850053047151434,新泾村
120.88879041833574,30.967409476033364,120.89004698039783,30.96851402393582,红光厂
120.96831812095616,30.86684673774294,120.96976207904154,30.86798936174574,毛家村
120.89416975834558,31.10121370610174,120.8952409428485,31.102383293856995,雪米路雪米村委
121.00934952327121,30.951846224196725,121.01046827920837,30.95288817568469,三河路南长浜村
120.82212742071553,30.943227944770044,120.82335598019263,30.944281455222395,钟馗浜
121.04706626653427,31.015877375697475,121.04855883149258,31.016852924565075,朱枫公路连接线
120.97488343761911,30.920113677935305,120.97608205856301,30.92135562212429,嘉鸿塑业
120.9393820688481,30.961199130415288,120.94055182990442,30.962236469580922,后村
120.8400240734571,30.967132226917713,120.84129902604924,30.968144672800204,肖家圩
120.9038652760353,30.958025935368273,120.90523822533045,30.959186964609007,姚象港
120.96002502297439,30.870843718768228,120.96117337496028,30.872321880938273,天山路成功路
120.82264811179961,30.847613228589484,120.82430419028145,30.84904351373768,杨庙公交站
120.88278038210079,30.824079504017615,120.88394411497978,30.8252143960016,竖头港桥
121.07267910788256,30.9943064641598,121.07387839025888,30.995396335860054,蒸庄路松蒸公路
120.88808914788501,30.811042318262214,120.88983626067406,30.81394768084921,凤家栅
121.08382659318535,30.917797486070153,121.0848726070171,30.918699313896035,胡曹路香长路
120.92194060759266,31.0414995382263,120.92316889235693,31.042512661645826,培育路培爱路
120.97566117954405,31.055366435925023,120.9769673153886,31.056808964266207,练西公路东天村
121.07531073941347,30.902786440710873,121.07710876115206,30.90370315946997,新春路
120.85725254551959,31.037086016913783,120.85864955433655,31.038213782686395,城司路口
120.93918956460033,30.8943275239867,120.94067633135671,30.896459174797762,中寒圩
121.07294502496401,31.08526032190273,121.0741838730943,31.086185378184133,林家路张家浜
121.06234078125445,30.921207592016057,121.06338681895026,30.922109407950053,林赵路共青路
121.05668011912555,31.13398180840194,121.05772848108121,31.13488359156403,港周路归园
121.04336195194763,31.101934994696016,121.04567150129753,31.103502978690127,沪青平公路珠溪路
120.89794439688501,31.00008926164061,120.89903550119551,31.00145193822533,葫罗斗
120.78422735102437,30.934977675869245,120.78540724950703,30.935960723882722,姚家扇
121.05914744902579,31.01816740121908,121.06055855382972,31.01914179907461,东三路高家埭
121.00227992393658,31.063367318238594,121.00332747627544,31.064269081727257,莲谢路莲湖村
120.94737958350055,30.835745783969163,120.94846791701697,30.83689651591154,嘉善海关
120.93107396219904,30.960995629484056,120.93229593872817,30.961981070078515,东汇村部
120.95721385771064,30.917610926900227,120.95831964289748,30.918738572438734,行知小学
120.81959363283032,30.979946475634392,120.82078816569917,30.980868923858782,槐家埭
120.96813102015246,31.026093065034864,120.96930137680295,31.02773703466582,莲龚路龚家庄
120.90374610352684,30.996314104810644,120.90522730100479,30.997768595418012,荻沼村部
120.99315361691731,31.14894434463908,120.99442398727847,31.15024235540481,度城东村
121.02180776818027,31.114997061529564,121.02362253666784,31.116120839454013,绿洲路复兴路
121.03828664333967,30.9295529990641,121.03933275686768,30.930454800901963,白陈路白介路
121.11443356623539,31.103986391059,121.11548163396502,31.104888208907127,新陆路
121.0115162082492,30.899857161819657,121.0126333892698,30.9013495379959,泾波路枫湾路
121.12777922835313,31.08572232970513,121.12894607102136,31.086732970254683,九江公路九庙路
120.91349860245889,30.938494953750524,120.91455199800207,30.939497146060425,建新
121.01339507364712,31.11340220082272,121.01444792692345,31.11442049914625,绿湖路绿洲路南
120.81337538984906,30.89148796991593,120.81525030910889,30.892675328761225,天凝便民服务中心
120.8526829712265,30.972338054622536,120.85372942900072,30.97323974534301,高家浜
120.87565766977094,30.984867862978586,120.8767546302657,30.986014836651744,上项南
120.9079167106901,30.83198402078752,120.90913378491035,30.833304379306778,体育南路人民大道
121.0319577710376,31.04520255874944,121.03327522980439,31.04623454068293,练西公路老朱枫公路
121.00566938355057,30.889732537303654,121.00678041435401,30.89115766251561,朱泾公路枫泾镇人民政府
121.0377743844341,30.92203139867795,121.0388204157732,30.922933201288092,白陈路陈堵村
120.89218820143383,30.82600879558909,120.89443510296215,30.82715310565024,嘉善中学
120.95337634566312,30.867153738577443,120.95480795239604,30.86811976165136,协和机电自动化
121.06523065062238,31.117518931659323,121.06633065189155,31.11854286818331,酒龙路沪青平公路
120.89817386191415,31.013306230383872,120.89927173596845,31.014318969569008,钱家甸
120.91591170833138,31.126217568240254,120.91707549309574,31.127125031737208,商前路前行村
120.88790290919859,30.90146503397995,120.88897109133305,30.90255856596479,北环桥北
120.84601270972037,31.033150287992996,120.8470637929287,31.034137811727902,嘉乐城西门
120.90329965035922,30.901267855982773,120.90469345173653,30.90222184424523,俞曹
120.91564171062969,30.849946037418867,120.91705449067793,30.850988161657497,瑞香花园
120.98717395047238,31.054174456616874,120.98845444997261,31.05521144300549,莲谢路莲湖路
121.05271861770612,31.116272308224346,121.05376678250093,31.11717409174161,课植园路珠湖路
120.928992323758,30.87868415773581,120.930340577531,30.87982834224486,嘉洲阳光花园
121.02057147929229,30.898533956283032,121.02193782554066,30.90058064330912,白牛路枫湾路
120.7942107369182,30.925006269854666,120.79542366136407,30.926101830162875,北长浜
121.01042670185291,30.946839745389017,121.01150199924969,30.948014854560522,新河路新庄路
121.09692758497307,30.955299885237753,121.09797401522822,30.95620171472842,泾甪路文工路
120.85594737942806,30.973005223199674,120.85710082169487,30.973950176409673,高家浜桥
120.77411283967612,30.9156227764314,120.77517306259692,30.916594023346406,陶墓东浜
120.99241465086241,30.9736621863803,120.99386214962297,30.9747742129512,盛家湾
120.89006827015767,30.855692274306914,120.89134943241544,30.856870225756012,桥港
121.02235872848611,30.905323966223897,121.02358116981279,30.906425533790898,枫美路白牛路
121.1134304272562,31.02751668000734,121.11482455112534,31.028448961713142,小昆山公交枢纽站
120.86495577287623,30.92201988399098,120.86678642495882,30.92350141548732,林家埭南
120.83926997829447,31.059915154062395,120.84060462336204,31.060851346085617,时基湾南
120.88073358669709,31.119729009669065,120.88194091477826,31.120677189701222,商周公路道上浜村
121.01143251193399,30.896229385831674,121.01351638820593,30.89714501399566,枫阳路北大街
121.08440167144774,30.958483288757275,121.08544812875492,30.959385111208857,甪彭路胡甪路
120.91417703651922,31.11897269216475,120.91527106058155,31.120037407761085,商周公路商前路
120.83614022229263,31.068370366603233,120.837602878253,31.069524233149348,黄巢浜
120.82374117545179,30.864412900314797,120.82487502718607,30.86548019958096,陈庄浜
120.91975823694875,30.957413741903018,120.92082326359812,30.958458657767803,祥符荡
120.8435301269843,30.8941727947849,120.84490887338218,30.895279705019053,庄浜
120.98484366707862,30.932792568873694,120.98602383192782,30.93374003081728,2号桥
120.823598282879,30.836777491869658,120.82482481546461,30.837699108202905,南浜
121.08720931756633,31.077918896362913,121.08825708263682,31.07882070360317,沈砖公路许巷路
121.05793581544555,31.121524012623336,121.05914969150854,31.123770787246652,港周路阁游路
120.92843002450407,30.836068426804157,120.93154157043156,30.837376474632862,欣达小区
121.0786906064436,31.076479764325676,121.08102178933623,31.077662836727704,沈砖公路新胜村
121.032811701693,30.99698904780071,121.03405711903937,30.99837812507694,
121.02603628808139,31.069104114839877,121.02737891224875,31.070010485206318,朱天路南安庄村
120.79773959054035,30.966553202680757,120.7988095096494,30.9676267972302,罗家浜
120.9719077096871,30.866037012892594,120.97295309052673,30.866938787073362,毛家村东
120.8756477717432,30.888036164733364,120.87686103039778,30.888954935283724,长生
120.80989909110058,30.928121798287943,120.81150291008436,30.92925010050305,钱家溇
120.82959518927271,30.897960657644518,120.83095410926866,30.898939841611227,福善泾
121.04642068948303,31.086548968303642,121.0478083146771,31.087916231857797,朱枫公路康业路
120.87409788182754,30.98669457520108,120.87532111335928,30.98867422442921,上项北
120.8371850400716,31.133325894494323,120.83840075777817,31.134444405541128,龙隐水庄
120.93182297589378,30.893097526097584,120.93286862432451,30.893999273868225,中新产业园
120.97255960571422,30.84829151147408,120.97360479449947,30.849193288491854,长江路东升路
121.06486083179516,31.131215306021126,121.06590916841071,31.13211709394486,淀山湖大道港周路
121.0527824713372,31.12658314421676,121.0561677409416,31.12847966590171,朱家角路淀昇路
120.83913292601702,30.93826938444345,120.84128617382608,30.939206215455346,沙塔浜
120.78455751031962,30.90901825590725,120.78570868843258,30.91039464370241,龙口桥西
120.85977519555775,31.128237570935244,120.86110100234737,31.129434229082285,秀海路秀园路
121.07655552428339,31.095518500411647,121.07760347592097,31.096420299554378,倪马路界泾村
121.01646741236063,30.89516182636988,121.018722087363,30.896106673564496,枫阳路白牛路
120.91806057475935,30.849911617930886,120.92096492296717,30.85101298259542,上带里
121.04750285347994,30.94988304024497,121.04905034661253,30.951044359275116,许村路中南路
121.05544239370681,31.124643157540575,121.05657900357457,31.126189842240013,黄家埭路淀园路
120.85871492719967,31.038256315901954,120.85991527594528,31.039412884071375,江苏路城司路北
120.87612173780808,31.119724714380368,120.87726826004912,31.120621885607516,商周公路长北
120.97437938159592,30.963115031438985,120.9761650185525,30.964369767777992,钱家圩
120.92369814118045,30.845277387590667,120.92504845794672,30.84642271223752,东方大厦
121.06197763770662,30.934866868292083,121.06312226056855,30.935903631705735,新浜镇
120.99533197808944,31.017339416937943,120.99637902212304,31.018241183027946,练高路高家港村
120.97523159977654,31.07721988619495,120.97643129739878,31.078371113848295,岑卜东路华为大道
120.84404307222039,30.938497384004314,120.84567662751603,30.939424515966987,上甸庙
120.91375838903184,31.055681092847507,120.91512630080081,31.05865870660108,沪青平公路建国村
121.06291847679877,31.020341773155234,121.06424932538151,31.02128662701013,东三路泖口村
121.00221402902882,30.887299337417204,121.003756870752,30.8884367620173,浙江师范大学附属嘉善实验高级中学
121.00650077409934,30.893309412908028,121.00789633067522,30.894746087275266,朱枫公路新泾路
120.97463512205604,30.924942114367745,120.9758582833437,30.9269505854853,福源
120.96009727981767,30.91421450743527,120.96125121716564,30.915346792570446,招商楼
121.07505166461644,30.941911990076083,121.07609793558704,30.94281380989005,新工北路浩海路
120.88649223865136,31.128167194281303,120.88755746065388,31.129202605379554,双祥路双祥村委
120.91910567955412,31.035329057133875,120.920235722634,31.036745242766543,培育路金溪路
120.94331994604363,30.98538824201454,120.94506155373394,30.986678757052992,屠家浜
120.81068853702894,30.939140624465825,120.81191556358242,30.94014447518895,朱家浜
120.83913488704792,31.02179320115324,120.84052791619965,31.022772699140514,人才市场
121.03231757222335,31.130184350545534,121.03353502709574,31.13123324938651,浦泰路石家浜东路
120.91363609195643,30.969135571070847,120.91494150951958,30.970263928945634,油车港
120.84093404966652,30.858216835168097,120.84207744872452,30.859627564513808,前里桥
120.77815884181531,30.910093850566277,120.78049076123989,30.911157750392984,南无埭
120.91637815101397,30.982356187304624,120.91770204308179,30.983913812940607,茜墩
121.03786445450083,31.01042077214623,121.03922114802485,31.01164312793737,练新路老朱枫公路
121.04011654540602,31.123777667543962,121.04140285487111,31.12483503232962,阁游路珠溪路
121.11991469409915,31.079424697500215,121.12097880554252,31.080462102311657,中心港桥
120.88265788884611,31.12586298244269,120.88381180957785,31.126898717559488,长北路双祥路
121.03864515207906,31.092603810359538,121.03969304812931,31.0935055896064,曹家厍路曹家厍村
121.02348032702885,30.972773213337067,121.02550219118258,30.974093421664197,老朱枫公路蒸淀
121.02199990911804,31.012708817065263,121.02307088853459,31.01370908283854,练高路长田村西
120.96520093332752,30.866381342792433,120.966517067495,30.867483257145413,嘉善汽校
120.8053376933469,30.97528957554755,120.8065376084603,30.976361824462266,陶庄村
120.84555872057429,31.092361826433393,120.84665408518606,31.09432067348755,长浜村
121.06589285739359,31.002146284311397,121.06696934315276,31.003264115611213,章练塘路蒸庄路
120.93739581293849,30.849079021443483,120.93844098727891,30.849980778522376,嘉善四中
120.88019984488905,30.830684904853747,120.88199715380131,30.831668295359883,金秀路
121.0368867777275,31.01304777908958,121.03949546401455,31.0153160225407,练塘汽车站
120.94289967433784,30.992595071683933,120.94409512471361,30.993640428287854,文化中心
120.8068342670531,30.997609998901527,120.80789493309264,30.998645500943084,水上运动中心
120.79587147188883,30.912553350352294,120.79745901753114,30.915781348628432,南星幼儿园
120.90756085694593,30.827122841616884,120.90865685492739,30.830205758233255,公共卫生中心
120.91536771413263,30.846085985582594,120.91669788526208,30.847205214218118,农工商超市
120.80488682467134,30.896519970122416,120.80622667285498,30.897478230095924,天和苑小区
121.03861016906501,31.12884365420981,121.0399454360133,31.13088874545727,珠溪路石家浜东路
120.87911395650703,30.88150504051062,120.88015944371672,30.88240675945506,月半湾东
121.05567940020575,30.937177580028234,121.05676979748154,30.938196419905978,叶新公路中学路
121.07074907425975,31.007494852728524,121.07199972704896,31.008580547281955,泖甸路蒸庄路
121.11120043175697,30.98861278764938,121.11241166873367,30.989639512308536,广庵路东栅路
120.95336312326901,31.066408194373825,120.95455557442965,31.067321105672782,兰科路聚云路
120.92416361364482,30.8364696722135,120.92563278647556,30.837601127421507,农商银行东
121.01810202207533,31.075633098577118,121.01916087857197,31.07665450111239,朱天路田渡浜桥
120.8130425338025,30.862452942583353,120.81428366221006,30.863744757525485,三联村
121.12467053012502,31.02975596870614,121.12616326943441,31.030683231311013,文翔路中德路
121.01623536763978,30.913647879558457,121.0175191354522,30.914864020510024,泾波路枫沛路
120.84233176946347,30.917379265339004,120.8436529319323,30.91837883385916,厍港桥
120.89806550087773,30.956973998060747,120.89937039783936,30.957906502035446,平家浜
120.89559728178445,31.012002256888344,120.89678531817368,31.012994943022395,南花笼
120.93108228937085,30.862554425642042,120.93215451013083,30.863614574051716,复合轴承厂
120.89657568775134,30.9875839314694,120.89786701179617,30.98867156834971,朱思浜
120.92179250135027,30.822521748976218,120.92304598728792,30.825654950658596,中央公园东
121.02931218021341,31.130789523013636,121.03049201742407,31.131697977014298,西洋淀西路复兴路
120.8934333969168,30.811062784836224,120.89558906683882,30.81350425814742,星辰社区
120.8769510402736,30.81291468055903,120.87858315746372,30.813921819811938,罗星智能装备产业园
120.91937053414341,30.825870846510565,120.92139246958617,30.82696075444348,档案局
120.98658865807033,30.94347312567493,120.98779254173478,30.94446867419213,展丰村
120.8363982696694,31.022277474059976,120.83766672684055,31.024102025375143,越港路口
120.98987967193847,31.053654607443406,120.99111582802351,31.054690392364698,莲谢路朱舍村
121.04399843493071,31.12198050188318,121.04547367108799,31.123585198396672,珠湖路阁游路
120.89776063689997,30.883956635253,120.89880616332184,30.88485836471272,三仙路干窑大道
121.03212408330309,30.883181646347484,121.0337097200327,30.884203854187263,王圩西路环西二路
120.79120321700766,30.908000530934004,120.79247128479983,30.908949968158716,龙口桥东
121.0534924582824,31.08089951188558,121.05454584132963,31.08190008798747,康园路康业路
120.8971621444647,31.048898896371714,120.89825135414634,31.04986630359388,金杨路杨湾村
120.87770046199763,31.110943744499355,120.87910533672725,31.111953154766834,陈新路沙田湖
120.91560609425336,31.163885025377468,120.91678700396942,31.16479417465137,江浦路同周公路
121.11620911237357,31.062107882426442,121.11743978795818,31.0631390175004,天淀路新王路
120.91210817637305,30.82045652668577,120.91315302384675,30.82135827328003,江南幼儿园
121.08754814147571,30.927091085736237,121.0885942587264,30.927992914229925,包家埭东村
120.96479155862173,31.056103163154592,120.96584744175279,31.05712373681189,莲金支路任屯支路
121.04711423292964,31.06709482924814,121.04843046310788,31.069033070092733,朱枫公路杨家娄
120.90214767657535,31.179053053866244,120.90359232439455,31.18022454599159,锦溪交警中队
120.9148093757757,31.066456565918774,120.91787742776675,31.068458232608585,沪青平公路金商公路
120.8942258745215,30.922617920049966,120.89663262270123,30.9244053787116,西塘大桥
121.03333823744593,30.875733896651365,121.03438376276152,30.876635703314705,潮枫路亭枫公路
120.87722273815633,30.939147726672633,120.87882651187756,30.940242589974986,嘉善二院
121.00849397880204,31.013391765489907,121.00971321989815,31.014309934560984,练高路水产村
120.95472088556487,31.000216818802404,120.95623981371521,31.00130828050152,南港
120.90556479113795,31.075134646342917,120.90661240908445,31.076036353622683,上海大观园
121.03265571983667,31.117030013691167,121.03370388037254,31.117931786274756,浦泰路绿洲路
120.89068224666843,30.885922367401157,120.89187275277082,30.88695083253588,窑砖路口
120.81004710630691,30.89709734135422,120.81138219151289,30.898049358835785,五珠浜
121.06874461477345,31.058410989847655,121.06979308456931,31.059405309945884,沈太路李庄村
120.98010437283232,30.911692712038462,120.98298202711595,30.91263798776317,汤家湾
121.06159997872078,30.900855129118696,121.06284272259957,30.901826770254544,万枫公路新兴公路
120.85802400251794,30.83749564384781,120.86004530208004,30.839208056215,六丰村
120.95663746695155,30.95289010752477,120.95774693119081,30.954276192290486,浙北桃花岛
120.9337537730448,30.83578255855134,120.93605882140831,30.83705204284804,钱桥加油站南
120.91699517740224,30.970687627756188,120.91814183013578,30.972999872145447,费家村
120.85966143252433,31.109971245635755,120.86089426884392,31.11088995441391,陈新支路浜东
120.81671290145506,30.954446253031875,120.81857939899297,30.955738445583993,曹家浜
120.83534181263767,31.017241340786008,120.83664988963142,31.018415159279275,浦北路口
121.05580148493698,30.92090389374477,121.05684751526846,30.92180570622132,林赵路屠家村
120.91121849511832,30.836822883903135,120.9132715016956,30.83792321680566,永福花园
120.8388871162043,31.14262755864052,120.84006748676066,31.1437522413094,白蚬湖新村
120.92405323309843,30.940326306230325,120.92546576823833,30.94126379395134,胡家埭
121.0220745128824,30.97648384807188,121.0240075862523,30.977451152042814,蒸昌路蒸兴路
120.83735173733285,30.927820603289994,120.83846066263933,30.928970496391226,南庄桥
121.07469379818517,30.937774673806558,121.07587900409987,30.938862426179814,叶新公路新工南路
121.01149533326861,30.924356386233598,121.0132094678085,30.925297414036717,中洪支路农民画村
121.058404068167,30.975241228337534,121.05959333083257,30.97628377164059,东圩路蒸浦支路
120.93988884615466,31.117689139490853,120.94093695406434,31.11859086047481,商蔡路蔡浜村
120.88211099002238,30.882083735203317,120.88432920935175,30.883050464830102,干窑新社区
121.05360121068733,31.109829833819777,121.05702454179158,31.111338854308848,朱家角汽车站
120.92059891535024,31.18399398580933,120.92187398653464,31.184939713244955,先生娄
120.76880780972819,30.92658268772314,120.7698431894031,30.9275522120419,友谊浜
120.91876512379397,30.836889819928412,120.92029057637593,30.8380589793722,城南小区
120.83808046294625,30.90650894718582,120.83953483543323,30.907808752884804,洪溪站
120.7749998426507,30.9947344160054,120.7761100544845,30.995814483951985,西浒大桥
121.05953401062375,31.13536620773486,121.06058238958269,31.136267992231105,港周路归园
121.04384385076969,31.001225502566793,121.04489074943753,31.00212729739924,泾一路练苇路
121.08116427777583,30.957504589544687,121.08221072242713,30.958406410421443,甪彭路
121.07636032415418,31.102930704663603,121.07764838149598,31.104409695385907,峰甸路隆甸村
121.01233108981664,30.903161600350515,121.01350830960217,30.904180699598395,泾波路泾荷路
120.78919511745814,30.93048009331175,120.79033808069414,30.931920406392532,西路浜
120.91331937525179,30.83309130005217,120.9145408278539,30.834752499724956,江南乐章
120.88769050856136,30.97644487581867,120.88880799219451,30.977671824002144,程家栅
121.02907909378362,31.099833109023297,121.03035760507284,31.10135689003637,复兴路红星村
120.89518756140176,30.88521277135829,120.8964681395007,30.886226328109622,康明路口西
120.90915363134562,30.955534126219856,120.9109254733664,30.95664597470164,吴家栅
120.84212050270544,30.847761350854835,120.84334119599488,30.848680249199873,三店大桥北
120.90119956761484,30.822748429993727,120.90224443260618,30.823650169972044,同欣幼儿园
121.06225508099195,30.996581840599678,121.06355021964012,30.997615858941657,蒸夏路芦潼路
120.96199196379068,31.04020732782708,120.96303923642547,31.0411090721387,龚都路龚都村
121.00921652009283,31.106189324868083,121.01030898099155,31.107397775052938,绿湖路淀浦河桥
121.06174477447273,31.088283761108794,121.06378692882437,31.08935013975571,康业路康欧路
121.01565398558915,30.906852696653697,121.01681851577693,30.90787940333871,枫美路劲霸酒店
121.04497401494828,31.10416705671359,121.04650157749495,31.10599759349989,祥凝浜路珠溪路
120.856803501362,30.8562103453064,120.85784869886392,30.857112054659233,南里港
120.95868059834012,31.070611230884097,120.9597282018766,31.071512969081667,岑卜东路练西公路
120.81156702625282,30.9097616625458,120.81261277397827,30.910663337419656,黄家庙
121.10440011658966,30.93405996725577,121.1055863856847,30.934971232717512,茹塘村委会
120.86387760673266,30.97089772294988,120.86492589272441,30.971890476892998,红菱村部
120.90038744237586,31.174656281758892,120.90214977299527,31.177272056295713,锦溪古镇游客中心
121.02559894793288,31.061354492875214,121.0266709520856,31.062424206996827,莲尤路新港村
121.05931135471742,31.118990977201964,121.0604563480939,31.120076522702643,港周路课植园路
120.85086537982589,31.027892117534194,120.85232841950729,31.02896618187301,双湖花园
120.92487787254335,30.846862590433876,120.9262008323621,30.848275609673053,嘉善宾馆
120.9484359019786,30.92599424940253,120.94958280039003,30.926892450497135,武长村
120.77793256922806,30.994507645388108,120.77915593037152,30.995551554497823,穿堤
121.04799311353501,31.000485242829093,121.05029009290597,31.001763958903787,章练塘路泾珠路
121.02452980062073,30.897226066593362,121.02561569896126,30.898385533196215,泾宾路枫湾路
121.13053378079196,31.104630814702883,121.131661817219,31.105662985278276,南王仙泾路横江桥
120.91387436277016,30.848812447364487,120.91503283707058,30.850083651973456,保险大楼
120.83369273772004,30.997898678876098,120.83474235847076,30.999524721045685,南浜
120.92835294500846,30.83129658020571,120.9295135580359,30.832418819714253,体育中心
120.82920214884997,30.891975020659036,120.83040034963153,30.893049079348923,陆家兜
120.98506827558398,31.05135883475792,120.9865118969078,31.05281485454064,莲湖路镇中路
120.8984525046549,30.908252236746137,120.89949829556703,30.90915396321958,范泾路口
121.01785509710284,30.893825451372017,121.01908860517496,30.894750148672635,白牛路枫阳路
120.85086521624004,30.883869469369174,120.85216218312958,30.88488333027896,张步港桥
121.01464412004827,31.116030814829134,121.01576847742147,31.117094085142057,绿湖路绿洲路
121.05570137984637,31.078164754796525,121.05716232163927,31.079211144129065,沈砖公路康园路
121.04762104974226,30.934913943187908,121.04884895248107,30.93603135683758,叶新公路许家草
120.96460836072033,30.843265701987487,120.96643644157353,30.844268598566387,优家村部
120.90797921153194,30.84308878465723,120.90924329179566,30.844310815392657,硕士花园
120.87891154355229,30.81629610098683,120.88012225947953,30.817456399006737,悦隽半岛
121.02591929306303,30.96248125762969,121.02784990662497,30.9634189423397,东团路庄严寺
120.83135314687605,30.874178965539183,120.83252475019998,30.875319934488257,翁村村部
120.8205770157094,30.912737325365757,120.8217798822819,30.91384087466303,新开河
120.77338909016044,30.91818978585397,120.7745665094089,30.919204414078212,渔雪中桥
120.81140797199096,30.922625343773575,120.81314942740872,30.923946355406475,周李家浜
120.82764921447898,30.896497939069103,120.82880978192767,30.897690160950845,屠家湾
121.07906029798113,31.04471348828698,121.08017070266115,31.045843511015697,沈太路星光村
121.10119511960856,31.06416858315549,121.10233258099726,31.06512431664686,天淀路葑沃路
120.90496588879735,30.858739174235694,120.90633700936036,30.860459124592698,镇北新村
120.7842177293607,30.96956986750171,120.78553087160239,30.970594331886506,逸夫小学
121.02299929107554,31.002976565763987,121.0241583114288,31.004054734179654,四联路网埭村
120.94687017545046,30.91912410104495,120.94821682665413,30.920782898265013,桃源新邨西门
120.83093319721937,30.86902521681893,120.83217770231117,30.8700263829431,染店浜
120.92674893016527,30.86354040052527,120.92813176991318,30.864632799204408,商城
120.81819421919013,30.940017961196798,120.82004718562692,30.941146639827018,卫红村部
121.01059576153364,30.973102068559506,121.01220463485902,30.974154532022514,蒸俞路现代农业园
120.83019939588844,30.95855235825821,120.8314537054119,30.95953104110005,陆家浜
120.84175069075519,31.035745019600242,120.84281240835263,31.03688668032401,城司路芦莘大道东
120.88515523147623,30.830964745447762,120.8864509689802,30.832010354141076,蔡家港桥
120.9486830798012,30.915911417678736,120.95003042171967,30.916847282472816,姚庄中心学校东区
120.81861269535963,30.987671105270223,120.81970380798326,30.988760094490438,贺家埭桥
120.91448052578832,30.860872031274287,120.9155495750071,30.86192506821961,裕华木业
121.01185912570749,31.013283982144323,121.01318097623923,31.014223518003124,练高路西叶厍村
120.88266977780462,30.94707278632127,120.88381331984381,30.948145213677414,迎秀桥
120.92269307506457,31.065182121100246,120.92385942365054,31.066107278510433,新姚簖村
121.02569763989695,30.89723596538468,121.03019390026255,30.901407444056083,枫泾枢纽站
121.1048009991705,31.060801204765767,121.10599550340454,31.06171489520949,天淀路庄家村
121.03271046093775,31.064470845686582,121.0340782371552,31.06568355428666,朱天路潘村
121.02107772394187,30.96946358501229,121.02224697754745,30.97049821498063,老朱枫公路双联
120.83461933183672,30.841818676582676,120.83578716600105,30.842724223438335,东珠浜
120.78733196248938,30.893985936425647,120.78891283729239,30.89490966353789,油车港中心小学
120.93345800309123,30.8322282999283,120.93476670175855,30.833628000160815,高级中学东
120.99393203155861,30.887627332428128,120.9959825708402,30.888646068247333,未来时光里
120.78014743454722,30.994311637861735,120.7813291643142,30.99535436212833,金望桥
121.08073783049676,31.04291490615979,121.0820015697811,31.043951393536542,沈太路施家浜
120.84045835427251,31.081609521465438,120.84204755123088,31.08320927886034,龙江路口
121.01194168685454,30.910263156181013,121.01321372041434,30.912615443646242,朱枫公路服装城
120.86728713678187,31.05091835580308,120.86833446344441,31.051820044162433,汾湖大道康力大道北
121.11925463454277,30.989509215841668,121.12050706548179,30.990538884015457,松蒸公路新松公路
121.03382743966081,31.132969126374142,121.03500646087957,31.13394947338307,邱家港路西洋淀路
121.0382282384291,30.93495791430469,121.04001885813162,30.93603568636202,叶新公路白陈路
120.92381995241232,31.13285029330475,120.92490244360825,31.13453670658293,锦商公路大桥村
120.87065350094893,31.121052519100676,120.87170849964433,31.122085080869113,商周公路混堂浜
120.88994657386809,30.8989771131743,120.89117342802294,30.899903885945246,北环桥
121.03444311147629,31.00857144846926,121.0359805905751,31.009860951496943,练新路湾塘路
120.76719019396715,30.966098561904534,120.76911718243348,30.96773752915849,建汾公路公交站
120.86001972848258,30.94201393079022,120.86330676556031,30.943397370948155,邗上村
120.92691199796293,30.926120229802198,120.92795800225608,30.92702197016355,堰溇
120.808576665853,30.97953369821864,120.80983523526527,30.98061490178242,田多里桥
120.80896009631735,30.988715482833335,120.81019870298354,30.989781717081502,金厍浜
120.8690928334906,30.95988864891414,120.87013916673479,30.960790351051468,野菱浜
120.90869214333097,30.962264000455637,120.9102336571047,30.963445299173767,电镀厂
121.12113864340799,31.03186750167718,121.12231505580587,31.0328913982905,平原公路中昆路
121.06151305667747,31.078198672087552,121.06265074218861,31.079122127617683,沈太路沈砖公路
121.06309382611141,30.992727693443182,121.06444146938588,30.99413550674508,蒸夏路松蒸公路
121.07178111326917,30.986616361818104,121.0754610130656,30.988025082301,老松蒸公路小蒸
120.8985217625338,30.8757069675735,120.89968393762379,30.876953831630903,姜家浜
120.87628724996031,30.838787721518298,120.87839424887926,30.839781378670263,联丰村
120.93874797197059,30.992627495466063,120.94026776091923,30.994094338076252,丁栅汽车站
121.0057864865023,30.96067559808325,121.00697711479495,30.96162720139221,环河路长河村
120.85864944091924,31.042785550063133,120.85991055853266,31.043789049657857,卡米亚陶瓷
120.91009954235165,31.068790972483118,120.9116102563298,31.069749327685834,金商公路杨舍
120.92331088802992,30.885734980141944,120.92445871314524,30.88667501945537,智果村
121.02548706982301,31.012518147031756,121.0267613308347,31.013541152535648,练高路长田村
120.99507962769827,31.038057432209428,120.99633897040309,31.039195967812685,莲洋路高许村南
120.95566260821022,30.912513006028714,120.95689629469437,30.913679293994377,农业合作银行
120.99532810123578,31.098109709227177,120.99676380134152,31.0993802908564,沪青平公路庆丰
120.93274504790905,30.828536544010166,120.93380864817458,30.83020525589552,钱桥社区
120.93116561069023,30.846341529396362,120.93234918662561,30.847956170241407,杜鹃小区
120.85390171215766,31.030953583110204,120.85525189050581,31.031910317096962,白巨斗
120.90460700783626,30.98072644002225,120.90565359238553,30.98162815994343,祥符荡
120.99507896467563,31.170785456248286,120.99616523826025,31.1718280435317,复兴
121.04943822121635,31.11581990907406,121.05048637899104,31.116721690891886,课植园路珠湖路
120.82131478212203,30.847365584843953,120.82243581451173,30.8485049151252,保障浜
121.01917581303735,30.94894663314656,121.02092821578563,30.950840246454526,新庄
121.08082573034535,31.105803145443446,121.08301467127396,31.10678035508063,峰甸路新开港村
120.84610558898613,30.831789913990647,120.84985431119232,30.83371628245191,东进
120.90724123019851,31.110492649323536,120.90873937036639,31.111407650795638,陈新路陈东村
120.98298681942674,31.092677632768453,120.98418998175194,31.09364086673705,沪青平公路淀峰
121.08604448163848,30.902577901084033,121.0875551198745,30.903528599170944,万枫公路曹金路
120.8514413623082,30.89657224313807,120.85262393457488,30.897737656900404,荷花池
121.07143491632681,31.13365810444132,121.0724832838784,31.134559895524657,青浦大道淀山湖大道
121.07513475399004,30.94385819018985,121.07618104621348,30.944760009776296,新工北路林天路
121.03516463477906,31.1074758721868,121.03672836171356,31.10851342834134,浦祥路珠安路
121.04566855664447,31.04166067627524,121.04688814677652,31.042855423718265,朱枫公路泖甸
121.07287501429002,30.9910921135988,121.07402318911303,30.992713086300128,贞溪北路松蒸公路
121.03063882528703,30.973220640901555,121.03212927751528,30.974208459477044,老朱枫公路厍浜村
120.91566513676517,30.86544125341024,120.91674146072897,30.866878446488148,恒兴饲料
121.04982037468876,31.077460404207613,121.05111552612156,31.078548695740324,沈砖公路朱枫公路
120.80748094696418,30.895268187762063,120.80877165389848,30.896357112200977,东顺村部
120.91685546129938,30.859857428064533,120.91790073892022,30.860759171901247,国庆村
120.91728035429547,30.8316374988975,120.91839844418281,30.83299580086783,市场监督管理局
120.87392022254501,30.947259990002653,120.87529497695468,30.948397409717412,富士康
121.05795106261786,30.979905149136183,121.05903513756755,30.981018350710432,东圩路东庄村
121.0403777373115,30.986254574463953,121.04182286075495,30.98722182576984,张家浜路老朱枫公路
121.0593540744091,31.093370751073113,121.06046722840242,31.094429148774186,泰康路泰康二路
120.81476369116344,30.849968873370255,120.8161043106876,30.850910026794647,来圩
121.01455378663539,31.01263724623008,121.01588021201017,31.013573753881417,练高路东叶厍村
120.93667163346052,30.84533702138883,120.9377167667569,30.846238778577032,嘉善四中
120.84312160916157,31.001090151607688,120.84431825887353,31.002306507785956,江南浜
120.89785709479523,30.91010243704768,120.8989029054268,30.911004162918022,范泾
120.93070010519779,31.18815639721272,120.93287750027164,31.18935590421136,北管泾
121.08433316942579,31.110184243440063,121.08548183126847,31.111454256253026,峰甸路小港里
120.82107713670044,30.836721101675497,120.82223366261726,30.837728998293287,大浜
121.07069532006423,30.992518579789394,121.07235117774913,30.993523820576943,松蒸公路贞溪北路
121.11113531045207,30.97784023963141,121.1122553915097,30.978853160288214,新源村
121.06108521123856,30.960813148465967,121.06223908833734,30.96180935148334,永利路浦南村
120.9200418529081,30.861209027244236,120.92108714731117,30.862110772721547,国庆村
121.04275391733957,30.915695996890634,121.04379988286713,30.91659780307544,香长路大方路
120.80873863312813,30.98406589167861,120.80994536735946,30.98506460804467,汇上
120.8448915669444,31.0532837025523,120.8459908361216,31.054351297244864,人民桥
120.78148674728999,30.98864917021475,120.78270965403188,30.989715829799763,汾湖村医疗站
121.02889566529753,31.10265248504501,121.03020313128054,31.104503114272063,复兴路沪青平公路
120.85480225881447,30.98847231916166,120.8559929428697,30.98940058013142,四家浜
120.9059884991934,30.95897723237041,120.907672003227,30.95997446812208,金明村
120.93434685068952,30.915976426973547,120.93539274952866,30.916878172992252,姚庄
121.09026149238117,30.989873920559113,121.09176961107788,30.990885879901,松蒸公路加油站
120.8275108270455,30.906832349378803,120.82872687379704,30.90787555061188,东圣浜
121.10785518327243,31.11463363985043,121.1095100215878,31.116204060421417,青昆路朱川泾
120.87389406007637,30.99034602302406,120.87503404103803,30.991342676958908,渔荡叉口
121.09604063451096,30.938537810260076,121.0972597692846,30.939769489724092,叶新公路泾文路
120.89576029030819,30.94530595307125,120.8968664116902,30.946307346822273,西塘镇中心小学
120.8927899456531,31.110479356709046,120.8939063567083,31.111365743129536,陈新路七百庙
120.9403505429824,30.991757423808462,120.94159335848052,30.99272047550186,振兴路
120.78452920795536,30.963702262660348,120.78790486701534,30.965577799952122,汾湖社区
120.95749483377709,30.893560190373314,120.95899556103919,30.89513040989812,自来水厂
120.85863730617136,31.034351709140456,120.85986919337826,31.035402490745316,汾湖实验小学
120.90786159908482,30.83573170432917,120.90916280126213,30.836785695283737,泗州中学体育路校区
120.86600937515429,30.83853938860586,120.86998772207752,30.83972111204773,三里村
120.78784961706083,30.950270093672227,120.78922138042006,30.95152910636888,夏河路口
120.89358547265454,30.88606606776431,120.89503932651184,30.887005032316274,窑兴路口
121.05831992101648,30.950865095160676,121.05936627918888,30.9517669048054,中南路新中浜公路
121.0698211885466,30.95616939246116,121.07086761165758,30.957071207504963,甪彭路新彭路
120.9231131973024,31.12494170853438,120.92466510633177,31.12635279163283,锦商公路商前路
120.92379059933579,30.831135031652558,120.92491820114027,30.832357168075074,广电中心
120.9233904985357,31.116191892189214,120.92463450062772,31.11726590774028,商蔡路东星村
121.0780004654506,30.978477155570754,121.0811420438266,30.98002264745662,蒸浦支路姚渡浜村
121.13751091381478,31.09416768829026,121.13883608480262,31.095143511039154,九江公路东三界
120.84677709352789,30.883531874354638,120.8480629055865,30.884525725227068,高安
121.11099374240898,30.98504516568108,121.11214085826788,30.986004234086746,古松老街
120.91768321016198,30.87574704246584,120.91882978929712,30.87703695704017,范家浜
120.8768218764345,30.81889465188685,120.87806612244187,30.819985548074502,星创广场
121.03960096842806,31.10759750611461,121.04132033534766,31.108655794606644,浦祥路珠杨路
120.84536235029087,30.83854215411007,120.84664124824053,30.839674645867166,叶家浜
121.08567137165056,31.002707177572724,121.08676553007481,31.003683822324355,章练塘路明星村
120.9241318529012,30.934568531186663,120.92517794731819,30.93547026877908,塘泗浜
120.97148381704622,30.97450951603225,120.97286668060916,30.975474684207633,俞汇
120.92503324534466,30.917526029740017,120.92607915487454,30.918427770225733,茆里
121.09805351037265,31.078626393560832,121.09910128982929,31.079528206405268,沈砖公路天淀路
120.89884991353934,30.830750016752248,120.9000718835938,30.831927983309765,和合村
120.80716143607076,30.97086363922104,120.80819266295646,30.971825660511335,陶庄
120.85836133728138,31.13865728615062,120.86067011476885,31.13994661750725,周庄客运站
120.98572663094312,31.08072726373821,120.98688967063033,31.081758736247632,大莲河水闸路河祝村
120.80456544364733,30.963574482930525,120.8072105582804,30.965041813761975,陶庄路口
120.87589445141722,30.848108876235692,120.87767924362458,30.850658421666633,长秀村
121.12536168699457,31.03195940679264,121.12661201100119,31.032887993307266,中德路平原街
120.94138650389517,30.849433306009296,120.94257209337783,30.850570594025402,城东村
120.80137592101214,30.96802672018765,120.80275047795236,30.968963679906377,南姚浜桥
120.87462540513175,30.848946625444782,120.8762740931225,30.849935774835803,长秀小学
120.8752778986025,30.855634065859753,120.87647730932049,30.85805203402712,庙村
120.95942113795351,31.055154431578778,120.96071906212423,31.056207568246503,莲金支路北任村
121.03969905883808,31.127725412533092,121.04074734137042,31.128627187432837,淀山湖大道珠溪路
121.0193761718143,31.090116315421383,121.02042402839612,31.091018084544512,龙潭浜路龙星村
120.89646225458566,30.943832962919878,120.8975269449285,30.94487473683229,西塘卫生院
120.91694799878047,30.84196920689401,120.918333804108,30.84293979337279,马路口
121.01576891963371,31.123390888280216,121.01683768255857,31.12470751167264,绿湖路淀山湖大道
121.0481133860628,31.08586920733429,121.04916121414452,31.086770992631696,康业路朱枫公路
120.844250682137,31.04350695571902,120.84593932127623,31.044783773299915,汾湖汽车站南
120.97379887991625,30.911901482584685,120.97765307588337,30.915420965515896,南西湖
120.82873337750303,30.839012582762052,120.83030322423068,30.840295817132734,东港
120.92456319457166,30.998901179783875,120.9256692085103,30.999977620029405,北港
121.00454381942684,30.885965383838816,121.00562607895257,30.887269116041654,朱枫公路亭枫公路
120.9607947557407,30.98686552443674,120.96184144447517,30.98776727552908,洪字圩
120.80496127937742,30.92374623016694,120.80635412357931,30.924719170111523,荡湾
120.9686654024097,30.843223331964502,120.97057350024554,30.8442488687017,优家
120.82131541154963,30.897877909820206,120.8225451882295,30.89888449001808,洪峰热电厂
120.99756728429371,31.096595874546896,120.99863901598073,31.09766262518961,庆丰村路庆丰村
121.00153942272698,31.050603320280896,121.00273497818567,31.051576679335216,练西公路西宋路
120.95550388874747,31.054403294195303,120.95680021046806,31.055407705403955,莲田路苗圃路
121.02021585908193,31.07415711407564,121.02126354112826,31.07505888589027,沈砖公路安庄村
121.06351667404641,31.007144470006267,121.06595522405546,31.00819523040771,泖甸路练东路
121.03533102868185,31.030634766707173,121.03649487009389,31.031665033287446,老朱枫公路金田村
120.9806093269842,30.99513816083892,120.98179717244027,30.996488638481313,三星纸业
121.03369806764508,31.124402290916105,121.03496283035693,31.125549009111616,浦泰路淀山湖大道
120.93692927380286,30.835680896766853,120.93826652753249,30.836822003224604,科创中心
121.07116324841292,30.937629150909455,121.07223205134194,30.93868584890397,叶新公路旺兴路
121.0835586186103,31.089067644871296,121.08479458130374,31.0900833549828,林家路丁家浜
120.8867652159256,30.98175936568673,120.88803278582758,30.98268713440028,大舜桥北
120.91275347123008,30.824781384117443,120.91422694022724,30.827962715577705,亭桥南路阳光西路
120.87890571914484,30.966705922755228,120.8799707807832,30.967771877098166,南港老村部
120.80709159556025,30.964560595393493,120.80910130671658,30.96606690415759,陶庄大道
120.9592339508588,30.926911648479958,120.9604409490856,30.927914551409884,展幸村
120.95461589356773,30.879131080649223,120.95706289483442,30.881054791224713,320国道里姚路口
121.11527310966291,31.064196457557028,121.1164338894819,31.06521014242097,新王路王家浜村
121.13474407804138,31.094150242406524,121.13626262270782,31.095073757741417,九江公路西三界
120.91310999059264,31.056524942866826,120.91415740962881,31.05742665709882,元荡路沪青平公路
120.9222821199777,30.830246924445785,120.92332708024115,30.831148675520033,嘉善博物馆
121.06798656051055,30.97527152942506,121.06930934246579,30.97622807075718,蒸浦支路蒸浦村委
120.83317107645907,31.15209635095023,120.83440832393372,31.153131948986466,周庄中学
120.96632151603048,30.97475625136433,120.96749268434093,30.975739548442252,俞西
120.85536311932253,30.852988945507782,120.85640828090352,30.853890654457846,严家浜
120.90443970607744,30.81544182854826,120.90548449414318,30.816343571417534,白云花苑
121.0991249491279,30.99002452419491,121.10038485332203,30.990957075886076,松蒸公路苗圃公路
120.91695168229856,30.91122543161709,120.91799751792142,30.91212716834867,洪家浜
121.08107584111033,30.94588718875723,121.08212215909253,30.946789011208907,上虞路红牡丹路
120.86716219294053,30.85711054231567,120.8682074072843,30.85801225765002,董家埭
120.89222117156189,30.83635021040944,120.89532542590487,30.83747929019771,信息技术学校
121.01262711206044,30.887983396726018,121.01471698450317,30.889099804057093,新泾路白牛路
121.11626942802445,31.02730082452867,121.11779257166936,31.028224375462155,文翔路翔昆路
121.06487670136347,31.065701031882305,121.06603829824125,31.066608468108825,沈太路童南路
120.88073539351115,30.884802609489075,120.88194711686275,30.887653890382094,治本
120.87656340593585,30.970487347338263,120.87780699200873,30.971624752696126,丁家浜南
120.95141870154812,30.882053903060896,120.95260319979236,30.883095296942233,魏中村湘家浜公园
121.03870666437518,31.126774912734795,121.0397549358334,31.127676687231116,珠溪路淀山湖大道
120.83790555187565,31.075986511967926,120.83899444644362,31.077307187899308,莘周公路金莘公路北
120.88630959052689,31.11976086311018,120.88811291162173,31.120753337403,商周公路双祥路
120.87843188451822,30.84890782300786,120.88016561389377,30.84989867725896,薛家小区
120.9194448411957,31.176622589411103,120.92092785957357,31.177799310365796,锦溪高级中学
121.0952541967621,30.9017401675914,121.09718451868163,30.90310522828415,线里浜
120.89617337665294,30.816068811015626,120.89980292254232,30.817090288966654,汇丰家园
121.0443822778828,31.11376015363864,121.04555912293432,31.11472844604238,沙淀中路珠湖路
120.90014458699052,31.085341422122905,120.9012663200564,31.08754457778531,金商公路轮窑厂
120.89775851521796,31.112758249395423,120.89907388322045,31.113695850727957,陈新路西横江
121.00293271307147,30.997011890268457,121.00411238861099,30.997935309047605,四联路四联村
121.09932647418132,31.114990329455832,121.1008618236947,31.115976070848294,太来村路太来村
120.8489409447451,30.90397455096231,120.84998665548197,30.904876249003266,杨树浜
120.93569774405545,31.039363545973433,120.93705725491714,31.040298254115566,环湖北路东西村
121.0465088814122,31.02989944955793,121.04849522049592,31.031466765553056,朱枫公路金田路
121.07719493607101,31.125052735331405,121.07841516413758,31.126068464446696,沪青平公路峰甸路
120.90677690676478,31.126862149612656,120.90782509345783,31.12776385035294,港娄路港娄村
121.09657844958711,30.90807312737719,121.09771574955275,30.909069472605484,兴北路韩泾浜
120.93892616737324,31.03993048783416,120.93994823394897,31.040870011723047,环湖北路东田路
120.91550055180629,31.049386325916895,120.91677994966658,31.05089787348466,沪青平公路大丰路
121.09854233250151,30.946487584199193,121.09958866769956,30.947389415767002,文工路后港路
120.89228079298086,30.910781338713285,120.89332660724173,30.911683061252393,范泾大桥东
120.98009625653016,31.078695145821314,120.98121314564942,31.079714554075718,大莲河水闸路西岑支路
120.79547816122117,30.917657097449798,120.79658764034075,30.918561302043553,蒋村
120.89141192234281,30.829929994899434,120.89309738385386,30.83244070410665,嘉善中学西
121.02027727707797,30.88243164172224,121.02229372275649,30.88383275686761,亭枫公路野米泾西
120.99417138383795,31.044810048308964,120.99524091547909,31.045946751584417,莲爱路爱国支路
120.84405709113511,31.022046211317043,120.84566660699812,31.023034588972983,芦福宫
121.03846909629802,31.06250183797543,121.03963310483104,31.06345036161805,朱天路先锋村
120.99209350624193,31.048331494379255,120.99320419708764,31.04943420542871,莲爱路练西公路
121.01498335256895,30.923745482845028,121.0162284496769,30.92467281721586,朱枫公路中洪支路
120.91792786475855,30.932769432839375,120.91897393546145,30.933671167126352,陆家浜
121.01795145830121,31.052406764879183,121.01911564317285,31.053337134568007,练西公路莲尤路
120.93807995330543,30.865010555552388,120.9394158504786,30.8663180445649,晋亿公司
121.0331667547654,30.87566029765092,121.0357491263022,30.877998334454954,枫展路亭枫公路
120.89052686861908,30.867490105461208,120.8916364311081,30.86862619412427,铸造厂
120.96379476969578,31.003360088940752,120.965117929559,31.004285511107163,西王西村
121.07231531448126,31.016184256702815,121.07336518671531,31.01729304325676,东三路东三村
120.92692552818768,30.920564529410846,120.92797147203135,30.92146627055492,南金
120.91863825562349,31.007743137869202,120.91968514459704,31.008644862096496,星火村
120.87355566070339,30.819132659201063,120.87639173962127,30.82076713859944,嘉善公交停保中心
120.94313062345505,30.91215338608551,120.94535547986258,30.91323121488335,姚庄中心学校
121.0988605916242,31.072023835762145,121.10009660865262,31.073045563976528,天淀路王金村
120.90352622674808,31.181503876842388,120.90475657572952,31.182427523189673,邵甸港路锦东路
120.99686998377553,30.88255752338838,121.0007737817018,30.884242575757213,枫南集镇
120.81643946146399,30.961939024324575,120.81801464066012,30.96291467605411,曹家浜路口
120.90703667386015,31.12109971354369,120.9082372266257,31.122094086193236,商周公路商洋路
120.8188226364974,30.999172466599166,120.81986936373359,31.000074133366255,东港南厅
121.01464579986724,30.92204989912183,121.01586859926238,30.92311260082697,朱枫公路枫叶街
121.06958441330258,30.94495712629023,121.07124388579044,30.946260573121034,彭中路新彭路
120.90741445476161,31.175952975263748,120.90861314400073,31.177010524727706,蔚蓝半岛
120.81663912060402,30.920795725669752,120.81814927764235,30.922085874139448,陆家浜东
121.10154439270867,31.071990038917928,121.10493244011056,31.07326357951812,新王路王金村
121.00030657520898,30.925908409181446,121.00135262500234,30.926810190784533,中洪支路农民画村村委会
120.8272255110768,31.023764882912218,120.82836708767461,31.024777517082576,汾湖派出所
120.92176091459552,31.039748385980054,120.92297308418611,31.040664914064198,环湖北路培爱路
121.03749011667074,30.91612229834269,121.03853608353657,30.91702410162336,白陈路香长路
120.8695515915041,31.050672983183464,120.87208360610066,31.051762017370343,汾湖科创小镇
120.84537083094513,31.05800712897376,120.84642347011695,31.05901647049833,莘塔社区
121.02341621898861,31.046783984182422,121.02477968752332,31.047931652388094,练西公路干庄路
120.97342543395295,30.933836911450427,120.97449577260274,30.935932788453304,南鹿
120.9301781826976,30.839501622570243,120.93149121851111,30.84062197741826,第二实验小学
120.90204645247816,30.821434896759524,120.90340915094494,30.822729303368412,世纪大道子胥路
121.06369689582326,30.986291293805778,121.06558190334889,30.987254106300544,老松蒸公路蒸夏路
120.97684739121095,31.00878573184823,120.97838500942498,31.00970436829154,金星
121.02681801466787,31.14966962266214,121.02804278904223,31.151410777136526,六如墩北
120.95236251225407,31.18601848406287,120.95360629025393,31.187160315971816,立讯公司
120.97642257080413,31.0745804261904,120.97747022941074,31.075482173775384,H区贝壳站
121.08958638594666,30.95553218718384,121.09063281425544,30.956434012782324,泾甪路
120.95012400058302,30.92089832936933,120.95133059783095,30.921981570640746,桃源新邨北门
120.96462088263146,30.863825230535394,120.96575061714469,30.865057068977627,隆全路
120.89127228753433,30.95171883795302,120.89275521081998,30.952684362258566,渡船桥
120.8695767913232,31.10923358589154,120.87075481049717,31.11014751335676,陈新路南新村
120.81061125421705,30.941439665043436,120.8116573460144,30.94234133492199,嘉善北
120.75669229063732,30.974740345739985,120.7588838044059,30.976129635856395,嘉善收费站
121.04091081471647,31.10122454823317,121.04240363827027,31.102549193680694,朱家角站
120.81412473062207,30.95179075630686,120.81534856920045,30.952826343540828,李家埭
120.9988212416178,30.908920183177504,120.9999250586027,30.91006931634677,前后腰泾
121.0090340393799,30.885176080992135,121.01185936824551,30.886578321400354,亭枫公路枫泾牌楼
121.02495667286152,30.908494292841517,121.02628862954501,30.909443507334796,枫兰路白牛路
120.8259801439891,30.91040406219498,120.8270522560912,30.911487837577607,竹梗
120.82173297166443,31.02858532562727,120.82324342594023,31.02991857429691,吴江第五人民医院
120.96752590515527,31.068841328276427,120.96857349506047,31.06974307168935,E区春笋站
121.05034243035944,31.08136250991014,121.05156167081562,31.082420290094717,康业路康工路
121.07350186233148,31.105133582068756,121.07520013448729,31.106624317810976,峰甸路万隆村
121.0102998768867,31.034967514048596,121.01134712332427,31.035869285917315,顾林路顾巷村
120.93992698926672,30.989828996351463,120.94111800787307,30.990977903687607,丁栅小学
120.9003094924857,30.936624990376995,120.90154430496464,30.9382807090825,嘉善三中西门
120.92052031285563,30.831100732006206,120.9217834902524,30.832304968044735,市民广场
120.97080379263944,31.062751168499645,120.97238600901102,31.0640327313591,山深支路王田圩村西
121.01796675251526,30.915993801908392,121.01930684725528,30.917097297799774,枫沛路枫馨路
120.81605607810612,30.860977169324446,120.81734662407435,30.861914330795848,钳成港
120.97394770691214,31.064467865886815,120.97563379189691,31.065580832994907,山深支路王田圩村
121.04407954601409,31.1154657712496,121.04634892098868,31.11787803152252,珠湖路课植园路
121.06436322157911,30.961140017213346,121.0654909783919,30.96210698271406,永利路西河村
120.89026889599192,30.830837026495608,120.89159540702595,30.831795973694625,民兵训练场
121.04159506271492,31.112163641170557,121.04305273748501,31.11306615872175,珠溪路沙淀中路
120.89528988836369,30.932097532840736,120.89681371257679,30.933305466932385,保利小区
120.9471511917163,30.848554166115463,120.94914020916444,30.849858532135194,开发区管委会
120.99438099125996,31.03327131831423,120.99542820895269,31.03417308165164,莲洋路南洋村
121.06254720087857,30.935962692990326,121.06359339932621,30.936864506975805,叶新公路新浜
120.86124351093785,30.928384882397996,120.86240589088703,30.92942861758026,幸福桥
120.95269819349728,30.975593123124778,120.95424150719614,30.976732075967966,中联
121.0474174521535,31.06102712339863,121.0486958516098,31.062291976661733,朱枫公路朱天路
121.07772337669785,31.088433712474533,121.07923172188255,31.089468886570295,林家路倪家浜
120.78268080677546,30.93461744564746,120.7839455940936,30.93562615385852,余号路口
120.96190651958916,31.069461545610302,120.96349247837715,31.070808354168328,培雅南路岑卜东路
120.97642246583911,30.971927549662887,120.97764633298424,30.973392749634776,俞南
121.0422565563265,30.978364859013936,121.04333974599473,30.979362240812627,老朱枫公路徐练村
120.83744098431025,30.82740826977664,120.8402531239999,30.82886213280396,湘家荡大道星耘路
120.91295450049998,31.036459041508856,120.91400169972137,31.037360758456796,沪青平公路金溪路
120.88905159978192,30.872913837012916,120.89009700044072,30.87381556295279,西招圩
120.81491851102044,30.9278462786097,120.81648498608587,30.928864921831067,朝尊禅寺
120.87894665484141,31.050729809990393,120.88134594381594,31.05174649024767,中加枫华国际学校
121.12925407308408,31.092382191529026,121.13030632756613,31.09337820822701,九江公路陈九公路
120.8366292255472,30.87489039160139,120.8381626778359,30.875904608883843,翁村新区
120.78104115725546,30.984321400227604,120.78222444242657,30.9853356996858,新开河
121.02064678622891,30.897132452673514,121.02239361555354,30.898265045627564,枫湾路白牛路
121.01792351245969,30.936066475990028,121.0192133874829,30.936974823967926,朱枫公路泖新路
120.90102892474803,31.123941651069188,120.90207707547523,31.124843348896377,王港路王港村
120.97183746778987,30.852935632684286,120.9736643429635,30.856232866421124,长江路台升路
120.94275717290228,30.978432538317236,120.94497522461992,30.97950616223949,张安村
120.99845699369219,31.060301686698615,121.00027330249107,31.061399914055546,莲谢路尤家田村
120.9395762860876,30.8907500237273,120.94062191412984,30.891651776238525,中寒圩村
120.85629321708994,31.036934858066463,120.85734038313738,31.037836541899036,城司路海南路东
120.90938894867286,30.821380715922576,120.91049965260227,30.82265448396758,四季江南北
120.9563515429444,31.01093770909464,120.95741175445312,31.011946990784306,渔民村
121.04699341740212,31.12740296145608,121.04909968751623,31.129173638574198,盛家埭路珠湖路
121.02441894079445,30.894047800351895,121.02546465941408,30.894949599614147,枫泾
120.85366719888297,30.919891133707853,120.8548628993695,30.920974166309794,镇东村部
120.90762966713321,30.914586434534634,120.90867553308777,30.91548816543109,范泾港
120.9634255982325,31.070348129531883,120.96447320198374,31.071249870433867,F区广场站
120.84487544880184,31.035965622399264,120.84641465125311,31.037118777130598,文化中心
120.97902989867039,31.005978782322355,120.98008289928609,31.007289017615506,下家甸
121.06524290638119,30.91642379090767,121.0662888938232,30.91732560905848,香长路陆家浜
121.08595485133027,30.925369986036447,121.087000948872,30.926271813929702,包家埭西村
120.91715784811907,30.872116800292414,120.91841365236542,30.873169199641307,盛家桥
120.95921585368808,30.924586040303844,120.96045904577052,30.925583259437758,宝群路
120.78531975165582,30.965342335847904,120.78656374794257,30.966399664015817,汾玉中心村
121.06790630510717,30.916506590203475,121.06895229509696,30.917408409762658,三秀路香长路
120.92437476833143,30.84386518448397,120.92554392939428,30.84495711553464,谈公路菜场
120.88789960360943,30.904404678436997,120.88900669661788,30.905560121061136,乌泾塘
120.90748279566644,31.026592290778083,120.90868830383576,31.027627409139892,新杨路沪青平公路东
121.03569668548738,30.892996407810735,121.03698211548803,30.89400709162517,枫冠路万枫路
121.03418762794594,31.02861962175091,121.03535296979261,31.029523478259016,北王浜路老朱枫公路
120.91268585368036,31.108534401966615,120.9149467999263,31.1104964715111,金商公路陈新路
120.89880528951255,30.911015336836584,120.89985111070932,30.911917063129113,范泾路口
120.8401253280275,30.892261467073713,120.84142567232298,30.89316773296853,洪南村
120.93078573867953,30.84314159089598,120.93191356129446,30.84435360856577,罗星桥
121.07141013894483,31.01880602269183,121.07264755927442,31.019921477325646,东三路沈陶村
120.95811469012918,31.068289555279108,120.95953003064648,31.070237853948548,兰科路练西公路
120.9083192878418,30.936277263188956,120.90937261312736,30.937290836333457,蒋家浜
121.04445855345956,30.9089563959608,121.045504446747,30.90985820400528,钱家草路大方路
121.02308694639908,31.100921619059424,121.02420465154091,31.10194838091287,沪青平公路小淀山
121.05963863730514,31.130508207366667,121.06068696290129,31.131409992599288,淀山湖大道港周路
120.87319805452563,30.95267206591622,120.87443454757064,30.9537875341156,沈道浜
120.79701896221141,30.85090686254085,120.79814073994207,30.85179813732679,朱家港
121.12654090154983,31.029182143683084,121.12766180115835,31.030241156187884,中德路文翔路
120.94167863173877,30.83436312522446,120.9436205765507,30.837379573401684,平黎公路晋阳东路
121.03497576922624,31.11319055172627,121.03642903093036,31.114094748175525,沙淀中路浦泰路
120.79243988173357,30.96495189777393,120.79381051676364,30.9658982023734,陶庄中学
120.94022615601182,31.07534524775363,120.94204804373048,31.076277252206065,沪青平公路西蔡
120.9093179033576,31.099788791426953,120.91130030042503,31.101408108494287,金商公路华医疗养院
121.08484433891455,30.94607808777452,121.08589066128799,30.94697991219163,上虞路胡甪路
120.9893250766315,30.880756264619205,120.99063782345681,30.881818135190652,许家浜桥
120.80753156610845,30.967227047668892,120.8087011364456,30.968317052285737,陶庄站
120.92729150172093,30.849900704141145,120.92869699920193,30.850966695102596,田园小区
120.95602741137984,30.91062137522675,120.95789938800682,30.91157372482189,姚庄镇政府
121.04721497555872,31.0985171375099,121.04846242056239,31.100369362027585,朱枫公路普益桥
120.86887304839124,30.84905794044186,120.87017115265428,30.85007085894059,新开河
120.92435382150185,31.050196739198185,120.92540117871833,31.051098460767484,大丰村
120.80472602345895,30.969100752794798,120.80593697898807,30.970217047213165,陶家池
120.95114114197987,31.17817213439725,120.95241365853981,31.179200865217396,万丰邻里中心
120.95191880951072,30.848030300496788,120.95363159163863,30.84920339812548,浙嘉型材
121.06903803252156,30.963198464298987,121.07021046719936,30.964203535620115,浦新路四合村
121.11273052084296,31.069446322153794,121.11396347725092,31.07056427787066,新王路金家浜村
121.07436565172327,31.04994284688939,121.07551784795749,31.051214552543662,沈太路邱姚村
120.84747917845135,31.129966861985924,120.84913511957667,31.13096393833688,周庄行政服务区
121.04065027169852,31.004640541000875,121.04178902950672,31.00594965880659,老朱枫公路练新路
120.83743280237613,30.95384358840112,120.83905419438064,30.954885112130828,星建村路口
120.91359114086882,30.8377535292505,120.91473305677346,30.838826870747216,东龙桥
120.83139769541145,30.989890206164908,120.83254060188176,30.99098679383224,北草棚
120.89333253630697,30.84747633399625,120.89437766391501,30.848378065969495,庄港
121.0501965395313,31.128009601026314,121.05232725940753,31.129527897666126,朱家角路中字河路
121.03973758178381,31.01139396556546,121.04091282054135,31.012474534407385,练新路老朱枫公路东
121.01784909993651,30.89775446037388,121.01918239948856,30.898787039236385,枫湾路泾蓉路
120.8978078394715,30.916427726908346,120.89942166002767,30.917364073117245,范泾草莓园
120.9552912237076,31.06713834508203,120.9564710772916,31.068100454530608,兰科路泽厚路
120.96701617649535,31.06553221427508,120.96869952503401,31.066491886067695,上海练秋湖研发中心
120.978321302199,31.02610841423942,120.97958309636373,31.027224085744134,莲钱路钱盛村
121.03380417332339,31.116619487835248,121.03512212857588,31.117777512207866,绿洲路马家桥路
120.89425250530864,30.89234979575283,120.89589981391352,30.894604906912082,亭耀路口
121.11836314040539,31.033363147303472,121.1198160565622,31.035313251461535,中昆路玉昆路
120.90140951654084,30.884872051405726,120.9029058818227,30.88583934880994,康民路口
120.90230498109342,31.112177278244097,120.90371661839133,31.113103321781008,陈新路西庙浜
121.01716047029709,31.125624612338825,121.01898932979536,31.12653788753168,淀山湖大道绿湖路
120.96584904340145,30.960584163611685,120.96696325918403,30.961628936253383,南古村
120.88890903277166,30.848733236028707,120.89010006602084,30.84978776396291,长秀路
121.00831131714618,30.9984080185062,121.00965578178534,30.99934188158347,四联路四联支路
121.05601148617387,30.995324674157168,121.05720081515491,30.99671872550865,朱枫公路章练塘路
121.06170625147334,30.945081993851353,121.0627525487316,30.945983806114754,彭中路黄家埭路
121.11062214307098,30.939822467859464,121.111691657782,30.94087283160445,叶新支路叶新公路
121.00874203415849,30.95839829076524,121.00983396625547,30.959546009090065,三河路三河村
120.94868282365334,30.96461027251813,120.94978117797407,30.965505726965237,中联村
121.07347881750066,31.133329803875196,121.0745271827043,31.13423159609079,淀山湖大道丁家港路
121.04651687903073,30.959243498914738,121.0475633211759,30.96014530105131,石泾弄
120.90269274979225,31.091536428974454,120.90507225982311,31.093883971713275,金商公路湖雪
121.01591161271324,30.927663963706326,121.01718848738105,30.92856813623043,朱枫公路步杨村
120.99403574428682,31.03990247559314,120.99510565349404,31.040892324314296,莲洋路高许村北
121.12717389641661,31.0960620493957,121.128459103592,31.097122150337537,新陆路九江公路
120.91865711415412,30.821328732602222,120.92006598347373,30.82260286740243,中央公园
120.9821181145268,31.079424041000244,120.98361828568186,31.080572958616685,大莲河水闸路祝家湾村
120.89742740307375,30.82601374300541,120.90112960020464,30.827105858384027,阳光路农贸市场
121.09653449938635,30.91437887877153,121.09782540298434,30.915550621289448,兴北路招呼站
120.99130874043182,30.90051340373506,120.99235556032865,30.90150109599288,枫阳路枫泾大居
121.04690708687839,31.03396110139178,121.04810311934132,31.03607789848889,朱枫公路后湾
120.89531995139222,30.823091351412586,120.89647254648874,30.82458544828082,书香门邸
121.02544352812451,31.05694310508761,121.02678076857849,31.058233195025583,莲尤路新开河桥
120.90482038759058,30.865627365050536,120.90609621526943,30.866821235011365,看守所
120.99995323110325,31.094913609290227,121.00097116685556,31.09583309053184,庆丰村路朱家村
120.82126176266634,30.8405310407872,120.82244603608501,30.84158225920845,北浜
120.80781499403334,30.991976069112887,120.80911090474387,30.993105230823545,杨家坝
120.97229251188466,30.945626508517385,120.97348298864989,30.946939190975176,陆斛浜
120.94654663716608,31.0094305300325,120.94759356305148,31.01033226993327,银水庙村
120.9834948575868,31.051829138966223,120.98472264155437,31.05280256070394,镇中路莲民路
120.98553025661045,30.93751794940769,120.98679094237964,30.93861295053005,袁家厍
121.03236337492349,31.11864209194066,121.0336018334818,31.121148807917447,浦泰路张家圩路
121.02589534422019,31.125015344983474,121.02722475049785,31.126492755231773,淀山湖大道复兴路
120.89642213844976,30.878712646559443,120.89763826217397,30.87962275347032,陆家浜路口
120.81818880266931,30.92737313278355,120.81935249857601,30.92839386721109,倪家村
120.97389819553844,31.007891234180278,120.97509530580948,31.00894096582673,东大圩港
121.03072947051118,31.132769519297984,121.03203322542448,31.13470698008852,浦泰路西洋淀东路
120.86978399709696,30.97262031586048,120.87127990233762,30.973553184176474,杨家槽
120.94027367518987,30.881600635670548,120.94162642161791,30.882897464436965,程家小区
120.89481935244821,30.887403413570112,120.89606525197567,30.889279586232014,干窑
120.89706591011667,30.83362273194813,120.89811089010486,30.83452446801762,环西南路人民大道
120.78102399074466,30.981225333443433,120.78218530796376,30.98225756655543,南京村
121.11409061985131,31.033590747525494,121.11528288356055,31.035260252310746,翔昆路玉昆路
120.84082240719427,30.947568753801637,120.84187399417716,30.94871434615887,下甸庙小学
120.98826137034038,31.04919653388417,120.99098653067452,31.050719701190076,练西公路莲洋路
120.89385290040794,31.10436896674786,120.89499050052048,31.105643533034094,雪米路雪米村
120.91659905762944,31.038487874073446,120.91890543992986,31.039565226480924,金溪路金中路
120.8888880913469,30.96224214209022,120.89017200729111,30.963370557872434,钱家浜
121.00933913911682,30.89368733266259,121.01072806400317,30.894973367460985,泾波路新泾路
121.07101922404284,31.132278304455234,121.07206757616234,31.133180095510767,淀山湖大道青浦大道
121.1297420587364,31.075817888538424,121.13093813915803,31.076731611506478,天九路天云路
121.05758400807389,31.12980307157682,121.05909914008448,31.132854822073025,港周路淀山湖大道
120.82131547659897,30.892181353476133,120.82256932493252,30.89328014654979,天凝中学
120.86803132777136,31.09051502533757,120.86938477318006,31.091556573988992,华树村
121.03228672963343,31.112293778553184,121.03358726936277,31.113221021515315,沙淀中路孟将堂路
120.78593570993571,30.934761300645288,120.78716688891937,30.935718098925165,凝北村部
121.03117872954546,30.895725698630805,121.03222447066234,30.896627501335246,枫泾
121.07058807903007,30.90210245205862,121.07192341925926,30.90304654809001,长征村
120.77141566936909,30.99618216772373,120.77256893212319,30.99720273225779,尤家港
120.78123160250765,30.97425609148193,120.78249259684709,30.975334808403396,北许港
120.92945845503235,30.833489984548596,120.93056944380399,30.834789115213585,施家路体育馆
120.97270971991935,30.864103112533606,120.97375508029442,30.865004887432303,长江路松海路
120.86093351587344,31.144284855819247,120.86343768819214,31.146128343597407,锦周公路园区大道
121.08472255883464,31.034953357721847,121.0859104437338,31.03586494224228,张马村
120.8938498662052,30.954950677017628,120.8949251333007,30.956015022666453,排楼头
120.99298338692923,30.909632314249418,120.99441191155758,30.910631984874474,窑浜斗
120.81842009186765,31.00203475528996,120.819475307533,31.00305044447927,东港甸
121.07571208941663,31.002417363438205,121.0767785085339,31.003393136469338,章练塘路庄泾村
120.90893755957075,30.836722924673936,120.91025364253906,30.83789537538513,泗州中学体育路校区北
120.90793262458155,30.83792073777632,120.90911217116744,30.839199162271967,实验幼儿园
121.07326166950286,30.988616184731143,121.07444922674692,30.989840715311185,贞溪北路小蒸
120.90177013344902,30.84249712213443,120.90326176857828,30.84346207817174,西城门
121.06186140870359,31.075611650992034,121.06298629241539,31.07688724884688,朱家角镇养护院
121.06669119733596,31.092018846401796,121.0681477983093,31.0934750537939,康欧路康业路
121.08716719992287,30.93474568637076,121.08821340027936,30.93564751359541,胡曹路之根路
120.93150378133379,30.851449248124084,120.93271382336923,30.85277775181429,嘉辰花苑
120.85374563681418,30.91668269530752,120.85512526355096,30.917772904172192,黄家浜
120.94157970802416,31.184338473693344,120.94284559048009,31.185458026293745,立讯宿舍
120.85496699716718,30.92760037793324,120.85664690346219,30.928850521578163,倪家桥
120.91070352897754,31.040985370499353,120.91403254411044,31.044181032563685,金杨路潘家湾村
120.91985433040813,31.124813236397546,120.92116207038185,31.12573046368141,商前路张家浜村
121.04311074475196,31.148272513050877,121.04415925545634,31.149174286915027,盈朱路河家埭村
120.90974713164216,30.84989646956665,120.91730875773476,30.85412022518917,嘉善火车站
121.11674480763097,31.001642688394202,121.1203050909768,31.002698711827506,夏家埭路新松公路
120.94946729558662,31.05341373228019,120.95051470463093,31.05431546768556,莲田路田山庄
120.90605869931088,31.096117019316733,120.90905559006985,31.098747884409985,金商公路雪米路
120.84123284383215,31.12591718782313,120.84244785541641,31.12689041190229,周庄游客中心
121.05657673897196,30.900155841618083,121.05785596236849,30.901262558390865,万枫公路长安村
121.05255711470909,31.08654172745791,121.05391488336653,31.0874928727222,康业路康园路
121.02239366786307,31.072092937794082,121.02367362929564,31.07330726228424,朱天路安庄村
120.97779934909255,31.07845872607772,120.97884705112223,31.079360473888055,岑卜东路泽青路
120.89004208572602,30.884542084536765,120.89116911453256,30.88574371514312,干窑卫生院
121.05302722234404,31.083234525931218,121.05424937878756,31.084292474071578,康工路康园路
120.95809095236388,30.896917331335096,120.95934424876108,30.89836516807473,老里泽
120.81612985111947,30.85147678003085,120.81728085089428,30.852903319824573,来圩路口
120.8382275861855,31.14863071979482,120.83938861502672,31.1499683799567,苏大应用技术学院
120.84268395383923,30.867270944362506,120.84404635184441,30.868794555791013,芦荡头
121.0690478048558,31.135878205231876,121.07009619534962,31.136779994734116,青浦大道淀惠路
121.13227253199372,31.079988451298266,121.13336916686562,31.081246948527387,新宅路沈砖公路
121.07104907314111,31.06868939999682,121.0720967270637,31.069591199969228,童南路童南村
120.86621833565927,30.971651202893586,120.8674842638601,30.972567397116812,红菱塘
121.04507276361106,31.062085983122813,121.04644853783493,31.063023017041886,朱天路保卫村
121.00373194060698,31.161638753252237,121.00543126302313,31.162687147428503,南枉泾
120.86232685194216,30.974024945899185,120.8633947482093,30.975089854013337,曹家圩
120.92647066193169,30.932767130392016,120.92751673828741,30.933668869573737,胡家埭
120.96068269861638,30.923198413191688,120.96186480234702,30.924163786426117,锦绣大道
120.95872048431386,31.07143430347131,120.96347595367638,31.073062628125182,岑卜东路培雅路
120.85004696770065,31.024492370977008,120.85122643571765,31.025656728952953,明丰翠湖园
121.04358184831446,31.106424347051693,121.04498095347665,31.107371653155926,珠溪路沙家埭路
120.79888486833116,30.8917745763566,120.80006223333984,30.892823823639834,凝南
121.00400850230692,30.90463491531895,121.005150194572,30.90576598467101,枫翠路泾标路
120.94719475252202,30.951600025811143,120.94824104769503,30.952501774154655,北鹤村
120.87571483994068,31.120759909558117,120.87678215735025,31.121782990330317,沙港路沙港村
120.9016474561691,30.82817264592569,120.90284254455747,30.82919875406085,锦和苑
120.91334963497445,31.04451780537556,120.91523617302047,31.046514495212037,沪青平公路培爱路
121.0832391206616,30.97922816316544,121.08490887709382,30.980237437216992,蒸浦支路蒸浦村
121.0656946127792,31.116308556354387,121.06688328844464,31.117220443656034,峰甸路沪青平公路
120.76748377549573,30.995285695922096,120.76862712418355,30.996271404024487,西浒村
121.03217785937345,31.091549142025837,121.0334964433759,31.092760758057114,龙星路东石河村
120.90123720630247,30.81559852948515,120.90228199391848,30.816500270480642,白云花苑
121.01386296432236,30.999858346138467,121.01555313587508,31.001081553222555,四联路四农村
121.0678304170934,31.113849891396214,121.06889418343916,31.114918908559627,峰甸路小江村
120.92258519017196,30.832401740135797,120.92387610557797,30.833753960015407,县政府
120.88126450716823,30.835151036653166,120.88230949305496,30.836052763312555,归谷
120.88696457269093,31.123621055685224,120.88807623021647,31.125114444249938,双祥路长北路
120.98491877361417,30.928614378047357,120.98605062976104,30.929741321802624,戴浜
121.06285701629422,30.974903591102354,121.06406678438681,30.975894608563934,富阳港招呼站
120.90807567945211,30.948408042894023,120.9093131227639,30.949531257138496,来凤花苑
121.08785419793901,30.938215419060043,121.08952190314528,30.939374079673705,叶新公路胡家埭
120.96134659307143,30.97502590216011,120.96287330902793,30.975996498177928,下玉港
120.90118845828775,30.942986548836735,120.90240044136124,30.944021251053755,新为
120.73691968202411,30.98504951930507,120.7385442072558,30.98610393698606,施家港
120.83659106150719,30.845130291665836,120.83802643969756,30.84606550851753,步云桥西
120.79497181098608,30.908025874422986,120.79615929003836,30.908991425160906,三小圩
121.02539866356976,31.091543489576257,121.0273137375579,31.092489610759564,龙潭浜路西石河村
121.13466166594404,31.076226996299177,121.13581123580512,31.07725510366817,新宅路天云路
121.0863190509651,31.035362793621644,121.08736634923787,31.036264606344446,沈太路张马村
120.97253917998779,30.977527742032414,120.97510572678858,30.978849459976868,俞兴路
120.97235551602274,30.883266013968004,120.97340108419121,30.884167785997885,顾家村
120.82563101224693,30.946437473047176,120.82770588430354,30.94813872640193,汤家路口
120.83261776741188,30.957158723827643,120.8339343324963,30.95806907613213,新胜村路口
121.08024339642715,31.118592601049794,121.08129160377698,31.11949439891624,峰甸路马家埭村
120.84912908722015,31.022264476388905,120.8502814145949,31.023297823578382,锦秀园
121.04702231114194,31.106292722293325,121.04999359351623,31.10836457667558,祥凝浜路漕平路
121.00639543954307,30.897279044383758,121.00766105871517,30.89841545562513,枫阳路朱枫公路
120.96769359880068,30.93065266681811,120.96895430028705,30.931743233107046,西徐浜
120.85521952063391,31.036354558343316,120.8562666795935,31.037256241622185,海南路城司路南
121.01212130124648,31.09955749488005,121.01385013977963,31.10129465294498,山湾路沪青平公路
120.89338568646943,31.108187549583544,120.89449081494615,31.109459650331168,雪米路西鱼村
120.83264275560074,31.00524670610081,120.83392274367957,31.006248093544965,南栅
120.96295295978797,31.067331429127588,120.96474923398443,31.069152071169167,培雅南路港悦路
120.84261763034323,31.086265826889253,120.8443326783128,31.088287773679177,龙泾路口
120.91657656058193,30.822674648179397,120.91762702696232,30.825900551637293,车站南路阳光西路
120.88926186516372,30.853541603723688,120.89041413489306,30.854784095572157,前港
120.90802818885106,31.020913296359105,120.90926951236759,31.021832103697523,新杨路新池村
120.78864879002293,30.94818132675818,120.7897471109203,30.949389973143244,南成港
120.98418520326359,31.050042780675433,120.9859163201174,31.051329504991617,练西公路莲湖路东
120.96761688184196,31.048688487395292,120.96883791645344,31.049787212619712,任屯支路任屯村
120.9203021276629,30.997562803380955,120.92137407523533,30.99859269637113,北港西桥
120.85538860443586,31.13317053975497,120.85645529616522,31.134214059892205,全旺
120.90056975804805,30.992611778115617,120.90166734256718,30.993786921752278,杨家溇
121.03710526869054,31.10187783025626,121.03959953052684,31.102860469817657,沪青平公路金家桥
121.00469018720656,30.93824801769578,121.00582581503981,30.939290882228345,新元村村委
121.02731339523258,31.07761846298515,121.02861770570821,31.078638736434705,沈砖公路薛安公路
121.01009565098596,31.09781174836079,121.0116077514767,31.09911555168168,山湾路外河村
120.87061133234643,30.88648634334899,120.87165686787829,30.88738805661666,让巷路口
120.82896859408574,30.92157751924581,120.83058530238654,30.922629681330783,靴子底
120.9010855356764,30.844267485779422,120.9023101642128,30.84527721408413,敬老院
120.93930434730915,30.98000250458744,120.94056255600476,30.981216495455282,界泾港
120.89130659764598,30.88358329802919,120.89244730004354,30.884651601967658,龙庄浜
120.99138559333772,31.16619989424802,120.99270790932883,31.16740680583366,复光
120.92509449252852,30.848783629479083,120.9263879057078,30.84994217052088,交警大队
121.03132128780062,31.11344210166777,121.03253840654266,31.115542498004253,孟将堂路沙淀北路
121.02126320381996,30.963877486018216,121.02241019906546,30.96497341388711,老朱枫公路环河路
120.8788390091202,31.128150257818724,120.87988719110541,31.129051942146774,长北路长北村
120.86429630669107,30.964421417654947,120.86544059440806,30.96536328197923,金山浜
121.03237168939664,31.04967280905568,121.03341911081209,31.05057459091027,朱家庄路朱家庄村
121.02524005437365,30.983323306357512,121.02628674583542,30.984225093608465,张家浜路张家浜村
120.9794168786799,31.070984793448364,120.9810770207286,31.07192630659828,港悦路南一门
120.84147187840682,30.87322891231732,120.84431831008649,30.87664024981994,丁家埭
120.94991081875544,30.866665597709176,120.95103677924476,30.86810150206214,加胜运动器材
120.80684303569083,30.878812746197507,120.80840116298967,30.88009925345758,娄斗浜
120.76745330977437,30.93233236955753,120.76877829058056,30.93323863049261,和尚港
121.03584391133012,31.07690730891622,121.03774958482765,31.078019791889375,沈砖公路陈公浜
121.01484739085537,30.94801555881766,121.01639930989312,30.948939241344064,新庄路西庄村
120.8610150311746,30.916967943249134,120.86229656647127,30.91790885690395,薛家桥
121.08234357483246,31.040997623271682,121.083448125241,31.04215497630883,沈太路莫家村
120.91493112095648,30.831011337237687,120.91640518049341,30.832230862682593,罗星街道办事处
120.7807207375484,30.978371486695966,120.78184755995466,30.979438413286903,庄字圩路口
121.10011411582006,30.915079771933144,121.10138048230279,30.916011728177068,兴北路韩坞村
120.83706938752952,31.071808220774496,120.83816240412109,31.07428347906233,莘周公路金莘公路南
121.08697724589359,31.090997197339192,121.08802515430965,31.09189900262688,林家路林家村
120.84477062832242,30.944014654992692,120.84581677190545,30.944916344972842,下甸庙
121.01694886187225,31.161519272845215,121.0199734360956,31.16260392760719,盈湖路永字路
120.88528439838721,31.12970465604562,120.8863326018377,31.13060634391988,双祥路双祥村
121.08733352070213,30.930919586059947,121.08837967950004,30.93182141390623,胡曹路雪浪湖
121.07196064992058,31.00197214483405,121.0732101508749,31.00297625473033,蒸庄路章练塘路
120.90032260951551,31.097205791217483,120.90199218812704,31.098219409182633,雪米路石米村
121.02020308004876,30.973368519589304,121.0215659190624,30.97439177987654,蒸俞路老朱枫公路
120.82214316093766,30.850867555380326,120.82336974195965,30.852028544635214,育才路
120.90446132375708,30.868920063540344,120.90580357069665,30.870446936704756,南北暑村
120.78557724768599,30.889098968993626,120.78662275254769,30.89000063097179,油车港
121.05210515715731,30.916071395566497,121.05377934239621,30.91700710444941,香长路赵王路
121.02158049841248,31.03632737662349,121.0226884029181,31.037241922986997,顾林路太北村委
120.93601302205269,30.843089066750128,120.93718487549766,30.84419493327166,魏塘卫生院东
121.07618344324726,30.94577099004511,121.07722975695611,30.946672809921022,上虞路新工北路
120.89067858853859,31.119898258819706,120.89285001131296,31.120834041077813,商周公路张家浜村
120.94843050464256,30.876052206452993,120.95146330456097,30.877588796502515,里泽
120.89283408426746,30.838657133526873,120.89387911595456,30.83955886643886,西门华庭
120.91779716092591,30.84568164880089,120.92060263492105,30.846905252314546,梅园大酒店
120.95479680603378,31.06943953189616,120.9558443941833,31.070341268069566,岑卜路荷花池
120.92792658894767,30.871357496768358,120.9292633165243,30.872843703353443,嘉善四中实验学校
120.92610368933123,30.854121825014726,120.92714891088738,30.85502357495108,泗洲公园
120.9035967796589,30.876553208536258,120.9048790185899,30.87748769158173,蒋家兜
121.06247755521846,30.925984392312756,121.06352364498625,30.926886207653364,林家埭
120.93280427299767,30.940212691980282,120.93402842893829,30.941310808043564,雨落
120.93493896785965,31.188427153946023,120.93623893368711,31.18955334607597,正崴路昆开路
120.97727910170161,31.053032252294035,120.97899719536652,31.05451544751162,练西公路镇中路
120.90516197070538,31.18178791132916,120.90640112837421,31.182861588614283,欧历涂料
120.86955584552776,31.1523614276799,120.87122197178884,31.1544873028947,朱浜
120.90658998547414,30.82332069469405,120.90795084999135,30.825154077897256,人民医院公交首末站
120.79455443545275,30.922540024489084,120.79568076685065,30.9235773754148,南长浜
120.78900352257156,30.94643131202558,120.79010057987652,30.947450187814148,体字
120.86332018312122,31.09134760329942,120.86500061682183,31.092266296620238,新村
120.93131258082185,30.84879127598126,120.93244361602004,30.849918423998417,华都广场
120.76663225943419,31.004562612069638,120.77073934072533,31.005525187496996,黎星
120.84168871890171,30.899621761404944,120.8429642803972,30.900622838250946,顺源家纺
120.84289981868157,30.959498954689977,120.84405318008226,30.960522245306194,星建村部
120.83701754234126,30.912957017221768,120.83830935943773,30.914519382207555,洪溪小学
121.07828805493297,30.968119617278255,121.07943284678056,30.96902718208161,贞溪南路横娄村
120.97303190108768,31.06832460947251,120.9762272077008,31.069826693448793,港悦路华为大道
120.92691017694587,31.187127859284658,120.92904042710364,31.18882784054461,正崴集团
120.9265430242081,30.960751294409572,120.92782007449121,30.961714805029455,储家汇
120.88682196484265,31.08356345755742,120.88925013291156,31.084636642948013,红顶度假村
120.91832264232735,30.843232281462647,120.9196896633755,30.845409718194322,思贤商场
121.01237698941442,30.898747646942443,121.01395331189264,30.89985365185473,枫湾路泾波路
120.89525152539325,31.05398106492238,120.89738857712436,31.05500733581819,元荡路元荡桥
120.84068414481439,30.847923649324947,120.84207125689021,30.848867950871625,杨庙大道东口
120.87687060506266,30.825392596940084,120.87802540178872,30.827599102966165,灵秀路
121.08048770611013,31.0736736405157,121.08184119078408,31.074958959583117,倪新路潘泾村
121.0476340791846,30.94079849732662,121.04868032102183,30.941700302639447,许村路
121.01625464936583,30.97257485078006,121.01742745143243,30.9735871492105,蒸俞路菱浜村
121.00865970611616,30.89028709827119,121.01012269509697,30.891224701923534,新泾路泾波路
120.96826040332493,31.03992821597323,120.96942139957592,31.04148588390125,莲龚路龚都路
120.8367572079668,30.93305784744642,120.83782679377362,30.934308752512553,礼庙
120.97340334327183,30.98561538203982,120.97503715672524,30.98680211733871,俞北
120.91412795680857,30.845683241237197,120.91544153754378,30.847889058206658,烟草公司
120.90358442365574,30.852887974780604,120.90902812782338,30.85616567801128,炮台口
121.06708016544292,31.00736191582627,121.06938683308736,31.008380084459716,泖甸路东泖路
120.93976157273228,31.063627994740038,120.94099442696259,31.064539105249857,岑卜路夏卜港
120.93536064525908,30.869272451878697,120.93651455547128,30.870557247803358,南桥
121.03318278108567,31.043650634271007,121.03428182272938,31.045281565663707,老朱枫公路练西公路
120.92393374472307,30.958844980809705,120.92521245738486,30.960433318711885,储家汇西
120.97280354233749,30.87839281350315,120.97384905787636,30.879294586462773,王家浜
120.86847498564521,31.019006730486822,120.86964111735219,31.020125269441266,318汾湖大道
121.02018870251821,31.139087718627678,121.02123709769248,31.13998948133819,复兴路新华村
120.95415335434454,31.081358102848817,120.95554104554276,31.08227079711008,沪青平公路练西公路
121.04634325685238,31.040640414861414,121.04739624272936,31.04164238500081,泖甸村路朱枫公路
121.02985189424923,31.11605351495097,121.03228851238481,31.117353786928554,绿洲路浦泰路
120.88171730730554,30.82159328798231,120.88473908884978,30.82281051305113,厍浜社区
120.78228412582276,30.99137002538402,120.78343307186412,30.992444374621247,汾湖村
121.1037627794458,31.11440227525746,121.10493892025762,31.115379224617563,太来村路朱川泾
120.89093957528213,30.94105186377371,120.89200432406093,30.942091135895957,马鸣漾桥
120.91715805960862,31.036268761541578,120.91828203945619,31.037254638444196,金泽镇政府
121.06861182830085,30.912202289715356,121.06965777190314,30.913104110250774,曹西路三秀路
120.92944095523939,31.022010591737104,120.93057884722143,31.022904708138395,徐李路徐李村
121.07099127831633,30.98564189376741,121.07209012295439,30.986889506145978,蒸浦路老松蒸公路
121.04108259778926,30.99669295360967,121.04221510513713,30.998222146300666,老朱枫公路长珠
120.91686093275597,30.957068834841195,120.91790726746437,30.95797056512452,祥符荡科创绿谷
120.96194085857526,31.085660315789955,120.96368854339394,31.086642284660496,沪青平公路塘北
121.1303654411625,31.08087027625576,121.13175515939314,31.081993623566554,天鸡路
120.83037737851639,31.002583160092776,120.83158812270543,31.003548139376743,水闸桥
120.83524661705323,31.002064426413643,120.83636818535011,31.003102373474764,中心幼儿园
121.07203627472335,30.933505226336376,121.07360402404741,30.93457577269771,新绿街旺兴路
120.85173527217394,31.1291719309809,120.85314292792464,31.130078268936078,锦周公路全旺路
120.85767788512973,30.859148345252734,120.85872311509608,30.860050054712907,北里港
120.79816902515184,30.84218343474544,120.79925717441867,30.84327606488892,光明村
120.83457054563486,30.909223675025398,120.83589185494378,30.91027442448305,农贸市场
120.90163405316912,30.95416656382082,120.90314304705174,30.95532003579213,顾家浜
120.80052421472548,30.900286344004467,120.80171648765781,30.90138515598606,天凝小学
120.9016661354934,30.91012575919023,120.90289896477424,30.91115574073014,范泾集镇
121.07769801708254,31.114976001470712,121.0787461831219,31.11587779849532,张芳路峰甸路
120.92652733018447,30.859802144447194,120.92783566960917,30.860888255297738,东方医院
120.92925124169238,31.071654156691668,120.93055675570452,31.07260424349808,沪青平公路马兰港
121.04230217499361,30.999982396501647,121.04343892864532,31.00113800334405,章练塘路老朱枫公路
120.92450084228273,31.137512845265384,120.9255491579381,31.138414554700237,锦商公路淀西村
120.89940712390414,31.042393289216438,120.90201187051719,31.0436928122844,金杨路西湾村
120.8632404355866,31.10916140641783,120.86438826273655,31.110196693583116,陈新路新罗村
121.08413713509444,30.91007478544947,121.0851830651079,30.910976614516702,胡曹路曹西路
120.87086332181768,31.158242545358817,120.87216657896487,31.159332354584603,明东
121.05375528036126,31.001035441895635,121.05556781881839,31.00222315693897,章练塘路朱枫公路
120.91262916798408,31.06130351690581,120.91400784062391,31.063934082836806,沪青平公路老姚簖
121.06936112670131,30.98667712344072,121.07060897286661,30.987682276321344,老松蒸公路蒸西村
121.04185157014103,30.985241632331935,121.04302052740056,30.986342367684163,老朱枫公路茅练里
120.96124683111029,31.066378881746758,120.96252636388611,31.067798418420182,练西公路西岑
121.02899223300615,30.901609769373685,121.03006896572685,30.9028488305138,泾宾路枫兰路
121.08383282758217,30.98977312794105,121.08507827354646,30.990847472058647,老松蒸公路松蒸公路
120.84576632558874,31.04015218337747,120.84688967174613,31.041226816596584,虹桥花园西门
120.91550054023095,30.98876980554477,120.91665385867493,30.989787094446225,百果岛
120.90246411505716,30.825999421813805,120.90657498824208,30.827090179659347,人民医院北
120.93217674925656,30.849917689046638,120.9335212499823,30.851053410767413,嘉辰花苑南
120.96785561008306,30.912998166704654,120.96937968813951,30.91397303354287,桃源路口
120.9740944992142,30.974640630097177,120.97640292650614,30.97600967955308,东泉路口
120.90660874783865,31.07435645026027,120.90778664733237,31.07628854947089,金商公路大观园
120.91962725026224,30.85908479337915,120.92096535027228,30.86018260649588,上南浜
120.89322977192742,30.98686886909121,120.89536232918834,30.987814131301473,大舜加油站
120.92388510197466,30.849900705117193,120.92525309747838,30.8509481944574,斜家桥
120.88273265691467,30.82748188482197,120.88391144218352,30.828859914608906,横泾港桥
121.02790739729053,30.878512998734276,121.03082929602829,30.880877800349477,亭枫公路消防支队
120.93010568052857,30.837051122682627,120.93115071968948,30.837952877283207,施家南路晋阳东路
120.91269540044189,31.03846405749362,120.91501599939527,31.039727039740335,金溪路沪青平公路
120.79844671271957,30.894048820876197,120.80007362639729,30.89609188584525,天凝镇公交站
120.89589309111904,30.941739094781926,120.8973290099964,30.942917605111685,嘉善三中
120.83515948120775,31.062988180935957,120.8365317174604,31.06417031894791,时基湾
120.9555715983112,31.195897229918014,120.95680719866384,31.197089670151506,律八
120.81549503075867,30.983252967496174,120.8166872670083,30.984359932535117,贺汇小区南
121.11205302617283,31.034952145765278,121.11328237356945,31.0359926540938,玉昆路翔昆路
121.02138653038321,30.89389590556353,121.02313176972122,30.895163093393656,枫阳路泾宾路
120.89504174725762,31.097569098179136,120.8964449542382,31.098593400837288,雪米路马家浜
120.85509411861094,30.92608789513264,120.85629328325675,30.92700620404606,六合浜
120.910040900493,31.18414274734658,120.91123460055564,31.185176152653682,锦发路普庆路
120.99665414069436,31.042036617302433,120.99770415880785,31.04306818265365,莲爱路爱国村
121.05914545423059,31.07281210346054,121.0601931459755,31.073713896505463,泖溪路泖溪苑
120.85470984783676,30.884634547905705,120.85575535238958,30.8855362520599,长丰
120.83971023181235,30.999888499550163,120.84128296915124,31.00082030065808,5号圩
120.88199866434115,31.08549924026903,120.88335263344503,31.086722959747664,明丰湖滨花园
120.9274335961944,30.944780730954953,120.9284798040247,30.945682469010798,地甸
120.99735877070627,30.94527521134594,120.99840502950548,30.946176988619996,新元村9组
121.04671210601623,31.07627082133467,121.04798769577738,31.07722277776495,朱枫公路沈砖公路
120.95808382636305,30.868565111922212,120.95947207512258,30.869742788060822,永航汽配
121.0926170228694,31.003571689741033,121.09366397733271,31.00447351022511,章练塘路星浜村
120.99294124374651,31.15208856378625,120.994209954791,31.153208636196368,复月
120.9565844986307,30.88819003109956,120.95819250270816,30.889463168670115,沈项
121.0368526965128,31.122992829055732,121.03855120559966,31.12435937078088,阁游路马家桥路
121.06148617247624,30.93174492047565,121.06315750006662,30.933351989160283,新浜社区卫生服务中心
121.04933942838409,31.04157930390687,121.05038677182279,31.042481096059124,泖甸村路泖甸村
121.07688103954933,30.909665187341187,121.07792696065378,30.910567012625,曹西路徐家湾
121.07376955729269,30.94332909051534,121.074815842911,30.94423090945077,林天路新工北路
120.9548816353433,30.872417082789283,120.9561296662016,30.873513417234786,黄山路金嘉大道
120.90928321178637,30.965585956625297,120.91106949044584,30.967000143158277,河滩桥
121.03660741426845,31.128970654542094,121.03780148616647,31.129983445420404,石家浜东路浦泰路
120.95806123623932,30.97516425358127,120.95982726113742,30.976202046908902,水产大队
120.84392783834474,31.12555381474162,120.84499656388712,31.12687498521319,双马
120.84972159926821,30.988365992768298,120.85093750188777,30.98933680671852,四吕村
120.97014831119692,30.95451952515304,120.97124438450712,30.956283974713276,横港
121.04174259534955,30.88114692703109,121.04430025794139,30.882443921199464,枫展路枫冠路
121.1070664109655,30.93842440536257,121.10819858999284,30.93969889442965,茹塘公路叶新支路
120.77748219608027,30.936083661921916,120.77900410391798,30.936996637999908,鲶鱼口桥
120.80438364237675,30.92533734682175,120.80563666087087,30.926542753216086,浜口
120.90990470246622,30.846832795806932,120.91191249897142,30.84779650463458,城北菜市场
120.9637999561948,30.84693337497148,120.96487644658504,30.847960724804146,武夷路
120.83190591778776,30.845874720840815,120.83320048272537,30.846916878731825,杨庙卫生院
120.80711454570563,30.890336752534655,120.80870355284428,30.891393646391926,天凝幼儿园
121.1128972348029,31.000259884204997,121.11394416539703,31.00116171576119,泖新村
121.00021092330057,30.945738434977976,121.0019311762699,30.94667536503133,新元村3组
120.88855787330024,30.82157559307511,120.89015082673778,30.82274990637683,兴善小区
121.10942983232903,31.070716774946582,121.11051037066778,31.071762424821337,新王路潘家荡
120.83850808926066,30.89978554185189,120.83965661160425,30.900782358138567,洪福村
121.03443026861032,31.036143020949048,121.03557163325864,31.037534378910483,老朱枫公路顾林路
121.03419646567252,31.091467903536202,121.03528783308299,31.092367696197876,曹家厍路龙星路
120.85342933953015,30.942877517176186,120.85592276304102,30.943915183705244,后荡
121.01940549337824,31.054628878709902,121.02177611002735,31.055717422336997,莲尤路杜赖路
120.81523087042872,30.911262167057,120.8169344313124,30.91238413132495,曲尺溇
121.04301375035924,31.10776407040098,121.04440414792451,31.108716829777453,珠溪路漕平支路
121.00378536480393,30.94406987783846,121.00489593578672,30.945270621976153,新元村医务室
120.84244807524107,31.021968494601328,120.8438558280901,31.022953705718127,东港路芦莘大道东
120.9252954242828,31.022988223356023,120.92661607548852,31.024080776378415,金湖路徐李路
120.86556629800697,30.918377801307145,120.86674400556053,30.919557498614864,袁家溇
121.07529035575382,30.93614675601526,121.07661554322627,30.937283243867792,新工南路新颖路
120.8458045229656,30.945112977341108,120.84752546963072,30.947862139104902,下甸庙集镇
120.91786097999803,30.83898537696603,120.91906501803987,30.840088023060638,罗星阁宾馆
121.03992542895043,31.028436087288995,121.04131497031061,31.029479412190135,金田路金田村
120.9094351685222,30.938697443465905,120.91070293169453,30.93974325641681,塘里
121.066727734991,31.13052880547523,121.06777606521466,31.131430594490748,淀山湖大道青浦大道
121.05141214338649,30.910409594190696,121.05245805681929,30.911311405775393,林香路钱家草路
121.02725225525377,30.985248518855474,121.02853394308083,30.986181481254533,张家浜路张家浜桥
120.86245377088905,31.050474797619515,120.86367552854053,31.0515236022936,月亮湾
120.92314058427668,30.839119817779277,120.92435341311025,30.84027138227049,玉兰小区
121.0037530687617,31.094014819204148,121.0049202328488,31.094938080173733,山湾路陆家埭
121.06040787163738,31.109954490916053,121.06205003040337,31.110933109486503,祥凝浜路沪青平公路
121.02323891446683,31.027347309978197,121.02428608574274,31.02824908998774,北王浜路北王浜村
121.06818891568267,31.078035354404214,121.06948258395622,31.079063745319573,沈砖公路张巷村
120.90635420684966,30.936462133366863,120.90743249359133,30.937545366243903,颜店桥
120.78878784659643,30.93435725690493,120.78987095580179,30.93535954291089,施家湾
120.93205817937316,30.844676071601647,120.93330192181432,30.845752928404902,乐安里
121.12342534031775,31.09800456670253,121.12447276068858,31.098998632870888,新陆路新庙路
121.03469970578354,31.083041510758388,121.0357474944252,31.08394328920754,龙星路陈公浜村
120.86270433946716,30.848809643049723,120.86374946075809,30.84971135691591,安港桥
121.01464498391248,30.909158343877632,121.0159043189482,30.91082525578731,泾波路枫美路
121.0624551848752,31.069781974094266,121.0640448111555,31.07199302433599,沈太路塘湾村
120.82248305569061,30.94641084508954,120.82367884544844,30.947374054437816,汤家浜
120.9539230795528,30.87073102181703,120.95537702417361,30.87210307835771,金嘉大道黄山路
120.90887810023645,30.825937929037874,120.911860803487,30.82706187232024,明珠小区
120.94900925808919,30.912244799386915,120.95021914188067,30.913250300504785,派出所
120.96887646099434,31.006670923488986,120.97034793948103,31.007582676608592,西王东村
121.02100547067128,30.953138060913506,121.0223970327311,30.954446339224152,朱枫公路大浜村
121.01803966938509,31.114473748066825,121.0194995308266,31.115606251599853,绿洲路绿湖路
120.8008019255279,30.88961042523821,120.80186797394805,30.890656074486287,红旗新村
120.98030878467446,31.003614149577906,120.98154121720007,31.004543949547628,周家草
120.91382535822972,30.84042919507004,120.91495073978042,30.84146420491598,钱家汇
120.83730384568274,30.92250346744026,120.83852075647602,30.923608132578327,金家浜
120.84746037470555,31.036153480571826,120.84863092798923,31.03725271937718,乐购临时站
121.05879868482195,31.14219924148466,121.06020181531146,31.143311558034704,港周路山海桥村
121.02871287645752,31.106948914055938,121.02976092375201,31.107850685909966,复兴路浦祥路
120.88756831217759,30.93922711119522,120.88981538204949,30.940803132931407,西塘汽车站
120.92609141513907,30.845192917531133,120.92753948764233,30.846173282802933,解放三村
120.8470928736849,31.033906216522617,120.84833802753893,31.03488548288629,嘉乐城北门
120.87043295358626,30.883386875418395,120.87161263831842,30.885890724321033,长生小区
120.76728016775884,30.929763352329854,120.76835333255144,30.93085514758425,南汇路口
121.02881959316288,31.089837924564947,121.03001640872374,31.09075327461796,复兴路龙星村
120.93500179109117,30.86372873331771,120.93636451279791,30.86506186682193,三维公司
120.86837012337227,30.989967776318707,120.86986937611836,30.990898823707862,鸦鹊
121.04731483913632,30.951966943147777,121.04848726108453,30.952956056689736,南钱浜
120.82948401700988,30.947062659763635,120.83053018321964,30.947964340201835,鹊塘汇
121.00514224336177,30.96301436251665,121.0062266562448,30.964100237155595,环河路泾花村
120.90394777402359,30.842307997418114,120.90564922840981,30.843308003089653,第二高级中学
120.86549653999975,30.84853554220841,120.86654166022517,30.849437257757263,新开河西
120.80942950490117,30.871103650525633,120.81050849821278,30.872597249421748,欣杨村
121.04435804467714,31.130035211437235,121.04540635553093,31.1309369885287,淀山湖大道珠湖路
120.78795939173057,30.964284650225807,120.78918120845795,30.965304549694242,冯家浜
120.90773068753643,31.02866651519319,120.90989412241625,31.03098888560288,沪青平公路金湖路
120.94616584299183,30.913169639068443,120.94729855718585,30.914371160296596,姚庄中心学校东
120.87655485065541,30.822001312765167,120.8779598454029,30.823454084829603,城西归谷园
120.88844117427493,30.971917582176655,120.88986522322851,30.97377411657808,曹坟港
120.81547051529525,30.980643762926356,120.81669428610351,30.981714637090285,贺汇村
120.77291295988759,30.91996507702388,120.77400183771222,30.921404122850166,戴西港
120.83849385156165,31.01747628848648,120.8404233451919,31.018564112194277,318芦墟大桥东
120.96626775682057,31.052659248102337,120.96738143988668,31.05427025173616,任屯支路锦绣园
120.88279242203897,30.940012861850587,120.88508802975157,30.94158834241621,翠南村
120.88094701601271,30.961049160019943,120.88215388240228,30.96213223999038,曹坟头
120.87646320350179,31.08788418086715,120.87760399392882,31.088966419125967,北太阳湖花园
120.92759903743635,30.86881960355623,120.92896876848425,30.870377096608163,西项
120.95750851142381,30.91960547720467,120.95866338727667,30.92063282279252,兴业路
120.92238858528248,30.910344029996246,120.92343441493695,30.911245769969522,茜泾
120.92509034430009,31.009422536137976,120.92613725591973,31.010324263827744,董家浜
121.05410846016119,31.01568315860161,121.05560894067827,31.016874641166876,东三路陆家浜
120.91253655656581,31.181499871574566,120.91359084330932,31.182489928366014,干家甸
121.0490135454587,30.898708880282555,121.05023515637671,30.89963701887932,万枫公路环枫公路
120.85445338344661,31.050151496410976,120.85589921334113,31.051152903977254,康力电梯
121.00699157574046,30.92496358137145,121.00818062415885,30.925974218504223,中洪支路窖车浜
121.0279597228552,30.86945990964564,121.02906567790161,30.870669090205837,潮枫路新华村
120.98716791483022,30.91697720864948,120.98852758457642,30.91811129111314,清凉村
121.03241818078588,30.93499442977498,121.03375082042855,30.93612577020204,叶新公路林介路
121.08093729844653,30.902989693110673,121.08255039857872,30.904019007372405,万枫公路成毛公路
121.02147142774155,30.909809688349746,121.02268207387604,30.91088271166519,枫兰路泾荷路
120.96374549588204,30.912828220311532,120.96536000585218,30.913793280033353,斜路里
120.89540358510784,31.084563823762895,120.89644521391604,31.085549575889846,荡东
120.99305840137383,30.882616036351763,120.99435299659937,30.883556363792167,枫南村部
120.92555986955686,30.850988532540768,120.92677012890731,30.852483166875675,泗洲公园
121.07601334850568,31.04743654854768,121.07729804690523,31.048812551605092,沈太路杨家埭
121.0007108673058,31.011880958078265,121.00189793057282,31.012792141959736,练高路北叶港
120.91732645743177,31.031570581780354,120.91856424191894,31.032633318129285,金大路金南路
121.01613192785481,30.890650345111066,121.01760657258058,30.891805054594336,白牛路枫杰路
120.85861403943031,30.84907444427462,120.85965916079535,30.849976155691003,高田浜
121.05797858846269,30.985831745249417,121.05957361514955,30.986865255326446,老松蒸公路蒸东
120.96508306919071,31.04001189694985,120.96624873177488,31.04096900269836,龚都路莲龚路
120.95910840787059,30.92920138418673,120.96030359265683,30.930219615784473,钱家浜
121.04187569642167,30.88279639483373,121.04292130378495,30.883698205132358,枫冠路环枫东路
120.99794005670299,31.170667739457443,120.99963684733838,31.17173356127975,兴复村
120.90595173186233,30.999223354822096,120.90732657067562,31.00018304541022,荻沼
120.91789189026711,31.04377582528204,120.9190650118692,31.04468297467266,培爱路培育路
120.8394159742031,31.128917217472203,120.84078862620788,31.129825582594222,周庄小学
120.84851001749615,31.042946875881615,120.84996848326512,31.043868324256053,上湖名著花园
121.02489482984348,31.077816743654832,121.02612247146486,31.078782755754574,沈砖公路车路村
120.89249673918799,31.083822409563886,120.89446775983282,31.084798090575585,佰健势电梯
121.06566597948883,30.90142572818836,121.06688512230077,30.902356271002454,万枫公路长征村
120.9916906011247,31.055077367645712,120.9932290055404,31.056787832707357,莲谢路浦塘江桥
121.04606680185722,31.10132920896715,121.04711479835046,31.102230990998805,朱枫公路沪青平公路
120.81026342448811,30.85037000902381,120.81152257482758,30.851365490659603,胡家浜
120.83239102281563,30.906828876564198,120.83437934370367,30.90815294906166,西周浜
121.03787647124315,30.873689529863274,121.03953902906662,30.87459377023987,亭枫公路西厍浜
121.0437240379831,31.076748483979692,121.0464293677935,31.07800631784074,沈砖公路港圩村
120.85267509805261,31.092967610644486,120.85457419787934,31.0940915902046,许庄
121.07282938808855,31.078197523377654,121.07398301010032,31.07909907662016,张巷小港路沈砖公路
121.03644076658028,31.103754879953257,121.03754693620962,31.104805019881137,珠安路沙家埭路
120.87249944972505,30.973357099407032,120.87417025097682,30.97427900078246,丁家浜
120.96822913910364,31.0357809032282,120.96936026290423,31.036676096666714,莲龚路泥潭头北
120.91422467494534,31.121440591806284,120.91534132279033,31.12247880816321,商前路桥头港村
121.07037069006122,30.967045928647543,121.07161100812732,30.967971071437425,浦新路张家浜村
121.07068159126821,31.055327813295907,121.07182040799165,31.056620186301267,沈太路河家村
120.86436705874456,30.924566141508468,120.86555233982996,30.92547775852471,林家埭北
121.01499992764363,31.077961190604043,121.01607247184528,31.079086309267577,朱天路丁家路
120.94764437637158,30.93688562136586,120.9487998235269,30.937874178544767,长浜
120.9845027837701,30.934950365678926,120.98716671057599,30.936261835865427,清凉村
120.9789202200766,30.910513295647142,120.98011868175968,30.91158740436102,清凉新村
120.96077629127362,31.19035611283225,120.96337511429628,31.191591188881443,锦淀路环湖大道
120.85739748169767,31.13596335964982,120.85845891633383,31.137273440278754,高勇
121.0389909561844,31.113502842649883,121.04019754324257,31.114540257277763,沙淀中路沙淀南路
120.93401715783295,30.83478110586708,120.93576595225281,30.837919893350502,钱桥加油站
120.89683708374719,30.8214621672286,120.89796481750301,30.82276203261729,世纪大道环西南路
120.96491241589965,30.870821055454705,120.96619408451976,30.871861144169962,西潘浜
120.90072661052348,30.820057440022087,120.90195018557591,30.821328960067277,实验二小西校区
120.91680251875718,30.82672904958018,120.91794288070678,30.82800964995351,罗星派出所
120.84560301630266,31.128268700974438,120.8476536892116,31.130039201297464,大桥路云亭路
121.06223073247799,30.930176492671144,121.0632768677268,30.931078307294964,共青路新育路
120.97159307763863,31.073619727472128,120.97264072257674,31.07452147249364,G区红豆站
120.75367451253135,30.97959003871571,120.75472648932974,30.980819461239186,史北钢材市场
120.84009240731567,31.112698868171087,120.84114039291391,31.11360053179431,
120.95936284002406,30.908010701473636,120.96062856463836,30.90936319855744,姚庄路口
120.90117227571871,30.873005173953505,120.9026063236759,30.874180625708597,绿叶小学
121.0238310193877,30.995706284703317,121.02929004598998,30.999021605899618,沪苏湖铁路练塘首末站
120.80865131775647,30.99990905901268,120.8097577819387,31.001103240648824,将军桥
120.81734027661138,30.855510497248073,120.81849782124256,30.857015202429423,西木桥
121.00634825251603,31.17038935404973,121.0076331488092,31.171495545956997,复明
120.82402397672874,30.859320826741282,120.82517962496532,30.860713273078364,蒋家浜
121.0158319190884,30.89702165505058,121.0171796819696,30.89794784506885,泾蓉路枫阳路
121.03061548507168,31.006600993472553,121.03245291627661,31.007968606025017,练新路钟联村
120.83174932906007,30.983958980549463,120.8329198727537,30.985383119245032,民主村
121.01912916088642,31.146716119451227,121.0201776393244,31.147617880514645,研祥智谷
120.87417070649487,30.866962621684156,120.87524558543146,30.86939307816826,湾里
120.91072457968065,30.948833336031427,120.91177082054027,30.949735063934273,西塘
121.00916617457005,30.9026554830862,121.01043432608272,30.903676516490574,朱枫公路枫翠路
121.02452870315695,31.034431716972563,121.02563299448363,31.035880982873746,顾林路太北村
120.8272204896231,31.025512065918637,120.8282675106072,31.02641373404678,国风云樾
121.04036001343158,30.93492739887858,121.04140618677555,30.935829201087472,叶新公路查家浜路
120.96536799071269,30.97159534009526,120.9666531130088,30.97286255997307,华东桥
120.86623514385785,30.939443687068874,120.86797075774433,30.940589111321657,邗上村部
121.08208578114954,30.89483386891153,121.08732087208162,30.89826479370931,金山北站
120.85040314338804,31.030971616373126,120.85146975727719,31.032017183231694,华府壹区
120.95127855710273,30.95812705013517,120.95277784060985,30.95911345017541,浙北桃花岛
121.01438100028864,31.099375525169,121.01590858056204,31.1009498152792,东方绿舟站
121.04641293020458,31.081442848158787,121.04767527935857,31.084163851684924,朱枫公路荣德路
120.81613226483775,31.04325215164257,120.81720423633664,31.044422748316276,汾湖文体中心
120.80695160794463,30.896726610255513,120.80824159313266,30.89773428912851,东顺
120.99136727954465,31.162727778135217,120.9927181168381,31.16405102200037,度城村
120.9920709104667,31.15822296757327,120.99330738955412,31.15925563222334,神州数码电商园
120.88945947985694,30.818705964200404,120.89105172797697,30.820598136238765,红庙小区
121.02965315783297,31.1076759387876,121.03105224252072,31.108790960984894,浦祥路复兴路
120.89761958910607,30.837466932055293,120.89866461111538,30.838368667910473,种子公司
120.9347864461978,30.844200022526774,120.93634871476117,30.845484920478455,魏塘卫生院
121.07189946526881,30.978834447946866,121.07302193133309,30.979973452011784,蒸浦路白塘湾村
120.91499721392425,30.825890501146038,120.91678169037145,30.826984899724952,汇金大厦
120.88766190285334,30.953163259160352,120.8888233005075,30.954310640742868,高家浜
120.87077887771781,31.089928933748958,120.87282502015265,31.090970066690595,华字村
120.90212202816716,30.831889984994984,120.90322096887525,30.832971314943435,农业农村局
120.83752058811278,30.916684050437883,120.83857771025673,30.91793634949565,三发村
120.89859467936185,30.900503434887504,120.90001063217697,30.903658264865708,庄驰路口
121.03008150873475,30.963014404616935,121.03140168972307,30.963952995508187,东团路东厍村
121.09642450149157,31.077373729523924,121.09764569844889,31.07840107030891,天淀路沈砖公路
120.86754841503227,30.853012041916617,120.86859358519247,30.853913758049035,董福桥
120.85482840633428,30.921960303961608,120.85603029327967,30.92298999594356,方家浜
120.93163429988431,30.854038847499183,120.93294260151758,30.85516645251008,丁香花园
120.8805568243743,30.983178903458136,120.88174477529317,30.984160296401086,燕坝
121.10782004084201,30.964569092005625,121.1089952585749,30.96558590794515,洙桥村
120.80145144062949,30.896145115353487,120.8030746584306,30.897100484762646,少年路口
120.97803551572704,31.06628972516074,120.97908308448758,31.067191474805053,山深支路山深村
120.91302287108601,30.84205352317889,120.9142874316907,30.842991376911197,嘉善一中
120.9061256233965,30.817717554373253,120.90723058968008,30.82102424546541,四季江南
120.90378366389896,30.83663315862092,120.90487993309019,30.837716841312492,子胥苑
121.01983052635426,30.936365489445574,121.02182577352224,30.937294510466764,叶新公路朱枫公路
120.85535672520489,30.888760948001988,120.85640227502141,30.88966265196363,五眼桥
121.12428335680697,31.03293485872964,121.12657324698978,31.034045342373766,平原公路中德路
120.84992512458001,30.946852832995614,120.8512489766983,30.94786136624931,金河村
120.78582767913359,30.960819041330325,120.78710191887859,30.96197595869595,圩水桥
120.93720857885475,31.002363532188454,120.93825542136373,31.00326526777728,娄门头
120.76652891550229,30.968328273116118,120.77015607836421,30.969747628700592,翔胜村
120.80469883769922,30.92810833208936,120.80624416538724,30.929476068025615,董家村
120.77831437453212,30.96488971050855,120.77952512569975,30.965901289271972,创业河桥
121.02581444219567,31.139472168205444,121.02701335742844,31.140456731630945,复兴路张家厍
120.71349272788405,30.992270332379046,120.71465633638718,30.993238392563104,黎里旅游集散中心
120.80985797173109,30.867965345373953,120.81091952752207,30.868998054262885,茶叶湾
120.84420427101563,30.89980438586992,120.84542022916804,30.9008211139141,薛家宅基
121.0950160149674,31.063940618398647,121.09610108538276,31.064869781521672,蔚沃路建新村
120.95605092942712,31.073416779349447,120.95776719071006,31.07586754990978,练西公路张联
121.00914305183854,31.109037200117818,121.01041725043001,31.110187699933498,绿湖路淀浦路
120.94347548497274,30.84692974036844,120.94540221810931,30.848473259460818,平黎公路环北东路
120.90217466622988,30.907862668299064,120.90342453397632,30.90889683143164,范泾大道
120.94768732534024,30.92952327117957,120.94877837316581,30.930824928673786,武殿浜
120.89705523588981,31.002693021327616,120.89828846254782,31.004216378001733,钟葫村
120.9212987168209,31.069490141422126,120.92234628339976,31.070391858543537,沪青平公路西张港
120.83660610092224,30.911080659808214,120.83772039756808,30.911972839783065,街心公园
120.91723148581502,30.978750672449856,120.91846871062153,30.97999512763931,沈思浜
120.8377991668124,30.892962871046418,120.83906343337134,30.89400612866744,南龙小区
121.04385701749327,31.013404382604836,121.04526178357764,31.01456511730188,练新东路练东村
120.84106014144787,30.88362973762284,120.84239936029559,30.884793862410465,蒋湾里
120.82091798047061,30.911185665294532,120.82222031954863,30.912257134404076,马塔塘
121.07552043060511,30.977390193287235,121.0767019675896,30.978462706726738,贞溪南路浦汇村
120.91407131625607,30.843158532390692,120.9152238829823,30.844481767133434,中医院
120.86309597562187,30.860559743752756,120.86414122460342,30.86146145621289,秀北
121.04627313564431,31.131568911028555,121.04732146456354,31.132470688937378,淀山湖大道东圩河路
121.02757808587138,31.00560210397894,121.02896191502461,31.006525996142454,练新路练高路
120.89461180619425,30.81880694085482,120.89588489846183,30.820165359186866,环西南路世纪大道
120.90437843321452,30.904020845209644,120.90558066858488,30.905095854801708,宝龙木业
120.82141446898446,30.916275543483955,120.8226805362974,30.917702556531303,河泥潮
120.97263610016388,30.887383185395883,120.97407010557033,30.889619414128155,虹桥村西
120.95337132810208,30.92300311794624,120.95444017274018,30.92405308152656,桃园五邨
121.03354873902362,31.131681414474826,121.0345970611856,31.132583185491058,西洋淀东路邱家港路
120.87609283382541,30.941948375474652,120.87826766982258,30.943042025550085,晚圩村
120.91474342967273,31.067544143167584,120.91579097054861,31.068445856798053,金商公路沪青平公路
121.05194178968144,30.920252694734955,121.0529878105244,30.921154505231122,赵王路林赵路
120.85768050858502,31.111363862861854,120.85872849164271,31.112265537103593,陈新支路南新渡口
121.05415403863182,30.890085618057128,121.05534616283668,30.89113838194879,王圩公路环东二路
121.0398713645295,31.103743301909308,121.04102043737588,31.104777498049852,沙家埭路珠杨路
120.95235892429807,30.981694362088582,120.95363647652417,30.982773737873526,洪家村
121.0402502157443,31.120303336438884,121.0422561893765,31.121466864772838,张家圩路珠溪路
120.93508918661594,30.84994948923886,120.93637561449329,30.85104911075032,老年公寓
121.08083152335296,30.99281302138139,121.08198557514831,30.993716878621868,芦周路松蒸公路
120.97785594089427,31.028902244371395,120.97892455444345,31.03069915552441,莲钱路钱盛村北
121.11386542969532,30.987258871824487,121.11541613149849,30.988903010660703,石湖荡
120.82346777351236,30.854298165877598,120.82455022603382,30.85545513392828,宏杨村部
120.84113036153099,31.04803996333971,120.84217763869802,31.048941636625756,汾湖
120.87250905058441,31.167514105250348,120.87386835491085,31.169636194409904,金村
121.05832938622825,31.00149142425833,121.05938641308767,31.002511975451743,章练塘路蒸夏路
120.93836692533937,30.85370229220218,120.93960477925015,30.855032407787288,嘉辰花苑东
121.10956918515284,31.034834861547466,121.11075721581226,31.035801938064544,玉昆路西泾港公路
120.85325206158132,31.03670348784751,120.85484473516183,31.037739112665967,明丰环湖花园
120.8407568868456,30.8547170303603,120.84198770836663,30.856090969760828,北珠浜
121.07812808125233,30.98775230664868,121.07926562114393,30.988805393269647,招呼站
120.8409662625182,31.026828640472818,120.84218783907733,31.0279064595471,临沪东路路口
121.03726897597602,30.889873388254394,121.0387411246149,30.89098921099949,枫冠路钱明东路
120.9747293067157,30.88483821341438,120.97577489349803,30.88573998655154,虹桥
121.08164371441083,31.002606798325285,121.08406758847202,31.00366580260159,章练塘路幸福村
121.02295056255299,30.902434986437335,121.02462544432147,30.905033912648285,白牛路长城逸府
120.8483316737512,30.920691405439644,120.84950842455372,30.92175589457305,陈家浜
120.92701594015702,31.11756557523156,120.92913356539934,31.118766026165314,商蔡路王家浜村
121.03771947769748,30.886343238569626,121.04035393152289,30.887756402646577,枫冠路王圩公路
120.81146785909053,30.891697043228877,120.81261954187033,30.89300025651048,天凝卫生院
121.04220760118746,31.04689937857342,121.04339139854434,31.04791112133437,老朱枫公路朱枫公路
120.83464086717696,31.00517873894796,120.835738835586,31.006220560869064,东沿头
121.04950935185387,30.88251334137646,121.05131124816609,30.883429958516587,枫展路环东二路
120.9013149994021,31.020439917515745,120.90254535031212,31.02137960813611,新杨路沪青平公路西
120.97730002364294,30.966670512911275,120.97845057644601,30.967904986390284,荡滩
120.95241900615308,31.0543615763318,120.95395469614267,31.055339124035044,莲田路田山村
120.9590619209381,30.903154358415367,120.96036888506158,30.904696541657543,华盛木业
120.90833416782763,30.846061427824907,120.90952003126941,30.847448771575806,丝绸路
120.9228097299242,30.83511639549799,120.92408066819068,30.836730103735725,办证中心
120.9319001235611,30.831304996828507,120.93300677602497,30.83251300284969,高级中学
120.84534874485264,31.048959982378715,120.84655564730059,31.051427617322695,莘塔宾馆
