min_x,min_y,max_x,max_y,name
117.17008490200402,36.128813127759834,117.17123099840639,36.12989647186844,北许家埠
117.11174366827336,36.13534414692749,117.11317782554387,36.13740295243195,龙潭路北天门大街路口
116.97376027979521,36.146716017297095,116.97517262155073,36.147643882816126,鸡鸣返村
117.01899195856318,36.1515862719303,117.0201798448085,36.15264442797022,泰山奇石城
117.17293069822702,36.304181852251034,117.17430750234153,36.305215247326714,虹湾桥
117.19593600787903,36.23061329100043,117.19725119278147,36.2316630088955,规划一路东段
117.25794266379218,36.27042373275102,117.259119640555,36.27153626709768,春阳沟
116.91380097724043,36.171454486520766,116.91512992019766,36.17258321351704,赵家庄
117.09226891798399,36.12000213419592,117.09384718551748,36.120992466242704,海普凤栖湾北门
117.10928979541248,36.188842562671326,117.11088310656777,36.19009433713538,青少年宫
117.16324787767597,36.155994433454225,117.16442903960927,36.159368866314175,万官大街泮河大街路口
117.01351405317094,36.14946077116683,117.01464594752385,36.150556328740606,卧牛石
117.14715441964087,36.19214801507313,117.14877048279114,36.193434484785016,花园小区
117.15362490285378,36.20222247016393,117.15498149928288,36.20335132984906,凤台村委
117.11491038595298,36.17941570804543,117.1160701151618,36.18061769178493,九州家园
117.0600723795416,36.16768474950987,117.06191662034364,36.168926149380795,小堰堤
117.20055525187522,36.217813033635615,117.20193114659318,36.21933346532714,博阳路发展大街路口
116.99600675983508,36.17056578207897,116.99741054031101,36.17164231762224,振华路路口
117.04282459846634,36.174714177950655,117.04453440117388,36.175628422089176,天平湖路灵山大街路口
117.18457671033322,36.09454598988869,117.18569898911808,36.09556510987221,北店子村东站
116.9293159804485,36.184852760629326,116.93058901850705,36.18588843933555,朱家峪村
117.18914393024927,36.13871229668071,117.19088437641048,36.14032970364371,泰职东方驾校
117.13490790458688,36.16113579466159,117.13620389133018,36.16232020537586,宁家结庄西站
117.06040452983534,36.21183899767919,117.06262047252028,36.212846202874736,高王寺
117.14919462477896,36.21807346257306,117.15043177697603,36.21900163686649,白马石村
117.06938842268497,36.0663517729825,117.07060357339557,36.067467826946704,满庄二中
117.13294898414419,36.20153732401246,117.13454721729359,36.20276387568368,山东科技大学东院
117.10300908797252,36.14678638247679,117.10465230533393,36.14835761786085,惠普家园东区
117.20123474207286,36.23186288435857,117.20264635937437,36.232869014878716,博阳路碧霞大街路口
117.18489432982278,36.23293783317216,117.18630406933292,36.23404416665856,方特欢乐世界南站
116.96534241249128,36.330218741620016,116.96658798668622,36.33122825834203,峪口
116.94268376211693,36.210791869772244,116.94409964100088,36.211743130455524,耿家庄村
117.19256693688068,36.156797871811214,117.1940005569137,36.158223328395835,羊西新村
117.1238591126857,36.199366597628924,117.12518618098045,36.20134610200918,岱宗坊
117.21550356710213,36.16562571850601,117.21661543287037,36.16652728145995,泰安东
117.14616847945396,36.28092944536485,117.14871300467019,36.283646055801924,泰山陵园
117.07016128263484,36.169175338659606,117.07132201765633,36.170291560909234,堰北
117.04081083783878,36.21846852893744,117.04209575868364,36.21960847108976,常家庄小区
117.11350157718459,36.18297668355972,117.11465462234193,36.18407121599494,校场街南段
117.03499605101076,36.198414167718866,117.03635954728703,36.199939231326084,泰安市水利局
117.16206473336928,36.20983553128826,117.16321426722119,36.210972568536675,恒基·都市森林北门
117.15662716261747,36.19965844950933,117.15814563919957,36.200681849388154,凤台市场
117.07597593600156,36.15209344111049,117.0772473619461,36.153019758132146,大白峪社区西门
117.00200674405266,36.13747374788115,117.00332765303054,36.13840135221685,梨园村
117.04921859955643,36.184816208773,117.05187146962149,36.18624932920143,岱岳花园西站
117.23340553471607,36.29809395222422,117.23477626553027,36.29913764744539,大岭子村
117.05197900061327,36.16562024749643,117.05590159978628,36.16761914781336,泮河公园
117.09504800410153,36.11264719037924,117.09664899930478,36.113980309639544,嘉和新城东门北站
117.0921106312473,36.18293296477149,117.0935016716562,36.18411843528709,荣军医院
117.0443251512711,36.06145111820696,117.04551494859926,36.06264218130107,南淳于村
117.16913497960904,36.18566886531214,117.17057691865755,36.18683013461689,上高供电所
117.0347703048961,36.267917927561854,117.03587049804484,36.26886707217442,后寨门
117.01932012652227,36.220902147710355,117.02120216952312,36.222398052125406,董家庄街西段
117.20185396394471,36.247330477450305,117.20298743667055,36.24837602221194,桲椤峪
117.1256918527535,36.18503940228797,117.1269180477387,36.18600699753483,春晓幼儿园
117.11155997780722,36.09734048569925,117.11297251600504,36.09938291371964,蒙牛乳业东门
116.95993059667094,36.240036961446016,116.96104560249991,36.24102883829188,和顺村
117.04629290521417,36.078651430318324,117.04753819016655,36.07983936964617,钢材市场西段
116.94989375277214,36.33106006310611,116.95113495015458,36.33196423686232,北纸坊
117.18526194456767,36.30993891874606,117.1864299547921,36.311050180643356,北麻塔村
117.16710215983584,36.19971547506575,117.16857844096944,36.20077852426972,泰明路
117.20662566002683,36.30173355786121,117.2080245372404,36.30291244218722,宋家庄
117.03152202958212,36.198975402016174,117.03303016628553,36.19996459839962,印象泰山
117.08668541301267,36.34551686946694,117.08795668826761,36.346429130558896,药乡国家森林公园
116.96976861592711,36.231047626717576,116.97101568443982,36.23202927309946,房庄村
117.13914723255989,36.18464664696868,117.1404805691056,36.185613852326895,五马街
117.15528452108067,36.18016818995178,117.15668538010706,36.18128550993415,訾家灌庄
117.1115457937253,36.10471131173668,117.11299046738293,36.10778950553286,泰开电器
117.02128111281407,36.369869526393146,117.02263958999414,36.371025573658585,高家庄
116.96890127620952,36.11967759613324,116.97005372355699,36.12078130350527,王士店
117.01821125723818,36.19866231596179,117.02060773940099,36.199721384885464,石敢当街马家园路路口
117.26280191929565,36.26290566127115,117.26394847881812,36.264149738637904,北庄
117.0591968864815,36.146744379760705,117.06286180743238,36.147992422145116,恒大城
116.8959811452609,36.22480112023666,116.8972977547478,36.2257026797293,李马村南站
117.03769217142111,36.16162808873626,117.04188843898383,36.16315101461821,六郎坟
117.17458962175607,36.33167733929368,117.17597187643702,36.33280556068523,木口峪村
116.85579639465203,36.16412351694409,116.85723620710154,36.16512508211154,二起楼
117.16765342829417,36.178186115254256,117.16898196799785,36.1793705848114,天烛峰路南段
117.04294442062813,36.18361370293028,117.04436293297141,36.185577613668094,粥店桥
117.07282685562926,36.13272898019938,117.07407184457824,36.134000319022654,市委党校新校区
117.08771957074448,36.32536876257205,117.08891943318162,36.32646713732805,牛山口
117.01180470499514,36.18524675598086,117.01317959548213,36.18628454361768,西黄村立交桥
117.24612730096524,36.24580822553434,117.2472402990033,36.246709774431565,西碾疃
116.91274837286089,36.35529446605743,116.91423781080867,36.35865143345308,义灵关
117.03221655661862,36.18453911152634,117.03375444235911,36.18561528762089,岱岳区财政局
117.11176501326078,36.12921994308462,117.11316719015144,36.130951956089504,妇幼保健院
117.0890517678443,36.17059545036345,117.09025872951864,36.17202404941463,泮河大街迎胜路立交
117.19777568506875,36.20503319399828,117.19890641421978,36.20607270563684,擂鼓石北街博阳路路口
116.95965557310149,36.380672536148715,116.96077082806323,36.38166916341803,小寺
117.1675613822491,36.1624830935928,117.16980891699708,36.16382920434617,上高村
117.15031704070309,36.25841051735679,117.15149806190604,36.25942298256422,艾洼村委
117.13583055777022,36.09568411129729,117.13694144221247,36.0965856886687,泰开成套电气公司
117.20128717837453,36.19699064883207,117.20243572203614,36.19807705078576,省庄镇政府
117.23215295963978,36.195662795935995,117.23344314271819,36.196755504085765,柳杭村
117.0603155947928,36.19271130709097,117.06145350625178,36.193760992315184,五环小区附设站
117.09493022687639,36.10940252515017,117.09639117195545,36.11033097496828,嘉和新城东门
117.24301410111461,36.16923412925336,117.24427169943314,36.170246770677046,咏荷大街路口
117.1062706870403,36.189928176676084,117.10762931181623,36.19101912324604,市委党校老校区
117.03748802615407,36.196486738709226,117.03909917200264,36.197738961055336,天平湖南门
117.01936447757059,36.16348390990376,117.02049532509213,36.16445248992438,御府苑小区南门
117.09776722019775,36.10575922257943,117.09916808062036,36.10679297687987,泰安市中心医院高新区院区
117.25605970644715,36.17248810487794,117.2573815983626,36.17374079519725,徐家庄北站
117.04538876155766,36.15171061438723,117.04650043843648,36.15261218557873,万官大街岔河路路口
117.14249235707769,36.0801703658898,117.14369614556338,36.08160023388745,瑞福园大酒店
117.085204130981,36.10570074828486,117.08991529290768,36.10686661232437,山东煤机集团
116.95258434040664,36.1954892196356,116.95421236079459,36.19658817928486,北大圈
117.12849009666766,36.161125554845405,117.12982480732587,36.16233264523193,灌庄立交桥
116.9952673452347,36.201441286529516,116.99679005847992,36.20331441224611,泰安西高速服务区
116.98155930354248,36.18894373272331,116.98271039725029,36.19002356671027,石棚山街圣康东路路口
117.08626017917068,36.11576773912053,117.08757332339708,36.116886660914254,泰安一中新校区东门
117.07411851161137,36.15594268454428,117.07610489927411,36.15872991851163,堰东社区
116.99902526693593,36.2197153508568,117.000496832243,36.22077654847716,桃花源路大辛庄路路口
116.94827738070991,36.384848454660265,116.9494843176009,36.38584994531559,宋家庄村
117.08010639194887,36.20340706437793,117.08184861154459,36.20442073619657,市人大市政协北门
117.11076900071062,36.13886769051926,117.1120870947416,36.14063350905739,交运汽车园
117.06292160693702,36.36346420561464,117.06417446059163,36.364510000883854,石庙岭
117.06427002035943,36.154316932409834,117.06578707222688,36.15658736679946,泰安新体育中心
117.07615419625985,36.19618798967045,117.07867770234431,36.197769508500144,乐园小区
117.12997239501892,36.16888552538672,117.13110520114958,36.17035617453184,施家结庄南段
117.12078481905691,36.18319819894323,117.12209678384555,36.18433030109952,南湖公园
117.06686760587301,36.134341097979885,117.06822669075905,36.13552930209601,泰山康复中心
117.06612985601213,36.20832281938773,117.06834773759243,36.210123280525835,王家庄
117.1021989346244,36.100038605573616,117.10346426405387,36.10107789441105,龙泉路中段
117.15523958769327,36.12103044882969,117.15735930440573,36.12290365145579,赵庄
117.2694632959201,36.13351181788934,117.27057470404561,36.134413382076595,杜家庄村
117.06822513847118,36.12725536095083,117.0695486553345,36.12862273912529,山东力明科技职业学院
117.09818312459903,36.17095366667659,117.09993497528419,36.17217243245491,王庄小区
117.1473398893331,36.25981436603265,117.14846700699074,36.260835033719715,艾洼
116.99367753045162,36.186897966656645,116.99734456936079,36.188765928921235,澎湖湾小区
117.16524038157812,36.24104289301143,117.1666020193777,36.24196120704688,下梨园村
117.09411245290498,36.177809114131975,117.09566674553555,36.17902008565112,肿瘤医院
117.0065160930649,36.26759579008002,117.00769370859203,36.26857290987411,马套
117.11844958307489,36.20264060464676,117.11962011542217,36.20360849530629,泰安日报社
117.12281299605644,36.18554309783248,117.12407580081519,36.18664850217411,洼子街
117.2718389246501,36.14951611873052,117.2729627763114,36.15053998083974,泰山国际花木城
117.0824188023044,36.17438465896643,117.08373009410285,36.17555094108499,金融商务区东门
117.10708717552197,36.38936256882283,117.10843312756585,36.390523331237056,李家
117.11510761624454,36.12421362314077,117.11625658422072,36.12530147644515,高新区一中
117.07591661366175,36.114242656752225,117.07706808947114,36.11565244314896,南天门大街凤天路路口
117.09336452227475,36.137156707514585,117.09462057894463,36.13852059190509,泰山集团
117.1840179269794,36.210726652010855,117.18547457278595,36.21181064751236,东乔庄
116.95183869260133,36.24640578944568,116.95303890728842,36.24737111048763,莲花池
117.05933723802586,36.077667779323136,117.06077416058015,36.078813520560864,钢网大厦
117.10593301942934,36.14799304214987,117.10729667939329,36.14899625725763,惠普家园
117.09700557985596,36.09575780047233,117.09902581546001,36.09684570050431,水泉社区北站
117.00348040092243,36.07886887231241,117.0046085998729,36.079905927292145,老虎官庄路口
117.00911235247881,36.19284670644158,117.01478492788162,36.19673675246688,和平社区
117.09597416728384,36.08079434552188,117.09763513101764,36.081875953148035,泰邦生物科技园
117.11567328869504,36.059743515471915,117.11734841021075,36.06068098470027,摩玛梦想城
117.12621671169768,36.08767702825468,117.12835389321921,36.088787972836165,青年汽车
117.12957908616309,36.182641207531304,117.13101841108333,36.18384809250836,市口腔医院
117.16471258550439,36.20644575216891,117.16606890880006,36.20837504737514,泰山区疾病防控中心
116.9003282350049,36.21899929023383,116.9016464613979,36.220170509824115,东南场
117.09882080290781,36.188651427790404,117.1012946486327,36.191028562688764,公交公司
117.09988022297017,36.058509593031424,117.10134657592886,36.059657706774175,胜利水库附设站
117.1616690432719,36.18744732688289,117.16337925756378,36.18859547202436,交警支队
116.95812607148319,36.107739911043055,116.95923712852208,36.10864148892296,夏张镇停车场
116.97036661565556,36.22673750171884,116.97159248709548,36.22779509825448,道朗东孙村
117.12088953072849,36.09743657396492,117.12235677026916,36.098487225320994,龙腾路中天门大街路口
116.88122184886905,36.233004226912634,116.88246154718104,36.23413787305568,柳沟东
117.01083452730064,36.170888818749816,117.01256186887301,36.17191028186296,京润华庭
117.00815250227151,36.147090368754206,117.00931219628553,36.148048131192496,卧牛石停车场
117.08206232029619,36.188238527759836,117.08342788649807,36.18968187238471,泰安文化艺术中心
117.02738303927278,36.155987808264555,117.02935046347135,36.156997692302255,泰山国际汽车城
117.0647511090092,36.0668917632899,117.06601408824783,36.06798163672079,满庄中心小学
117.08718692837736,36.13565730856337,117.08865547240251,36.136719390789665,医科大北门
117.04169531809059,36.15786541482917,117.04280708190402,36.15876698513683,堰堤北街六郎街路口
116.97139902323991,36.19681027766736,116.97498464622254,36.19818226832002,起驾店北站
117.15393199884275,36.18221354777145,117.15515179774759,36.18329935217551,唐訾路灵山大街路口
116.90169160456368,36.36116283749849,116.90291959718493,36.36208846196217,石都庄村
117.14349496970597,36.18912108893561,117.14525773324216,36.19012111156803,泰安市中医医院厚德楼
117.02998397717431,36.15179647573474,117.03124502211897,36.15277532398736,送驾庄
117.22950305707919,36.24204424941109,117.23310504246817,36.242967350728385,凤凰山社区
117.07059106989512,36.16341155316582,117.07207512754503,36.16463524683144,堰西社区
116.93559937849538,36.13827848718961,116.9369174196186,36.13937281281591,车家上章
117.01713061773452,36.18690962612215,117.01857038466414,36.188100473881924,西黄村
117.14507603472016,36.12318896141331,117.14648216586134,36.12428533836775,蓝天包装
117.17041788119637,36.19729808221163,117.17185551759967,36.198434117645796,泰莱路路口
117.14401447003095,36.16393604070341,117.14536053190491,36.16505055929831,宁家结庄东路口
117.12590258940601,36.19071671904985,117.12779900534377,36.19180938193104,岱庙
117.11690769594644,36.177327868330266,117.11805330415876,36.178418831397394,旧镇
117.09811607018403,36.114734705592305,117.09939852704656,36.11583959443173,南天门大街长城路立交
117.03350370932196,36.18741151701563,117.0346158906737,36.18831308295034,岱岳区区委区政府广场西站
117.0135436319519,36.229782900056996,117.01470756602335,36.23107839981083,煤田地质五队
117.20078702206249,36.22412369825233,117.2022974712099,36.22562940203369,兴隆庄
117.14177260304805,36.205278915878964,117.14294339748832,36.2064004835336,岱道庵
117.12928047448382,36.1909598767561,117.13082352585403,36.19207272260251,泰山区区委区政府
117.12350723924158,36.15156702672158,117.1248566571679,36.152760073356035,王家店村委
117.19067461576525,36.19930297455895,117.19293968053765,36.200368526333534,桑家疃小区
117.06888496487366,36.15127311454091,117.06999663511752,36.152174685425074,豆瓣乐园
116.90883751530676,36.13979810733308,116.90993308172283,36.14074719239552,陈家园
117.13663096123123,36.17636085926328,117.13801333911448,36.17740694035954,迎春小区
116.95769397817892,36.191794113937696,116.9591195225818,36.19271258612446,泰建机械厂
117.07203021316327,36.05676356900697,117.07325108400623,36.057823730960585,曹家寨
117.13382241694903,36.191307023150586,117.13608777772853,36.19244417810542,市农业银行
117.15928615937591,36.20212657022223,117.16069814076346,36.203194029405786,凤台小学
117.09706697080034,36.20644884907495,117.1010788168052,36.20808525485873,天外村
117.10081534150314,36.377219879268054,117.10262965494759,36.378241721364326,柏树崖
117.10729650951235,36.087685643033836,117.10886759033353,36.088835656411895,华鲁集团
117.06686774871984,36.16152077811365,117.06818095007667,36.16243762193792,泰安老街
117.16466094119708,36.20170420837651,117.16594495543416,36.203302591222574,颐和院子
117.15130627079901,36.18404299798601,117.15269212922341,36.1851037017081,泰安六中南门
117.15299194514843,36.07297214890836,117.15429475495999,36.07399875091733,山东乙酉苗木有限公司
117.13446599813417,36.1994400852388,117.13587709664522,36.20136651411783,二中
117.11001076953328,36.08765963106249,117.11437962490608,36.08889207078338,一天门大街龙潭路路口
117.1347887630202,36.35880601730329,117.13588853559433,36.359768882275034,黄巢南
116.87899091708532,36.32970190675682,116.88015958477602,36.33098449309816,东夏峪
117.08587280312098,36.11877270828208,117.08757559766788,36.12138309409539,凤凰小区
117.15610918015035,36.07237629172159,117.15736271757663,36.073439008282044,季家庄
117.10776309377937,36.240214568204465,117.10888260879163,36.241492831731804,中天门
117.11690260911976,36.17201701768239,117.1181199889189,36.17303828229799,旧镇社区
116.86135276882817,36.32733371515326,116.86272513425713,36.328512284913934,史庄
116.91054273526636,36.20303290929995,116.91200986287261,36.204036489671324,玄庄村
117.12229305971611,36.19797759438755,117.123609443465,36.19912610566304,林校操场
117.08564541664272,36.156422754126226,117.08735918402411,36.15758274482705,玻纤路西段
117.1419911541694,36.19913747755139,117.14315664647309,36.20024612185152,公积金管理中心
117.09733216966893,36.19836884942572,117.09862952914915,36.199423950539924,阳光花园小区
117.20138580366805,36.23613648328182,117.20272329604839,36.237184516539635,贝家庄村
117.15353990824099,36.189564850055625,117.15478759181056,36.19055844982632,唐訾路口
117.17418380695645,36.10506386569832,117.17636428417529,36.107037534691784,泮河
117.09937915928909,36.126544830093124,117.10073183922971,36.12764566986954,华新时代广场
116.94288917316601,36.111311564630796,116.94403372944095,36.11229203522777,朱家庄村
117.23145572707922,36.18705615672357,117.23268127173738,36.18800374292772,东国苗木基地
117.11721059387486,36.15449175711924,117.11854690512813,36.15549224239463,田园大街
116.96989772230204,36.215055298886014,116.97103688093279,36.21606030092257,李家庄
117.12394843354457,36.15741103554726,117.12511015998291,36.15926896433331,田园小区
117.15881449127599,36.29976378015124,117.1604778063335,36.30073632021497,栗杭村
117.15021878728638,36.191092713706134,117.15153451299285,36.192110886034456,花园小区东门
117.10678422138714,36.068502849027595,117.10817017788314,36.06959445080823,花海
117.14679416086244,36.17626160624352,117.14833684136627,36.17726809243742,惠丰园
116.94752706441064,36.35531694865454,116.94890423685908,36.35642135126786,榆行
117.1157680090424,36.193449624429554,117.11757029110139,36.19469067461182,清真寺小区
117.1839498973505,36.234882073810894,117.18825027492808,36.237533690372814,方特欢乐世界
117.07445393938474,36.044274096497645,117.07589675931608,36.04530130272172,工业园管委会
117.03111419529031,36.21640052780148,117.032422803972,36.21778387126008,常家庄
117.09799474047132,36.06385457021922,117.0992758577029,36.06479622909819,天颐湖附设站
116.97466515103058,36.33290852866928,116.9759843499482,36.33390157088726,贾庄
116.97959074568807,36.18724223796544,116.98086495207842,36.188317762047745,扁鹊中医药
117.0569525296458,36.185736801095736,117.05847307025884,36.18686229841597,粥店办事处
116.9115536919492,36.37188161292487,116.91282281184525,36.37302398707984,靳庄新村
117.10982413744455,36.12421400322779,117.11113836412498,36.12529459675814,蓝海华威精品酒店
117.263626587994,36.20439887949495,117.26541451537216,36.20581962032973,后燕庄
117.03581034984312,36.16680212731691,117.03711835272094,36.16791617271588,英雄山中学
117.05013846890908,36.33389694669575,117.05142823259919,36.33481235334713,拔山
117.15012886156863,36.18275059739086,117.15140723511922,36.183877202629716,花园公寓
117.03524719267126,36.175619116134094,117.03635920732421,36.17652068383189,悦蓝山东门
117.21679051530333,36.09059956214617,117.21824448322482,36.09162223698687,曹庄
117.00184243265707,36.05132836735556,117.00300626796853,36.0524388320489,孙家安阜村
117.16982655787162,36.19635496787501,117.17099854382849,36.19732953207423,天烛峰路路口
117.16826216373504,36.181595938723554,117.1697170397648,36.182561761577595,安居上上城
117.05659031342755,36.196718000001084,117.05809238695728,36.19784969960676,京沪铁路立交桥
117.20955258526608,36.251430125927484,117.21072491191268,36.252312073916876,大河峪村
117.29334496109075,36.25959428014251,117.29463864156745,36.26070121988675,泉林村
117.15032462959219,36.19444884665531,117.15169157425778,36.195668553439674,志高东门
117.13381115865818,36.064965270262945,117.13495364280311,36.06616592963525,利兴街中段
117.13504692045804,36.18869110397508,117.13641628146814,36.189657095149315,东湖小区
116.94364207133366,36.2019124665515,116.94512342508902,36.20318743354402,康家庄
117.19654570225649,36.179417674783316,117.19788329397377,36.18111592468017,博阳路前指路路口
117.10265041120074,36.189001548525404,117.1044215880257,36.19026465075894,泰山火车站
117.024124002409,36.217069963349246,117.02576189219343,36.21854233687603,董家庄小区
117.02674674962103,36.1693484767358,117.03231443522445,36.17397898440297,高铁泰安站
117.25218935955299,36.20040772140833,117.25368273781652,36.20136547886707,侯家店
117.05920724719692,36.20547017265486,117.06054085137055,36.206556627313546,枣行
117.09785654405725,36.1798484555521,117.09927985525809,36.18076524450183,三里村
117.02417092640096,36.34803035300205,117.02539307464413,36.34897954670338,侯庄
116.98387853041774,36.13053587683947,116.98500996972146,36.13158792296999,泰东路测速点
117.06715244897461,36.15998139535399,117.0695913479369,36.16102970543932,泰山文旅健身中心
117.095215726629,36.12076531226116,117.09674847369335,36.12167668775675,五矿购物中心
117.09293036691642,36.19681012189013,117.09419262885933,36.19797867810305,科山路
116.87216612017879,36.30014951468802,116.87344797966608,36.30105358529055,西候
117.01927183427954,36.34781753887631,117.02055576273735,36.3487343611619,九曲
117.1593903883813,36.2483479616404,117.16106060998618,36.24961453800842,东御道
116.98000973922089,36.18317271664186,116.98112186078158,36.184074283324115,池子崖停车场
117.04381272505842,36.38991007629312,117.04530847508825,36.39081582369533,出泉沟北
117.14042882032902,36.19717321218409,117.14214138373364,36.19819968844727,彩虹花园
117.08796224363061,36.14726740115039,117.08975775451556,36.14860209836565,万官大街长城路立交
117.1417626219318,36.08478959923502,117.1429211813888,36.08623480065522,格子村
117.18461447198739,36.21892919582606,117.18594552933729,36.21991170360024,东城村委
117.26274186159074,36.19187557685638,117.26458793576818,36.192871423646515,前燕家庄
117.2682144323331,36.166333448827196,117.26945526747046,36.16732605108411,温辛庄
117.12576245244632,36.064937571330596,117.1269976335304,36.06788472844938,龙腾路利兴街路口
117.12572587259142,36.35336064923606,117.12695912913607,36.35428845022693,附设站
116.93888941632711,36.12389963355605,116.94029538076738,36.1250955665018,李家上章
117.01649796855932,36.171710376422126,117.01854709911159,36.17295598892709,卧虎山公交停车场
117.11863891761881,36.114691234548204,117.12004228273106,36.115776865192444,南天门大街东段
117.19751199022119,36.21403548273255,117.19897430803894,36.21504591628681,泰山啤酒生肖园
117.074434063015,36.05066839146626,117.07592733631057,36.051810308221015,天乐城
117.07863343086369,36.18470683639995,117.07992607329439,36.186403463215456,生态绿地健身公园
117.11213582810959,36.19103572580466,117.1143312109885,36.19296809552776,农业大学
116.8924286348342,36.286317289326504,116.89356536577283,36.28741471056566,王先庄
117.18988960710973,36.24986858314455,117.19102109303238,36.250914616678,亓家滩村
117.01408365465589,36.30793962605294,117.01519754534228,36.308841173912974,刁庄
117.09149705390115,36.121688207645335,117.09274064655439,36.122666192158974,凤凰小区北站
117.10454390547366,36.367650655994844,117.10576489886965,36.36879314393114,附设站
116.98961506091808,36.18914576261457,116.99097864001934,36.19015923687305,共青团路石棚山街路口
116.86998551575763,36.23779578959105,116.87127998450067,36.238804810180376,柳沟村委
117.00692265461437,36.172899377438576,117.00825804846609,36.17452682194648,鑫源花园南门
117.09808685826604,36.19472779687734,117.09924064226975,36.19582070265291,傲来峰路路口
117.10989039457355,36.19544469338467,117.11213970969824,36.19653640762086,农大后门
117.07608539761787,36.16242074140886,117.07755630160091,36.163341558667476,泮河北街长城路路口
117.00592688317673,36.244847428433836,117.00715241894558,36.245753970867796,小辛庄西站
116.99631722300674,36.08427485909512,116.99756417335662,36.0853980408896,宿家庄路口
117.07142697920762,36.14332807801092,117.07563800940217,36.144910925671475,下水泉社区
117.24764111697972,36.22593318586742,117.24913548457327,36.22696281318088,油坊村
117.191742047493,36.186256691683354,117.19289694914984,36.18728350814876,北河东
116.96894490883075,36.2224272171454,116.97016028908237,36.22345048283178,王家堂
117.0343336995454,36.22269601677647,117.03605629409388,36.22501868167424,泰山学院北门
117.26477903675729,36.225798983794895,117.26627206332388,36.22690311572272,山口卫生院
117.09037780119168,36.20459206547024,117.09175439647537,36.20574103455378,澳泰山庄
117.25720216471397,36.20223645325183,117.25858883211552,36.2031816469398,省道路口
116.9806022438467,36.17935136756228,116.98201125175392,36.18063113257233,池子崖
117.1242174646891,36.18274525886039,117.12575853616767,36.18391724079353,岱岳区供电局
117.19750071343202,36.186658700514954,117.19919959208565,36.187681822573616,博阳中学
117.2496004241958,36.28439590349325,117.25110567560452,36.28551799607601,黄前中学
117.09502851385597,36.194636377481075,117.09647858743574,36.19566522173742,欣欣家园小区
117.07653137568286,36.201299368420564,117.07778092528376,36.20226383125675,国华经典小区
117.13975467525063,36.09629317405681,117.1410908191664,36.097615026033566,工业园北路
117.21627540798956,36.19601010376151,117.21752038871361,36.1971095962215,昱澎垂钓中心
117.18420613451389,36.213596528983466,117.18564046354889,36.2147620709769,附设站
117.05600188448669,36.20508701849013,117.0571143155061,36.205988581475836,樱桃园路南段
117.08223901253056,36.17866281963165,117.0836148941676,36.18073197989563,万达广场东门
117.17442392893727,36.20324993709001,117.17688950803056,36.20583453646161,公交三公司停车场
116.92057789341735,36.214001891875064,116.92180420535911,36.21494750776866,道朗北站
116.91105150162356,36.37766035345539,116.91257930787754,36.37943384694408,靳庄
117.24811936885567,36.28673697620766,117.24925553229708,36.28788152370555,黄前邮电局
117.27494768707815,36.17931231681558,117.27635571360807,36.18041378298001,中王庄
117.16006518269266,36.161130058067435,117.16126031685188,36.1622935412069,南上高
117.14313169501212,36.0778809196853,117.14439120588601,36.07890498027418,北集坡火车站
117.10230000347322,36.201682919228396,117.10486789747632,36.2026334810015,山东第一医科大老校
117.02446694794261,36.120209125554055,117.02565235027824,36.121198674404845,西林
117.11982513915534,36.201206391103874,117.12162135738566,36.20222470950571,泰安市城市管理局
117.19495073960658,36.20748044077286,117.19625966117584,36.20839325925483,科技中路擂鼓石北街路口
117.16273763138315,36.20444635676215,117.16398166622687,36.205503843233274,恒基都市森林
117.1448854045231,36.19302917970679,117.14631609232433,36.19425052036656,交警一大队
117.04390985775545,36.1972417370338,117.04653093999256,36.19861055968452,岱下明珠
117.10626897154994,36.196068575579176,117.1075594237621,36.19728922444882,城区热力
117.12289464334829,36.203560988609915,117.12412425404987,36.205014811100476,白鹤泉
117.12875997804794,36.063156492441486,117.1299117211099,36.06432130739672,利兴街龙腾路路口
117.0630037681197,36.15921327535588,117.0645347272272,36.16058092482009,开元盛世·信园
117.15625083375022,36.18878290678103,117.15762876972464,36.18972979341523,二手车交易市场
117.11131273816856,36.203377981624904,117.11256926214737,36.204383318282865,市口腔医院普照院区
117.15029756026058,36.2785453493204,117.15221223432809,36.28014685074047,李家泉
117.14802022237107,36.19484691236157,117.14945497760299,36.19593068725028,泰安农业机械局
117.24704015745607,36.12444331577897,117.24826404189771,36.12543588418174,东颜张村委
117.08775110886477,36.19386212771751,117.08905178711007,36.19504567232534,望山
117.12904736241218,36.201036006637125,117.13042363850117,36.20212889323444,省第二康复医院
117.26579144571429,36.23156748944971,117.26724074724034,36.233731309936175,山口镇政府
117.00751744867726,36.32283482716841,117.0086315513217,36.323736372797505,小刘庄村
117.12350791288867,36.15456502065239,117.12473798918444,36.155475278661335,泮河幼儿园
117.107036420088,36.18601301762729,117.10814857989833,36.18691458233869,财源南街西段
116.98565665852446,36.188509791287636,116.98809743823561,36.18956570953977,岳麓花园
117.16778944597513,36.21023664312662,117.16903375757447,36.211350456856714,泰安第十九中学南门
117.07732694037334,36.17022233936968,117.07858405543105,36.17138596061731,泰工集团
117.09910002026784,36.09421057179474,117.100336591445,36.09538466491281,南高新区公交停车场
117.09941065710899,36.35362403577154,117.10056624248897,36.35475736401207,附设站
117.07309837550191,36.13082739315331,117.07443062128154,36.131759906965925,山东第一医科大西门
117.02543110584364,36.382542329759666,117.02670779325021,36.38351996989189,北邱
117.14824131382498,36.07385411173455,117.15019138610054,36.07475788825508,北集坡办事处
117.20014149668197,36.30345532843178,117.201709204641,36.30439417173863,宋家庄村委
117.0773483810347,36.20379417617064,117.07916491195765,36.20546802417234,国华经典小区
117.15659092735734,36.22298879063061,117.15780907255757,36.2242045086481,双龙路北段
117.15295302973244,36.21704594369294,117.15458587012326,36.217951756304124,凤台路北段
117.00432155257141,36.13878431326786,117.00563154742817,36.139685886698146,阳光城
117.17085427580179,36.1106800549793,117.17273353198574,36.113298443102266,东夏村东站
117.03488636966186,36.18067989847245,117.03645182642192,36.181676601994035,开元路
117.07692736242004,36.13566813374348,117.07805553853697,36.136702065786835,新华书店物流中心
116.89065510503917,36.198072680816864,116.89192719548078,36.199092419103195,泰山燃气集团
117.13568139835054,36.20757849575324,117.13847421106541,36.20897150678115,东岳山庄
117.0551794440376,36.276440259800815,117.05631145710814,36.27747543960543,蟠桃园
117.10909316302345,36.11472510538744,117.11096274077778,36.11576469532509,泰山科技创业城
117.19790802344701,36.16875481205624,117.19933717277377,36.1700091880567,红庙西
117.17818393388697,36.073930899974,117.17931906629622,36.074995399796514,湖心岛
117.0337013269973,36.29962642854424,117.03512627615676,36.30057967169521,张庄
117.09674089616334,36.08771080591043,117.09795880751322,36.08881369403313,人力资源产业园
117.17672418952942,36.09136720029545,117.17804300879499,36.09245419969854,南店子
117.16436617274941,36.19796871272398,117.16568443235381,36.1992396873461,北上高集
117.14308299137548,36.26233813282233,117.14422670490418,36.26337646696654,艾洼后北场
117.04827103973953,36.16948225166876,117.05085476144822,36.17107374631824,泰安市立医院
117.01942501866,36.376141165142215,117.02084778405877,36.377333734897654,西邱
117.16449570099705,36.215462990937475,117.16573469456769,36.216628509013944,山东服装学院西门
117.121387568916,36.19502035705994,117.12310428526877,36.19684043969169,泰安一中
117.07438278155134,36.16736484326641,117.07582941933816,36.168493456521986,堰北立交桥
117.15624442900136,36.196154704543844,117.15780686793786,36.197131595832985,上高工商所
117.19176539167034,36.19682172152495,117.19335100656218,36.19777197871853,桑家疃小区南门
117.07344969814328,36.12806402773549,117.07479010206525,36.1291127720627,泰山学院南校区
116.95794106411472,36.10878651112302,116.95905213589054,36.10968808884297,泰安十中
117.03956328214268,36.15962623696432,117.04197800723416,36.161830963508976,堰堤北街泮河大街路口
117.10421776204689,36.138701920464605,117.10550093897767,36.139744279493485,公交二公司
117.11323407217927,36.3918212316151,117.11457073026405,36.39294646841739,袁洪峪
117.2000666335101,36.211311839145324,117.2014836615855,36.213207660170426,博阳路北上高大街路口
117.23126725121108,36.16146575156977,117.23241444841327,36.16255244805865,李家庄
117.12265821826561,36.20156189381192,117.12577548021613,36.20254450663372,红门路路口
117.25414748362397,36.1676457975241,117.25627090466786,36.16874670248154,徐家庄南站
117.04326674404304,36.3767000846376,117.0446260565555,36.37761271539066,核桃园
117.05023526514863,36.19367611758619,117.05134753484488,36.19457768237977,天平大街樱桃园路路口
117.05476779505187,36.213016176251124,117.05756947171214,36.21418522839741,樱桃园
117.04878205128509,36.27402895987358,117.05009974815721,36.275075640009995,碧峰寺
117.07123037121666,36.173084873110945,117.07251963152594,36.174628326399144,过驾院
117.09372220086544,36.35048568681905,117.09497869714461,36.35153611318244,卧龙池南
117.10403942070579,36.05075450682401,117.10530908127184,36.05181959318347,北留大街路口
117.09609750826773,36.13884177403962,117.09737769429059,36.13993592598162,公交二公司长城路停车场
117.15363190382499,36.2055829404852,117.15497440082125,36.20738425901413,凤台路中段
117.01951832257443,36.18546730898242,117.02073308097692,36.186557590956,交警三大队
116.86282158001859,36.24697688296208,116.86394121939148,36.24800711698501,泰山桃花源
117.15281969630443,36.337365533354664,117.1539628041602,36.33847176649539,李子峪村
117.10069003694494,36.19855474676164,117.10265446032878,36.19956275380349,望岳花园
117.02623096022846,36.204771181559416,117.02760304093279,36.205692918519375,天平湖大桥南端
117.07159387425908,36.1837718696214,117.07356822712207,36.184730430660665,附属医院
117.2234325525747,36.24015093793401,117.22556605378031,36.24132156344267,小马庄桥
117.17494403746252,36.21019755254694,117.17739975887675,36.211271648399325,上高派出所
117.11095761626352,36.19893799047879,117.11226068019269,36.200095009564784,三联小区
117.13135437736645,36.185169669798235,117.13255842239141,36.186357229506655,东湖公园西门
117.02514231988974,36.18184491614555,117.02626167949933,36.18284968363258,绿地公馆西门附设站
117.17322887326117,36.243572496984164,117.17571533179645,36.24471640430089,泰山社会福利中心
117.1707191753232,36.20108018924704,117.17206922250412,36.20200901086695,国家级高创中心
117.06322295381149,36.19120444772032,117.06479034289336,36.19218745268504,五环小区
117.06820957801044,36.34946431840656,117.06932012118247,36.350425281414736,陈家村
117.09596359210991,36.19084441046321,117.09837150496371,36.192484788357596,建设大厦
116.89698288856601,36.1355983913334,116.89822991101478,36.13657900847371,南白楼二村
117.15810609800796,36.19302923313786,117.16070869784727,36.19413346797416,法正律师事务所
117.11608863523783,36.350126664778536,117.11769756776796,36.35110873562695,长峪
117.12231397792917,36.205248313524734,117.12547608458638,36.206686852847454,虎山公园
117.05651447897965,36.1930636517432,117.05873681677596,36.19415094925029,天平大街东段
117.26013904604875,36.26703452599419,117.26125235393518,36.26835127394047,利源苗木
117.08349563145539,36.114724034005555,117.08478827063878,36.115809066009554,泰安一中新校区南门
117.0625768724032,36.1751460038457,117.0641684259277,36.17620489496677,泰山珠宝文化城
117.16252167571878,36.18293331786972,117.16416812712853,36.183917582546016,双龙居小区
117.09731771903441,36.04741478347978,117.09873248231844,36.04842801577701,北留小区
116.99905901320845,36.21478716923382,117.00083849990682,36.21793182962681,天平湖景区北站
117.12587963181768,36.17152958652103,117.12741427859608,36.17417531278472,南关南路
117.02649299684629,36.12470552980028,117.02778770441965,36.12576287017173,金牛山风景区
117.0825087727851,36.13565046126127,117.08386542635733,36.136730538624874,北天门大街西段
117.107922541121,36.1758969868435,117.10906486163496,36.177243013070196,电校
116.89220125436698,36.336281794964385,116.89351914586165,36.337317104871,小侯集
117.14410896449107,36.207691078000586,117.14527133221796,36.20872042185065,华新山居
117.03641746000966,36.193001542599845,117.03787653666559,36.19477595635765,泰山新湖绿园
117.15427296892676,36.18794632645493,117.15555643347797,36.18903587356526,东湖路路口
117.18600716668055,36.30488917261219,117.18764863208092,36.30608917135862,麻塔加油站
117.19088977124488,36.14740643958424,117.19232762475072,36.14867966054262,省庄二中
117.08434916925764,36.170542938316565,117.08553873146703,36.17177116133113,市民之家
117.03328776216229,36.08792385619119,117.0346452382007,36.08895924346254,滩清湾村
117.145026530329,36.1955955864246,117.14638957339425,36.19680541366451,市财政局
117.18433368726697,36.11593135673613,117.18578651078768,36.116926742214304,博阳路口
117.12436582389776,36.18705155309617,117.12597847832919,36.188081745459314,通天坊
117.083437620122,36.19467820927537,117.08457337856143,36.195840190643224,泰山广场
117.17112671953764,36.20864213362375,117.17249588062387,36.20970306612642,北上高新家园
117.09860995425652,36.17832186163027,117.09979524542602,36.17951403796178,三里南村
117.25855128224087,36.15301887197269,117.25985681589667,36.15396782728429,孙家庄
117.04450139960049,36.06862686745489,117.04730841793648,36.07108941788517,中淳于村
117.08551404551174,36.067490243915515,117.08689235658613,36.06844975511239,北迎村
117.16075371368397,36.13556570958225,117.16197178200231,36.136709190337626,赵庄
117.05087106139501,36.18006171656318,117.0519831385984,36.18096328340279,光彩大市场
117.00750841708712,36.15441159935838,117.0088551846967,36.15552030063272,梆子峪
117.04509102368014,36.15707711479024,117.04620277631403,36.157978685175756,堰堤北街六郎街路口
117.17003042585849,36.24191662305418,117.17114337411975,36.242818176911754,特巡警支队
117.19329390117353,36.16243690866502,117.19480239902626,36.163344791330125,博阳路中段
117.05759430072386,36.17609244015748,117.05875139874675,36.17719255934635,泮河景区附设站
117.03743447821675,36.181695231669,117.03892482045336,36.18273746745754,财兴街中段
117.21792532738488,36.2373531188321,117.22065547558152,36.23840818196846,宦家峪桥
117.22637734865778,36.195045347142724,117.22771474943306,36.19600285203803,岗上村
117.01759570463847,36.188110883444764,117.01873159045813,36.189730816462195,桃花源路泰山大街路口
117.22104057904912,36.19560225121019,117.22218851818677,36.19659094863994,芝田村
117.2262662350387,36.091541979182196,117.22777756325483,36.0925719197547,姬家庄
117.09102970775055,36.15625890408021,117.09252939054971,36.15744989578824,泰玻大街中段
117.11985058424519,36.186667897904044,117.1215771154197,36.18785300112391,周大生珠宝店
117.24197925714164,36.15829910571852,117.2431593413393,36.15957419407683,邱家店中心小学
117.08573851671443,36.17689775497792,117.08697958402954,36.17820304441417,万达广场南门
117.13784362536012,36.2668975377701,117.13911647271806,36.26833836171159,天烛峰景区
117.26964257071982,36.193732322439644,117.27075482924576,36.194633877526265,燕家庄
117.17502370831973,36.17194578247501,117.17646588895578,36.17315291756167,石化十七加油站
117.15331895722923,36.369809630673295,117.15450154035265,36.37117176916814,榆科
116.88559605507736,36.36240719200006,116.8867589426895,36.363386407909125,宋家园
117.1900616215275,36.17039448554869,117.19121117807869,36.17151911425465,十里河
117.17148261783942,36.21445434189606,117.17285218429744,36.21602715719845,山东服装学院
116.96519435679086,36.23357369048235,116.96634174251804,36.234710709366475,小高家庄
117.11541106864323,36.20079154780178,117.11686773035584,36.20183875149713,金山西街
117.15787817149973,36.267338215476265,117.15903492919232,36.26849748432997,范家庄
117.26589241954923,36.21469351168113,117.26730067457623,36.216075788491544,周王庄
117.03296736950035,36.16930104173503,117.03459493062775,36.170207058254555,东岳鑫城附设站
117.14385419689243,36.193891799080305,117.14507550518194,36.19492030090289,东岳实验学校
117.06257125894739,36.185525911243126,117.06553065610831,36.186936274912284,山科大泰山科技学院
116.95347050628259,36.28447100930156,116.95500929157095,36.28542559095825,皮家店村
117.1741161995132,36.196412599793696,117.1754367019549,36.19738459960042,农科院
117.1909463719219,36.23468025552001,117.19209392816325,36.23578274423822,国家电网安家充电站
116.89932895695136,36.228626871567094,116.90060184070468,36.22970522844707,西华村
116.95057760377438,36.09820832483363,116.95197449548508,36.09930627498861,夏张供销社
116.99886807204028,36.25172445293979,117.00023822587028,36.25265584718962,曹家村南站
117.03996358698119,36.20937977181185,117.0411593115873,36.210673027912975,天平湖
116.99783025378946,36.19525191752768,116.99894254621074,36.196153482438284,凤凰山路路口
117.07874419873072,36.124266160066725,117.07987340011086,36.12530003933312,东方学院北门
117.05569445711059,36.20895541877975,117.05680694288226,36.2098569811862,樱桃园路
117.10958210562934,36.17296257658051,117.11071249049951,36.17443542333891,泮河桥
117.1938844327118,36.166895884600635,117.19551006952942,36.168177615212265,博阳路富民街路口
117.09025077907688,36.12655279533656,117.09353362488055,36.1276745058448,东天门大街长城路路口
117.05956528751838,36.194309177377725,117.06081441318065,36.19528222236727,苹果园小区
116.86275941448338,36.342355978902596,116.86388268671548,36.343372320555915,程庄
117.07304167009384,36.06119150023989,117.07441763208391,36.062125499901775,润恒城
117.13103949577369,36.18957191929127,117.13230730334683,36.1905989806653,东关小学
117.08056163691128,36.385941464759334,117.08173016046656,36.38693993513469,杜家庄
117.01345878599523,36.26333771775094,117.01636709123346,36.26561494145297,麻套
117.16457358396806,36.21161526646148,117.16589811298529,36.213224532969754,泰安第十九中学
116.88976891358968,36.19592699004978,116.89168948157338,36.19700871087721,鱼池公交停车场
116.99866565590231,36.34318442896562,116.99988274240252,36.344108070537104,辛庄
117.10503931154751,36.15238057703212,117.1063798880339,36.15340622263296,徐家楼供电所
117.14364742597883,36.14999200894248,117.145105175611,36.15092829121454,宅子村东站
117.00453824987774,36.05086198661217,117.0057618464036,36.05197251333778,樊家安阜村
117.24734800833896,36.28363519983207,117.24848729265592,36.284773800066624,黄前中学西门
117.2833141928324,36.199879967478466,117.28469400947016,36.200815432671156,金山口封头厂
117.00401705342668,36.24941265688703,117.00517294595535,36.250505342597215,石蜡
117.08395534572068,36.198931185101344,117.08514665144511,36.199963314823094,市委市政府
117.19172191773553,36.15175170207169,117.19309678063665,36.15328139691583,5808厂
117.08242202781526,36.15654871508099,117.08353377217425,36.157450284884995,泰山玻纤
117.0043958256428,36.221562652053784,117.0056083736946,36.222820647470854,十七孔桥
117.06205956298861,36.17319069465133,117.06318034005473,36.174168405131184,泮河东路北段
117.1847531456388,36.17104602457254,117.18588205335807,36.17208017492774,十里河桥
117.121836949777,36.30502462268857,117.12301864696526,36.30606717719905,三亩地
117.25765383494847,36.18016177072424,117.2590168677005,36.18131782931957,后店村
117.06989995419463,36.14856683128133,117.07138214634354,36.149646168120576,开元盛世·裕园
117.24653234832219,36.168404200860735,117.24792425176736,36.16946469881128,徐家庄
117.11496797208986,36.15035261505837,117.11607962789545,36.15125418490761,栗家庄
117.13446143544542,36.19631126167913,117.13785604632189,36.198638746933106,东都宾馆
117.08468344840678,36.090778747435344,117.08606704859797,36.09172215274884,华君汽车城
117.10393473679666,36.11321438888828,117.10520196402307,36.11419211079695,龙泉路南天门大街路口
117.14513968813998,36.14240991362436,117.14698451283225,36.143598084991226,篦子店
117.02664704615295,36.309141426179956,117.02776095384358,36.31004297378596,东岭子村
117.04587503806182,36.158080567440095,117.04723725324183,36.16038393218445,六郎坟小区东门
117.0144918975369,36.22428183624375,117.0156208021285,36.22531756354583,大官园社区北门
117.15899461524118,36.22618700809634,117.16101118572138,36.22755799081153,水牛埠西站
117.12365343605683,36.14789907701879,117.12494656535983,36.148960222963524,王家店市场
117.02047173564912,36.1799159514191,117.02325367843497,36.18281838632748,公交总公司
117.17859325144626,36.06830621016256,117.17970374853101,36.069207789803436,徂汶景区管委会
117.19318445499434,36.24652809428199,117.19458384428073,36.247624205540994,安家庄村
117.01900074416886,36.225181046324366,117.02098855165401,36.22624505453048,东岳大街天平湖路口
117.03996088930609,36.2110186560769,117.0422292945751,36.21370384516482,大河桥
117.26295009739947,36.24641392617104,117.26406310256691,36.24731547379487,济泰高速山口立交桥
117.07390384098026,36.064623886821465,117.07708344532658,36.06691966663903,满庄镇政府
117.09908776590149,36.1959041014989,117.1004054312484,36.19703679854456,外国语学校
117.09496143468964,36.17931727536072,117.09631975998305,36.180629624753806,泰山温州商业步行街西口
117.16668569325195,36.18701285445319,117.1686999089605,36.1880059460144,泰景城
117.10847372143527,36.19930144943989,117.11016327678816,36.20025965084749,大桥小区
117.05898744366404,36.1567751975287,117.06078725753677,36.15793420108271,学院附中弘信学校南门
117.1769497132449,36.17238988203736,117.17970308615752,36.173997015478925,公路局一处
116.8866897199761,36.20018631877533,116.88780208003827,36.20108788119064,鱼池村
117.14047491822508,36.16114562135988,117.14274707571887,36.162316880062015,宁家结庄东站
117.13222787793806,36.16360513520957,117.13357312290167,36.164614964341524,宁结新村
116.89450835040233,36.13417394510639,116.895710149514,36.13513755480568,大槐树
117.07466048013687,36.18549207764919,117.07602281127504,36.18777962197496,时代佳苑
117.0347240947907,36.17439988149054,117.0379604147633,36.17583002130655,华新新干线
117.01454575567524,36.194987817523284,117.01565804432282,36.1958893824427,新湖街桃花源路路口
117.07516196327393,36.14191695497581,117.07659423305371,36.14288024530572,堰东路大官庄街路口
117.1718353183452,36.22100136609027,117.17319538271416,36.222007133371115,泰山职业技术学院
117.14146224511983,36.19342904576587,117.14288625394508,36.19435055431507,爱尔眼科医院
117.08316653424964,36.15093005168264,117.08446376824494,36.15245904776683,大白峪
116.93568955341446,36.35691682503562,116.93712764567017,36.35804007476966,六律庄
117.00190325278422,36.254111633477834,117.00315484733618,36.25538186568992,曹家村
117.20637023034351,36.17695780288972,117.20772197014114,36.177868797126145,花样年华
117.08819450421998,36.11469783248413,117.08934039619614,36.11578116714072,凤凰小学
117.23960662549382,36.14840176636943,117.24140302052359,36.15054749102764,宝泰隆旅游度假区
117.13390045058178,36.1596727452739,117.13507895039204,36.160900954462306,泮河大街路口
117.15208351602351,36.2956555332328,117.15341678083837,36.29658676688161,大圈庄
117.08215976342717,36.1848381528857,117.0833749397707,36.18590944706466,望岳中学
117.00845581045962,36.223653481949874,117.0101997919143,36.22499481774729,大辛庄
117.11825016826437,36.105673878106536,117.11983553163269,36.10681772123691,配天门大街东段
117.16400199811824,36.22777714051973,117.1652547027461,36.22874605918164,水牛埠村
117.03504616222061,36.04149744145149,117.03653883395765,36.04247815892283,灌庄村
117.20492176700947,36.20505112479687,117.20649902903313,36.20605047568626,鲁普耐特集团
116.91284946913909,36.35137058963975,116.9146207176308,36.35267119827585,灵岩寺路口
117.1603674517989,36.178219915662574,117.16266914811544,36.17963558249081,翡翠嘉苑
117.12586792601473,36.18092067963489,117.12774625831761,36.1836345888386,南关
117.11154737821849,36.1096156168421,117.11298783601988,36.112696582717746,驼凹村
117.04367523143952,36.21343703212417,117.04504906641391,36.21436966801162,常家庄小学
117.12321084688502,36.07745824246663,117.12501096332997,36.08028795612791,龙腾路隆基街路口
117.24476022009195,36.26473031916176,117.24599267690124,36.26580368081035,响水崖村
117.00100447636623,36.1810281865518,117.0040188251712,36.18279391078302,泰山护理职业学院
117.14362346502894,36.367393400958996,117.14486633451509,36.36839159897792,小黄巢
117.13717249480345,36.15200612046742,117.13849099830136,36.15404917920448,宅子村中段
116.85349445767615,36.22744911071009,116.85465114173596,36.228602389081416,上寨村
117.00866083025232,36.1454011866109,117.01002556887299,36.14641811289246,泰山国际采购中心
117.00556566490185,36.17079919286871,117.0069275355711,36.1718679069512,振兴街
117.14398345896919,36.1808451360081,117.1453432357534,36.18215426410653,温泉路南站
117.09061949459745,36.095740596921615,117.09209740532383,36.09684770265333,中天门大街立交附设站
117.06142707953734,36.16215444310951,117.06397102200873,36.16354505402484,泰安老街南门
117.19977133532079,36.20790100739397,117.2011914573539,36.20941839282171,博阳路科技北大街路口
117.14560361193502,36.21634486658505,117.14764438779858,36.21764883189835,刘家庄村
116.97372606644358,36.0839061088531,116.97487693332792,36.08502869090503,董家宅子
117.09049047703519,36.20103161718089,117.0920092225315,36.202131182184345,恒远国际旅行社
117.15573822632459,36.05755630882447,117.1568485736556,36.0584578911415,泉上村
117.09614260809921,36.349144992884575,117.09746139179224,36.350170006885264,卧龙池
117.06738908105234,36.19082360128801,117.06880302677807,36.193059398197356,泰山帝苑酒店
117.2019526083363,36.0669057388571,117.20346549936772,36.06921646035884,北望村
117.14000138003924,36.10300708537183,117.14119281566823,36.10461071448127,朱家埠
117.03606846308594,36.21589538455312,117.0377743267514,36.21780331603698,警官培训中心
117.10541679981061,36.171039940474806,117.10654159795492,36.17228535946131,英雄山中学老校
117.02348602627127,36.38035231273334,117.02464567394445,36.3814840869937,南邱
117.05902137107572,36.164642670969265,117.06134221462251,36.16715243007537,天平湖路泮河大街路口
117.07091950358421,36.12655983827178,117.07226159845091,36.12767606173841,山东医药技师学院
117.10596935031806,36.079115300308786,117.10739714854213,36.0801450989932,龙潭南路附设站
117.1050829397773,36.20038658192034,117.10626546021052,36.20155481759549,医科大老校
117.04959555823798,36.20378210243051,117.05244693511656,36.20584419665493,山东外贸职业学院
117.08995734621293,36.17559835107376,117.09148015702608,36.1768791489739,王府花园
117.20285774450609,36.16739079172689,117.20492655514498,36.1683063083351,红庙东
117.02250994068307,36.32996615671808,117.02380856114694,36.33104224328634,孟庄
117.27468587835492,36.20262683316401,117.27597381875091,36.20373926686292,东燕庄
117.10220730485766,36.20477956856093,117.10397529133594,36.205805332081695,天外村广场
117.12240622503128,36.13126557175254,117.12366177608796,36.13229232822269,洪沟店
116.9888766705717,36.08694633731152,116.99015593059192,36.08791676225181,孔家庄村
117.16646862514189,36.116547603892485,117.16832147025335,36.11761159694636,东夏村
117.0360035893922,36.39929024858885,117.03725500575206,36.40049125137509,高而南
117.10241168668655,36.19494068949447,117.10372951584706,36.19606011053993,泰山中学
117.1306694501858,36.1923060550965,117.13182165192408,36.193187744344925,虎山路中段
117.11613531477329,36.195044814935436,117.1172565844764,36.19610078500903,泰山大桥
117.17134571670539,36.21210187677391,117.17267918071151,36.21303012333196,北上高小区
117.26761719951227,36.24614562632162,117.26873020045349,36.24704717364428,环山东路山口中心大街路口
117.25120991319156,36.28150530219188,117.25256738789605,36.28250819726887,扈家庄
117.15028041736811,36.36926353169124,117.15139518262258,36.370411268256056,黄巢水库
116.87315706546097,36.23939763639418,116.87454573528133,36.24031386365683,翦云山风景区
117.13063964568065,36.084744199425934,117.13181125843505,36.08630620044872,渠西路
116.87601709971175,36.198669195817615,116.87736670079161,36.199731904024276,鱼中村
117.0996092369566,36.18511190998324,117.10636644380753,36.188868958557116,泰山火车站广场
117.11091222292936,36.18562121765617,117.11202437705641,36.1865227823098,财源北街东段
117.07220598714879,36.13654043057384,117.07371371888415,36.137993769682176,堰东路南段
117.12718774127087,36.1981826711128,117.1283833555868,36.19923352880558,山东科技大学
117.08229224407684,36.19670691810993,117.08340455591261,36.19760848185603,泰山广场东站
117.17302025252737,36.199471821285556,117.17425554994598,36.20052657870437,泰山福神齿轮箱公司
117.01955856312405,36.17453615039419,117.02107903787184,36.1754643497211,天房美郡国际城
117.1973867444085,36.234249986171235,117.19876155596772,36.235321713612485,盛华郡安里
116.89964160547714,36.231393359232946,116.90078799513753,36.232468840320436,北张村
117.05805242963875,36.18845059782131,117.05933927640942,36.189782902199305,货场路南段
117.10707823685944,36.201683887600275,117.10836166099287,36.202600012442076,普照小区
117.2650624201361,36.259379954033044,117.26620478185554,36.26063154587798,东碾疃北
117.2463046148847,36.19848354887347,117.2474572877402,36.19947165100312,东孙村委
117.23799955688,36.15996483284044,117.23913014172891,36.16112126709068,邱家店镇政府
117.06934938322199,36.17670640134134,117.07052412433677,36.17872289852016,长城中学立交
117.0417708375299,36.069684948069295,117.04327886187762,36.07082975157844,中淳于
117.09244351494515,36.05460296516329,117.09384338321262,36.05574733480752,蓝庭公馆
117.08585139855235,36.146355652918,117.08712510406927,36.147869946633705,中心医院分院
117.05443767592449,36.201981483044655,117.05815458857525,36.20380565999235,大佛寺
117.11271500332126,36.197769701457936,117.11384800002452,36.19877639833545,人民银行
117.21778226845316,36.29912559543538,117.21914633235781,36.300207204433214,薛家岭
117.07803455690254,36.06721790829591,117.07914504308748,36.06811949167009,满庄镇
116.99273189137116,36.252265681430316,116.99532196501156,36.25452201791112,
117.02118730258152,36.23223385257686,117.02248919650606,36.23322284702603,黄草岭
117.20370221475591,36.23391167490477,117.20490768520106,36.23511272446221,太平庄
117.00757681525054,36.32519715524113,117.00870638235656,36.32614984459798,刁庄路口
117.08068181369967,36.18212823493024,117.08262149235513,36.18325976622729,泰山会展中心
117.1348940252073,36.15763087912196,117.13602277571863,36.158736320802696,宅子村北段
117.11487152915855,36.185770855747045,117.11657037255416,36.18705714386836,下河桥
117.14155151306092,36.1113671851286,117.14294189098473,36.112615614985145,兴隆庄
117.05379657314285,36.068044813897664,117.0552534233355,36.069304486199215,泰星大街
117.04658549412487,36.087100716702366,117.04798930582335,36.08816998295195,宋家庄
117.12988475949545,36.356872049301266,117.13110704154205,36.357821250407845,葫芦套
117.11030099646278,36.179380242596785,117.1118172997424,36.18036425780078,蒿里山
117.11791742867175,36.189912233234445,117.11964857319096,36.19100566525585,上河桥
117.00458695617432,36.204241098258706,117.00711492875911,36.20688210280397,桃花源路环湖路路口
117.05751473072897,36.06773758864125,117.05866467019229,36.0688138107238,满庄卫生院
117.19036957512972,36.22468215803122,117.19172132679013,36.22564214113112,御道大街东段
117.10323566790794,36.095748536043914,117.10472083218684,36.09685056347586,明天工业园
117.18193222380602,36.303881446067265,117.18325537741745,36.3048651534098,西麻塔
117.14707225399405,36.19735911909949,117.14861124253713,36.19834068129429,民政大厦
117.16361995059029,36.22384686403308,117.16481875277715,36.22491293588765,水牛埠村委
117.07593312775548,36.05885405404024,117.07761467668716,36.06029114605885,南迎社区
117.13738841835499,36.20212217691806,117.1389455797705,36.20315732187419,温泉小区东区
117.04304677103875,36.206972118543085,117.04415922895566,36.20787368142288,大河
117.15215930734873,36.20786394529491,117.15404379717043,36.208929555548465,北上高大街凤台路路口
117.11865756342351,36.16172361451944,117.11983583657876,36.16288658502337,灌庄社区
117.08155534797984,36.10337071969671,117.08290905036293,36.10434677955563,山东煤机集团西门
116.87237856051378,36.32806558079199,116.87374714180243,36.329206619232615,西夏峪
117.15254493383121,36.136860155162154,117.153939773277,36.1383499450292,唐訾路徂徕路路口
117.00245887367993,36.18084045074272,117.00361572640965,36.18195764891339,泰安卫校东站
117.05172362705494,36.17197048434994,117.05383418295605,36.17401161623441,英雄山中学初中部
117.26569646571322,36.237284680805566,117.26703533147432,36.23842901924391,山口北村
116.90016908826735,36.22251483620164,116.90148900854199,36.2236657638508,东南场北站
116.899557754144,36.203934414430584,116.9009845514705,36.20530808575462,泰山燃气集团
117.12835274257168,36.18741649316633,117.13048525641665,36.18836210705949,军分区
116.86921562455943,36.199589519022624,116.87032797545714,36.20049108094332,鱼西村
117.06759970844817,36.188952479273155,117.06903819609676,36.19025962088032,长城路立交桥
117.1408621236541,36.14633063606146,117.14197897328174,36.14767406387103,交警六大队
117.21451630162285,36.22142028637517,117.21583559498487,36.22234981372269,海洼村东站
117.0785808365127,36.19776921814872,117.07969316347726,36.19867078181724,泰山广场附设站
117.11309843198195,36.167980287506644,117.1142208646849,36.16936891242133,龙潭路立交桥
117.14307925610305,36.197274755530245,117.14501424194972,36.19825204486959,东岳中学
117.1331035962569,36.17641264702532,117.1353716001058,36.17747645385256,迎春学校
117.01011763026776,36.16323169712019,117.0112750726288,36.16423700274635,山东龙业机械
117.08941736368178,36.18693249236332,117.0908334332787,36.188139507703376,泰山装饰材料精品城
117.14362395263159,36.11797316973835,117.14515545188561,36.11994202911336,西夏村
117.2175383007649,36.221493179195505,117.21894499783592,36.222502020055614,宦家峪西站
117.11510098637403,36.3983513622991,117.11633281383158,36.399327337569126,亓城南
117.10923620400713,36.095742390026125,117.11037979625114,36.096848109777774,蒙牛乳业泰安分公司
117.14370913104901,36.19192184184076,117.14508637275014,36.19314545825748,泰安市中医医院北门
117.14451524069587,36.18480963375696,117.14588156451417,36.18669776571165,茶博城
117.16698320512096,36.237529174414625,117.16857669502477,36.23867122491531,吉利姆庄园
117.16497497596991,36.177621795243326,117.16646772643614,36.178843704725224,灵山大街天烛峰路路口
117.08959533212614,36.194724820445124,117.09115846882577,36.195911079198986,从业资格证培训中心
117.14650937246199,36.369224912551,117.14762652861151,36.370225287051994,龙潭
117.06129191344998,36.181768150260204,117.06257198345793,36.18288524976299,科大西校东门
117.27078704655102,36.243847982905066,117.27414875151861,36.24575401397126,泰安公交山口停车场
116.94093188697349,36.29934323020504,116.94225471220737,36.300344069391926,长城村
117.037506465792,36.30510093534134,117.03869183648335,36.30610326459735,东房村
117.07433856483203,36.12038350456809,117.0757653338381,36.12152049531697,东方学院
117.24593949803902,36.121342209649846,117.24715990194218,36.12231899024898,颜张停车场
116.95763229782474,36.0989630612779,116.9587868028378,36.10005553818069,夏张镇政府
117.09270288190235,36.114731017669605,117.0938375180722,36.11579888215201,南高新区政务大厅南门
117.25787882842012,36.18865214445893,117.25922637559438,36.18986915562928,一清环保厂
117.13703628523525,36.191504481279416,117.13865941555976,36.19262341779685,杆石桥
117.14545225676747,36.1245804963405,117.14694825094676,36.12617390397851,南邢家寨
116.98834960979252,36.17843878458369,116.99113358072184,36.17983451796968,岱岳区政务服务中心
116.95330923280862,36.10383522143696,116.95453756772719,36.105108777970905,泰东加油站
116.91142778034242,36.178324924562254,116.91257852189493,36.17962147533862,薛家岭
117.14498207964704,36.21025784027971,117.14619260884882,36.2128311595354,三合村委
117.09924063531429,36.19235468658849,117.10055076413498,36.19336131309358,金茂集团·希岸酒店
117.24992530538914,36.24520682561892,117.25103829457892,36.24610837434696,西碾疃
117.18165340187564,36.316612119508555,117.18292799559207,36.31769698050671,邵家庄村
117.18130284673119,36.08705610264174,117.18255435199048,36.08808439734302,南店子村东站
117.02868659473721,36.072615841629755,117.02990840790933,36.07351605832133,滩清湾村
117.15224578288968,36.19750152221329,117.15369991347848,36.19846877809309,凤台路口
117.05591019511678,36.15681654012617,117.05738580430871,36.15794475956525,堰堤北街盛景路路口
117.254597538442,36.27515246685585,117.2561936589492,36.276434533062414,户栗石门
117.04330222544367,36.16790696384341,117.04691867587384,36.16986663233156,英才街
117.15337361714953,36.255267192073646,117.1544977792982,36.25627680767818,艾洼新村
117.15321846354767,36.192600115798996,117.1545724330851,36.193783284274176,市驾驶员协会
117.12958410964876,36.195910771562595,117.13084978335094,36.19792102820378,虎山路北段
117.12259750726832,36.17991800941705,117.12387549670541,36.181083190603566,南湖公园东门
117.01585067198998,36.05044361661992,117.01717792770211,36.051489483212364,吴家官庄村
117.19208413144315,36.22642002814133,117.19323876303724,36.228138571752226,东岳中学兴隆校区
117.10731406297815,36.205233119136004,117.10950403082511,36.20640168225794,普照寺
117.07337875887004,36.25456567752277,117.07494283601434,36.25597902268728,桃花源
117.09557781982704,36.12835111074212,117.09717498427793,36.12972258936331,神农智谷
117.24442682256945,36.287639186791274,117.24562557718623,36.288605113156066,黄前镇公交停车场
117.10035656349325,36.12421430406777,117.10272563272895,36.125290896878084,凤凰河公园
117.14834810117299,36.13359629352851,117.14955359578954,36.13465160640981,北邢家寨
117.15556026107845,36.218093508689236,117.1571015366473,36.21905089158847,紫欣园小区南门
117.07895953798334,36.17233697824728,117.08028536043646,36.17342422173687,市民之家西门
117.09043676195041,36.10017574070737,117.09264484401135,36.101947359124786,水泉村
117.13911872776319,36.14858973360203,117.14082286920345,36.149950266272775,宅子村
117.13875585051711,36.19258531529927,117.14062887527166,36.19449089931853,东关
116.98716085043314,36.13284455812537,116.98829104926833,36.13390854175985,国际养生城
117.14959680238069,36.20782528909196,117.15076180023651,36.208824310804296,嘉德现代城
117.1737672780505,36.188567561456225,117.17511512084313,36.18965073847104,小井村北
117.2329957652936,36.18659543877578,117.23423913524401,36.18759856116378,二十里埠
116.93795183152332,36.12873628608548,116.93923727004636,36.12969161332788,张家山头
117.15651934097554,36.2525326562194,117.15766335845832,36.25360394337357,老电讯三厂
116.95592968165356,36.281986373177865,116.95723861877039,36.28302382669589,坡里庄
117.01205366777845,36.16720474053118,117.01353673037276,36.168215158411066,卧虎山花园
117.09134710038872,36.40520653663017,117.09261159816353,36.406118063390956,蔡家庄
116.98784327156909,36.1717900944998,116.98897922678121,36.17299030542107,黑水湾村
117.0356121363369,36.19098129853537,117.03914856851797,36.192157302959345,天平大街岱岳东路路口
117.09097439288273,36.1920437747822,117.09300853699322,36.19431049008744,东岳大街科山路路口
117.04530138118703,36.161647500314665,117.0471672057069,36.16391980055362,高铁东路泰东路口
116.8954611274837,36.29641690860123,116.89659206881765,36.29744239116601,大马庄
117.12094874276147,36.10341165271242,117.12235256069839,36.10436544752121,龙腾路南段
116.918217938664,36.15345683380991,116.91945415865302,36.15452166617784,北白楼
116.9969459745033,36.1778518697292,116.99910072042846,36.17927037018876,岩庄社区南站
117.15167162932539,36.222268028785386,117.15306167106554,36.2233478709819,紫欣园小区
117.19693730081529,36.19962534340347,117.19871750388927,36.20068255738178,泰开东区工业园
117.14396437188095,36.17516592657311,117.14534082791616,36.17623117318138,韩家结庄
117.14514233652578,36.1994851368995,117.14665527131194,36.201094163438114,金叶苑小区
116.89899609290656,36.31479176427,116.90011930627713,36.3158562356729,孙圈
117.02899830403403,36.132446304234485,117.03020019272243,36.13350959569343,金牛山
116.94867854554258,36.25300058488079,116.94990395403717,36.25398831506203,东西门
117.13264199667526,36.1885511601301,117.13397180262895,36.18956113948196,东湖公园北门
117.06564163284239,36.19942616285068,117.06703326356404,36.2006465372443,泰安体育学校
117.26664957735318,36.17997745504541,117.26790342164365,36.18094354460811,姚家坡南站
116.91791141814494,36.15607233708657,116.91909828531084,36.15713406280649,北白楼村委
117.01227073927082,36.259616561307745,117.01378906443216,36.26091823878913,骆驼岭
117.0947744537062,36.18157369630773,117.09606954684033,36.182573103402326,青山新村
117.10992782904701,36.18475311757561,117.11103997093892,36.18565468239035,财源南街东段
117.06716612382355,36.1936119099037,117.06866037411301,36.194613688928136,浦发银行
117.23479273159118,36.12941071923014,117.23589156979766,36.13038208030583,崇文路南段
117.10330325787626,36.06823233297507,117.10506094058859,36.06935766557985,天颐湖
117.09514330641288,36.11759415287786,117.09674109643173,36.118572347504184,南高新区政务大厅
117.16227493671688,36.199882800293864,117.16371216509461,36.20087849875453,华新小区
117.05427466264386,36.194035417642695,117.0553869373492,36.19493698232328,天平大街樱桃园路路口
117.11613472200418,36.16419313300177,117.11768077957541,36.1651367671964,徐家楼工业园
117.16367379630346,36.10659951619029,117.16501699864578,36.10788348390446,颐博路中段
117.10164020518202,36.15552670974005,117.10335239503628,36.15671158935957,小白峪
117.27133579952661,36.19167440110417,117.27360270141716,36.19262239909736,姚家坡
116.87858103789094,36.18946514977131,116.87969646268522,36.19045035005952,下洼村
117.11474304647165,36.18948159674177,117.11592905423828,36.19070230292127,齐鲁银行
116.98408759134219,36.17740281535274,116.98607900238716,36.178550685892624,岱岳经济开发区西站
117.09070884760845,36.124227661556986,117.0920992515237,36.125326438296185,海普凤凰城
116.91238345549483,36.217187070338255,116.91379274495121,36.218098529685626,马连河
116.99155425666702,36.176052361217934,116.9930305418915,36.17708323789522,立丰苑
117.15061854156869,36.20626363694274,117.15191535375563,36.208019362701314,方园小区
117.03773359228967,36.17567531615102,117.03884560770547,36.17657688381497,高铁指挥部附设站
117.27037468196541,36.22561457426457,117.2719039176431,36.226721225089115,山口镇二中
117.23649369816344,36.222305749052445,117.23809509934354,36.223274651291305,大马庄村
117.07911742302717,36.14753708836351,117.0815623692973,36.14880461353543,惠普家园西区
117.12135305627953,36.08410193831083,117.12262544908195,36.08592316140135,龙腾路一天门大街路口
117.15289477557275,36.19591041404225,117.15440852532804,36.19707188565862,唐庄
117.16673144999265,36.193279668717565,117.16832174851682,36.194503531009396,交通运输局
117.11028929560769,36.068031899863016,117.11159050859003,36.069230700185436,天颐湖
117.11160824631926,36.11588584371263,117.11295115098531,36.11748365559899,龙泉派出所
117.01552992984924,36.07673229544404,117.01674446665017,36.07782180449694,东牛村
116.90878110050738,36.335921935930614,116.91006999910593,36.33694676395712,万德中学
117.18685073965489,36.19609386313538,117.18810006186986,36.197036636368516,岔河社区
117.13647442045523,36.18242424255951,117.13801428007486,36.183580057022205,五马市场
117.0789862240872,36.175067257133314,117.08020497500345,36.17602024260635,金融商务区西门
117.14633122369283,36.16112922165502,117.14825257751842,36.16232897673675,城南印象美食公园
117.11809153090545,36.19826725578723,117.11978072346068,36.19969312748783,泰山影剧院
117.11735583590131,36.181729555822685,117.11856796046581,36.182822144106275,普惠建工
117.17051771826787,36.227718702125536,117.17350788538563,36.22977554533639,黄山头村
117.14389086751451,36.156651066881444,117.14530173877561,36.15807343331144,花卉市场
117.15665455671467,36.260648653305566,117.15783664240081,36.26187164641565,生态园附设站
117.13735417762076,36.293976906894926,117.13955523418684,36.29585758608513,大津口
117.12606960503648,36.177483319552366,117.12753809317262,36.178661780360635,福佳斯天悦府
117.16700382325433,36.18242907664547,117.16839787488254,36.18340862245049,五马街天烛峰路路口
117.05006371383867,36.216509240286555,117.0517680874706,36.21762805846015,小常家庄
117.1564636647934,36.27189595363502,117.1576520391285,36.273446046215625,范家庄小学
116.88744462950368,36.286096378303,116.88868427233555,36.28712982169046,石胡同
117.23570206000358,36.24332955780093,117.23717613961708,36.24444664185629,西官庄村
117.04432053171178,36.1765326474776,117.0459228698782,36.17759925135005,泮河小镇
117.16632976856242,36.2254703372481,117.16811163047306,36.226638961469014,水牛埠北站
117.07026181692014,36.26378545801196,117.07148708305009,36.2647643418929,龙湾
116.96711867615288,36.36055785471845,116.96840312537643,36.361613445273115,灵岩村
116.96437739651813,36.149483777863125,116.96564320510079,36.15042942156938,峦湾崖村
117.21737609291007,36.16393816731239,117.21888590380878,36.16521253275091,羊楼社区
117.07939000443405,36.36437630257494,117.08083119845551,36.36532889766605,柴家村
116.95385547559007,36.09760602485625,116.9552573249931,36.09865147466556,夏北村
117.00926415349369,36.05058974321214,117.01057594779581,36.05156775625123,林家官庄村
117.28271623388689,36.24453908017772,117.28441216766409,36.24581571939963,泰山科技学院
117.20195564480971,36.075419650388035,117.20366096376866,36.077183350103574,桥沟村
117.06932707388333,36.04661747291369,117.07068642121995,36.0479025271985,盐化公司
117.04556753752583,36.19285310339146,117.04917287418928,36.19443300017788,岱下明珠小区
117.18615895297762,36.19926062236606,117.18749364551121,36.20035027760993,桑家疃西站
116.90008431164058,36.211027218024974,116.90125198442495,36.21210288181539,东玄村
117.01515717498921,36.206394218385554,117.01626962500879,36.207295781580406,泰山石敢当文化园
117.20845275401228,36.25090434808204,117.2095931490185,36.25189905174579,猕猴桃采摘园
117.21948308812193,36.279389390216444,117.22061471127634,36.280429209465765,孟家庄村
117.07593721739319,36.156843856951994,117.07964908450742,36.15785684362475,堰岭小区北门
117.10751493065395,36.19524934732929,117.1089582706108,36.19639215252572,龙潭路路口
116.97005773675079,36.361168641199626,116.97124966393842,36.36213665877004,灵岩寺
117.12526836029248,36.16703466967757,117.12660394154359,36.168138430320305,南关大街中段
117.02954224973595,36.15630623146997,117.03065665199485,36.15746106847657,泰山国际汽车城附设站
117.17709201684895,36.097537975751344,117.17836178039272,36.09863282426353,北店子
117.08992953763426,36.11725959550953,117.09116746271921,36.11823750432153,海普凤栖湾西门
117.11677746177209,36.29303292585967,117.11789113821294,36.29393447410626,沙岭螭霖鱼园区
117.00702803978123,36.169680383855834,117.0083216647762,36.17089511617975,金牛山路中段
117.09602397765322,36.15592983524873,117.09770332207141,36.15712936405131,前灌小区
117.170861151308,36.0703969316315,117.17198094973035,36.0714141679202,泉林庄
117.09049071797648,36.08770809649711,117.09191508045178,36.08885440342375,水泉社区南站
117.1695243406919,36.233220513904804,117.17092245875646,36.23413358612972,安家林水库附设站
117.11918370208222,36.29748227469777,117.12051129707325,36.29848472488008,泰山周明堂
117.15048400772521,36.20282197774638,117.15175478713147,36.20460672197699,新凤小区
117.15163022858619,36.12789044370316,117.15289786999335,36.12928415571306,赵庄西站
116.91746257530941,36.141761827429264,116.9186150232197,36.14271367250952,任家小庄
117.20831208108613,36.16595404419151,117.20958891665842,36.16703205582295,羊东新村
117.17224229148998,36.12691388116738,117.17336580795606,36.12793571858482,北许村委
117.08241770724749,36.172075681005005,117.08375259211603,36.17313551887192,市民之家东门
117.16182561323458,36.24554871490306,117.16311538796052,36.24659938506507,上梨园村
117.02781547706975,36.19639996912964,117.02914331953549,36.19733223098543,精神病疗养院
117.07653059220257,36.145229383104365,117.07797750611172,36.14623691596641,万官路学校
117.07474601080553,36.179289393717504,117.07602848646565,36.18082200582289,松园小区西门
117.17295875940908,36.10244891196622,117.17426063810015,36.10337018810069,颐博路滨河大道路口
117.05915642258891,36.20940272007261,117.06048568365387,36.21137507954768,粥店路北段
117.11462298022397,36.14846282499506,117.11575682086165,36.149505474415704,琵琶湾
117.2386456883665,36.143699800915655,117.2398009156348,36.145225798978565,居岭庄村
117.18062579796256,36.21019063334068,117.18275399759658,36.21127746765179,北上高大街碧霞湖南路路口
117.19130195921083,36.305384301727635,117.19263153809635,36.306515898314686,南麻塔
117.07641096003391,36.126548714533655,117.07783434073728,36.127661185261765,东天门大街凤天路路口
117.0322152090646,36.180381406952094,117.03338029115564,36.1815312927292,岱岳实验中学
116.9874939854501,36.247271021464755,116.98860701455146,36.248172578501205,界首
116.93406151854484,36.17104677648821,116.93521248047358,36.17221792336604,道朗镇刘家庄
116.94315182073704,36.09779961921615,116.9444603777714,36.098873980766605,肖家庄
116.91302580082686,36.33581111479809,116.91518131306971,36.33735427787532,万德汽车站
117.20814444249889,36.23477748190279,117.2116287555537,36.23646221334349,叶家庄南站
117.15698166306335,36.06316258922435,117.15822563679065,36.064157010675665,四海饭庄
117.19688205918888,36.10016731819204,117.19806734585741,36.10186358166547,旧县村
116.99249843676115,36.18424040840947,116.9937948623402,36.185227791205875,岩庄社区
117.06729509470392,36.130628956565026,117.06895249477627,36.13337734246786,启圣路对臼街路口
116.97737898266763,36.12579755770873,116.97854371698007,36.12691964180663,郭家小庄
116.94544970508632,36.207286167670595,116.94672229460019,36.208282332122685,康家庄村
117.01515082660164,36.26093752445707,117.01636727625586,36.261991475502235,桃花峪
117.01379341366496,36.23600464691922,117.0149173851757,36.23711285302242,黄草岭西站
117.11580279266138,36.13326061378239,117.11691420732384,36.13416218618358,洪沟
117.11500181269103,36.307077267963145,117.11670828747353,36.307985232033246,下藕池
117.09418016160694,36.20147023382875,117.0956150366363,36.202469565237614,苗圃小区
117.03222369373283,36.190179790128134,117.0339753036275,36.191168710323204,天平大街拥军路路口
116.83659785047533,36.217115729666716,116.83815954768275,36.21834507015098,梦幻桃花源
117.19249139186344,36.307092906333125,117.19376360583254,36.30800629369209,双山村
117.10767236243066,36.161611876995046,117.10880013208916,36.16330372290988,徐家楼
117.06088043745116,36.200789677884984,117.0620204609301,36.20199422202905,体育中心
116.93102244789695,36.17157501772041,116.93218435405237,36.172547182203346,大胡村
117.07867673910432,36.1805894629367,117.07998345891025,36.18207873640914,长城东区东门
117.18046403754931,36.23327981763517,117.18245366356649,36.23537581281364,碧霞大街公交停车场
117.12047410517299,36.164496993041645,117.12170549347658,36.16544080654792,灌庄社区
117.07757652140988,36.17609198658358,117.07900408340177,36.17741041357662,长城东区
117.06099401928536,36.157939376796726,117.06226098637454,36.15922582319316,学院附中弘信学校
117.0772879019137,36.05139171572655,117.07874780034567,36.05258998424924,膏城花园
117.25174856587711,36.15762629835558,117.25298093402284,36.15887180091576,邱家店卫生院
116.98199780982242,36.19195570932719,116.98334748713445,36.193120290733624,板大山村
117.22054708912044,36.222942372339766,117.22190150841233,36.22408212769638,宦家峪
117.26609214884147,36.2215974031141,117.26748715074307,36.22267909666024,岳阳社区
117.03649324941637,36.32845756460085,117.03777115066109,36.32946723525482,马场
117.09583155052056,36.183224476420556,117.09751984987184,36.184435022888685,泰山温州商业步行街
117.1809096735199,36.199225864572966,117.18229302594065,36.20030713523647,泰山新区
117.04479850260442,36.2167691630255,117.04607549864332,36.217813036951675,蓄能电站
117.26424299488097,36.2467773262455,117.26535600508521,36.24767887372039,环山东路山口中心大街路口
117.12687800509468,36.174548294243785,117.1283898934468,36.17573370557238,南关加油站
117.25820259599297,36.246582626013044,117.25931560397404,36.24748417395285,济泰高速山口立交桥
117.1642910504281,36.21911509924079,117.16545105290635,36.22014550061109,水牛埠南站
116.9051584966063,36.13640656396238,116.90641310566471,36.13746913604157,李家园
116.9607590859806,36.111667724740094,116.96210271473701,36.11258167529595,平家官庄村
116.97336952542483,36.3211940468331,116.97467277235361,36.32211395323127,东小沟
117.00862310261492,36.198697664175356,117.01081698021208,36.201493337144136,桃花源路韩刘冯街路口
117.07143095935768,36.34037766270997,117.07386644414231,36.34144443817566,高而十八盘村
116.89986412532238,36.206953960092015,116.90111277320187,36.207984839898465,孟家庄
117.14480654928191,36.19013859022561,117.14611605717064,36.191521609834886,泰安市中医医院
117.20260881699429,36.09202731508513,117.20395178108585,36.09298618407708,孙家疃村
117.27403626733744,36.165937220506954,117.27514813262763,36.16683877945898,南王庄
117.04000565401697,36.16900681723758,117.04180913436765,36.171098783499325,英雄山中学东门
117.18717531642393,36.12972467616724,117.18879479106522,36.1313527242206,圣元村
117.19840867711936,36.19506150560771,117.20004372160972,36.196001794583495,省庄中心街
117.03699111636648,36.07040050262258,117.03838638280449,36.071432296838644,西淳于
117.26619173891082,36.22529555315351,117.26753785332161,36.2274628464944,山锅集团
117.22983960784151,36.2708276792088,117.23123039257005,36.27187362038801,王家庄村
116.99297351176193,36.337030724836985,116.99422908772041,36.338011474940906,武庄
116.92821660130063,36.31137727525917,116.92951049727978,36.3123415242024,孙峪
117.03799599864996,36.1839324454349,117.03992429948573,36.18509415268765,岱岳区区委区政府
117.14402226124815,36.167021636278335,117.14534733560856,36.16864296315979,农大新校西门
117.19933112917414,36.2025980423508,117.20087536818941,36.20385665761552,博阳路擂鼓石大街路口
117.004190749477,36.190529474748274,117.00778205779555,36.19290572330103,新湖街西段
117.04613443938656,36.15485301462907,117.04724616060753,36.155754585336915,岔河路堰堤南街路口
117.06102436458833,36.17642547129341,117.06246133474822,36.17734242876076,凤凰路南段
117.08975536303478,36.179979870225125,117.0911912337466,36.1809369300331,迎胜路中段
117.02423711809578,36.1153066115384,117.02534828190109,36.1162081884276,西林金牛山农贸市场
117.07709577736638,36.06430390806621,117.07820622262376,36.065205491899825,满庄镇
116.88541866606309,36.28621459448778,116.88667613442034,36.28722350544051,石胡同西
117.06428386774688,36.14833761676533,117.06573302408061,36.149955483509196,恒大城东门
117.13201883308312,36.079008914165485,117.13324836364484,36.08009748580118,渠西路隆基街路口
117.1623355154018,36.19319555740689,117.16345308231467,36.19443044253354,公路局
117.01328062177036,36.32663538265239,117.01467007540748,36.32757701752738,卞庄
116.9129636902214,36.339628198104144,116.91424521179287,36.34054330193415,万德三庆公社
116.86998341200739,36.234507951562335,116.87137328997441,36.23547914749506,柳沟市场
117.14364168397873,36.146537247541524,117.14501171785359,36.14750865161898,万家庄东站
116.91130395913692,36.18893264485637,116.91247704467568,36.190004354995025,马家村
117.1455584405591,36.20687635344037,117.14697255022632,36.208125750943076,宝龙城市广场
117.0788662986427,36.07247992880443,117.08024179864344,36.07364767124483,北迎村
116.97660652754661,36.20867374824922,116.97809847363926,36.209604451881106,重河村
117.07414416607958,36.12230110435685,117.07546353236887,36.12326989500009,对臼村
117.02982106024409,36.18033881724151,117.03113694090233,36.1814049827097,马湾路
117.18064806938042,36.19635901485963,117.18219793251384,36.1973883839504,杨家庄新区
117.13263553263681,36.0731533480588,117.13396476520288,36.07426625196184,渠西路南段附设站
117.10714673887553,36.12656420456844,117.1091541574643,36.127610996201895,奥林匹克花园南门
117.09341506186242,36.10502766321329,117.09572845288193,36.107587437882344,配天门大街
117.2434604059173,36.15931525544143,117.24500419392089,36.160452944055905,卸甲河桥
116.92176415905026,36.33447618976162,116.92445877935864,36.339956996749706,万德
117.02714959579463,36.17517091606486,117.02826160420182,36.176072483901116,高铁泰安站北附设站
117.1953078952045,36.1739475929729,117.19680100241011,36.17490120728133,泰港驾校
117.0924648862836,36.198280856466795,117.0936074140241,36.19938204335816,华泰大酒店
117.13921620568608,36.187893524711406,117.14162237228797,36.18995542044048,东湖路口
117.10627645456455,36.19166775941552,117.10897310459507,36.1943553822504,中心医院
117.18007455147523,36.2049261818525,117.18162344721489,36.20599141716915,碧霞湖南路路口
117.24055253429678,36.12796110936028,117.24175506745779,36.12886149060033,北颜张
117.11701241102465,36.176031253591034,117.11816298744607,36.17725064629565,旧镇附设站
117.16990201008015,36.189775981142965,117.17138088847095,36.190944018709445,小井村
117.1409455619773,36.08989940819318,117.1421476379334,36.09109559117043,工业园中路
117.24471814114341,36.12704806597896,117.24617385938559,36.12796343405852,东颜张
117.06400122968103,36.169214531796364,117.06525316790777,36.17012346820376,堰北社区
116.96168620318356,36.275904360153156,116.96291769680587,36.27688593974035,店台
117.15245318218685,36.14429153408917,117.15386250992576,36.14586426612427,唐訾路万官大街路口
117.19520422882728,36.21064561459337,117.19646217286046,36.21158428483473,科技中路北段
117.07908706476476,36.37716822006154,117.08021143420842,36.37825447988298,泥淤泉
117.10398841763323,36.128070954981816,117.10537357492268,36.13023784456504,奥林匹克花园西门
117.04361804518716,36.16357992960299,117.04727886246401,36.16491947276968,泰东路高铁东路路口
116.89931730433862,36.224303125454526,116.90051959294539,36.22533957449235,李马村
117.25682546360281,36.175968599284595,117.25817694281157,36.17737060084194,前曲口店
117.12836932402166,36.30169641990739,117.12967241564964,36.302851336982904,沙岭村
117.08611393802285,36.36652713098431,117.08722866196605,36.3674286689816,东升村
117.13395857119905,36.08764742638056,117.13673742374822,36.08880667502464,欧玛嘉宝公司
117.03821377689827,36.16303231516363,117.03932562309934,36.164592184752685,高铁前路泮河大街路口
117.12212048786712,36.19127931697181,117.12334671421789,36.192679782697496,岱庙
117.10640919138324,36.15859536053973,117.10775660751945,36.15967853938568,灵芝小区
117.05252703286885,36.17715503024665,117.05373276253513,36.178310069645,泰安汽车西站
116.89261271243744,36.13313470510627,116.89381049155489,36.13424009478745,拉马洼
117.1501961221395,36.18760231017768,117.15151157554769,36.18913098918882,泰安六中
117.20673998597881,36.22099133067763,117.20879531856424,36.22207767028368,海洼村西站
116.91775464652443,36.20359080852699,116.91979145131391,36.20458239193841,道朗农贸市场
117.13280030761301,36.1824636669848,117.13473608684514,36.18357313408142,东湖公园
117.06040685873144,36.19722798536974,117.06219085659134,36.19843698209535,泰山新兴园
116.95044764795558,36.09308377648784,116.95177185036412,36.094175123503106,夏张卫生院
117.18827312195046,36.18652010833752,117.1901270787159,36.18744879176997,北河西
117.06869685469451,36.198221133810684,117.07140152758971,36.19979983646452,王庄
117.15722356809661,36.18360598262261,117.15835123203593,36.18464991726006,新訾佳苑
117.00483255699548,36.06689738201843,117.00600584201808,36.06811901774114,老虎官庄村
116.88590880133142,36.23060563851412,116.88752179971027,36.23153866163352,刀山口
116.87544686835149,36.29715435059269,116.8767513291564,36.29807544947658,大王
117.16773786068644,36.20469350305214,117.16909873830464,36.20578039685229,擂鼓石北街天烛峰路路口
117.07386175232334,36.12424122677901,117.07600811809533,36.12599006532814,药学院
117.15635049641017,36.22576551360461,117.15801460481211,36.22701018594997,上峪村
117.1439582987615,36.07566660994547,117.14506890122014,36.07656819002054,北集坡
117.06143763496134,36.06729213258929,117.06265956853268,36.06838776736477,泰星大街中段
116.89548029061578,36.30400459017473,116.89674180740435,36.30505970982908,小马庄
117.04060344162323,36.1969921177755,117.04171575837154,36.19789368219047,天平湖公园
117.18355720734887,36.20151589922083,117.18504489023684,36.202733300758965,泰安康平纳
117.09967775072349,36.08766951603413,117.10258704382115,36.08885608551733,一天门大街中段
116.9979911545606,36.209510941108725,117.00176220776831,36.21244605296304,天平湖景区
117.0343691805975,36.15972704051843,117.03561692163787,36.16117065908955,泰山国际汽配城
117.0210372070363,36.21854650115754,117.0235063143682,36.219901279283654,环湖路公交停车场
117.11975261767242,36.20664067504919,117.12440173156465,36.208041690373,红门
117.02448237968386,36.177813618541116,117.02564491679364,36.17928408134865,高铁安居小区
117.2410619213783,36.15360943739313,117.24231718146508,36.15469716261236,育才苑
117.14366352388633,36.201331133706006,117.1449738779004,36.202283965584854,向阳小区南门
117.01031894903666,36.23272916214146,117.01147345277555,36.23398453774327,黄草岭
117.10889383490229,36.16614066821859,117.11048616882084,36.167486331845,泰安酿酒总厂
116.99544048666185,36.176454816109995,116.99655251333868,36.17735638385598,泰安市救助站
117.06441095164982,36.16730461570905,117.0655228483419,36.16820618425693,泰安老街公交停车场
117.09199316896402,36.13568755717185,117.09313233432317,36.1366978426395,博文盛世小区
116.98336027560954,36.33404026959354,116.98484692228442,36.335036329242264,大刘村
117.04502183098437,36.20656217696875,117.04737905817417,36.20876162358435,大成机动车检测中心
117.10071608495907,36.310537593211556,117.10194301748523,36.31143920675054,玉泉寺
117.01472275853989,36.163387299322814,117.01600414266989,36.16435630022513,卧虎山南街东段
116.99012705339398,36.18116371647022,116.99123914660723,36.18206528349576,阳光和墅
116.98544589213844,36.30750107539485,116.98681680973507,36.308430324724405,邵庄
116.97589440815015,36.25948666061395,116.97740509244261,36.26063083903127,界首
116.87156005955947,36.3416065019293,116.87282213861992,36.342540397442725,桃花村
117.23963392380743,36.296670181548684,117.24162783273528,36.298467495512554,黄前村
117.15116666289383,36.22019448882449,117.15228984050782,36.221593611101724,白马石村东站
117.01746585745775,36.26096882593525,117.01894602739415,36.26201203894317,桃花峪游客中心
117.26592198741781,36.243857089523814,117.26720670740775,36.24510891048766,聚银纺织
117.18391757074676,36.20686270777023,117.1851833242358,36.208091192215605,康平纳集团
117.12553809266868,36.16892626307876,117.12675531112367,36.170033936859596,水泵厂
117.1479339746772,36.18932025204185,117.14944742906214,36.1903029483485,花园小区南门
117.03046278896026,36.2198745428437,117.03255090399155,36.22166855732247,泰山学院
117.17725963464223,36.23047487651368,117.17850526206018,36.23157432347011,安家林村
116.92781392581797,36.18873202694018,116.92894747508224,36.18984777297319,中朱庄
117.03853458401551,36.317885926895094,117.0396486159795,36.31878747307083,玉皇庙
116.91189323448037,36.252175451817706,116.91303026314591,36.25313654804095,里峪村
117.0372304895385,36.17762705980492,117.03842610979723,36.17886003980514,开元小区
117.00871507718698,36.07775676333343,117.00993712322246,36.07872533650648,王家园村
116.9735186803704,36.075464287631505,116.97477051919678,36.07676151162097,大西牛村北
117.09026809854349,36.05731126477292,117.09148050408875,36.05835593519165,满庄一中
117.11568015800651,36.20612992466281,117.11693264559133,36.20725277532951,环山路梅园
117.08415263016175,36.07352461940632,117.08545096695535,36.07464728062915,东河北村
117.00740773767824,36.15883058371185,117.00872255846544,36.160015116345704,海岱花园酒店
117.04740148592354,36.172316184498904,117.04888921734603,36.173284815823294,泰安市立医院北门
117.14101153269606,36.21286483788727,117.14244116674745,36.21392266159468,三合水厂
117.04329541775944,36.16572116428409,117.04477028027326,36.16666543591893,六郎坟村委
117.08627154685058,36.10741072465569,117.08758605894356,36.10932167497895,嘉和新城西南门
117.13694425648801,36.19471181640148,117.13809694377059,36.19581248323658,东关附设站
117.06861590060558,36.341394222354815,117.06979360225289,36.34227727750164,十八盘村北
117.20716912201318,36.19658794897676,117.20844127467663,36.197709251036876,省庄卫生院
117.06620635955983,36.168559347681025,117.06747444546845,36.16979245231608,滂河大桥
117.17201273222156,36.16710523288767,117.17363496538744,36.16807436745665,速恒现代物流园区
117.16550976251024,36.13293520160849,117.16665853828798,36.13401179783722,鑫居花园
116.98921701641002,36.18778334340129,116.9905854857263,36.188737755629816,秀水湾
117.0557427768369,36.206167818569696,117.0568552231559,36.207069381396266,樱桃园路
117.0823828718543,36.12427727994299,117.08350852702547,36.12530501951162,东方学院北门附设站
116.95073375047981,36.100696683339386,116.95201684762377,36.101767716667865,夏张农技种子站
117.1157431528789,36.15307711527628,117.11685484710628,36.15397868468969,栗家庄
117.09786296504845,36.13566023532655,117.09943713718239,36.136677463293566,泰山集团
116.9272821677194,36.21318066687398,116.92854052798806,36.214351233115806,道朗镇政府北站
116.97244664275128,36.09498407616386,116.97371555739046,36.09588772381413,张家村
117.25816637988892,36.19833290182565,117.25940551908688,36.19965469765231,侯家店
117.18669429024195,36.224519265392594,117.18789170733095,36.22553883455421,御道大街西段
117.1562782116217,36.20802771539346,117.15752089267842,36.20918778457452,北上高大街双龙路路口
117.08682836593556,36.09439201044486,117.08793923405337,36.09529358952115,中天门大街立交桥
117.1555453403701,36.1379012080896,117.15674105685117,36.13893569184358,徂徕路唐訾路路口
117.21094557625514,36.08262256342861,117.21216161994704,36.083730536502,郑家庄
116.89831160759006,36.30985696245875,116.89943319069991,36.311021937484426,胡家崖
117.00843262705955,36.24005190367653,117.00956717388479,36.241096095818754,亚特尔山和院子
117.00618914172684,36.18424533007466,117.00798036301843,36.18530507072857,天平大街灯笼山路路口
117.14731933216632,36.201356939139316,117.14947997007576,36.20235776137195,泰安技师学院
117.24180595559305,36.19762127950183,117.24414375456973,36.198755378046414,孛家店
117.11728542752013,36.087694761452084,117.11936536735062,36.08880703965189,一天门大街龙腾路路口
116.9187520154557,36.323897796261306,116.9200171833043,36.324858203312466,万南
116.9258349321408,36.314485381588874,116.92698896490462,36.31586871831205,金山铺村
117.06428961447078,36.15123692583149,117.0657486811993,36.15311507327123,梅山西路堰岭环路路口
117.2669998092372,36.191768391259316,117.26901768857977,36.19275780921752,姚家坡附设站
117.08136565482229,36.119118088863296,117.083085344429,36.12027701004362,泰安一中新校区北门
117.07874190749867,36.17818908516903,117.0800523954478,36.17977671428681,万达嘉华酒店
117.05215275550012,36.185460836046325,117.05405413946137,36.18654676490233,济宁银行
117.11156711926327,36.090289327288176,117.11296268644347,36.09165717287657,龙潭南路一天门大街路口
117.17031308273909,36.19493210664936,117.17171091831884,36.196042493220595,小井公交枢纽站附设站
117.18327669618557,36.19692182292567,117.18468690420248,36.198011776812834,大安绿视界
116.99946076449729,36.20377966967479,117.0027381377764,36.20568782742528,金陡山佳苑
117.00769523156053,36.15064471616827,117.00898216609711,36.15156208387987,梆子峪附设站
117.13119904393702,36.19742568519268,117.13231675500721,36.19849971475815,齐鲁银座
117.09556124124286,36.131715086394394,117.0971388539911,36.133746912350226,山东第一科大
117.26566516775483,36.24028387370181,117.26716312552908,36.24178142657374,泰山核电设备公司
117.1131400546218,36.1868473989985,117.11442684214293,36.187976401030056,校场街
117.17091296312782,36.20448521232549,117.17229663698984,36.205551487395184,冠邑集团
117.1118680170797,36.199983908499505,117.11521024694413,36.2010168793661,建疗
117.00876208029668,36.31839162683408,117.00987611970213,36.31929317313185,杏园村
117.06690317723314,36.353432523400954,117.06817762208715,36.35434187660968,陈家村北
117.02778789486422,36.191104528038615,117.02918980355119,36.19223767190119,旅游开发区管委会
116.99526174542308,36.37927522396965,116.99650605700276,36.38072567567863,西野老
117.1233419121478,36.14075114130008,117.1244963878773,36.14186705838762,夏家庄
117.09699527668981,36.20608413560726,117.0988449208876,36.207073564853765,天外村广场西站
117.24255453526408,36.29279537096099,117.24390376212907,36.293726729162685,骆驼庄
117.09656384929542,36.09036598399562,117.09785284917487,36.0913247154237,水泉社区东站
117.10047111879592,36.17902544209503,117.10660855823174,36.18492146100326,泰安汽车总站
117.00662498237999,36.18122953422935,117.00799121900016,36.18222346510785,金牛山路北段
116.92455896884623,36.147314760566445,116.92567803098426,36.14831983936481,任家小庄路口
117.13836434434404,36.362141279407815,117.13965945702074,36.36355941986755,黄巢
117.1318752397706,36.17913642851076,117.13312915557604,36.18032977146286,迎春小区西门
117.18975347954523,36.210149718732126,117.1914174224347,36.21121237983703,明堂河桥
117.1869566315226,36.205055711389186,117.18856016373014,36.20608048920881,擂鼓石北街明堂路路口
117.08211602534077,36.12657037950339,117.08523727074527,36.127682821655455,山东第一医科大南门
117.07932068491418,36.15813011934848,117.08098311944096,36.15915678127381,泰玻路口
117.16408960175954,36.194269143004306,117.16552389791445,36.19533955653197,东岳大街佛光路路口
117.19654063192277,36.21002066992548,117.19967477173141,36.211122831133984,北上高大街科技中路路口
117.15231550779714,36.214259515119195,117.15368369224505,36.215310984596876,白马石社区
117.27762500366653,36.19137411644918,117.2798983966861,36.19229488359696,北王庄
117.00202925093394,36.24004467655707,117.00341244752425,36.24157492236309,亚特尔山和院子
116.98909973420878,36.183878516676494,116.9902118657925,36.184780083289496,阳光和墅
117.04363774885789,36.20853335758929,117.0478812266259,36.21063644692472,公交一公司
117.1024602264729,36.36012371229728,117.10409347567989,36.36140078749339,香附崖
117.12093070453516,36.107967268048334,117.12241219640654,36.10911613170398,龙腾路中段
117.29277310250066,36.249701025539395,117.294034000429,36.250795474469996,石汶
117.03220521196295,36.39756704752123,117.03343589043406,36.39861115246215,高而南武高路
116.96168214928687,36.18176121660751,116.96279425071792,36.18266278335845,一能重工
117.1882015884857,36.20287426984901,117.18944211404155,36.20393543014497,科技西路
117.24382722026225,36.07307581242446,117.24493777970676,36.0739773875415,徂徕村
117.10341365826154,36.205907771609624,117.1048781396235,36.20689652725368,天外村广场东站
117.17846801262773,36.10006498627241,117.17967878515405,36.10109051369762,北店子村
117.1332782472669,36.12629679707638,117.1344431494419,36.127330302782156,窦家村农业园
117.26565645285967,36.252576446184996,117.26688224797398,36.25386725330087,东碾疃南
117.10393846083595,36.11894081726018,117.10532423818744,36.12004138261446,万境水岸小学
117.15317385861478,36.21164318741039,117.15448564275215,36.21261661203527,宝龙社区
117.17682503416896,36.18821271775059,117.17809506404926,36.189152681609045,小井村东
117.10877014648051,36.30751113184534,117.11000875334734,36.30875971760492,藕池停车场
117.13394214038381,36.20397496266899,117.13528406047168,36.20504663722804,虎山东路北段
117.11124610638872,36.30751141109107,117.11251389567497,36.30843508816508,藕池村委
117.14154006818896,36.17625096526501,117.14289423132699,36.17731553456862,韩家结庄新村
116.87950096796688,36.36427346637207,116.8806169326901,36.365252333451146,裴家园
117.14186755814742,36.20211332704127,117.14308973963661,36.203146672938466,向阳小区
116.96255488386376,36.18767384721945,116.96559980083569,36.18901942172861,华禄家园
117.0273822174871,36.200119444578085,117.02863788391045,36.20149575488215,省交通职业学院
116.88351660123159,36.19852204887161,116.8853837020304,36.19954125174825,鱼东村
117.15417420554265,36.18608500759381,117.15540849385836,36.18736859180781,訾家灌庄小区
117.07851965391501,36.19530851796232,117.07963194607493,36.19621008200364,泰山广场西站
117.08207713504912,36.20053420123428,117.08433580856156,36.20203383425799,市人大市政协
116.86579626457946,36.244943539357934,116.86731543485587,36.245861160694766,箱子庄
117.1583369211295,36.21971499124608,117.15963058140758,36.2212426082206,下峪村
117.14989692529319,36.161080717869886,117.1530956178995,36.16235547949718,农大新校
117.03516822728064,36.170062734055904,117.03633667247868,36.171195565476175,东岳鑫城
117.05794640413086,36.19983830635939,117.05937289755289,36.20077259378792,粥店路中段
117.09343651072072,36.19457146279734,117.09479769127698,36.19553083631081,文化路西段
117.22515564514215,36.2676568265024,117.22626895482901,36.26855837346352,大兰沃村
117.02672081871788,36.22824571125598,117.02799278418128,36.229159588767246,大官庄
117.05553784466403,36.2107139189113,117.0566503553288,36.211615481054665,樱桃园路北段
117.11159215944139,36.12242909782752,117.11297794431786,36.124180701450136,泰洪儿科
117.12854974568467,36.09572634772663,117.1313370573387,36.09678615310687,航天特车
117.1987185898266,36.17799104526102,117.20007170796754,36.179119654759994,花样年华附设站
117.26597739518463,36.21818111370479,117.26739270476311,36.21925758596588,鲁强能源装备公司
117.07854491157688,36.18839350116769,117.07991938500925,36.1895931989148,泰山金融中心
117.07739456941317,36.182427384489486,117.07871213311961,36.18354671554491,松园小区
117.10371847677393,36.103641496129455,117.10499702302725,36.10465680374266,山东健通生物科技有限公司
117.11510188764765,36.1983532284102,117.1164667087034,36.199298271769145,广和路口
117.06981906248596,36.19157510086036,117.07113053406097,36.192502999228445,公交公司宿舍
117.11321138772378,36.1147238820904,117.11434531333204,36.11576811733276,高新供电部
117.11640199143041,36.095739362207794,117.11762020550273,36.096807737748826,泰安市瑞通驾校
117.09639533664307,36.201299664273094,117.0978049616255,36.202291534849934,泰安卫校
117.23985094282381,36.26569280543988,117.24118405721661,36.26672689432852,小兰沃村
117.06819246876849,36.181980800016234,117.06971413142458,36.18309269941725,附属医院立交
117.13481642389505,36.297813585395446,117.13621217461105,36.29874141471906,大津口乡政府
117.02429448096412,36.18591909334412,117.02585161710354,36.18695000542865,大河路立交桥
117.02823544204895,36.14522996791384,117.02964346588723,36.14680813230499,兴岳食品
116.94263835630811,36.29591088266557,116.94383124185086,36.297235017107134,曹庄
117.18479750601337,36.22250869239717,117.1862076913999,36.22368920763823,汉明堂
117.24109582282368,36.18513071986131,117.24227927532779,36.186119080090776,于辛村
117.06999075247859,36.14585206900842,117.07125654596226,36.146800530445546,泰安实验中学
117.12223596957243,36.29934983788234,117.12344583395553,36.30043246204874,天龙河
116.92666045317462,36.204147764636005,116.92809474654673,36.20524403504833,道朗镇
117.06790730229999,36.36394195633888,117.06920939358109,36.365128243703225,苇沟
117.18524454338198,36.253613724310874,117.18635765659431,36.25451527565504,刘家庄水库
117.12474877133938,36.16396046144953,117.12614183423521,36.165314138708936,灌庄
117.1202116300879,36.168157884960316,117.12145746898315,36.16917191500851,将军望岳名都
117.08628249557276,36.11110561162532,117.087572306287,36.11256738775958,嘉和新城
117.17010114196034,36.19178961858321,117.17288561280125,36.19347311321192,小井公交枢纽站
116.99399116781512,36.13625534640788,116.9953036340579,36.13734525359808,梨园村村委
116.99808344848213,36.243827953326914,116.99957445377629,36.244779046912434,迎宾社区
116.93997038982633,36.120790744822685,116.94130101078781,36.12180445480955,河西上章
117.06579505490427,36.15268081461822,117.06690674508728,36.15358238534777,豆瓣乐园
117.09755606138584,36.14709604910901,117.09888833407206,36.148335950970036,白峪路路口
117.15657209255762,36.21654679210874,117.15772330992375,36.217526907771216,青山家园
117.08911184571284,36.09727051068972,117.09022275427574,36.09817208927628,中天门大街立交桥
116.98911050569865,36.17376141591299,116.99022249430264,36.174662984052986,山东宏康
117.1209192323205,36.11222035620391,117.12241826904192,36.113155843948924,龙腾路北段
117.05332406421991,36.14671503510131,117.05698662927558,36.14798706693204,万官大街盛景路路口
117.12339183447945,36.05419608197589,117.1245751661823,36.05541261768387,道洼村
116.92468141921982,36.20129974892267,116.92602358171564,36.202373750987356,道朗镇中心小学
117.25676110033729,36.104465969801055,117.2579461996932,36.10564392970031,新庄
117.19919934300623,36.24101669299099,117.20033395731083,36.24206970676411,北孙村
116.91283271965231,36.344230417967026,116.91415357764888,36.34535648207262,小万德
116.98822557877959,36.17481081870558,116.99322664607467,36.17654634788684,岱岳经济开发区
117.12831228864204,36.17660896639506,117.12968351023993,36.177617833018616,天悦府·福园
117.08606660601374,36.18250920697236,117.09095014803094,36.18490767319203,七里小区
117.00207612807962,36.22427334673788,117.00358817380987,36.22522005347936,石腊河景区
116.84847911254879,36.24362552219914,116.84979328746385,36.24452707776684,天鹅湖
117.01796212316485,36.16640744454982,117.01908137709745,36.167405855328255,御府苑小区
117.10514336392917,36.13494385287019,117.10651453649345,36.13601614692719,泰山无线电厂
117.2398539468015,36.09405581924066,117.241025351671,36.0953183805824,邓家庄
117.07551251855564,36.193700064158776,117.07667948465533,36.19473003571081,乐园小区东门
117.06846238904427,36.166998406319465,117.06961181441078,36.168027493503814,堰西社区南区
117.10895961277801,36.18705211773444,117.11007178720804,36.18795368223151,财源北街西段
117.03682161838599,36.18613211693539,117.03793378160924,36.18703368303057,岱岳区区委区政府广场东站
117.00633147923442,36.25718063129054,117.00747331738499,36.25819586851544,南马套
117.07814480996966,36.07518129141196,117.07928689085321,36.07624680806523,钢材市场
117.21487818728146,36.07779327277373,117.2162113107211,36.07871842732024,泰山温泉滑雪场
116.93435179647858,36.17751270741526,116.9358252538902,36.17916578701488,道朗镇杨家庄
117.11119311652965,36.20567148409755,117.11305088844041,36.206749216799864,普照寺路口
117.17655734379309,36.095484780691066,117.17784505534551,36.09652491925254,北店子小学
117.03432447643553,36.17791621630294,117.03543652356001,36.17881778366303,高铁东街
117.02571983147436,36.22228264726728,117.0272880643781,36.2236382528563,董家庄
117.0699910429478,36.07623063511859,117.07128835349667,36.07738696492186,钢材市场中段
117.04647048468013,36.080178487691484,117.04778830920645,36.08153721237752,钢材市场北段
117.212678132733,36.299238187648314,117.2137845686765,36.30022211182041,裴家峪
117.02421219804778,36.153924906238814,117.02572709852453,36.15490169412643,泰山国际汽车城西站
117.0679560692336,36.04243354947934,117.06946103383673,36.04369785056028,鲁怡材料
116.9740097240657,36.18220057955444,116.97542047838584,36.1831428206322,希望路
117.1174581409574,36.19573541007663,117.11860025795825,36.196891389818326,同升斋视光中心
117.08632121547947,36.19858063458828,117.0888988789937,36.199751166863166,泰山学院附中
117.12268299437278,36.18879796333168,117.1238517071298,36.190052436493986,老县衙
117.01920205327013,36.19532981756027,117.02031434672735,36.1962313824057,新湖街桃花源路路口
116.89480450324211,36.292748710277685,116.89600139681383,36.29370858964209,下营村
117.07357606547014,36.17570137567443,117.0746954370674,36.17697742426184,长城中学
117.24343595356447,36.173372595402036,117.24466914492587,36.174311204127896,栗林村
117.16882559502363,36.17561441802091,117.16993760495478,36.176515981945045,上高镇
117.104188739964,36.19873099138795,117.10582765625871,36.19973710913953,擂鼓石路中段
117.26511927863392,36.256118708141784,117.26651281874595,36.25728959190043,张家户
116.97754200230847,36.31346910331212,116.97876159926817,36.31437349666834,大韩庄村
117.00537368816705,36.182669950417285,117.00888173187421,36.184174899648326,天平店
117.14873958855163,36.13698411869467,117.1499533145503,36.13805048125834,篦子店村南
117.15039745253796,36.19952021971246,117.15171864425513,36.20114267974742,政府采购中心
116.95766767070103,36.100677532650465,116.95893122821936,36.1017088673204,夏张地税所
117.08984937364833,36.19695468676009,117.09147332875838,36.198243213086826,迎胜路北段
117.16111793997236,36.15203969788965,117.1626428593932,36.15319260174726,万官大街东段
117.02040575394702,36.19214730963614,117.021682952692,36.194123590100375,泰安三中新校
116.96882315520234,36.18491394041086,116.97154574544429,36.18642875671338,起驾店
117.16748651870597,36.30279695979147,117.16867148121442,36.30396313969477,高家圈村
116.87095559003194,36.30330972769178,116.87223041088303,36.304340972264455,孙东
117.05695005601147,36.1794672810129,117.05967724017304,36.180561820038314,科大西校南门
117.13363876907464,36.131295493134274,117.1348632287185,36.13233160684838,窦家村公交停车场
117.18518108616982,36.22741627076947,117.18650810741288,36.228801929306705,电力学校
117.24534474183156,36.28981474350423,117.24656646037637,36.290714555771515,黄前镇政府
116.87674971303703,36.18245593662526,116.8780582877705,36.18336876340516,城子寨村
117.12125375400184,36.17675054190895,117.12237874541574,36.1777750578265,南湖公园南门
117.15114067689836,36.18148470110533,117.15303202533599,36.1824716993299,市儿童福利院
117.08733913700993,36.39810771017343,117.08858906440236,36.399054989374264,闫家庄
117.12410644867008,36.07031902655362,117.1253840557056,36.072029773109406,龙腾路南附设站
117.06497023114116,36.161437489382834,117.06618386976575,36.162343310607035,爱琴海5号门
117.1472936921931,36.18216605297026,117.14873580408934,36.18342484714018,梳洗河
116.85461147216057,36.2468126300882,116.85587842823483,36.2478036696944,孟庄
117.16337498993106,36.196272625042525,117.16468281132232,36.197249574448335,佛光路路口
117.23194787558022,36.09213209375359,117.23356242037765,36.09314140678244,许家庄
117.04236044691909,36.18168128716518,117.04381835682554,36.182651713155636,财兴街东段
117.0808845174795,36.15531315694609,117.0824522805984,36.156348741808216,泰玻路口附设站
117.19204113941495,36.20505481460662,117.19335155836465,36.20615498541571,岱银集团总公司
116.96942586907595,36.097057769076805,116.97068393103719,36.09805333076844,东城村
117.12498355654374,36.124233114063344,117.1262611425165,36.12526898589268,洪沟店南
117.16017426617817,36.10878221278291,117.16128533380143,36.10968378718308,泰安颐博康复医院
117.13119425132189,36.16610645426819,117.13245555141542,36.167193545741576,宁家结庄
116.90408158570267,36.23804661110311,116.90520471623084,36.23924628883717,朱家洼
116.8995320816538,36.19858058857113,116.9008010159171,36.199493611453455,埠子村
117.0279421873405,36.12952663181449,117.02907570961766,36.13051736799537,金牛山附设站
117.10623483902194,36.38452631174962,117.10737306234454,36.385692688167744,李家南
117.0679921378892,36.147184282113166,117.06976826304074,36.14846001719655,万官大街梅山东路路口
117.01970616000112,36.07540335834564,117.02101463808243,36.07649304166313,东牛村南
117.04593923065384,36.386828626785665,117.04711136631293,36.38784937309465,出泉沟
116.89547001783608,36.30147592501002,116.89668777841952,36.302577774927165,小王
117.02287048618663,36.21423437163668,117.024555814004,36.21541072751539,小官庄
117.14173894166936,36.18237189612925,117.14348395636712,36.18346580228235,五马精品城
117.02155900953994,36.19004105103882,117.02497408347982,36.19133125107797,天平大街天平湖路路口
117.14540014422467,36.2034384323764,117.14672705461898,36.204428167105,岱道庵小学
117.12891087822085,36.20454468963657,117.13120422408086,36.20555311091776,九六零医院
117.19476883454367,36.3051477220911,117.1963047671231,36.306354777725396,金飞虹织造有限公司
116.93589257980354,36.203017950505064,116.93828981434271,36.204192150935526,道朗一中
116.99493603352578,36.24663691879371,116.99610217667038,36.24900468105196,石蜡
117.0934385803623,36.050227837464924,117.0949860356037,36.05151394816597,北留小区
117.10370523318254,36.178648066595116,117.10482526983554,36.17999113333612,泰山汽车总站南门
117.04452519058398,36.20336239042203,117.046060503064,36.20485190986201,二十里埠
117.07855383739961,36.19210989909883,117.08167488745192,36.19527440528274,泰山广场公交枢纽站
116.95543557908121,36.20200974614696,116.95661692118884,36.20319185345601,贺家庄村
117.11160472717218,36.12032259206543,117.11299487598185,36.12201690711741,龙泉小区
117.177998747303,36.244936045737006,117.17930855520876,36.246048254294415,杏园村
116.86281477922232,36.23494787206146,116.86426731711309,36.23591542824635,东尹庄
116.90882972582153,36.2187733175455,116.91025207469916,36.21968668248926,夏家庄村
117.05368181329361,36.16895454109948,117.05489078656575,36.17017235830905,天平湖路泮河大街路口北
116.87016469066063,36.1706646886372,116.87131541161524,36.17196561126462,高家庄
117.24799232899463,36.198728183638906,117.24950003580555,36.199791149779564,东孙村
117.05232935654381,36.17964332960811,117.05401424134821,36.18061097072791,光彩大市场南门
117.06697214614255,36.19572803261653,117.06840166078075,36.19786816678821,圣地公寓
117.22167334079596,36.163187743618266,117.22327776327622,36.16419645690864,迓庄
