min_x,min_y,max_x,max_y,name
1.371233671556788,43.63210052933475,1.3727636217215653,43.633311907270716,Navette P5 et P6
1.374877169509456,43.552191504970175,1.3769073441005653,43.55402802179156,Villenouvelle
1.4863615239503767,43.685607656410795,1.48783407719961,43.68665994350401,Frosines
1.3993742725530376,43.591697910831996,1.4007784270039882,43.59270628904072,Pont Rocade
1.5041187412493662,43.61804433689337,1.505382752069227,43.61962926300488,Château d'Eau
1.392277255432885,43.592676479240644,1.3944958445633706,43.59398781895772,Tissié
1.490382919367297,43.47201864488501,1.4917592824321062,43.47297005460189,La Place
1.4092463799457768,43.57651798090062,1.4111021199232283,43.57770871810308,Guyenne
1.6113110830797828,43.797117556650534,1.6129308087848633,43.79850404364405,C. Pitchou - Bessières
1.5104058525993236,43.60802983548612,1.5118053490248895,43.608993464008634,Bernadotte
1.3271797271026087,43.517382049670466,1.3290911829215943,43.518995650839095,Surcouf
1.4060726222025486,43.528292766485194,1.4073374782438985,43.529355233160764,Stade
1.5253742004357598,43.49021738934392,1.526626700265071,43.49126931057839,Granaillet
1.3843461715820262,43.62674977418088,1.3855852286971122,43.627649825780864,Bellonte Blagnac
1.5226145866215957,43.63108414515933,1.5238538136337176,43.63198425480287,Centre Equestre
1.5149248065163246,43.443508331904155,1.5161601937381695,43.44440846805804,Montbrun-Lauragais Roumieu
1.5976761151143197,43.43631438438548,1.5991714848501293,43.437216915571476,Collège Ayguesvives
1.4448619129257176,43.661477122769924,1.4464996848425105,43.6626478770509,Carnot
1.419313296095057,43.569943005529744,1.4209654052092953,43.57100929351125,Chemin des Martyrs
1.4886791321798811,43.56571688106198,1.49065188254242,43.567638019772936,Rodier
1.410309962465583,43.57347613357166,1.4132320944849297,43.575251185103035,Bigorre
1.551216752015313,43.51533598070443,1.5528991478214083,43.51646281865776,Lauragais
1.5712293789078542,43.64695769277968,1.5726443252111733,43.648049807245044,Clinique - Lavalette
1.3620609787594722,43.57930377897949,1.3634903139346835,43.58055062110024,Ramelet Moundi
1.5505301062311687,43.47142796647232,1.5539167747642708,43.473776285517644,Mairie Donneville
1.4226361866630488,43.65314312827036,1.424095810259671,43.65465627083388,Cadène
1.4523607732789463,43.54613633206076,1.4537989306748134,43.547240867987426,Pouvourville
1.446638202918984,43.65951856322827,1.4491759938352262,43.66107743517712,Condorcet
1.452018750406022,43.592159675164964,1.4538974503649382,43.593367224071145,Jardin des Plantes
1.4282637393092705,43.599920830181176,1.4297292602588967,43.600827569813035,Les Abattoirs
1.3735015424337946,43.65970723283876,1.3752930516589723,43.66170766511242,Mont Canigou
1.5885730876537956,43.52316676120592,1.5899198115958586,43.5241472387446,Mairie Odars
1.5024533611676698,43.61951813539852,1.5039512342134154,43.62068846470309,La Fount
1.3863278299740651,43.604679360037125,1.3877878673944426,43.60576693997412,École Croix-Rouge
1.5490406088729667,43.471813227262395,1.5502765913759995,43.472713372699914,
1.5086871914244582,43.55296854182613,1.5099248088323598,43.55386865813602,Bausch & Lomb
1.4755599138252031,43.73652326318946,1.4768012864394875,43.73742333677258,Le Not - Labastide-Saint-Sernin
1.3971367354562623,43.558331176049364,1.3995583662561542,43.559633421175086,René Valmy
1.3959198832277175,43.71277780642517,1.397247317614148,43.7137415935479,ZI Petit Paradis
1.3729986320003211,43.58223485307401,1.3746459652758305,43.58317864718533,Ardennes
1.465815520476393,43.62936305676795,1.4670546797887094,43.63026314319406,Amouroux
1.4316299611224474,43.65365908790416,1.4328749269416772,43.655731511970686,Roubiéchou
1.6610198033090282,43.65626678485946,1.6626040005792766,43.65721121542165,Mairie - Verfeil
1.5332462535270306,43.58255917047229,1.5345946393348788,43.583747029451885,Monplaisir
1.561746498200558,43.51967469120732,1.5642099846974682,43.5207995413769,Jacques Brel
1.5621953344405954,43.52313466842378,1.563876971490517,43.52444993178223,La Place
1.3543939337199138,43.60424999348252,1.3557795662394292,43.60523550638707,Benozzi
1.4824607761542714,43.57280284722963,1.4847717164283967,43.57448556882002,Gonin
1.4966073671842146,43.59398094247208,1.498667777092192,43.59519281053449,Aérodrome
1.526703556210602,43.53670936676243,1.5280499446897928,43.537688633208106,Route de Castanet
1.4521681600439453,43.635118885395,1.4535071359231604,43.63615921456504,Lanusse
1.4342544218757198,43.49760215944016,1.4356665738895915,43.49870624060597,Chapelle Gleyzette
1.453479408139874,43.67820454865107,1.4548533912556507,43.67947735047883,Mirabelles
1.3868794711608028,43.62103212101605,1.3885142047105532,43.622182783433075,B60
1.6014360533808873,43.54443802274866,1.602673546859873,43.54533817721377,Fongautier
1.436101476364594,43.52714935501325,1.437338523904405,43.52804944494871,Vallon
1.3437444047358875,43.52434564249759,1.3451872970079246,43.52574425660573,Mairie Villeneuve-Tolosane
1.4971524144617128,43.66262201486664,1.498963388010706,43.66356948548945,Bois de Saget
1.551418015413184,43.53092309557797,1.5528800846039756,43.531946604195724,Escalquens La Caprice
1.5029909781220054,43.568228649116605,1.5045791189267426,43.56939815084623,Route de Revel
1.4417881953675762,43.62275516134749,1.4430272049015966,43.62365523861447,Puget
1.5879900277528858,43.604583936031126,1.5894244706759901,43.605496564021095,En Gilède
1.4058530374712672,43.586056072626555,1.4072689672707221,43.58717042739392,Cépière Rocade
1.4620271377801146,43.53965629149411,1.463445467070466,43.54057070852532,Salas Montjoie
1.4563604991292274,43.593876921416154,1.457697304350905,43.59489507852143,Passerelle Saint-Sauveur
1.469870466107064,43.65652791470392,1.4712204375822802,43.657560385244956,Acacias
1.411970733616581,43.54068937164874,1.4133397680499895,43.541595528356495,Frênes
1.4108727146790625,43.602282466410784,1.4121112855951945,43.60318253355106,Talazac
1.4101942328399153,43.6946276763773,1.4114375660131586,43.6956201233187,Acacias
1.5031050897512401,43.688088701755134,1.5046623112704038,43.689178098050185,Le Fossat
1.382395115184856,43.571364617007895,1.383753700565347,43.572404709253384,Mounède
1.501581081512812,43.666628093130946,1.5032183238659242,43.66853124907818,Harkis
1.4702322417292901,43.5608936091603,1.471647688285423,43.561969617802184,Sports Universitaires
1.4070961567699765,43.568018384129985,1.4086959441232756,43.56912391559693,Cité du Parc
1.535370415522587,43.54010803539445,1.536607784729492,43.541008164567785,Chemin de Canteloup
1.4613281585791669,43.59564064647638,1.4631908401683664,43.59687475278761,Lanfant
1.5150387946581179,43.66940604972838,1.516278805598944,43.670306150233806,Clos du Loup
1.7346391138621016,43.580535183682514,1.7366345836604848,43.58150031670283,
1.800488904206373,43.5803934227142,1.8019813976545456,43.58138397651502,Maynadel - Le Faget
1.6006664671281312,43.435258214270974,1.6019017331115877,43.436158385691485,Collège d'Ayguesvives
1.3349504017173024,43.51837262660701,1.3367023009408538,43.519599473204416,Saint-Laurent
1.6761662224827896,43.77880132730174,1.6774085777475207,43.77970147266088,Marchands
1.4557672557942332,43.64969149626007,1.4572210434266342,43.650691003384416,Tocqueville
1.559109271487543,43.51551342023824,1.5603367301427828,43.51647507937978,Pastel
1.4997738686668096,43.5977998067221,1.501323825962641,43.59902989342594,Clos Fleuri
1.5142007370899833,43.68473005111025,1.5154410631674027,43.68563014885191,Grand Bois
1.7347009942218252,43.537166597799796,1.7359384059959286,43.538066802163,Couge - Maureville
1.4345724634332406,43.6922000701111,1.4364283984737087,43.69445932343914,Tour Totier
1.4577119445097653,43.529646550601456,1.4589490557555491,43.53054664936055,Le Pastel
1.4701902907997715,43.534547448356484,1.4714275094634544,43.535447551605586,Château de Soule
1.4271821114222163,43.525624753035345,1.4286475930696194,43.52655044707998,N. Dame des Coteaux
1.4691565256500827,43.58990164162505,1.4705764668114605,43.591155158436614,Barrau
1.3973035926245474,43.47593033956383,1.3987357427595914,43.47686924752571,Cepette
1.6214100071014592,43.49848397130505,1.6229487878080235,43.49969892882821,Cimetière Fourquevaux
1.6552936389624313,43.40752760762444,1.6565380602760438,43.40856599230383,En Selve
1.4234375387627496,43.74991886380124,1.4246473589045243,43.75085963560636,Cépet - La Corvette
1.6577102037434186,43.40175426368293,1.658980994121357,43.40269813624611,Place - Vieillevigne
1.516254204080473,43.69170201925597,1.517646895621991,43.69298047967439,Mairie Lapeyrouse
1.4308714843514876,43.66053529832475,1.4321919161814916,43.66172220122001,Gaussen
1.5846066974841868,43.7214355758855,1.5865079031753528,43.72264592327947,Montastruc-la-Conseillère La Conseillère
1.3947017417578214,43.7206721275747,1.395950058211907,43.72166217234634,Capdejouan
1.4629149690069987,43.54364364828305,1.4645109989071061,43.54494088683193,École Gleyze-Vieille
1.3436593994574275,43.58416185474281,1.3450986004120848,43.58518234504035,Les Chênes
1.4517663164690993,43.59400248503126,1.4546505514441286,43.59688516689247,Grand Rond
1.401536405671967,43.69997197286936,1.402915595406702,43.70093882680203,Terroir 1
1.365363511663993,43.50347435017601,1.3668364898070122,43.50438824990281,V. Auriol
1.3700645298311231,43.567509204834316,1.3715400530048736,43.568521643312025,Guilhermy
1.3885441823180453,43.6791735388885,1.3898672166880648,43.68011306093014,Billières
1.5167262693662584,43.668825400113704,1.5180581321660653,43.669763399547264,Viste
1.4225558877180284,43.57808294149158,1.4244622420878403,43.57933767499363,Barrière de Muret
1.5089541098578623,43.541382940856145,1.510191490398776,43.54228305910599,California
1.4538747476402738,43.500071349078794,1.455111252625347,43.500971450883185,La Rivière
1.385878955472378,43.56028609864242,1.3878370435936884,43.56154490035445,Robert Maffre
1.525553493848469,43.47940081842297,1.5269042995702886,43.481070281323575,Le Moulin
1.394704269156179,43.57956103125028,1.3964641308051562,43.58069716801116,École D'Architecture
1.437715688302487,43.65705228816067,1.4390247119620552,43.65819971119039,Turlu
1.433055152587176,43.597941361260865,1.434293647683203,43.59884143870106,Olivier Hôp. La Grave
1.5372115190483098,43.67922146911733,1.5396886045483948,43.68037205461114,Route d'Albi - Castelmaurou
1.38026647952254,43.64556237657354,1.381505920757539,43.646462423388215,Collège Mermoz
1.3805071565556728,43.66533829306452,1.382061041277195,43.666465506844204,Camélias
1.3905332346172061,43.63026624921923,1.3924346151179214,43.63162607932799,Guyenne - Berry
1.5012311270546164,43.54936430420898,1.5030458756247593,43.550316296177066,Commerce
1.5187784856835589,43.689594650562135,1.5200189145730925,43.690494749400045,Carrière
1.5229619457246173,43.665841621153845,1.5252450563663575,43.66679597931147,Platanes
1.4362965887035946,43.62356196258837,1.4375356115665352,43.62446203737357,Mazades
1.5543941083001491,43.755702335569104,1.555892986663058,43.756884764544644,Paulhac - Salles des Fêtes
1.4722944155764721,43.62965745542916,1.4735335846875157,43.63055754453288,Victor Cousin
1.3896595999037984,43.54754179043987,1.3910872040137807,43.54845710960726,Candie
1.3901751128310091,43.62255997255895,1.391414087447072,43.62346002740282,Aérospatiale
1.4554378728853095,43.67568994786484,1.4568800231081167,43.677246051439795,Chalets
1.8336757980382346,43.46082476808439,1.835657403464547,43.46199303018878,Mazières - Vaux
1.4375842614535697,43.650681654157935,1.4388880306435226,43.652255136868405,Sarah Bernhardt
1.755199551471606,43.53040779050818,1.7571239514471122,43.53149720740652,Cours Alsace Lorraine - Caraman
1.33299831204146,43.51641767325227,1.334632090727878,43.5175955267009,Le Parc
1.3713762081862224,43.609960107269835,1.3728073934820695,43.61093489214338,Crabe
1.4303088644773954,43.71287332899133,1.4317172351236997,43.71377807099511,Barry
1.4060883293252373,43.61787142271533,1.4088266204844877,43.619459153019385,Route de Blagnac
1.4443418140408475,43.493836350616604,1.4455781862263377,43.494736449345396,Del Bosc
1.4214709936948147,43.686356082623014,1.4233572738194091,43.68787037611344,Jules Verne
1.50722727833823,43.632553037391126,1.5087365201142144,43.633471862697725,Le Chapitre
1.4909206700146431,43.62441414206182,1.4923049284990708,43.62532165795867,Joseph Hubert
1.4298291292059435,43.69507774732289,1.4315469790667599,43.69651055302415,Bertrand
1.5063691564253339,43.599554014784026,1.5078525509593748,43.60082578531684,Cimetière Balma
1.4830082595565268,43.649827142098815,1.4847664305070079,43.6513821583602,Hasparren
1.4939846552708655,43.58038367719529,1.4952177432089353,43.581362922414925,Moulinais
1.4788764488100483,43.65092768838982,1.480753758476419,43.65197251257014,Roncevaux
1.3930678169032895,43.635424673300605,1.3948569787507463,43.63640802722963,Bûches
1.3633299086483794,43.64475129809641,1.3661225209488277,43.64625271671366,Air France Industries
1.6955208536530963,43.47886621366876,1.69694764540096,43.479897786234005,En Galinat - Varennes
1.4731823231553185,43.509012110257515,1.4748153697351292,43.51036579000139,Route de Castanet
1.5160605709568806,43.75681232718682,1.517448730726369,43.757769072324386,Montjoire - Chêne Vert
1.381984593267478,43.51153445224974,1.383853013809742,43.51257494868199,Pont Rocade
1.4574885417144356,43.734331366821564,1.458729858553365,43.73523143314042,
1.4793494681069588,43.71549755108417,1.4807982325821512,43.71640374894226,Église Montberon
1.4580815991363243,43.62261619105105,1.459608006195912,43.6238209090806,Sainte-Hélène
1.4556092102557625,43.54343252678085,1.45693009061374,43.544578272249844,Estérel
1.4777861737699922,43.54502476061984,1.4790623300983818,43.54635613929979,Marnac
1.5971838784579644,43.54209602338151,1.598421321783503,43.54299617658093,Route de Lauzerville
1.4283027331533504,43.66718092060759,1.4298884595386012,43.6691105784039,Mairie Aucamville
1.5878854375445175,43.52677552396821,1.5891225626983825,43.52767567599418,Bel Horizon
1.659111044112085,43.48376920964883,1.6611114519733516,43.484767390971825,Le Pas du Merle
1.5287130862748566,43.6253704345748,1.5303835132084012,43.626458664732766,La Seillonne
1.489690492493055,43.56349113182612,1.491327305182581,43.5651322850129,Clément Ader
1.4552137259429345,43.502159348959566,1.456450274322482,43.50305945100243,Le Breil
1.3564349838502765,43.616653279629226,1.3576738164335511,43.61755332033245,Self caravelle 25
1.5146700628616985,43.536041839266055,1.5159073373938945,43.53694196069613,
1.6102453557949243,43.45059502087303,1.6117304446783542,43.45149997914836,Engoudes - Baziège
1.4254501975567964,43.59657980596916,1.4279257074043088,43.59762289514824,Roguet
1.411073961763341,43.579247739810015,1.4131925755370531,43.580754606260676,Bagatelle
1.3946610221118843,43.57526972054777,1.39601586836931,43.577196279219976,École Espagnole
1.4698707885820177,43.647094590517725,1.4714479135551457,43.64810540843337,Saint-Caprais
1.4762428201784594,43.649492816902765,1.4774867801923997,43.650470183053216,Bidart
1.631137290448345,43.613238628000914,1.6324035111042527,43.61428537121669,Gauré - Village
1.4535266277844692,43.59900165804571,1.4551167691612108,43.60063924038779,Place Dupuy
1.4288398941679021,43.637976216996094,1.4303985961128125,43.639429183300535,Le Grand Marché
1.3869711466227956,43.66187012995804,1.388312154406522,43.66282106979161,19 Mars 1962 / Latché (Beauzelle)
1.4594425614883986,43.6340223157862,1.4635026578796346,43.63568628962791,Cabarette
1.6144796306444065,43.38001904839223,1.6158999666487692,43.380951450746416,Las Camparros (parking) - Nailloux
1.381636983975402,43.704472226730616,1.383281217065043,43.705598872960614,Moulin
1.370274704407238,43.49610703490566,1.3715223973317596,43.49712426437342,Cimetière Roquettes
1.4812322124681072,43.72681276123689,1.4824733877954854,43.72771283872517,Montberon - Le Tucol
1.4376813247395732,43.50278095274911,1.4389178755288607,43.503681047212844,Chemin du Causset
1.4161800335339365,43.56960044846521,1.418370404664282,43.57197874432418,Bordelongue
1.3671075336522727,43.66918017696855,1.3699486576571136,43.67050410581074,Centre Commercial Beauzelle
1.4706235215566863,43.73887480888613,1.4719414754065798,43.73976349036697,Église - Labastide-Saint-Sernin
1.540546462501987,43.62798477521807,1.54198635378436,43.62973119411692,Pin-Balma (La Ginestière)
1.4865570118582576,43.6074533569179,1.4889699943164358,43.609073942583,Stade
1.3893139001128356,43.60790790960582,1.3916443709861588,43.60909283549346,Flambère
1.3766690262972008,43.64421830275269,1.378260603044867,43.64529096375151,Grand Noble
1.4751660499402812,43.550842288200045,1.4764496496680282,43.55197181147632,Cigognes
1.5958870648717214,43.446459518737626,1.598341893862479,43.44812874779954,Ticaille
1.3979585955309413,43.49549031179071,1.399163202348931,43.496417987793016,Jordanis
1.5072920274724195,43.61521380780248,1.5085373726249613,43.61619969210082,Carrel
1.6411896228513625,43.60989284730151,1.6425544728492811,43.6107910526581,Gauré - Mairie
1.6234080930649706,43.67642342899157,1.6246483071734146,43.677323570970906,
1.5635028464237453,43.5558850310371,1.5647405538236692,43.556785168925224,Mairie Lauzerville
1.465894964576614,43.554112795432786,1.4688814830426735,43.55620980918596,Clôtasses
1.5136185694811857,43.48860013565006,1.5148698288705431,43.4897200642731,Mairie Pompertuzat
1.3727140680065806,43.5643093442723,1.374423740246419,43.56574155607289,Liffard
1.5283095651660117,43.55321118047308,1.530281633565466,43.554370218018626,Altigone
1.3858178202143088,43.56978729013282,1.387275924713013,43.57079541152484,Mesplé
1.4193483711746182,43.69176209997904,1.420598529667564,43.69279329996942,Egalité
1.4337370143654495,43.62283451344041,1.43503708723718,43.624040886355594,Baqué
1.6381467018450446,43.6557677245881,1.6393864983905704,43.65666787537443,Montplaisir - Verfeil
1.546796823626095,43.626251618263446,1.5487041734500913,43.627564481271804,Les Plassines
1.504062539633041,43.668609821055874,1.5053224606227351,43.66965937881448,Gymnase
1.6845135919212764,43.4700080013866,1.6857496083044334,43.470908198576055,Varennes En Clavié
1.3908014394645714,43.54150589639252,1.392759159010696,43.54264910205469,Saudrune
1.3706665586695697,43.59920094056008,1.3739856113818678,43.60120797605273,Gare de Saint Martin du Touch
1.3545493364080752,43.60636542270801,1.3559376055166752,43.60747941630384,Caulet
1.3988457711910949,43.61487868313601,1.4001164312888803,43.61608541678665,Cauterets
1.458586544353359,43.702169701322966,1.4599359571648522,43.70311509830736,Turtelle
1.4686923939271483,43.63995016428932,1.4702233086368592,43.64093053461572,Caunes
1.4779021111852833,43.64595800495591,1.4792451893320455,43.647176594443735,La Franqui
1.4765615319469665,43.61176954097073,1.4780327705837275,43.61285465904957,Soupetard
1.3855401901180833,43.58082254957703,1.3869235102192543,43.58180635021848,Bordeblanche
1.5800060543479635,43.45593043916523,1.5814930485401126,43.45685436096866,Gendarmerie - Montgiscard
1.3812517852736501,43.7074286640619,1.3837459027784944,43.709691528736094,Avenir
1.5229468889504738,43.552301973300644,1.5246840088606268,43.55335072537788,Corail
1.426094638338189,43.67089977601384,1.4276932235031687,43.672699217846144,Favasse
1.4813091860390983,43.537111184609095,1.4826203129624833,43.5380466152204,Ramonville Sud
1.387008479935031,43.534567387937045,1.388341624586612,43.536026211889535,ZI de Courties
1.4247611565757297,43.627023665348034,1.4260002436964345,43.627923734613866,Fonquerne
1.4627048976496093,43.627949701725406,1.4644651995783904,43.62898079670796,Roubichou
1.346168751709711,43.586847497752295,1.347572955515722,43.58806530220341,Clément Ader
1.6023111003933954,43.576911461558744,1.6038690962592,43.57784973867231,Le Hameau de Lafage
1.3817016088444725,43.59479511381638,1.3831862974410807,43.59601458628564,École Police et Cadastre
1.3546156176873505,43.55211247201108,1.3560819917696747,43.55318696088155,Bourdettes
1.3804482314588997,43.574251794777034,1.3817018706028465,43.57538950516844,Déodat Roché
1.4202970164206614,43.614391535147575,1.4218049891134144,43.616097464191604,Lassalle
1.4567934186609515,43.54926601764661,1.4585731492609222,43.550319563777116,Pastel
1.3666755700929274,43.655339262698995,1.3679254283631657,43.656435737235576,Giusta
1.4146187923909859,43.59459536498695,1.4158572078825313,43.59549543497492,Roquemaurel
1.4337147447230696,43.471515551131496,1.4349506555456684,43.47241564883046,
1.4301310294373966,43.61299693905901,1.431990863545905,43.61404006185411,Passerelle Haedens
1.466591219323392,43.592052805706885,1.4678495810440542,43.59309439403039,Beau Soleil
1.3925024778141544,43.71641430217415,1.3938283249065009,43.71730979773402,Industrie
1.5598973463252799,43.51144646159247,1.5611398541176418,43.51243683835986,La Bruyère - Escalquens
1.4609001298773951,43.702453785075065,1.4622285727587516,43.70344431487857,Bellevue
1.367680673754551,43.640951949481014,1.3694914131511426,43.64272355119097,Marcel Dassault
1.4243209881606698,43.47733935361812,1.4255570121097525,43.4782394463438,Maison
1.433938232060974,43.51196855427891,1.4351749682082162,43.512868645683014,Les Bois
1.6254683950795994,43.59914042029201,1.626821402351874,43.60005597905285,Drémil-Lafage - Beaupuy
1.5309199657622217,43.64824478716082,1.5335799338521483,43.64916791282673,Mistral
1.5453690640836029,43.60206788230873,1.5469773378571268,43.603207817562776,Lancefoc
1.4724157300904692,43.582185355153534,1.4737420677853046,43.58310444439338,Buissonnets
1.4065049773498928,43.59299553127195,1.410144382378422,43.595468447810894,Hippodrome
1.6585758106355681,43.65440532068876,1.6598155895964997,43.65530547927383,En Pastor - Verfeil
1.4093134042547075,43.533679381225475,1.4105750951606744,43.534762918615,Saliège
1.4722222241855407,43.550782649212515,1.473459776077527,43.55168275074955,Paquerettes
1.4089471257285342,43.67280096542917,1.4104264757834455,43.6737152346525,Plaine
1.4840611340069143,43.65671895510849,1.4853008662553593,43.65761904485358,L'Union Grande Halle
1.7465429662649374,43.52984379517327,1.7477802339507085,43.53074400478953,L'Orme Blanc
1.5019033624435647,43.5967283888321,1.5035322346478293,43.59791691108802,Clos Saint-Martin
1.7116722896431382,43.60215919303262,1.712933214386774,43.60313020672011,Église - Bourg-Saint-Bernard
1.5612385127632071,43.593977100194806,1.5634680604279823,43.59501350276744,Mairie Flourens
1.521826031621467,43.54054419431634,1.5232139892059111,43.54173838113557,Chêne Vert
1.3845248009258144,43.54452186308195,1.3866029973395764,43.545692835052506,1er RTP
1.5521859235342832,43.69448575598881,1.5537390791006316,43.69547024284678,Castelmaurou - Montvert
1.3885753946241421,43.58086194433096,1.3903738030509307,43.58181275595959,Pradettes
1.7463292762452944,43.53419254281177,1.7475711253253656,43.5351948566453,Briquetterie - Caraman
1.811600368563042,43.70293340260302,1.8146125300503309,43.70428176490378,Lavaur
1.4100639700687734,43.60745498701012,1.4114898541353966,43.60839225528604,Biarritz
1.4871048180490345,43.62865847877297,1.4883448797775538,43.62978132117522,Louis Renault
1.420878104519114,43.57599228876796,1.4222296927852396,43.57690291053601,Orbesson
1.4759595342269292,43.73453686294885,1.4772008660376683,43.7354369370132,Cité - Labastide-Saint-Sernin
1.3966028931644408,43.60843317736166,1.3979424137927392,43.61009572249299,Centre Commercial Purpan Est
1.56672342036614,43.504598890453295,1.5681751815142289,43.505659309533655,Paradis
1.4370223877473818,43.6901849456749,1.4382943126481722,43.691257353951144,Alphonse Daudet
1.405165880430974,43.68795283490036,1.4064960239347106,43.68898956498561,Sers
1.4426652549995793,43.62524285389278,1.4450112405119098,43.62731850698535,Lycée Toulouse-Lautrec
1.4522238553815805,43.557782647160195,1.454046378737118,43.55932071907412,Hôpital Rangueil - Louis Lareng
1.4942929857092235,43.62187771467085,1.4961114091389747,43.6232376853381,José Cabanis
1.445645463941502,43.684999824620554,1.4475166785758216,43.68610722536771,Buffebiau
1.4761538246643418,43.666846310997364,1.4774012754797408,43.6678381888916,Pitchounelle
1.4992415661656422,43.62161130689574,1.5004973340103824,43.62264469290811,Doumergue
1.426295353220412,43.55732050691993,1.4276897147551504,43.55829930795017,Hubert Curien
1.3814416684468351,43.648507297498824,1.383064728176546,43.65019390082738,Buxtehude
1.628289751202651,43.781627094770336,1.6295838473684248,43.78281730499497,Buzet-sur-Tarn - Cimetière
1.4256096942207157,43.679236932405914,1.4278903047084792,43.68017636773972,Fonbeauzard Mairie
1.4081745108654333,43.524908437862,1.4094203869391708,43.526057162075354,Occitanie
1.5052537572209377,43.61560266008108,1.5068890414315959,43.616527440035114,Benech
1.4307470493015528,43.72171303802982,1.4330517913542258,43.72285761417132,Mairie Gratentour
1.5173768483796441,43.64077807279886,1.518932248000536,43.641949027245204,Belle Fontaine
1.3784722083291239,43.66058509372017,1.379829590942189,43.66157010622349,Grillons
1.461057656827002,43.57338461812657,1.4639752299662177,43.57528888395929,Rangueil
1.5141840102015,43.66791934978525,1.5154239900556952,43.66881945017693,La Bisto
1.4340150015132753,43.63309613125123,1.436776707873233,43.63464079189722,La Vache
1.5085366708644627,43.69224595362514,1.50977702838153,43.693209246241196,Domaniaux
1.3748060209389914,43.64760290831661,1.3774601632800207,43.649340341792396,Place Georges Brassens
1.453794763925548,43.54797291570127,1.455332333383815,43.54894078321602,Église Pouvourville
1.4236908770209262,43.569850012699106,1.4250892338916679,43.5719078871014,Langlade
1.8477150578505546,43.45930500493215,1.8507873335284626,43.46051879714548,Saint-Sauveur - Vaux
1.4810714685281827,43.54018777993639,1.482436501060863,43.54133898189295,8 mai 1945
1.6388691075251172,43.416191057635615,1.6403431141500533,43.417291869065465,Négra - Montesquieu-Lauragais
1.4714595949258544,43.574984319334035,1.4727915086578849,43.57587658054098,Aérodrome
1.3374773196208407,43.52935644436221,1.3389687795024197,43.5303686551919,Tamaris
1.5088607714177718,43.55010912768758,1.511531553798471,43.5523780039833,Planck
1.4709584688833244,43.66369072624326,1.4726287320742015,43.66482617339002,Azalées
1.4182135098859385,43.59686268948609,1.4215787923534668,43.598673860917074,Barrière de Bayonne
1.3884435674401612,43.59239123992023,1.3903039370916146,43.593380460719494,Centre Aéré
1.4505154566797018,43.59871041241166,1.4530341903082993,43.60203990630188,François Verdier
1.3879818663818768,43.50958663148686,1.389296426425079,43.5112741683385,Berdoulat
1.5440382964919277,43.76725119658338,1.545551945145987,43.76839005425025,Montjoire - Saint-Sernin
1.3456256540031215,43.589334196442145,1.3477254390915139,43.59094727196886,Vercors
1.4698146263786787,43.51149834661453,1.4710513738843416,43.512398453347515,Micas
1.4026511815014426,43.56693069810069,1.4055241848464797,43.56806543103918,Le Lac Reynerie
1.4112307193194227,43.629819655584605,1.4126384810396995,43.630814344170645,Egalité
1.5099933592846655,43.65361227149697,1.5112190427090595,43.65457682794678,Flotis
1.4309766559582402,43.69668155302982,1.4325124474667028,43.697826147030554,Barthe
1.3685423032638364,43.6063078740192,1.3701817450608174,43.60746031573347,Jardinerie
1.5527086745184544,43.75757634911249,1.5539505257330861,43.75847645084978,Clos Mayral - Paulhac
1.4533797428193536,43.658370762083216,1.4554986569421928,43.659988458001095,Porte de Virebent
1.5175636436673914,43.560915257961035,1.5191474578615536,43.56203254188222,Fondargent
1.4383721068384292,43.66016856119079,1.439808695751565,43.66160723809978,Chemin des Izards
1.5303088616121607,43.62681177487411,1.5316542347264648,43.627706125065316,École Pin Balma
1.388431060304275,43.5609495030088,1.3925209291966056,43.562460660753516,Ourliac
1.5538185012834804,43.50954914209273,1.5557940258770646,43.51138741838735,Lilas
1.4756471601083063,43.60495361170629,1.477012743308687,43.60585488824036,Gloire
1.6898021744489629,43.47977590428069,1.6910801287939072,43.48074269556732,En Blanc
1.5798594362698817,43.56887619372083,1.581756265198015,43.5698070065281,Terrefort
1.382265818581377,43.57962175229157,1.3845060890820193,43.580724249153654,Odeillo
1.4393317128984353,43.576673536072626,1.4405663888363232,43.57765836339301,Mouettes
1.4944015460210605,43.615748425420286,1.4959525603391435,43.617009374752854,Mapad
1.4690660809787224,43.627482793816405,1.4712042210478995,43.6284323066,Hyères
1.4409710334430788,43.68679956718595,1.4422244669353412,43.68782623273321,Millet
1.4774492252923888,43.56405482291538,1.4789335988524572,43.565089511839204,ENAC
1.503585854477394,43.5469459423968,1.5048233457802327,43.547846057565316,Crèche
1.7970108570809944,43.69606781837535,1.7983971438955653,43.697039281308236,Pinel - Lavaur
1.5140043104357475,43.49884496309618,1.5160041867883962,43.50019153624624,Ducharme
1.694992516182062,43.76929532315251,1.6962346840448772,43.77019547681014,Toulouse Lautrec
1.4600360787193334,43.65304715985923,1.4612757215470498,43.65394724010276,Furet
1.6738362560292903,43.77711393077597,1.6751900438338179,43.77831416838722,Pellegri
1.7020258814263298,43.77248612214782,1.7032681187994179,43.77338627781487,Aveyron
1.4905264153632085,43.62719195033242,1.4919434862390362,43.628102249710054,Banque Populaire
1.481397860196541,43.62778112759102,1.4835654801578209,43.62968390563169,Balma-Gramont
1.62056601034391,43.570613172060405,1.6221333872075656,43.57175642786808,Mairie II - Saint-Pierre-De-Lages
1.4991801125317679,43.75784930178368,1.5004374870977006,43.75887479802068,Villariès - Aygouse
1.4682761188252182,43.62945435625722,1.4695152814394614,43.63035444370483,Cité Amouroux
1.3430772325516271,43.53657654228108,1.344323168207539,43.537577957471015,Mairie Cugnaux
1.4469888702804456,43.560800148749856,1.4482561258277789,43.5617782510863,Pech David
1.5413465735183824,43.516053793810954,1.543701704507846,43.51831716332968,Escalquens
1.5060818295292027,43.50775235923842,1.5078660519139349,43.508998580687056,Castanet-Tolosan
1.5046483378571005,43.6117126600714,1.506915762791514,43.613044838386564,École Saint-Exupéry
1.68218626931942,43.77413112584077,1.6834285309097934,43.775031274121844,Parc Spénale
1.4837158100241163,43.66354877674303,1.4849993909272041,43.664687723072205,Condor
1.4457726414877266,43.655500853647105,1.4471610625225038,43.65698044599779,Les Sables
1.3967746663546192,43.72401177911917,1.3980157339235866,43.7249118208426,ZI Euro Nord
1.5193115863597015,43.53462582189011,1.5208669016482024,43.53578589052257,Périgord
1.4488903829781998,43.64818515130027,1.4501459168471007,43.64921334853862,École Grand Selve
1.5037030422813047,43.55302403531172,1.5049348561247442,43.554003664265245,Arts
1.438245891326727,43.647990846560134,1.4395427129780372,43.649382353336485,Rispet
1.395491779449181,43.63460902870278,1.3975409211424556,43.635838169689556,Mairie Blagnac
1.6188621203814273,43.54721701964236,1.6200996798563618,43.54811718032014,Les Brugues
1.4655305535174343,43.54810455040793,1.4667680467467545,43.549004649554114,Ancien cimetière
1.5100670034186716,43.52047263652184,1.5115290950735047,43.52138766354365,Jean Moulin
1.5134068388533775,43.6426095385956,1.5152492259884192,43.644712264540544,Terlon - Montrabe
1.4529289814633621,43.58995090572737,1.4544221145405662,43.59156069333639,Frizac
1.5016309336526388,43.560535851988746,1.502997160531502,43.56215324770342,Chemin de Malepère
1.4858157328197763,43.57137811185111,1.488238088928346,43.57235904671578,Armentières
1.5408878210315307,43.542757648215186,1.5423572725755137,43.54398375190795,Clinique Saint-Orens
1.4291995553550088,43.69919020979985,1.430670243967023,43.70019848983912,La Grange
1.3300285639639255,43.520840189595084,1.331645139681201,43.52203761045791,Joliot Curie
1.570190117926001,43.59395857140223,1.5717136793988038,43.59508432858305,Coupette
1.4521524409041249,43.679787701302935,1.4537286488646666,43.68127889902714,Renée Aspe
1.4377736862985349,43.69445623303117,1.4390199148964402,43.69549226692545,Vignes
1.6622029435235488,43.482467387293795,1.6641597749654629,43.4837589229798,Oiseaux - Labastide-Beauvoir
1.4565830629933296,43.52838240203473,1.45782573745987,43.5293637978272,Mairie Pechbusque
1.4599096536488054,43.50910834851384,1.461146346615887,43.51000845144818,Amazones
1.417690373986468,43.585831339509014,1.4208344078312913,43.588218169143936,Fontaine Lestang
1.705683675820681,43.544672123896525,1.7069292247116623,43.545668075922556,En Bramelle - Maureville
1.4435714321427642,43.637434737677296,1.4455559477411468,43.6398647590645,Trois Cocus
1.505256653999355,43.59550971416433,1.5070444151816393,43.596820993131374,Balma Lasbordes
1.512529832948042,43.548438752911295,1.5139708869810284,43.54941841076276,Lalande
1.3614999685822984,43.50577411824265,1.3629685330266674,43.5066886818388,Mûriers
1.5410770327200245,43.55182520525927,1.5437805399553366,43.55412666181902,Saint-Orens Église
1.42322356047113,43.57571614388805,1.4247485326129485,43.57699915630152,Penent
1.6159491545064473,43.757870836842415,1.6171910457341083,43.75877096312003,
1.4256554710411125,43.498310790215335,1.4269935298087175,43.499542609271394,Falgarde
1.4297204631329912,43.63559187773415,1.4312144312099035,43.636798822396884,Dulong
1.4890188974401228,43.647401849323714,1.4903410036900644,43.648342450440474,Antibes
1.488758872765831,43.74840655217546,1.4900636253299004,43.74964674756971,Villariès - En Gani
1.3585787529566893,43.53304166474546,1.3599474468394843,43.53402733513963,Goubard
1.3855138562020965,43.57370449999268,1.3867981420903155,43.574902999815166,Ateliers Métro
1.3967068365698287,43.63268371911633,1.3979708652698524,43.63382828081208,Croix Blanche
1.5160892504672334,43.44634211241213,1.5178281531255502,43.44759808754119,Claverie
1.4052059824634549,43.6090595894797,1.406728012025096,43.61027861066436,Ducis
1.4833536132998015,43.52589340043525,1.4847315859104953,43.526893699496306,Mayrine
1.6034275599309322,43.59872550443119,1.605157440586805,43.59987079500769,Montségur
1.4167098555533126,43.69249660227614,1.4179569443482571,43.693487397641526,Sables
1.698544124814779,43.41384307363462,1.6997988743975159,43.414880326013886,Tertres Haut
1.599783567401078,43.59773696222317,1.6010299315394834,43.59878653771592,Barthon
1.4504864295248179,43.588199561221344,1.4519701744977287,43.589779438050655,Busca
1.4665902495030503,43.611986163033976,1.4681094518300564,43.61290133706049,Heredia
1.4664254165874064,43.75586476663585,1.4676671836791004,43.75676483332617,Église - Gargas
1.4054911535792833,43.53077066580784,1.407106547509351,43.53168653430746,Centre Commercial Portet
1.5062996143970193,43.65332706832423,1.5077368832168836,43.65427483091429,Renée Aspe
1.660571453231435,43.43510410299358,1.6618067469980244,43.43600429696903,La Bascule
1.4502585719565007,43.71570886735457,1.4518992257184786,43.71688293247674,Le Grand
1.5014945442999774,43.60729469924716,1.5029144545427946,43.60827200037177,Jeux Floraux
1.4846942711309639,43.5841543744127,1.4865810242339355,43.58552562544513,Allègre
1.4972639868225528,43.67065535347329,1.4985040134376004,43.67155544648882,Charmes
1.403939009893749,43.60250347251333,1.4089564087944464,43.60522051418215,Cartoucherie
1.381392460743285,43.6248618670793,1.3842770950088,43.62644509775005,Dewoitine
1.4153108885016235,43.45631151466033,1.4168529068091407,43.457257885622305,La Riverotte - Labarthe-Sur-Leze
1.4165183382145228,43.646950020819055,1.4183255612273675,43.648137378391645,
1.4274503453012162,43.748538927211655,1.4301959532530493,43.75008547026933,Cépet - 19 Mars 1962
1.497294137249526,43.570266924432865,1.4997566707987735,43.57204199419893,Montaudran-La Rivière
1.4429823886155433,43.6235548514981,1.4450246110021698,43.62482084718579,Toulouse-Lautrec Négreneys
1.4644701080173277,43.63757802447866,1.4657420907995482,43.63871397536153,Luchet
1.450632957891551,43.606797938820215,1.451941045995587,43.60817326104836,Bachelier
1.4715643622397796,43.54723670958206,1.4731321737052743,43.54861998971287,Poste de Ramonville
1.4618892467133888,43.516871301744516,1.4634871565376948,43.51804709828106,Malude
1.4372832215047402,43.61089202530717,1.4401463248138533,43.61210194122558,Arnaud Bernard
1.377460602927731,43.52573606571712,1.3787275981689475,43.52679393368612,Saguens
1.4140631422104932,43.599204285413094,1.4161967524118073,43.60070881421341,Turenne
1.4785599457918588,43.680566460962275,1.480895555036078,43.681926937412804,Mottes
1.4676854322429447,43.56566470271684,1.4691224598193129,43.56695169737627,Champs Magnétiques
1.51124748620072,43.65291452470158,1.5125979140513444,43.654118974345835,Pasteur
1.4880673038351653,43.575122969611066,1.4905453100362511,43.57677815303761,Parc de Montaudran
1.5075561616079276,43.57599318193938,1.5089218402204316,43.57689881805956,Tuileries
1.4813791920310815,43.58219508112522,1.4831221062829572,43.58339641844593,Aude
1.447625393291285,43.61167796413945,1.4490221051300727,43.61263583542169,Place Roquelaine
1.4395894782582528,43.526863354242394,1.4408265220101422,43.52776344571957,Occitane
1.4974126844971574,43.60939334240301,1.49914621153814,43.61036355804003,Église Balma
1.3971155070710735,43.46727957672264,1.3985514971642885,43.468831622759666,La Ruque
1.4997855308484818,43.60169696435321,1.501578170054589,43.60261323578489,Rimbaud
1.538460906214058,43.5966728670613,1.5397790938740943,43.59784253226399,Rebeillou
1.4486745201860338,43.52249835195645,1.4499114800807476,43.52339844800554,Tolosates
1.4859532755724223,43.525809344371716,1.4871903246879927,43.52670945559039,Auzeville Église
1.5436341884663314,43.601434365661014,1.5451695118814448,43.60249723406373,Vignalis
1.6521297995722926,43.438077743191556,1.6535948946612404,43.43927605691876,Roquefort
1.5266947781594775,43.557639530555875,1.5279527225490646,43.55867876908862,Sicard
1.38031025573917,43.662526485820635,1.3817291416180586,43.663459413369644,R Papillons/Al Stade
1.5634676226181532,43.52572211466643,1.56537805981073,43.52698712211689,Ingine
1.5235512345303037,43.553438885966365,1.5247905665652808,43.55441971375837,Chênaie
1.4697785333281037,43.74830018165378,1.4710249668971134,43.74927651829675,Moussiagues - Gargas
1.5727789703848316,43.59233422331709,1.574504727944612,43.593527276282096,Lasserre
1.4654256480763637,43.62390807706881,1.4666838516633565,43.62496102277527,Michoun
1.47206098656178,43.664977525123014,1.4736697219803538,43.66637317515191,Cornaudric
1.6536281245396434,43.398735001401036,1.6548626756906302,43.39963519856157,Léguille
1.440438531025735,43.619321061365085,1.4416774692436285,43.62022113859688,Eylau
1.3785936258673086,43.56565980937454,1.3807021716413748,43.567035789697556,Eisenhower Ouest
1.556825521161505,43.59348187479741,1.5582058754149275,43.594386125208274,La Lie
1.5061242525716554,43.66470614010931,1.5083397455943437,43.66705059541128,Montrabé
1.4685273086897987,43.6206890303195,1.4699018923292748,43.621655669370135,Doumergue
1.4621173042086357,43.58231925383109,1.4633554960565458,43.58321934613093,Marine
1.4450062529154757,43.652123857029544,1.4462584476608507,43.65313884273065,Boudou
1.4781181783682031,43.58931730459576,1.4795308243260659,43.59037079542436,Firmis
1.4907848623526359,43.65491992041784,1.492150637245539,43.65617327871302,Piscine
1.478761699199157,43.52941719290163,1.4801978972292777,43.53051630714716,Mairie Auzeville
1.6169475778161901,43.5452587215404,1.6182218217164464,43.546369878211934,Avenue Huc
1.616698986849381,43.505991779539364,1.6181613132094057,43.50701952017696,Place de la Liberté
1.4562307634344203,43.551063233882225,1.4579233107157001,43.553788384050115,Narrade
1.3368875121569368,43.51992431966048,1.3387584903224754,43.52119277995494,Rossignols
1.4332030305605896,43.47292035135254,1.4344389697082556,43.47382044860941,Palombes
1.3785803915286694,43.51027331060707,1.3798019067591814,43.51122958902385,Colombier
1.5978338323742503,43.46047793459115,1.5994694644530334,43.46168066535368,Le Rivel
1.3735313566141125,43.62987173388076,1.3759042963640373,43.63218483562339,Aéroport
1.563254363610328,43.59561496542205,1.564671238438634,43.59652653462414,Lac
1.4409245612277573,43.579144047882274,1.4428755479622504,43.58096173724168,Empalot
1.3315037754318433,43.52270196655625,1.3331295844969113,43.523990245822226,Limousin
1.775933787294282,43.58078863232488,1.7772029088561292,43.581765967509114,En Pinel - Loubens-Lauragais
1.4214107695827067,43.68816714481857,1.4235683589951569,43.689631184554365,Saint-Alban Centre Commercial
1.3727211854016252,43.65072101192803,1.3742104122165903,43.65181878805359,Savary
1.7333873898805057,43.537621898064124,1.7346248103374786,43.53852210189865,Couge - Caraman
1.5733698113762924,43.53152014249233,1.5748625909649945,43.53244155763158,Le Broc
1.5712136963186278,43.48091161819172,1.5730861926002953,43.48258758237377,Les Canavères
1.386718812902263,43.524314371368,1.388104579618343,43.52554712863716,Palarin
1.6776496993116379,43.78526481138177,1.6794314061513982,43.786603388748695,Mézens - Rabastens
1.3571220021209078,43.608863512800276,1.3589029933366217,43.60984918774528,A320
1.5139853516095372,43.549048474548655,1.5156121518315857,43.549994925760885,Max Planck
1.3858526422878197,43.584067018210284,1.3871960555604637,43.5849680817748,Ancien Tri Postal
1.3648220582153459,43.657992336486174,1.3662209396317504,43.659381662793294,Levant
1.6799618480072092,43.77624382641061,1.6812041522224144,43.77714397355201,Saint-Jean
1.44877072428914,43.671332343704606,1.4510389804184034,43.67235715725379,Fourquets
1.467915618440953,43.736290664775275,1.4691569818250612,43.73719073518673,L'Enclos - Labastide-Saint-Sernin
1.6288444764346002,43.44938488801216,1.6308699205632036,43.45075071133608,ZAC du Visenc
1.5184077713789885,43.55754957765537,1.5197211337048946,43.55860362216906,Iles
1.638967346956038,43.56354060477113,1.6413413537583588,43.56487039288928,Collège - Saint-Pierre-De-Lages
1.4961089118454474,43.62422416348951,1.4977723835676489,43.625191936939125,Galilée
1.532563931155378,43.76953559378836,1.5338513682902333,43.77062810572289,Montjoire - Église
1.4623359018527546,43.710354042033664,1.4636316015064537,43.711333357832984,Moureau
1.4300238036501305,43.66318750341379,1.4312893915567533,43.664597596491866,Salvy
1.4570294468022784,43.58116244842339,1.4583480595466076,43.58275445145366,Provence
1.416669295446614,43.59486845061123,1.417987802892962,43.595840749367675,Clinique Pasteur
1.4946231097986984,43.664454542969565,1.4967206008893286,43.666171557558435,Négrier
1.4547820590378824,43.63460251730934,1.4560299365888163,43.635578382454106,Pujibet
1.5311424133016882,43.540834763498836,1.5325086911726507,43.54173383641415,Canteloup
1.5105634428460497,43.66761167133902,1.5122362569887624,43.668518128628904,Charlary
1.7216836038956396,43.58682749624251,1.7231410968800045,43.5877351037908,Mairie - Saussens
1.3472962060265277,43.5757594784669,1.3485341942583546,43.57665952149474,Domaine
1.3612227998825224,43.65186957295809,1.3630645985146095,43.652809027240146,Béteille
1.4666418076918533,43.62294980552222,1.4680628935944695,43.62385909451715,Place Bet
1.3774824863697794,43.70257588480902,1.378709911899875,43.70353881478971,Amandiers
1.4447743689840047,43.61475553528811,1.4465581336038902,43.61599206446814,Raisin
1.3932100631878703,43.55954851135188,1.3950153305155626,43.560951488801415,Lestang
1.4065276650231517,43.74816434355403,1.4079490349280404,43.749066356406686,Saint-Sauveur - La Mule
1.4769500191242755,43.675910089396616,1.4786610788104326,43.677108810295614,Victor Hugo
1.4290687004280365,43.59339116176026,1.4303070998429759,43.594291238201656,Sainte-Lucie
1.552542292622579,43.51842914716367,1.554406607025148,43.51934215283365,Sauzat
1.6737116677639312,43.76482282664343,1.6749537324666597,43.765722973319185,A De Lamartine
1.362760381302374,43.555353598058545,1.3640289193014583,43.55642090151346,Glassière
1.5991890300135154,43.578492157832656,1.6006108686055578,43.57946494172617,Hameau de Lafage - Dremil-Lafage
1.4847739452551567,43.580865766505674,1.4860511509488101,43.581849033354416,Corraze
1.3681519796684416,43.612231508114036,1.3696536286897625,43.61414649143074,M16
1.4105174373915268,43.61346246435033,1.4121047543188494,43.614847735933985,Cité Madrid
1.3642916705398624,43.595144129878356,1.366196724084539,43.59655357006431,Ellis
1.5184613402479632,43.56446931464996,1.5200640238968113,43.56622790149643,Saint-Orens Centre Commercial
1.4006483456440348,43.7023843028862,1.4018924528602958,43.7033849966396,Terroir 2
1.5155457361657811,43.69448755160705,1.5167862640914835,43.69538764835514,Lapeyrouse
1.4654355381219046,43.63986740000569,1.4671545716596286,43.64138280040966,Théodore de Banville
1.5049769790175347,43.56619914273184,1.5098864065862196,43.56805804190602,Malepère
1.523997324801637,43.529726936870624,1.525234475452281,43.530627063091586,Rue des Ménestrels
1.4488153407071003,43.57507398941845,1.4501242600140956,43.57620800976966,Miracles
1.7172582210614038,43.495786397581774,1.7184947791589436,43.49668660238099,
1.4596712095561988,43.56189677625959,1.461962844713724,43.5644339724734,Ducuing
1.486797945663767,43.530235865134195,1.4882477674490142,43.531334867587795,Moulin Armand
1.427865345399373,43.62802186475609,1.429104454872267,43.628921935205824,Chaussas
1.5116697140318287,43.620621227568286,1.5130523901593524,43.62152487238499,Sironis
1.420649896715568,43.6845337474504,1.4221172565885463,43.68581154663172,Peyronnette
1.4961671594295172,43.487919439261965,1.497403440828702,43.488819560700165,Ecureuil
1.35455424488042,43.53040382527031,1.3559287570236773,43.53135177419193,Lycée Matisse
1.4432827869452152,43.71852063675032,1.444530212391772,43.71951426306921,Galaup
1.503648497326306,43.59282948895709,1.506923336696509,43.59411145213463,Sainte-Anne
1.5625923366705448,43.510264802014014,1.5642496378811643,43.51146057918442,La Tour
1.395876980524494,43.55221462100632,1.3975466174125653,43.55324697785746,Vouet
1.4232808607411138,43.60783090024963,1.425127728076719,43.60949720031714,Canal de Brienne
1.431852356943847,43.51938475531367,1.4330892433257867,43.52028484464827,Chemin de Canti
1.439532736398187,43.52117415380513,1.4407696638701522,43.52207424615684,Gojousse
1.5312670703498665,43.67691554346311,1.5337016253200642,43.67920562903106,Castelmaurou Mairie
1.5040595116152564,43.5511227426295,1.5052970886423367,43.55202285733266,Parc Commercial
1.4455034583816757,43.52863835311774,1.4467405418857242,43.52953844684423,Potiers
1.4386971572956226,43.63443583638754,1.4403212852254677,43.63595837015661,
1.5086470547099435,43.66288975792479,1.5103949382477246,43.66429394232718,Blanqui
1.494376350573392,43.474189146651476,1.4959174470338135,43.47516975235874,Église Corronsac
1.3629829198904457,43.534860388863564,1.3647625864428121,43.53587101186433,Route de Portet
1.4442558559123828,43.59461525961321,1.4460205506288943,43.595736888590196,Salin-Parlement
1.3897641172455204,43.58586406531821,1.3917290874300368,43.586866535431845,Châtaigniers
1.546721443048295,43.598187666165835,1.5481844542241896,43.5992793338502,Madeleine
1.3966066274515336,43.48835264986551,1.39786947244624,43.48941444990938,Bruyère
1.4589129634752858,43.662822879608015,1.461048334147432,43.66398251819536,
1.4988922321920874,43.51369841407682,1.5002466655681874,43.51504268543826,Halles
1.5377637448262573,43.545100809122886,1.5394306481623772,43.54646629113573,Sophie Scholl
1.4598619165251001,43.58992121841593,1.461235186700899,43.59082488155162,Archives Départementales
1.405147739153698,43.62070367497295,1.4064606580756511,43.622020424778924,Pierre Mounicq
1.443951471315919,43.53720115412567,1.4451887289518512,43.5381012458363,L'Anglade
1.4314014955843266,43.5838984879648,1.432863002966719,43.584959011955426,Stadium Ouest
1.4559486534931516,43.61868160025096,1.4577245508900296,43.61997919976947,Église Bonnefoy
1.4075656609138925,43.53818539152615,1.4091901401976263,43.53930820820211,École Récébédou
1.3839627572474427,43.66063028605426,1.3852816398773657,43.661961613682394,R Écoles/R 19 Mars 1962 (Beauzelle)
1.474308749483937,43.544988616289295,1.4758667678391015,43.5462954794057,Mairie Ramonville
1.429991827624663,43.58365190821825,1.4313541726140402,43.58455309176698,Stadium
1.3859197291711136,43.51760852333922,1.3874401697914394,43.5186909764618,Ax
1.4143716346528927,43.582833452001864,1.4162301185408503,43.58411463840577,Mermoz
1.7955034922137862,43.46774771615122,1.7967453067721366,43.468746883557785,En Carron - Maurens
1.5305331263348303,43.486326888450726,1.532326172096433,43.48726361173545,Les Violettes
1.5665917394362043,43.741255045076755,1.5678332608127412,43.74215515488556,
1.5016287343948052,43.516159418939736,1.5030434628022882,43.517611480343845,Castanet République
1.4560805306862568,43.59941675645933,1.4573190695801697,43.600316843502696,Port Saint-Étienne
1.4903340598150936,43.58637768896639,1.4916954448521436,43.58745111097208,Cité de l'Espace
1.5409384905108043,43.625697684281214,1.5422369115133516,43.62665611566152,Pastel
1.3903640062125522,43.506027392623366,1.3917646929249727,43.50693480738776,Mairie Pinsaguel
1.5047964040139115,43.6472201302285,1.506336797559922,43.648138869891724,D59
1.619400222817903,43.504356856180195,1.620739872062355,43.50544024375876,La Vierge
1.482919695727978,43.54083520292669,1.4844083663872774,43.54217439665615,Ormes
1.5431850007972225,43.519864815108846,1.5450928920191405,43.521354585072395,Gutenberg
1.4925102507295271,43.66438988000573,1.493991649384487,43.66529031993536,Estaquebiau
1.4680061288681068,43.564099871011386,1.4694858126524002,43.56512399307341,Giordano Bruno
1.392649651784914,43.607523996099445,1.3939151485970007,43.60858500357167,Centre Commercial Purpan Sud
1.6024127093059783,43.597535026756574,1.6036512909351863,43.59843517320586,
1.374810589258487,43.50811006693028,1.3760472110208104,43.509010133031445,Mairie Roques
1.4241783517531816,43.620741431568476,1.4263266705761368,43.62328246979401,Elche
1.4096083234554722,43.50007076740838,1.4110413849600658,43.50137773259414,Mairie Lacroix-Falgarde
1.557217837455281,43.513736845092524,1.5593348674613208,43.515197754605694,Centre Commercial Escalquens
1.550903160921942,43.43718202415582,1.5521384393263207,43.43808217580649,La Fontaine
1.532771480536776,43.68000834697188,1.534011719717341,43.68090845299034,Stade-Écoles
1.5855780812737992,43.64697691812225,1.5873429214529633,43.64802508021073,Saint Jean - Lavalette
1.483655912635739,43.65796824972413,1.4850347866563713,43.65896585020199,Grive
1.4666128527137667,43.54958577908187,1.4680501492534834,43.550499420983435,Coustet
1.469645152687497,43.576027358383456,1.4711038655189954,43.57753011510116,Herbettes
1.470537279077835,43.60033901256785,1.4720270257173569,43.60127138759273,Deltour
1.6200525249067206,43.45989455107183,1.6212887731977055,43.460990248878424,La Bourdette
1.3692209861493843,43.506384397288635,1.3727097072670458,43.5075474043509,Tilleuls
1.3566933431569674,43.61360947939809,1.3580724538897766,43.61451931975411,Self Concorde
1.4640839549550304,43.57315829479871,1.4656267498209261,43.57410270545697,INSA
1.4405004359387799,43.53097835437233,1.4417375643295087,43.53187844558963,Vallon du Golf
1.4064524917443884,43.52349921152431,1.4078759086739314,43.52440248848183,Commerce
1.8590223212026478,43.574927253113465,1.8610902784996362,43.57619694551087,Cambon-lès-Lavaur Massoulard
1.4317582550713799,43.480926499489485,1.4338259457097462,43.48227478219406,Marronniers
1.4887893137556083,43.5896951116201,1.491371527085142,43.59225173189401,Julien
1.406727914028543,43.48878118655008,1.408168390929082,43.489922013501584,Vierge
1.4418038755431628,43.60975596613383,1.4443793202678508,43.61137123243074,Concorde
1.4635374364987899,43.636034376914914,1.465096363847361,43.63710652277667,Lycée Raymond Naves
1.3576859284458715,43.52243917750826,1.3590690696882797,43.52346192248225,Collège
1.3905528573756258,43.568713929526446,1.3930948869067812,43.57115338725045,Basso Cambo
1.3684040765423,43.537315736316174,1.3706629901926017,43.53859969821495,Base Aérienne
1.4270286909271153,43.64283132492136,1.4288707833988579,43.64382527418356,États-Unis Fondeyre
1.4221928412595148,43.67787664984204,1.423665154840032,43.6789544863115,RaudeLauzette
1.412809965856529,43.64989986190123,1.4141178324018369,43.65082033779027,Picarel
1.4066433913478185,43.60468086752445,1.4078820089271977,43.60558093243739,Murillo
1.4556473101548009,43.605431402074004,1.4572278885525554,43.606462497204674,Colombette
1.3479434795143237,43.596154681963675,1.350463187771238,43.59786059302362,Lucie Aubrac
1.391486141057649,43.61090651358339,1.3931930643872135,43.61277378494808,Jaufré Rudel
1.3698658615156898,43.66379946049068,1.3727008514056063,43.66528607427241,Elisa Deroche
1.3853842128216776,43.5662334142015,1.387177790030709,43.56728658401044,Pépinière Basso Cambo
1.5116262821498598,43.67672449632593,1.513041421523896,43.67820960319007,Chemin Castelviel
1.383398624226411,43.63138827475767,1.3846377760529494,43.6322883252041,
1.443771834804887,43.641782216440184,1.4451616670929992,43.6426903835798,Cerisiers
1.4105985140869812,43.65568195132484,1.41198247820777,43.657469048367,Pont de Rupé
1.7797319104048788,43.43648808216015,1.7809672898041828,43.43738831780278,La Vierge
1.3990036067089522,43.70569047587382,1.4002853907273758,43.70693672398605,Terroir 3
1.4360091182708892,43.583682848377045,1.437457279907073,43.58474415158587,Stadium Est
1.8254758107038258,43.524941913992215,1.8266853916074541,43.52588598538452,Vendinelle - Auriac-Sur-Vendinelle
1.3445488404021013,43.58213901078063,1.3458012602572627,43.583160188939026,Mairie Tournefeuille
1.5095605313700884,43.544933546801104,1.5114190390901394,43.54694581889661,Tolosane
1.4857602359049793,43.54925694626427,1.4869977643557424,43.55015705369782,Hermès
1.4928521320402734,43.45143863706558,1.4940876682180935,43.45233876289654,Village Espanes
1.3916219104351535,43.6244299221435,1.3942094030630376,43.62605525744597,Servanty Airbus
1.4882251800829642,43.57335057660291,1.4895002236626587,43.57422482313509,Lécrivain
1.5070553454986686,43.604056835384384,1.5087745555743879,43.605216264191455,Collège Jean Rostand
1.358009718021551,43.495088690185696,1.3594528820397334,43.49598980976299,Garonne
1.4457861191492944,43.64057735652274,1.4477075715195629,43.642172543879916,Jean Zay
1.400307330255374,43.49353186013295,1.4015436700193638,43.49443193982889,
1.5030107803445154,43.615840859725886,1.5044097184714555,43.61674914029558,Pins
1.6713726718948947,43.77727539860311,1.6729194299160526,43.77828560053211,Farenc
1.4293512310523577,43.55705398813431,1.4311701757475395,43.55801309083245,Maison Commune
1.521292353518847,43.64274083652359,1.5226904445904224,43.6437715634654,Logis Vieux
1.483580020950715,43.59946086041497,1.484929082312583,43.60035803860972,Carcassonne
1.3515541714535841,43.61145136739138,1.3528720236210914,43.61250783251315,Serres
1.4752749438406474,43.61337842196041,1.476911355853603,43.614490477522345,Dinetard
1.6056541508992974,43.50704104600146,1.60688835065954,43.508023753554255,Borde Haute
1.434166210297408,43.63972685606205,1.4355374923835027,43.64063144391936,Collège Rosa Parks
1.4440284878648764,43.525795353208174,1.4452655124027447,43.52669544675382,École Vieille Toulouse
1.5547152985745694,43.63878933932653,1.5559547016752857,43.639689460635736,Mondouzil ZA Les Landes
1.4735298361013793,43.553068389836625,1.4762748510946724,43.55481515229658,Boulevard F. Mitterrand
1.4459870304068312,43.59525995280269,1.4483553042683757,43.59655348786055,Ozenne
1.448396676003436,43.578959644841824,1.4524316203923335,43.58119868405869,Saint-Agne SNCF
1.418677559187333,43.594870100030796,1.420217339985458,43.59590139944718,Barrière de Lombez
1.407807000083392,43.56993814777131,1.4094023003115248,43.57102715187243,Kiev
1.584957814666124,43.58546361485864,1.5866142820815952,43.58667698507607,L'Auriol
1.4293049189073521,43.66556413984029,1.4306275830861666,43.66648935971739,Église Aucamville
1.4145568920760365,43.724985790423766,1.416130002409307,43.72623180973495,Hortensias
1.51586812700913,43.50035613620255,1.5171046732458502,43.50125626375964,Poumirol
1.3970141435046417,43.52031307007127,1.398691880758484,43.52133660495162,Ateliers Municipaux
1.5378960893097189,43.57900490808396,1.5394932667938936,43.58016556622475,Fonsegrives Collège
1.361492865744425,43.49720653765119,1.3631527398214482,43.49818356283618,Château Sud
1.4937456215174,43.52267856376507,1.495105363039322,43.52369013587104,Peupliers
1.3980037097208484,43.58362505079507,1.4008716213369692,43.58484434024308,Cité Scolaire Rive Gauche
1.4028824199016168,43.61040969048709,1.4049479742908497,43.61190490931615,Hôpital des Enfants
1.560544461501381,43.51714283425313,1.5621401397637167,43.51825856553514,Église Escalquens
1.6442405309902934,43.516187212421606,1.6454774692428058,43.51708738754094,Le Coin du Bois
1.4196236435809955,43.4936933396304,1.421005155966168,43.49467066018346,Colomière
1.4066184761362386,43.57188516427538,1.4079238218629453,43.57314053545727,Babinet
1.663814164397404,43.433925802304756,1.6650494358314878,43.434825997657846,Le Puntou
1.368602921464841,43.52420712604501,1.3698509770923004,43.52522397342249,Cimetière Villeneuve
1.5257053950497095,43.552999999100905,1.527421507330881,43.554047399455115,Bellières
1.4211574646843725,43.61141085179019,1.4232555373877696,43.61236044862434,ZAC Ponts Jumeaux
1.3371342202086023,43.5363357833225,1.3389066835336387,43.537609516622666,Béarn
1.5379514045738119,43.55773159505383,1.539422398277486,43.55865260505805,Querqueille
1.4346080975907916,43.60325846134698,1.4358467026793833,43.60415853861497,Quai Saint-Pierre
1.4441794740368115,43.52714435328247,1.4454165262307979,43.528044446679495,Jardin
1.4663858416084723,43.633871276256265,1.4678887571039132,43.634787523812165,Avranches
1.4390872963399397,43.56507193758749,1.4404811017581625,43.566101562402736,Canalets
1.5563764240132172,43.64599853956673,1.557615976236431,43.64689866039556,Beaupuy Mairie
1.4047021199846188,43.5315529860973,1.4061223772991451,43.53248411305347,Centre Commercial Portet - Entrée 1
1.4139336899184305,43.50688395820696,1.4151703103541322,43.50778404175494,Ladevan
1.8577585426721501,43.513651652152426,1.8590476553215292,43.51487924765389,La Bartelle - Le Cabanial
1.411724132338253,43.72850594063151,1.4135150683383058,43.72967685874488,Le Parc
1.4026747259351153,43.698674375820524,1.403915274341752,43.69957442414131,Sémard
1.6189546224793967,43.75063585919909,1.621860578895295,43.752228403044306,Roqueserière - Buzet
1.4866503063722893,43.593499636396515,1.4892755659177332,43.59568367885238,Collège Jean-Pierre Vernant
1.3725812239381217,43.509785092263975,1.3738355763134893,43.510820807517504,Bois
1.4647772714920242,43.55614295120174,1.4660149287723896,43.55704304876028,Clôtasses - Toulouse
1.507822983590092,43.620634106712,1.5099215136279491,43.6216123937513,Paradoux
1.4193236989872888,43.60356536467285,1.4205623012855262,43.604465435289036,Wagner
1.574509365800226,43.45792450297429,1.5758355341907526,43.45911389630134,Esplanade
1.6110116062531015,43.50376528483921,1.6131541081352603,43.505240519632885,Bicinis
1.4943984699732373,43.609308813831,1.4965482283039562,43.61026268644229,Caraïbes
1.4872126221433801,43.55056154606546,1.488450178117107,43.551461653896624,Théogone
1.4528799637012086,43.508324249942035,1.4541166365646823,43.50922435001996,Club Hippique
1.4198259458142286,43.60925419576934,1.4211118598125134,43.61074710414297,Ponts Jumeaux
1.3521665995448324,43.58600377817246,1.353404800739343,43.5869038217892,Cimetière Tournefeuille
1.6930067244560805,43.768543223449164,1.6942488757711944,43.769443376513486,Frères Authier
1.3388444610063257,43.53087837198743,1.3405266421123343,43.53208992796419,Bizet
1.4363116621781786,43.57681065788969,1.438192531696274,43.57783974294089,Empalot Sud
1.4294364617203377,43.62638736428793,1.430675538551011,43.62728743567399,Brieux
1.6173570373258357,43.76061904729898,1.618877165216791,43.76154395285223,Laurentie - Buzet-Sur-Tarn
1.4743067430790957,43.697331181434194,1.4758801522165361,43.698547618678944,Pins
1.4218241087134353,43.69008427096663,1.423064491560009,43.69098432899525,Beauville Vidal
1.4385729260674476,43.64481697905193,1.4398888744257936,43.64599592051026,Baron
1.549677757740309,43.75927924985006,1.5509196425117773,43.760179350112196,Paulhac - Clos Maynal
1.5207374586342601,43.45631999384482,1.5225879033230936,43.45761727907767,Centre Village
1.4303746936199555,43.52562635612508,1.43161170665001,43.52652644383683,Afiou
1.4626247247972737,43.64849315895245,1.4638642754686075,43.649393241009555,Félibres
1.4619050060257734,43.60578021014268,1.4634825918438124,43.606710290023635,Savignac
1.4725615396592702,43.61578839619053,1.473813758976816,43.61688120373418,Guillaumet
1.42535389639203,43.67268222313212,1.4266072008469146,43.67388937679673,Payen
1.4113743330365276,43.531621316813776,1.4126327676107355,43.53266398283777,Boulodrome
1.452924942033149,43.64709206089595,1.4541644582343929,43.64799213906605,Fénelon Vignes
1.4684631751097383,43.46753644342589,1.469699025152996,43.468436556536176,Le Rougé
1.4529856939840398,43.62176823315353,1.4552633091340375,43.62464966162932,Bouvier
1.4426133334523077,43.574144659123405,1.4438728721118788,43.5756036408026,Tolstoï
1.4024081141047122,43.55188730462565,1.4043286926078853,43.55334409556311,Sirven
1.4647702191106364,43.648985558538726,1.4660097811548798,43.64988564142328,Champs de l'Hers
1.4829598388461054,43.660531325870586,1.484327564573401,43.66194667380433,L'Union Malbou
1.4276280169045075,43.64529770070915,1.4294556639641018,43.64692700589181,
1.4650853986546273,43.64187580163314,1.4667018035393067,43.6428064985785,Netwiller
1.6620673594362854,43.43445690266747,1.6633026407929106,43.43535709729517,Vieille Halle - Villenouvelle
1.5422878085742997,43.67703014482543,1.543527991678134,43.677930255136815,Rebel
1.4760519789813837,43.71249900733891,1.4774558241589353,43.71340849267654,Cimetière Montberon
1.4775401319012509,43.714026786236715,1.4792138724128026,43.71527201384492,Fontaine
1.4517256856039982,43.5665263969236,1.453384810252727,43.56777240310629,Coteaux
1.4296738798961242,43.699401779595824,1.432411154638269,43.70232144743789,Saint-Pierre
1.3618748093541668,43.661983438031136,1.3640672134875438,43.66404821396085,Aéroconstellation
1.5277703435335153,43.67521852607971,1.529265561698727,43.676154274095296,Rouergue
1.4072112717863285,43.58105740796483,1.4086089255106307,43.582481991392584,Cher
1.3778528628961957,43.62831731760563,1.3805248180803986,43.629750179610056,Daurat
1.5882122359381325,43.56769893098227,1.5895880636312778,43.5686914689205,Mairie Aigrefeuille
1.3761383157347027,43.584576491242174,1.3776132895273163,43.586233808193796,Zamenhof
1.6249731936185772,43.65038722961325,1.6262396018445187,43.65138477018349,En Lance - Saint-Marcel-Paulel
1.4860692154255717,43.5414791729379,1.4875925847493197,43.54238002706301,Jacques Prévert
1.5425304999140272,43.541246810986216,1.5450804930303679,43.54298508828544,Orée du Bois
1.566976826474093,43.695417808727974,1.5684807541482777,43.69780005617477,Gragnague
1.600842114881903,43.595538991228636,1.6027640985501126,43.59739177023366,Église Drémil
1.5116587943768927,43.69202751268174,1.5130384035764568,43.692934087337,Barranquet
1.5657089452420148,43.541165680121956,1.5670180522508286,43.54206901933308,Mairie Auzielle
1.5323102771998167,43.53204625986404,1.5340425125223138,43.53361434060626,Payssière
1.5683680288273314,43.55747563020469,1.5696057714192633,43.55837576975767,Mompapou
1.4782685861906617,43.69559889351497,1.479925288896041,43.696956527930716,Marigny
1.4524195486991125,43.62630647926715,1.4541153446606823,43.62766812096402,Rixens
1.3633520612015138,43.606401084208194,1.3646653429616427,43.607284415589874,Terce Airbus
1.3804388564872205,43.58386077115462,1.3825748482756655,43.58487902973642,Mazaygues
1.382933473396801,43.59045062727485,1.3841661313060003,43.59142157234763,Église Lardenne
1.565415818528791,43.58784833318549,1.566654181718649,43.58874846677685,Crêtes
1.4584091758792337,43.58744180194232,1.460145220368908,43.588711297969645,Crampel
1.4465289242179795,43.56530748048157,1.447885681668281,43.56642791940917,Piscine Yvonne Godard
1.410716779766692,43.72680239400951,1.412827531430804,43.72815435552806,Bruguières Mairie
1.4546956917133826,43.56284013320904,1.4560523074332516,43.56410736607604,Ponsan Bellevue
1.3838523282737112,43.52360376614184,1.3850892720042256,43.524503833819935,Quart
1.4881566136663107,43.65950193904102,1.4898368880810657,43.66043026116564,Belle Hôtesse
1.5020099078477858,43.60844622171222,1.504452758047987,43.6102770131375,La Tour
1.6746312304927062,43.42823866821967,1.6764668602362234,43.42980013220437,La Samarante
1.4547575082571524,43.57516438888251,1.4564286604689296,43.577431555883436,École Jules Julien
1.5151962874352563,43.49101193314162,1.5182501994091275,43.492393269985556,Place du Château
1.5027045965533434,43.653480864472535,1.504426800463364,43.65443533585918,Açores
1.3943722764765165,43.54339054099822,1.3968145837732386,43.54573722288253,Champollion
1.5517480640843622,43.53210436417432,1.5545422929889252,43.53410752593986,Piscine Saint-Orens
1.3878374287265536,43.63015724982963,1.3892951705104808,43.631158749812066,Guyenne-Berry
1.4431930298973557,43.663570630054856,1.4444461715011536,43.66465136989136,Las Clotos
1.4836249225445521,43.5506226468165,1.4848624777165533,43.55152275314558,Joliot Curie
1.683539421180082,43.42160141081261,1.685005181089952,43.4225198892862,La Gravette
1.5045100947096646,43.75692345879909,1.505751905550241,43.75782354116304,Montjoire - Buffevent
1.4796840218351086,43.579443984903115,1.4821042250394947,43.58052181634579,Tahiti
1.5260385729464152,43.68092724840412,1.5272788273088775,43.68182735155808,Campagnol
1.466353694300888,43.60017820907371,1.4681366014595834,43.601159191440566,Tilleuls
1.6097741754465118,43.54206582096463,1.6110116247927888,43.542965978997806,Église/Mairie
1.5257170387276844,43.555127819750986,1.5277002674162001,43.556586880308565,Beauvoir
1.5244910614623977,43.477130432615425,1.5257271387908393,43.47803056734679,L'Enclos du Château
1.4564185700966317,43.558663405341306,1.457752231340635,43.5599167942723,Vallon
1.3608733241197852,43.500993388421406,1.3621863739806328,43.50196681155486,Acacias
1.6119771277092272,43.64337768507651,1.613605966453252,43.64435371539551,Le Crac - Saint-Marcel-Paulel
1.415018823457755,43.601305365429994,1.4162573768157751,43.60220543453188,Dufaur de Pibrac
1.4757317998070223,43.62880669767632,1.477004399655873,43.629876901937465,Cambard
1.4507793196016754,43.5531547916773,1.4525871815892402,43.55435250777736,Dasque
1.4625274739949365,43.58525585397649,1.4637657262702097,43.58615594598553,Bouloc
1.4463921388485128,43.68252252016527,1.4480699593235575,43.68345658001716,Centre Commercial
1.4431480145065145,43.63133469549212,1.4444875888156818,43.63270940427298,Loubiague
1.5231239193075896,43.68621324941237,1.5243642809482685,43.68711335054983,Limes
1.3587311695844257,43.59277656626482,1.3600443351646796,43.59381593357023,Solidarité
1.4233720051739656,43.556089402122275,1.4247289962607097,43.55699439787566,Silos
1.3773846347437224,43.55509647180091,1.3788494639756783,43.556087427705066,Françoise Dolto
1.377252665586459,43.5680477588523,1.3787256267467707,43.569065901335115,De Croutte
1.4685912117789617,43.583594716158196,1.4701133857244653,43.584715183811596,Courrège
1.4765244419790151,43.54842355900753,1.4781840508911286,43.54979084125764,Pompidou
1.4950985675573027,43.61761585676858,1.4965933351821012,43.61912284226347,Le Carral
1.4501022808547617,43.69535766399648,1.4515813192455054,43.69638863577277,Peyrandrieu
1.5670912210531887,43.51035916297734,1.5693809556348166,43.51148727550985,Carrière
1.3981540038616442,43.52323146926027,1.3999022474777965,43.52469674641001,Jean Jaurès
1.3875237722536524,43.52637669758044,1.3908949466138514,43.52990654887965,Portet Gare SNCF
1.5237877378743658,43.56150443757101,1.5252663639293689,43.56249266169948,Cammas
1.3773916981744516,43.65452569279144,1.3788261033169078,43.65589780631168,F. Mitterrand - Blagnac
1.537710249997859,43.5491061289904,1.5390560523344663,43.550032070403475,Mûriers
1.4307286316946795,43.60873429225712,1.432959362537836,43.60983099679222,Leclerc
1.4443981556419407,43.603766043404924,1.450703190769941,43.60722990844474,Jean Jaurès
1.6610767561987057,43.75658122830395,1.662318644033995,43.75748137165862,Al Rieu
1.382979637008626,43.560016318786495,1.384428962197044,43.56101428086055,Charpy
1.4404290566589102,43.636297462708434,1.4416683436106612,43.63719753725349,Claude Bernard
1.4813317508077235,43.60137804283487,1.482838352289191,43.60233065591731,Fontanelles
1.48870366078841,43.657229562817164,1.490039734922653,43.658275337131336,Monts du Forez
1.385136133797296,43.64986477583198,1.386375666481996,43.65076482412979,
1.515472699704299,43.550735149589556,1.5167178008488913,43.551741150359426,L'Écrin
1.4599673078313247,43.642529663358346,1.462776188861223,43.643552237349645,Ebelot
1.4321295171949049,43.62569216575627,1.4351744282905048,43.6273506195881,Barrière de Paris
1.4107042156784404,43.66731654005643,1.4120470878923579,43.66834005988492,Auguste Gratian
1.3871880348005245,43.64082831761664,1.3885272642145032,43.64177558217744,Gauguin
1.4241054703456724,43.72668236295014,1.4254286235037803,43.727795036930495,Hespérides
1.7700316391551794,43.52493504826169,1.7716235602762613,43.5258466517602,Coopérative - Caraman
1.4218175320598125,43.52174376947727,1.4235717742512708,43.52274973121123,Parc Confluent
1.4818798310483623,43.68188112405068,1.486857583682902,43.68479720079235,Saint-Geniès
1.511276490996856,43.542822856556256,1.5126945016718305,43.54406524350227,Rostand
1.449911143986453,43.56935413037918,1.4513916494138506,43.570596069760114,Bon Voisin
1.5201461502778753,43.639752458827,1.5215156453619312,43.64082644116894,Vignobles
1.522133029198152,43.411569327914826,1.5233677710547477,43.41246947204739,Cinq Saules
1.4874595777523822,43.58257477498607,1.4888458206554118,43.58391812426813,Ledormeur
1.3759655300806983,43.69964111664,1.3773827679816366,43.70055258340996,Vieux Moulin
1.358481827408102,43.59612489577627,1.3597173687346045,43.597072303986636,Fabre d'Églantine
1.3873957302072704,43.56400023293424,1.3890558684038212,43.565054566158864,Talabot Nord
1.4483443335320145,43.609107658869284,1.4495830667358605,43.6100077410927,Place Schuman
1.3403283445118195,43.52487529709312,1.3416222634282675,43.52658930280743,Villeneuve Centre
1.3691176174485935,43.639632892978135,1.3709933823454237,43.6408331060042,Raymond Grimaud
1.5196966171383421,43.62140278315752,1.5210221844588379,43.62233731649795,Busquet
1.4692049965951355,43.63224841288922,1.4708486952724378,43.633653387423884,Nicol
1.4029024879361893,43.55431764243054,1.404683309692724,43.55555945720282,Thibaud
1.4609219724865945,43.64364096885986,1.462271430507197,43.64454783028372,Ayral
1.3481520156475733,43.604060980508564,1.3493905846375245,43.604961019453086,Quillanne
1.5432018894328396,43.532667233235664,1.544439110817809,43.5335673667266,Parc de Labège
1.5004793404382955,43.511936842838196,1.5023000550564052,43.513305449359606,Peries
1.5494485816812729,43.51368193048875,1.5506854185680892,43.51458206947355,Chemin du Capitoul
1.3817745609905179,43.47758428588254,1.3832388391762183,43.478612513913504,La Taillade
1.5417407031310029,43.55636645251224,1.544122989519006,43.55748744893274,Carabènes
1.380497289359851,43.64459857644606,1.3817367109201766,43.64549862351571,Collège Jean Mermoz
1.4119142913402107,43.58502186481989,1.413152508933655,43.58592193514197,Tellier
1.3967124748966109,43.63041527179542,1.3979881283412454,43.63129072740198,Sœurs
1.426549521398247,43.48462780525618,1.427896482101687,43.48565659469869,Les Crêtes
1.4401472222147553,43.4927826497557,1.4415759785229172,43.49380615015378,Del Souleilh
1.4800049151107186,43.53789267243903,1.4814281969029393,43.53907776959551,Chaumière
1.6858447170823965,43.77267365258848,1.687387774171423,43.77405454765427,Place Soult
1.5319027986111464,43.541855736230794,1.5331402016415496,43.542755863731436,Labège Couder
1.3908219752640132,43.71363347961201,1.3920628250150944,43.714533520349754,Lespinasse Viguerie
1.4364212071285687,43.62176406241956,1.437660193141519,43.62266413754237,Anges
1.6916153958710816,43.794696582720235,1.6932420117929157,43.79605291754479,Les Pujades - Rabastens
1.4677366608235083,43.618626655268685,1.4705634235144915,43.6206328717175,Roseraie
1.4581582600697323,43.65358841816478,1.4596142400441832,43.65460988163737,Collège de Paléficat
1.4513976554573838,43.59713485727337,1.4526361448098224,43.59803494268861,Quartier Général
1.5951393084291514,43.46719365730627,1.5971752917368287,43.468436441241415,
1.4499865310565254,43.692219747046,1.4513027720241891,43.69320995287265,Clotildes
1.4823296910624721,43.66519565518325,1.4838444088139278,43.666250044482055,Séoune
1.6500235042299571,43.65310660954544,1.6520909628454277,43.654342855588375,Gendarmerie - Verfeil
1.3643826651004314,43.61104990003568,1.3663907313226231,43.61242581167267,1B
1.5032281766806443,43.60248646286526,1.5056022375631706,43.60427374316776,Jasmin
1.4141236768276286,43.58994834539277,1.4154453202741701,43.59128815432983,Rue du 14 Juillet
1.4403745487454136,43.683511445798615,1.441660452099654,43.684602553558264,Esparcette
1.3768174825297004,43.57716137193747,1.3780555177501146,43.578061428024306,Météo
1.445376250126203,43.58863573351494,1.4466323532927925,43.58958456626352,Notre-Dame
1.3867420328055433,43.5125533959651,1.3880921636081263,43.513449903991834,Pyrénées
1.4498585977918272,43.577181489813825,1.4512470999491265,43.57808951021574,Avenue de Rangueil
1.3825346053148022,43.59614947013846,1.385578345633041,43.597893579363756,Lardenne
1.416538672350316,43.51557169843489,1.4180211321593144,43.516501501711986,Vigoulet Auzil
1.565839719251929,43.55036571931904,1.5670971754093643,43.55182068059131,La Tuilerie
1.457682557956212,43.60494088639813,1.4590084441511442,43.605865113114994,Providence
1.4062848640005388,43.5828175433031,1.4075443359634134,43.58386515652099,Ronsard
1.4774493323683697,43.59900453315489,1.479651768331948,43.600279864874594,Mascard
1.3991759300287767,43.52651618840381,1.4008022633037485,43.527845811829174,Cimetière Portet
1.565992210305742,43.55428089358539,1.5676481892877225,43.55540450588278,Église Lauzerville
1.6364642070421436,43.732918531000294,1.6377055931945828,43.7338186689622,Village Roqueserière
1.3985329973823846,43.68259282813047,1.3999758040036774,43.68350387192421,Tournelle
1.429435544064381,43.60640017505259,1.4313072032111496,43.6074320854467,Barcelone Leclerc
1.443449678403319,43.68607613786296,1.4447546192099932,43.6873508619058,Moissons
1.4408084492404822,43.57645370783282,1.4435772131477698,43.57758279930687,Lebas
1.4840336777130057,43.533854825284955,1.485379484243189,43.534866698117774,Complexe Agricole
1.429227888797905,43.553740469601635,1.433114606233856,43.55576443674441,Oncopole Courrière
1.5219315517489458,43.68309654940798,1.5231718485070818,43.68399665055421,D77
1.4188497438649181,43.547312482861805,1.4205365602321571,43.5485597171933,Larrieu
1.6046025343938688,43.57551922459701,1.6058406658466815,43.57641937536539,Valadier
1.4342185399373437,43.60907657151801,1.4364548699640816,43.61124951916758,Compans-Caffarelli
1.4319687653266728,43.715126835045645,1.4340590851789754,43.716781929512955,Garenne
1.4637791535942575,43.701613118692485,1.4652705423211794,43.70275968138643,Panchaud
1.3963500070531634,43.72008107890207,1.3975909932250667,43.72098112105971,Bruguières Gutenberg
1.4412413284767844,43.69112470391171,1.442559165183983,43.69224459595462,Les Capitelles
1.3791701624051766,43.59266469975054,1.3810825400392848,43.59394669979334,Salinié
1.6451856683127384,43.61019321967367,1.6464245319211797,43.61109338028889,Gauré - Lappare
1.4915737771641686,43.60560139988408,1.4928716260265993,43.60658090000001,Saliège
1.5640391610786841,43.589901777618614,1.5665400260834295,43.591511512874796,Collège Flourens
1.4603984067038167,43.571889167982036,1.461638295197517,43.57288873130822,Dugay Trouin
1.4380424616612681,43.625128222446364,1.4399842398948672,43.626282175886885,Amat Massot
1.3919988062742645,43.72028477987766,1.3932397940047236,43.72118482008412,Bénélux
1.4991501244611252,43.56503514377987,1.5007019172423717,43.566092059408795,Saint-Louis du Sénégal
1.4910580242884162,43.75289711238361,1.4923094772406709,43.75397468756776,Villariès - Mairie
1.389497231638881,43.71548820027984,1.3907757710839663,43.716439099590986,Lacs
1.4613564574836433,43.63009459958672,1.4626865455245097,43.63143530019155,Jaffary
1.4923448007151294,43.58300685611176,1.4936767991227795,43.58420734317826,Couzinet
1.4432629888038955,43.59167236620335,1.4455532161478983,43.593778235631845,Palais de Justice
1.3755738433957412,43.65741107994622,1.3768824834863713,43.65863508160114,Carrière - Beauzelle
1.4754040310363217,43.59201372839429,1.4767552672096746,43.59301127159315,Jacinthes
1.3729696093170776,43.69482538662457,1.3743954900941275,43.69615531217044,Chêne Vert
1.4689282902536598,43.53463654862874,1.4701655100097841,43.5355366513333,Ehpad
1.4549701479421482,43.643096830756726,1.456234953120785,43.644195569147406,Edmond Rostand
1.4130067191785074,43.60178136590582,1.4142452810953765,43.60268143405605,Souffron
1.379222314741903,43.70218055156069,1.3804826840569668,43.70321514793712,Voie Romaine
1.5150520439222788,43.58685820898442,1.5165900044642426,43.58932915524461,Balma Ribaute
1.4718100714370723,43.535894145236036,1.4738714326330251,43.5372978543897,Suisse
1.4520819379417746,43.63645560844342,1.4534511577674456,43.63795439118025,Monloup
1.5391276340905398,43.528407533715345,1.5403647661607611,43.529307666246936,Allée de Chantecaille
1.4058231145258577,43.6829597827985,1.4071081897872946,43.68433431711588,Mazurié
1.4399457339940882,43.55770477191938,1.441353268014917,43.55874062808379,Escagarol
1.4387422572877797,43.58542918838891,1.4400669520448723,43.58729211148575,Platanes
1.4012086607661205,43.520102436228115,1.4026740397012967,43.52100676379038,Poste de Portet
1.458388509299757,43.62680458344311,1.4597882901677124,43.62771001655064,Place Bila
1.446807673681308,43.71698495128341,1.448704224242439,43.717936249001795,Renery
1.6286810801705962,43.41728392191077,1.6299412235669621,43.418249577866064,Monument - Montesquieu-Lauragais
1.5172988468453579,43.49622803841753,1.5188779438802114,43.49766906189256,L'Espitalet
1.4614950472165023,43.61399306364197,1.4658224994088793,43.61652264005255,Jolimont
1.3463292970146823,43.540808955818704,1.3495005243376306,43.542223808359296,Lilas
1.4814372215980924,43.60643500969632,1.4827924796082788,43.60733969030163,Soumet
1.5690426814658343,43.687561069596754,1.5705842156394112,43.68870133039652,Gragnague Poney Club
1.4463915083503738,43.5853734063004,1.447935576542427,43.5868234969521,Saint-Michel - Marcel Langer
1.374479318893211,43.510689556721395,1.3760860772592511,43.5118993433142,École Roques
1.5140852217991152,43.61960215425566,1.5155833739660851,43.62075954583115,Panorama
1.5646901725215072,43.545411798903764,1.5674137669985932,43.54764465034162,Complexe Sportif Nambours
1.4697569120696972,43.6999326322148,1.4715881823492152,43.701313867835395,Mimosas
1.333785706375206,43.525121886138834,1.3354398585295824,43.52634004707493,Provence
1.483246239092876,43.595679189388,1.4850878588031013,43.59693581009634,Cité de l'Hers
1.3731419448576074,43.51373642325664,1.3745949564009,43.51464757680179,Centre Commercial Roques - Michaëlis
1.373650588263638,43.69211570092672,1.3749806044479405,43.6938162988776,Château
1.4564187712847474,43.64414745992188,1.4576582289821554,43.64504754004013,Florence Arthaud
1.3961120212711398,43.61681103367871,1.3989790700389964,43.61889962531768,Ancely
1.5037850979431704,43.664845993697334,1.5051220019529197,43.666048105553756,Mairie Saint-Jean
1.4185709177175594,43.57360020995098,1.4212081634768046,43.57554209027606,Bernadette
1.553569710826336,43.50475600325055,1.55790899645275,43.5070461015344,Belberaud La Balme
1.3836715695529096,43.59979008875769,1.3855368453543695,43.60205739522115,Capelles
1.4005240509074564,43.605620357052274,1.4018139488857955,43.60673234251821,Chardonnet
1.6102076830504741,43.57323681927461,1.6120383311779645,43.57460858645826,Le Pigeonnier - Dremil-Lafage
1.4350761555679405,43.61961614237651,1.4366550641920475,43.62102545735283,Minimes - Claude Nougaro
1.4062677240621861,43.71955017912502,1.408041366297892,43.72187214257511,Gamouna
1.4402625464741456,43.61782136128428,1.4415014537952309,43.618721438677674,Guynemer
1.3960625781098934,43.67925948201531,1.3974723285568074,43.68044851795965,Languedoc
1.6431283047207674,43.4426743580805,1.6445036932850965,43.443614941394756,Bellevue
1.3422585891606045,43.521207298351264,1.3435982134796112,43.52210670158804,Boulodrome
1.4910240241942652,43.660454334423285,1.4927953808757026,43.66144146617346,Mirabelles
1.3839928609997,43.58466052047598,1.3857918409420724,43.585597479810225,Villèle
1.5167856857241315,43.562219097141586,1.5192618601970136,43.56416780486786,Champs Pinsons
1.3817559444481604,43.531230597636416,1.3834648609971982,43.532214602914955,ZI Bois Vert n°1
1.4036593643694402,43.71378445091096,1.4055966463243874,43.71543694964576,Pont Rouge
1.5298267245416537,43.534146020591564,1.5317563762042832,43.53532887801606,Beau Séjour
1.464662180793982,43.53568274960961,1.4658994194702084,43.53658285035242,Montcalm
1.5644829452058093,43.50705892698623,1.565719655040897,43.507959072976085,
1.5000171153288624,43.60942904806778,1.5012558849301012,43.610329151894355,Provence
1.6787315675608718,43.77357873192112,1.681712621515815,43.776170350852226,Gare Routière
1.5201706971835833,43.63424391456414,1.5214290002854185,43.63544378535436,Mireille
1.4648261865641237,43.5461344669218,1.4668254635517743,43.54730552677588,Gleyze-Vieille
1.3586789287268959,43.605282878953936,1.35992857150156,43.60629602096684,Max Fischl
1.5108935135559998,43.54596384126429,1.5146122678464966,43.549274370677246,Labège Innopole Gare SNCF
1.4765972139415762,43.5427925638171,1.4780076627034997,43.54411873937698,Pastourelles
1.5570341122595786,43.53563526942659,1.559497188340733,43.53699992806956,Crouzet - Auzielle
1.3900102956799794,43.67838579806523,1.3917174070580325,43.67941600038635,Mairie Fenouillet
1.4118328782036522,43.69228128214016,1.4149105785983724,43.69401939116339,Mairie Saint-Alban
1.4565567411547806,43.56773678563547,1.4579700617546805,43.56864871440188,Caubère
1.4995841286338578,43.524391017059216,1.5009943482772221,43.525470597708996,INRAE
1.3873315641496802,43.546116016104655,1.3887945356792548,43.547019983865894,Rond-Point de l'Espace
1.4086407669994345,43.52756766721591,1.4099808347548972,43.52884823240733,Piscine
1.46377846592551,43.594454136292256,1.4650601375451495,43.595332963482036,Belle Paule
1.463674366219868,43.60009527611364,1.4649255339978073,43.60111572379633,Pérignon
1.7034878404020488,43.54527399633028,1.704713157963552,43.546235003309036,Bachus - Aurin
1.3809870884358013,43.683714589061104,1.382823801157544,43.685329011446385,Fenouillet Croix
1.4010631582069573,43.68324048342834,1.4026570879481195,43.68483107742014,
1.4801143301357633,43.60746675085569,1.4816269626092402,43.60875804932869,Solidarité
1.4612747266134132,43.583394276636874,1.4644477741862176,43.584975919242765,Fages
1.7408265051689278,43.47043230692643,1.742265193342179,43.47140939256427,Baracou - Toutens
1.4516770864801403,43.67195525370785,1.4530040134261186,43.67291344621294,Gendarmerie
1.5035295090922287,43.648653095303686,1.5051215872188572,43.64984640472762,Calicéo
1.440562233757733,43.48930308633309,1.4419177700691825,43.49034731362421,Birol
1.5199490799657764,43.567580795616166,1.5214131248684053,43.568730704459,Gymnase
1.546229764574656,43.36800411962317,1.547463635673637,43.36890428033915,Daujas Église
1.370583323815517,43.5819738428202,1.3718164774282042,43.582927756945374,Etchepare
1.467751635376926,43.5775368905428,1.4690894636034901,43.57878660889424,Lespinet Struxiano
1.6867541232294545,43.768811824595204,1.6879962769989099,43.76971197536744,Bongars
1.4380727933097048,43.49604935213338,1.4393092069585824,43.4969494478286,Rei Petit
1.4667685166984712,43.625725712630796,1.4682925887878149,43.62667098760847,Église Saint-André
1.4186493316035595,43.60040526456959,1.419887868669334,43.60130533539229,Braves
1.3557789978710184,43.609310734341136,1.3570384008700662,43.61041966555453,M15
1.6260556136344506,43.77193037951232,1.6274938847429077,43.772901419960895,Pigeron - Buzet-Sur-Tarn
1.4322910467849441,43.7179879614176,1.433547457117257,43.71894753832125,Vignemale
1.5682416515933943,43.48811376843477,1.569846641601416,43.48943863179922,Village Montlaur
1.4725791578940133,43.488731444235626,1.4738154423682646,43.489631555726426,Mairie Rebigue
1.4654445020182163,43.61332104751643,1.4668118904531573,43.61454245244543,Chaumière
1.803731963100949,43.5227808398545,1.8049696381664386,43.523800160101786,La Rouquette - Auriac-Sur-Vendinelle
1.488787773919096,43.58060553983892,1.4902245236743907,43.582054359277066,Sicard Alaman
1.349255978430465,43.528061277497706,1.350505120053465,43.52908002192207,La Vimona
1.355737973897316,43.498401486002585,1.3569768219919547,43.499717813930594,Roques Charmes
1.454045851019655,43.56987724739586,1.4555684398078153,43.57128225284265,Pouset
1.4559522714103077,43.58855220576947,1.457681826294687,43.58976829393169,Demouilles
1.412423514223971,43.66284216194952,1.4151391893044925,43.66536369512361,Lacourtensourt Gare SNCF
1.4625322806244199,43.545539450837694,1.4637697196402528,43.54643954912434,Redorte
1.4856050340632645,43.626410535476026,1.487034668429795,43.627360063679674,ZI Prat Gimont
1.5082668780217297,43.502058014286334,1.5095382259518133,43.5033933856374,Mairie Péchabou
1.5520053222863688,43.762645349652935,1.5532472779653497,43.76354545030934,
1.4811625601138125,43.58586669787055,1.483244234695784,43.587342401804605,Mont Ventoux
1.4259838176073723,43.55382951039442,1.4292215320147854,43.55580998030823,Oncopole - Lise Enjalbert
1.3824750865848092,43.54882799828938,1.3840373153795016,43.54994720163398,Carovis
1.3625231093502728,43.522707601946166,1.3638543864290547,43.52359609795545,Bourrouil
1.3491824878591334,43.543962821736926,1.3507068100602357,43.544948677420116,Petit Barry
1.4447124187489488,43.47328273715559,1.4460265785496944,43.47460266257768,Badel
1.4907907894256947,43.573330051687776,1.4920244090983368,43.574309847937585,Lafaurie
1.5281768874780322,43.584924798929165,1.5296220104112712,43.585990701056005,Fonsegrives Centre
1.3501022109731724,43.545165405748165,1.351671745431786,43.54668354956814,Bachecame Petit Jean
1.472035952099165,43.59772292866713,1.4733243399831049,43.59944727119936,Avenue Raymond Naves
1.560502532464724,43.54755533097147,1.5617400677831135,43.54845546899088,Nambours
1.3935145632363959,43.58702748326057,1.3959075516803927,43.58908891761409,Vitarelles
1.697878277738645,43.54561900447189,1.6992602222828879,43.54660759537225,Castelvert - Aurin
1.464201279958541,43.63481164147301,1.4656265178661703,43.63586595852305,Colonel Rémy
1.511016873003212,43.54168757181938,1.5123710290644277,43.54259142816222,Village d'Entreprise
1.5457241751513857,43.612100239007596,1.5469630250997215,43.61300036095468,Saint-Rémésy
1.7111724262160755,43.75827431940006,1.7124143740079383,43.75917448056264,
1.4340610636113205,43.60658636172751,1.4352997366589892,43.60748643823441,Sciences Sociales
1.4029794237500617,43.60124382631378,1.404433359139556,43.602311220826856,Grande-Bretagne
1.60884531551406,43.75192322986605,1.611024711397788,43.753459228652964,Sayers - Buzet-Sur-Tarn
1.4263972790487127,43.62478806481765,1.4276363212231415,43.62568813514424,Rateau
1.526610074311668,43.560726319728325,1.527895629565489,43.56160288002617,Vallon
1.3520027533888959,43.60140101809391,1.3542249865091487,43.603064587255865,Colomiers Ramassiers Gare SNCF
1.447666360592007,43.678920917084966,1.4489786373931688,43.679892082886305,Mars
1.370963957550226,43.63711067185119,1.3726008392985078,43.63831062808853,Bordebasse
1.5117971273683726,43.564955367235285,1.5130494732913475,43.56599873269182,Laure Delerot
1.5098139730431206,43.57831942631867,1.5122618455662205,43.580132662485035,Fonsegrives Entiore
1.4864262778816484,43.486824502111766,1.4883137185036694,43.48780679840045,As Blancs
1.4893554021388717,43.54268094499805,1.490592798121154,43.54358105496407,Ramonville Port Sud
1.4338799915596652,43.49426318739887,1.4357020092038575,43.49540921143003,Isard
1.3536366200997183,43.564426876135414,1.3548743801839294,43.565326923826255,
1.5332742988873613,43.58618829229492,1.5349823044033817,43.587141708079024,Lauragais
1.4781784407861456,43.571926227123754,1.4826343011921876,43.575982212222904,Piste des Géants
1.5045905198067535,43.64265085785252,1.5059702775954282,43.643556642163425,Brunel - Montrabe
1.455864689403073,43.60156179054287,1.4577352220487578,43.60399480805426,Guilhemery
1.3670121293419053,43.57935449467275,1.368613071796181,43.58027050544232,Grynfogel
1.426462950431205,43.6912216590969,1.4278244570252632,43.69242434075444,Pont Vieil
1.4617176380129324,43.56414546121623,1.4629630603035493,43.565245238724565,Fac Dentaire
1.444342631591818,43.60792164913908,1.4470379368435875,43.6099828218933,Jeanne d'Arc
1.4662738088152967,43.70263034760574,1.4675289897266264,43.70373325231639,Pechbonnieu Mairie
1.407554239026292,43.621208182133195,1.4088383613057236,43.62231161739267,Nougaro
1.7154681743116749,43.54212684787248,1.7171668258260944,43.54302715209282,En Bosc - Maureville
1.5904756697178737,43.734692301151945,1.5918419268779602,43.735592498826215,Gémil Mairie
1.383684812899743,43.56400037100556,1.3853580767291946,43.56554772943301,Avionique
1.356834953511531,43.57847706832815,1.3593664500758973,43.57948073253006,Prat
1.480248333660769,43.562005220533045,1.4816786852575416,43.56308981762304,CNES-IAS
1.4174345269493551,43.634967114396034,1.4187555749076464,43.635894785201465,Laurencin
1.4326839480468596,43.638389287601704,1.4340514541961735,43.63940211239403,Le Grand Marché - Pont de La Vache
1.5061158602694549,43.54630984182711,1.5073533399877266,43.54720995813504,Sanofi
1.5071093917165086,43.543207741378275,1.5083468085404688,43.54410785858389,Technoparc
1.3734323952978005,43.608147415257775,1.3748467040152679,43.60916568463096,Bouriette
1.3909476050727536,43.71021273165042,1.3941514984976173,43.71232693441781,Lespinasse Mairie
1.5174122028087835,43.54378137662359,1.5194494887124486,43.545242509933836,Bousquet
1.436456836523505,43.57915259822454,1.4379031608974173,43.580096600924676,Passerelle Anita Conti
1.4855766327142594,43.53979644555505,1.486813967546382,43.540696554407056,Port Sud
1.4089043688677645,43.72286863951,1.4102050332443472,43.724101660325566,École Bruguières
1.3598416426473923,43.60920163527687,1.3613047649126842,43.61047056478709,M11
1.4031789366547889,43.68663315428977,1.404679895566177,43.69014988612166,Fenouillet Centre Commercial - Entrée Sud
1.4376342290386879,43.49068674800369,1.4392037621129083,43.49209865228539,Del Riu
1.4787016805405806,43.604177846836556,1.480861518018809,43.60563507372679,Navarre
1.419552563798375,43.6568943591285,1.4208089382874955,43.658036140815305,Rupé
1.4250033793706711,43.58652623500746,1.4262550177341775,43.58739956442947,Lycée Déodat de Séverac
1.4314857616234251,43.693328886927326,1.4330067395998445,43.69471939437518,Pradelle
1.4626748487957433,43.63324614661695,1.464123452447595,43.63461975234774,Croix-Daurade
1.5191993262377903,43.58599417521269,1.5225878708661762,43.58782002131294,Montels
1.4417398815494804,43.6146290353357,1.443282221279599,43.61576146468263,Passerelle
1.5143813986892238,43.65848863069445,1.5161118947332155,43.65986386952363,Imbertis
1.4100327536700026,43.62591571830442,1.4115216512926685,43.626848581855164,Sept Deniers - Salvador Dali
1.511356883960426,43.58166093416324,1.5129913194447415,43.58285886585415,Clinique La Croix du Sud
1.5140445698814575,43.53650480544439,1.5181598382736041,43.5401840773453,Campus de Bissy
1.3687358171440172,43.65969295143277,1.3702579413340341,43.660834293319475,Beauzelle - Aéroscopia
1.411835619303486,43.567255586501545,1.4139907822541646,43.56858911241726,Cité des Combattants
1.4995589762297368,43.637683476576676,1.5012507250986007,43.63860552358873,ZI Montredon
1.377341070382856,43.591107850771834,1.3786898358347677,43.59223784908811,Poutier
1.5033353192780285,43.66118018824947,1.504729183066801,43.66212201104061,
1.3341460597421335,43.536002191690876,1.3359561435229617,43.53727470814342,Couserans
1.408042329200609,43.687998215585814,1.4102425591920698,43.68951166433599,Saint-Alban Salvador Allende
1.4139469652416417,43.6395125214107,1.4161751680942776,43.64163769246054,Eberhardt
1.4197958202368173,43.601480064405635,1.4210343800358907,43.602380135556245,Bourrassol
1.38011730824483,43.52984083520494,1.3817718941322774,43.53101586467785,ZI Bois Vert n°2
1.408766541864903,43.62342633576472,1.410049255445832,43.62438586415448,Chemin de Roques
1.4033482337823562,43.55938255445398,1.4048237737390599,43.56065814563371,Rimont
1.3396358587189063,43.56220612371757,1.3409868428298066,43.563197076269496,La Ramée Sud
1.376508785313832,43.58265823909086,1.378535518466819,43.583645861576066,Corneillan
1.4505571664848769,43.50811805041961,1.4517938337814096,43.50901814954237,Pyrénées
1.3479684897767128,43.60881039969848,1.3512666748975293,43.6103357556312,Oratoire
1.3733413076251653,43.58041163266293,1.3750170931626644,43.58132366743563,Phidias
1.531947203242444,43.5294377091335,1.5359993607372995,43.53188548480866,Labège Village
1.6728686651449851,43.55494042929779,1.6740931328163111,43.55591347008321,Les Avignous - Lanta
1.4410567757996557,43.62468166165624,1.4422958244696664,43.6255817383057,Impasse Curie
1.4004318471486223,43.59497863091382,1.402497302748941,43.59621127899039,C
1.350071262333592,43.577103380598075,1.3519640448835355,43.57814992038043,Cabanon
1.452445155769014,43.58481146351939,1.4546337481265503,43.586253435873545,Place Henry Russell
1.511436821945864,43.684403937773354,1.5130124804337302,43.68553966218261,Quatre Coins
1.3769401258421015,43.607885086996774,1.3802012602263802,43.60911453451306,Bertier
1.4560184732884025,43.596526709219326,1.4573611323623965,43.59808379061196,Seel
1.5308642576866265,43.61080405179009,1.5330942398234382,43.61178104864937,Communauté Religieuse
1.3333551848333969,43.52707598793046,1.3345927169120233,43.528138112023484,Roses
1.6261843611422557,43.56856511595824,1.627469234439694,43.5695759838895,Mairie - Saint-Pierre-De-Lages
1.4669010262855877,43.641992978625545,1.4683259788040102,43.64358842096714,Atlanta
1.3905505632273474,43.709093017784035,1.391951832246748,43.71064188173558,Les Vitarelles
1.4437100558400149,43.58756385815609,1.4449483444284013,43.588463941805884,
1.8240669662648414,43.56720298519469,1.825305033937807,43.568103214768335,Église - Le Faget
1.3532737022758918,43.61576414984278,1.3545138968746502,43.61674094997824,A29
1.475840200412176,43.623763070554624,1.4780578907178241,43.6269901280646,Argoulets
1.5174368259230138,43.55950397946785,1.5187126741466999,43.560599920181154,Galapagos
1.6187022393824657,43.45274686209587,1.6217434474463466,43.454631348957435,Gare SNCF Baziège
1.370686273469129,43.52685490619053,1.3720558304129709,43.527756193748026,Pradié
1.4654645874026235,43.579661478427106,1.4670691090124057,43.580859621586335,Fontainebleau
1.5067396553044872,43.608557784737584,1.5080806439291636,43.609509915087294,Max Linder
1.3661460858019998,43.6086531735039,1.3677614092971433,43.60961582688902,Passerelle Airbus
1.4911775022936047,43.648083661541584,1.4936261012257936,43.64908323926673,Mandelieu
1.4238191596925673,43.674857237210844,1.425259654943471,43.67637318543655,Aucamville Collège
1.4318790443954332,43.62888754726853,1.4335114514426142,43.630634751153394,Charlas
1.5134669795223492,43.60677832171665,1.5150690200356662,43.60784447773623,Aussire
1.507857774667091,43.569389402556205,1.5091817253462139,43.570563196829234,Jardins de la Marcaissonne
1.41555744280183,43.57237171765039,1.4175120593084172,43.573507280469585,Landes
1.4718460364713164,43.69895513586754,1.4731946587378832,43.70002736408985,Bonnecarrère
1.4109616812090138,43.58811041748003,1.4133515286398557,43.58929318448502,Corneille
1.4005562908332758,43.54977020817573,1.4025042187788925,43.55137619229577,Labouche
1.3289345686857907,43.51946094683309,1.3301840328643666,43.520550553116074,Montségur
1.424266302335182,43.59065006625705,1.425794903196987,43.59159713399363,Valats
1.4890588770719693,43.60859105978036,1.490692247473247,43.610289323933785,Aérostiers
1.4274694904454572,43.69271732096997,1.430158411168505,43.69432018929829,Mairie Castelginest
1.3621489464370404,43.60867980371851,1.3639505679649697,43.609697475880594,Aneto
1.339602138347468,43.539333910109775,1.3412348639982044,43.540497689792765,Pré Vicinal
1.4631688849039555,43.652357159142895,1.4644085153618804,43.653257240819116,Virebent
1.4038454230710333,43.53456465384414,1.4050964820085283,43.53556944581445,Palanques
1.408407088108284,43.58024612349192,1.4100416122710677,43.58133657583481,Place du Morvan
1.4848721444931405,43.53866414561212,1.4861094557676096,43.539564254349955,Pecette
1.4705889225874516,43.64871938897951,1.4729221874370644,43.65050773213366,Bayonne
1.4229094157606255,43.62969642962913,1.4243514808407334,43.6312132696027,Adonis
1.5555251721288046,43.78195283918031,1.5568506261325086,43.7828794604836,Montjoire - Malpas
1.473076536352579,43.66221666014006,1.4751389521133846,43.664440986283225,Tourterelles
1.7058236117361134,43.40856529271414,1.707058388485332,43.40946550724859,Salazar
1.4362036705040977,43.61491069896629,1.4384844753262427,43.61674145728961,Pont des Minimes
1.4073444611734407,43.60601051915307,1.409127942154244,43.60727308072017,Foyer Toulousain
1.5028639274579263,43.55556318069011,1.5041413670850503,43.55661281910776,INP
1.3984294434280844,43.548199472844395,1.4001306548813142,43.54938392679362,Damoysel
1.4431285809882104,43.604631759628866,1.4443672192805137,43.6055318403331,Rémusat
1.4460271387017178,43.573960835476036,1.4475647597403467,43.57506446437598,Herriot
1.448280689132954,43.608505669562845,1.4568421878654274,43.61542531324203,Marengo-SNCF
1.4909696400698629,43.65329951509438,1.49289925147014,43.65485438521448,Aspin
1.6420264353877736,43.65240972359823,1.6432661648471363,43.653309876364304,Montplaisir - Verfeil
1.6873198563368506,43.47683368967658,1.6885682440250342,43.47784791013498,École les Varennes
1.4240766857559248,43.61130286279753,1.426551494043295,43.61280503878204,Pont du Béarnais
1.5053878079362846,43.423965032311706,1.5066227923196216,43.42486516765048,
1.693871888914716,43.77195702356381,1.695114111312443,43.772857176398865,Lilas (cimetière)
1.661069030447129,43.759071528502204,1.6623109697855991,43.75997167146036,Gentianes
1.4614381917798802,43.523710816346586,1.4628186092468445,43.52468078332615,Route des Pyrénées
1.4070702881192727,43.69999580488868,1.4084112156148951,43.701021495042546,Prairie
1.4401220601380886,43.61649436120952,1.4413609401312952,43.617394438752434,Professeur Jammes
1.4972536157570442,43.51652557798205,1.4987642826773013,43.51761632190129,Mairie Castanet
1.4323061612514008,43.614375316034554,1.4354491718045594,43.616079215132814,Canal du Midi
1.4010661393361261,43.57028787226678,1.4025084041235396,43.57164948501125,Quai 2
1.4966770008245964,43.66931135348825,1.4979169994356436,43.670211446473864,Tamaris
1.3428922959562861,43.54309402715506,1.344583408145428,43.544056573271895,Résistance
1.3417666292011825,43.579183675731805,1.3434567979735321,43.58023432345822,Résidence d'Oc
1.3940199242646492,43.6782002651868,1.3954660756436754,43.679103034776716,Tilleuls
1.4840678977414032,43.55283379450228,1.4857096969767953,43.554113005638264,Parc du Canal
1.4968363032591372,43.55818053450235,1.4989463997173123,43.55915386607454,AFPA
1.5249030990086891,43.67058971711021,1.5270674637509583,43.67320869264752,Rouffiac-Tolosan
1.6784927971016352,43.78180170704303,1.6804808127397348,43.782783998574395,La Pointe - Saint-Sulpice
1.836759052305926,43.460586874731625,1.8379949478935804,43.46148712523143,Le Callègues - Vaux
1.419527799769165,43.59958097424209,1.4208776964291152,43.600623625738756,Fontaines
1.3859657158331908,43.62384297902836,1.3875557043116815,43.62492666579694,Nadot
1.3682224120053337,43.596697129092725,1.369678189558598,43.597610270977206,André Turcat
1.679950727437645,43.768569225806004,1.6811928727919012,43.76946937415662,Route d'Azas
1.432976578168741,43.605198761851184,1.4342152221017392,43.60609883811075,Arsenal
1.4783627116506748,43.54313361405659,1.4796303877899195,43.544196785576645,Occitanie
1.4353428686728062,43.59771950114327,1.4383059508379101,43.59943764405233,Cours Dillon
1.581959576114121,43.67913373715867,1.5831998241314698,43.680033862803704,
1.4953667849793828,43.651146975535305,1.4983205204654446,43.6527215051032,Menton
1.4090847251371292,43.564156105080095,1.4108882794867528,43.56547609494766,Place des Glières
1.420585250806053,43.58837028533926,1.4233343064540094,43.5904085799741,Déodat de Séverac
1.4957521667032185,43.61963734823291,1.4971275390610768,43.62123605152967,Bicentenaire
1.494547693389251,43.67009255398984,1.4957877068713665,43.67099264597226,Colette
1.4154138043761508,43.6424959712178,1.4167848921919062,43.64354322878861,ZI La Glacière
1.7265880685410175,43.66943075266901,1.7283942333606337,43.67065254692369,Le Ramel - Verfeil
1.5370976772092964,43.527431269116434,1.5388159203842928,43.52864683062061,Chante Caille
1.3845199958089318,43.634723343822564,1.388945264915555,43.63678371427668,Odyssud - Ritouret
1.6594076740291799,43.43217353153027,1.6624409787647088,43.43397362264578,Villenouvelle
1.477374986058277,43.53480874687129,1.4786122142037177,43.53570885309077,ZA Sud
1.612529088837213,43.45334553349732,1.613918115181268,43.45425206648116,École Baziège
1.4205046956434204,43.681110316790544,1.4218705549592865,43.68256328854953,Mariel
1.5097006944270792,43.50311610597938,1.511241400632898,43.50406379430967,Le Merlet
1.451591357075698,43.639885616951176,1.4538275380644512,43.64230344642278,Borderouge
1.4825735866159147,43.57915031899401,1.4850678277871938,43.58018292511357,Ormeau
1.6692211315652798,43.76843082774778,1.6704632686661312,43.769330972214824,Terres Noires
1.56016469899653,43.711041103304844,1.5615298975571212,43.71208259669311,Garidech - Église
1.4808728696991866,43.555864447804225,1.4821105305624516,43.556764552157865,CNES
1.4071805376283208,43.521996360874795,1.4084174626455863,43.52289643908709,Église de Portet
1.3298296142585841,43.51386375394302,1.331471483704157,43.514888344986346,Méditerranée
1.3930436061528602,43.704678667631505,1.3950161850255425,43.70626843268848,Triage - Fenouillet
1.4510877200913912,43.64672502055089,1.4529252779752573,43.647670579697234,Avondo
1.4895819390531022,43.66289817680881,1.4909985586998467,43.6638437225196,Verdale
1.5454056155100961,43.517647386878984,1.547074686332963,43.51870011195999,Cousquille
1.5148097894788894,43.690393560670266,1.516178409170865,43.69129933933835,Cimetière Lapeyrouse
1.3421428247537066,43.577855432574204,1.3437452805661523,43.57881726780245,Touch
1.4930975110548481,43.57315111664905,1.494764185852628,43.57414108185231,Marcel Dassault
1.525945701829616,43.623112586604705,1.5280446058821135,43.62468581356165,Fillaul
1.4555724301737545,43.55612076669902,1.456853174398857,43.55751793321711,Dugua
1.4567024724299056,43.63328226925819,1.4593572289677414,43.63421873112722,Petit Castelet
1.5200782046721426,43.49421016519198,1.521325997516484,43.495348434756,Rodoloze
1.364556092838077,43.58931439836677,1.366366806224166,43.590239401723466,Briqueterie
1.5200155135578561,43.54208981877189,1.521325587095865,43.54322858042764,Route de Labège
1.4327663430575093,43.64310720328653,1.4341784575407577,43.64411739662626,Collège Rosa Parks
1.457882366455417,43.59717739160166,1.459254633446282,43.598155508274665,Périssé
1.5312034525968887,43.537876650098895,1.532640543270974,43.53899324996216,Tricou
1.4724986111665033,43.65618788109999,1.4737457872526005,43.657277718841215,Roses
1.5437634289053253,43.67501624437105,1.5450035713468304,43.675916355591184,Cammas
1.4181399472652942,43.582524764089264,1.419489951280328,43.58346803558885,Fieux
1.3481780636485683,43.58641351103327,1.3494920355820408,43.58754428817535,Montjoie
1.4636245513920028,43.56698666465546,1.4652977041725035,43.56866369792928,Faculté de Pharmacie
1.4957893891340923,43.51869314120293,1.4974805061286505,43.51997805886542,École Castanet
1.4319443377978172,43.63541598920984,1.4340092432851024,43.63765327480784,Pader
1.3502214710462108,43.53021937420612,1.3514585292375891,43.53111942575554,Centre Commercial Cugnaux
1.5218854469895355,43.64405519145659,1.5252062065415657,43.645799176255466,Gare SNCF Montrabé
1.4574472778319703,43.64348135965131,1.4586867224347466,43.64438144031069,Chopin
1.4637709078098147,43.5819209534506,1.4650090924550767,43.58282104651144,Place de Lespinet
1.4930803265162758,43.756513138241736,1.4945008779947924,43.757618861783435,Villariès - Vigne Barrade
1.4728949696133637,43.57638082846415,1.4741433320300206,43.577396070884724,Terechkova
1.663214809917007,43.39993669972976,1.6644493903116397,43.40083690023285,Pémirol
1.6087891507801342,43.54450292134532,1.6100266494593607,43.54540307861715,Brassens
1.5200292272463334,43.555298758770164,1.5212623714081241,43.55627304092317,Saphirs
1.5040005547838509,43.49796113844174,1.5052370454731412,43.498861261520425,Lader
1.4994783316050417,43.65052824932504,1.500725363536664,43.6515227504123,Vallauris
1.4901620241160285,43.578274601558675,1.4914215793947876,43.579547098377695,Capdenier
1.3780120210631304,43.55050994823408,1.3798277744472942,43.55184505168664,Canto Laouzetto
1.4371376518538113,43.50993735343109,1.4383743484148035,43.51083744653086,Auzil
1.5202918813143678,43.454213394541114,1.5216836214749523,43.45512210547154,Lanes
1.5647254529587185,43.400842477280925,1.5659741477288907,43.401751122645294,Lasserre - Saint-Leon
1.4736065418169062,43.600401468354235,1.4750065588818393,43.60138603135236,Achiary
1.37985692574268,43.578532173672215,1.3814891772213582,43.579473526610684,Fleming
1.6314649418610807,43.567109639430676,1.6334693531938451,43.568130061347375,Montplaisir - Saint-Pierre-De-Lages
1.7536533319987981,43.732953739721545,1.7562871415274997,43.73476259391943,Les Cauquillous
1.4446363835252531,43.669686180802074,1.446150735593916,43.671248798455025,Launaguet Nobles
1.4698877220054054,43.608888728393694,1.4713071779928977,43.60989137143825,Soupetard Salonique
1.539167069027917,43.52537484085224,1.5404716276061161,43.52672615894917,Troubadours
1.456867375829112,43.62061859843817,1.4589636510854591,43.6220266022133,Hauts de Bonnefoy
1.4089582260863143,43.539573321544495,1.4106394759126364,43.540747978251375,Claire Fontaine
1.600112895572606,43.540346622679635,1.6013503046683377,43.54124677728281,Route Lauzerville/Avenue Gasparou
1.4699185087198563,43.658932635437594,1.4714157238982295,43.66084838352879,Violette
1.4010405620302664,43.57381919511311,1.4027180077838557,43.575333216488296,Mirail-Université
1.3755128055269683,43.60461670318091,1.3768534934697245,43.605520296812024,Dominique Clos
1.4750691294788896,43.539101824948844,1.4773235571038232,43.541366048991414,Floralies
1.4270081807531385,43.5838506724571,1.4286301124469156,43.58624009045533,Croix de Pierre
1.3982606652009717,43.477679366657625,1.4021199691765727,43.485129298921464,Coquelicots
1.4396136429176452,43.59166754807364,1.441227474089313,43.592725717826944,Île du Ramier
1.4998844157516658,43.63338295994311,1.501728179255367,43.63474794001839,Giratoire Truffaut
1.386109910660903,43.642412263926474,1.3873687905196188,43.64349943600241,De Gaulle
1.4173451575551521,43.502445149404146,1.4185892425479067,43.50343785052649,Cossignol
1.4167371118777028,43.636696937852456,1.4179894819677457,43.63821936205906,Croizat
1.6034985458182534,43.6441513027795,1.6049148487142164,43.64529959726973,Lamothe - Lavalette
1.4655353639487743,43.70622186061157,1.467199137050009,43.70735543904046,8 Mai 1945
1.6652862744234562,43.48159456716571,1.6669381250506363,43.48250713285472,Mairie - Labastide-Beauvoir
1.4747692832359687,43.64594509666386,1.4760592147848803,43.6468541030004,La Palme
1.5322772551009882,43.62733074443186,1.5337625465376272,43.628246555658905,Pin Balma Mairie
1.4839905454952762,43.440537138043986,1.4852258547644825,43.441437261918125,
1.5796268819731043,43.6139765674138,1.5809436169615236,43.614939532559056,Vieux Village
1.6633398527470415,43.766527328674385,1.6645819474853705,43.7674274712882,La Mouline
1.543907853625879,43.64436504973691,1.5453455452649825,43.645403850173466,Bel Souleil
1.5160089962866832,43.61852516414765,1.5173393041258165,43.61969833499002,Balma La Coste
1.5121216894780476,43.568545426162814,1.513978608908477,43.569654272457804,Cayras
1.5145731772706523,43.50526533685441,1.515809822984606,43.50616546310778,Raisin
1.4913350573836606,43.5704341102221,1.4929106480938923,43.57167388994111,Santos Dumont
1.3863484906221224,43.58511299234056,1.3880915096492097,43.58601520769788,Molette
1.4917721904876138,43.73799785481757,1.4939033182763102,43.739628845461645,Villariès - La Corne
1.3931475008079999,43.584092056149245,1.3960154944562324,43.585164644910705,Fronde
1.452413167181118,43.48084143039158,1.4537283346145766,43.481812169577104,École Aureville
1.4474191591662648,43.58312902113363,1.4488692293187024,43.58435611765029,Récollets
1.4375625861232189,43.72003340236544,1.4401783778702495,43.72167651309572,Labourdette
1.3748990398082594,43.63569488224939,1.3761610584523178,43.636842217650745,René Rey
1.4419418226663734,43.58305923763809,1.4439240643762408,43.58441846352743,Récollets Daste
1.4749283792820254,43.56594106296341,1.4761745192679214,43.56695213652954,ISAE Campus SUPAERO
1.5072921338383882,43.499922937921255,1.5085286664180608,43.50082306204093,Église Pechabou
1.4387185048623585,43.639690068423086,1.4409940977665394,43.64110783053417,Van Dyck
1.6907955278035636,43.4171898960818,1.6920304724205397,43.418090103880886,Saint-Jean
1.4449365488623362,43.51979835254045,1.446173451405056,43.52069844742154,Canabières
1.5095673758263621,43.67232544863869,1.51081372519633,43.6733519513171,Louradou
1.3450428702290793,43.53836853657495,1.3465667355697966,43.53959196356571,Stade
1.4598751563495551,43.53820975082013,1.461112443915489,43.539109849141916,Montjoie
1.4757344641798376,43.6575428959679,1.4772388422727378,43.65877990415817,Myosotis
1.4246447306636543,43.56322998748452,1.4259729516031756,43.564237928736944,Gironis
1.5551138577352694,43.51268976514134,1.5574227516467458,43.51461790024696,A. Perdiguier
1.4462884417241828,43.606850600262696,1.4477642981965968,43.60774801255903,Victor Hugo
1.4735966545222072,43.56362122889085,1.4750165481159407,43.564703828327524,LAAS
1.3824650530280407,43.705987682035186,1.383731246939119,43.70704751775989,Gagnac
1.5096041257130173,43.589736995468094,1.5128860703747968,43.591576701568975,Nollet
1.473688191732413,43.57318645936363,1.4749008061991622,43.57413094016315,Latécoère
1.4441255658255414,43.62556486106972,1.4453646344432611,43.62646493889224,Cordeau
1.4388885243688756,43.58766635296892,1.440948284609238,43.58928454739243,Conseil Régional
1.3759597824534495,43.58916110441168,1.37845200772906,43.59082084329049,Lardenne
1.535158303846444,43.54747822229717,1.5377660547007326,43.549867603949956,Gameville
1.4755740448266557,43.574726937965444,1.4767910533208797,43.57567086166241,Auriol
1.4230989413068058,43.71720236917179,1.4248185568720035,43.718258929674406,Champ del Rey
1.5288422067153435,43.55625965974691,1.5300872940818449,43.55727774020587,Lalande
1.3756562242924528,43.688598355616406,1.3769961701172817,43.68969754431277,Montplaisir
1.68302264657068,43.59216791436247,1.6854773512872911,43.59343538284849,Lacassagne - Bourg-Saint-Bernard
1.4008736653503797,43.55769524152659,1.4021668290796692,43.558762558308544,Eisenhower Est
1.4491011131792384,43.6283177003701,1.4507845825460524,43.629579399655256,Louin
1.4391103751551702,43.68865054850909,1.4403683256061004,43.68970955141091,École Castelginest
1.3862344786635536,43.62280223801022,1.387634720167412,43.62371056201153,Passerelle
1.4396733608792245,43.59694205976085,1.4409118393900022,43.59784214020111,Quai de Tounis
1.5273403555082095,43.64708216490733,1.528701141343424,43.64797973420211,Montrabé Stade
1.3644009680018665,43.49856718881459,1.3657575289408717,43.4994674111676,Roquettes Eglise
1.7602371458591963,43.528933961800774,1.7614892534539892,43.52995773792594,Mairie - Caraman
1.4338761944829639,43.7221135048143,1.43708699853882,43.72407249316396,Maurys
1.6397654594815403,43.56241101690839,1.6410033407528124,43.56331118305417,Collège Les Roussillous
1.3380793064643133,43.53471446245204,1.3395539923358697,43.535628437601154,Rubens
1.3507411412023547,43.560152843586195,1.3532845537358393,43.5612200574655,Canal
1.3741810158794723,43.66678530862519,1.3758007771343959,43.66872019021724,Erables
1.3969857429070207,43.629167071578564,1.398224857369965,43.63006712838324,Monastère
1.4527494849691116,43.46701644670671,1.4539853152963125,43.46791655325529,Bois Grand
1.5600985896616655,43.70322189404698,1.5615856173339313,43.70447300605725,Garidech Cité
1.772924970157525,43.46755097779905,1.7749389299753204,43.46878292099991,Château d'Eau - Beauville
1.4010864952855016,43.59368008166671,1.4024286080512502,43.59469861828362,Casteret
1.4551150499261252,43.583169943312406,1.4570806439644535,43.584636456668356,Aristote
1.3743267940281727,43.58644412493138,1.3757382999034335,43.5876175751177,Ferro Lebres
1.5045227647918478,43.594734245980014,1.5057612354661687,43.59563435398211,Cézanne
1.3673220794987453,43.610830443188114,1.3695959275074354,43.6119176581776,1A
1.4398515436102715,43.598679436339935,1.4421362453445474,43.60034935362304,Pont Neuf
1.5486533569226746,43.62353783932699,1.5498924433280556,43.62443796063529,Les Hauts de Laganne
1.83279126758291,43.525497828887396,1.834523930983562,43.52642857126862,En Ramière - Auriac-Sur-Vendinelle
1.4533611907985218,43.51545075040276,1.4545980094673712,43.51635084955921,Saint-Sernin
1.4764300282226186,43.57127568253241,1.4777469761206516,43.57230431733254,Jardins de la Ligne
1.5122863862782534,43.52073602450497,1.5137254133708462,43.521761575310755,Centre Commercial Castanet
1.4683863223612397,43.54905982938713,1.471576076140078,43.55160079712844,Lapeyrade
1.4823063667600431,43.69309887074482,1.4838807267134662,43.694388329461106,Glycines
1.421582199407837,43.55261829942686,1.42320750467311,43.55383440065704,Route d'Espagne
1.6662199971094476,43.77183372856577,1.6674622031225184,43.77273387139681,Moletrincade
1.6898458824721798,43.767092690729996,1.691205612058299,43.76819790922734,Bougainville
1.7024369922080549,43.49896780045894,1.7036736080148696,43.499867999503785,Mairie Caragoudes
1.394887815442417,43.56365631025455,1.396369888327663,43.56521828899457,Pergaud
1.3824572502462729,43.57543267583317,1.38397274649647,43.5770158230103,Magre
1.495704209738947,43.649026064065275,1.497056487887285,43.64994683535371,Grasse
1.4137651747419893,43.60609086608106,1.4150038255318167,43.606990933880816,Capoul
1.384028633214876,43.6451322842609,1.3854318649797883,43.64650631493692,Tonneliers
1.4617472591110527,43.62196624174315,1.463898439074075,43.62332865708728,Le Brix
1.4753807646013326,43.555212756379426,1.4784534602693367,43.55659889908319,Ramonville
1.6334934321670551,43.77573377152271,1.6350511667544871,43.776831028241425,Parro - Buzet-Sur-Tarn
1.505751124176578,43.54433401483636,1.50726195019196,43.545486060997405,Marco Polo
1.632634235999239,43.65017616804565,1.6341411647386261,43.65123613177857,Escalone - Saint-Marcel-Paulel
1.367799018969476,43.55974617662818,1.3696199828805633,43.56097192294257,Licard
1.522818658020782,43.53982584085155,1.5242036404346513,43.5407808587358,Chêne Vert - Labege
1.518832851415875,43.55049553327811,1.5206885448397445,43.55147666723125,Vestales
1.4153453527674278,43.66141827531037,1.4167768459508627,43.66279282362154,Marie Curie
1.4560047292970757,43.5605457262922,1.4587084712387786,43.56198420075989,Ducuing Ponsan
1.3721030385224737,43.66968914801317,1.3745296574347265,43.670718752784914,Beau Soleil
1.4323340113855623,43.7476548238197,1.4335889934493344,43.74864617585366,Route de Labastide - Cepet
1.456915453922117,43.57385058840285,1.4585219432220888,43.57479121183922,Libellules
1.5309085654587913,43.53534473591689,1.532145834794002,43.536244864045344,Avenue L. Couderc
1.5044926693764074,43.5741445169597,1.5059087322846687,43.57511378248778,ADIM
1.5331086680885448,43.53502783544835,1.5343459321638653,43.5359279645139,Allée de Pomarède
1.4280036834904943,43.696817619620234,1.4293113137361986,43.69770738029145,Matéo
1.5137046338873368,43.608435880408386,1.5168538604171278,43.61031591738126,Cyprié
1.67727265282411,43.41505749835714,1.6785075474022848,43.41595770160553,Château Saint-Rome
1.443136054827048,43.59699839887606,1.4464256999621363,43.60088614474734,Esquirol
1.4517118153926776,43.590159392432014,1.453022082563928,43.59113110753857,Duméril
1.4343862332899626,43.68097056206528,1.4359543678919884,43.6820691377512,Mermoz
1.5764360227571603,43.47422602203964,1.5795436959817823,43.47593142416984,Montlaur
1.463399599573676,43.70374800850489,1.464648801210936,43.70474889124329,Labastidole
1.3760549849290349,43.633800536259464,1.377306816290601,43.634866663687305,Doret
1.4430952705434703,43.63312038480581,1.4445044066652475,43.63580177914288,Renan
1.4313239692852702,43.65639773568333,1.432674126214791,43.65746176428409,Lapparou
1.4800792485810699,43.56931814599966,1.4814547471289512,43.57021975398616,Piste
1.5163371764227969,43.568859186742586,1.517668820743004,43.569863113233076,Catala
1.438445150731279,43.64200743250851,1.4397808503399803,43.64324206704584,Rigal
1.4096668966740376,43.58456726527443,1.4109051036002107,43.585467334687415,Saint-Gaudens
1.7222535277629647,43.66561631162592,1.7237354019083948,43.66717931165235,Lastours - Verfeil
1.5258119229427236,43.66801670415807,1.5272887833517343,43.66923019593279,Château
1.4576840559206763,43.54165564459678,1.4599193383160118,43.54321805494214,Aéropostale
1.4461846473154403,43.5782102813849,1.4475908518130858,43.57911791862769,Elvire
1.7334663781174617,43.47231335592725,1.7350021246641294,43.47324304425496,Le Bois - Saint-Germier
1.3852669301431115,43.67981858198305,1.387728765875135,43.6808481188118,Gourgues
1.5934057062777005,43.568790426219465,1.5946436939647064,43.56969057374294,Aigrefeuille Chemin du Baric
1.4306789705007514,43.595024883128055,1.4332157740074276,43.596018365824584,Teinturiers
1.397470952133105,43.680670543687874,1.3988885492906562,43.681580056351706,Clos
1.4995084859682384,43.47611157003972,1.5011544173171139,43.47731312995737,La Serre Beauregard
1.4165751322232638,43.7303724992623,1.4182686616039402,43.731366601331864,Bois
1.3958499526590342,43.676869375597725,1.3970900476187427,43.67776942436405,Rey
1.351746744184846,43.58744439356836,1.3544526504941776,43.58852840758863,Centre Commercial Tournefeuille
1.3936694231897901,43.54747985218169,1.3951536840782235,43.548747447920924,Boudeville
1.4514551072104982,43.57284748479825,1.4526998012128811,43.57456541510713,Jules Julien
1.6794598839508492,43.42465756591995,1.6812907063775089,43.426238434536366,La Cave - Montgaillard-Lauragais
1.5467798108372581,43.53935564633589,1.5487850220456938,43.54179373515492,Saint-Orens Lycée
1.470459747147868,43.63788724218917,1.4721573431851576,43.63940045822848,Ohnet
1.4202210372776511,43.5498942793795,1.4218503658175687,43.55108002061155,Joulin
1.391168903556756,43.57915254732898,1.392483896824463,43.58030735192687,Passerieu
1.4835583828763252,43.62337705734662,1.4848330146153643,43.6246093425297,Carènes
1.3405751327589646,43.53335297388457,1.3419153700481918,43.5342516260471,Vieux Moulin
1.3529585328857394,43.621722880815206,1.3541974673987545,43.62262291914645,13B
1.389268777180579,43.636215059124574,1.391114478979437,43.63803638735955,Place du Relais
1.417226691999368,43.60430766518698,1.4184653082738186,43.6052077347749,Décamps
1.5057341518103142,43.690912004859165,1.5070359487304381,43.69184889502742,Cabanis
1.4885054982474248,43.613729182494374,1.4898274983320403,43.614618417412416,Arènes Al Pechiou
1.4223582781382857,43.49931936890591,1.4237547250285771,43.50037503110913,Calaria
1.5046400890185117,43.51995196789366,1.5062779001871178,43.5215126325285,Artaud
1.3994718909501205,43.51996294953686,1.4008739041762395,43.52108195050142,Mairie Portet
1.3452366513070708,43.52597099324965,1.3471484473543147,43.52710750535061,Méroc
1.383445801245963,43.62388807415463,1.384684799033296,43.62478812580717,B22
1.515209747481878,43.54606442551654,1.5165051531945963,43.54718037379563,Labourgade
1.4645663801134092,43.646523014309516,1.4659283255431237,43.64809818548314,Paléficat
1.3367659536492806,43.525481619642626,1.338498744980409,43.526669479879764,Tulipes
1.4648290625465843,43.62141342047323,1.466407338913717,43.622447778685476,Campardon
1.5760865909144195,43.477741737343734,1.57749450758858,43.478651962692695,Les Canavères - Montlaur
1.4560160151643815,43.554142757820124,1.457606695313122,43.5556505424662,Bourdette
1.3430233275689993,43.5327118886159,1.3444046725240504,43.53361241133536,Vieille Église
1.7406385763643875,43.535515477349406,1.7424961246071797,43.53666392135511,Le Colombier - Caraman
1.5297404806039303,43.55408774328435,1.5328396929891346,43.55561259294094,Poste de Saint-Orens
1.4646935794108258,43.56890304477741,1.4659477194646897,43.569989155132774,IUT Rangueil
1.360612055986125,43.61117051966637,1.3630016318846838,43.61223733285511,M67
1.4967228051110075,43.45397623646594,1.497958395146725,43.454876363496204,Clara Espanès
1.505445007976095,43.54805177091551,1.5072220106195868,43.54994235367224,Centre Commercial Labège
1.5259959246763402,43.529684736462464,1.5272330755772343,43.53058486349975,Collège Périgord Labège
1.3315701594978682,43.533441526986586,1.3330088490675989,43.53475917302274,Cloche - Maguelonne
1.4187491737316558,43.64498444573104,1.4199936247087497,43.645989153742484,Pôle
1.5222512253720828,43.53242659870946,1.5236012643674894,43.533616324508145,Rond-Point Périgord
1.4803993388528012,43.64785201551789,1.4824456675827462,43.64890158554378,Orthez
1.6142057952221578,43.502653763391365,1.6154470036766926,43.50365083629934,Centre - Fourquevaux
1.532922097737954,43.551482277856984,1.5346296972710582,43.55335262034711,Mairie Saint-Orens
1.3563656462956246,43.560016233266516,1.358215557568817,43.56099226728824,Ecarts
1.3702123224304266,43.59781184741809,1.3716756770779865,43.598719152580706,Camille Claudel
1.427513205884393,43.60580310244417,1.4288863017173088,43.60702419743533,Amidonniers
1.4620782676441233,43.559140694471246,1.465407905029432,43.56177136358528,Université Paul Sabatier
1.4454301704194379,43.517673552267205,1.4466670298478443,43.51857364769478,Gentis
1.481184307406554,43.71761616052012,1.482425292856936,43.71851623944196,Montberon
1.5588543842113765,43.59382474001786,1.5601001171856763,43.59483135949891,Digue
1.4767199511037143,43.53097681051259,1.4781611276139714,43.53201231721559,
1.3756450163658,43.493897971465884,1.3769579815250703,43.49481302810862,École Roquettes
1.4727206675627227,43.55841869283378,1.4740529331445587,43.55938630713354,Naturopole
1.4682167819457372,43.55203817880185,1.4696344511712185,43.5533942620796,Parc Saint-Agne
1.3666634786543481,43.49745198134583,1.3682933185764325,43.49863881855328,Anciennes Ecoles
1.4119469448614603,43.50452952627508,1.413211061174124,43.50604087364668,Verte Campagne
1.4255912060328593,43.645155839273656,1.4270383911107147,43.6466421598606,Glacière
1.538404203110036,43.58668557367194,1.5405856917929437,43.587726727238035,Fonsegrives Ginestière
1.564677944705671,43.46452470063058,1.5661876494500424,43.46575339951813,Bruxelles
1.3745590759404809,43.56650045042506,1.3761684251394595,43.56761544932051,Angély
1.3947663272756585,43.51768723195021,1.3966794813171033,43.51922866843772,Gauguin
1.4417167967416225,43.592913242832736,1.4431532985905757,43.594046457236104,Chaussée
1.4345936391372842,43.71885008423044,1.4360083591206512,43.71988721574578,Pic du Midi
1.422035216793354,43.63272101395271,1.4239950849534055,43.63365908636267,Pont de Ginestous
1.3594211037664774,43.55379419327381,1.3616997976761176,43.55472940706575,Troubadours
1.6970253986018504,43.770945622918966,1.6982676016247513,43.7718457770437,Louise Michel
1.3683415647857708,43.58954947718635,1.3696961320709737,43.59057812280841,Montagné
1.6994225679222803,43.77385282272029,1.700664832303935,43.774752977242386,Moselle
1.5926553651659914,43.60209052899567,1.5938940350769049,43.60299067096673,Roubert
1.5258591649571598,43.64492279148058,1.5271034312396892,43.6462095084529,La Rivière
1.6046499098505453,43.60050212760994,1.6062324981705645,43.60186007262829,Drémil Stade
1.549236539352337,43.57633157940507,1.5511725576683255,43.577304421036956,Leiria
1.5089547854557346,43.65029775896719,1.5102390151283374,43.65139334048977,Saint-Jean Clinique de L'Union
1.6908375682883636,43.77218617284526,1.6930890289516853,43.77316972765437,Faubourg de Plaisance
1.4473823147652674,43.65000647879225,1.4489176793943013,43.6512455213691,Jardin Maria Combes
1.4959574761245387,43.60064168354093,1.4986939851866712,43.60190443835444,Lagarde
1.478057144809875,43.54027917184671,1.4796057630051827,43.54150444584908,Deux Ormeaux
1.5675168356822962,43.58611933263529,1.56875516456476,43.58701946732706,Cisarol
1.3558622134575469,43.5997110234724,1.3572265016834013,43.60074817702566,Sévérac
1.3796225325209428,43.55670638094585,1.3813728750047627,43.558123019370576,Église Saint-Simon
1.4147940948569027,43.72177851419881,1.4160196031173855,43.72274618523001,Bruguet
1.4726439735197068,43.59542128951269,1.4738891202360613,43.59694631040242,Lafilaire
1.6621428736755508,43.7645337287366,1.6633849265570486,43.76543387122599,Belle Vigne
1.460665733807729,43.58567765993623,1.4627015106021641,43.5879155195782,Trois Fours
1.4733647783077826,43.64900408881482,1.4749878198888655,43.6500313102298,Val d'Aran
1.4702678496585175,43.55228850710392,1.4715152501290405,43.55329179277603,Alouettes
1.418496022854861,43.61100956544071,1.4197347774181885,43.61190963452117,Suisse
1.3598917867753928,43.61626377881906,1.3611306135078352,43.6171638211426,
1.7790979793037625,43.469404534188826,1.780946916588529,43.47039166636666,Nizac - Beauville
1.4059902196098384,43.69796298651756,1.4072506766000652,43.6992735133988,Bergeron
1.4488141339846827,43.47077793422148,1.4501528698297943,43.47180946571022,Marquemale
1.3914333663952778,43.58343395275432,1.3930699373693387,43.58464434729814,Molinier
1.3526591085908406,43.61435738030101,1.3538978916936102,43.61525741966062,Colomiers Airbus
1.4091713868209905,43.52986062402199,1.4110825099851219,43.53083657644045,Collège de Portet
1.4032613128372882,43.59242843103915,1.4046899882561172,43.59341686852787,Brombach
1.4562027675604465,43.50785124919947,1.4574394327048683,43.508751350762545,Mairie Vigoulet-Auzil
1.4583687960051004,43.50500274851555,1.4596054042598072,43.50590285144647,École Vigoulet
1.4272699979242798,43.60718109252765,1.4303496323528444,43.60913897048596,Héraclès
1.4629150258363262,43.56963067309375,1.4644623695463475,43.57133502579758,Pélude
1.4725713231983861,43.53486857903672,1.4738380772316182,43.53593562059849,Tourterelles
1.389430463158885,43.58224603609219,1.3911462324476789,43.58322016437723,Bibliothèque
1.4742126096109514,43.513016345811614,1.4754493906513295,43.51391645415046,Clos du Vallon
1.4985969107266157,43.65316588398476,1.5019529905659967,43.654099216451066,Dancelle
1.4105877460453604,43.600254914371725,1.4125180369876227,43.60224762614461,Zénith
1.4395187848485054,43.66527152319539,1.4417239152317398,43.666899756819845,Moulis
1.5294407369402507,43.64253107637009,1.5325931225266969,43.64522859303814,Borde Haute
1.5360689968739325,43.53377707968667,1.5380073472502382,43.534956979742255,Brassens
1.6461073582997934,43.56230203331746,1.6482886427265198,43.563225866909235,Les Perrots
1.7128195077585158,43.408789391491865,1.7140542924617361,43.40968960847086,Le Pamios
1.4944524721074093,43.66165719498602,1.4959563784810799,43.66258208197434,Coteaux
1.5054448482802958,43.55354059085072,1.5075969665105486,43.55503587401905,Grande Borde
1.725867183775566,43.47349232170516,1.7272880174486354,43.474522078249635,Peyrecave - Saint-Germier
1.8181420585685928,43.69990542445112,1.8193622435747745,43.70085917497486,Mairie - Lavaur
1.3898661934107308,43.4784592129307,1.3912275026108238,43.47935778703849,Stade
1.5187898532526771,43.667832772649604,1.5205025418623666,43.66913042741921,Moulin
1.4062836931622429,43.750181379099956,1.4075253071146405,43.75108142086186,
1.6544307937060005,43.560859167006676,1.6560352034105408,43.56179973323614,Centre Commercial - Lanta
1.621894487051822,43.53083971777389,1.6231317131852716,43.53173988218863,Muquel
1.3704976405153273,43.610708275999194,1.371736359766,43.61160832396253,Airbus/la Crabe - Toulouse
1.4039768012411913,43.70103147572128,1.4052173990354797,43.70193152424053,Rempart
1.417884137027385,43.65816067523992,1.4196722490517277,43.65998102545694,Salvador Allende
1.5198918005400182,43.56184048931381,1.5219949954298417,43.562849411372106,Marqueille
1.4097733439055735,43.65787867104342,1.4110130563695602,43.6587787289184,Ginestous Chênes
1.5198205238589995,43.61647262718777,1.5213416735368022,43.61759477279283,Boëly
1.6235520390228249,43.54527521860095,1.6247895612141376,43.54617538136155,Avenue Pasteur
1.5032968379206162,43.61058529450686,1.5046074593256218,43.61156980544686,Roussillon
1.3648035664634617,43.567827999523075,1.3662355164415976,43.56890341291882,La Ramée
1.476773892367261,43.583838539308715,1.4782001040398982,43.584753260767656,Gers-Lartet
1.3819286907387986,43.72279828653335,1.3832247100947488,43.723954313211955,Novital - Saint-Jory
1.486245774164848,43.58115615381452,1.4874916237597684,43.58204714590611,La Terrasse
1.4685991734451487,43.74062716497421,1.469840626820799,43.741527234987814,Route de Gargas - Labastide-Saint-Sernin
1.3667533721298184,43.67740566766754,1.3681374243348754,43.678866331845576,Laubis
1.5784289874885682,43.718341344487044,1.579735514636012,43.71958605532411,Montastruc-la-C - Bordeneuve
1.5968839201244498,43.64593389740349,1.5992929771213062,43.64692480312503,Grousset - Lavalette
1.4573126487999595,43.60112774404533,1.4594251480086144,43.60211705649519,Aqueduc
1.359509449011356,43.59812043409601,1.3608733304013823,43.599177945102404,Saint-Granier
1.401674197098847,43.52499328246256,1.4031506019574087,43.5259053175739,La Clé
1.33026280428297,43.52815183314297,1.3316175928694487,43.529058166095005,Espace Pagnol
1.5221399635365407,43.55993414956694,1.5237682320209056,43.56117455051068,Avenue de Toulouse
1.435704169170117,43.59624786055754,1.4369426310997857,43.59714793940438,Magné
1.410419833306405,43.50137221277277,1.4120141772300256,43.503540186618395,Castelvieil
1.5870419715129656,43.68915513696277,1.5882824287318562,43.69005526299961,
1.3802361988344338,43.65814132421459,1.381737299363774,43.6596166744337,Coccinelles
1.4374572357043025,43.580517032524625,1.4394419749443852,43.58219156803094,Daste
1.3687156597005208,43.51118896853634,1.3699523405798606,43.512089031425404,Centre Commercial Roques
1.3607183040790918,43.56254467578407,1.3622830021932426,43.56381052439896,Grillou
1.4492927321700735,43.68585640917989,1.4517314521365576,43.687233270669026,Grazidou
1.4077791869881215,43.676002023321345,1.4092899910760701,43.67816043645947,Saint-Gobain
1.3496050559463941,43.53753009988891,1.3511349472186953,43.53909789905583,Boucher
1.5094332335547282,43.64897127572891,1.51146386831479,43.649914324626195,Ratalens
1.450504552389251,43.57536512197196,1.4517805427393247,43.57680017791583,Delmas
1.5264097858800447,43.611482838461,1.5277659112700648,43.61250496153488,Aufréry
1.5245092924300105,43.538245470333116,1.5261628070675555,43.53937142915857,Guiraudie-Aufève
1.4641924639574466,43.661803884529206,1.4655160300814227,43.662909315357865,
1.5586708706233032,43.5926999349007,1.559909329625352,43.593600065061615,Champ de la Lie
1.529438203251394,43.76687059881146,1.5310212065794655,43.768324801449786,Montjoire - Varennes
1.6261134652060822,43.42350617560181,1.6274185374839756,43.42448502432578,En Serny
1.6160331426189876,43.45425472716664,1.617744551516643,43.45525047343627,Grande Rue
1.5692971751464786,43.612374062487284,1.5706476216188077,43.61340103750002,Céciré
1.447623485178158,43.6293384086807,1.4489399168640091,43.63031099128026,De Pisan
1.4323790536700707,43.64717002369934,1.433699048873013,43.64846467608809,Riché Lalande
1.4400019599835936,43.59379757254723,1.4415379352790212,43.59549902641113,Garonnette
1.3804507322696213,43.65485406003921,1.3825482708987076,43.65583064056575,Stade Andromède
1.3836084694443243,43.664922825271766,1.38554935294578,43.66630293757696,Roses
1.597035905016677,43.6370533309132,1.5982752952258452,43.637953469049215,Village Lavalette
1.4754797293656188,43.53202010458931,1.4767319702341963,43.53306309529406,Coteaux
1.4763381818890728,43.67867823889029,1.4784280286051679,43.68038146162058,Bordettes
1.4505969910620848,43.602693786596724,1.4518752077083767,43.60384901321244,Saint-Georges
1.6052871873950687,43.45712558882743,1.6065324132996888,43.458129910933785,Pradettes
1.5003227642892079,43.66344412064937,1.5024956668113563,43.664391314459095,Clair Matin
1.4745681157161346,43.502612044915224,1.4758046845459638,43.503512155046856,Falcou
1.3893063687100118,43.51317379086414,1.3911326330490144,43.51410840940959,Lotissement Impérial
1.3931433554625936,43.676676976179245,1.394383444815651,43.67757702378253,Jean Jaurès
1.502930392734477,43.522576008900344,1.5041581113157005,43.52351929075809,Les Genêts
1.4260868532053672,43.59154624534949,1.4281722483066537,43.59285405368708,Rodin
1.470420895601116,43.708408901690404,1.4723536057679418,43.709656597588626,Roche
1.3705997150039062,43.555490525344545,1.3718796803298225,43.55650767448997,Bayès
1.4504234109069842,43.658965225544925,1.452119884575309,43.659937374913426,Lumière
1.4579989394224013,43.624589930750545,1.459508569413,43.6259555693911,Barrière de Croix-Daurade
1.4870316015103244,43.65819590479895,1.488319496336404,43.6591003948214,Vents d'Autan
1.490305961328253,43.568382170789924,1.4917016375516785,43.569351128879205,Védrines
1.4466241942614542,43.534879853371656,1.4478614060058292,43.535779946590324,Coteaux
1.3647546715015801,43.63716162269145,1.3660825401288357,43.638230364819606,Navette P5 et P6
1.4581178237524646,43.565712751657585,1.4595317736755686,43.56714774760034,IUT
1.3656627852797125,43.66837944740848,1.3671056209648227,43.66956935263133,Juncassa
1.7661307276981362,43.580884025027956,1.7675686702671038,43.58194347495616,Les 4 Coins - Vendine
1.4530979185907038,43.551872253336,1.4543354816756682,43.55277234662599,Hôpital Larrey
1.4222083013832016,43.61756023458909,1.4234857020125218,43.61885076532973,Matisse
1.3872356187869905,43.63221401289246,1.3920422179072987,43.63519643721057,Pasteur-Mairie de Blagnac
1.3995919302312225,43.58158896724638,1.4008300700447256,43.582489032715436,Collège Vauquelin
1.3688294544327546,43.64722696900279,1.3701622496934773,43.6481163308413,Centre Commercial Blagnac
1.5239163334361434,43.68253464327658,1.5253328672460187,43.6838447557287,Castelviel-Bellevue
1.4375833392852242,43.540517355751206,1.4388206609836798,43.54141744421074,Baulaguet
1.4788562693242466,43.548569565534294,1.4801842312287339,43.54953283442813,Collège André Malraux
1.3923444093014736,43.56548331423646,1.3953294711302169,43.568190278892004,Place Bouillière
1.3759835342629338,43.66134531864041,1.3778614508539575,43.663260882176985,Hirondelles
1.4156327255263326,43.592312320050695,1.4196840239551038,43.59461552280525,Arènes
1.4586311359532367,43.71189377826047,1.460492263923751,43.71308432073606,Keller
1.472281413673777,43.59270278999841,1.4749003362592317,43.5948347210957,Balansa
1.44848761147251,43.50557066624849,1.4498014870659008,43.50653833372911,Chemin du Roucat
1.3942341301712973,43.56089296584838,1.3955950740376353,43.56235943389403,Camus
1.501749506112951,43.649390340501526,1.5035482921905454,43.65061405897749,Saint-Tropez
1.3924626658122758,43.486809279105636,1.3937810370566954,43.48780082083074,Route de Roquettes
1.3603441346692262,43.65363666695026,1.361638270436308,43.6550911329557,Lagardère
1.3502728778334925,43.52244513580576,1.3516587252989811,43.523359063186845,Vanniers
1.4146139975872065,43.54162456235118,1.4163793038905756,43.54281613723252,Clairfont
1.5249490387192326,43.48427436026696,1.5262534601109543,43.48520473954139,Lotissement Canelles
1.4151845136535797,43.68636196471136,1.4180927019560732,43.688238936265705,Gafelaze
1.562143585612575,43.61414212265556,1.5634809119987987,43.61514027732915,Cantalauze
1.47697050720444,43.65852397707935,1.4787788919396154,43.65964622187104,Cèdres
1.4384160718272316,43.692402837448874,1.4399724277699002,43.693482862197726,Graves
1.4429197033110166,43.49492915100687,1.444156096956425,43.49582924895511,Labastide Falgarde
1.4892670291246857,43.527406142522985,1.4907145697167734,43.528463465855154,Grand Chemin
1.57056819986834,43.46128427549111,1.5718164048034444,43.462271324190766,L’Écluse – Montgiscard
1.3777007075973344,43.578388653545744,1.3790709931775746,43.579293046457934,Vandel
1.454073138289786,43.616854510784535,1.4553304632870505,43.61796408915324,Arago
1.625710178658212,43.778332683269085,1.6271375167233633,43.77945291678557,Buzet-sur-Tarn Al Cros
1.4293488362088236,43.59663399100944,1.4325197752509753,43.599216652713366,Saint-Cyprien - République
1.437021552928433,43.65353012444333,1.4383044463992054,43.65466517529093,Croix Bénite
1.3417380099024563,43.573151271715794,1.3437417969082563,43.57420482935537,Sources
1.411060905159875,43.575584376311134,1.4128684974444363,43.57683172341624,Île de France
1.4786504950075934,43.576243999204614,1.4802699084976485,43.5779115993794,Bréguet
1.472400244334557,43.569212529283824,1.4743335578807393,43.570494570176116,CREPS ONERA
1.3480159959141143,43.53271657800683,1.3495018005866446,43.53384552204659,Pompidou
1.5208878981298959,43.63821600011476,1.522469907292576,43.63945560004756,Mont Pin
1.4649328187282962,43.60642686437976,1.4673831188085824,43.60813186863814,Assalit
1.4753462145494354,43.66117105123933,1.476588386878334,43.66216424832609,Côte de Cornaudric
1.668824242904644,43.77700712849821,1.670066557326923,43.777907271464386,Henri Matisse
1.3964746176678013,43.57387368173583,1.397744985080327,43.57510241818851,Douanes
1.3746058211587895,43.51478646750339,1.3758425791206264,43.51568653245838,Centre Commercial - Roques-Sur-Garonne
1.4240375372874048,43.55889403940131,1.4254384334507773,43.559983364041436,Marchant
1.393219577781808,43.613861362756424,1.3951506331929728,43.615531237822864,Carlos Gardel
1.4359144187527075,43.61762119275794,1.4375211550788467,43.619174578592805,Église Minimes
1.353844155158265,43.52295713801221,1.3552696454082316,43.523956961670436,Rossignolis
1.3745600277520709,43.70641568983843,1.375947973848015,43.70732321018049,Turret
1.4190615630816232,43.683276709440456,1.4203500359072043,43.68443859030253,Musiciens
1.385224928485063,43.55043897710026,1.3865149722572159,43.5513692227727,Tibaous
1.442520581651432,43.59483455898482,1.4437590186172773,43.595734640977135,Brunière
1.3417250999708907,43.52934395576837,1.3431790080810795,43.53119994388398,Château d'Eau
1.4642263780407387,43.6437176045629,1.465639628141832,43.6448869954297,Maupassant
1.3832356869653792,43.59862046362961,1.3844959137298194,43.59966383600329,École Vétérinaire
1.4196158398242875,43.728447496736415,1.4214802610885526,43.72960030196667,Les Palanques
1.3408190321429843,43.52212988117831,1.3422861656696925,43.52304881892011,Église Villeneuve
1.504902273289725,43.597143583327636,1.5062216251908056,43.59839151629382,École Balma
1.452158583921344,43.619422739678846,1.4537369236176025,43.62075286054406,Lapujade
1.3652989997722451,43.557800839137215,1.3668006996093618,43.55871076087718,Diane
1.4029778191156157,43.59712606071919,1.4044088798035141,43.59810943889847,Lemire
1.4994190776517902,43.515441040765296,1.500655922606188,43.516341159196855,Marché de Castanet-Tolosan
1.4802236983201327,43.50415734385475,1.4814603019410124,43.50505745610734,Pechmirol
1.4888014908368956,43.62631099780207,1.490617003650645,43.627317702884234,Vidailhan
1.4996983895804308,43.67032025294488,1.5009384106792958,43.671220347017254,Saint-Jean Lestang
1.3764723226128008,43.71363525136039,1.3777351792622445,43.71455624849832,Lespinasse - Beauté
1.4469552277746516,43.62777630314892,1.4488416793867882,43.62882019781159,Pradet
1.4973570141190387,43.66626703019506,1.4985601819461865,43.66718396946575,Jean Moulin
1.6617201978069787,43.64423348398348,1.663049496017175,43.64535381590661,Verfeil En Tartais
1.5115105641852031,43.5389008794531,1.5137650937759188,43.54137686550512,Cinéma Occitane
1.448920725491615,43.63027518063226,1.4502464784817861,43.63167921919882,Maourine
1.5567388662785446,43.51706481082512,1.558490330966062,43.518307288921235,Bastié
1.3951910247497632,43.60648316458741,1.3987736739517418,43.60809952590769,Hôpital Purpan
1.4013437711439904,43.61253158281743,1.4026119278163198,43.61365141702953,Gériatrie
1.370102516763237,43.669572058133085,1.3716993789544851,43.670524442194335,Noisetiers
1.5938700258327216,43.46344945572738,1.5951983700472572,43.46433784416882,
1.553222679852705,43.52923379422449,1.5548973152623444,43.53020800624439,Lesperous
1.4722086313620395,43.634688777117596,1.4737255581843174,43.63681592229763,Vasseur
1.3654467480590047,43.60681237271111,1.3674305532059963,43.60799262561767,Fournier Airbus
1.5118933443462066,43.66088679157711,1.513147656548354,43.66194120835779,Chemin de Bordeneuve
1.7886415007189005,43.46865471878744,1.7898884998013491,43.469678281145136,Le Lengard - Maurens
1.4471846374100625,43.59930207252875,1.448565455430754,43.60104302715838,Trois Banquets
1.4328707331818518,43.59210825710649,1.436317034569589,43.59485208909252,Fer à Cheval
1.4319173640449328,43.65079293241675,1.4332087084401384,43.65272031667703,Lapin
1.445884535257855,43.67370389044046,1.447214366431503,43.674638109185516,Saudrune
1.4806434247732854,43.65444123860762,1.4830027123970748,43.65616896550817,L'Union Grande Halle
1.4642142218683154,43.60979295555923,1.4654529783968313,43.610693044402794,Porte du Milieu
1.5536360517520924,43.645658602891274,1.5562927475644095,43.64659139717147,Mairie - Beaupuy
1.3951536514015015,43.71809342828472,1.3964054422547063,43.719628971627415,Électronique
1.456034156660354,43.64253662163111,1.457518141588131,43.64351997771161,Chemin de Borderouge
1.3561392460595891,43.61458705799541,1.3574089529535154,43.615645041487824,Chèvrefeuille
1.4307231750377942,43.67936616640109,1.432106827446032,43.68030043286378,Vendanges
1.4488729857978384,43.59437349320898,1.4503079127563612,43.59528570683922,Jardin Royal
1.5393254203655575,43.6759645453348,1.540565579887377,43.67686465462743,Pissebaque
1.544624961267121,43.62748060183669,1.546242235022887,43.62843099847605,Rossignol
1.4740000261663897,43.58574164491192,1.4755588654553895,43.58711785534894,Langevin
1.3965732233326595,43.61330037684133,1.3991276055780681,43.614589862345746,Arènes Romaines
1.4032773860951666,43.52983813483476,1.4046988062607715,43.53110086523402,Boulevard de l'Europe
1.3466203976104556,43.56025939139407,1.3481139842605605,43.56126529142999,Bordenoire
1.3595595860267404,43.559170166843025,1.360953086257074,43.56023883048009,Tucaut
1.4310666194240638,43.588733019522735,1.4324920767689455,43.58987271690367,Avenue de Muret-Marcel Cavaillé
1.3812721675319455,43.63947358642737,1.3834127590799903,43.64126214958505,Patinoire-Barradels
1.4481863529957155,43.572636175798735,1.4501588395424625,43.574165924359775,Palmiers
1.3829606850320346,43.68234800627904,1.3848803132659193,43.68361969297687,Église Fenouillet
1.598105934172241,43.43457661421457,1.5995016652634497,43.43548228578114,Pyrénées - Ayguesvives
1.5244401195368709,43.585246881841286,1.5262363841373026,43.58621481864508,Pyrénées
1.4050080573984698,43.535441401707594,1.4081465398845907,43.53732961701861,Centre Commercial Portet - Entrée 5
1.5878058641965114,43.52185864107782,1.5892670330880412,43.522778659030514,Centre - Odars
1.4524050482453854,43.644218613339916,1.4537463545513472,43.64555988638643,Vignes
1.4147583708759395,43.631077360268186,1.4164052312816002,43.632240539593234,Chantelle
1.4078133505522517,43.58676392492302,1.4106723527188831,43.588400173098066,Collège George Sand
1.4603764161918484,43.62685431406277,1.462068380806102,43.62785538442584,Sainte-Augustine
1.390737371399662,43.56237522394763,1.3924745274684462,43.56346417506581,Desnos
1.459304063301308,43.62782049434784,1.461430742489349,43.62931880549489,Cazals
1.4448018290107743,43.59014985812714,1.4460401712574862,43.59104994183482,Sainte-Catherine
1.345084733977991,43.53540588638705,1.3463399699354701,43.53627201328658,Cugnala
1.4447266557441154,43.60704645947816,1.4459653445243608,43.60794654048379,Bellegarde
1.4302070050361846,43.592908761476664,1.4314453952346244,43.59380883848523,Delpy
1.4958024870824713,43.578182546035094,1.4970825173363569,43.57918355374034,La Plaine
1.460796123567323,43.54119280756826,1.4620467774914176,43.54221259202725,Salas
1.4819617220464527,43.69678335871173,1.4832022782166572,43.69768344125035,Belaval
1.477923159953827,43.5373468469572,1.479160440308102,43.53824695300485,Crêtes
1.4919590896336996,43.514475142230076,1.4931959106255506,43.515375257732046,Lavoir
1.5268901636632695,43.63320264446058,1.528129436591328,43.63410275550163,Impasse du Gazel
1.6207511375146635,43.54549391914819,1.621988662722783,43.54639408081431,N0728 Louis Pasteur
1.443917198140279,43.64373753522164,1.4454344017946528,43.64479186442717,Olympe de Gouges
1.4620298130896159,43.70485915403295,1.4637713122421268,43.705929973176,Collège Pechbonnieu
1.4167245732688916,43.49501201524771,1.4180574308757805,43.49604838465963,Route de Goyrans
1.4740866691426489,43.603391810960986,1.4755679307561271,43.60441988876782,Jean Chaubet
1.3919484320637827,43.50119468549329,1.3932017685740188,43.502245914424876,Commune
1.577617071991887,43.58593404714873,1.5800999396591666,43.58746843054154,Montauriol
1.6417157319481959,43.490461931296544,1.6430291638972188,43.4914890686198,La Douce
1.4580818822736887,43.579019863242905,1.4601608210288126,43.580401995774835,Saouzelong
1.467654381062058,43.6055633391184,1.4752098316191413,43.60781435107851,Coquille
1.50387309441876,43.51328937891567,1.5051233096929921,43.51425552080343,Blum
1.4246882156824174,43.58111655092255,1.4261124860622658,43.582028049128326,Roc
1.4441050106093378,43.570704974079746,1.4453956833618695,43.571793125735695,Bart
1.4824116131831442,43.651719375034936,1.483979286668125,43.6526243249325,Biarritz
1.569949147211392,43.45767402200933,1.5711848530338315,43.45857417795303,Tuiliers Montgiscard
1.5246141135362092,43.64227577999045,1.5268476810260456,43.64332962100662,Mairie - Montrabe
1.3443186663300395,43.53410979707077,1.3456527371360494,43.535003502815115,Vieille Eglise
1.5836412311596204,43.68117446069866,1.5849845718556383,43.68218483926222,Gragnague - Église
1.485111116155994,43.57713946543226,1.4863663833804446,43.5781700343374,Parc Alalouf
1.4940008497452344,43.625436663902654,1.4953179456910444,43.626477936006445,Etienne Hales
1.3776170857101402,43.66358626871861,1.379551316195982,43.66452703161429,Cigognes
1.4703466303776758,43.655497075642735,1.471573765878404,43.65643112409879,Mimosas
1.5905290253794022,43.61485008938904,1.5917789765041435,43.61586640980917,Les Laques - Mons
1.3817178664275114,43.60781562748981,1.3840645317150768,43.608779772829905,Bisson
1.3930780090406358,43.498567031257,1.3944327857509131,43.49966596871219,Lachambre
1.4791683966958078,43.665893755698306,1.4810514064633533,43.66696074221379,Agout
1.6061748404009537,43.5944061257883,1.6074133598395284,43.59530627417415,Pastellier
1.5037946479059296,43.51785093065637,1.5052014489489927,43.51876176939372,Verte Prairie
1.418290554555717,43.57171304751229,1.4207770582570551,43.57357672038253,Touraine
1.4270001178171392,43.718448937337705,1.4285556817043676,43.71935846266765,Vieille Côte
1.3786768365789401,43.52830658091397,1.380356565654804,43.529488218920015,ZI Bois Vert n°3
1.4022505514404775,43.485866694549145,1.4035559469477252,43.48683030542536,Cros
1.4812120437141578,43.52779770859885,1.4825541495691452,43.528959691321056,Prat
1.4125737482617473,43.61125803658094,1.4147307430058589,43.61292366356502,Fourmi
1.3926899989892219,43.515210700065026,1.3943549049535466,43.51644249998854,Clemenceau
1.5792781974904977,43.677128037522785,1.580518402755534,43.67802816243958,
1.613183741679999,43.45451234796004,1.6145660556945327,43.45543565129307,Poste - Baziège
1.4228325813224285,43.507465856320096,1.424069218948612,43.50836594364181,Coq
1.4729054670988526,43.64789290212248,1.4742823322156418,43.648798097874035,Cerbère
1.4604054075962871,43.650228759558466,1.4616449926699981,43.65112884040357,Château
1.4550851535687268,43.673474556897695,1.4565522475505255,43.67438514315905,Mairie Launaguet
1.480729970218305,43.72123226090065,1.4819710300453086,43.7221323390614,Montberon - Tucol
1.6823605180263252,43.7694205254369,1.6836026822028107,43.77032067452573,Tapie
1.4235422185267643,43.57244295232313,1.4248981859626062,43.57392424744532,Gallieni
1.6995247823062136,43.77246062259198,1.7007670179199694,43.773360777370684,Agout
1.477497062359678,43.591242945773416,1.4792765386320228,43.59236455308656,Baroux
1.4737483575572754,43.666472973231734,1.4751797428097149,43.66737582677157,Geai
1.3689672068895613,43.52570922047743,1.3704502914940402,43.526696878901944,Verdaï
1.4454801714103502,43.48694740085644,1.446763833125519,43.487957998924756,Souleilhat
1.4514908820795749,43.58592789948522,1.4540316171711996,43.587282998014366,Rachou
1.5008967513718856,43.55084026305912,1.5026285988598431,43.55191292818477,Carmin
1.4905565106933636,43.622707902297456,1.4922613851681357,43.6236764981362,Saint-Jean
1.6426182901556607,43.592076517427415,1.6439280094898008,43.59325078206941,Montplaisir Vallesvilles
1.3459978825390304,43.521614882791866,1.3478871234371659,43.5226358180454,Jean Marais
1.4470742585406182,43.5089961512309,1.448310941726278,43.50989624873108,Camille Soula
1.6756133755199318,43.39895609724871,1.6769021218249474,43.39984920218392,Laval
1.5014077976956257,43.60499389323159,1.5029603992642993,43.60595240552521,Mairie Balma
1.4118020317850608,43.72045053311865,1.4137760485881585,43.721483433019536,Coubertin
1.3764963711819476,43.66663503517986,1.3779486287362068,43.66765976457858,Mairie Beauzelle
1.401309795325424,43.608510283327384,1.4027065233843699,43.60969988436436,Purpan
1.4444022226502262,43.63054294534042,1.4458840793174104,43.63152705387497,Kahn Klein
1.4761646129714137,43.69642847493122,1.4775359893038589,43.69733382506109,Puntous
1.4708650496380389,43.58829976094487,1.4726206430201227,43.58972383933069,Glaïeuls
1.5684293112492302,43.50726952018834,1.5698423972656084,43.50857307977373,Mairie Belberaud
1.6623713921945378,43.762737928552674,1.663613408038003,43.76363807140989,Mondelle
1.419679853164483,43.71493077339499,1.4209207471096394,43.71583082656686,Gratentour Gravette
1.4424776507957342,43.69373418256516,1.4437375478454946,43.694767216862786,Ramondou
1.5969484957136082,43.71510335062718,1.5997950692522305,43.71683185433318,Montastruc-la-Conseillère
1.4272567365179294,43.73757679160089,1.429042745943289,43.74048100730796,Cépet - Mesturel
1.575959779784345,43.59119483967567,1.5771665240073434,43.59210765993563,En Batut
1.4784083798998204,43.609570670783846,1.4798998122538578,43.610880929386894,Surcouf
1.3741591066511458,43.697823607825214,1.3754935949952807,43.699084091826286,République
1.5025755218944603,43.50975727394965,1.5040188793910032,43.51074732553782,Chemin du Carrelet
1.5336512753174416,43.55902970429816,1.5353723232381726,43.560213895264454,Coustou
1.8114062269164257,43.698359068810014,1.8131888693914522,43.69933003164129,Charles de Gaule - Lavaur
1.3842868730514075,43.48008731392939,1.3862814268076968,43.48132918478296,Place René Loubet
1.385506551028703,43.53175330832549,1.387164250891269,43.532915291488344,Courties
1.5137222959848333,43.65060897449645,1.5150862973043975,43.65178062546171,Sausse
1.4013866620036346,43.69195997800462,1.4029447379552609,43.69303092156796,Fenouillet Centre Commercial - Entrée Nord
1.4652859843333357,43.585029846159266,1.4666240117385292,43.58606735380288,Dufour
1.3680508834038285,43.55705917532974,1.3692964176556497,43.55806232432933,Coin Fermé
1.51882004261676,43.68406765011691,1.5200603576398193,43.68496774984527,Centre Équestre
1.4641010220604471,43.580520853270336,1.4653391782043712,43.58142094669169,Cale
1.3978997996279054,43.62572545963301,1.3991522038833346,43.62698234030821,Marly
1.6848645651330967,43.46281280075475,1.6861004350924813,43.46371299920791,
1.6670923773414874,43.43257190159702,1.668327622886829,43.433472098365606,Le Puntou - Villenouvelle
1.453237900594504,43.49489924880548,1.454474299671166,43.49579935115653,Route de Gleyzette
1.8161684413705788,43.69631759667876,1.8174091588346155,43.69721780328421,Gare Routière
1.7023176759691478,43.5949353141243,1.7038608265659654,43.595863386051114,
1.4778580370064538,43.655513211708964,1.4805308985321992,43.65754153498588,Centre Commercial L'Union
1.495783135907375,43.563043557701846,1.497178749246769,43.5640568751535,Cosmonautes
1.4221869011606718,43.56930489489081,1.4234464944365912,43.57029400490459,Courtois de Viçose
1.475462862780429,43.58088655823174,1.477001436135622,43.58180304183206,Six Avril
1.3469065663624569,43.593355176292555,1.3483785411247098,43.59462562378744,Gabriel Fauré
1.4223016079707762,43.59588118858052,1.4243143864052488,43.59699091969237,Patte d'Oie
1.694666048076079,43.41510089522195,1.6959009521473396,43.41600110474078,Borde Basse - Montgaillard-Lauragais
1.4315373902550013,43.74977394241492,1.4328122049358465,43.75078705739146,Cépet - Mairie
1.3973562059352906,43.565300238601466,1.401021481140089,43.56743700502673,Bellefontaine
1.7470593044954228,43.469363381036295,1.7486486940754813,43.47048941873196,Craboudette - Toutens
1.3355405809280563,43.527130032187436,1.3369582181540351,43.528038667831154,Pyrénées
1.6078225061721636,43.44932251683608,1.6094955979025043,43.45028328357,Las Puntos - Baziège
1.591912119916549,43.459777317895444,1.5931478803249326,43.46067748206696,
1.3390588156035028,43.53740895329707,1.3407075875514072,43.53835444701593,Vivier
1.6593369507777822,43.56071757910974,1.6606107493557731,43.561806620544054,La Couronne - Lanta
1.5752689985297195,43.61237104109842,1.576663503716527,43.6132799589233,Pampare
1.5356954414337591,43.64352307922507,1.5382139579839527,43.64445102081438,Collège - Montrabe
1.51098466347855,43.60432915404724,1.5123843442914084,43.60557544589154,Le Grand Bois
1.712375025620807,43.599421862795666,1.7138167295001596,43.600593457076094,Mairie - Bourg-Saint-Bernard
1.4494686597451167,43.68158582207849,1.4518745472439507,43.68282379074662,Rond-Point Chalets
1.3927718583586732,43.54982124073981,1.3940322413505037,43.55088795908162,Alcatel
1.4837786668696038,43.65295889605169,1.4853599328293703,43.653866403934586,Montcalm
1.3870509727369724,43.51418094664394,1.3883580264748383,43.515135853323976,Portet Hélène Boucher
1.3728351750511982,43.653830777741405,1.3768782974200569,43.655419951679285,Andromède-Lycée
1.3979120528806452,43.55378819814057,1.4016733837369275,43.55707802355133,Perpignan
1.8148650587551203,43.58309564907874,1.8174355324056901,43.5842779527881,Maurens-Scopont Esclauzolles
1.355532027800487,43.61174589958342,1.3568894697107525,43.612761400414584,M17
1.484161623815642,43.59735174132908,1.4855641779722988,43.598261258703616,Rougenet
1.4925956212333444,43.60905924957102,1.493834379026896,43.6099593503911,Edgar Quinet
1.5989926921835185,43.44131362469054,1.600444107509625,43.442325875040154,Ourmets
1.3608122311907083,43.60447626776253,1.3625389720720615,43.60571163216426,Jean Petit
1.4442762374764433,43.6950544019075,1.4458682658388016,43.69622579812711,Route de Pechbonnieu
1.7032212131847286,43.663386064737395,1.705596282925159,43.664407136024415,Castelvert - Verfeil
1.4098674507834141,43.59237786369448,1.4112387472016095,43.59339413630083,Négogousses
1.5078700725755514,43.61363699592029,1.5091024289786363,43.61460510370158,Lac Saint-Clair
1.329275917147433,43.52455462658477,1.3305451799224217,43.52543217279762,Roussillon
1.50544168098458,43.686314972894955,1.5069714217769348,43.687287425943964,Barbe d'Or
1.3713459855194412,43.56252070740191,1.3727401170278521,43.5634295926155,Réguelongue
1.3958223637777118,43.67579037551855,1.3970624365000561,43.67669042444323,Pourrenque
1.4809840986697334,43.59670884471916,1.4824807927019068,43.598066955471744,Aubisque
1.380049550104841,43.49103282331709,1.382173551442499,43.49224787461064,Beaucru
1.5303421186349448,43.52896872951324,1.532170848430395,43.53030443103674,Occitanie
1.5055254356084644,43.461799791459406,1.5071387597069639,43.46276080892077,La Tour
1.5571930330598622,43.634610077229716,1.5585577621336284,43.63569642275333,Église de Mondouzil
1.4310323395551616,43.63194213739553,1.4337169504085585,43.6337419163449,Jules Ferry
1.3843427255398155,43.62149547376654,1.3855816747392589,43.62239552619525,B20
1.7507161243843632,43.58116773092147,1.7521267761155723,43.582160968806114,Le Moulin - Francarville
1.676448501092474,43.77119992664959,1.6776906991377083,43.77210007331303,Louisa Paulin
1.6703160533933885,43.775957528142705,1.6715583468379094,43.77685767181987,Gandhi
1.4279530538302707,43.62388898530075,1.4296832516412261,43.62487621527874,Silvio Trentin
1.5004892572328317,43.55843136349102,1.5035109118717995,43.559992304785496,Griffon
1.6319377033029585,43.494127447157766,1.6336111939808158,43.49533295268763,Tiffaut
1.5725394956125676,43.61104287349143,1.5737677061056978,43.61200482609265,Mairie Mons
1.5916635489247637,43.59417451091642,1.593256755287802,43.59537798918282,ZI Drémil
1.6679438815202143,43.773297928366,1.6691861187114685,43.7741980715966,Beaumont
1.4794712491466178,43.58720255057268,1.480709551115631,43.588102649389405,Pugens
1.4113401422743816,43.59401392289183,1.413812260373608,43.59498787774424,Avenue de Lombez
1.3710973964903583,43.69871912187743,1.3727300047961981,43.69977827721606,Espace Garonne
1.5375505252492498,43.641384561473316,1.539565573621782,43.64289168809582,Collège Montrabé
1.4081690283326536,43.615855885036524,1.4097502727855518,43.61690251421099,Soleil d'Or
1.4105987899462658,43.7213211758763,1.4118398103295104,43.72222122408555,Bruguières Verger
1.4415468207356343,43.476046694966634,1.4427801781195049,43.477019204793095,Rozane
1.3655712112619405,43.52333279356712,1.3669939865139957,43.52424600649579,Gatasses
1.3794816501191607,43.590002872358596,1.3807199501603562,43.59090292760317,Catala
1.6255714901498537,43.451269495515625,1.62702620969019,43.452286604235695,Le Visenq
1.4032063498387184,43.52136324380471,1.4052055090850168,43.5229780764406,Désiré
1.5476500931962258,43.5167558935323,1.54956540502696,43.518030605750766,En Poutet
1.4133850421757197,43.49673382502276,1.4147179622352928,43.49777897487371,Lavelanet
1.3469061880462845,43.54442515709319,1.3485905139520213,43.545357643145124,Somme
1.532019887010193,43.584654933940996,1.5333767197145063,43.58581716592606,Côteaux
1.3499326486448169,43.580149171250504,1.351885236390237,43.58158948966573,
1.5339038957302662,43.535521570933376,1.5356410940966574,43.53708552953343,Fontaine du Laurier
1.529305041625267,43.559898877206734,1.5306888559371854,43.5609328227998,Partanaïs
1.3586664902774506,43.5880939106975,1.3601658051864753,43.589028489509445,Saint-Exupéry
1.3522322710091508,43.59833183123482,1.3538485278450538,43.59937966801678,Esplanade des Ramassiers
1.415178494687538,43.68829918549218,1.4167112019515709,43.689901113290844,École Saint-Alban
1.5600756332858738,43.40029221942232,1.5613101669604117,43.40119238054,Village - Saint-Léon
1.4146617188332453,43.73117901079534,1.4164805089030312,43.732956058755725,Tour
1.604214458810034,43.543835522167996,1.6054519414302426,43.54473567779446,Prévert
1.4994681611989542,43.66811418265993,1.5007185388510293,43.66912281721541,École Saint-Jean
1.4303363554701272,43.63365325491751,1.431888842251528,43.6352064435557,Bastiat
1.4089988176784498,43.60204496680119,1.4102373825961299,43.602945033160644,Charleville
1.3408264853964706,43.54106073114757,1.3423219201305365,43.5422562689634,De Gaulle
1.353937791625366,43.60834094668099,1.3553251524005856,43.6094224278363,Fontaine
1.5426458370838079,43.59639883838233,1.5438843631676529,43.597298961579895,Rome
1.4057672394017997,43.561518477485755,1.4077548635604296,43.56284932204114,Cheverry
1.3966963063428435,43.59015904172905,1.3987798006382006,43.59169325835441,Les Tourelles
1.4243780654783011,43.5662812382816,1.4257204465797224,43.56730685996221,Rond-Point Langlade
1.483810340057267,43.648043202773415,1.4858275627177526,43.649168994985274,Saint-Jean Pied de Port
1.5073728962771689,43.54692497416347,1.5100434940056817,43.54854010488883,Prologue
