min_x,min_y,max_x,max_y,name
77.62662525186404,13.084326445173447,77.62754674795623,13.085229754809056,Chokkanahalli
77.61327929592076,12.990181068228296,77.61467967007107,12.99170919395255,Thomas Cafe
77.8824423171028,12.940393937800216,77.88336308270041,12.941297062182128,Pura
77.71458935586566,12.937612172629057,77.71551024394901,12.93851542735352,Yellappa Reddy House Panathur
77.72940981771087,12.852186375279326,77.73033038210303,12.853089624703346,Gopasandra Gate
77.71300722260884,12.955397072648307,77.71392817720587,12.956300327334247,Kundalahalli Gate
77.86569781214644,12.829867127335115,77.86661818765826,12.830770272647394,பாகலூர் பேருந்து நிலையம்
77.67554719878736,12.925016450163492,77.67692540259,12.92657474986295,Bellanduru
77.64376275963336,12.842989176072537,77.64476804063638,12.843893823951232,Thogur Cross
77.83524974683013,13.022531021952505,77.8361708529761,13.023434178029806,Vaghata
77.62410756026048,12.879332370316003,77.62503074015092,12.88020182965408,Aralekatte Bus Stop
77.72280738819818,12.976156577056164,77.72372841161581,12.977059822926348,EPIP Bus Stop
77.66512752365476,13.10724526008656,77.66604907616279,13.108148539895872,Hamsa Farm
77.58529441542925,12.914318275365229,77.58631698412366,12.915625324640825,Marenahalli
77.62532903954346,12.873482137403704,77.62624976027743,12.874385462579061,Begur
77.5925176325454,12.979818429211068,77.59343876727749,12.980721770771613,Vidhana Soudha
77.61961430359727,12.794190810928203,77.62049369699581,12.795092589071965,Nisarga Gate
77.57945408936834,12.94522961159305,77.58056943521983,12.949966628779134,"Lalbagh West Gate, V V Puram"
77.58861990041659,12.83408622529568,77.5898605013919,12.835050453689034,Tulip Resort Cross
77.6254031803882,12.911269567333335,77.62649112031397,12.912431932698032,Roopena Agrahara
77.70395299904435,12.802063463982309,77.7048734007714,12.802966736000457,Chandapura
77.58267049667812,12.815238226211699,77.5836378036371,12.816139473767848,Vijaya Bank Bannerughatta
77.61471000204986,12.928452002136847,77.61655960297394,12.930094418696003,St. John's Hospital
77.62924315906032,12.933871689646404,77.63025544041741,12.934816010110278,Maharaja Hotel
77.72079780018908,12.976418415839348,77.72193560036884,12.977599984151952,KTPO
77.67697691195866,12.913504739405338,77.67820788844523,12.914462360639204,Kaikondrahalli
77.71419638009547,13.086918877660901,77.7151178197188,13.087822122321487,Gunduru
77.65000104762596,13.03736535208251,77.65092235219281,13.038268647900022,Shilpa Bakery
77.57612597928984,13.05953932610995,77.57704742053392,13.06044267387264,Kodigehalli
77.60057307841852,12.959993811188287,77.6015104211075,12.961131488820518,Nanjappa Circle
77.77744067776601,13.101376102222696,77.77836212204392,13.102279297759583,Alappanahalli
77.58860644182472,13.037877105354724,77.59014474304107,13.041749943730215,Hebbala
77.75615226409323,13.050371992285756,77.75707353571826,13.051275207696625,Sapthagiri Convention Hall
77.64675645577721,12.923653646955728,77.64767734404212,12.92455695302696,Agara
77.61585720694774,12.995052251367653,77.61733648340724,12.996127883202611,Sindhi Colony
77.58420861591325,12.94203550705502,77.58578080567987,12.94413684051991,Ashoka Pillar
77.71595838309635,12.959587430074789,77.71693371857786,12.961560969815153,BEML Layout
77.64091792727882,13.038636758752006,77.64442696856972,13.04027424319655,Hennur
77.85518634214131,12.920711526289494,77.85610705766382,12.921614673692913,Yattakodi
77.74354323108797,12.986064535799805,77.74527726831478,12.986989764509385,GR Tech Park
77.61685612131438,12.953227627291884,77.61796737835972,12.954283772751047,Neelasandra Rose Garden
77.67073025317349,12.875315454122878,77.67165094664433,12.876218745859836,Rayasandra Circle
77.84094149479502,12.997777023331885,77.84186250501087,12.998680176650439,Tharabanahalli Cross
77.68195840283619,13.068044864953121,77.68287979698034,13.068948135029336,Anagalipura
77.86118126875733,13.01630803196823,77.86210233104711,13.017211168014052,Kamarasanahalli
77.63216748181289,12.906465341028639,77.63308831800748,12.907368658954088,Salarpuria Serenity
77.62949240851242,12.923663813840596,77.6311655907206,12.924898885177035,John Fowler
77.61173962607717,12.995988652816177,77.6126621735919,12.996995247171578,Coles Road
77.65169642665398,12.994914651231888,77.65261757316482,12.995817948750696,Krishnaiahnapalya
77.63314243319316,13.071184045949028,77.63415646673307,13.072454853681345,RK Hegde Nagara
77.64484406287792,13.04786734812274,77.6458941361786,13.048781951828799,Geddalahalli
77.61546775139817,13.028379439174616,77.61638904842299,13.029282760807972,Railway Gate
77.59805209089569,13.057602033901263,77.59897350892658,13.05850536608132,Amrutha Nagar
77.58822341478258,12.988609327974387,77.58914458504056,12.989512672008283,High Ground Police Station
77.7836412539207,13.00759640134841,77.78456234588904,13.008499598633989,K Mallasandra
77.71776936723772,12.964353729159168,77.71882868266349,12.965679238535136,Cosmos
77.58535626753323,12.904844424053886,77.58627713229032,12.905747775928896,Nandini Hotel JP Nagara
77.58422461313089,12.953293053904376,77.5862766392031,12.954600297548328,Lalbagh Main Gate
77.67779562461983,13.018898199188122,77.67953517969228,13.021677101267544,Koudenahalli Cross
77.73797025865944,13.081566533872465,77.73919854116083,13.082654366144963,Mandooru
77.63458840805981,12.90664893281468,77.6356034914289,12.90796316720614,Mangammanapalya
77.591652922032,12.947429391205212,77.59257197723912,12.9483610086513,Mallige Hospital
77.63071811443808,13.051801630648884,77.63173788625649,13.053360469138887,Ashwathanagara
77.76108743228387,13.024301413766118,77.76224526708812,13.025230886303987,Sai Lakshmi Factory
77.60937527617696,12.980076627886024,77.6111441314198,12.981318343728438,Dickenson Road
77.6719997343095,12.885909854956806,77.6729204655082,12.886813145025888,KSRP Training Centre
77.84283013499555,13.138284128967987,77.84375166480982,13.139187271014167,Beguru
77.7414439391441,13.060755387046088,77.74236526066836,13.061658612936297,S K F Factory
77.57302575387787,12.901041526382249,77.57394114555369,12.901922273495964,Jaraganahalli Cross
77.5923492403821,13.023876935550033,77.59360497222991,13.025978184781781,RT Nagar Police Station
77.59540297306758,12.88044318558888,77.59640702589762,12.881938514446066,Hulimaavu Gate
77.59878702814781,12.966837195394266,77.60003688003752,12.968027387511652,Richmond Circle
77.65891030940126,13.005736854260785,77.659831490417,13.006640145721779,Doctors Layout Kasturinagara
77.58541247235597,12.90221942398364,77.5863333274676,12.903122775999142,Inchara Hotel JP Nagara
77.8012339803831,12.888025604025843,77.80215461942579,12.888928795956685,Koothaganahalli
77.68521211203407,12.992956008408736,77.68638918831168,12.993899191625644,Mahadevapura
77.80196231465064,12.97856510743118,77.80288328515796,12.979468292551228,Bhodana Hosahalli
77.68199538556429,12.966065845949206,77.68330965532341,12.967735702947726,Basavanagara
77.68784681563763,12.954671241671194,77.68902108426985,12.955721858340464,Yamalur Cross
77.6185151702957,12.961815619084186,77.61951133049246,12.962900080961571,ASC Center
77.80725090934052,12.763335702096253,77.80817109046833,12.764238897886425,Bedarapalli
77.80679616722598,13.059425012115108,77.80771743258207,13.060328187867192,Kannurahalli
77.5771569567599,12.905912002439269,77.57808774280444,12.907012297562089,J P Nagar 6th Phase
77.75329168158434,13.147930194599247,77.75421331822709,13.148833405383007,Chowdappanahalli
77.58740279386267,12.890854024305737,77.58832360596078,12.891757375677061,Nayara Petrol Pump Lakshmi Layout
77.7375693627843,13.047183785103424,77.73849063702848,13.048087014878984,Chimasandra
77.68829021313641,13.117602769037681,77.68921178667954,13.118506030944701,Dasanayakanahalli
77.59404001962017,12.987139230011536,77.59496118020257,12.988042569971133,Cunningham Road
77.78294952339543,12.805504194124822,77.78386987641498,12.80640740585783,Bidaraguppe
77.60363420525778,13.050957135681369,77.60455559456415,13.05186046430121,Kempapura Bus Stop
77.67137249191376,13.017751959278993,77.67229370790362,13.01865524070354,Muneshwara Layout
77.580004574503,12.954520323852506,77.58092562532079,12.955423676130216,Minerva Circle
77.79711628912588,13.045531307874475,77.79803751068285,13.046434492107856,Ganaglu Cross
77.60685194877064,12.9435134299094,77.6079728201632,12.9451924489439,Adugodi
77.6028231794043,12.91611689345427,77.60456921885698,12.917234907066439,MICO Layout
77.83608909559003,12.941917319492303,77.83700990421634,12.942820480490106,Arehalli Cross
77.70323949538314,12.858932965662298,77.70416010443249,12.859836234320396,Chikka Nagamangala Gate
77.60603136524506,12.910236131674752,77.6069522345771,12.911139468308,Narayanappa Shettipalya 18th Cross
77.85746070068434,12.943823527986416,77.8583814991206,12.94472667199596,Narayanakere
77.64310131818455,12.778825740649362,77.64402168163541,12.77972905933351,Jigani Bus Stand
77.66128818293626,12.966301153771463,77.66220921688196,12.96720444621115,Jn of Suranjandas Road
77.75602442331696,12.991460599140295,77.75694787566488,12.992456600661031,Prajwal School
77.57501509519048,12.979875246237796,77.57647860483783,12.980828853686033,VRL Bus Station
77.62835731996621,12.993820742657672,77.62927847985416,12.994724057324945,Jeevanahalli Cross
77.76121819131949,12.982482350560035,77.76220330784055,12.983503049359326,MVJ College
77.69051898033842,12.93481035751433,77.69159971891915,12.935902142507745,New Horizon College
77.61613277916302,13.06752344077728,77.61705422065798,13.06842675920526,Telecom Layout
77.63567040669408,13.031394923058405,77.6366087930143,13.032475776960846,Hennur Cross
77.71197497029792,12.929195871355997,77.71289582951695,12.930099128626596,Panathuru Dinne
77.58670534972738,12.969326926762704,77.5876264500959,12.970230273219995,St Marthas Hospital
77.85575394606514,13.135139333959046,77.85667545373933,13.136042466023088,Bimakanahalli
77.67228375840106,13.032554148375903,77.67322374150172,13.033633751508042,Kalkere School
77.58344768431515,13.022835618446054,77.58448191549647,13.023828881582125,Gangenahalli
77.75057318240607,13.093235091650891,77.75149461740568,13.094138308331436,Hancharahalli
77.60630055372792,12.971058933871575,77.607221646094,12.9719622661111,Brigade Road
77.61049116255205,12.967101235249054,77.61141223726962,12.968004564733622,D'Souza Circle
77.5859956437902,12.967759581040703,77.5878152817672,12.968981361256409,Corporation
77.81854136867874,13.082436266035003,77.81965262965345,13.083771433911195,Hotel Hemarold
77.6602902247091,13.105700258248193,77.66121177510881,13.106603541734245,Hosuru Bande
77.67249863043325,12.888134855218013,77.67341936938445,12.889038144764685,Choodasandra Circle
77.62283948774765,12.79147343368978,77.62375991207365,12.792376766293096,Harapanahalli
77.79598270894205,13.034578707054655,77.79690389086682,13.03548189292769,Poojena Agrahara
77.61869586897389,12.943857829741578,77.62114464632907,12.945992211861718,Passport Office
77.59270651356785,12.86983504323302,77.59385278559871,12.87077365681673,Loyola School
77.60179770573902,13.021691680342116,77.60285109350286,13.022607219635656,Sultanpalya Cross Pushpanjali Talkies
77.57667101170699,13.04214402569922,77.57759238811678,13.043047374283399,Bhoopasandra Ayyappa Bakery
77.82991217396514,12.952350817428265,77.83083302584163,12.953253982554138,Medi Mallasandra
77.6114511211723,12.843327347783232,77.6125416784519,12.84437805225838,Vaddarapalya
77.63672788890312,12.924297705232409,77.63837841004212,12.925745994871727,Jakkasandra
77.63668415188471,13.032373847032297,77.637605447935,13.033277152950259,Hennur Petrol Bunk
77.79948073241012,12.968379006116015,77.8004016673987,12.969282193866421,Ayurvedic Hospital
77.6374124848094,12.91181317293607,77.63844581527,12.913167626698456,14th Main Road
77.69428975509778,12.995152452473585,77.69539904479988,12.996212747377998,Singayyana Palya
77.63416882602854,12.981831522789662,77.63528163218992,12.983033183481158,Indiranagar BMTC Depot
77.69217299547846,12.982279750590228,77.69316460481224,12.983625949210886,EMC square
77.68933879976616,12.908393562169858,77.69025960005028,12.909296837812791,Radhareddy Layout
77.70541203601017,13.054963973250006,77.70633336380477,13.055867226732435,Aduru
77.62136234742431,13.031708241428573,77.62228365239648,13.032611558554008,Govindapura Cross
77.64444316392192,12.98548554069507,77.64546513623615,12.986395059317433,Swami Vivekananda Road
77.73562238139559,12.987025925928856,77.73820547565919,12.988263395963479,ITPL
77.60248229042678,12.943696803826514,77.60344598501669,12.944915738444063,MICO Gate
77.58440048321792,12.9763377396544,77.58637856760379,12.977927233986199,"Maharani College, KR Circle"
77.61466816667513,12.985000390410107,77.61595063535059,12.986679709761455,Lavanya Talkies
77.76178242719618,13.017435493293394,77.76270357261502,13.018338706689018,Shell Petrol Bank
77.63181072251061,12.93875814201181,77.63273167730972,12.939661457970875,Srinivagilu Ejipura
77.66227112724332,12.996747955187951,77.66319227257473,12.99765124479462,Benniganahalli Bridge
77.6511089658892,12.922674320968415,77.65210553521611,12.923839279099326,27th Main
77.60407976054475,13.021158134806369,77.60500103927724,13.022061465176249,P&T Quarters
77.7607307350599,13.012954292735612,77.7616518647514,13.013857507246804,Seegehalli Gate
77.73327778576507,12.870531277372475,77.73419841404849,12.871434522610162,Kammasandra Gate
77.64240130549224,13.058585950034564,77.643322694327,13.059489249947951,Kristu Jayanti College
77.68665469465152,12.81894436286361,77.68876142421533,12.821370556590553,Bommasandra
77.57631157656681,12.952664922469292,77.57723262325725,12.95356827751344,Sajjan Rao Circle
77.59595630528906,12.980205386440877,77.59885874412832,12.98174721242065,Cubbon Park Metro Station
77.63206287508505,12.910120341116363,77.6329837247353,12.911023658866352,5th Main
77.73628475109088,12.999120682947757,77.73720584872213,13.000023917034712,Sadaramangala
77.73041122884761,12.955642879219154,77.73133217096591,12.956546120763377,Siddapura (towards Kundalahalli Gate)
77.77447581427919,13.134842902252178,77.77539738553085,13.135746097730069,Hasigala
77.63198736591276,12.915115141260898,77.63290823390756,12.916018458721815,HSR Sector 7
77.76025787110098,13.04745139375295,77.76117912871027,13.048354606229424,Sannathammanahalli
77.64875791909976,12.959230595659411,77.64969388064932,12.960293304360443,Manipal Hospital
77.62474138230299,12.974482568373718,77.62575931735806,12.975478031645416,Halasur Police Station
77.58017998476501,12.839558919958963,77.58110061505906,12.840462280023901,Maruthi Badavane
77.7465864607784,12.941659984872933,77.74750733903406,12.942563215109605,Varthuru
77.62239460780283,12.944868438795604,77.62331559201807,12.945771761187082,Karnataka Housing Complex
77.57814898358787,13.003535024886235,77.57907021623588,13.004438375096433,
77.60658941192125,13.047946336643198,77.60751078790047,13.048849663339375,Kempapura
77.70720135237768,12.992356771747144,77.70812244743736,12.993260028235373,Bhoruka Steel Limited Bus Stop
77.64687593474659,13.021541319050177,77.64887334262062,13.023232259018785,Babusab Palya
77.73201212271981,13.013603081831558,77.73293327709345,13.014506318150898,Kurudu Sonnenahalli
77.63382873351635,12.915638985998829,77.63562434775072,12.916863272586856,HSR Layout BDA Complex
77.63975055252915,12.977729686453394,77.64187607099228,12.979263179567688,Indiranagar Police Station
77.83165934594567,12.967977318653388,77.83258025386094,12.96888048132899,Hosahalli
77.61340880948373,12.973508404293662,77.6145072898211,12.97443309572855,Electric B Station
77.72382764204899,12.97593092569682,77.72777046875186,12.978105011470415,Vydehi Hospital
77.57961319111136,13.008039665788859,77.58074760852054,13.009076133932487,Sadhashivanagara
77.6764224694452,12.838705844823354,77.67781278198855,12.840352065311276,Veerasandra
77.63578722478599,13.025508497882358,77.63919251350727,13.027120461083028,Kalyananagara Junction
77.70809779874799,12.979814091305997,77.70948142916019,12.981913727863807,Seetharampalya
77.66043105098954,12.983485554050102,77.66135214882867,12.984388845932484,DRDO Quarters
77.70573479585684,13.022682972248978,77.70665600395819,13.02358622773351,Garden City College
77.6912035838858,13.080148968815866,77.69212501593006,13.08105223116656,Kada Agrahara
77.64845630215495,13.06160765235889,77.64937769766387,13.062510947623617,Kothanuru
77.57327621920336,12.928830320563677,77.57419718062093,12.929733679419092,MM industries
77.75234001239784,12.969210388016272,77.75326098741417,12.970113611966214,Gandhipura
77.64881138426553,12.90851654718796,77.64973221555367,12.909419852794741,Parangipalya
77.76008733714147,13.026665329755154,77.76125686172439,13.028366970254885,Bevina Mara Kannamangala
77.66542715831963,13.088661959548512,77.66634864149798,13.089565240433938,Oasis School
77.58400366588701,12.811086479076932,77.58494253379865,12.812179620941597,Sarala Birla Academy
77.75172752458356,12.981892744885354,77.75268766207036,12.982997764440631,Hope Farm (Towards Varthur)
77.6575254306159,12.993951153342238,77.65844656920247,12.99485444664034,Sadananda Nagara
77.76161104757506,13.060436894722304,77.76253235223606,13.061340105260056,Huskur
77.74362406297564,13.102235289320413,77.74454553683658,13.10313851066191,Jyotipura
77.62273401366778,12.94174163881097,77.62365498615314,12.94264496117172,
77.60122397069958,13.069123435444865,77.60214542912246,13.07002676453769,Jakkur Layout
77.66131764483139,12.987009854498973,77.66223875498677,12.987913145483612,DRDO QTS
77.7510779000095,12.983104164382908,77.75411083712184,12.984746396633543,Hope Farm
77.61211992052175,13.022672956564696,77.61308807898638,13.02389654346307,Ambedkar Medical College Shampura
77.76168581986276,13.021385493393522,77.76260697994846,13.02228870658889,Chaitanya Samarpan Apartment
77.65750987269153,12.970614103368684,77.65937820497327,12.972126967643957,BEML Gate
77.66559325502278,12.873241452152726,77.66651394479538,12.874144747829996,Bengaluru Central Jail
77.64872077874325,12.91151514725799,77.64964162107599,12.912418452724708,KEB
77.60747724301459,12.97711603450615,77.60839835680726,12.978019365476518,Manikshaw Parade Ground
77.64190378913011,13.013269848277517,77.6428250106893,13.01417315170506,Patel Public School Kalyananagar
77.5880326417929,12.985165478387483,77.58969345674714,12.986231622041165,Basava Bhavan
77.81978112703821,12.975678314269937,77.8207020727692,12.976581485712453,Dunnasandra Cross
77.59054504786057,12.916627426320206,77.5914659519626,12.917530773662557,Shanthi Park Apartments
77.6400450726854,13.036275345255705,77.64142072726646,13.037212554659444,Hennur Bande
77.76432103903834,13.011558094061211,77.76524216077274,13.012461305921203,Seegehalli
77.76846014849828,13.168805501132372,77.76938185131205,13.16970869884984,Somathanahalli
77.6413297760352,12.911486344548571,77.64225062378452,12.912389655434128,
77.60883274763708,13.029089336798133,77.60975405218453,13.029992663184466,LR Bande home
77.7311010559015,12.985809156228651,77.73212964301784,12.986918843702686,ITPL Back Gate
77.58665822586782,12.982280827194138,77.58757937395542,12.983184172788546,"Telephone Exchange AGO, Vasantha Nagara"
77.84507835162175,12.967816123924244,77.84599924818394,12.968719276058119,Medahalli Colony
77.5805702829956,13.058413527658312,77.58149171682787,13.059316872324288,Maruthi Nagara
77.58226679381139,12.998806026194263,77.58318800601211,12.999709373788399,RM Guttahalli Post Office
77.59122272744894,12.953455552782232,77.59308753366064,12.95538404482483,Shanthinagara Bus Stop KH Road
77.67152384651808,12.879125754547477,77.67244455329964,12.88002904543523,Rayasandra
77.5889023812339,13.041923964089444,77.5931492791137,13.043470412563135,Hebbala Bridge
77.64748426368004,12.841040999479016,77.64839433653589,12.84201480050631,Neeladri Nagar
77.86146675879782,12.912999328510713,77.86238744100693,12.913902471471701,Ganagaluru Gate
77.63133190298525,12.93782649663004,77.63392127092982,12.939087693511041,Ejipura Junction
77.5999933389871,12.923361529949561,77.6009142608354,12.924264870033182,Gurappanapalya
77.78549183538159,12.909242598663875,77.78641256442833,12.910145801318645,Gonigattapura Cross
77.59755783500468,12.843901275479714,77.5985620645984,12.844891324526342,Hommadevanahalli
77.74763276293898,12.984665797867681,77.74878733669267,12.98571650183188,B P L Whitefield
77.58485437695518,12.860454577884964,77.58598372203315,12.861396222139206,Bhagya Nagara
77.89059790716168,13.056075645069136,77.89151909264065,13.056978754913056,Doddathaggali
77.57886430396977,13.046755226642885,77.57978569585384,13.047658573339728,Nagashettihalli
77.77321265287978,13.113860001033126,77.7741341469304,13.11476319894915,Venkatapura Gate
77.59950585178204,12.916279329529862,77.60042674804052,12.917182670452888,Jayadeva Hospital
77.71517752113611,12.955450200431343,77.71697607507761,12.958718899531242,Kundalahalli Gate
77.75973594171033,13.170612297855136,77.7606576581006,13.171515502127079,Somathanahalli Gate Budigere Road
77.65193140305718,13.007756151763406,77.65285259676158,13.008659448219163,OMBR Layout
77.72793246795824,12.988220079408805,77.72885353185535,12.98912332057369,Shantinikethan
77.7156385041658,12.966927682174722,77.71741999416038,12.968032218361088,Brookfields
77.60892060324029,12.998992835785469,77.60984179658138,12.999896164197166,Harris Road
77.60160649689335,12.938713029622765,77.60277714225052,12.940319216390636,Dairy Circle
77.58166513651236,12.97170572237926,77.58287581964153,12.972836247865438,Mysore Bank
77.62336242490653,12.934133036155757,77.62442317465299,12.935170863875475,Canara Bank Koramangala
77.65758225793489,12.869995049087223,77.65850294188382,12.870898350895514,New MICO Gate
77.82909143322667,12.974333717866331,77.8300123665801,12.975236882116048,D Hosahalli Cross
77.82963690652936,12.988952918586063,77.83055789327733,12.989856081396288,LPG Gas company
77.78977470753014,12.979818602754019,77.79069569227929,12.980721797228407,Samethanahalli
77.77052218503185,13.042091697498863,77.7714434147787,13.04299490248351,Goruvugere Gate
77.65780819382161,13.013953654139922,77.65872940599672,13.014856945842634,New Baldwin School
77.62351360335187,12.95008648668532,77.62466199630651,12.951165513360879,Shine Bakery
77.62675052501875,13.044898143845886,77.6276718748016,13.045801456136678,Vidhyasagara
77.57367312543397,12.979946222471579,77.57459427439018,12.980849577511126,Jabbar
77.79574042510579,12.91706220289529,77.79666117470339,12.91796539708721,Maddappanahalli
77.66185130133104,13.010708855517192,77.66277249848703,13.011612144465358,Channasandra
77.65716000129146,13.009775353756316,77.65808119852694,13.010678646226246,B Channasandra
77.72157849462748,12.79323228256584,77.7225599048041,12.794508617470546,Tirumagondanahalli
77.57370773463346,12.920496520430156,77.57462866519086,12.92139987955262,Hunase Mara Banashankari
77.6789754869433,13.03960101073847,77.67991021293571,13.040652189162582,K Channsandra
77.690275626693,12.996735454624487,77.69119807342273,12.997799045353055,Mahadevapura
77.57238053269737,12.910296437628634,77.57345333545983,12.911372940725215,Sarakki
77.67817024971099,12.987811060759917,77.67909135010602,12.988714339222648,Sri RajaRajeshwari colony
77.6071033031355,13.042749879260755,77.61019497164565,13.04392699212442,Lumbini Gardens
77.7407880885231,12.956453206928742,77.74183321082809,12.957502493078517,Ramagondanahalli Varthuru
77.76991615374483,13.058858997849494,77.77083744606571,13.05976220213286,Hosakote Toll
77.62457222978946,12.835862418311576,77.62547486965568,12.836819681380751,Jalli Machine
77.75642322085065,12.965477789445288,77.75734417896109,12.966381010537198,Hagaduru
77.57384260285943,12.998460923162765,77.57541439654666,12.999396677084166,Dattatreya Temple
77.68724582123728,13.113038968489306,77.68816737857875,13.113942231493088,Chokkanahalli
77.86759287847364,12.903600230618194,77.86851352133073,12.904503369364217,Anchemuskuru
77.5764103251076,12.980664223472951,77.57733147471636,12.981567576509752,Anand Rao
77.62024943698454,12.940572251999503,77.62138476267147,12.941484048061485,Koramangala Police Station
77.71967935198155,13.049293178414162,77.72060064783246,13.050196421568257,East Point College
77.7807309928552,12.985855999473447,77.78165200695484,12.986759200508978,Thirumalashettyhalli Cross
77.58549858140044,12.897291123844852,77.58641941842313,12.898194476137936,Shobha Tulip JP Nagara
77.73597689503376,12.920736180122102,77.73689770477952,12.921639419860469,Gunjuru
77.57323827948517,12.940706843555402,77.57431172184306,12.942006956540196,Basavanagudi Police Station
77.62017081252463,12.926437299986741,77.62323560222299,12.929555814019952,Koramangala Water Tank
77.62176069281152,12.930499200032912,77.62306877598043,12.932389557462198,Koramangala BDA Complex
77.67433601017996,12.956081417459167,77.67634548756186,12.957306783309154,Helicopter Division
77.64268179878795,13.023430542625045,77.64368435440689,13.025090492728774,HRBR Layout Cross
77.70117168838306,12.993411499686154,77.70218057007942,12.994490397293953,Garudachar Palya
77.61140891056748,13.04963683844403,77.61233028925392,13.050540161538535,Mariyappana Palya
77.66704692124353,13.000976557097554,77.66796807857419,13.001879842885002,Mini Tajmahal
77.71882631383784,12.97660532068781,77.71981168492398,12.977722679163747,I Gate ITPL Road
77.69978352093558,12.95355636762661,77.70070447888006,12.954459632355961,Marathahalli Bridge
77.6500968743598,12.923740574568773,77.65125827743402,12.924902707712604,Agara
77.69963829653359,13.02105666990985,77.70055950328185,13.021959930072644,Thambuchetty Palya
77.67303813063668,12.92408107306924,77.67428286819919,12.925059327053603,Bellanduru City Light Apartment
77.73780689433025,12.886894358054684,77.73874760540883,12.887957041748287,Chandrapura Cross
77.58309356998902,12.927039750800141,77.58658067914367,12.929440035011087,Jayanagar TTMC
77.62830640364317,13.067792898459174,77.62930589606431,13.068754501423662,SBI Bank
77.5795266962759,12.935264567679152,77.58062576026128,12.939352191022662,South End Circle
77.6494804693111,13.025532251480294,77.6504017305078,13.026435548502258,Mariyamma Layout
77.57952591369295,12.943873142729293,77.58058078613074,12.94477825721856,"Rv Teachers College,Basavanagudi"
77.69826848859084,13.011452327111416,77.6995054109532,13.012373372997844,KR Puram New Layout
77.71049231399402,12.81130335623853,77.71216904242142,12.818144458672993,Heelalige
77.59394471450841,12.946429034100182,77.59521746378088,12.947542756301512,Wilson Garden 7th Cross
77.66277842425397,12.9935588998546,77.6644664809003,12.995046024358281,Benniganahalli
77.73892008255613,12.928166481494413,77.73984091725687,12.929069718488138,"Vinayak Nagara,Gunjuru"
77.62055911139204,12.996903439929103,77.62148028842886,12.997806760053516,Cox Town
77.6828493297382,13.015804624308636,77.68387717050969,13.017205475387062,Shanthi Layout
77.57723299197448,12.998807324395193,77.5781542078494,12.999710675587478,Vyalikaval
77.60027287756219,13.065234734966717,77.60119432225993,13.066138065015842,Amrutahalli
77.5863713911243,12.983490114247337,77.58749055751441,12.984720934190033,RC College
77.61780560051531,13.040367501915057,77.62086352270452,13.041625216955639,Manyatha Tech Park
77.61936679188032,12.948068894799572,77.6205927078555,12.949177404881375,Rajendranagar
77.59311688796647,12.839991782773389,77.5941793117946,12.841008517260715,CK Palya Cross
77.70913771392838,13.01360297321021,77.71005888588643,13.01450622677228,Gayatri Layout
77.6358200346659,12.977704878117473,77.63735706590798,12.978735121956502,Indira Nagar Double Road
77.68848118943325,12.987867045216522,77.68995367480326,12.989021448413903,TB Kalyana Mandapa
77.67944700407921,12.833403552751742,77.6807040965175,12.834380247331627,SFS High School Hebbagodi
77.61668676365908,12.925493258805416,77.61776753605086,12.926509241001751,Ayappa Temple
77.59602555554176,12.961661489442951,77.59742564440893,12.962600310468062,Akkithimmanahalli
77.68781609996152,12.900999315671227,77.68883260019673,12.901907884342636,Halanayakanahalli
77.59375921259662,12.872836780039005,77.59548801918451,12.875420792883155,Meenakshi Temple
77.60245745584885,12.969415196153516,77.60345084375953,12.970363803691939,St. Joseph's College
77.70752682055391,12.90081896870854,77.70844757926133,12.901722231274093,Railway Gate
77.61604186138057,13.001812182536648,77.61712563797491,13.003257817452885,Clarence School
77.74644077379335,12.959526507342979,77.74764712555847,12.960552492155687,Forum Mall
77.64634279737481,12.973742442951185,77.64742300295339,12.974835357029134,New Tippasandra Main Road
77.58043456390557,12.905845922327144,77.5813554359183,12.906749277655637,J P Nagar Powerhouse
77.61007434563552,12.921757233532606,77.61099525418629,12.922660566450121,Tavarekere Aladamara
77.60440912744704,13.039124835549414,77.60533047237486,13.040028164433185,Vishwanatha Nagenahalli
77.64025602752923,13.0659873416605,77.64120437272234,13.066935058356771,K Narayanapura Main Bus Stand
77.64274417888457,13.0090153230918,77.6447115834116,13.010328158317947,Maruthi School
77.64187817215848,13.043040530667827,77.64321522883134,13.044069369502887,Janaki Rama Layout
77.70340765439254,12.936083068379782,77.7043285454229,12.93698633160281,Panathuru
77.78506050792531,13.03279990277057,77.78598169188426,13.033703097211792,Dodda Gattiganabbe
77.70258618603957,12.973119069351718,77.70350721377584,12.974022330630827,
77.68009002914248,12.945012659992512,77.68101097067449,12.945915939990096,Yemalur
77.57361754527851,12.859930118314692,77.57453825454597,12.860833481668166,Vaddarapalya
77.75771728188641,12.93251138880118,77.75863811792532,12.933414611181341,Halasa Halli Cross
77.64083537217766,12.95640632503358,77.64175682784217,12.95741267494777,Domlur Flyover
77.64684278278841,13.017703350240781,77.64776401703067,13.01860664974178,Jn of 9th Main and 3rd Cross
77.86063743552974,12.870822026731842,77.86155796427518,12.871725173250626,Shivanapura
77.57750511512823,12.993933862618016,77.57852678476921,12.994911037407116,RMS Sheshadripuram
77.61134123217761,12.9345015867322,77.61260566729719,12.935670913330467,Koramangala Forum Mall
77.5829386605312,12.916543313672541,77.58553240388385,12.917672569767792,Jayanagara 5th Block
77.68121599837966,12.96199116099724,77.68213700143718,12.962894438985348,Ramesh Nagar Bus stop
77.66118647990928,12.85868515002692,77.66210711990924,12.859588449955828,Electronic City PESIT College
77.70455309966707,13.020376071726032,77.70547430014804,13.021279328256448,Tambuchettipalya
77.63162243332701,13.055565247449932,77.63327696796246,13.056712752830041,Thanisandra
77.59617746949644,12.991363161286339,77.60465895473308,12.994949084087658,Bamboo Bazar
77.61384533611844,12.982137236983222,77.61476646370298,12.983040562999422,Ajantha Talkies
77.66479085228335,13.037849457544246,77.66571214753439,13.038752742438266,Banjara Layout
77.60765775504166,12.916136132465411,77.60857864478037,12.917039467517332,BTM Layout
77.65128768652013,12.907790948072133,77.65220851329893,12.908694251910562,Parangipalya Cross
77.6287704330607,12.978056217894519,77.629967864713,12.979657882086075,Halasur
77.75389040737105,12.917791586832728,77.75481119244098,12.918694813149814,"Thippasandra Gate, Aralimara"
77.86081755686571,12.968413330165385,77.8617384429389,12.96931646981695,Somalapura
77.62190583561798,12.984027539972109,77.62282696420287,12.984930860010532,Ulsoor Park
77.58708624336634,13.032056730486993,77.58804065750412,13.033110769550722,Veterinary College
77.8645847185965,12.990031832407322,77.86550568120778,12.990934967574985,Thindlu
77.66798244986283,12.9957811282804,77.67023234355405,12.997548808203115,Tin Factory
77.75319045266927,12.98605630964626,77.7542560482309,12.98778659006132,Hopefarm Channasandra
77.59043095953729,12.967414591942962,77.59160762504338,12.968378317401681,Hudson Circle
77.58364503698586,12.997283897771078,77.58525116314192,12.998265202161251,Guttahalli Underpass
77.6626998477754,13.003415726305375,77.6637409530937,13.004564773749928,Kasturi Nagara
77.57662492550348,12.926057821662692,77.5775458743206,12.926961178320072,Deepak Nursing Home
77.57757259875703,12.930359245231143,77.57882650215403,12.931356654909171,Jayanagar 6th Block
77.6419213811488,12.908813144673017,77.64284221867088,12.909716455309693,HSR Club
77.7173857913333,13.135265880549902,77.71830740848063,13.136169119432422,M Hosahalli
77.82569463057241,13.029261218439514,77.82661576923442,13.0301643815428,Malur Cross
77.84609851794723,13.094437028723823,77.84701988185803,13.095340171258377,Jn of Gottipura Road
77.74298686912762,13.098794188958138,77.74390833068466,13.0996974110242,Shringarapura
77.6396406075845,12.783967739558365,77.64056099223569,12.784871060424502,Jigani
77.65789623168452,13.101466757218446,77.65881776813353,13.102370042763997,Kadasonnappanahalli Gate
77.71475315745928,13.099213778299257,77.7156746423549,13.100117021683108,Marasandra Circle
77.58102818333843,12.97305019924115,77.58225811699566,12.974786499999725,Cauvery Bhavana
77.59004624583984,12.807929922409976,77.59096675398365,12.808833277572921,Jungepalya Gate
77.71549898354235,13.031368776217265,77.716420216272,13.032272023765199,Parvathi Nagara
77.74995421752426,12.9735681156799,77.75114478346673,12.974884384360863,Saibaba General Hospital
77.572435965239,12.8996820597873,77.57334023429634,12.900599240068912,Jaraganahalli
77.5759999804077,12.982594867756772,77.57703491946852,12.98359733215218,KPCC Office
77.71473089111073,12.99145360419423,77.71687885601757,12.992794265530433,Hoodi Circle
77.63749227848803,12.977787676569775,77.63968999812799,12.978808337240446,Indiranagar
77.64439519364214,12.876906786494784,77.64742909922691,12.88126488950759,Singasandra
77.63274863929304,12.929797942044697,77.63366956052722,12.930701257937994,Kormangala 7th Block
77.5984598540171,13.023573132864897,77.59938114580524,13.024476467117724,Dinnuru Main Road
77.65729104548916,12.850629243343127,77.65821885435338,12.851638856580143,Velankani
77.65570739963142,13.064434555121489,77.65662880018691,13.065337844860998,
77.61555411176808,12.941329536191416,77.6164750880533,12.942232863791286,Koramangala 8th Block
77.62601777276069,12.910164038916028,77.62693862706007,12.911067361066703,Bommanahalli
77.83884245342962,12.965471621388108,77.83976334637653,12.966374778594266,Devanagundi Cross
77.69939590236467,12.854296664064805,77.70031649745125,12.855199935917897,Sumuka Layout
77.6771073927139,12.964227259549551,77.67802840710324,12.965130540433039,Vibhuthipura Samudaya Bhavana
77.76976941415936,13.026181696657243,77.77069058565128,13.027084903325152,Kannamangala
77.68477272045934,13.005034263809504,77.68569387935713,13.005937536173025,ITI Colony Gate
77.58906711813611,12.932551826339019,77.5899880816871,12.933455173643729,Byrasandra
77.6326880321618,12.928346307419856,77.63376017728929,12.929304062134236,Wipro Park
77.57211283152054,12.914352275402784,77.57455406394968,12.918850217800351,Banashankari TTMC
77.81172670098796,12.989091645726319,77.81276709873572,12.9900844541243,Biscuits Factory
77.7465515807229,12.9851986863647,77.74747261908948,12.986101913617777,Kadugodi Tree Park
77.7120019875327,12.969323415029466,77.7130816108858,12.971126685026844,Kundalahalli Colony
77.62595556679909,12.897836006799194,77.62702633292201,12.898743293236436,Kalyana Mantapa Bus Stop
77.59201057178765,13.02141713853525,77.5929670294443,13.023126561382956,RT Nagar Post Office
77.74950196832232,12.968850542501347,77.75045832925757,12.970987057479915,Whitefield
77.83523811831441,13.091893424361364,77.83615948149159,13.092796575620858,Halasahalli
77.58452685760679,12.937038527521128,77.58563948921342,12.938531698291115,Jayanagar 2nd Block
77.81501065656362,12.958589711817211,77.81593154324413,12.959492888165203,Anugondanahalli Cross
77.69225703979184,12.99609286628719,77.69317816002417,12.996996133695342,Singayyanapalya
77.76598154212985,12.955928392771563,77.76690245768125,12.95683160721092,Ajjagondanahalli
77.59270624734953,13.05656006326468,77.59411462355585,13.058122887255788,Kodigehalli Gate
77.74380872432542,13.12303719011738,77.74473027548672,13.12394040986492,Andrahalli
77.59946659789404,12.919092988486597,77.60062936273536,12.920307760469607,Gurappanapalya
77.69043731227046,12.846985560469333,77.6913578875461,12.84788883951339,Doddamma Temple
77.60569668161045,12.947852855123703,77.6067131644375,12.949802796837243,Pothalappa Garden
77.63945951952802,12.945477833443121,77.64059967958323,12.946416966598976,Military Bridge
77.64358702494387,12.994196948232442,77.64450817487545,12.995100251750149,Old Bayappanahalli
77.67516067209834,13.083221262959524,77.67608212771859,13.084124537022918,Gollarahalli
77.7011523235769,12.787939162451307,77.7020726762391,12.788842437531475,Suryacity bus stop
77.57509558905213,12.891031619910526,77.57601641077218,12.891934980072293,Chunchagatta
77.65199419126296,13.01415835200858,77.65291540855574,13.015061647973981,Banasawadi
77.57751482946904,12.924070821911908,77.57843577035501,12.924974178070858,Jayanagara National College
77.72065517650516,12.990778230001396,77.72158892433794,12.991803870033497,Rajapalya
77.7959497434081,12.907108402633583,77.79687045640114,12.908011597348924,Kamanahalli
77.69326934245868,12.95561706939344,77.69533055883244,12.95685013088466,Marathahalli Market
77.66516237546931,12.97115305536871,77.66608342434863,12.972056344613888,Jagadeesha nagar
77.73636165442063,12.997330882914886,77.73728274539239,12.998234117067584,Sadaramangala Cross
77.66357893948334,13.098422059206863,77.66450046033435,13.099325340775577,Kada Sonappana Halli
77.66567252571164,12.852869032151863,77.66683177318349,12.854559267856507,Konappana Agrahara
77.788975688241,12.990121402801925,77.78989671156846,12.99102459718048,Karnataka State Ware Housing Godown
77.62054061861654,12.955939822175967,77.62151328055255,12.956826577706375,Vannarapete
77.62592580273494,12.975616277653785,77.62873161059555,12.978616109436802,Halasuru
77.60632515231381,12.99279054839793,77.61034717057264,12.996276727076706,Coles Park
77.67821069693241,12.836709647060284,77.6794158038457,12.83768355305024,Huskur Gate
77.76102590128737,12.87877231394407,77.76203809952854,12.879883686110542,Chambenahalli Gate
77.63495276652947,12.895766189231026,77.63617753397365,12.896728410832226,Garavebhavipalaya
77.64915301220488,13.01472535018127,77.65027088773877,13.015640649780709,Banaswadi 100 Feet Road
77.6806660327738,13.051627763901553,77.68158736704285,13.05253103608092,Jn of Channasandra
77.64744680501171,13.005787150048876,77.6483679948073,13.006690449933703,Ayyappa Bakery
77.72010436913834,12.955286141095467,77.72198773140322,12.956367258934312,Thubarahalli
77.5991353659526,12.895545606353014,77.6003190041282,12.89672515790243,IIM Apollo
77.67412283734174,12.788687920864922,77.67510452404268,12.789599497302296,hennagara bus stop
77.62121033036259,13.040901141692883,77.62213166945816,13.041804458289686,Manyata Embassy Business Park
77.7840133347923,13.018037901854097,77.78493446501737,13.018941098128284,Bhaktharahalli Gate
77.9367079429742,13.003482205264568,77.93840471386112,13.004931953772205,Malur Bus Stand
77.58412096839713,12.818650381339939,77.5852852308461,12.819588818726688,Ryan International School
77.59663594151407,12.921310028670234,77.59755685830868,12.922213371312518,Jayanagara Pump House
77.64976335047712,12.981591150060531,77.65068444934184,12.982494449922076,GTRE Engine Division
77.57629609018997,12.835799918442802,77.57721670963437,12.83670328154008,Bilavaradahalli
77.77390766046187,13.109932801162971,77.77482913934826,13.110835998819306,Lakkondahalli Cross
77.61553284705822,12.867375933637511,77.61645355276339,12.868279266345281,Yelenahalli Bus Stop
77.65554567106122,12.967015233530486,77.65656832847971,12.967974266252238,Petrol Bunk
77.7932522061849,13.0354866060291,77.79417339362412,13.036389793953251,High School
77.7673749899859,13.05595704823111,77.76848170885376,13.057144251771131,Hosakote Kodi
77.87663066214174,13.023280238350182,77.87755173766165,13.02418336163207,Kattiganahalli
77.62089227575225,12.95097082194322,77.62252622568383,12.95201759626231,Ravi Tent
77.68091414214055,12.828580856295414,77.68183465767667,12.829484143687347,Biocon Hebbagodi
77.82424355798169,12.959818915466169,77.82516444182544,12.960722084516233,Obalapura
77.7898508981856,12.765704695430836,77.79077110162444,12.766607904551861,
77.59048474893308,13.008535782892471,77.59179950479286,13.009783391320237,TV Tower
77.57526760737396,12.881036019628178,77.57618839245033,12.88193938035464,Maruthi School
77.72693563393577,12.842750974020722,77.72785616587834,12.843654225961963,Muttanalluru Junction
77.60886730808929,12.915872077386728,77.61117393773958,12.917244250803218,16th Main BTM Layout
77.67446724579564,12.989176359434214,77.6753883540216,12.990079640548341,Udayanagara
77.75643127227676,12.881173694112988,77.75738952753348,12.882299705652416,Thiagalara Chowdenahalli Cross
77.79960518350475,13.049099208963387,77.8005264163038,13.050002391018932,Ganagaluru
77.63243899934604,12.787036937033008,77.63335940047462,12.787940262949865,Jigani Tent
77.77073246944543,12.777445988467036,77.77165273036586,12.778349211515668,Attibele
77.88608980653714,12.892359337603212,77.88701039326598,12.89326246237919,Alambadi
77.84305885577508,12.965116123035235,77.84397974403075,12.96601927694713,Medahalli Cross
77.70456740649959,12.86106196508856,77.70601644037221,12.862176501199565,Huskur
77.59452067699674,12.901503527227272,77.59544152282619,12.902406872755503,Kalyani Magnum JP Nagara
77.59421675107558,13.02432263136467,77.59513804874702,13.025225968617951,HMT Layout RT Nagar
77.62798444894516,13.020553002850122,77.63033743867662,13.0219455046184,Kacharakanahalli
77.77036866698549,12.778726588371075,77.77128893282584,12.779629811611633,Attibele Bus Stand
77.69948021536605,12.956524967615742,77.70040118444959,12.957428232366832,Marathahalli
77.84713485811048,13.126814330263295,77.84805634169463,13.127717469718855,Mallimakanapura
77.68352899194281,13.020225763874073,77.68445020787374,13.021129036108443,Akshaya Nagara
77.66602326164114,12.97484307307597,77.66695303809128,12.975859126784,GM Palya
77.68039696693262,12.978917161278517,77.68131803288428,12.97982043870405,Abbaiah Layout
77.78450917148108,12.834424695715647,77.78542962832911,12.835327904266965,Dr. bR Amedkar Circle Billapura Gate
77.5847727770182,13.062465629303086,77.58569422280497,13.063368970679504,Ganesh Temple
77.60219318836792,12.981815333974795,77.60395906641457,12.9846060390294,Shivajinagar Bus Station
77.61160093393677,13.002292460350226,77.6126601659754,13.003317239549357,Doddi
77.8658184850873,13.008477133536134,77.86673951471687,13.00938026644615,Kaji Hosahalli
77.6083449395402,12.924735833010141,77.60926586028171,12.925639166972589,Tavarekere Mori
77.77540389817764,12.927394195403469,77.7763247016329,12.928297404579043,Nekkundi Dommasandra
77.6970788385439,12.833934162500725,77.69799936127224,12.834837437482005,Sampige Nagara
77.60987925842429,12.969222735101152,77.61080034139742,12.97012606488152,Garuda Mall
77.5956454608413,13.019320631704622,77.59656673898125,13.020223968278005,RT Nagar
77.73517887486787,13.09408048583085,77.73610032494497,13.0949837141515,Kattugollahalli
77.59493250935788,12.973404385130882,77.59647442843358,12.974598557164283,Kasturba Road
77.61852132848958,13.020333271469077,77.61950927135203,13.02153142820602,Kadugondanahalli Police Station
77.61379761797184,12.978874959576984,77.61528388126426,12.979834840666888,Hasanath College
77.61643585305985,12.918986135740278,77.61735674676152,12.919889464242452,Jai Bheema Nagara
77.66343660751211,12.985062449019383,77.66472388358483,12.98622276434462,CV Raman Nagara
77.7008046020574,12.959609988711499,77.70203749951166,12.961112611404674,Kalamandir
77.583260684346,12.93601000876111,77.58433331460263,12.937152591220533,Madavan Park
77.85772034168963,13.030202531079548,77.85864145811499,13.03110566890272,Govindapura Cross
77.75722135606703,13.000827590973786,77.75814244374453,13.001730809008658,Sathya Sai Baba Mandir
77.58828206884135,12.992351641292053,77.58926942053859,12.993434626117823,Mount Carmel College
77.60556841962652,12.843459457634747,77.60656768011161,12.84443494238214,Basavanna Devasthana CK Palya
77.6447127240895,12.775895441139658,77.64563307573036,12.776798758843208,KEB
77.65595402241216,12.834259847262285,77.65687457740677,12.835163152720495,
77.59745035871674,12.938311871156179,77.59866520945594,12.94008869384695,NIMHANS Hospital
77.60723376422773,13.019244651910745,77.60815693545197,13.02022834795595,Kaval Byrasandra
77.6420848993597,12.984481822149544,77.64365248805758,12.985702212833822,Isolation Hospital
77.76474087623028,13.153188599159458,77.76566252358036,13.154091800822775,Gangawara
77.78155118984787,12.987663599852045,77.78247220996207,12.988566800130386,Soukya Hospital Junction
77.77145626189684,12.781772688892483,77.77237653791437,12.782675911090212,Jigala Cross
77.60411933606045,13.034411135281008,77.60504066376147,13.035314464701587,Goutam College
77.72802733380674,12.891812065235309,77.72907976623257,12.892846634704481,Sulikunte
77.69912505332663,12.95084420405677,77.70055583613342,12.952707960310054,Multiplex Marathahalli
77.84921222779448,12.927228724153592,77.85013297201107,12.928131875828825,Shiva Ittige Factory
77.57331801656906,12.875610918746393,77.57423878325537,12.876514281236439,Adithya Nagara
77.64133782091649,13.09887063379737,77.64223787970376,13.099801766212593,Bellahalli
77.85134218873688,12.784456620098444,77.8522624110689,12.78535977988415,காளஹஸ்திபுரம் பேருந்து நிறுத்தம்
77.65772629963432,12.847142948356131,77.65864690018444,12.848046251626636,HP
77.65006246790013,12.959202268760507,77.651553431314,12.960164531489992,NAL Manipal Hospital
77.63896308741981,13.013602047213311,77.63988431239979,13.014505352769262,Kullappa Circle
77.5733479631286,12.935568868307042,77.57437373697134,12.93658493166252,Tata Silk Farm
77.61350982353608,12.956945489260061,77.6148749660314,12.958308772276121,Neelasandra Bus Stand
77.82367344046713,12.91472561368751,77.82459415934017,12.915628786294949,Tattanur
77.63911655943885,12.950455541166003,77.64004143688938,12.95143415881579,Embassy Golf Links
77.78553239195787,12.823380395732379,77.78645280785229,12.824283604250244,S Medahalli
77.59315468905997,13.003540030261812,77.59407591076278,13.004443369720832,JC Nagara
77.58222460388332,12.884334622227145,77.5831453959405,12.885237977755665,Gowrava Nagar
77.59744694072964,12.889808551259176,77.59872885988409,12.891115548658018,Arakere Gate
77.63448584771189,12.911916118476132,77.63557385237658,12.912901081519014,9th Main
77.7729576472945,13.116806201038113,77.77387915251566,13.117709398944166,Lakkondahalli Cross
77.6180805436843,12.924435136524488,77.61900145613697,12.925338463458226,Madivala Masjid
77.67893655816493,12.983378760890801,77.67985764165205,12.984282039091767,Kaggadasapura
77.64268743013594,12.991197647799114,77.64360856968347,12.99210095218349,Byappanahalli rail gate
77.68665541967033,12.842131458894285,77.6875759801465,12.84303474108845,Singena Agrahara Fruit Market
77.68957181451293,12.954936863862086,77.69049278530338,12.9558401361205,Doddanekundi Cross
77.59837616412982,13.018082732644144,77.59929743569256,13.018986067338485,Thimmayya Garden
77.57457379980256,12.88504371951845,77.5754946000218,12.88594708046437,Chunchaghatta
77.63379821638931,12.924384397036022,77.63540065443715,12.925598324998788,1st Block Koramangala
77.58804713771295,12.840851628732135,77.58919334227019,12.842227568207846,Koli Farm Gate
77.62615390928406,12.936533936755248,77.62753485987926,12.93794903370972,Sony World Signal
77.65974149169516,12.85044038163693,77.6607852073845,12.851532918333373,Crown Plaza
77.68632241681878,13.061396266344364,77.68724378299747,13.062299533638088,Annagalpura Cross
77.59212674749263,13.006288765305579,77.59334801656941,13.007276903563103,JC Nagara
77.75292175062387,13.110815193159926,77.7538432491877,13.11171840682238,Thirumenahalli
77.59396960159147,13.000539007568262,77.59496469669918,13.002334892451474,Jayamahal
77.67859750664684,13.01125136173094,77.67951869317007,13.012154638251594,Ramamurthy Nagara Church
77.78021730328284,13.088234002833035,77.7811386965269,13.089137197149268,Kumbalahalli Gate
77.75845709794122,12.880224055832757,77.75948400230641,12.881258544162803,Chudenahalli
77.59392175132422,12.969894229372093,77.5948428484986,12.970797570610594,Mallya Hospital
77.62886697749647,13.016206818276439,77.62993432280066,13.017125381750454,Jyothi School
77.64053619632442,12.973197033680892,77.6416308048874,12.974482566406,Indiranagar 6th Main
77.68704644721835,12.990989464168802,77.68796755259801,12.991892735813739,Mahadevapura Ring Road
77.65331475867006,13.032065353115653,77.65423604114851,13.032968646866886,Jyothi Nagara
77.65981690839632,12.842760548975992,77.66073749142232,12.843663851006777,
77.63280159649301,13.061510946628553,77.63372300332688,13.06241425335397,Book Factory Thanisandra
77.79207499820672,13.162843789111365,77.7931447991264,13.165134810940849,Sadappanahalli Cross
77.70321624967141,12.99299887027588,77.70413735014388,12.993902129706644,Garudacharpalya
77.62596490221826,13.057051343982872,77.62688629760211,13.05795465599967,IBM Gate
77.6111753934532,13.00042439502084,77.61344155048415,13.001618439617218,Frazer Town
77.75811326774124,13.031652731898697,77.75918403252102,13.032728868075601,Kannamangala Gate
77.58462982373905,13.025231354528406,77.58698391671992,13.027312815952019,CBI
77.57389006176659,12.987376051443686,77.57519023909533,12.98941184778185,Swastik Sheshadripuram College
77.81033677326836,12.948484309647,77.81125762653974,12.949387490335434,Edagonahalli
77.59056857962756,12.977559833759589,77.59239643979723,12.97943266687077,"Dr. B. R. Ambedkar Station, Vidhana Soudha"
77.59676587018544,13.014483731939722,77.59768712963705,13.015387068042909,Kabir Ashram
77.59226253741534,12.988985697022704,77.59331406318907,12.989901003030539,Kalpana Circle
77.65327832658967,12.956936118090479,77.65441967363685,12.958512181314644,Wind Tunnel Road
77.75401475380279,12.947032487888706,77.75493564600917,12.94793571209381,Sorahunase Temple
77.65422965748903,13.086843455358956,77.65515114232933,13.087746744623512,Kanakshree Layout Chikka Gubbi
77.61436085477396,13.026331938702498,77.61528214504727,13.027235261280095,Shampura
77.84467616149165,12.962359823577144,77.84559703831412,12.963262976405233,BN Bache Gowda Badavane
77.60899671512618,12.845249444796112,77.60995748468974,12.846379955221037,St Mary's School
77.66750990174395,13.011639157638411,77.6684310980737,13.012542442344134,Ramamurthy Nagara Police Station
77.64860141949917,12.889205546446343,77.6495221803201,12.890108853536375,Kudlu Panchayath Office
77.57702860045188,12.916610839493382,77.57942517914198,12.918107151640553,Sangam Circle
77.66550479544296,12.960361355121982,77.66642580437497,12.961264644860629,HAL Market
77.59459616694984,12.907010227444005,77.5955170328731,12.907913572538762,"Jn Of 8Th Main And 3Rd Cross, Jp Nagara 2Nd Phase"
77.75163219383502,12.882587688658324,77.75301229333758,12.883911561257708,Dommasandra Circle
77.64546839492765,13.010850549499139,77.64638960489152,13.011753850483437,Banaswadi Fire Station
77.5835801186864,12.876497922442857,77.58450088113734,12.877401277539969,Kothnuru Dinne
77.65317537730631,13.019263151917182,77.65413032230613,13.020348747728244,Horamavu Petrol Bunk
77.62983101677683,13.04996734514389,77.63075238304327,13.050870654838656,Ashwath Nagara Cross
77.78286714441072,12.86033321283776,77.78379305515143,12.861409287157452,Sarjapura Road Police Station
77.66883123531694,12.918185275822978,77.66998566436415,12.919242923900931,Bellanduru Gate
77.66740031810703,13.002749257289597,77.66832148171068,13.003652542692958,Vijanapura
77.61534633126402,12.795906042090097,77.61677726804729,12.796856358120644,Koppa Gate
77.58353851485492,12.93323982438175,77.58445948496868,12.934143175601,3rd Block Jayanagara
77.73203829547508,12.86494467671143,77.73295890433862,12.865847923271218,Harohalli Gate
77.74009133181434,13.010367984781691,77.74101246799836,13.011271215200757,K Dommasandra
77.63040820318237,13.025372634048146,77.63230140327263,13.026646186361955,Hennur Depot
77.82247029667371,12.99274921591181,77.82339130313343,12.99365238407055,Kanekallu
77.60648384253372,12.977178534149518,77.6074049572882,12.97808186583315,Maniksha Parade Ground
77.69380268635855,12.971126165999472,77.69472371345742,12.972029433983092,Doddanekundi Bus Stand
77.58954153709085,12.97675762803679,77.59046266273225,12.977660971945896,Vidhana Soudha
77.69219111908741,13.007304866651282,77.69311228072857,13.008208133331232,KR Puram Govt Hospital
77.82611106622299,12.901180814175184,77.82703173358419,12.902083985807291,Thiruvaranga
77.8333751848486,12.947177818608107,77.83429601495797,12.948080981374297,Matta Mallasandra
77.86222217893567,12.956715230317926,77.86314302086888,12.957618369664418,Banarahalli
77.69503739182625,13.130417172001753,77.69595900798923,13.131320427980604,Yediyuru
77.65994945002909,12.81989004824163,77.66086994978963,12.820793351741168,Smondo 3 Apartment
77.65284909092038,13.077565595919053,77.65400860916607,13.0784927040666,Chikkagubbi Cross
77.80854815103962,13.068531213113559,77.80946944876827,13.069434386868725,Al Ameena Residential School
77.87167016338901,12.96725513443452,77.87259103641487,12.96815826554781,Domlur
77.5929381377897,12.922603127385473,77.59385906203327,12.923506472597278,Jayanagara 4th T Block
77.8856609427439,12.927125038628576,77.88658165705915,12.928028161353781,Lakkur Circle
77.6089853977856,12.938536621956212,77.61015450182722,12.94045999313821,Adugodi Police Station
77.81085618191429,13.078341629847507,77.81213461769705,13.079487470202807,MVJ Medical Hospital
77.59699342987754,13.03633823278063,77.59791476994484,13.037241567201976,Cholanayakanahalli
77.76138092171531,13.052619081460296,77.76247568727861,13.05421581405184,Kattumnallur Gate
77.59025311947941,12.986462928628143,77.59117428034358,12.987366271354531,St. Anne's College
77.57521522469278,13.033303997555558,77.5763303745215,13.034833202427187,Sanjay Nagara
77.57450086425098,13.014239401053208,77.57565244416764,13.015302024847426,CPRI
77.61705689169005,13.014812827241268,77.6180450086401,13.016163372577283,Venkateshapura
77.79624146234208,13.00572360615346,77.79716253746682,13.006626793828922,Naduvatti
77.6723252525914,12.985048258497926,77.67324634722601,12.98595154148465,Dare
77.59337590630949,12.888993931200192,77.59449779351695,12.889901768732495,Arekere MICO Layout Bus Station
77.6507459036015,12.898342147547885,77.6516666962176,12.89924545243483,Somasundarapalya
77.64583741719281,12.8899023454566,77.64675818262667,12.890805654526126,BTR Garden
77.61950855488962,12.97307703872267,77.62042964493143,12.97398036125998,Lido
77.61397164067365,13.033880538823785,77.61489295914761,13.034783861158793,Govinda Pura
77.73172260264255,12.860946076454718,77.73264319717116,12.861849323527931,Head Start School Gate
77.6363342035275,13.004343645931506,77.63725539629232,13.005246954051078,Indian Oil Sevanagar
77.59906679583554,13.000099318851634,77.60009250309679,13.001205181079643,Nandidurga Road
77.57346590008214,12.993666522872923,77.57438709974198,12.99456987710977,Link Road
77.69067821410931,12.955385364289926,77.69159918570692,12.956288635692658,
77.61777887775699,12.936582359782108,77.61907802636549,12.938000607428405,Koramangala Kalyana Mantapa
77.75053521895714,12.976621390412383,77.75174358284448,12.978178209743131,Ambedkar Nagara
77.61972400610826,12.966585778615242,77.62145239358412,12.967886021255635,Military Accounts Office
77.62012300292449,12.915376395140255,77.62447643069713,12.917479698551652,Silk Board
77.68169879540285,12.963709861236007,77.68261980441399,12.964613138746575,Rameshnagara
77.7479516657593,12.963810426588598,77.74918003439704,12.964995073242969,Brooke Bond
77.59196467508761,13.010875330088817,77.5928859247352,13.011778669893818,CQAL
77.59955420670119,13.04936793415553,77.60047559312102,13.050271265827053,HMT House
77.8348885756785,13.114742225021706,77.83581002412745,13.115645374960485,Pillagumba
77.57519078355477,12.868083962577622,77.57716341509239,12.86972943751407,Royal Layout
77.62185857639437,12.98681978717511,77.6229968225281,12.988015412858706,Ulsoor
77.6815494929647,12.954037013561969,77.6828386056418,12.955045586601416,HAL Kalyanamantapa
77.60058283542931,13.043157603585467,77.60225336296232,13.044246596871458,Kempapura
77.82349056488061,12.955900815036234,77.82441143492657,12.956803984946175,Obalapura Cross
77.76600028123846,12.87136377268465,77.76707351820095,12.872281227333,Yamare
77.6949871553858,12.90666876606379,77.69593094472502,12.907826533846169,Doddakannali
77.64089141188605,12.957571570066651,77.64264691713798,12.96083281672482,Domlur Bridge
77.62110551313954,12.996065340098454,77.62202668668132,12.99696865988417,Cox Town Circle
77.72054621104645,13.071559179515912,77.72146758876744,13.072462420466486,Byappana Halli
77.74579972965604,12.958441785153173,77.74672067015644,12.959345014829335,
77.58941633408782,13.010496267250552,77.59035178401199,13.011444225970173,Fun World Munireddypalya
77.7945939356475,12.965568604125282,77.79551486416163,12.966471795857151,Naganayakana Kote
77.61866479977452,13.002822739446815,77.61958600004648,13.003726060535804,Hall Road
77.64641897597993,12.95952752245197,77.6476595248641,12.960515877674721,Kodihalli
77.79636502991136,13.023316106811633,77.7972861698975,13.024219293170724,Bhakthara Halli
77.75124809304039,12.97949958795596,77.75216910677165,12.980402812026512,Coffee Day Hope Farm
77.78278938253368,13.069451921427008,77.78544874779207,13.071029514006941,Hosakote High School
77.76645850946969,12.867241987048041,77.76766059037067,12.868156412869837,Kristal Apartments
77.70350023090629,12.902967496573506,77.70444836895035,12.904070903256574,Carmelaram Gate
77.75326092812897,12.878981345283648,77.75420447168699,12.880063154548017,Dommasandra
77.80721561541635,13.087439913254157,77.80813698439157,13.088343086728102,Sonnadevanahalli Cross
77.70599526156282,12.935701157586994,77.7081422478299,12.94232481444021,Platform 2
77.64512350383579,13.005953749202892,77.64604469598342,13.006857050779688,Chikka Banasawadi
77.63396918104503,13.016047045474101,77.63489041877492,13.01695035450848,KSFC Layout Cross
77.7100336712924,13.0368599743541,77.7109549285223,13.037763225628357,Kittaganuru
77.65104845471336,12.919130351741288,77.6521861133799,12.921339282594028,HSR Police Station
77.74477935939284,13.158040991711763,77.74570104041915,13.158944208270494,Kaggalahalli
77.82067323813091,13.024087516296017,77.82159436167629,13.024990683686307,Devashettihalli
77.69908362891273,12.949067667209826,77.70000457090295,12.949970932772759,
77.885761039885,13.03733104248228,77.88668215991771,13.038234157499934,Kattigenahalli Cross
77.78317215726007,12.841953595457907,77.7840926425502,12.842856804524704,Burukunte
77.8508493595415,12.910253324215164,77.85177004026397,12.911156475767267,Ganagaluru
77.59740709537103,12.946622829821095,77.5983281044516,12.94752617016162,Wilson Garden 12th Cross
77.7415654990424,12.9197277822078,77.74248630077048,12.920631017774763,Gunjuru Hosahalli
77.80121563203282,13.07720981056673,77.80213696777555,13.078112989415553,Jn of Malur Road
77.78589354757581,12.957213400473437,77.78681445223395,12.958116599509026,Harohalli
77.65671702687693,12.995814853109229,77.65763817294149,12.996718146873349,Sadananda Nagar Bus Stop
77.62747776133367,13.025410743433312,77.6283990384867,13.026314056549266,HBR Layout BDA Complex
77.59480444118529,12.949823560773927,77.59620109143486,12.951807188753886,Wilson Garden Police Station
77.63875909169997,12.889147961607593,77.64013691523776,12.890377502698808,Kudlu Gate
77.59979539706295,12.946178730665597,77.60071640275947,12.947082069317117,Wilson Garden 14th cross
77.65360357013515,12.97169235112873,77.65452462968359,12.972595648853884,Thippasandra Ganesha Temple
77.59290534528033,12.916332302676924,77.59425412815469,12.917419496522841,Ragigudda
77.5716187841576,12.835259448449706,77.57263331587325,12.836218951567705,Muneshwara Temple
77.66440617932666,12.844932649176904,77.66542402096688,12.845962950827612,State Bank of India
77.70218661290755,12.903884266812902,77.70310738690803,12.904787533169731,
77.79293690229416,13.09146210785576,77.79385829751475,13.092365292126516,Kumbalahalli
77.57620608771336,12.958674339883531,77.57810092860325,12.962086711901213,Kalasipalyam Bus Stand
77.58442203336945,12.978610262035003,77.58560326670396,12.979539037944805,Maharani's College
77.59546019557064,12.946125229103574,77.5963812042521,12.947028570879144,Wilson Garden 10th Cross
77.81951921283596,12.928905512552312,77.82043998697159,12.929808687430139,Muthugadahalli
77.67646843706277,12.994325460354352,77.67738956275431,12.995228739628201,A Narayanapura
77.62041585104835,13.029558641010217,77.62133714877247,13.030461958972367,Arabic College
77.58324849268716,13.009849719885752,77.58450017109462,13.011001834078307,Palace Ground
77.62373966854112,12.939977653800511,77.62616892802106,12.941956242726947,Koramangala Depot
77.6269206970966,12.90232423877016,77.62785620228227,12.903208261115442,Deccan Bus Stop
77.63415198966227,12.843357414932559,77.63528210995057,12.844272085126212,Vittasandra Cross
77.7083773289052,12.955878087665955,77.70931007120625,12.956907612323302,Spice Garden
77.59092448048344,12.89887712584508,77.59184531933973,12.899780474137701,Vinayaka Nagara Telecom Layout
77.60954946787993,12.909504432920619,77.61047033194195,12.91040776706213,Mahadeshwara Nagara 16th Main
77.59209104138138,13.029145930768525,77.59301235844137,13.030049269214098,Ananda Nagar
77.72619076618193,12.98882007877157,77.72711183363181,12.989723321210926,Prestige Shantiniketan
77.75414000262131,12.9749049888998,77.75506099719055,12.97580821108267,Vijayanagar
77.79019767872313,13.157204309095043,77.79111932108576,13.158107490887158,Yanagunte
77.71000079423258,12.859306314285833,77.71113219419112,12.860963891030265,Huskuru
77.58871791247823,12.98995802819845,77.58963908734485,12.990861371784227,Avinash Petrol Bunk
77.59163523954571,12.99470210186563,77.59298825976416,12.995650498309082,Ganesha Temple Vasanthanagara
77.62163401665613,12.997876869941228,77.62302418338987,12.998981729951222,ITC Factory
77.63753945040823,12.960720835835469,77.63970727581524,12.962774664055484,Domlur (Towards HAL)
77.78336927441909,12.99642400085628,77.78429032539073,12.997327199126124,Koraluru
77.57328077559903,12.952591721385605,77.5742018242252,12.953495078597134,Mahila Samaja
77.73075760936122,12.987496662531086,77.73222876786018,12.988772997927223,Big Bazaar
77.66991985481488,12.974298902579314,77.6709230446394,12.975300197407531,Malleshapalya
77.5968191641694,12.840289441947274,77.59779133632519,12.841295258080775,Hommadevanahalli Cross
77.8434979989569,12.996076124279552,77.8444190008488,12.996979275702785,Tharabana Halli
77.6084153283374,12.876198031364883,77.60933607148465,12.87710136861791,Hulimavu
77.63753328002143,12.90853534305865,77.63845411979855,12.909438656924062,
77.86664109323394,12.895316529955187,77.86756170657048,12.896219670027234,Chikka Tirupathi
77.61126093602127,12.969452472008687,77.6122976869311,12.970366391540239,Hosmat Hospital
77.67621680616223,13.011026060840061,77.67713799365485,13.011929339142469,Ramamurthy Nagara Alada Mara
77.57250927548962,12.906373638997206,77.57373292676186,12.908508860950715,Towards Madavara
77.57310572812196,12.923930820333924,77.57402667170237,12.924834179648848,Puppet Stop
77.58197693051869,12.978826825398466,77.5828980693049,12.97973017458423,Maharani College
77.8160350242384,12.976389512832162,77.81695597556926,12.97729268715023,Dunnasandra
77.60568736815125,12.908579131493486,77.60660823167092,12.909482468489268,Vidhyasagar House
77.58761464035508,12.845704348349734,77.58879885914894,12.846628751733409,Basavanapura Gate
77.69641881872712,12.9414376922655,77.6975023818865,12.943074907368494,Kaadubeesanahalli
77.65760269529044,12.95882805215522,77.65852370452804,12.959731347827406,Murugeshpalaya
77.60285205455487,13.024155434467623,77.60377334526717,13.025058765514986,Ashwathkatte Sultanpalya
77.57398028643388,12.959450304189417,77.57542276891462,12.961679380808153,Platform 2
77.61129503193303,12.983898836121137,77.61221616788855,12.984802163861518,Naga Talkies
77.78511342346167,12.86093189685738,77.78603397634843,12.861835103125202,Sarjapura Bus Stand
77.6696812506221,12.922401915208608,77.67065474924215,12.923575684526762,Bellandur Petrol Bunk
77.59990091289077,12.925869760425874,77.60109658965851,12.928102623442545,Ananda Ashrama
77.64933163000732,12.987289624483212,77.65040406987627,12.988296375545566,NGEF
77.68112768119364,12.971318261286967,77.6820487186232,12.97222153869561,Srirama Reddy Layout
77.59937509042736,13.004035532516433,77.60029630939496,13.00493886746621,Marappa Garden
77.70088650111629,12.956172568644623,77.70333359054263,12.957430218989387,Marathahalli Bridge
77.65357041953536,12.989277237560714,77.65540953993907,12.990510159126902,Srinivasapura
77.63304181673257,13.067089895306282,77.63431768182852,13.068453504797377,K Narayanapura Cross
77.60043219473705,12.899851767815138,77.6016287064942,12.90123163225863,Bilekahalli
77.59630997526415,12.886352081219972,77.59739512515159,12.887276418821484,Arekere BPL
77.82916161443116,12.984559718247676,77.83008258537558,12.985462881734689,Devalapura
77.59089808908503,13.057163831314554,77.59181951073771,13.058067168668027,Sanjeevini Nagara
77.61852776722249,13.07443714188661,77.61944923259833,13.075340458095921,Venkateshwara Nagara
77.57837824548731,12.986459950069452,77.58089736471638,12.98824254189222,Shivananda Stores
77.58807901320232,12.981746720632469,77.58910338576042,12.98284507930175,Telephone Exchange AGO/VSD
77.58381223276089,12.963155101323279,77.58494796617708,12.964346798709261,Town Hall
77.65280169000637,13.017493055359758,77.65392120946248,13.018581744690104,Indira Canteen (Desi Masala)
77.62761892574666,12.923384680742188,77.62925267505682,12.924462419394791,Krupanidi College
77.65922586567983,12.958509932225464,77.66074443387117,12.959743267091534,Konena Agrahara
77.57259090238968,12.956512155505362,77.57432024123678,12.95812185763471,Makkala Koota
77.67705601120375,13.03869488448642,77.67812568807922,13.039614015510848,Pooja Garden
77.59124126378008,13.016855930036623,77.5921625360428,13.017759269946009,Rehamathnagara
77.76757632181157,12.982865264523745,77.76856977887924,12.98392843552051,Channasandra
77.74580948611346,12.937080957336745,77.74675071397378,12.938221742578166,Varthuru Police Station
77.60080779646295,12.935175519269736,77.60287319391863,12.93787947199628,Bangalore Dairy Circle
77.7862930596647,13.071456370165247,77.78737823928638,13.072602629829877,Channabyregowda Circle
77.59926595279639,12.860944327540405,77.60018664702632,12.861847672442412,Doddakammnahalli Bus stop
77.7470204040782,13.13456829174221,77.74794199573368,13.135471508240075,Budigere
77.85098143769369,13.030894128438911,77.85190256211143,13.031797271543358,Govindapura
77.77285493490524,13.12343630123041,77.77377646490491,13.124339498751857,Thimmasandra
77.63152569112711,12.90124354061485,77.63244650869332,12.902146859367875,Hongasandra
77.61961815177897,12.974789438821697,77.62053924804206,12.975692761160955,Begum Mahal Ulsoor
77.88366149676843,12.951742638678851,77.88458230303468,12.952645761303474,Baragur
77.57865861776398,12.985096224429288,77.5795797820598,12.985999575553407,
77.674672516094,12.89643005630855,77.67559328372347,12.897333343674132,Amrita University - Kasavanahalli
77.7268916395907,13.003390979541196,77.72781276022292,13.004294220441283,Kodigehalli
77.64331432813466,13.100438451827939,77.64423587168442,13.101341748154525,H Tippunagar
77.69227238876897,13.023740767251933,77.693193611047,13.024644032730562,Ananda Nagara
77.58465603533162,12.909269605172152,77.58624852415213,12.91161875162005,RV Dental College
77.64091985343167,12.966025026018837,77.64200584740166,12.9677537736451,New Horizon School
77.6427150758374,13.02063144883,77.64363632398192,13.021534751152563,80ft Road HRBR Layout
77.62824823047754,12.946181022291144,77.62933996981194,12.947132077647439,Ejipura
77.63646719945042,13.020864461443939,77.63738790024634,13.021823538459758,Jalavayu Vihara
77.7806640891294,13.149622905150729,77.78158571068013,13.150526094831493,Kammasandra
77.57969483775203,12.921142954003278,77.58064776149574,12.922118145894025,Rashtreeya Vidyalaya Road
77.65565019467707,12.958763151434358,77.65657120514155,12.959666448548273,Murugeshpallya
77.73072941207484,12.85555967589412,77.73164998773896,12.856462924088543,Kaggalipura Gate
77.73193842879408,12.955992679809086,77.73285937101937,12.956895920173444,Siddapura (towards Whitefield)
77.88305890816572,12.999760340099057,77.8839798916373,13.00066345988321,Pichaguntarahalli
77.59785539511925,13.055283733749764,77.59877680470304,13.05618706623281,Amruthnagar
77.62612704340636,12.993432104463206,77.62720165650855,12.99480119499067,Coxtown Water Tank
77.610663672557,12.90717323324325,77.61158452726481,12.908076566739506,Mahadeshwara Nagara
77.68286485453329,13.094245666203435,77.6837863452831,13.095148933778985,Yarappana Bande
77.77565124782586,12.790448890800475,77.77657155198507,12.791352109182208,Indlubele
77.8288618039785,12.93576871644424,77.82978259582838,12.936671883538187,Arehalli Cross
77.78571460884694,12.923781399250688,77.78663539096291,12.924684600731807,Janthagondanahalli
77.8715502804641,13.012240935944453,77.87247131933964,13.013144064037816,Bommana Bande
77.63054491634517,13.026931812608318,77.63415999416208,13.03036327813679,Hennur Cross
77.61548361250246,12.999690276827963,77.61655578668466,13.000786523180228,Mosque Road
77.57606242138404,12.936217407948108,77.57758257794023,12.93716619229477,South End Road
77.66146664968689,13.006963534320953,77.66424407668453,13.013825338315307,Channasandra
77.59187024784167,12.919123125166111,77.59279865231602,12.920236374794353,Jayanagar 9th Block
77.58127375849706,12.936119666963837,77.5826495410536,12.937040333194547,Vijaya High School
77.62050905824853,13.005814491493311,77.62143474187127,13.00682460850158,Bridge
77.7094861320848,13.003836773002268,77.71040726773002,13.004740026980231,Ayyappa Nagara
77.77512606532275,13.107577301549009,77.7760475344873,13.108480498433275,Sanklipura
77.65589336386836,12.980291337897732,77.65721243560014,12.98122106225043,Bagmane Tech Park
77.61819342992305,12.841834764616275,77.6191634704919,12.842724635409667,Mylasandra Road Junction
77.63025321551116,12.94225704156486,77.63117418430922,12.94316035841782,Ejipura School
77.61092457730783,13.067486638890218,77.6118460225135,13.068389961092327,Jawaharlal Nehru Research Centre
77.65637388315128,12.835108824285683,77.65798677387495,12.836849641340804,Electronic City Wipro Main Gate
77.63738593270539,12.98253842910325,77.64116341641542,12.984112950550129,Binnamangala
77.65125929265191,12.914890143277502,77.65228110799151,12.916436856500631,27th Main 13th Cross HSR Layout
77.65125301350727,13.056047153192019,77.65217438631139,13.056950446790491,Byrathi
77.59122024944071,13.024613330298418,77.59214155038211,13.025516669684206,Ganga Nagar
77.57572942649017,12.963148531767395,77.57931796190687,12.964950060190265,KR Market
77.6295210828906,13.001058618025107,77.63120361658598,13.001977382244963,Jai Bharath Nagar
77.64576665440865,12.977158114243371,77.64721121201103,12.979098820901624,Chinmaya Mission Hospital
77.64038140273254,13.005592147454134,77.641302597087,13.006495452528451,Ayyappa Temple
77.82824226845571,13.009300318744568,77.82916333135101,13.010203481237768,Makanahalli
77.67551678915058,13.02009536089528,77.67643801066647,13.020998639087244,Koshys Hospitals
77.57975569223105,12.932016900017066,77.58067670760951,12.932961999967631,Nanda Talkies
77.62566952331306,13.036575629032054,77.62763257421851,13.03851377128915,HBR Layout 5th Block
77.57950931229809,12.933832922961143,77.58043028752576,12.93473627702161,
77.70972307220784,12.976420797354566,77.71186687415893,12.978686975003662,Graphite India
77.60455526041775,13.075325336862266,77.60547673940404,13.076228663120276,Nilgiri Wines
77.74231664072792,12.932506853474392,77.74324095941907,12.93351524651688,"KK School, Varthur"
77.82052972278464,13.03235951652717,77.82145087702254,13.033262683455138,Jinnagara
77.761563178696,13.043623394119104,77.76248442111515,13.044526605863275,Goravigere gate
77.59118539110312,12.950436664470883,77.59231120771058,12.951649035543708,Lalbagh HOPCOMS
77.62068052266544,12.921021833829359,77.62163837674126,12.921926665932304,Madivala
77.58140378716631,12.88752065421814,77.58246011211298,12.888437045766482,RBI Layout
77.68067286759319,12.927563840907554,77.6816165326944,12.928791459018031,Ecospace
77.60206607387336,12.876438484392612,77.60323552421391,12.877907215590431,Hulimavu Bus Stop
77.64331076100687,12.92009674557044,77.6442316388127,12.921000054412247,HSR Bus Depot
77.71589763086904,13.059905877359588,77.71681896894518,13.060809122622834,Bidrahalli
77.75608480289053,13.003582534472185,77.75754150930652,13.004885322236296,Belathuru
77.70761573368436,12.94824317037679,77.70853666613074,12.949146429605783,Munekolala bus stand
77.58040688245569,12.865092514523395,77.58229496067732,12.866549577450437,Jambu Savari Dinne
77.60709625470724,13.07890593790441,77.60801774511437,13.079809262078125,Jakkuru
77.7163336987211,12.995207220823183,77.72105639792764,12.997207488319228,Hoodi
77.58754801330869,12.966256606380307,77.58874071317682,12.967455618468748,Corporation Circle
77.66124433903957,12.849134527511094,77.66435597103033,12.851020387286184,Infosys Bus Station
77.66768335089681,13.039187858659188,77.66860464892078,13.040091141323321,Kanakagiri
77.64305471642507,12.960060654052189,77.64402668326352,12.960965445932155,Domlur Flyover
77.73345828919133,12.97784698114014,77.73437931062193,12.97875021884236,Pattanduru Agrahara
77.83565922273947,13.089602524446867,77.8365805770665,13.090505675535349,Halasahalli Gate
77.61995119291039,13.060870941930553,77.62087260691037,13.061774258051988,Mestripalya
77.68319118574101,12.999810120499882,77.68413161410979,13.000874879524586,B Narayanapura
77.86069502949732,13.037446032509381,77.86161617030712,13.038349167472875,Karibirana Hosahalli
77.63130328955604,13.010900244323189,77.63222451026408,13.011803555659405,Lingarajapuram KHB Colony
77.57761092214383,12.928086422084705,77.57853187768019,12.928989777898058,Jayanagara 7th Block
77.6450248042307,12.896828045397019,77.6459455955888,12.897731354585694,Hosapalya Bus Stop
77.88836977472201,12.964785841011809,77.88929062508075,12.965688958970492,Arasanahalli
77.65388834623623,13.092830755442337,77.65480985358215,13.093734044540119,Kannuru
77.59021531063722,12.962109171282998,77.59125138943475,12.963131628674589,Subbaiah Circle
77.58774115587399,12.848887752259833,77.58885564669782,12.851491547452687,T John College
77.63648596863044,12.960674339084568,77.63745423092976,12.961576460873125,Domlur
77.59258481580763,13.06476717151053,77.59390642037094,13.067693847848693,Byatarayanapura
77.57976899972262,12.94073902329231,77.58069000010121,12.941642376690437,Vijaya College
77.57978322494698,12.92698882282294,77.58070417487687,12.927892177159823,Rose Garden
77.70388150617654,13.016712771347287,77.70480269363864,13.017616028635201,Tambuchettipalya Gate
77.58842534043569,13.035478772814432,77.58970155977723,13.036509727066697,Canara Bank Hebbal
77.73048076604822,13.031597196875026,77.73191563618934,13.032925230228217,Sheni Mahatma Temple
77.84005869936185,12.995107422892023,77.84097970044412,12.996010577090308,Geddalahalli
77.59891923546797,13.033698033382016,77.59984056435431,13.034601366600592,Chamundi Nagara
77.79385823382815,12.911892201988474,77.79477896598118,12.912795397994033,Gonighattapura
77.80257779494848,12.825434702400646,77.80349820486052,12.826337897581956,Adigara Kallahalli
77.78777322480936,13.078241805398791,77.78869457499991,13.07914499458351,Hosakote Bus Stand
77.60914695699631,12.96388281635584,77.61081860649033,12.966029226140645,Philomenas Hospital
77.79946953517603,12.912366504178836,77.80039026463292,12.913269695803663,Janatha Colony
77.78465796782517,12.836467095843,77.78557843198502,12.83737030413962,Billapura
77.75558931586036,12.968014989214625,77.75651028395144,12.96891821076786,Hagadur Cross
77.83199207966878,12.72982561062064,77.8329121201385,12.730728789362047,
77.72684348886354,12.979997780862899,77.72799650192499,12.981638285595782,SJR Park ITPL
77.59951740925347,12.906616375729316,77.6009376926385,12.908657554011315,JP Nagar 3rd Phase
77.64081257916892,12.954090869089024,77.64187412022285,12.955497930914412,Domlur Herohonda Stop
77.57829065462256,12.910491521721001,77.57921154520146,12.911394878261781,"Indira Gandhi Circle, Shakambari Nagara"
77.74692691052661,13.02333038782952,77.7478480892856,13.02423361215291,Doddabanahalli
77.627944680583,12.906280339483578,77.62886551923764,12.907183660499152,Bommanahalli bus stop
77.58838943217593,12.85639828781879,77.58943876751232,12.857307012204753,Gottigere
77.65369596276255,13.083896455059948,77.65461743705585,13.084799744922522,Chikka Gubbi Cross
77.59662512584734,12.92592077504372,77.59764367269031,12.927142224819928,Carmel Convent
77.58725721878315,12.96047519416142,77.58869158017251,12.961468406087551,Poornima Talkies
77.68214537952593,13.080644965461673,77.68306682029053,13.081548234520767,Bande Bommasandra Cross
77.64078896319057,13.02708634834921,77.64171023662887,13.027989651633346,Chalekere
77.66307396994759,12.854818771140705,77.66441522640268,12.856954870952654,Konnappana Agrahara
77.58185234651464,13.024344226932131,77.5827736533088,13.025247573050505,
77.74743953571975,12.900931883793957,77.74836026409275,12.901835116188629,Green Wood High School
77.70092286473175,12.967840057890552,77.70212623433618,12.96879354220198,Karthik Nagar
77.74977257783115,13.045757653237242,77.75112380644117,13.046930222691799,Budigere Cross
77.61931205901716,13.025026540452169,77.62023334080376,13.025929859530423,KGH Railway Gate
77.67289400470368,13.01113605961268,77.6738151951136,13.012039340369856,Yarayyanapalya
77.59248867473202,12.957179609768604,77.59345592625935,12.95878859013249,"KH Road, Double Road"
77.65106737803036,13.075141653788847,77.65198882178822,13.076044946193637,Poornaprajna School
77.63420420940233,13.084111414226488,77.63530339111429,13.085248685774562,Chokkanahalli
77.6969237144714,12.974190487840048,77.698323884944,12.975430112220081,Rainbow Hospital
77.76534061736416,12.914771091106195,77.7662613824471,12.915674308876342,Kathruguppe
77.77135400943159,12.861701713303257,77.77240058996622,12.862653186369293,Sompura Gate
77.66030514996346,13.025813629141709,77.66123065010092,13.026868670825863,Horamavu
77.7586579949322,13.03423489268196,77.75957920487919,13.035138107300437,Khaji Sonnenahalli Gate
77.64372115026381,12.911520060347538,77.64515124980954,12.912817339278728,19th Main
77.74652681654071,13.074006789439762,77.7474481832714,13.074910010542597,Bommenahalli
77.6201742574978,12.919222651686848,77.62140138428553,12.920974137885691,Madiwala
77.58317741744982,12.921058213421373,77.5842423669531,12.922983066343251,Jayanagara 38th Cross
77.7257449836901,13.1410868839053,77.72666661612323,13.141990116077004,Manchappanahalli
77.64541628285309,12.908594845945546,77.64633711696638,12.909498154037163,
77.62205434443092,13.033465541740979,77.62297565538981,13.034368858241596,Glass Factory
77.62440893025843,13.041597942879372,77.62533026956208,13.042501257103195,Petrol Bunk Nagavara Junction
77.57671916500864,12.955642757156717,77.57770543520382,12.956946242647929,Basappa Circle
77.82141859458964,13.101685019288436,77.82234000521728,13.10258818069379,Doddahulluru
77.58154729607745,13.013179977708253,77.58577121918383,13.0150759877675,Mekhri Circle
77.7196670418543,12.896123825198156,77.72067575857578,12.897161974824531,Kodathi Gate
77.76251529388131,12.966252341245616,77.76348180615935,12.96720755874904,Immadihalli
77.7231367612685,13.044994979568177,77.72405803854527,13.045898220414257,Hirandahalli
77.76970289940384,13.034149296908444,77.77062410040678,13.03505250307393,Kajisonnena halli
77.62325912798053,13.009266538321933,77.62418817179042,13.010287661689587,Lingarajapura Bridge
77.64465045939028,12.921252246101009,77.64557134042921,12.922155553881684,Indian Oil
77.86413801666276,13.045135234141844,77.86505918314138,13.04603836584039,Karibiranahosahalli Gate
77.60571515748923,13.077133237343912,77.60663664233248,13.078036562638633,Government School
77.65529066223253,13.018960332465806,77.65638893753099,13.019864367581961,Horamavu Junction
77.65132251822341,12.911297155894118,77.65227998089381,12.912656444121124,NIFT College
77.6920144100187,12.848551461111034,77.69293498979776,12.849454738871682,Depot 38 Gate
77.58146403494882,12.867161821365018,77.58238476487512,12.868065178617815,Surabhi Layout
77.60933755148102,12.97135984861747,77.61168434911569,12.974283245766712,Mayo Hall
77.57946581305153,13.041967626691314,77.58038718677206,13.042870973291308,RMV 2nd Stage
77.75546514966184,13.058018192289461,77.75638645014969,13.058921407692905,Nimbekayipura
77.58037875921093,12.813134572391208,77.58147584057096,12.814169027643915,Bannerughatta Circle
77.5852004975047,12.906133597025164,77.58625550178415,12.90756950299102,JP Nagara 15th Cross
77.79907177092294,13.001678007110158,77.79999282888578,13.00258119287222,Naduvatti Colony
77.6030539944555,13.002584833791927,77.60397520536657,13.003488166190714,Chinnappa Garden
77.59890461743174,12.989295431836132,77.59982578239065,12.990198768146533,CSI Hospital
77.6543483506958,13.036194547082154,77.6554082492516,13.037223852827141,Horamavu Agara
77.60620488208336,12.935886110062661,77.60717311779703,12.937049589700292,Muneshwara Devasthana
77.58375943992836,12.974068025871611,77.58468055989512,12.974971374111085,"Sir M. Visvesvaraya Stn., Central College"
77.6569059930911,13.01416585381514,77.6578272067273,13.015069146167416,Baldwin School
77.74921515399967,12.89130908413899,77.75013584581276,12.892212315843603,TISB Boys Hostel
77.58307167397237,13.06377342873967,77.58399312585091,13.06467677124292,Police Out Post
77.58338641802904,12.931478724266551,77.58430738179457,12.932382075716198,Jayanagar 3rd Block
77.74122098220103,13.091392588029047,77.74214241761139,13.0922958119533,Ancharahalli Gate
77.62188552972817,12.917057521182832,77.6249633447035,12.918992540247205,Central Silk Board
77.65431593650395,12.976130253785895,77.6556026621577,12.97713274637445,GTRE
77.8352178765758,12.732257111969599,77.83613792323123,12.733160288013076,
77.5795554898506,12.94607482340024,77.58047650997322,12.946978176582498,Lalbagh
77.61239853444819,12.97530665273905,77.6133357664257,12.97634324729367,Manipal Center
77.65818741636024,13.055911255737628,77.65910878345794,13.056814544244865,Kyalasanahalli
77.6014982405296,12.977271032354093,77.60241935929268,12.978174367628581,Anil Kumble Circle
77.744601448575,13.110179389969392,77.74552295123715,13.111082610012923,Thirumenahalli Gate
77.83036777881637,13.004145119398927,77.83128882099021,13.00504828058341,Dodda Dasarahalli
77.58770773579731,12.94571843710464,77.5886278641339,12.94664616290254,Lalbagh Siddapura (Lalbagh East Gate)
77.61059901077394,12.995242536262328,77.61152018904767,12.99614586372031,Seventh Day School
77.64253003739205,13.065273491891661,77.6437971622427,13.066185708221575,BDS Nagara
77.71181180723609,12.854226068716327,77.71273239257903,12.85512933126636,Chinthala Madivala
77.58667857965531,13.061418729949345,77.58760002016771,13.062322070033238,Post Office Sahakara Nagara
77.59665858481613,12.942511391523997,77.59782981392794,12.944271208484839,Lakkasandra
77.74303249604255,13.030350086592323,77.7439537037699,13.031253313390097,Chennanahalli
77.8308340148483,12.984696218908056,77.83175498495831,12.9855993810743,Devangonthi
77.69834140873395,12.80538386003506,77.69974818804315,12.80749914006236,Kithiganahalli
77.73953287989774,12.956471905932,77.74063061977101,12.957494193840041,Ramagondanahalli
77.59941606611692,13.071235634867161,77.60033753370524,13.072138965115395,Jakkur Layout Ayyappa Temple
77.7600248780995,13.043621493530697,77.76094612171178,13.044524706451687,Gorivegere Gate
77.57335361340165,13.061617946774476,77.57856766736693,13.064918719538085,Railway Gate Kodigehalli
77.6146944241291,13.010044253002757,77.61563067550041,13.011084846741111,Muslim Colony
77.67350539517928,13.07044856190108,77.67442680463785,13.071351838081384,Dodda Gubbi
77.82815577742356,12.895500914780612,77.82907642238351,12.896404085201869,Thiruranga Cross
77.65274106777495,13.081004354608112,77.65366253204355,13.081907645374365,Nagenahalli
77.65198839604147,12.868700447193634,77.65421220233112,12.87120035018232,Hosa Road
77.6509694860603,13.070794153601407,77.6518909137583,13.071697446381085,Bible College Byrathi
77.58038721311605,13.042114227025742,77.58130858670744,13.043017572956874,Bhoopasandra
77.57400886123865,12.965691606716664,77.57508993986858,12.967826393912468,Platform 2
77.64049304403198,13.00725320378426,77.6415517554538,13.008167996226724,Subbayanapalya
77.57321143089989,12.92243582032006,77.57413236892442,12.923339179662714,Monotype Corporation
77.591703527336,12.98248562901105,77.59262467248692,12.983388970971626,Raj Bhavan
77.72870780228672,12.791392747809141,77.73079169712028,12.792296451759519,Neraluru
77.75490032246536,12.9642771888224,77.7558212773465,12.965180411160087,Vinayakanagar
77.7052727832842,12.904088518387022,77.70677124356483,12.9093866550703,Platform 2
77.64081458754305,12.905093144139896,77.64173541227673,12.905996455842814,Yellukunte
77.64075357237213,12.969421572477223,77.64181432825701,12.9703404275818,Indiranagar 12th Main
77.79388113639365,13.019276005709605,77.79480226341539,13.02017919427276,Bhaktharahalli
77.89786724680125,12.927631043535841,77.89878795300098,12.928534156446506,Kodahalli
77.68667997335619,13.084893867296191,77.68760142645996,13.085797132686242,Yarappanahalli
77.60153919751221,13.05472253505701,77.6024606023098,13.055625864925563,Buvaneswari Nagara
77.64886138752998,13.012547220131019,77.65020101261963,13.013802579602734,Steel Factory Banaswadi
77.68288911508904,13.007557763196665,77.68381028472757,13.008461036785864,ITI Circle
77.66786065793193,12.81717685106857,77.66878114188624,12.818080148914216,Atal Bihari Vajpayee Circle Thirupalya
77.6537672230528,12.942928650194858,77.65468817676603,12.94383194978779,Belur Nagasandra
77.68441024183208,12.898925971223546,77.68534115774901,12.900017628780663,Kodandaramanagara
77.713610371382,12.967097413460394,77.7146612279679,12.96815178655047,CMRIT
77.6174305538514,13.081421641732138,77.61835204596946,13.082324958250386,Sampigehalli
77.61286516019203,13.008101111780025,77.61387494062146,13.009204688268253,Periyar Nagara Circle
77.57946500067465,12.953319722748322,77.58049889877444,12.954270976971017,"Minarva Circle, Rashtriya Vidyalaya Road"
77.59129159610609,12.865656958011042,77.59237920351589,12.86656994202677,Kalena Agrahara
77.58200277931988,12.897731422608622,77.58292362050395,12.898634777374177,Puttenahalli
77.90705415053304,12.927649447230321,77.90797484926856,12.928552552751999,Kodahalli Gate
77.64948289443578,12.903095347247762,77.65040370538341,12.903998652734945,HSR KEB Junction
77.93758579523723,12.991821674898102,77.94391403723482,12.993385193557826,Malur
77.66986163024164,12.846022273755747,77.67322102322319,12.848622687288293,Electronic City
77.73666121601092,13.072232385630942,77.73758258380188,13.073135614351433,Premium Farm Budigere
77.8066102599543,12.954929108419698,77.80753113985405,12.955832291562727,Muthkuru
77.75063710031412,12.814107887074787,77.75170609948644,12.815012812864461,Adigondanahalli
77.64606734464664,13.03818025066773,77.64698865517242,13.039083549314807,Vaddarapalya
77.70510522205984,12.992469394935176,77.70634147727392,12.993506204526566,Bhorkua Steel
77.81436038758551,12.995928412855484,77.81528141222219,12.996831587126875,Kacharakanahalli
77.75021452527183,12.784882807080729,77.75119507414279,12.786162792956985,Yadavanahalli
77.78446638392363,13.045647102987848,77.78538761588595,13.0465502969945,Sarkara Guttahalli
77.68665786898625,12.931179866688142,77.68763493129286,12.932490733149944,Deverabeesanahalli
77.60686972836511,13.03911823643743,77.60779107145659,13.04002156354516,Kanaka Nagar
77.7764449280257,12.91132059524997,77.7773656717848,12.912223804732557,Nerige
77.60283623240434,12.927523131117674,77.60375716741795,12.92842646886506,Balajinagara
77.60000355373494,12.995207578702052,77.60184304569654,12.996126621620341,Canara Bank Millers Road
77.65006319690059,12.901866547418493,77.65098400291856,12.902769852564212,SVR College
77.57567739916377,12.940231821813567,77.57659840066037,12.941135178169185,
77.64913185803897,12.968133351271304,77.65003674146794,12.96907354852815,Kodihalli
77.72546319552173,13.134685983574862,77.72638480429164,13.135589216407455,Manchappanahalli Cross
77.85193715629254,12.966776726594858,77.8528580435127,12.967679873387503,Somalapura Cross
77.65976551224738,13.016518352912552,77.6607860883341,13.017590047119603,Vijaya Bank Colony
77.59587980769426,12.916274387213008,77.59737369229218,12.917589412322492,East End Bus Stop
77.57316195579338,12.948674525052255,77.57426834870608,12.951562892801123,National College
77.65744326986169,12.863426348810524,77.65836392995705,12.864329651172223,Beratena Agrahara
77.73464226712375,13.035153215100047,77.73635362703038,13.0368592616638,Avalahalli
77.62017352086414,12.953767852528703,77.62331927581518,12.955005400820655,Vivekanagara
77.59196698501525,13.072594912516347,77.59346531500248,13.073550387397963,GKVK Gate
77.63919858104244,12.99674018451501,77.64398957933385,13.002649251103714,Sathyanagara
77.72898708098762,13.143204885204417,77.72990871882547,13.144108114777875,Manchappanahalli Cross
77.609428329202,12.930593333603737,77.61034927061982,12.93149666637898,Suddaguntepalya
77.58850754612126,13.025872329368813,77.58942885370173,13.026775670613812,Vasanthappa Block
77.69176256369619,13.037197267529246,77.69268383611976,13.038100532453239,Maragondanahalli
77.64195651200193,12.918565663440795,77.64317238915534,12.919698810249262,Depot-25
77.63356925437566,13.079773421602601,77.63460494535275,13.0807751784263,Noor Nagara
77.62491470424506,13.004295243616559,77.63153313859522,13.007662902362018,Banaswadi
77.85733595436295,12.969009728807045,77.8582568454419,12.969912871175298,Somalapura Cross
77.62805969968487,13.046776534734512,77.6291004434286,13.04787839675727,Saraipalya
77.62761816767105,12.93773881920864,77.62862183289499,12.938636580830527,Koramangala Sony World
77.6129230109509,12.842982235223305,77.61392558857673,12.843977264772558,Mylasandra Cross
77.82473046973836,13.084551492362708,77.82576602945254,13.085461707590772,Kolathur Gate
77.81250036368459,13.00848701256582,77.8134214361232,13.00939018741654,Bisanahalli
77.63310145064268,13.073460892358012,77.63424085367342,13.07695410732976,Koli Farm
77.76351967365572,12.71815778368433,77.7644397261562,12.719061016298458,Maranayakanahalli
77.74394315717727,13.041175776617399,77.7449268432496,13.042558423220921,BPL
77.69356541817379,12.980023562732114,77.69462698239025,12.981135237290562,EMC2
77.87070954197476,12.978683534447661,77.87163045782918,12.979586665534645,Lingadira Mallasandra
77.61518901750502,12.914713350858914,77.6172978885998,12.916887437930006,Kuvempunagara Bus Station
77.5866264301907,13.029647529013621,77.58754496934459,13.030636670727466,UAS Campus
77.86254637989916,13.118455736065988,77.86346781990493,13.11935886391616,Doddanallurahalli
77.74610112658063,12.90564448344685,77.74702187323199,12.906547716535728,Heggondanahalli
77.57899351131891,13.026068109303738,77.58067264965254,13.027545002298933,Ashwath Nagar
77.62516921845504,13.011802054823368,77.62631978147301,13.012718745128428,Lingarajapuram
77.6011814459456,13.02848103401563,77.60210275387657,13.02938436596698,Manorayana Palya
77.59591928902778,12.982930958547776,77.59805219100065,12.985294676010492,Indian Express
77.70118810514498,12.962440768459121,77.70210909467053,12.963344031523444,
77.58011970905758,12.919314421933151,77.58166349226586,12.920404634558354,Jayanagar 5th Block 40th Cross
77.60496028822175,12.95469198393235,77.60603111183948,12.955674216071243,"Elgin Floor Mill,Langford Town"
77.80197245552957,12.901783204785637,77.80289314427925,12.902686395196863,Ondimane
77.61893417329544,13.071245241922822,77.61985562652539,13.072148558059707,Jn of Srirampura Road
77.65953397793602,12.844380399674426,77.66271594947736,12.845950989621063,Siemens
77.62655918199215,13.014042942704359,77.62748041782828,13.014946257278238,Chandrika Soap Factory
77.62531849987255,12.963643462992378,77.62662483802029,12.964976561787378,Command Hospital
77.59350539330147,13.055403732189642,77.59442680652113,13.05630706779294,Jn of Dasarahalli Road
77.60479764674027,12.92009363156908,77.60571855308193,12.920996968413654,Old Gurrappana Palya
77.64550437225247,13.05215151937421,77.64663392724422,13.053163580282046,K Narayanapura Cross
77.60462955457602,12.969744004445529,77.60558684480206,12.970644295296971,St Patrick's Church
77.58902635433685,12.967955373185141,77.5901200474503,12.968997805734503,Corporation Circle (Cubbon Park)
77.60860766350527,12.96620543453712,77.60952873631652,12.967108765445555,Lifestyle
77.69287919305334,12.967295465522396,77.6938002067627,12.968198734460172,Doddanekkundi Main Bus Stop
77.60564773642464,12.974851113383467,77.60786136112152,12.976194362278719,MG Road Metro Station
77.61567870121155,12.96901008926966,77.6167828997482,12.9702408107881,Hosmat Hospital
77.63800320508722,13.005004352289914,77.63916599628412,13.006391247809498,Indian Oil
77.58787979387704,12.916476212373983,77.58965557493883,12.91780060552043,Ragigudda
77.58315347908737,12.952649924914128,77.5840745207362,12.953553275068602,Krumbigal Road
77.61492909805867,12.988977961804803,77.6164726002316,12.990071338581732,Hockey Ground
77.62350815136875,12.925177610954096,77.6257857516318,12.926624482669316,Koramangala CPWD Quarters
77.71985928249266,13.025515064373286,77.72078331800499,13.026785635596925,Medahalli
77.69323143313501,13.007633006851362,77.69573817525543,13.008934582892083,Krishnarajapuram
77.62881754391644,12.916198444207753,77.62983365657647,12.91725245581723,SI Apartment HSR Layout
77.5793080833374,13.004467448752015,77.58164711458221,13.006428951418444,Bashayam Circle
77.88825902481358,13.04602724378352,77.88918017498895,13.046930356198686,Thaggalihosahalli Gate
77.5766866168897,12.876106319965192,77.57760738293452,12.87700968001764,Kothnuru Last Bus stop
77.7337800731733,12.987265915381494,77.73472342642977,12.988393084640443,Pattandur Agrahara Gate
77.60377003514665,12.96529124910218,77.60475776488614,12.966196950898647,Richmond Circle
77.68459117490568,13.029662964596737,77.68551242491075,13.030566235385763,Varanasi
77.5982372840101,12.916174246184706,77.59945121538708,12.91733175388398,East end Jayanagara
77.63140296342154,12.841130354057853,77.63239043671904,12.842063345952608,Bettadasanapura
77.64626930591595,12.841335143947544,77.6471898939036,12.84223845603524,Ajmeer Apartment Neeladri Road
77.58612923792147,12.973188747270097,77.58718857689313,12.9761992640935,KR Circle
77.59548657411541,13.066145933275806,77.59640802570702,13.067049266706766,SBM ATM
77.57476453867314,12.86378211885599,77.57568526115124,12.864685481126862,Vaddarapalya Cross
77.63778488022635,12.962991245029663,77.63870591959346,12.963894554952976,Domlur Bridge
77.65748116257036,13.022398529435568,77.65854223711348,13.02330737059416,RK Medical
77.59008232414891,12.862080220999912,77.59117727505993,12.86300657901052,Himagiri
77.71513524780727,12.777508967341717,77.7160555520078,12.77841223264106,Ado Sonnahatti
77.85360109979592,13.051946830205683,77.85452230000894,13.05284996977656,Jadagenahalli
77.5740817013687,13.027249755455896,77.57584589778016,13.028221044907543,80 Feet Road
77.71086546116045,12.988351272983556,77.71178653865432,12.989254526998957,Hoodi
77.69317685764194,13.094680670058677,77.69409834217375,13.095583929923727,D Group Layout
77.57465339881865,12.940216921447712,77.57557440100553,12.94112027853504,"Gunasheela Hospital, Krishna Rao Park"
77.61114599886186,13.055903638566994,77.61206740095953,13.056806961415573,Dasarahalli Bellary Road
77.63483769394881,13.009232645554647,77.6357589058711,13.010135954427948,Ramaswamypalya
77.57387375223313,12.910919020159312,77.57479464759118,12.911822379823475,"Jp Nagara 1St Phase,Shakambari Nagara"
77.58321983630161,12.923344447258971,77.58414349099226,12.924580292052323,Jayanagara Telephone Exchange
77.64962273211945,12.882505546590826,77.65054346769979,12.883408853391902,AECS Layout Singasandra
77.67863025420935,12.985463560849311,77.67955134560763,12.986366839133252,DRDO 2ND Phase
77.62342827944629,12.981526074454612,77.6244997204137,12.982433925498123,The Millenia
77.62463648008664,12.8847050963158,77.62554792020426,12.885583103699384,Canara Bank Bus Stop
77.59148363501441,13.032469030665881,77.59240496480835,13.033372369316735,Anandanagar
77.7545049226733,12.909563586783799,77.7554256771387,12.910466813198756,Ramanayakanahalli
77.57274642719233,12.873411719760854,77.57367307240008,12.874482780234617,Sarathi Nagara
77.74650155892574,12.942651584874847,77.74742244088672,12.943554815107676,
77.58156567290264,12.99800912382732,77.58480099204137,13.000343256141997,RM Guttahalli
77.66321621077958,13.028259829443394,77.66437255591003,13.029325421618003,Jayanthi Nagar
77.67008980343952,13.011247558578702,77.67101099637796,13.012150841403844,Ramamurthy Nagara Manipal
77.58815225641261,13.020232629045564,77.58907354341044,13.02113597093707,Ganga Nagar
77.5993519542927,12.913051640991345,77.60048474695407,12.914381659096263,MICO Layout Checkpost
77.63480268826228,13.012306245648498,77.63572391155762,13.01320955433409,Jn of Oil Mill Road
77.70749206595303,12.98504867160308,77.70841313386197,12.985951928379448,
77.57484419074021,13.053108225428733,77.57576560908369,13.054011574553874,Tatanagar entrance
77.6705688245104,13.054028060242299,77.67149017530694,13.054931339740193,Bileshivale
77.68317793899652,12.995795466591765,77.68426436047487,12.996780133090683,B. Narayanapura
77.7984886870854,13.100824010332598,77.79941011272308,13.101727189649656,Kurubarahalli
77.5777484898604,13.000055424622545,77.5786697099634,13.000958775360129,Vyalikaval Police Station
77.68361283779392,12.910374696344313,77.68498126240355,12.91133820364098,Wipro Mori Gate
77.79941153877081,12.964905005969069,77.80033246103798,12.96580819401336,Naganayakana Kote
77.83549030427116,13.09950322472592,77.83641169553479,13.100406375256284,Dasarahalli
77.82598331175988,12.734110520510077,77.82883417503662,12.736202799186618,Hosur Main Bus Stand
77.82186987708616,12.894313612279712,77.82279052272129,12.895216787702775,Mugaluru
77.689534426705,12.940348287676576,77.69049431637376,12.941255661094718,Terminal 2
77.67399078965568,13.019509760309484,77.67491201016152,13.020413039673045,Raghavendra Circle
77.71220124439338,12.89868685773953,77.71366615554966,12.899632442155353,Ambedkar Nagara
77.67825610651423,13.11911526536058,77.6791776933024,13.120018534621815,Marenahalli
77.61952548426522,13.06544894193547,77.62044691555555,13.06635225804707,Srirampura
77.8359704822333,13.057602423454426,77.83689171757275,13.058505576527843,Haralur Cross
77.58748365919642,12.964333026868948,77.58840474062681,12.965236373113749,"Corporation, Mission Road (Towards Subbiah Circle)"
77.66135811966423,13.000671954987274,77.66227928015388,13.001575244995287,Kasturinagara 2nd Stage
77.60411257864237,12.951686421984743,77.60585015268985,12.954185812521848,Anepalya
77.5945656546409,12.913728627664458,77.59548654518198,12.914631972318299,"Water Tank Raggigudda,Jp Nagara 3Rd Phase"
77.84050411499405,12.932303220896626,77.84142488481207,12.933206379085789,Kallukunte Agrahara
77.651259890862,12.840066408401409,77.65228650859865,12.841088791603728,Concord Apartment Electronic City
77.69042513729907,13.05118386751697,77.69134646251693,13.052087132465495,Rampura
77.61448626181699,12.968302436736591,77.6154073380044,12.969205763246078,D. I. G. Office
77.6743462411189,12.991689559476443,77.67526735869835,12.99259284050612,
77.66588917439728,13.080098759420505,77.66681062542031,13.081002040561952,Chikka Gubbi
77.61770492406788,12.999102082458498,77.62107724284098,13.002025057710778,Bengaluru East
77.58547927531221,12.90061652395239,77.58640012451136,12.901519876030395,Auto Gas/Royal School
77.81043794537447,13.017962112091212,77.81135905443341,13.018865287891137,Kodihalli
77.5826276459347,13.0416150115726,77.58814363265115,13.04461021739606,Hebbala Bridge
77.60354493518255,13.02607213683421,77.60445956381228,13.027056562961182,Shaji Stores
77.5837577231005,12.87411482242455,77.58467847672324,12.875018177558276,Water Tank Kothnuru Dinne
77.59215118226987,13.049223145499676,77.5936240173361,13.05044205388798,Kempapura Hebbala
77.60876653486837,12.927369533253325,77.60968746495355,12.928272866729401,Chikka Adugodi
77.61687633783043,12.964744905493525,77.61806426093996,12.966008194564504,Military Accounts Office
77.61203458270366,13.00644044856805,77.61305521780734,13.007500651456938,Canara Bank Tannery Road
77.64990436915672,12.990309386090104,77.65504769959108,12.992479067402927,Baiyappanahalli Metro Station Back Gate
77.60627244104303,12.916063497174122,77.60729796296472,12.917152103959403,BTM Nagar Layout Water Tank
77.65421080518902,13.007063852577204,77.65513199462957,13.007967147405367,SRR Kalyana Mantapa
77.84684057113671,12.957584824265421,77.8477614286689,12.958487975716947,Handenahalli
77.8080734627488,12.89915680706609,77.80899413705963,12.900059992916411,Kugur Cross
77.5758723473202,12.929702361888026,77.57689801441562,12.931357581786347,Yediyuru
77.57408510400704,12.981166144842549,77.57501633807529,12.982206712382022,Ananda Rao Circle
77.64205648451558,13.069830050299917,77.64297791530366,13.070733349682587,Nagareshwara Nagenahalli
77.62756021838108,12.9945201423917,77.62848138143936,12.995423457590919,Jeevanahalli
77.67413231795541,13.033089025133146,77.67519588247663,13.034180974871155,Kalkere
77.73950217962101,13.038490285534468,77.74042342019166,13.039393514447942,Chimmasandra Cross
77.65046829104908,13.013964651441396,77.65138950876974,13.014867948541172,Banasawadi (Towards B Channasandra)
77.59843592746468,12.983755831475527,77.59935707235776,12.984659168507143,
77.6156581997399,13.011505936382203,77.61700480129323,13.013673962777789,Postal and Telecom Colony
77.59195758717762,12.926530425819793,77.59337511167182,12.927534774428217,Sanjay Gandhi Hospital
77.5923607248522,12.983964929298283,77.59328187497063,12.984868270684396,Ali Asker Road
77.79344475816072,13.168890610760561,77.79436644164791,13.169793789221613,Attibele
77.61592200300669,12.972381510516069,77.61803111666957,12.973598536910849,Trinity
77.83986122748033,12.764572579805572,77.84090607229486,12.765574820233756,Elcot
77.78429407357187,13.051201603114553,77.78521532623772,13.052104796867793,Pettanahalli Cross
77.58758328749366,13.05736813013259,77.58850471232931,13.058271469849997,Sterling Apartment
77.58711852664652,12.927521725466802,77.58803947317685,12.928425074515951,Jayanagara Church
77.64103671934791,12.963034178062477,77.64216198015322,12.964122421988623,HAL 2nd Stage
77.70104025776742,12.769025861764218,77.70196054204864,12.769929138218593,Marasur Gate
77.70905118077113,13.01951878797735,77.7101734182827,13.020674912056649,Bhattarahalli
77.58765470085812,12.99605142802835,77.58857589896503,12.996954771954314,Forum City Apartment
77.58571797716475,12.824981994749601,77.58675622319295,12.825901105187274,Sampangiram Nagara
77.59465650890701,12.992471700209146,77.59571109133705,12.9935295997698,Vasanth Nagar
77.75939918927533,13.037449593076959,77.76032041053601,13.03835280690543,Safal Market
77.81141928645795,13.050033413587458,77.8123405133498,13.050936586394844,Chimandahalli
77.82585248843786,13.105943721171457,77.82677391136875,13.106846878810755,Chikkahulluru
77.62289820026473,13.057491842883184,77.62381959955583,13.058395157099355,Rachenahalli
77.66501806973866,12.95787615209279,77.6672364493497,12.958983817204734,HAL Main Gate
77.58713076842335,12.82899675616859,77.5881588306086,12.829903543755867,AMC College
77.66795775239703,13.03039948530455,77.66892514846334,13.031466914740353,Sun Shine School
77.60620769994942,12.962834009220392,77.6073975832938,12.96632394106693,Johnson Market
77.66082741701408,13.002000654837683,77.66174858280405,13.002903945144881,Kasthurinagara
77.65719082988342,12.965070528743839,77.65897229124428,12.966446672378698,Jeevan Bhima Nagar Bus Depot
77.83894133932601,12.973161621692887,77.8398622604801,12.97406477828948,Devanagundi
77.57961125808114,12.928322417592458,77.58080400527231,12.930648545166264,Towards Silk Institute
77.6119529508895,12.97373373600732,77.61287404893206,12.97463706397534,MG Road
77.57696193350857,13.030416025395418,77.57788326631523,13.031319374587216,Geddalahalli
77.58139977262871,12.891521240316118,77.58241982600309,12.892711659563561,Brigade Millennium
77.61263467251679,12.931620641833069,77.61378420957566,12.932759934443132,Hosur Junction
77.60096564593461,12.97422803205684,77.6018867538877,12.975131367925837,State Bank India Garage
77.6417352894331,13.062009401385113,77.6427323117186,13.063740298469874,K Narayanapura
77.71653361301884,13.015630776060155,77.71745478679549,13.01653402392232,Sigehalli
77.61296475360652,12.96104136612177,77.61494434528512,12.962051034378074,Austin Town
77.6873397909859,13.02152636533697,77.68826100883037,13.022429634645533,Bhakthi Yoga Ashrama
77.71329055551853,12.79972528978474,77.71529774298637,12.800803910824119,Hale Chandapura
77.5834089107146,12.880830422530469,77.58432968910917,12.881733777452343,Navodaya Nagara
77.62450706889193,13.020723842189806,77.62542833092864,13.02162715779278,HBR Layout Ist Stage
77.59768755164865,12.97557366048594,77.60051356754575,12.97929516266766,Chinnaswamy Stadium
77.7042480924013,13.131993775501662,77.70516970741352,13.132897024480682,Maralakunte
77.63486372381499,13.088274156947866,77.63592957640846,13.089191643069798,KNS College
77.60327526788063,12.908242230611512,77.60419613194168,12.909145569371251,Nayanappa Shettipalya
77.6056128882289,12.957643140417373,77.60663651051675,12.959253359621739,Elgin Flour Mill
77.7867728792381,12.720114492690978,77.78769292057228,12.721017707291777,Thirupathi Valley
77.66174960294417,12.920827088028144,77.66355179665541,12.921744411679184,Ibbaluru
77.7397223607171,13.062220110890703,77.74080003938008,13.063281289044017,Grind Well
77.71451211549407,12.976959229655456,77.71662134923488,12.978177079679583,SAP ITPL
77.77090510943381,12.974757895310848,77.7718260903769,12.975661104671609,Nagagondanahalli
77.62292843732078,13.03748454219823,77.62384976249983,13.038387857784334,Nagavara
77.69974532485527,13.005738169418404,77.70066647496022,13.006641430564107,Devasandra
77.841260580849,12.89649661996116,77.84218121895718,12.897399780021297,Baguru
77.62785956665135,13.034165164157667,77.62934883183739,13.035654236018216,HBR Layout
77.58323736945646,12.844009698764106,77.58429573090709,12.84493460116154,Weavers Colony
77.63675893449935,12.878572441744971,77.63767966532075,12.879475758237781,Chikka Begur
77.63752132644389,12.992155545942735,77.63844247337587,12.993058854039873,Kathalipalya
77.7364287060296,13.023563483850184,77.73734989378335,13.024466716132249,Veeranahalli
77.61291169300601,13.041727212042677,77.61390090686086,13.042900687936982,Veerannapalya
77.62365625620781,13.039623473213892,77.62513653588614,13.04116833708596,Nagavara Junction
77.60905977880127,13.066310538174962,77.60998122102023,13.067213861807591,Srirampura Cross
77.84985339466876,13.107768330670513,77.85077480513623,13.108671469311663,Gottipura
77.84256877622462,13.008199924333756,77.84348982358112,13.009103075648556,Paramanahalli
77.58752330380133,12.852335213928527,77.58846729684272,12.85333168609989,Gottigere NICE Road Junction
77.74420789909625,12.955824745150109,77.74570460501238,12.95739909984015,Varthuru Kodi
77.65126589789806,13.06447125349003,77.65218730192059,13.065374546492471,Gubbi Cross (Towards Byrathi Bande)
77.63161336597615,12.977647125419253,77.6336562518502,12.978674226444378,Lakshmipura Ulsoor
77.6820331817276,12.825187975366534,77.68365008816647,12.827598029580887,Hebbagodi
77.58838104234256,12.922815589597992,77.58996725825254,12.923856710480033,"Jayanagara 18th Main, Jayanagara 4th T Block"
77.6341560380659,13.002152374010947,77.63518536159442,13.003156326013144,Maruthi Sevanagar
77.61910049834813,13.003683339634733,77.62002170147284,13.004586660347877,Davis Road
77.6770626681784,12.972063205089665,77.67840866681746,12.97325391346224,Mallesh Palya New Bus Stand
77.6191010414565,12.970168477470898,77.62251072892498,12.97360711315154,Trinity Circle
77.75902683999554,13.009920391978913,77.75994795981589,13.010823608003511,Sai Garden
77.65812459472968,12.838082341996005,77.66048198478566,12.84148274688722,Wipro Gate
77.75982338355537,12.932048689590163,77.7607442162562,12.932951910392365,Vagdevi School
77.62542209126894,12.891323673284077,77.6263732086894,12.892250026732395,Tent Bus Stop
77.64440517096737,12.915809345592427,77.6453399299033,12.917302954357146,
77.7107685896247,12.97287077241135,77.7116896101901,12.973774027571183,Prestige Technostar
77.61756539227562,12.897786235419694,77.61848620754577,12.898689564563055,Kodichikkanahalli
77.67547100176628,12.904429456879784,77.67639179805114,12.905332743102889,Kasavanahalli
77.64857067700237,12.91243544723461,77.64949152281685,12.913338752748086,
77.60295247271054,13.068381936042151,77.6038739271114,13.069285263940408,Jakkur 18th Cross
77.60298889098564,12.89555303007141,77.60390970883672,12.896456369911363,IIMB Bus Station
77.58855526716837,12.83231330477333,77.5896251318975,12.833234995199373,Kalkere
77.65036756813896,12.972118449954536,77.65128863167996,12.973021750028078,Tippasandra Market
77.67125307323374,12.999373938558268,77.67812018250982,13.00149588458549,KR Puram Railway Station
77.59469446238671,12.90952322756589,77.59561533743617,12.910426572416876,Milk Booth
77.58324646282645,13.019294809205984,77.58502493205316,13.021048855483814,Mekhri Circle
77.6126457511915,12.919242134376214,77.61356664863017,12.920145465606511,Gangothri Circle
77.7574275791213,12.994057925740762,77.76389400914155,12.996876609471038,Kadugodi
77.59590166439644,12.963180929851706,77.59682273542624,12.96408427013099,Richmond Circle
77.59448633056935,12.981283329969163,77.59540746925337,12.982186670013515,GPO
77.6296117443151,12.904417265558711,77.63061095607695,12.905818034241038,Bommanahalli
77.62427176834832,12.881564126957585,77.62520773181609,12.882457373059024,Vishwapriyanagar Bus Stop
77.81437769453443,12.883130308970241,77.81529830527359,12.884033491012264,Rajeevgandhi Bus Stop
77.62342061522976,12.995396740916345,77.62434178459095,12.996300059066282,Pankaj Dairy
77.71453623676359,13.056443076726973,77.71545756305075,13.057346323255459,Bidrahalli Cross
77.66455990639838,12.920000317235923,77.66860218504662,12.922359448557122,Sarjapura Road Junction
77.58263740876494,12.870130731196184,77.5837395918947,12.87181326841216,BK Circle
77.64239158504398,13.015581448536285,77.64331281477537,13.016484751446288,Banasawadi 80ft Road
77.61313574184032,12.934427268714163,77.61505710074043,12.936058478770075,Jyothi Nivas
77.59652143143748,13.035401332578259,77.59744276838497,13.036304667404346,Amarajyothi Nagara
77.74676006435739,12.939746184872938,77.74768093545507,12.940649415109588,Gandhi Circle
77.64777569708401,13.056680520841425,77.64896270223683,13.05761647924386,Byrathi Cross
77.59307547155667,13.013008330561801,77.59399672826603,13.013911669420835,Matadahalli
77.62573427039024,12.949194908990899,77.62704402853484,12.950495291121575,Fairland Shop
77.72736785113273,12.982005560971507,77.72859194819858,12.982943739138026,Sai Baba Hospital
77.82922406930011,12.734963909709817,77.83014413050732,12.73586709027287,GRT
77.81484149213564,12.939179011081045,77.81576230767219,12.940082188901393,Byadarahalli
