min_x,min_y,max_x,max_y,name
-0.26367096643663496,5.607772349827118,-0.262648933544865,5.608699050259889,School Junction Race Course
-0.3661677151062124,5.72171864777443,-0.36516018503146697,5.722694652292909,Sampahman police station
-0.4051638640867172,5.537075743628743,-0.4042619360767349,5.537979456363682,Iddrisco Timber Market
-0.31003677404817037,5.576183927635255,-0.30909269416789886,5.577274228847722,Mallam Gbawe
-0.2880067890718515,5.5912280660493145,-0.2867825111277538,5.59238873373957,Awoshie Last stop
-0.2210710954978504,5.536892612217167,-0.22016930467716078,5.537796187775159,Boxing Arena
-0.17399721506622134,5.561693553134484,-0.1718859239447089,5.564004827471245,Labone
-0.2423805115289166,5.677403706197834,-0.24147848864491997,5.678307293794312,Point 2
-0.312462690099523,5.615531078781444,-0.3115607100698395,5.616434721210824,Tarrazzo
-0.2752148498025891,5.647204681831864,-0.2743182502365564,5.6481823182438395,Washing Bay
-0.2533040005817965,5.65793700172657,-0.2524019995913301,5.658840598265609,Taifa
-0.20937889174746185,5.537889116747277,-0.20847710842828338,5.538792683245038,Ussher Fort
-0.36492559610994807,5.72714126115632,-0.3640234040562419,5.728044938835825,Real Plan estate gate
-0.2571939334399352,5.524849966336299,-0.25622766675924513,5.525811333697595,Shiabu
-0.2174243465013792,5.609223442735098,-0.2165022537176223,5.610288657110368,White House
-0.23563884972157562,5.581871352326012,-0.23463995077608818,5.582775147597548,St. Johns
-0.2011219979178938,5.550227920134721,-0.20022020225838383,5.551131479857575,Precious Minerals
-0.23086036041129615,5.528314190669424,-0.22960323943451227,5.529309109366518,Korle Gonno
-0.2206998656286428,5.6288387137679825,-0.21979793454649954,5.629742286224214,Achimota Hospital Curve
-0.14417268586795692,5.5636794426667215,-0.14327091431191286,5.564582957325523,T-Junction Curve
-0.25203475163197814,5.585155489977528,-0.2495561648579592,5.586752798964027,Quarters
-0.23780136064680205,5.655370276769452,-0.23686973959491583,5.656458723023337,Gym
-0.21436941248084332,5.562644415194686,-0.21346758769461666,5.563547984797595,Adabraka Market
-0.21624652494338176,5.578039114705037,-0.21534467523198017,5.5789426852872275,Hubtel
-0.22229995473467062,5.613884712920984,-0.22139804544035346,5.614788287071236,Abofu First
-0.23515393356286976,5.5798201074586,-0.23425206661130651,5.580723692533672,Mangoase
-0.19489824646127374,5.616892723573635,-0.19399635371547483,5.617796276418564,Dzorwulu Junction
-0.23975132347620917,5.600347735013832,-0.2386794768124271,5.601259665031538,Abeka Main Market
-0.21879905673357872,5.53701471213942,-0.21404337269921073,5.540891018264128,Agbado
-0.18621223821252816,5.610554326859857,-0.18531036196475778,5.611457873132344,Chinese Curve
-0.19710921571969456,5.575647522081021,-0.19620738445686464,5.576551077911233,Kanda Roundabout Junction
-0.26504683004415835,5.553937586055049,-0.2640291095633479,5.5557022729207715,Mama's Inn
-0.2471582775663395,5.543813747870664,-0.2462356226516301,5.544903352187708,Pentecost
-0.2914186328604922,5.598110706849569,-0.2900463256064207,5.599366426733698,Anyaa Market (Awoshie)
-0.26326962963683137,5.621008465656274,-0.2621773710151655,5.6222336343265376,Tabora Asoredanho
-0.2334069541295765,5.569968683931393,-0.23161839813033683,5.571580795755394,Big Boss
-0.23786421584414233,5.660070414119085,-0.23690428443187428,5.661279485978619,Dome New Station / Commercial Bank
-0.1796914781705586,5.6401077227026155,-0.17859062212046653,5.641146077098093,Legon Traffic Light
-0.2511657683445464,5.637391549612074,-0.25025153176044107,5.6384250504680375,Vulcanizer
-0.27207967208996453,5.631051231929403,-0.2710205282449656,5.632041167857339,Lomnava First Curve
-0.2391752932647255,5.576837387575082,-0.23812540719712139,5.578291612572138,Cemetry
-0.26999003241223696,5.560942093898406,-0.2690881677597289,5.561845706093913,First Gate
-0.24126523474695305,5.533505049230352,-0.23929519149048561,5.534690004526979,Rainbow
-0.2086276457294203,5.555297738274532,-0.2075639546615079,5.556707761881852,Workers College
-0.3089009590885277,5.576787279515014,-0.3079990410810126,5.577690920477304,
-0.19384523125704534,5.6012925277477015,-0.19287456895336655,5.6022580722878415,French School
-0.2563450363820274,5.536136370859063,-0.2547784640061879,5.53705212889969,Camara Last Stop
-0.2049460342049608,5.6715361798785535,-0.20403396583677505,5.672662820085018,Bridge
-0.2516006489029148,5.531948784916278,-0.25043185163019627,5.5329010151291245,Lotto House
-0.16682229774076754,5.567560933792362,-0.16592050243768483,5.568464466199889,Amelia
-0.25848823285856165,5.577833834210338,-0.25701886709315247,5.578863765755286,Glory Land junction
-0.2318797132823755,5.684819410336349,-0.2309776868921306,5.685722989655777,Hospital
-0.24817388355962575,5.571544694738839,-0.24711191692460446,5.573028505413203,Mataheko Quarters
-0.23745831351929034,5.552358406156267,-0.23655648665470835,5.553261993836045,Market
-0.2601678513654496,5.59064179807761,-0.25926594880717074,5.59154540191466,Macedonia
-0.24996818577869553,5.558873739781166,-0.24859661450526474,5.559797360065544,Ashtown
-0.265654421840815,5.55920571725851,-0.26467647810934386,5.560226082770276,St. Martin Depores
-0.29766547974709745,5.619842894362715,-0.29588682060437677,5.620803605372698,Block Factory
-0.2051682300589587,5.665054282512006,-0.20413127016942145,5.66606591755944,Barclays
-0.24724772143720303,5.687751104499548,-0.24634567873633983,5.688654695492587,Kwabenya Market
-0.16441904361645468,5.6239830348752555,-0.1625484570980652,5.6249580655212315,Action
-0.4290384697133375,5.53323923501899,-0.4281365304486106,5.534142964973455,
-0.29366155421298984,5.601974259782846,-0.29260224527900214,5.603306440322605,Anyaa School Junction
-0.29395739187513836,5.643032663881414,-0.2921829982171876,5.644300200357575,Royco
-0.21717606452863303,5.574999273449776,-0.2160805358296456,5.57608402662453,Circle Asoredanho
-0.21754401890739872,5.598094340001146,-0.21659128131697866,5.599039559931198,Alajo T-Junction
-0.23445123646262128,5.565756603487226,-0.2335281638481102,5.5666926964607,Kaneshie Last Stop
-0.3887360476782059,5.5232186493485305,-0.3878341524862627,5.524122350643907,Premier Care Hospital
-0.1695658410195779,5.622659933560404,-0.16866395915876542,5.623563466431774,Vulgunizer
-0.13146456303999712,5.588973785270832,-0.13055623678258235,5.590358914706444,Telephone pole
-0.27073382816765484,5.5671926584335845,-0.26979587177572645,5.56808114164229,Thirteen
-0.41958863095880494,5.534862479445255,-0.41850566900123787,5.535988920530471,Second
-0.27903539292582386,5.635442991623697,-0.27813340724566193,5.636346608368525,Lomnava Last Stop
-0.1495382907207999,5.567268640598737,-0.1486365094587374,5.568172159393501,Akrowa House
-0.2413944689189177,5.633498234000232,-0.23922490443147962,5.635747409542589,Mile 7 Junction
-0.3831704448289696,5.546380270525011,-0.381472255558249,5.5473086292114235,Tuba
-0.2842410764825817,5.690351254045993,-0.28264452462505935,5.692048446188797,Pokuase Old Station
-0.2749318895365735,5.6065450750742505,-0.2739018108540252,5.60759942494132,Assiamah
-0.20655084376146501,5.560194226090548,-0.20540835709651195,5.5616183738654765,Museum
-0.35280760023461266,5.637513934478466,-0.35114780037587173,5.638744564826508,Manhean Afuaman
-0.2792929900119625,5.622293246407939,-0.2783831105051888,5.623310753438046,Vulcanizer
-0.25759338107217955,5.536646843111809,-0.25638111920960815,5.537754557019769,Camara
-0.23682282852643533,5.574938909296497,-0.2359164722417286,5.576624090692194,Council
-0.19832053096352173,5.583304662273619,-0.19740796950637202,5.584288137592925,Borla
-0.15970615319485124,5.58131960134647,-0.15869484748907264,5.582941598764021,Soul Clinic
-0.31851098696495667,5.608527276422098,-0.31760901320402,5.609430923570182,Park
-0.26508078772764804,5.545542074613478,-0.2641171124788786,5.546720125495859,Dansoman Control
-0.25026634591443775,5.588433601812378,-0.2493644542588022,5.589337198179889,Presby
-0.34180542149900855,5.642185968317187,-0.3409033786685409,5.6430896316750605,Alavanyo
-0.15914730182677317,5.557441046246922,-0.15813139800994455,5.558547753798728,Olympia
-0.18420997325249772,5.6399136152257565,-0.18329662663775356,5.641221684742739,Okponglo Roundabout
-0.3308006613118612,5.569054871257642,-0.3298987388562959,5.569958528734699,Weija School
-0.23516561160345376,5.681045209017026,-0.23426358857083857,5.681948790975111,2nd Lotto kiosk
-0.17638862438795477,5.597529930499278,-0.17548677578993258,5.598433469492939,Alliance
-0.2650489663577981,5.551670103556893,-0.26407113334091536,5.55279149652391,Beecham
-0.14153769668239935,5.579225543948148,-0.1406359034976535,5.580129056044076,Fire
-0.2737439473785436,5.599938560851804,-0.2728060530502573,5.60082043904394,Family Friend
-0.2908307076778453,5.595947150553705,-0.28919559352720986,5.597737949689151,Nii Bortey
-0.2337924617611568,5.592941486339657,-0.23245836616175564,5.594627299472462,Blue Kiosk
-0.23781915232525713,5.556296194781899,-0.23676574766770497,5.557217305241138,Great Lamptey
-0.2860658469766702,5.701666990003886,-0.2851637531944513,5.702570609988246,Quarters Junction
-0.267119584609506,5.6304914960529935,-0.2662176155627219,5.631395103939231,Masalaashi Israel
-0.2669131733137644,5.526763827610391,-0.2655459267664064,5.528090272160498,Atomic
-0.20665979343004792,5.562935096006906,-0.20573490686312385,5.563993703733026,Cathedral
-0.40182694818475384,5.537747561423259,-0.40012215235228404,5.538688938869277,Galelia Market
-0.23233854062849474,5.5714948675145965,-0.23017464348892605,5.574368580012323,Roundabout
-0.23027962470347887,5.570658209188924,-0.22937777547099605,5.571561790803361,Kaneshie Roundabout
-0.19159964606746116,5.618046724875211,-0.19069775410949638,5.6189502751169895,Dzorwulu Junction
-0.24942099803911866,5.525923701181984,-0.24851920213409967,5.526827298810373,Bridge
-0.2774732731772385,5.723480032972179,-0.2764845264139019,5.724664967123433,Fase Junction
-0.18886270846020928,5.569853229025993,-0.18682419278279136,5.571717471378153,Police Headquarters
-0.23083752187136627,5.566662608913653,-0.2299356783030665,5.567566191078637,Accra Wesley Girls School Junction
-0.29860813513569756,5.628755058496676,-0.29762126536097044,5.630180841597517,Aba ase
-0.18601886026596284,5.549949688588079,-0.1838032637481857,5.5510569710940505,Second Stop
-0.32259590525744364,5.630332275240388,-0.32169389491129696,5.631235924751866,Israel
-0.2694062567735063,5.593137894611904,-0.2685043433985347,5.5940415053803685,
-0.18831333488774885,5.605158425957404,-0.18741146528939834,5.606061974034808,Bostal Curve
-0.24876180023552336,5.585823889962944,-0.24779650019799673,5.586717609955164,Mangoase
-0.15322686982816533,5.562901058511692,-0.1518320304942799,5.5638197413120505,Agus
-0.2910614093576797,5.635465329783114,-0.2901948909785397,5.6363731700284765,Junction
-0.19419881290828914,5.573443523179078,-0.19329698726845168,5.574347076813181,GBC First
-0.21220187133015664,5.6404725172277885,-0.21129992884553164,5.641376082764388,1st Curve
-0.44909845536391063,5.504837827464769,-0.44819654479674625,5.505741572527722,Wigger
-0.27387528355127094,5.625806493423699,-0.2729733166205253,5.626710106568535,Pentecost University bus stop
-0.37843666298435674,5.548336453466913,-0.3775347371807845,5.5492401465254835,Bachigan
-0.29851910363363204,5.639842884366631,-0.29761709653663226,5.6407465156255965,Washing Base
-0.4071157366227551,5.5360074722846715,-0.4058446632694047,5.537335127620928,Washing Bay
-0.21224319523875573,5.541035515687269,-0.21134140493681577,5.541939084305043,Atta Quarshie
-0.20827604121000579,5.65614613149867,-0.2071454101371451,5.657766344444834,Clinic
-0.1498554869614387,5.562169040395557,-0.1489537132180711,5.563072559596694,Maami
-0.24818140006627462,5.6902847670015975,-0.24727250032330086,5.6911600328857235,Kwabenya
-0.2378293515629047,5.5882478933936275,-0.23569278719606138,5.590109617920536,Adodo
-0.31533528862663435,5.612225577660562,-0.3144333115425436,5.613129222331712,Agape Stop
-0.24595396476750517,5.570320073022566,-0.24501573518550002,5.5716334268955094,Accra Academy
-0.17791205403397106,5.6353108304848005,-0.17701014614386484,5.636214369507362,Legon Second Gate
-0.24083221337158472,5.6805333068387815,-0.23993018680235334,5.68143689315336,Emmanuel
-0.2313384109848067,5.552105408499374,-0.23043658918957724,5.553008991492935,Estate
-0.25213355914350183,5.604771901351434,-0.25123164102963735,5.605675498640818,Abrantie
-0.179891007649255,5.573850728766141,-0.17898919252838494,5.574754271226109,Aquinas
-0.2528343361474151,5.592505156024339,-0.2518099639761603,5.593879543671927,Alafia
-0.2367802783586706,5.582074665594785,-0.23587162190357056,5.583135434418872,Awonye
-0.22360630837022785,5.575778550208039,-0.22262489194381235,5.576724849635838,Ghana commercial bank
-0.16128124501129346,5.6320594369616845,-0.1603793551675853,5.632962963030471,Green House
-0.2311999590368946,5.580881903769003,-0.22950830351764523,5.583242044657936,Green Hand
-0.21902447264536187,5.6203111002067025,-0.21798282744997297,5.621360399741811,Achimota Forest
-0.20597346338033612,5.661182930282098,-0.20465487951965786,5.662768372105467,Barrier
-0.273708093525814,5.561437393751907,-0.27245867845312394,5.5646568706223345,SSNIT Flats
-0.2563376132152201,5.6001870040550505,-0.2550765879796186,5.602008595895369,Mampong
-0.2331507278946383,5.61027578500942,-0.23086128414738863,5.612011709804518,Akweteyman
-0.2341765616390154,5.616939208403273,-0.23327463853526695,5.617842791588946,Cemetry Junction
-0.24284956303143912,5.528328413586261,-0.24190523365028194,5.530106537499373,Extra O
-0.2091004664895066,5.653432471146836,-0.2079092842176909,5.655298463291941,Communication
-0.18149076867741853,5.590737407895662,-0.18017163075133014,5.59237069214378,37
-0.42400346309437764,5.526864936719154,-0.4231015370678811,5.527768663273297,Melcom
-0.2717974058976338,5.666897940256319,-0.26999299612377975,5.669546959946196,John Teye
-0.27574016631771514,5.645838946904418,-0.27479133381975596,5.647023752931484,Top Hill
-0.2615021379707169,5.611762835460589,-0.2605485619962367,5.613102464425606,Tabora Number 6
-0.2509163912578369,5.5257342114642345,-0.2500119089056015,5.526704388560754,Chokor/ Chemuna
-0.1770356337274356,5.609375030427984,-0.17613376645042528,5.6102785695642154,Airport Second
-0.18345040553151615,5.615722608205367,-0.18148985300018886,5.617399555235372,Container First
-0.15065568268876484,5.57221831812374,-0.1491049256089114,5.5735574632073925,Kpogas
-0.25462491346224037,5.543668899468403,-0.2537230867106714,5.54457250052393,Borla
-0.39221384182896313,5.513813447947602,-0.3913119583352761,5.514717152044849,Roundabout
-0.26315152913074896,5.598871230517171,-0.260628069880058,5.601742569059601,Hong Kong
-0.2098730746087059,5.638532144920856,-0.2080473307555171,5.639850952321169,Forestry Commission
-0.23426242813235557,5.69167462016064,-0.2332618722586015,5.6925832798052065,Lotto kiosk
-0.1558544274778446,5.556857534249969,-0.15493477264181607,5.557909265841183,Court
-0.26913673981084435,5.571074994376177,-0.2682348603611881,5.571978605616129,All Days
-0.22912074543137353,5.598351510058235,-0.22821885474320505,5.59925508993401,Abrantie
-0.4254227672596648,5.531699336285625,-0.42452083290250875,5.532603063706821,Walantu Junction
-0.2005759013718216,5.555050420420123,-0.1996740988044991,5.555953979572165,Children's Park First
-0.24526205428482167,5.55727998064499,-0.2430265834844792,5.558767272482333,Block Factory junction
-0.24033417779574803,5.579843228031902,-0.23852966013415866,5.581837660726129,Bubuashie
-0.23658142943355726,5.573696106817789,-0.2356795707405209,5.574599693174492,Presby Junction
-0.1948498758335198,5.564083653034855,-0.1935495242101022,5.565376646790153,ADB House
-0.4097821862769911,5.535330338091647,-0.408331214035205,5.53659176151007,Quaters
-0.28610350095913095,5.630351069670156,-0.284610512404309,5.631773569869886,Mambo
-0.19796751186035147,5.573350124597432,-0.19705878855167133,5.57457877540488,Mobil / Kanda Overhead
-0.2732373420537349,5.571985292838424,-0.27233545811804144,5.5728889071538825,Tantua School
-0.27447764647422845,5.600934412445042,-0.27335165401058353,5.602087587615163,Video Junction
-0.2558384114838152,5.569793650796995,-0.25492198875152045,5.570835849046409,Dansoman Asoredanho
-0.1830402752029584,5.550284364144143,-0.18177652536472597,5.551251735960176,Anoorhor
-0.2912985047501949,5.6447871871516595,-0.2903964954205304,5.6456908128405585,Abe Asi
-0.28689025225186165,5.69582362533717,-0.28599594805313466,5.696800474464265,Pokuase Agric
-0.2007048873830265,5.666951222091783,-0.1998029127934142,5.667854777900351,Fidelity
-0.3351261640910367,5.570605769681594,-0.3342242360768525,5.571509430310746,Weija Market
-0.2622512251225529,5.621835764544572,-0.26132327509205727,5.622940735523264,Star Junction
-0.254443044210212,5.558581187248763,-0.25327359448745623,5.559597918315345,Mars Junction
-0.27449579109141276,5.63528309333549,-0.2735938090803558,5.636186706656731,Stelee Drug store
-0.274103249337074,5.527206051175018,-0.2732011508332306,5.5281316488088,Mamponse
-0.23374867883752093,5.546798263592928,-0.23267222114274697,5.547725536429803,Flat
-0.3892089408709107,5.51398164903744,-0.38830705929351783,5.514885350955004,Second Roundabout
-0.25511089978122853,5.525366599005565,-0.25420910039163275,5.526270200986796,Curve Shiabu
-0.2718334221660223,5.5700839498590025,-0.27078637849261705,5.571297650075519,Dela
-0.26176362723297497,5.5582266969759155,-0.26086177293950447,5.559130303016401,MTN
-0.33071043342384643,5.550278451646123,-0.3288005954333295,5.55159919291003,Weija Barrier
-0.23156645111934065,5.597853832185687,-0.23008984882448735,5.5988880677816715,Tesano Gardens
-0.21094179941807442,5.547204316284263,-0.21004000075758228,5.548107883708042,Metro Mass Transport Terminal
-0.21388170856212657,5.5577429153083475,-0.21297989161336073,5.558646484683943,Efex Executive
-0.2012834174718003,5.575823320462567,-0.20038158270449768,5.576726879529694,Nima School Junction
-0.17412134691065118,5.6279938318561875,-0.1732194532674146,5.628897368135984,Block Factory
-0.277127509393375,5.657670892688006,-0.2762254907782545,5.658574507304185,1st Power
-0.20650282730363972,5.586048518595386,-0.2056009728723447,5.586952081396863,Curve
-0.2865932603277131,5.648438780070144,-0.2856007398633099,5.649694519639143,Chairman
-0.20734835281629127,5.658454255439234,-0.2061886470717937,5.659687144524485,Allied fuel station
-0.27557615141864683,5.584048567806903,-0.2730025816871635,5.5854108822176025,Awoshie Baahyard
-0.2151306076035417,5.553708746504705,-0.21365160782173517,5.555791130263158,First Gate
-0.27018090573777404,5.612649860744229,-0.26868306108517725,5.613780911284802,Phobia Junction
-0.26779065662529905,5.589240839944085,-0.2665816434710278,5.590265560172751,Kwashieman School Junction
-0.24494625013435184,5.581502318480271,-0.24222739257644993,5.582489698786025,Datus
-0.1794143657497203,5.649716330119939,-0.17851243442803993,5.650619869872205,Legon Station
-0.23845179543683462,5.564383677540796,-0.23663490523685224,5.567118416996156,Mallam Station
-0.24296957450292916,5.564897184269268,-0.24158252481375697,5.566663215775822,Central University
-0.15297087727747682,5.57595129567134,-0.15180942328577957,5.57690520436503,Palm Wine
-0.25829803710234567,5.572904898516712,-0.2573961630703707,5.573808501475586,Lotto Kiosk
-0.23852513781552792,5.5836983062262675,-0.23762326235844183,5.584601893766,Asoredanho
-0.20241820048538445,5.552946019673159,-0.20151639969081644,5.553849580319135,Novotel
-0.22557375731906976,5.615610411687326,-0.22467184285575093,5.616513988304894,Abofu Market
-0.3655023947969357,5.725198960915079,-0.3646002053692188,5.726102639077072,Estate
-0.20568472126755763,5.640932478671927,-0.20467627867416155,5.641990421347289,GIMPA
-0.19769755153770144,5.585688894417258,-0.19667854861825065,5.58670340551621,Alaska
-0.29708702401973264,5.606929086424583,-0.2960190755201031,5.608240113667811,Anyah Last Stop
-0.18923211086096955,5.605959180473332,-0.18829088951932246,5.606850219446832,Bostal
-0.2181377506950898,5.610711414476503,-0.2172358494801898,5.611614985515719,Dua Ase
-0.2457029238522938,5.537503611898372,-0.24459987585266943,5.538766088146877,Clinic
-0.21864304544873436,5.607371316241371,-0.21762152046633837,5.608435942747135,Abelenkpe
-0.25483710758242073,5.535808799268193,-0.2539352925904701,5.536712400724153,Bank
-0.17316268978043375,5.553840831095058,-0.17226091039760277,5.554744368897218,KIngdom Bookshop
-0.20051532043309006,5.569880415727459,-0.19909757936218278,5.571393384136801,Sunny FM
-0.16835588786055053,5.555466782462986,-0.16733031178138674,5.556678317623703,Curve
-0.19997713031436623,5.55620618122796,-0.19800105523316225,5.558453633379476,Children's Park Second
-0.1942861126964439,5.595235449446052,-0.19333558742056586,5.596172750608264,Konka Curve
-0.17231178285043489,5.5543000403300535,-0.17035021757718577,5.555272959329493,Ako Adjei
-0.23623714567695933,5.59837623332798,-0.2343528999762293,5.599649355330801,PnP Junction
-0.18448739798854305,5.5588198267407565,-0.18358560218878847,5.559723373251516,Presby
-0.2368170461033762,5.583351052330841,-0.23585028191858187,5.584503184999339,Good Shepherd
-0.21094475039467667,5.646859897600922,-0.21000364988097722,5.647961202128823,Blue Kiosk
-0.3909787199154633,5.542569231404016,-0.3893457829043991,5.54382360539396,Kalabule
-0.20499862709271763,5.562030836916106,-0.20408457301042304,5.563064163168793,Mental
-0.21062279018740118,5.584759795375922,-0.20915070151631024,5.5867412507397605,Olympic junction
-0.37531106270418885,5.549461254620994,-0.3744091374611532,5.550364945371398,ECG
-0.3830026595233618,5.541596951705907,-0.3821007406414848,5.5425006482865,Frimps
-0.24806418348261727,5.530752025080343,-0.24716341664113164,5.5316909749497505,JB Spot
-0.24314866087119458,5.602193054771357,-0.24115019433675955,5.6036291701771255,Fadama Junction
-0.2510419752460153,5.625414151472723,-0.24979525692818738,5.626849209868191,Mile 7 T-Junction
-0.22746529116052971,5.574429481731977,-0.22653320906957844,5.575523218072532,Azumah Nelson Complex
-0.17782605552162492,5.637282130548918,-0.17692414465622108,5.638185669443242,Okponglo Second Gate
-0.23704119767722703,5.667222913403998,-0.23603060250738217,5.668222786517651,School Junction
-0.2119519458846065,5.60950165567643,-0.21048865441531972,5.610683744499933,Abelenkpe Junction
-0.23304761157248174,5.5621971745087055,-0.23130653302514512,5.563844086123143,Pamprom
-0.2059347910986503,5.6691302200975,-0.20503280907746566,5.670033779894636,Pentecost
-0.2618649230474327,5.5305514223886725,-0.26080197686201834,5.531477477653377,Karikari
-0.19311656864502957,5.572561467977463,-0.1917618321115098,5.573956032176686,GBC
-0.27623905136991767,5.605297168222834,-0.2752638484777435,5.606191531838175,Santa Maria
-0.21446844063989595,5.615292428992805,-0.21143556038125977,5.61621467182768,CP
-0.2653374253741788,5.5369470365712985,-0.2637958833202738,5.538438199286629,Exhibition (Dansoman)
-0.23797432700181106,5.5698098062247885,-0.23707247317217758,5.570713393767501,Mighty Power
-0.22249290837922814,5.594735055869348,-0.22151259214764568,5.596178744219879,CAT
-0.1559388774543447,5.629211204772441,-0.154378922651334,5.630678094869951,Flower Pot
-0.2762777843719399,5.727992020360078,-0.2752787152410228,5.729176379729646,Okaiman Junction
-0.21881054246242643,5.5996458140469185,-0.2179086577127984,5.600549385945318,Alajo
-0.27443157414951924,5.613314593020907,-0.27352962602222963,5.614218206971342,Pentecost
-0.2404666267910396,5.539950651735478,-0.23885870909957407,5.542065732158298,Salvation Army
-0.272680597152385,5.658402247018376,-0.2707658995445916,5.659396159125642,Phobia
-0.16359486733223552,5.58689829356642,-0.1614713337278691,5.588650006832028,Congo Junction
-0.29856878823906136,5.630239092217547,-0.2976609113323776,5.6319260077585405,Ice water junction
-0.23669746152602855,5.6155379074153045,-0.2357955386480915,5.616441492576921,Living God Junction
-0.2000540931796998,5.549516469349265,-0.1991276071862796,5.55040943045959,Novotel
-0.2140420394418716,5.598101715863778,-0.21314016073365233,5.599005284128459,Merciful Hotel
-0.26103725998444866,5.588347423376911,-0.2601415400605308,5.589319076696535,Market
-0.23946573432945364,5.578665405789116,-0.23856386584445233,5.57956899420316,Obeyeyie
-0.20574150543979072,5.579812237330599,-0.2041385948861732,5.5807590624497525,Commandos
-0.22457819091435235,5.606628875785609,-0.2230874350705661,5.608356781967204,Achimota Junction
-0.21558081844455682,5.569858314836984,-0.2146789817308386,5.570761885155293,"Accra, Circle"
-0.42242545824874816,5.521201437197189,-0.4215235419136041,5.522105162795266,Blue Top
-0.20318203009620306,5.59356454024083,-0.20202676962843685,5.594870259778258,Abavana
-0.2576305487807582,5.606920930358824,-0.25643795171472267,5.607869269711079,Lapaz Market
-0.2878452944941362,5.63318228827008,-0.2869433056767908,5.63408591172215,Mensah Addo Transfomer
-0.15190508888973894,5.563640139608269,-0.15100331128964625,5.56454366038398,Auntie Otsoo
-0.2690242187519537,5.590765307703056,-0.266428177340092,5.594609184296077,Kwashieman Junction
-0.2322498319156469,5.579119108561866,-0.23134796825871012,5.5800226914304085,Prince of peace
-0.2812891476805923,5.637380846293282,-0.2800405289070835,5.638742087765411,Capital Hill
-0.21875358033787304,5.587494186325903,-0.21665423499294975,5.5915160573738625,Alajo
-0.17857333000344988,5.603740829739613,-0.17767147017430787,5.604644370252596,Airport Second
-0.18459411359283306,5.615026186389724,-0.1837079867072035,5.615960413469091,School Junction
-0.21023854752281362,5.544548576963115,-0.20625885621124615,5.546668525224511,Accra Rawlings Park
-0.255200904804597,5.554186134935733,-0.254185695769599,5.555711365180274,Russia Station
-0.43022574838202954,5.504446134159765,-0.42932385177981325,5.505349865832719,Obroni Junction
-0.31091905958998173,5.617276710796132,-0.3100158406476743,5.618283189201367,Offtown
-0.3118182672709915,5.725210630332216,-0.3106637333297662,5.726169669689836,Sarpeiman
-0.2780833163430181,5.640199988419222,-0.27710148357051373,5.6412343116155474,Block Factory
-0.16857272566140794,5.586710075273168,-0.16713917491587116,5.587823924149155,Home Touch
-0.2548753351366625,5.572031599805434,-0.2539734650362658,5.572935200186862,Curve
-0.21929215259766838,5.612609414060496,-0.21839024757754083,5.613512985931725,Village Inn
-0.259709552065524,5.591783398269252,-0.258807648107124,5.5926870017230215,Blue Kiosk
-0.1758079104105872,5.579556730451235,-0.17490608976731406,5.580460269541003,GIS Curve
-0.21962413265933717,5.563961409634496,-0.21841546024297306,5.566735490201635,
-0.2556697429870213,5.549295386207738,-0.2543506572853934,5.550494613485717,Akoo Store
-0.20227764724008854,5.572401900448679,-0.20092435304682363,5.573621699216068,Kanda
-0.20384273144861553,5.59281001972993,-0.20294086872754144,5.593713580262306,Vulcanizer
-0.29655211042938023,5.637335234177548,-0.2955719900566425,5.638231365734804,School Junction (Omanjor)
-0.2589633878845811,5.566139842559698,-0.2577936122011064,5.56730405732019,Wesley Grammar
-0.20834567051226396,5.5772202805877775,-0.2071403292500725,5.578557419397394,Obour Ba
-0.2218955322335088,5.584734812629162,-0.22099366794150788,5.585638387363096,New Melcom
-0.23937544386357265,5.5712016987475375,-0.23809473523085933,5.5725474907181045,Bishop
-0.3299728536718792,5.608755660140299,-0.3290479462681733,5.609641039930058,Agape Main Station
-0.25315146499092495,5.652402674179468,-0.25205303579953786,5.653744025760958,Junction
-0.29079170956935463,5.645701061388917,-0.28851693491146657,5.64753584539689,Curve
-0.1856135059329322,5.614422483388296,-0.18457719407239082,5.6153393166353665,Nyaho
-0.18486583310295876,5.551707225745036,-0.18290862171173838,5.555413998231967,Osu
-0.2947224838347732,5.615993685421774,-0.2938205163357046,5.616897314570486,Nsunfa
-0.23754257190208586,5.585594114515407,-0.23645922883891418,5.586890285425494,washing bay
-0.1478830541860808,5.5687067831459,-0.14695344585244755,5.569914316774557,Trade Fair
-0.25134306212271157,5.609044501718381,-0.2504411380504818,5.609948098273859,Lapaz Last stop
-0.26067454546124347,5.562230984916419,-0.25973725504850564,5.563618215121738,Abomatte
-0.2186802676052882,5.631153917220955,-0.21753463233253956,5.632353482732741,Polo
-0.21059909527225218,5.576477877185867,-0.20929470539114745,5.577472522929298,Challenge
-0.206160978726609,5.557164675672751,-0.20513022131452577,5.558626224050526,Tigo Office
-0.19763302006121858,5.58106672196036,-0.19673118011531496,5.581970278031889,Curve
-0.24205734415933605,5.590228504974627,-0.2411554560144206,5.591132095017638,Ziggy
-0.2645076372324994,5.6086093304331985,-0.2636026629270916,5.6095836695948,Container Race Course
-0.2471163645902115,5.614350403412268,-0.24621443558325296,5.6152539965799635,Links Garden
-0.1830114806766468,5.56572331103444,-0.1792882825663964,5.5680720881535155,Danquah First
-0.20764238404050822,5.54739209608663,-0.19961926141854594,5.551689609540406,Accra New Tema Station
-0.26340634494685544,5.654127356434701,-0.2607278572006576,5.656752144196478,Income Tax
-0.2869112929650778,5.709534487196258,-0.2858213065961378,5.710849912883479,Afiaman Pamprom
-0.245921026033827,5.607290083730711,-0.2446220415152353,5.608714714225719,Mamobi Station
-0.32495915612797166,5.631815526573091,-0.3239879441023277,5.6327215734318035,Block Factory
-0.23707851421579443,5.570935520300879,-0.23580998586392932,5.572184279525274,Cocoa Clinic
-0.26464373910142525,5.572372896098832,-0.26374186107089276,5.573276503893468,Saint Anthony
-0.24192257999591132,5.636922705744995,-0.2410206201779066,5.6378262942471995,Achimota Mall
-0.29851479943149173,5.634400984284111,-0.29761280073876617,5.63530461570812,Junction
-0.12424940259807139,5.5680968599632035,-0.123290097574368,5.569296639826516,Second Gate
-0.22585101367068494,5.558404810704162,-0.22494918650404963,5.55930838928814,Rana motors
-0.2900003078885534,5.56366033064496,-0.2887894925621213,5.5646023694421825,Benjy's Lodge
-0.17667526175690398,5.584690521331192,-0.17574503848627568,5.5857760784647725,Post Office
-0.20379824933731633,5.616146720105832,-0.20289635083887123,5.617050279886375,Abase
-0.1902057983956578,5.601540967490732,-0.18910280171171331,5.602465032487065,Jack and Jill
-0.25805212650236514,5.56715646785111,-0.2561130742934773,5.568463531203305,Asoredanho Curve
-0.2837295760910351,5.611284589481486,-0.2828276240801276,5.612188210510769,Junction
-0.27424868989886214,5.633858193406865,-0.27334671027292184,5.634761806585357,Wele Junction
-0.4481951980327463,5.5044820012135025,-0.44685170252193,5.505457498925966,Wigger Curve
-0.2532095594962231,5.604698400940387,-0.2523076406768496,5.605601999051864,
-0.2220541063921906,5.550750712049148,-0.22115229378277595,5.551654287943156,Market
-0.15674584600242825,5.55935244953147,-0.15483852389617786,5.560898764527043,Nmotsaanaa
-0.24440332390726782,5.562527403654171,-0.24350147626630914,5.563430996338133,Mataheko
-0.21215508921674647,5.533134915601348,-0.21125331095881886,5.534038484390977,Lighthouse
-0.20835500112534303,5.550767017339377,-0.2074531990504813,5.5516705826529185,Tudu
-0.21770283772429577,5.582112490644363,-0.2152194304711641,5.585577844384226,Caprice
-0.2811476480727252,5.656515606338781,-0.2791498527079229,5.6578735926959505,Soldier Line
-0.1785506578843608,5.63904362669163,-0.1759407902242587,5.641780933025869,Okponglo
-0.18316407125033682,5.5558172443884235,-0.18185877800589276,5.558814128067615,Osu Shell
-0.269452391105817,5.637769095281774,-0.2685504090662738,5.638672704710442,Yellow House
-0.23607035692107142,5.60985750756819,-0.2351684432530817,5.61076109242404,MTN
-0.2388609616193269,5.575138987119813,-0.23777547812077385,5.576438061016713,Ola Balm
-0.25086118414894526,5.530472419046337,-0.24995831603649346,5.531423380958421,Mamprobi Alhaji Station
-0.2338897183045144,5.690279009650246,-0.2329876818698707,5.691182590341877,K Fori
-0.2385285945874435,5.526852305358812,-0.23762680558645852,5.527755894633537,Tei Abaa
-0.1922714233603781,5.588104524153589,-0.19136957681649966,5.589008075838652,Library
-0.20128367239482764,5.577035046710371,-0.20003805797165516,5.578696684979858,Nima Roundabout
-0.27126324064302176,5.5711127935718,-0.2703613595288783,5.572016406420509,Blue Lagoon
-0.17704354988736998,5.63037403074847,-0.17614165029051754,5.631277569243703,Standard Board
-0.2676088474916052,5.581892395120375,-0.2667069526805342,5.5827960048719145,Water Works (Odorkor)
-0.22492835835954442,5.6172858119614535,-0.22402644181531867,5.618189388030765,Presby School
-0.23853584240491552,5.608583945446794,-0.23692459065820434,5.6099912566060155,Flat Top
-0.22988355203418762,5.5857507014990535,-0.228284734483311,5.586892063018885,Light House
-0.1536345237151994,5.5609072040082275,-0.15266327649667694,5.5618729960290905,Police Station La
-0.27163610856417625,5.528703992785134,-0.27073429160765106,5.529607607207233,Academy
-0.1221482037567695,5.594362448809846,-0.1212458965386698,5.595421451183554,Junction
-0.385620562989123,5.544915150806788,-0.38471863717556265,5.545818849185616,Chinese
-0.25582111454915474,5.545249854907375,-0.2547907440521731,5.5474532199423425,J&J
-0.18354314198778338,5.58718573221995,-0.18217495842554296,5.58835186735409,37 Hospital
-0.2357134969783527,5.531433506506807,-0.23481170319573336,5.532337093485532,Market
-0.2270866790567504,5.607402003744195,-0.2259514219778262,5.609450796437453,Total
-0.26833582966648994,5.578353940414793,-0.2668687224007153,5.579546553517354,Busia Junction
-0.2240410870822506,5.654947512884995,-0.22313911309271436,5.65585108710717,Oman Junction Bus Station
-0.32290313558581385,5.552589520636896,-0.3218876641517496,5.553735079425379,Modex
-0.19524962157995915,5.581541035595399,-0.19393647804017805,5.583055364385567,Nima Junction
-0.19668244297312953,5.613119027069479,-0.19536305718318334,5.614375072687598,Presby
-0.2344418361848468,5.583608007789633,-0.23353996398937976,5.584511592202635,Swanlake Last Stop
-0.2518520438979051,5.555951578893123,-0.2506035563676471,5.556864720986769,Russia
-0.19782833404502545,5.5992403221630624,-0.19692646613151735,5.600143877829164,First Total
-0.3619186821654818,5.710740461998479,-0.36101651800088086,5.711644137993689,Kwashiekuma
-0.24428911322630764,5.548540103484682,-0.2433872869472594,5.549443696507638,Transformer
-0.25025558288058514,5.641788562549199,-0.24889543102246106,5.643094298219709,Champion
-0.2835795937305334,5.634269789892427,-0.2826776064406645,5.635173410099799,Lomnava Junction
-0.1887758340136214,5.603784625755987,-0.18787396616349578,5.604688174236227,Asaviola
-0.24526027122299773,5.542481268369273,-0.24435362872125582,5.5434123316844275,Premier
-0.2495430074170475,5.538246601322437,-0.24864119275617946,5.539150198669904,St.Marys
-0.22532937245339887,5.6436556272817295,-0.22392502806306105,5.644933372905476,Koforidua House
-0.2569662133784586,5.542386698557969,-0.2560643867943057,5.543290301434369,Mango Down
-0.27871879616622414,5.722230083964893,-0.2778293038611001,5.723173016099573,Osofo Ama
-0.1979862590837457,5.598630772884353,-0.19551358367321495,5.601682779262661,Pig Farm Junction
-0.23121442088598504,5.565179808746302,-0.23031257928842097,5.566083391245988,Pamprom
-0.24941779830062663,5.544750609319488,-0.2481852330837617,5.545752196693045,Soko Junction
-0.42557254688532475,5.504657835822703,-0.4246706532768119,5.505561564169778,Ecowas
-0.18993802583925906,5.592744629184849,-0.188965374975428,5.594496970877251,Kaukudi
-0.2731360586296475,5.598144902765601,-0.27162784244582244,5.599810797424568,Santa Maria Blue Kiosk
-0.17311811185452003,5.63238468096704,-0.17208258786783157,5.634171918821083,Puplampu
-0.2095356051870295,5.555510416954698,-0.2086337949887274,5.556413983037593,Starlite
-0.24082500714207328,5.672522906716859,-0.23992299303185421,5.673426493275294,Stores
-0.22025019960957423,5.5734399080925,-0.21904720087123972,5.574717891851508,OA Travel and Tours
-0.13941639247510434,5.574814044721795,-0.13851460770507648,5.57571755527043,Container
-0.26840312955726936,5.560192497094379,-0.2671896707772231,5.561108603011438,Mt Olivet
-0.25741279057074085,5.55777576173839,-0.25648970964924434,5.558843738101641,Slow Down
-0.2378129401852855,5.65741862215825,-0.23692706014445486,5.658380377610778,Born Again
-0.2292520217033195,5.56723960953145,-0.22835017847121228,5.5681431904608365,School Junction
-0.23809706392086982,5.599144382103311,-0.23642240761551417,5.600302553500243,Adom Junction
-0.25620897325259473,5.558233052219941,-0.25493342698848986,5.559155647665765,Okwahu Motors
-0.2406371338570993,5.550404827096433,-0.23969106636917895,5.551537172677632,Black Smith
-0.251611787288638,5.573737802510445,-0.24814068415157572,5.576128465875913,Atico
-0.4247415685007721,5.533664529098613,-0.4233806943225398,5.535235464171935,Kasoa
-0.23376944089728116,5.574239396538659,-0.23253915968890043,5.575491903568608,Presby
-0.23331917152906287,5.587076487470034,-0.23227942864141057,5.588074012613477,Old Stop
-0.17542125916492343,5.6193267265433695,-0.17230332126169975,5.622471991195941,Accra Mall Roundabout
-0.25131303746575384,5.633728854191891,-0.25037956284273927,5.634907545864817,Roman
-0.2657609245772049,5.532009186516127,-0.26479357599312175,5.533493513553212,Kofi ne Ama
-0.20882641901006463,5.574016017511565,-0.20792458116575704,5.5749195824807,PIWC Accra
-0.23046640922996608,5.5502358088057395,-0.22956459094447115,5.551139391186569,
-0.2290371762851787,5.6470079240611435,-0.22800982415510118,5.648075875936694,Transformer
-0.2126024608962185,5.548264225120848,-0.21018035718090228,5.550040482377118,Accra
-0.2555307300176669,5.575663679235548,-0.2539982463912501,5.578053073208304,Darkuman Junction
-0.27884390501217754,5.520413089936105,-0.27794209515918944,5.521316710056275,Transformer
-0.2656227795937378,5.5347845308216055,-0.26468342086590585,5.536121169223537,Seven Great
-0.2098631558630387,5.651139250244187,-0.20889194407374415,5.652556149613853,Sign board
-0.2897302800947089,5.630605240349129,-0.2886661198034824,5.631531759693478,Block factory Sowutuom
-0.25561463133575707,5.531300430323031,-0.2545710685156324,5.532221469734018,Agege
-0.2727925328464427,5.650735664587078,-0.2717152671956735,5.651831835362493,Seven Days
-0.231631668322733,5.683559896949958,-0.23067463206247713,5.6844648028296785,Brigde
-0.19037803486485105,5.6422573858928615,-0.18756656590375753,5.644212912721115,Legon Primary School
-0.2986480903181619,5.622511284050647,-0.2977461098520757,5.623414915941606,Fan milk junction
-0.2041330287659878,5.601817001285818,-0.20270809144373642,5.605589291247524,Ebony
-0.24417529636500307,5.526352603191184,-0.2432735038085444,5.527256196801168,Alomo Junction
-0.168042494353617,5.555934592828317,-0.1642402410268196,5.557869801994903,Polyclinic
-0.2593451855731058,5.606620438095529,-0.2581767154352219,5.6076470645777565,Tabora Number 3
-0.21110507590144822,5.535953177922091,-0.2098203392657071,5.537545385199139,One Way
-0.1885604171821902,5.575754120885487,-0.18749578317759852,5.576820279169569,Flagstaff House
-0.17693575873981301,5.6192653385581455,-0.17572173063232227,5.6209434416553465,Spanner
-0.19315511853019932,5.586288750499921,-0.19203968181446504,5.58731514925173,Kanda Masalaachi
-0.18242149856455434,5.560634727575274,-0.18151970161291062,5.561538272416997,Frankies
-0.36706902072933195,5.497915556844424,-0.36616717943647137,5.4988192431480325,Kokrobite
-0.41871985754335184,5.505122742556504,-0.4177360429097672,5.506519757532393,Adade Junction
-0.24695071223856627,5.546207401938814,-0.24332855882586715,5.548346913125284,School Junction
-0.4378164719756963,5.532109831877564,-0.43691452818570087,5.533013568114884,C.P. Junction
-0.2482012954272274,5.5655868355204765,-0.24691300494440455,5.566506664616597,Peace Clinic
-0.21720570837479933,5.593584160547496,-0.21628069167916233,5.594496839511182,Filling Station
-0.2347057561433387,5.527495511663686,-0.23220242989916617,5.528778281259331,Hotel Junction
-0.21794272636352832,5.579043314065849,-0.21704087381172718,5.579946885926415,Traffic Light
-0.2520730758087533,5.626476901708743,-0.2511711243644155,5.627380498283477,T-Junction
-0.4513456565872202,5.5054089266787996,-0.4504437435732968,5.506312673313694,Mr Man Junction
-0.23114502749752866,5.573886208905934,-0.23024317267689237,5.574789791086345,Kaneshie Polyclinic
-0.2892485951697927,5.633375487745437,-0.2883466050010475,5.634279112246794,Curve Omanjor
-0.26506782450748567,5.547924953947944,-0.26409157596918303,5.548819745962692,Emmanuel Presby
-0.30313665556159897,5.704473583643647,-0.30223454460844795,5.705377216348496,Amasaman
-0.2020530054214887,5.559621819916561,-0.20115119475474377,5.5605253800757195,Accra High
-0.20143991053010551,5.553429163663767,-0.19937439083870295,5.55472093687396,National Theatre
-0.24056564431782992,5.58256790954025,-0.23942720271225373,5.58391906371636,Ayigbe town
-0.2531427630460294,5.609355601037443,-0.2522408371270527,5.610259198954801,Lapaz Masalaashie
-0.262326469176588,5.618652019268932,-0.2613908310640555,5.619791480804707,Tabora Junction
-0.21250613873112592,5.577056129162111,-0.21159686152056545,5.578071470686076,Fidelity
-0.22694698072549815,5.54258703813964,-0.22589271951163165,5.543608161724552,Mortuary
-0.23748562547026444,5.568045906385037,-0.2365837747037528,5.568949493607255,Ekutu Junction
-0.17720718931110527,5.626874806139458,-0.17538565102136933,5.628855647246591,Shiashie
-0.2489803458522715,5.621953729880503,-0.24799725435691608,5.6229285701617,Family Life
-0.1420727014568985,5.58519674382751,-0.1411708987231284,5.586100256164702,Second Juction
-0.22460240915711824,5.553100411103756,-0.22370059101768988,5.554003988888548,SONEF Accra
-0.2151298212141145,5.551951846772021,-0.2135138421132702,5.553507629006391,Accra
-0.28550558852699837,5.650332320649519,-0.2843702121243993,5.6515774793719755,Jojo Water
-0.2422671880550293,5.587728403632489,-0.23972715903052078,5.589465355091974,Demod
-0.23826358702306488,5.647827507314033,-0.23736161315099805,5.648731092678149,Dome
-0.20406422345950623,5.582253719482304,-0.20316237671662643,5.583157280509949,Bridge
-0.2853264264052691,5.653896284273742,-0.2843996739260566,5.6548403156688964,Asofan School Juntion
-0.23944334305268536,5.56000358246593,-0.23819478658015233,5.561840470486426,Asoredan ho
-0.20121421738952475,5.573781665880923,-0.20029638288579743,5.5748255339045185,Nima Police Station
-0.20950500998866126,5.6670267057294765,-0.2085568903399268,5.667991694237602,Video Junction
-0.248069316140042,5.5504793020706735,-0.24716748403328967,5.551382897921645,Borla Junction
-0.1886564603277971,5.606756948132611,-0.18695670830188363,5.608861346165432,Bostal Second
-0.24949139666981177,5.623476222970766,-0.2485989032431638,5.624344477088814,Pharmacy
-0.252916297904788,5.654671001823588,-0.2520143022683616,5.655574598168591,Daavi
-0.21289380785692863,5.5573167156835845,-0.21199199231861873,5.558220284308711,Roxy Cinema
-0.2243596229582258,5.571348311475567,-0.22345777721661844,5.572251888516712,TV Africa
-0.18017220704159487,5.572910428641813,-0.17927039313602589,5.57381397135044,Morning Star
-0.22278950776129822,5.6122396182722625,-0.22192329206641384,5.613146281799826,Junction
-0.2808360230972651,5.572093114803014,-0.27830717682123934,5.574377884389954,Mallam Market
-0.22233160545205555,5.641324086637373,-0.22142639472251444,5.642301013386101,Parakuo
-0.1775210091071995,5.615619888746841,-0.1754681204771679,5.617678533414989,Shangrila
-0.18085574617054165,5.569517392188874,-0.17985445344645085,5.571361207660181,Prisons
-0.19473165286579786,5.59925330358147,-0.19376744739548687,5.600221796429188,Power House
-0.3259577895750473,5.608332273653912,-0.3250558105934591,5.609235926338373,Jericho
-0.25403022131350567,5.569459077505552,-0.25314587915227776,5.570417022332046,1 plus 1
-0.3486518907022289,5.547061258616789,-0.34770080951303645,5.548225041475386,Bortianor
-0.20815067011356658,5.586288359481329,-0.20707906272092297,5.587440536506205,Accra New Town (37 Station)
-0.21833046684397522,5.667088962769892,-0.2173589334754617,5.668027637075207,Atomic Barrier
-0.20524730201185876,5.55351401858488,-0.2043454981641638,5.554417581407414,Novotel
-0.31079627268558163,5.722707381068926,-0.309894127484009,5.723611018923194,
-0.19466918501768776,5.666919924436639,-0.19376721515913306,5.6678234755554895,Washing Bay
-0.23125413468717673,5.5349374105897455,-0.22840692985576236,5.53629721191164,Total
-0.18897532683473064,5.594317825532878,-0.18807347334236357,5.595221374459352,Kawukudi
-0.4402124522112044,5.504823930613461,-0.4393105479500109,5.505727669379026,Papa Police / Policeman
-0.2651732131243324,5.540688550005591,-0.2641812871377963,5.541938550116733,Dansoman Market
-0.23666201685093874,5.557140306534205,-0.23576018332311496,5.558043893458103,Abossey Okai
-0.2267205329958988,5.598733241364173,-0.2257462673110664,5.599676858490043,Fitting Shop
-0.18332070350082974,5.58965750118549,-0.18198639727957533,5.59068919893353,37 Military Hospital
-0.22534391455707573,5.529492108642637,-0.22366958547286936,5.530550591255698,Nzunzu
-0.17036031337788513,5.586227832688765,-0.16945848680036607,5.5871313673034635,Night Market
-0.32019384500475856,5.5527916749433555,-0.3192919551640469,5.553695325049,White Cross
-0.2802576298995584,5.68256209189386,-0.279355570271904,5.6834657080983,PokuaseTrain Station bus stop
-0.23689186923834202,5.701174214418746,-0.23498508995656275,5.7027956947541725,Dome /Ashongman Estates
-0.1900492765012416,5.549172641159305,-0.18847932387588054,5.550096758603209,Castle Junction
-0.2751169502517271,5.607661738259591,-0.27416204962989116,5.6086736617909345,Auntie Aku
-0.1999515886674606,5.579563990963345,-0.197340560225506,5.5830705964970635,Nima Station
-0.2873032094335586,5.6466725839487255,-0.28640099055994434,5.647802016041509,Asofan Block Factory
-0.1439022187842464,5.562728562219396,-0.1401955033535993,5.564561555926682,T-Junction
-0.22015091126760467,5.554349004244548,-0.21645268734209777,5.555986382170559,Graphic
-0.23308280753028032,5.589022520872995,-0.2308614047889359,5.591266585235154,Sunlight
-0.24304688249025516,5.594412898125512,-0.24208305270444677,5.595788976454292,North Last Stop
-0.2529352280471104,5.544712200351605,-0.2497527654622045,5.545704992269038,Appiah Danquah/Soko
-0.272035669802082,5.613657406240452,-0.27098443039961223,5.61467059384015,Race Course
-0.24436508091069004,5.565295075406431,-0.24128686464288507,5.570007131179107,First Light
-0.22043990950871944,5.639660834213488,-0.21952319055475478,5.6406988658818165,Cemetary
-0.22813620663240428,5.577685783376713,-0.22723299341403336,5.5786880167104655,Picadilly
-0.19709277538725817,5.55959435038003,-0.19617672447039675,5.560955249584572,Ridge
-0.1983574510328621,5.641054850926198,-0.19699824955172307,5.642028649233033,Legon Barrier
-0.32882591104950054,5.634852172999858,-0.32792388911885373,5.6357558269923915,Paradise
-0.1800573705685727,5.595906084469617,-0.1790611284551615,5.598461715402188,Opeibea First
-0.23513298033701105,5.667199569549852,-0.2339854195394713,5.668154130489128,ECG
-0.33918708524556657,5.546860631651132,-0.3380820152074149,5.547991468399346,SCC
-0.2129966438332816,5.6670473169182225,-0.21137160417720452,5.668006786886859,Capentary Shop
-0.19933793624949384,5.601352221609082,-0.1984360639269577,5.602255778383143,Roman Ridge 2nd
-0.2615963350002967,5.616513734880988,-0.2605893653018248,5.617525465146769,Tabora Lighthouse
-0.19970706849473663,5.616394301479864,-0.19879893152524716,5.617528498495451,GSL
-0.23633049789511076,5.555703331430933,-0.23512260233271348,5.556842568351372,Lamptey Mills Junction
-0.20135192250093523,5.5684010098257515,-0.1999341774319777,5.569843089981821,Accra High School
-0.31745984421617707,5.553088775964382,-0.31655795595280106,5.553992424027975,Tie Top Bus stop
-0.1812793445685692,5.621321728952014,-0.18037745560904014,5.622225271040168,Tullow
-0.1992351271999848,5.589590721468537,-0.19833327297645986,5.5904942785237015,Maamobi
-0.29860279996296846,5.6321222481970485,-0.29762988932836393,5.633663322012783,White House
-0.29850175107543114,5.644724858247358,-0.29756404916603124,5.645871041826853,Dwenewoho Last Stop
-0.24080918803476303,5.546642445001308,-0.23935517499724332,5.549043598075716,Radio Gold
-0.23939393202954848,5.666797405807019,-0.23763083969805132,5.6689777605126705,Atomic Second
-0.278109486510444,5.683530640277907,-0.2768815136788327,5.6846979595131515,ACP Junction
-0.23220729337585297,5.528447207806344,-0.23130550679844908,5.529350792186,Ejas
-0.29048650482627547,5.574738268363503,-0.28899449505112074,5.575792331626633,Mallam
-0.20982890626856274,5.556783516860614,-0.2089270939071769,5.557687083131675,Champion
-0.20285230303411872,5.556077119552466,-0.20195049714205823,5.556980680439819,OXL Junction
-0.2949664751975053,5.604630585155398,-0.2940645249729432,5.6055342148368705,Anyaa
-0.1793691601065831,5.551627972091923,-0.17736196489679198,5.552927493850027,Osu Police Station
-0.245648676871979,5.631030504229873,-0.24474672330159586,5.631934095762331,Masalaashi
-0.25365271059593514,5.540377599788548,-0.25275088957703534,5.541281200203788,Banana Inn Transformer
-0.21243440991893656,5.560259415906005,-0.21153259025664392,5.561162984086282,Market
-0.22986090834734588,5.549379509025268,-0.22895909182712798,5.550283090967042,
-0.2533695964772783,5.535223910135668,-0.25224260375395824,5.536132389784586,Mangoase
-0.18191394929823293,5.627142528793774,-0.18101205087934302,5.628046071198406,
-0.18609985895066575,5.637543927319915,-0.18519794122665975,5.638447472672253,Diaspora
-0.2655609453724359,5.527790798525833,-0.26354472102804055,5.529755352688944,Agege Last Stop
-0.2104446986369288,5.546428216464722,-0.20954290153876248,5.5473317835275795,Accra UTC
-0.19223671868175501,5.568964573223557,-0.1908151801262981,5.571135526966156,Immigration
-0.35634154294335685,5.550391818177435,-0.3552292574589794,5.551381381523843,Mile Eleven
-0.2986337979188225,5.626109685600481,-0.2976183119477695,5.628445579387022,Second Yellow
-0.27418986563749337,5.521192739384063,-0.27289423409499675,5.522629360568197,Glefe Station Last Stop
-0.23200942065891875,5.667177406651094,-0.2309776796557024,5.668157793167575,Kwabenya Police Station
-0.22327398329063036,5.572312298491357,-0.22226571703621462,5.573621901639775,Fan Milk Junction
-0.19903029495087476,5.547388620903617,-0.19812850522553238,5.548292179088677,Agric
-0.27597415053283264,5.581738991953309,-0.2750722496387838,5.582642608038985,Vineyard
-0.20665876701895286,5.571269867647941,-0.20543603298945626,5.572512232236849,Paloma
-0.2624481770795549,5.6230130977093875,-0.26154622309295883,5.623916702282846,Taste
-0.24622202297293655,5.560389502926844,-0.2453201772005227,5.561293097065459,Kembs Hotel
-0.3042951717844319,5.5554698984672335,-0.30203696386334516,5.55690306970018,Weija Junction
-0.2703930061697534,5.526159793216976,-0.26949119400214805,5.52706340677539,Adofo Aman
-0.15741311117953669,5.589996937838179,-0.15651128899953165,5.5909004621540355,Supply Bus Stop
-0.24950516695324573,5.616240702529889,-0.2486032332200712,5.617144297462342,Alhadji No Front
-0.26661666168164866,5.61081390474668,-0.26565173860274766,5.611787695252896,Rasta Junction
-0.24996176773371398,5.617029602367907,-0.24905983243957527,5.617933197624322,Washing Bay
-0.246963882785505,5.630193450528939,-0.2456522177413838,5.631250448984552,Jesus and Mary
-0.15097661389231054,5.5968502404831675,-0.15007478628717216,5.597753759509034,
-0.23796027767100988,5.615293907469071,-0.2370034226264089,5.616228092402725,Akweteyman Zongo
-0.1971540276867913,5.587745176472602,-0.1961359406172628,5.588940573937791,Nima Gutter
-0.21683874833861483,5.608294414940526,-0.21593685183674463,5.609197985051698,Lotto Kiosk Abelenkpe
-0.19011931317339534,5.575868124804484,-0.18921748700360433,5.576771675187768,TV3
-0.23591103313849682,5.58047441125661,-0.2349741673812012,5.581869188780892,Been to
-0.19749041669119952,5.576726521949374,-0.19658858348533734,5.577630078042882,Overhead
-0.21505821134385195,5.598047844622886,-0.2140671888979083,5.599034055415511,Alajo Blue Kiosk
-0.29328367100883407,5.630623378064027,-0.29009887290142866,5.631594888590546,Sowutuom
-0.13125680489245917,5.59528664827645,-0.13035499528825803,5.596190151715745,Curve
-0.15591154775310126,5.5778003991358975,-0.15392885334051404,5.579548601244697,Villas
-0.2660559576077018,5.586363421318006,-0.2649261431663077,5.587703178657093,School junction
-0.2752983133912275,5.602551003013119,-0.27435228654373234,5.603439097062766,Drug store
-0.25829040622156807,5.603251571182447,-0.25727209416429153,5.604164428797463,Tabora Number 1
-0.2440448631024675,5.638334192109887,-0.24168709710396583,5.6403412910988795,St. Johns
-0.21393193355612572,5.574327448970414,-0.2114375156235035,5.577211915926056,Sadisco
-0.1705090596158564,5.6408015668405,-0.1686937584341898,5.642080812847876,Bawaleshie Traffic Light
-0.19939878653056453,5.611131740589195,-0.19699173937826306,5.6129358881097255,Last Chance
-0.251365526924467,5.650744284964383,-0.2503079875395028,5.653108302065601,Taifa Post Office
-0.19577524949441494,5.6404391715216216,-0.19468135060509892,5.641431928585159,18
-0.31488982192657283,5.734834117753679,-0.3133859749693121,5.736687365478741,Pobiman
-0.18587707719775817,5.568686175628081,-0.1842015236483053,5.569742424691224,Fire Service
-0.3378306660009548,5.571802768700969,-0.3369287341667666,5.572706431291368,Weija
-0.21515521502443385,5.565586214936089,-0.21425338515098472,5.566489785056193,Dance Bar
-0.25449166281634633,5.608388900508905,-0.2535897373566489,5.609292499483338,Lapaz Community Hospital
-0.1826436567909154,5.559145522495679,-0.18171564297248696,5.560172277584822,Papaye
-0.24882603135787737,5.531723552345054,-0.24705123163860862,5.53272762689444,USA
-0.2361157679963178,5.571982606623539,-0.23513133229754477,5.573241193493812,Five Five
-0.23385946175215358,5.534187106564731,-0.23228191498207834,5.5352793634411555,Awotsɛ Kojo
-0.17123610678769194,5.577154232206306,-0.17033429339049566,5.578057767785935,Cantonments
-0.2962790228256773,5.6055289865479345,-0.2947072781128391,5.606635913706057,Bethesda Junctiom
-0.2883686436109103,5.566559387050028,-0.2874667565599089,5.56746301294229,McCarthy
-0.2888283409655838,5.692633388823674,-0.2879262592053511,5.693537011168476,Festus
-0.23735922529103878,5.697536408433607,-0.23645717488313778,5.698439991558505,First Junction
-0.29850448403366786,5.6472684288660595,-0.29744419347483153,5.649266295050543,Omanjor
-0.24333052973532765,5.533544000872115,-0.24183693672392542,5.535566364887074,Abodwe
-0.23749929687948054,5.53040090580684,-0.23659750329448853,5.531304494185503,Banku Junction
-0.359408130660285,5.55145709202386,-0.3580464698841142,5.552746408139383,Broadcasting
-0.18671244083363678,5.613712226713306,-0.1858105593436205,5.61461577327889,Car Spot
-0.23378927447244555,5.594965632498363,-0.23273116402725633,5.597092384842398,Second
-0.16950988925352656,5.555028432545893,-0.16860811092474096,5.555931967446377,U Turn
-0.20585470334659692,5.55496061837155,-0.20495289682939247,5.555864181620739,Accra Technical University
-0.3071763514044815,5.6245663189571715,-0.3060693645845019,5.626308381466763,Pentecost Junction
-0.19910745086702164,5.574278610656206,-0.19790494997530567,5.575692189364908,Police Station Kanda
-0.24121627468619186,5.60121253454345,-0.24012972533571797,5.602172165555055,Fadama
-0.25598064921921654,5.589913599658482,-0.2550787509536644,5.590817200333789,Junction
-0.24431321639476003,5.552698003538771,-0.24341138377881003,5.553601596453542,First Junction
-0.2662436393144135,5.571858395484296,-0.265341760857802,5.572762004508006,Masalachi
-0.22635674181719942,5.620463101826674,-0.22297095465903957,5.62237296735882,Achimota New Station
-0.2517610487373683,5.588306140623305,-0.25055251553996466,5.589601161712631,Darkuman
-0.21151661184034792,5.563248216306416,-0.2106147883352936,5.564151783685866,Adabraka Market
-0.21402424397976305,5.535500166342132,-0.2129706564538599,5.536586033679822,Roundabout
-0.20541573356522824,5.666830814638938,-0.2029362027734408,5.667978925103545,Haatso Station
-0.2651356284336141,5.5430896129258524,-0.264132271986925,5.544467387192435,Dansoman Police Station
-0.14311970086150497,5.583876343392454,-0.14221789931845305,5.584779856599757,Junction
-0.1750494092193241,5.578385130730389,-0.17414759095862398,5.5792886692618495,Junction
-0.248393298248578,5.629229103033249,-0.2474345018062143,5.63015899703745,Mile 7 Clinic
-0.13921250821158473,5.563869934742033,-0.1382608918694691,5.565111965114586,Gas
-0.2656796911664672,5.560673357897163,-0.2647671090595082,5.561700641970931,Oxygen (o2)
-0.21638142205108316,5.606950922564271,-0.21479753266959237,5.608186963902393,Abelenkpe Curve
-0.33483912692215295,5.63944796764346,-0.33322607379729446,5.640903832594952,Oduman
-0.284517094668975,5.632902291583879,-0.28318998536343964,5.633911339698342,Mensah Addo
-0.3472843223747347,5.640712866276879,-0.3463822777924665,5.641616533715373,First School Junction
-0.26120779995553434,5.615284007596473,-0.2602560005474408,5.616322592300708,Scorpion
-0.23189403230675598,5.553315938440274,-0.23076376827232992,5.554266961566353,Ayigbe Town
-0.21258899146764637,5.535885215475371,-0.21168720870789526,5.536788784516951,
-0.3452821608137764,5.642644581007627,-0.34416663963262834,5.643613918651525,Junction
-0.3393818201934245,5.641650769202685,-0.33847977997427575,5.642554430789565,Nuumo Tsen
-0.38616515363808623,5.532322750418018,-0.38526324652655275,5.533226449574399,Mountain View Hospital
-0.16090609974408826,5.573233336205653,-0.16000430043474348,5.574136863786586,Wireless Station
-0.3497717225384063,5.639742865347304,-0.34886967762863835,5.640646534644953,Baa Joo Ohe
-0.2867939382442891,5.6901218895496015,-0.2858918619267711,5.69102551044255,Festus
-0.28412875608679466,5.714251890930108,-0.28322664408445974,5.7151555090620105,White House
-0.27372255088853925,5.583315492828304,-0.272820649283219,5.584219107163982,Crossing (Baah yard)
-0.29855713203558576,5.6356244608655,-0.2975762679527251,5.6366366391503835,Fan-Milk
-0.20846346234017196,5.5425237955137385,-0.20657941024999232,5.544089153729563,Metro Mass Transit Limited Station
-0.21333822441782327,5.578818815840186,-0.21243637575771943,5.5797223841520776,NDC
-0.17671841186854523,5.5809995301168085,-0.1758165883093014,5.5819030698754295,GIS
-0.24325951213625543,5.547621903864221,-0.24235768803737526,5.548525496128102,Mangoase
-0.14873582399485644,5.611170641588784,-0.14783397618478328,5.612074158403394,
-0.22904422626044985,5.573320309704185,-0.22814237391410183,5.574223890288096,Bongo bar
-0.3240065064747233,5.631233274730721,-0.32310449369393196,5.632136925261536,Ablekuma CP
-0.12635650373274965,5.596314550243139,-0.1254546964482785,5.597218049749046,Curve
-0.20753599810186665,5.547203117602227,-0.2066342020740055,5.548106682390077,Makola Tudu
-0.22875758734557894,5.578920360129365,-0.22785241285422828,5.5798998398047495,St. Theresa's
-0.24367204403682788,5.589263304342495,-0.24277015613682548,5.590166895649772,Sun Flower Junction
-0.2969758968301779,5.6132742913020595,-0.2957743033997205,5.614358208822675,NIC
-0.366033790573391,5.719563160632525,-0.3651316095927228,5.720466839359635,Sampahman
-0.19936929797082875,5.551191320829831,-0.19846750220556372,5.552094879162458,Ministries
-0.2528773127410479,5.647931588674605,-0.2508072522507268,5.649955961138545,Taifa Junction
-0.2761489876197268,5.612293035694397,-0.2749782488455185,5.6143223981331145,Africa
-0.23705126331259202,5.6467225412989785,-0.2360821371530845,5.648094458783485,Dome Crossing
-0.2167554149512715,5.667050903279503,-0.2152560851939061,5.668035696601888,Rabbit Junction
-0.22631679681638872,5.6191765771725475,-0.2245684038056401,5.620134023160788,Curve
-0.2399438255232235,5.566882905426039,-0.23904197465063518,5.567786494566253,Kaneshie
-0.23408970229649848,5.59736555495685,-0.23258020362184728,5.598889794885158,Total
-0.14532578741954272,5.565118342232145,-0.14442401276025527,5.566021857760099,Green Court
-0.2924072910040687,5.697437474212031,-0.29130460859903395,5.6987433258539895,Fise Junction
-0.25109578255959497,5.635714802223855,-0.2501938176136455,5.63661839776835,Washing Bay/Tantra Hills Estate
-0.2786188634685743,5.597340591193971,-0.27771693670289344,5.598244208798302,A Lang
-0.15218141076063227,5.592141039935071,-0.1512795894187682,5.593044560057136,Burma Camp Last Stop
-0.28902146413365615,5.593104087210842,-0.28811953603715124,5.594007712781445,Calvary
-0.2853235587816578,5.612217407819842,-0.2843445414546274,5.6131946922087135,Antie-Eku Pallas Town
-0.31137600960039913,5.641358879585206,-0.31047399056906044,5.642262520407024,Masalachi
-0.25016865667857824,5.6053699917841975,-0.24593445264853273,5.610114124080622,Abeka Lapaz
-0.22075905954417727,5.620908613622853,-0.2198571406309543,5.621812186369357,Achimota Police Station Curve
-0.2710114348610059,5.563651293553145,-0.2701095653109024,5.564554906439173,Alaba
-0.21194997358645182,5.57794223235362,-0.2092682721776351,5.580128908243404,Mallam Attah
-0.23531776893858677,5.625855908103137,-0.23441583123563273,5.626759491889071,Neoplan
-0.21733403316960245,5.5445155602101845,-0.2149165729462673,5.546215299124062,Arena
-0.26820411647223796,5.611531900831893,-0.267199183724551,5.612810798851374,Gyedu Junction
-0.28749358662983904,5.572345842906375,-0.28632073775871963,5.573832202430258,Masalaachi Mallam
-0.24519009964605193,5.533955163410373,-0.24338486991055136,5.5355360397446915,Methodist
-0.24494231855352386,5.555221903336852,-0.24404048162000785,5.5561254966554605,Libirio
-0.2823814251311344,5.686754219061927,-0.2808923162253959,5.688266119648512,Pokuase Junction
-0.27184630328002884,5.652348994601451,-0.2709442968919278,5.653252605390744,ICGC
-0.19416342741760967,5.640277003361826,-0.19201687332971104,5.641775895612982,Ayido
-0.22603594757568937,5.602691811310813,-0.2251340525990856,5.6035953886814225,Tesano Police Station
-0.14546299353073391,5.573063742299172,-0.14456120664906702,5.57396725769306,Zenith
-0.26259292289491687,5.6246079075954665,-0.2613052163528705,5.627048951501037,Alhaji Curve
-0.27129272454267644,5.561214625640914,-0.27030327551377026,5.562566074151068,Abam Kofi
-0.2531191083360093,5.589843766268343,-0.251537145753055,5.591983881234532,Circle Station
-0.2657337812749504,5.529270671166736,-0.2647809189606334,5.530414328582744,Dansoman Last Stop
-0.2271039389700239,5.64531745422916,-0.22587876161948875,5.646567045875364,Kay Boat
-0.21874775783606273,5.547328281487699,-0.21727789290342692,5.548865147362052,Galloway
-0.2842323592031347,5.654371946938374,-0.2831820410351303,5.655388252926068,Presby
-0.28660853426571525,5.5686508826331975,-0.2850139098198624,5.571431807605119,Mallam Junction
-0.23071394409972232,5.595816609407351,-0.22981205607475114,5.596720190584896,Police Depot
-0.3139037892460215,5.613723778216689,-0.3130018109232487,5.614627421775583,Masalaashi
-0.4200583500224206,5.511426537895737,-0.41915645014006964,5.512330262096734,Mameahorden
-0.1725397145404166,5.586632431840169,-0.1716378856376994,5.58753596815206,El-Wak
-0.24578865171485192,5.598235303671454,-0.2448867484586767,5.599138896320801,Musulley
-0.20860144445097217,5.607369518110002,-0.2076995557249026,5.60827308188222,Railway
-0.2237762446248646,5.536426266450199,-0.22239995584840924,5.5373687337226745,Korle-Bu Barber
-0.4418636840013975,5.505620838509917,-0.4409567159355869,5.506499161539679,Policeman Junction
-0.26785153955550817,5.571377194867591,-0.2669496606166057,5.572280805124711,Bola
-0.24567711859492583,5.684869805054312,-0.24477508157871333,5.685773394937824,Oscar Junction
-0.24364411468639383,5.680843705768326,-0.2427420854873677,5.681747294223812,White House
-0.12867081587382756,5.567092948060611,-0.127253484876217,5.568117252119925,Second Gate
-0.26231775039541105,5.588309297225375,-0.26141584977706905,5.5892129027669055,Odorkor Official Town Junction
-0.2337869361184715,5.5916663153708885,-0.23288006411137696,5.592687884642719,First Junction
-0.17505565618494023,5.629481334486839,-0.17297144482144153,5.630562266032468,Emmanuel Eye Clinic
-0.24099152401955068,5.5643842049869905,-0.24008967615424043,5.5652877950053075,Kant
-0.2163495472917422,5.580119422032327,-0.2153888202576167,5.581822652658653,Caprice Juntion
-0.41932075312539824,5.507578365741724,-0.41828404735526153,5.509053434383215,Washing Bay
-0.27679205317961425,5.616161544897241,-0.2757060475051732,5.617840455259472,Chop Bar
-0.3205863031900203,5.628616675960292,-0.31968429697884676,5.6295203240319625,Bokorbokor
-0.16418038869231757,5.5570379346702286,-0.16327861148628964,5.557941465322036,Jokers
-0.23723369582922238,5.529147505889577,-0.2363319043447653,5.530051094102765,Duanase
-0.22756269171896318,5.5868719383302965,-0.22600165587513416,5.588359249034678,Melcom
-0.23072418430266406,5.648041410208556,-0.2298222158718711,5.648944989783622,Coca Cola
-0.2521516170648038,5.581542465549381,-0.25090621444767347,5.5839077138572755,Masalatsi
-0.23899150104995495,5.665577507310632,-0.23808949912408067,5.666481092681527,Ecobank
-0.23614472628394922,5.576900425491184,-0.23365088392527716,5.579528314938346,Tsofi
-0.22418414751804072,5.55730828248023,-0.22273185303791224,5.5582720177259315,Fatale
-0.3085867091126199,5.642071780636706,-0.30768469105701457,5.642975419355521,Pito Junction
-0.17909072753096428,5.600253529483643,-0.17818887264675823,5.601157070508574,Opeibea Second
-0.2480808466942991,5.535141082961982,-0.24710725362259303,5.536080516881767,IBE (Camara)
-0.3101249098126354,5.553462511457878,-0.3084166907126841,5.554391888842196,Tetegu
-0.18734298634147337,5.611544504804111,-0.18622621437531336,5.612824795180568,Chinese
-0.2249592326881568,5.583789611435116,-0.22405736748666513,5.584693188557145,Access Bank
-0.2458956709032326,5.56215454568685,-0.24408812779794734,5.565180186149502,JT
-0.2695553366733738,5.526526708104797,-0.2669031343647596,5.528714521528881,Point 6
-0.2507956703485529,5.618127562417067,-0.24947193890593003,5.62051153200655,Fishpond
-0.2105580484532215,5.64888258031988,-0.20932299889119824,5.650699104701104,Westlands junction
-0.2426982372207614,5.5858118482326296,-0.2417174627881697,5.586736251850435,Asoredanho
-0.26154582957563005,5.605570139481377,-0.2594240423233166,5.607127549504978,Tabora Number2
-0.1980674037583134,5.559465621461602,-0.19716559641816783,5.560369178530678,Roundabout Ridge
-0.2860576936153477,5.625829603800805,-0.2849435559615298,5.627584761467359,Heavenly Church
-0.2714693714858844,5.6535359669051,-0.2704056281186086,5.654802533173728,Pentecost junction
-0.26521679662041436,5.583802581815105,-0.26411370406129364,5.585490518352454,Off Town Junction
-0.23271322755393087,5.530779486876147,-0.23178307271263837,5.531920113184628,Asoredan ho
-0.31345418073900183,5.731713180219695,-0.31255201943043087,5.732616819772417,
-0.2113781717812606,5.641468117561652,-0.21047622839448196,5.6423716824305234,2nd curve
-0.22029360608927656,5.551243012735013,-0.21939179408580053,5.552146587257289,Agbogbloshie
-0.22841019247540356,5.559856549750966,-0.22695010818886838,5.560856250455426,Mtn office / Kaneshie Roundabout
-0.20197302784465976,5.589047020397415,-0.20107117233161234,5.589950579594826,Polyclinic Junction
-0.34835392233105544,5.640147965874763,-0.3474518778360768,5.641051634117491,Second School Junction
-0.1779226336543312,5.608828630072428,-0.17702076652347054,5.609732169919777,
-0.3327198150545397,5.638177371609967,-0.3318177851135744,5.63908102838228,Waakye
-0.21736745718388026,5.531618267537585,-0.215093842863726,5.532809232243828,Fire Service
-0.2764253340992213,5.614719027213458,-0.2752648432591442,5.615746721408917,Dega
-0.22994329954979284,5.614730055465935,-0.2285550259293185,5.616816741463733,Achimota Old Station
-0.16886592773500284,5.557825356559958,-0.16756007322323183,5.559868143701338,Barracks
-0.21933375426877846,5.62355282886632,-0.21837604569329658,5.624910971012093,PWD
-0.2388767283990149,5.588624152684009,-0.23782607154434482,5.589545547351742,Amankwah
-0.2359176512049476,5.58723079631982,-0.23490454887987572,5.588255603649142,Meridian Chemist
-0.41679186685359565,5.535229439425872,-0.4158899333091234,5.536133160566559,Pink FM
-0.1519271902147375,5.558245335645207,-0.15056060989795597,5.559561964107989,Dreamland
-0.21473788033973243,5.667052738827116,-0.21321651979447812,5.668044961054567,Asore Junction
-0.2533609829707367,5.573575565678711,-0.25168360500957543,5.5756277355803325,Dansoman Junction
-0.21729165249651128,5.548647792355206,-0.2159176468674511,5.5503745076818,Agbogbloshie
-0.27740287170988065,5.574259432478173,-0.2735396111048078,5.577108823728796,Sakaman
-0.22327862439277127,5.573773211928769,-0.22237677578214493,5.574676788063506,Dannex
-0.24045646983224148,5.543155649013942,-0.2394785305269105,5.544157750967635,Korle Bu Junction
-0.13716578366307194,5.564424745456189,-0.13626401651723904,5.565328254536048,Polo Beach
-0.1469472948607957,5.574038741726714,-0.14604550531891247,5.574942258265518,AMA
-0.2865507238741471,5.653496478459202,-0.28560057627552315,5.654439321579383,Asofan Old Station
-0.2066559298111311,5.666995785379539,-0.20569597022383868,5.667975214634694,Stages
-0.25595283600988705,5.572639799404649,-0.25505096416297385,5.573543400587646,Vice
-0.40355114531635555,5.537059363610637,-0.4023301405850211,5.5384921901187365,Official town Junction
-0.2275017190534243,5.535669689437106,-0.22596468125393013,5.536611510365576,Korle Bu
-0.28533833382196827,5.589721524711299,-0.28389406630364816,5.590699775189716,Onyinaase
-0.22863952261635312,5.568745609789802,-0.2277376775582211,5.569649190202484,Awudome
-0.27347613156809086,5.731645599341003,-0.2722170455070388,5.7332277651624,Adusah Quarters
-0.13567928342454866,5.564884946053454,-0.13477751675585503,5.565788453938782,Go Slow
-0.24467291123366425,5.6317980755191535,-0.24371868890992973,5.632742424526093,Mile 7 Park
-0.28628056090832127,5.590234988197739,-0.2853786392626564,5.591138611794547,Sethoo Junction
-0.21544324330683942,5.5350175640403005,-0.2139529570103847,5.5359493357670235,Accra Royal
-0.24745993783824596,5.579351429267791,-0.24521858330072877,5.5812436034908535,Atico
-0.20147645388372953,5.602514062389459,-0.1998909471192207,5.603645737873745,Roman Ridge
-0.2769123054032231,5.52189329068765,-0.2760104947682634,5.522796909304727,Saint Thomas
-0.25260889877741466,5.655948801960506,-0.2517069013957539,5.656852398031671,SDA
-0.29499668568406506,5.618264685353901,-0.29409471448639585,5.619168314638353,CP
-0.2723014680278248,5.735164895722224,-0.27139933214419726,5.736068504269856,Mayera/Adusa
-0.33709981638050973,5.547698520071149,-0.33504278402166815,5.549336279156723,Block Factory
-0.24076514674765648,5.594253605530652,-0.2398632534261855,5.595157194461601,Agya Paye
-0.25022896061068745,5.60762740212131,-0.24932703956257443,5.608530997870933,Lapaz Station
-0.24568020917200598,5.612496391422722,-0.24455721585443455,5.614160320243533,Container
-0.25110432949517775,5.641136171903618,-0.2502030707393662,5.6420998280091075,Tantra Reservoir
-0.16423599406721867,5.566846337176164,-0.16328080618707727,5.567805762830502,Apaapa lorry station
-0.2705844136079019,5.5939705391278665,-0.2691580871858029,5.595415361053161,Christ Mission
-0.2224122245169043,5.537403983730465,-0.22132907556392825,5.538496116201818,Junction
-0.27599072086509674,5.644653328168975,-0.27503697906642,5.64554277190686,Hospital Jucntion
-0.31278387780095723,5.728287280415611,-0.31188172236851586,5.729190919576505,Sapeiman
-0.24985685721377743,5.535142449610047,-0.24815114319480316,5.536072550111622,Nku Kpotoi
-0.19731872425400124,5.586711122168929,-0.19641687592255802,5.587614677823312,Frytol
-0.20671472233124516,5.579435218412063,-0.20581287784471766,5.580338781580197,Bolga
-0.27857603519517404,5.5857320113933255,-0.2773796649257659,5.58690338845372,Awoshie Mangoase
-0.23373555794130335,5.619359340017313,-0.22987364300731747,5.625312101358832,Achimota Overhead
-0.25451971461165485,5.545235999532284,-0.2536178855612641,5.546139600460046,Masalatsi
-0.18241558630839777,5.564404504046411,-0.18067585178337878,5.566592172406306,Afridom
-0.18887801341648272,5.601404469561893,-0.1878297869291883,5.602385330221787,Sign Board
-0.1662065419815802,5.625925762826674,-0.1650923576844154,5.627218637225437,Action Chapel
-0.15897821752914681,5.559028461876843,-0.15772527429769742,5.560306569504803,La Olympia
-0.21958453141013876,5.626602961182369,-0.21839036934959122,5.627944238858116,Achimota Hospital
-0.282177310095322,5.656122490759082,-0.28127529007598934,5.657026109233112,Abodwe Se
-0.2177669018133542,5.567239821152146,-0.21213323796543518,5.573741756617192,Circle
-0.23134456809101608,5.5577230303344125,-0.22949430264914855,5.560914341247052,Total
-0.2122715142472252,5.566025516056946,-0.21136968592837155,5.566929083935335,Circle
-0.2171551827068471,5.652717415504283,-0.21625321746854426,5.6536209844878815,Dome Pillar 2
-0.21231718512411318,5.637448780283703,-0.2102190120474232,5.638733129647527,Airways Junction
-0.15051087224021775,5.565906658433531,-0.1494858279561932,5.566813641525769,New Life
-0.2287203056767433,5.546438809418748,-0.22781849449779826,5.54734239057357,Zoti
-0.44496955599965216,5.507616428968533,-0.44406764416127015,5.508520171023949,Start Point Junction
-0.21009891215861137,5.551194235768089,-0.20906658792797278,5.5521615643251065,Ayalolo Bus Stop
-0.2754963040467611,5.609648960564676,-0.2745818957938958,5.611015639403391,Polo
-0.19966392969772423,5.66693112109628,-0.19773338131536827,5.667934707416195,Ecobank
-0.19253619319855284,5.601697094892238,-0.19147770716742007,5.602676204868048,SGS
-0.23037083970833966,5.590253309453781,-0.22946896046614979,5.591156890538472,Mesco
-0.20752716159324386,5.606725637537544,-0.20627985668749757,5.6088686590134404,Dzorwulu Junction
-0.27960522515059033,5.639055594674933,-0.27838186996309083,5.640149475721748,Agenda
-0.25266476717743996,5.551732788304328,-0.25075919108314304,5.552844734333773,Sukura Market
-0.23699826140485195,5.628418121286652,-0.23584583852651642,5.629626078665627,ABC Junction
-0.1910972891668917,5.55217385459431,-0.18983183126990213,5.553983263589782,Stadium
-0.3056608075716933,5.711030892677269,-0.3043318933837422,5.713091207560585,Toman
-0.41140886500218826,5.535328341357715,-0.4105069351608716,5.536232058634714,Iron City
-0.27494784021332785,5.614798735227501,-0.2739794599258601,5.615751664826142,Mystical Rose Int School Junction
-0.21039362357530547,5.642237606238922,-0.2093800761136203,5.643404493837012,1st curve
-0.3124092986702331,5.626692478973417,-0.3115073014991449,5.627596121018836,Ablekuma Curve
-0.2385438262427629,5.573119315787393,-0.23760477415135894,5.574385084265505,Cottage
-0.13162202486849076,5.584641830384696,-0.1305560761975676,5.58669946975424,Rasta
-0.20531430060330016,5.542787776071008,-0.20340588594541403,5.545258962305871,Accra Bishop
-0.18057242393512313,5.59480642882061,-0.1796705762424979,5.595709971171611,Opeibea Second
-0.24587350016892523,5.604649108170088,-0.244844499835726,5.605586591920413,Abotare
-0.24337944194328637,5.5393233123082535,-0.24245755148878373,5.540402289086603,Dan Wright
-0.2430726841564855,5.530557873438538,-0.24206342050629007,5.532369995441021,Girl School
-0.42090884530253175,5.504764237490806,-0.420006954859895,5.505667962501669,Market First Gate
-0.2432482137388828,5.6798198059037075,-0.24234618643490352,5.680723394088433,Mosuku Junction
-0.261689041750089,5.6083532983127835,-0.2599342877648183,5.6099056044769,Tabora Number 4
-0.24681364609106038,5.535084761914692,-0.24580565409577781,5.536082138007567,Akoshi Junction Mamprobi
-0.208880903051814,5.553034617170344,-0.20797909712398105,5.553938182821948,Accra Poly
-0.17937564258895247,5.57570920282534,-0.17766995685580714,5.577668997019598,Roundabout
-0.1799426468581415,5.621506139821776,-0.17784763999910527,5.623055021079577,Airport Junction
-0.2480001397512489,5.581501302570651,-0.24709826042212296,5.582404897421631,Mangoase
-0.2354161602399856,5.614502607890439,-0.23451423993421522,5.615406192101785,Adwenpa
-0.24136105748098924,5.608055011502879,-0.24006224230105971,5.609466288428056,Lapaz Market
-0.213564295542588,5.540764315172576,-0.21266250463289768,5.541667884819736,Shell - Accra
-0.4208663528382265,5.514775337657356,-0.41996444732421323,5.515679062335106,Safari
-0.38895684236033784,5.516075149160398,-0.38805495780411026,5.516978850832048,Filling Station
-0.24134463646135357,5.580517005098464,-0.24044276371243545,5.581420594893812,Pharmacy
-0.2211629265535249,5.667089310475893,-0.21838247639241232,5.66809841174417,Second Gate
-0.34249852163739797,5.545811949055397,-0.34122987906213587,5.546816951025145,Shoprite
-0.3106727980990523,5.626789779622297,-0.30977080207043606,5.627693420369956,Ablekuma
-0.1803117560280104,5.64770640918172,-0.1783890603864504,5.6503663128171295,Legon Hospital Bus Station
-0.29079284102135994,5.5619661860687915,-0.2898909591493014,5.562869813923537,Benjy's
-0.27031535389939765,5.588934394203279,-0.2694134462725833,5.589838005789001,Kwashieman
-0.25814031510429103,5.530931620588417,-0.25714058524472894,5.531876479211494,Zone 6
-0.24437491074382792,5.603511595327009,-0.24322018985257068,5.604470404694894,Abeka Post Office
-0.22269164904361818,5.569343900001756,-0.22140735129908679,5.570500600151288,Fan milk
-0.2575634799977199,5.554564473565417,-0.25659855353580363,5.556587390459102,Mataheko
-0.20867246797651545,5.594242418748815,-0.207176624337427,5.595613393857641,Social
-0.2136813652215051,5.6368054262041785,-0.212504234651973,5.638061573756108,Kisseman Junction
-0.26045323955108196,5.563947403336695,-0.25940286032860843,5.5650732966814065,Akukofoto
-0.22877238783219464,5.6535702110439825,-0.22787041234246908,5.65447378894819,Auntie Mary Bus Stop
-0.2238974860782605,5.57760620495508,-0.22282411748880754,5.579279568006139,Ashfoam
-0.23290936966122908,5.618985406041166,-0.2315853308553145,5.620238194119776,Kingsby Taxi Rank
-0.2097018924638923,5.580807686279909,-0.20588038554670526,5.586204854863548,College
-0.21351745726316754,5.584710188207923,-0.21253314303397292,5.585702411805057,Roman Junction
-0.27953128944490174,5.630687891363149,-0.2786293107265474,5.631591508629081,Lomnava Junction
-0.3236503886388715,5.608225674508247,-0.32274841152977884,5.609129325484038,Second Container
-0.28496313109580523,5.624336541435332,-0.28298042507180765,5.625707840071455,Sowutuom
-0.22263868939255746,5.556512867127806,-0.22152961055129286,5.55745093289982,Cold store
-0.2577868573318302,5.5491760846817435,-0.25660554318969286,5.550128115374812,Zambrama Line
-0.26088185767277583,5.559533078936812,-0.2597347685745806,5.561708287871327,Dansoman First Stop
-0.30957092205352976,5.717969049387219,-0.3079532784456322,5.719300250825308,Shikpontele
-0.2659197351822056,5.657160269276332,-0.2643354653769174,5.658114830984783,Ofankor Barrier
-0.20971056161550386,5.58714890601177,-0.20815172357607753,5.58916769855871,Bakery
-0.18984249540751036,5.552685024558585,-0.1889407047694788,5.553588575433698,Osu Cemetry Junction
-0.25205498015132183,5.632119901802752,-0.2511530200218561,5.63302349818946,Rasta Park
-0.2732843738687818,5.613512493457628,-0.2723824263030406,5.614416106534622,Toilets
-0.2069369750148236,5.590380687529961,-0.205825524816089,5.591592012476702,Nkansah Gyan
-0.20114163585714928,5.595345898013784,-0.19988826214771208,5.596539072473949,Club 1000
-0.2369457455208199,5.527106039877471,-0.23513803436320843,5.528780168612305,White House
-0.26060572644522223,5.57917496726356,-0.2593037740662987,5.580233032266812,Waterworks junction
-0.25120060312285225,5.535188912140569,-0.250048596983641,5.536120487826634,Camara Junction
-0.2873417974013447,5.708084088195393,-0.28646330300522915,5.70899491166297,Thank You Jesus
-0.24176608371821448,5.5357441904730305,-0.2408105166941289,5.536630409265436,Liju
-0.2445850842041572,5.641057304791143,-0.2436831159694967,5.6419608952010485,St John's Second
-0.21167361716266922,5.5509150673838015,-0.2102144038434041,5.553803303101713,Kingsway
-0.2458237303649702,5.5954392817707,-0.2448743697698423,5.596560418336546,Market
-0.21261694713477747,5.608846016579553,-0.21171505304085037,5.609749583412668,Abelenkpe Fire Station
-0.2461907601075158,5.608975003682935,-0.2452888400660014,5.609878596309302,MTN
-0.2384788458073962,5.53158435045936,-0.23662229027642592,5.535119945632867,Mamprobi Shell
-0.1356812064738282,5.595059746514371,-0.13477939370661193,5.595963253477825,Tse Addo Roundabout
-0.3073941912787345,5.619517580733565,-0.3064922088909508,5.620421219258692,Container
-0.43339584930792624,5.504179733026722,-0.4324939508537183,5.505083466965764,Pentecoast
-0.19135239379795171,5.549794323926378,-0.19045060637894007,5.5506978760659145,Stadium Junction
-0.27734852495453494,5.619590452052684,-0.27639727557078986,5.621006848001295,Sowutuom Market
-0.14615243270804942,5.561654512307309,-0.14448766736146013,5.562701387574878,Regimanuel
-0.20824551172225428,5.564751417594916,-0.2073436884535935,5.565654982397361,Total
-0.3079039658680877,5.715379082033147,-0.3070018343016735,5.7162827179589835,Agya Appiah
-0.28106480122049887,5.718839396572719,-0.2800782989967591,5.720065703125879,New Life
-0.24657652298850602,5.526075435306667,-0.2454899801219268,5.52705490624862,Lantemaamill
-0.21516138973429977,5.532287714426948,-0.21425961044107694,5.533191285565381,Boodi
-0.2622277384404125,5.572705797020727,-0.261325861732058,5.573609402971573,Yellow Kiosk
-0.21475388194562953,5.570685665066695,-0.21379151810546548,5.571588634958568,Circle (Alajo Station)
-0.3936818400955691,5.510814447371517,-0.39277996006857424,5.5117181526209365,Kester
-0.1814424961245212,5.587988948995442,-0.17837059786857368,5.5898727146691245,37
-0.2752560878527252,5.630712292977573,-0.2743541123189911,5.631615907014652,Kyeiwaa Junction
-0.2021044852700036,5.5607694877780975,-0.1985938571740526,5.564066179284501,Ridge Hospital
-0.22682544310079641,5.562538723013092,-0.2233325792211418,5.56680533338047,State Transport
-0.24065171230305665,5.552489415298654,-0.23968198758904977,5.553951584571879,Pipeier Naa
-0.183325593057197,5.552930927104706,-0.18242380712020137,5.553834472887577,Christian Council
-0.19604160454761324,5.561534922280525,-0.19513979562899775,5.562438477711754,MTN Office/ADB
-0.22970384389645127,5.575153592261767,-0.22747558263026904,5.57720289954305,Mantse 2nd gate
-0.19164585002777682,5.572372233758577,-0.18900954955696408,5.573851666181638,Sankara
-0.25448541552829634,5.546460599563972,-0.2535835846446271,5.54736420042836,Five Five
-0.18982406471775765,5.643134825954212,-0.18892213545933928,5.644038374037947,University Primary Roundabout
-0.20362821553558075,5.572096119495997,-0.20272638464056605,5.572999680496268,Multi Choice
-0.22355407736397018,5.6426248128816034,-0.22265212281100716,5.643528387110574,Container
-0.22368960813516467,5.552217211441658,-0.22278779203969792,5.553120788550647,Sikkens
-0.23791166135429645,5.652290928420784,-0.23685412175808063,5.654746124325758,Vulcanizer
-0.21132569073533167,5.57013484897727,-0.2097432094523196,5.5715724506145134,Equip
-0.2703707907380333,5.529057511509935,-0.2693931094285303,5.529963388469822,Ebenezer
-0.3062467926551558,5.621861781198212,-0.30534480751460324,5.622765418794042,Block Factory
-0.1704751570964788,5.643044433518406,-0.16957324308183405,5.643947966473748,High Tension
-0.1540242325970474,5.6263375511325275,-0.1521140682270351,5.6273548492945356,Flower Pot
-0.297679723229942,5.557583712938216,-0.2967385768566527,5.558780486941643,Mendskrom
-0.26574828081759466,5.609765833534589,-0.2647384196692313,5.610674166402677,Attah Junction
-0.3036677603058784,5.710289383536069,-0.30276563986414556,5.711193016456067,
-0.2785371097239852,5.657412092151901,-0.2776350904475566,5.65831570784029,2nd Power
-0.39932740130225686,5.538533031094145,-0.39801769928446895,5.539513869026334,Galelia
-0.3128546788013848,5.7295286804087295,-0.31195252136808155,5.730432319583383,Macedonia
-0.24373031842093015,5.555655303806586,-0.242828481752678,5.556558896185726,Junction
-0.267041442567019,5.575725495241025,-0.2661395576051494,5.576629104751276,Crystal
-0.21176103784666855,5.597168216730994,-0.2108591623289973,5.598071783261243,Ridge
-0.2533572522898297,5.595225800738654,-0.2524553478832216,5.59612939925361,Bombay
-0.19632884634423034,5.616018423003857,-0.1954269538324276,5.616921976988346,Dzorwolu
-0.14205509925200813,5.582321243790462,-0.14115330092801628,5.583224756201758,Watermelon Junction
-0.21099748968374474,5.644417034145792,-0.20997321092423996,5.645572065787062,Bridge
-0.27220768926814,5.634039094181391,-0.27130571090376987,5.634942705810831,Second Curve
-0.2553789052306332,5.606146989361098,-0.254478395043092,5.607133110482017,Lapaz Community Junction
-0.24051471838698205,5.536364618060557,-0.23788957506557648,5.539544836868777,Sempe Second
-0.2729588327949514,5.559972192760339,-0.27205696737682783,5.56087580723198,Old School
-0.2325043896741228,5.584276362621605,-0.23104103196528789,5.586435199512465,Swanlake
-0.239297320801751,5.561856070040975,-0.23385849798768474,5.5670255172081085,Kaneshie
-0.1287453029441114,5.594045149256876,-0.12784349723676364,5.594948650735317,Roundabout
-0.2164056547642986,5.616873715239725,-0.21550374541109943,5.617777284752485,Forestry
-0.26596268415070096,5.630464096491082,-0.2650607160215995,5.63136770350114,Ayigbe Junction
-0.21537860834256284,5.556695814714233,-0.21447679183283003,5.557599385278061,After Dat
-0.4177658430572512,5.503273938593098,-0.4168639571053731,5.504177661399377,Kakraba Junction
-0.2206341052079645,5.549910712583495,-0.21973229496708868,5.55081428740881,Agbobloshie Market
-0.21668100290621461,5.542966630935326,-0.2156991975558369,5.544008769008782,Timber Market
-0.19648674134434183,5.66693629169307,-0.1955905587189176,5.667897508372734,Supermarket
-0.23830067678063224,5.699088909938994,-0.2372123236805143,5.7005723902211844,Aggie’s Spot
-0.21726122698097702,5.5801952143464115,-0.21635937319432474,5.58109878564585,Avenor
-0.2544543864866474,5.531508917074572,-0.253123113831374,5.5324167827639394,205
-0.18126246627158324,5.567377501308751,-0.18030403355188493,5.568418198755881,Police Hospital
-0.23723324063562362,5.648459566199967,-0.23625805941422634,5.649364833821726,Pentecost Junction
-0.25458026763335195,5.596997889133482,-0.2535361326298379,5.5980243109312315,Fadama Junction
-0.21694005282989964,5.614089914990608,-0.2160381473454612,5.614993485001606,CP
-0.2802108459109329,5.623190150973323,-0.27916995450822485,5.624108149011828,Printing Press
-0.24431031438060807,5.550049003499549,-0.24340848579295782,5.550952596492773,Printing Press
-0.27075962065493275,5.577871745861779,-0.26951927992231794,5.57884105422306,Tipper
-0.2325499685908906,5.688466768766575,-0.23148703147193878,5.689387131233192,Melcom
-0.2466836525448897,5.532327051780971,-0.24578064767933808,5.533314548218011,Bamboi
-0.2661458911943968,5.5789939837944855,-0.2619740134020017,5.582333798815534,Odorkor
-0.4534874577866797,5.505998525931027,-0.4525855423737033,5.5069022740614635,Yes Lord
-0.22338057557636187,5.613298531054083,-0.2224380245951763,5.614421069045246,Abofu
-0.25190275062474665,5.56802378623925,-0.25090024967116614,5.568933613762336,Mataheko Pharmacy
-0.18641789618186858,5.55545632593607,-0.18551610399533944,5.556359874056211,Osu Salem
-0.21062200894441518,5.559897916601282,-0.20972019123127858,5.560801483391003,Auto
-0.2426694669610332,5.591891486384922,-0.24173843348671806,5.5931993136501825,Point 4
-0.2101701181993249,5.59522723211577,-0.20871100314164795,5.596804850819546,Kotobabi Down (Polo Park)
-0.19913398833272752,5.577217951706521,-0.1982155116092866,5.578484348250557,School Junction Nima
-0.26164038731797523,5.609936877364193,-0.2607303125400991,5.611270222610737,Tabora Number 5
-0.24953984277102584,5.572409203795732,-0.24856445773553712,5.573831496288866,Goil
-0.41326192750953517,5.535006089608041,-0.41204337280647724,5.536138110512991,Amanfrom
-0.29858999175086487,5.624400184101541,-0.29768800841937837,5.625303815890705,First Yellow
-0.24296236266802484,5.60784165350269,-0.24195123753120767,5.609132946167733,Bambolino
-0.262727228722653,5.559704496632629,-0.26182537144977003,5.560608103359688,Zodiac
-0.23535931921235462,5.567839151636536,-0.23367439938133758,5.5695600851416405,Social Welfare
-0.17013722389749283,5.6391275140509025,-0.16868959972980968,5.640200426756521,KFC / Banku Junction
-0.1879769071395056,5.612823285174718,-0.18705479325788793,5.613779414734164,T Junction
-0.24915888100552516,5.542260708590877,-0.24631169642996345,5.543406961280444,Curve
-0.20677562314761405,5.580473118404356,-0.20587377702834564,5.581376681587902,Masalaachi Nima
-0.25503728915537677,5.550586857080624,-0.25409511074089103,5.551579042971973,Loso
-0.22552176397629864,5.611732341966212,-0.22461423640460584,5.612608357922797,Marwako
-0.17653319227105221,5.552643676328778,-0.17397871896503234,5.554100941673535,Rigal Bus stop
-0.2367499175767801,5.584594227204379,-0.23584558242179574,5.585734572780723,Orgle Street
-0.24974532052203832,5.550118297399275,-0.2488433796101149,5.551073502593203,Sukura
-0.25693445588665975,5.57686718451433,-0.25565534423759523,5.578103815283696,Odorkor Police Station
-0.25340007932686487,5.630387301263573,-0.25249812084622414,5.631290898728641,Washing Bay
-0.15847721646697407,5.596355837516352,-0.15757538371203703,5.597259362475852,Airforce Bus Stop
-0.24174551002511718,5.675781006415422,-0.24084349014875764,5.676684593576725,Point 1
-0.2554819275742912,5.540968829273176,-0.254368798489282,5.542312236117481,Banana Inn
-0.20129927650677823,5.610867318964282,-0.1999433264101527,5.612252262504273,Vulcanizer
-0.1859319831045024,5.5820879757021435,-0.18446381634222392,5.583844224263258,37 Water Works
-0.2692005263055016,5.564354203302597,-0.2677373744891532,5.565811496895253,Ave Maria
-0.2721341162901073,5.586886094806146,-0.27109498425278195,5.587806305137287,Been To
-0.27847418200739765,5.621549891621018,-0.2775722181641052,5.622453508371225,Transformer Sowutuom
-0.21883879219738006,5.638002152788066,-0.21792050832937934,5.639030247062266,Danblesco
-0.20724311583734906,5.543895310312835,-0.2059852845156663,5.545047389834471,Market
-0.3271745062743834,5.551722216415258,-0.3262549940238497,5.552861983615764,Choice Second
-0.25203021882631993,5.53920089362231,-0.25068798173040785,5.5404831065423314,Abodoo Bridge
-0.23660412530888592,5.533607230699082,-0.23506217447534142,5.53470376932036,Plaza
-0.337670762587262,5.64114272704188,-0.33610893774839834,5.642072172743738,Tsuibleoo
-0.43895395084091915,5.503597131041787,-0.4380520493203754,5.504500868950704,Adade Junction
-0.29905369039994806,5.703787145502625,-0.2968731153808103,5.705961505987957,Amasaman
-0.2716282059781663,5.52528979273636,-0.2707263941936599,5.526193407256009,Junction
-0.213521302711327,5.550230015333156,-0.21261949746417447,5.551133584659147,Accra CMB
-0.22385631942166515,5.5669631116023215,-0.2229544807532043,5.567866688389964,Awudome Cemetery
-0.20399401471346773,5.611037055419788,-0.2024008854426132,5.612498844180387,Junction
-0.33192291405941055,5.637269471890722,-0.33102088610875413,5.638173128101522,Mangoase
-0.23766451371321073,5.644723517423385,-0.23661770158435083,5.64599613097519,Adehyeman
-0.2552566297377572,5.564759199549233,-0.2543547704351409,5.565662800443072,Liberty
-0.20889210939471614,5.561367017293001,-0.20799029078108774,5.562270582699283,School Junction
-0.24771720949216014,5.642474897022671,-0.24507545973518896,5.646482682153225,Tantra Hills
-0.4215069682649252,5.534869537732876,-0.420605031897498,5.5357732622595615,Kasoa Laststop
-0.2675671276848349,5.65751298093123,-0.2665117722606909,5.658618519063789,Ofankor Taxi Rank
-0.2827718372320791,5.588173023365833,-0.2815349630510126,5.589306976365536,Abrantie
-0.24933121281555273,5.543421502323199,-0.24842698735583396,5.544388397696201,Container
-0.1791109402407224,5.616796029730143,-0.1782090599370145,5.617699570262053,Mangoase
-0.18194639271772092,5.553191727647485,-0.18104460745976497,5.554095272344793,Kelewele
-0.13899248827328656,5.58716655962381,-0.1380850119816431,5.588208840389465,Tse Addo 'Last Stop'
-0.25332723012538166,5.566230200306286,-0.25242537004763876,5.567133799686017,Station
-0.2769541852980532,5.725768271885242,-0.2760427147513773,5.726877528079315,Mayera Market
-0.2600359646878731,5.601805591708812,-0.25586420730828574,5.603367757499852,Nyamekye
-0.19560512471368358,5.548133319974205,-0.19415479884460127,5.5517565811415395,Ministries
-0.2783679160793338,5.579120070789316,-0.2773897844942403,5.5802298291068375,Water Works
-0.256384696816962,5.561756294305366,-0.2545481055038224,5.564926605803945,Mars
-0.2527781986427422,5.5590521420579915,-0.2514188292656283,5.560095072674616,Paa Willie
-0.1777594919841077,5.606001670165496,-0.17679470701581815,5.608533229741043,Airport First
-0.30265689221934927,5.623035382558173,-0.3017549079506348,5.623939017434078,Galilee
-0.2196949933626703,5.62163738234008,-0.2187402062860962,5.6233367175728075,Achimota Club House
-0.21983719053143333,5.530962712602746,-0.21893540964364855,5.5318662873895885,Korle er naa
-0.28794718506813816,5.573903674041276,-0.2870177152419657,5.574815425829645,Abase Mallam
-0.19990460815009645,5.564298620821748,-0.19900279202627424,5.565202179170528,WAEC
-0.22453660967630434,5.581189910090301,-0.2232202962681509,5.583276585954954,Ashfoam Junction
-0.2214704533877766,5.612547113219941,-0.2205685467872994,5.613450686772281,AMA
-0.2766911248097738,5.64176403609729,-0.2752430076307998,5.643394637334434,Borla Junction
-0.2927170684158639,5.559899590867871,-0.29092483145649006,5.561034109077395,Jayeemens
-0.26526599358104075,5.556306092402025,-0.26420570679031014,5.557702907747069,Dansoman Roundabout
-0.20920802035210875,5.575581417387815,-0.2083061798236933,5.576484982604449,Bayport
-0.26509330962525307,5.549360621642173,-0.2640704902065208,5.551003378153824,Sahara
-0.1750937157494952,5.586907230843496,-0.17419188442845954,5.587810769148734,El-Wak Stadium
-0.24800131827696076,5.553325102139958,-0.2470994818963798,5.554228697852357,Banku Junction
-0.2094124335010089,5.592678417570531,-0.20851056667479886,5.593581982421711,Kotobabi Market
-0.21939233358747665,5.630452473770994,-0.21839686638502148,5.6313588262666885,Golf Park
-0.27388070589128827,5.649369725567714,-0.27291189388988385,5.650436674497557,Fried Rice Junction
-0.18366981763067788,5.609208147246848,-0.18268408260363095,5.610188652791652,National Service
-0.3284349907929791,5.608724972741808,-0.32753300937537233,5.609628627250477,Waakye
-0.29744447367397026,5.638161480009029,-0.2961345266527087,5.639276152728604,Omanjor
-0.30946376283964533,5.618534712105092,-0.30832763709612016,5.619723187853119,Pentecost
-0.22841262311795205,5.528843857798796,-0.22657954690911147,5.529939122279689,Korle Beach Resort Junction
-0.2519588767510543,5.627756301772002,-0.25105692342212416,5.628659898220216,T-Junction Down
-0.2723399051773882,5.523875592445699,-0.27143809499438615,5.524779207546672,Yellow House
-0.24777709604900913,5.557594470802324,-0.24581956831251797,5.559555481619526,Flamingo
-0.2759888669071314,5.65788518424035,-0.27493053352034436,5.658831515458156,Market
-0.22654673718441684,5.554607036230874,-0.22497496376423956,5.555716964024641,Sabolai
-0.2646069020693263,5.582505585198908,-0.2637054982874606,5.5833856146282415,Odorkor Market
-0.2619363058946518,5.5372771035577,-0.25976699573754747,5.5394687968967755,Mr Mensah
-0.18115866909203068,5.653155929491233,-0.18025673108562232,5.6540594705009095,Legon First
-0.2149190360325496,5.573915613165024,-0.21360336361876128,5.575414386804274,Quarters
-0.24067441922518285,5.613887276147239,-0.2397422807903074,5.614795823921859,Akweteyman Zongo (Last Stop)
-0.26015618612581537,5.652522113947011,-0.2582015153770434,5.654575386428566,Spot M
-0.177916347978652,5.564463496447922,-0.1766949520837451,5.565415103522492,Bridge
-0.37233431008475193,5.716599254809576,-0.3713796898417262,5.717593845227888,Adeyman
-0.14964696273475747,5.559213665054228,-0.14857213756414106,5.560265435025523,Alonte Bar
-0.1854935937868368,5.552779526255968,-0.18459180639042697,5.553683073736318,Traffic Light
-0.29475614505938125,5.63628482904312,-0.29310287184161143,5.637387759466501,Transformer (Omanjor)
-0.21984732019947367,5.5700054131931855,-0.21894547997565236,5.570908986799095,STM
-0.17473470313131464,5.622346224179249,-0.17340105540619122,5.624475279701042,Accra Mall
-0.22314073417062216,5.586642112178802,-0.2222388660043168,5.587545687813455,Railway
-0.20825823948472869,5.591397654740641,-0.20381716370414793,5.594157634206675,Kotobabi Police Station
-0.2433626822417869,5.632607300092055,-0.2422409178417829,5.633730999815415,Presby Junction
-0.21417647770658788,5.567321970458223,-0.21291092316594284,5.568776229607747,P.T.C
-0.15473842926972134,5.61495583927634,-0.15383657090954395,5.615859360715842,
-0.2551878597388962,5.604034900176945,-0.25428594043404995,5.604938499815303,Nyamekye Junction
-0.1867077146071383,5.609758376250766,-0.18580828575642647,5.61067752364767,High Flow
-0.2379065131358203,5.651224605818466,-0.23698978723885067,5.652167594094797,Dome Old Station
-0.22522713601497238,5.598103906755741,-0.22304971017828165,5.599942690440141,Abeka Junction Curve
-0.2799294348748037,5.586529716280746,-0.27844706533296204,5.5874916835779285,Station
-0.2534063977333568,5.579480845930588,-0.2521134021295265,5.580847853974125,Kokompe
-0.35427817405090195,5.5491852497637035,-0.3526260267114078,5.550681150486403,Ayigbe Town
-0.2454281420786366,5.5858280036188654,-0.24452625809490208,5.586731596373403,Police Station
-0.2624686912685353,5.627576519084575,-0.26122716598768997,5.628792234687497,Tabora Alhaji
-0.25987635864118347,5.593684408684137,-0.25829199243350276,5.5959810762987905,Official Town
-0.19628976284287253,5.590463886892651,-0.1953299374194691,5.59142881311368,Mawarko
-0.21020239252789605,5.539367642907211,-0.2081383313161527,5.54265476252337,Accra Post Office
-0.1947570436707308,5.597299697378201,-0.19226675481544492,5.598691724065155,Accra Girls
-0.1828649861195511,5.561688038907466,-0.18116182192329836,5.563436424784302,SSNIT
-0.2148553140448083,5.564452015034595,-0.21395348613062337,5.565355584957687,Adabraka
-0.23646051293415363,5.552090506534487,-0.235558687239908,5.552994093457826,Kaneshie Zongo
-0.29470065339872764,5.5762800848204055,-0.29379874677170636,5.5771837151719055,
-0.34627632260729013,5.641763087894608,-0.34530937744760853,5.64269841217361,Manhean
-0.20535703712033576,5.547285083485363,-0.2038085630411549,5.548712516139898,Makola Market
-0.2608756379761382,5.57276889753513,-0.2599737621964171,5.573672502457169,Pentecost
-0.20819444847780336,5.58840065785889,-0.20662855458391774,5.5907333092131335,Five five
-0.19984917773213046,5.596057585282694,-0.19755804233243376,5.599209415911547,Pig Farm
-0.20796126314724733,5.590742087662073,-0.20669843679108166,5.592049312229174,School Junction
-0.2540291965330667,5.555374081788843,-0.25294300390838775,5.556329617883965,Komanko
-0.20255880926622677,5.564414319793443,-0.20165699090997644,5.565317880198833,Second Gate
-0.2049842698950646,5.610039928622667,-0.2040775303735316,5.611048071209044,Fidelity
-0.21779882963836594,5.636690158662824,-0.21653517105786632,5.638014841445607,Village First
-0.3267959090322499,5.633210573726712,-0.32589389113623213,5.63411422626554,Point 5
-0.21609204797510587,5.538427639413616,-0.21266804363652705,5.54246311274462,Akoto Lante
-0.2835982817212853,5.715639181252161,-0.28265691860845005,5.716536518691527,Alosa
-0.2695491812342513,5.630692463943339,-0.2683919103840562,5.631882630838496,Israel Station
-0.24271009755226508,5.526533687406745,-0.24123155837720278,5.528088977972775,Tea Garden
-0.27132470566522254,5.595931753567294,-0.2702121948719839,5.597101646468659,Jah Love
-0.23490989959654923,5.5552407443703835,-0.23193455835533694,5.5565516304618106,Happy Days
-0.27339385243847075,5.585504992986115,-0.2724919477333107,5.586408607006175,Vineyard
-0.2628420649499669,5.607041497313926,-0.2619401352225018,5.607945102678325,Race Course Blue Gate
-0.19587898297618983,5.591680214800664,-0.19497801746690288,5.5926358850644435,Maamobi
-0.169472698934828,5.567764832754731,-0.16857090124345725,5.56866836723752,Coffee Shop
-0.19528286087813476,5.593456374871832,-0.1941934197364645,5.594685992467465,Nima Overhead
-0.13104879179383666,5.578267248098484,-0.13014700838687326,5.57917075189373,Container
-0.29531709196771555,5.626271385357183,-0.2944151082027369,5.627175014635059,Mawulolo
-0.16045068848184887,5.558686436162921,-0.15954891169699237,5.559589963829336,Total
-0.17169120793149883,5.578418932047155,-0.17078939224665957,5.579322467945087,IGP
-0.31421735484099966,5.626814447883671,-0.3131007451284867,5.627751852132658,Ablekuma Park
-0.20269433745708657,5.601231520304543,-0.2017924627191529,5.602135079687684,Asore Junction
-0.23805635532871744,5.661887609818143,-0.23693888902349583,5.663620865264478,Save More
-0.21735133990416095,5.594641253786267,-0.21632602330386252,5.596473930604018,Alajo Station
-0.2820166301693251,5.717580066797697,-0.2811003701187168,5.718617432971524,Agbodji
-0.20839940605649168,5.557230517420642,-0.207497594119335,5.558134082571646,Teachers Hall
-0.24873670227197,5.597947771856425,-0.2468960604689029,5.60083886054907,New Fadama
-0.1314502989279592,5.587393748078479,-0.1305485012527357,5.588297251913726,Washing Bay
-0.2997468592107182,5.621035366780479,-0.29801778588732425,5.62244297451746,FanMilk Junction
-0.2488504498411187,5.615571025199358,-0.24787745025436977,5.616477474808881,High Tension
-0.27265076402912203,5.570979673504446,-0.2716864361867458,5.571935026425152,Sakaman Blue Lagoon
-0.28385714688879005,5.573080288847469,-0.2829552532823207,5.573983911144842,Total
-0.23863785776077123,5.642454196595152,-0.23740796128052122,5.6443106797963125,Dome Market
-0.28939194285037967,5.565057386642393,-0.28849005732037514,5.565961013349931,McCarthy Junction
-0.21067884635046585,5.6087986173281825,-0.20977695382528017,5.609702182664039,Abelemkpe Junction
-0.2179632832490639,5.566313061926513,-0.21576238063413575,5.5695219397675375,Odorna Market
-0.2587379498772723,5.589405898602059,-0.2578360502954333,5.590309501390212,Drug Store
-0.28599074393458357,5.69780598997181,-0.28508865623653795,5.698709610020334,Quarters Junction
-0.13129829486172312,5.582153848058703,-0.13039650531897679,5.583057351933509,Block Factory
-0.180470688594211,5.650796384734543,-0.17855900140356823,5.652302357693028,Legon 2nd Bus Stop
-0.2642935668031441,5.630234348218254,-0.26333073370331417,5.6312833516896434,Israel Junction
-0.3956093294402485,5.540091180872405,-0.39419617046271954,5.5415331189532875,Brigade
-0.22064095593515848,5.566985690414086,-0.2177517791626318,5.569967694652108,Neoplan
-0.18659962484556897,5.592867455538452,-0.18480567574405268,5.594275844727249,Culture
-0.24823560141059062,5.538580009376654,-0.246931498987855,5.539506290765683,IBE
-0.21282200454373493,5.597898657145133,-0.21177849567445603,5.5989112429320045,Polo Junction
-0.19539591308074092,5.596197877848355,-0.19441848685467775,5.5970971222007195,Konka
-0.2473092194593491,5.555226902433078,-0.24640738071403728,5.556130497559237,Liberio
-0.3126520470370418,5.559145977846746,-0.3117501531322448,5.5600496221455975,Oblogo
-0.22640274456678636,5.603744420410479,-0.22521085607691463,5.605010179659074,Tesano
-0.27534205119120586,5.582912292210067,-0.27444014898045227,5.583815907782226,Awoshie Vineyard
-0.22952795427956213,5.579803124604882,-0.2286061460718424,5.580698575224164,Pentecost
-0.3012757578172456,5.708248984398878,-0.300373642352925,5.709152615593257,Chop bar
-0.17221548905950157,5.635808783765784,-0.17114856652362487,5.637539833381257,Mensvic
-0.20651483600547565,5.660001080952972,-0.20559376416890238,5.661075118935723,Pharmacy
-0.2407206651707433,5.5842376228579065,-0.2385402189493879,5.58675372452121,Wireless
-0.21818519774574005,5.541321813397092,-0.217283402429458,5.5422253865952245,Junction
-0.22814800835600377,5.6116429439407485,-0.22470640689747182,5.614164459959505,Achimota Overhead
-0.2930408985219911,5.635877486359588,-0.29213890164861284,5.63678111363264,Old Station
-0.16198426384489498,5.557827266020574,-0.16068163636844943,5.559047333715977,Aduanase
-0.1487717913195814,5.5684510409197925,-0.14787000886000667,5.5693545590724485,Trade Fair (La)
-0.23404865941915148,5.6141156084088495,-0.23314674075513334,5.61501919158338,Kopevi
-0.21742871932958813,5.596657191798342,-0.21649898076712287,5.597729408302668,Pele
-0.22917986962118725,5.561518084383707,-0.22814353037395066,5.563030715347903,Roundabout
-0.24120462187515035,5.555661542661871,-0.2393497191502005,5.558235718599009,Zongo Junction
-0.30918749733093925,5.626510580172049,-0.3082855028386403,5.627414219820202,Ablekuma Junction
-0.21538360857055802,5.634703445275667,-0.21420205850132495,5.635865971204963,Christian Village
-0.2079421192597332,5.587455328206236,-0.20703278116460244,5.588700171796458,Agbadinar
-0.2726899407105391,5.672289178845492,-0.27135425949343067,5.673530420875872,Agya Herbal
-0.22119924235941577,5.579542600689492,-0.21917896280645455,5.581338740128872,Electricity Junction
-0.13160840222526646,5.591621048080381,-0.13070659795542325,5.592524551911817,Sans Hotel
-0.21712122204900364,5.5738059143027145,-0.21621937812629824,5.574709485689556,Ashongman
-0.23544573737582958,5.584663407420879,-0.23454386279833386,5.585566992571387,Down
-0.2473203830906842,5.589666274634502,-0.24474651813821055,5.590794626098515,Afropa
-0.13281071188092525,5.565933350318566,-0.1308122024676276,5.568035608492207,Bush Road Junction
-0.2503377643657079,5.566968694723094,-0.24939663596334458,5.56788330512351,Mataheko Police Quarters
-0.22489721306505375,5.558074917436067,-0.22314718638438458,5.560065782385407,Rana Motors
