min_x,min_y,max_x,max_y,name
153.33780700899678,-27.887758593796658,153.33912998982518,-27.886752405485563,Monterey Keys Dr at Glengate Street
153.35326909385364,-28.06237892540891,153.3558659928262,-28.060911160926434,Worongary Rd near Mudgeeraba Rd hail 'n' ride
153.30452085002977,-27.92717584512695,153.3058437529256,-27.925864654974585,Pitcairn Way near Norris St
153.40834436827413,-28.024768351728373,153.4093616316864,-28.023865648241866,Fremar St at Fremar Street
153.42168099433746,-28.077268901890022,153.42280860222152,-28.07552279796079,Bermuda St at Lake Orr
153.32044483926984,-27.923238362820488,153.3214611606993,-27.92233563714985,Studio Dr near Village Way
153.41904539580267,-28.05357582097784,153.42022890274427,-28.052488779029037,Rio Vista Bvd near Pilot Ct
153.4154926631018,-28.09808022336689,153.41651483756831,-28.09700877658948,Willow St near Eucalyptus Ave
153.36930372292963,-27.94866335882346,153.37032027703472,-27.947760641146864,Parkwood Bvd near Kel Nagle Ct
153.40499767583066,-27.959179356223235,153.40601432413033,-27.958276643747055,Worendo St near Walton St
153.42483238476748,-28.08456644958134,153.42585031386338,-28.08337865037036,Cassowary Dr at Christine Avenue
153.42867385408644,-27.993865737457757,153.43021898978213,-27.991521349715896,"Surfers Paradise North station, platform 1"
153.31035159243257,-28.020938731652585,153.311522406748,-28.020024268365848,Gilston Rd at Longhill Road
153.54636684932117,-28.200393031058773,153.5473857506258,-28.199490368911285,Tweed City Shopping Centre
153.38166223476955,-27.985400280183466,153.38289436494333,-27.984369319549593,Currumburra Rd near Cotlew St
153.32753250906654,-27.993805357872922,153.32854949090188,-27.992902642097366,Beaudesert Nerang Rd at Oak Street
153.5397525362674,-28.203027131381287,153.5407714636802,-28.202124468588757,Machinery Dr opp Amber Rd
153.39021623679918,-27.943401393972938,153.39123976111475,-27.942419605843632,Whiting St at Usher Avenue
153.4720007759002,-28.141443062773728,153.47314202257408,-28.140387837216664,Currumbin Creek Rd near Love St
153.32655697911386,-27.896276463697948,153.32831042018321,-27.895333936458393,Helensvale State High School
153.327148824598,-28.000592274089893,153.32824517220195,-27.998920725792505,Weedons Rd at Nerang High School
153.36715971705084,-27.8787937758034,153.36823538272887,-27.8776148239365,Broadwater Ave at Mervyn Thomas Drive
153.42382101809216,-28.10020708496256,153.42489088252682,-28.09899741485601,Classic Way at Treetops Plaza
153.3091172744706,-27.945948560174685,153.31016572544127,-27.944852439601256,Brockman Way near Bowley St
153.39639646575003,-28.110059846782534,153.39741453421158,-28.109157153187656,Bridgman Dr near Woodland Dr
153.52929308410282,-28.23064280894305,153.53032191605044,-28.22962769095351,Lochlomond Dr opp Kinross Cl
153.40689926404295,-28.08811667171523,153.407957234833,-28.086872928193866,Christine Ave at Varsity College
153.4435780790863,-28.077358498393988,153.4449229199991,-28.07619950149719,Christine Ave at Hibiscus Haven
153.53035190384708,-28.215560390921663,153.5314653972267,-28.214634108743297,Woodlands Dr opp Turnberry St
153.4046873948107,-27.9316467487853,153.40570560600625,-27.930643250847798,Burrows St near Back St
153.4660554619172,-28.131843522779207,153.46766133554402,-28.130820777680928,KP McGrath Dr at Elanora State School
153.39956799216094,-27.93425765815986,153.40058440780055,-27.933354941810464,Hollywell Rd near Thelma Ave
153.40374410771807,-27.953203367836615,153.40491759230582,-27.952192932039537,Robert St near Muir St
153.30898630027093,-28.038051355782127,153.31000369969917,-28.037148644188168,Worongary Rd near Kookaburra Dr hail 'n' ride
153.3522950925683,-28.01705558031123,153.35334770834132,-28.015845919585058,Bonooroo Park Shopping Centre
153.3573936805257,-27.888594322369098,153.3584323192745,-27.887529677425785,Helensvale Rd at Sabrina Avenue
153.53903991905707,-28.22770882980534,153.5400590808905,-28.226806170164686,Darlington Dr after Banora Hills Dr
153.53394627615788,-28.22938499818897,153.53501142251213,-28.22848990141619,Lochlomond Dr opp Tralee Dr
153.4105272447483,-27.97743455982523,153.41179375536268,-27.976380439930637,Ferry Rd at Minnie Street
153.38116571666288,-28.330828033027423,153.38218588329994,-28.329925366942614,Byangum Rd opp Barnby St
153.34135843244334,-28.010279356151578,153.34237556752367,-28.00937664381869,McKenzie Dr at Monopoly Boulevard
153.4692192413161,-28.26897976553091,153.47067955982044,-28.267925333605564,Terranora Rd opp Dunguigan Rd
153.42664499288276,-27.96919114777385,153.42772601054614,-27.967479852106106,Seaworld Dr at Sheraton Mirage
153.33459184026165,-27.92318036218362,153.3356081597061,-27.92227763778673,Sir John Overall Dr at Helensvale Plaza
153.3742350878038,-28.00386017993324,153.37530641234858,-28.00269371979223,Ross St at Royal Pines
153.41044974132254,-28.32604173174207,153.41146985863745,-28.325139068227955,Tweed Valley Way after Buchanan St
153.33731348293978,-27.92660502991572,153.33983206478445,-27.92412861705169,Helensvale
153.40940254750655,-28.10230451164236,153.41171595385174,-28.100960386180343,Reedy Creek Rd at Ambassador Drive
153.39843587861623,-27.94465234957693,153.3994621209009,-27.943592650375884,Whiting St at Government Road
153.41232149306677,-27.998254353244562,153.41333850689344,-27.997351646725686,Slatyer Ave at Ferry Road
153.42518506287828,-28.048538376123105,153.4267959372329,-28.047306123208912,Markeri St near Sunshine Bvd
153.5408180024298,-28.177315653991755,153.54204939874964,-28.176351045458194,Wharf St opp Tweed Heads Civic and Cultural Centre
153.37728771012902,-28.33214833314332,153.37830788983416,-28.331245666826714,Tombonda Rd at Byangum Rd
153.42531245790963,-28.059954380961504,153.4267205413497,-28.05887761837014,Oceanic Dr at Miami School
153.4899340962109,-28.13932773163319,153.49142294747463,-28.136720670077946,Teemangum St at Kropp Park
153.36114287460344,-28.339391933487875,153.36216312536132,-28.338489266482174,Riveroak Dr after Somerville Cct
153.4373203366923,-28.082745133822698,153.43850186309822,-28.081838366170665,Burleigh St near Jabiru Ave
153.38224466774875,-27.981940955967445,153.38326153221433,-27.98103824400283,Currumburra Rd at Corporation Drive
153.40073301053337,-27.914854591126424,153.40231679676754,-27.912838509344287,Runaway Bay Centre
153.4016732921529,-28.076166574568823,153.40289270455955,-28.074901425475808,Ron Penhaligon Way at Banff Court
153.33235374240667,-27.883646906482696,153.33387645918805,-27.88233289335203,Monterey Keys Dr at Creekwood Place
153.40524603838634,-27.979777902381034,153.40641736084106,-27.97873369759457,Eileen Ave at Beryl Street
153.3836783415815,-27.987199097097726,153.384837956034,-27.986065402896553,Cotlew St at Ashmore Plaza
153.38010619934505,-27.961450296110318,153.3816877326102,-27.960218214741808,"Gold Coast University Hospital station, platform 1"
153.5583216008821,-28.26477146757589,153.56033249828093,-28.26381913265579,Cudgen Rd before Crescent St
153.38178332445398,-27.945071624037137,153.38301667656205,-27.94414637602168,Central St at Carrumbella Dr
153.35754894051416,-27.945841513165412,153.35871865808582,-27.94476668683721,Napper Rd near Benalla Ct
153.43986510312416,-28.141243044887897,153.44118089230975,-28.139764955259487,Silver Glade Dr at Laurina Court
153.379917046625,-28.014606763567336,153.3818042532188,-28.013286035275463,Nerang Broadbeach Rd at Garden Grove
153.3935079784289,-28.107336347119556,153.39452602153295,-28.10643365285065,Bridgman Dr near Royston Cr
153.5415705357939,-28.215851591350354,153.5426090673589,-28.214254008567462,Darlington Dr after Muirfield Pl
153.4112529687298,-28.093626357327302,153.41233363129305,-28.092463542328638,Yodelay St at Tracey Crescent
153.3384760780653,-27.912853194451476,153.3396219212081,-27.911828805526383,Mildura Dr at Pentland Court
153.3983737465189,-28.0999330420466,153.40028925919012,-28.09801195820825,Gemvale Rd near Reedy Creek Rd
153.4556554804617,-28.14728996038691,153.45682352080112,-28.146223039610376,Ware Dr at Hillier St
153.39171266759382,-28.006589064210807,153.39360433441945,-28.005557036252796,Allchurch Ave at Benowa Primary School
153.50690225899712,-28.194530429164338,153.5091028837944,-28.193229399635378,Lakes Dr after Gollan Dr
153.50881774065172,-28.15999738003695,153.50990846219244,-28.158876419880997,Coolangatta Rd at Kirribin Street
153.45979937574333,-28.112611206969813,153.46084992675725,-28.111562292895815,Nineteenth Ave near Mallawa Dr
153.43182081116302,-28.03149948455852,153.43300358783563,-28.030535115008213,Elizabeth Av at Oracle Boulevard
153.37320271633922,-28.330797633444604,153.37422288362438,-28.329894966525433,Hall Dr before Linden Ct
153.40183069580567,-27.95487235668242,153.40284730415559,-27.95396964328787,Ernest St near Walter St
153.2840744371893,-27.91402587045875,153.28528156251443,-27.913116129544722,Cobb and Co Dr near Appollo Pl
153.41807085041248,-28.050889039125327,153.41910384915005,-28.049810260813036,Rio Vista Bvd near Wayfarer Ave
153.37653573982348,-27.945144358681432,153.37755226014025,-27.944241641288883,Allied Dr at Spikes Ct
153.40677725520203,-27.963606455832913,153.4077939447587,-27.962703744137375,Smith St at High Street
153.54601195639222,-28.21997052979354,153.54703104355474,-28.219067870176495,Sexton Hill Dr after Terranora Rd
153.36208564877134,-27.969733475289686,153.36381334778343,-27.968644525408507,Activity Cres at Production Avenue
153.43917037336348,-28.138879430953022,153.4402486252899,-28.13756356892433,Casuarina Dr near Silver Glade Dr
153.38088438861743,-27.98914598223576,153.38222651127046,-27.988040817486027,Currumburra Rd at Ashmore Primary School
153.45431505899393,-28.115087011483457,153.456243237507,-28.113971189353023,Nineteenth Ave near Melaleuca Dr
153.4163311985393,-28.029680544999216,153.41755430139352,-28.0286419547998,Rio Vista Bvd at Rudd Street
153.47483295100756,-28.12579725190342,153.47588104748533,-28.124513748029255,Gold Coast Hwy at Palm Beach Police Station
153.39855289350692,-27.912569859637625,153.3995691064547,-27.91166714033269,Lae Dr at Morala Avenue
153.39933738053688,-27.942545703055742,153.4004696185527,-27.941597296620113,Government Rd at Labrador State School
153.39288826743697,-28.092102265572404,153.39655352478127,-28.09052093715818,Scottsdale Dr at Firebird Street
153.4381226611519,-28.111608244274073,153.4391407388057,-28.110705555696082,Township Dr near Tsipura Dr
153.47681620064884,-28.154388615918762,153.4778408982723,-28.153242984035902,Bienvenue Dr near Border Dr
153.52789279113765,-28.217314781736526,153.5290758074416,-28.216380917644177,Covent Gardens Way at Honeymyrtle Dr
153.4005196731797,-27.95968535643935,153.40153632678167,-27.958782643530945,Brooke Ave near Mole Ave
153.40158223937848,-28.0520813503115,153.40259976058272,-28.051178649658723,Markeri St near Ron Penhaligon Way
153.37726774288564,-27.944499358685597,153.378284257078,-27.94359664128471,Allied Dr near Range Ct
153.32584930242513,-27.9414032108143,153.3268986966771,-27.940207789100572,Santa Isobel Bvd near Mussau St
153.33673719706988,-28.060276353081896,153.33775480289754,-28.059373646888343,Worongary Rd near Vince Hinde Dr (Hail n Ride)
153.56502366368449,-28.19770512980359,153.56604253626065,-28.19680247016644,"Fingal Head Public School, Prince St"
153.39800235548935,-27.980234252542328,153.39911004381798,-27.97924194743632,Kindra Ave near Larwon Tce
153.40560979289998,-27.953110726793646,153.40673320827577,-27.952083273193825,Ahern St near Robert St
153.31952939614578,-27.927943002193118,153.3220517081049,-27.92567586784714,Capricorn Dr near Windward Rise
153.47290097054466,-28.215765935218016,153.47392002940938,-28.214863264752058,Terranora Lakes Country Club
153.4246494157232,-28.077915119279556,153.42618458378456,-28.07676587995591,Honeyeater Dr at Thornbill Place
153.40349359497455,-27.978497458468347,153.4050804044058,-27.977564441647992,Blake St near Alicia St
153.40565649720997,-27.98705562062743,153.40676180279465,-27.986084179302136,Benowa Rd at Drury Avenue
153.45258040078025,-28.124603442528365,153.4535985991759,-28.123700757441767,Ironbark St near Daisy St
153.31010483253434,-27.924570363183953,153.31112116743574,-27.92366763678639,Palmerston Dr near Maui Cr
153.28723755668955,-27.916885429063313,153.28833644396502,-27.915612570651646,Cobb and Co Dr near Bahkeeta St
153.45780879015464,-28.148083340652512,153.45882720980092,-28.14718065931762,Galleon Way at Ware Drive
153.4581915376438,-28.156345802898805,153.4594984584226,-28.154953197227126,Galleon Way near Keegan Cct
153.38613292024945,-27.906684360696953,153.38714907971334,-27.905781639273364,Kangaroo Ave near Possum Ct
153.31452637749408,-27.893591965023184,153.31554242247566,-27.892689234947184,
153.39965701925928,-27.971180655732717,153.4006737807021,-27.970277944237562,Southport State School
153.30924956339047,-28.003343058051474,153.31026663657968,-28.00244034191882,Dugandan St at Teasdale Drive
153.5269730156761,-28.16812604540427,153.5286930837924,-28.166905153535883,Musgrave St at Kirra Shops
153.45908993936598,-28.137696141255777,153.46010826058946,-28.136793458714347,Murtha Dr at Myco Court
153.48864466590408,-28.136276150447713,153.49030633592724,-28.134874449283302,Currumbin Wildlife Sanctuary
153.48935059766936,-28.21397637264485,153.49072029982173,-28.21299802761632,Terranora Pde opp Coral St
153.37999069846066,-28.089038210632133,153.38198650044325,-28.088066489657738,Gemvale Rd near Somerset Dr
153.3351493623288,-28.019517815975437,153.3363163386102,-28.018109183539696,Explorers Way at Cozens Way
153.41329442723628,-28.013080083955952,153.41461227425955,-28.01189131602074,Salerno St at Salerno Street
153.401355963487,-28.329437276715357,153.40300053499286,-28.328458423587573,Alma St before Tweed Valley Way
153.4016656905823,-27.956506054432076,153.40285710940992,-27.955602645533826,Clayton St near Musgrave Ave
153.41422516644548,-28.06774054856879,153.41524283351447,-28.06683785140141,Cottesloe Dr near Manly Dr
153.4142795411587,-28.047527174576768,153.41554536023432,-28.046566924719958,Barrier Reef Dr near Rio Vista Bvd
153.39849815514373,-28.06992834930827,153.39951584481776,-28.069025650661956,Killarney Ave near Turnberry Ct
153.4329682972335,-28.04021934928113,153.43398570272467,-28.039316650689095,Gold Coast Hwy at Cronulla Avenue
153.36959136085127,-27.96990996967242,153.37082793974622,-27.968827730238324,Crestwood Dr at Watergum Parade
153.47052603924317,-28.1193150126498,153.4716873630079,-28.117722987050758,Gold Coast Hwy at Eighth Avenue
153.3184949242853,-28.006922289371712,153.31951447623723,-28.005888310588528,Gilston Rd near Riverpark Dr (Hail n Ride)
153.51645185260185,-28.20233576553362,153.51755304874604,-28.20143673442841,Hillcrest Av after Lakeview Pde
153.37138316373523,-27.990664902507586,153.3725358361296,-27.989660097412024,Girral Ave near Tibor Ct
153.4685304978952,-28.157078382118904,153.46969840109054,-28.156163617899207,Clives Cct at Hoffschildt Dr
153.44067906318304,-28.068806846935725,153.44169673677428,-28.06790415303447,Gold Coast Hwy at RACQ
153.3909777152296,-27.9689543917087,153.39229846961896,-27.96792357398593,GCS relief point
153.38128632624006,-27.99124306474495,153.3825062730173,-27.990167335207513,Currumburra Rd at Mualla Drive
153.53275507472216,-28.21495863530103,153.53386482561564,-28.21397576465849,Darlington Dr after Woodlands Dr
153.41743904956715,-28.090810259881874,153.41860365079336,-28.089821339933593,Cumberland Dr near Silvabank Dr
153.39212782627948,-27.94982051240683,153.39393917736325,-27.948701488375843,Usher Ave near McMillan St
153.43229703505708,-28.024502904330678,153.43364196847614,-28.022498095008125,Old Burleigh Rd at Britannia Avenue
153.37284096059605,-27.897878361971298,153.37385703936803,-27.896975637999056,Myola Ct at Georgia Street
153.388053897073,-27.91166936026747,153.38907010288963,-27.910766639702857,Oxley Dr at Lae Drive
153.479134590162,-28.13446289052888,153.48036740898004,-28.132997108776518,Duringan St at Panorama Drive
153.39717874188784,-27.96487063744695,153.39842025930443,-27.963902361974274,Johnston St at Ewan Street
153.3744719286428,-27.946305874034827,153.37563707305713,-27.945390125987334,Allied Dr at Carnoustie Ct
153.40026280068997,-28.334416931758536,153.40128299927096,-28.333514268211474,Tweed Valley Way before Holland St
153.48491177493545,-28.151721338647228,153.4859302250175,-28.15081866132289,Mirreen Dr near Cocararra Ct
153.36018007094026,-27.92948946634478,153.36126592678568,-27.92799953354212,Arundel Dr near Paterson Dr
153.40400020932452,-28.112140681622655,153.405062293899,-28.11049811827805,Wyllie Way near Gordonia Dr
153.4079468645396,-27.9494113586326,153.409212137181,-27.948470641485432,Gold Coast Hwy at Central Street
153.3950453290249,-28.32841493244255,153.39606547093658,-28.327512267527506,Brisbane St opp Sunnyside Mall
153.3252938738214,-27.907959402024765,153.3265641273468,-27.90702659806332,Discovery Dr at Eugenia Reserve
153.39726735809091,-27.962862956410188,153.39828404187077,-27.961960243560114,Smith St at Shillington Avenue
153.38799375420496,-27.891986998403898,153.38921484288218,-27.890755001642564,Oxley Dr at Daisy Elms Park
153.47135680251068,-28.145678339941135,153.47237519744365,-28.14477566002899,Currumbin Creek Rd near Teatree Ave
153.35870399996486,-27.97478115764311,153.35972080000047,-27.973878442327177,Macquarie Ave near Ashmore Rd
153.37124957691324,-27.979849356677413,153.37226642305092,-27.978946643292876,Mitchell Ave near Sturt St
153.4088215494011,-27.986201354234634,153.40983845055948,-27.985298645735647,Centro Southport
153.40990402988524,-28.011677152500297,153.41092117007517,-28.01077444746994,Ashmore Rd at Upton Street
153.43167224946265,-28.017807087906778,153.432847652951,-28.01665391211231,Old Burleigh Rd at First Avenue
153.36393045242855,-27.96355301629186,153.3653907322062,-27.96255307998276,"Parkwood East station, platform 1"
153.5289172663288,-28.215696703082035,153.5299976323635,-28.214801896845202,Covent Gardens Way before Woodlands Dr
153.54428223799155,-28.18113259400847,153.54545446155126,-28.180222105998745,Keith Compton Dr opp Buchan Av
153.41832479070007,-28.020477272149737,153.41963420378062,-28.018855728008315,Rio Vista Bvd at Sheridan Park Avenue
153.4080170272587,-28.066581938272243,153.40908707272405,-28.065433461413534,Manly Dr near Sandringham Dr
153.40583859068238,-27.949648215471882,153.40686930852968,-27.948617384084574,Central St near Proud St
153.40732975808302,-27.94164435724257,153.40834624187772,-27.940741642727726,Gold Coast Hwy at Labrador Senior Citizens
153.4841137942703,-28.147621338970858,153.48513220568276,-28.146718660999255,Taperell Dr near Wickham Cr
153.43452826810193,-28.08698155377835,153.4358627363966,-28.08603309035572,Auk Ave at Dunlin Drive
153.48691417584075,-28.214871034347727,153.48793322411188,-28.213968365622346,Simpson Dr before Terranora Pde
153.3823402572938,-27.955660000697055,153.38379474411377,-27.954632198321608,Olsen Ave at Southport Lawn Cemetery
153.38088212677937,-28.328705633182818,153.38190227318347,-28.327802966787225,Waterfern Pl at Coral Fern Cct
153.3337900056915,-28.015574533769005,153.33494239696682,-28.014418566226972,Explorers Way near Garvie Pl
153.50525129454056,-28.1957370992166,153.50665850640007,-28.194685900077772,Scenic Dr after Gollan Dr
153.40456800316178,-28.010849959565725,153.40658539577493,-28.00987984072036,Ashmore Rd at Campbell Street
153.4555548666597,-28.132725927788538,153.45677313392028,-28.131724071899377,Doubleview Dr at Swanbourne Way
153.4816157767736,-28.15128033889641,153.48263422317967,-28.150377661073705,Alinjarra Dr near Clancy Ct
153.3884908515717,-27.915030833066936,153.38989514556098,-27.91368216703625,Oxley Dr at Cayman Court
153.3572265373564,-27.988113356841005,153.3582434626091,-27.987210643129266,Southport Nerang Rd at Stewart Parade
153.39484032637674,-27.98886332196466,153.39600847142069,-27.987737478039325,Cotlew St at Tecoma Street
153.41025797130703,-27.980266904521397,153.41137203035547,-27.97882909525887,Ferry Rd at Harvest Court
153.39429463051428,-28.115725187022466,153.3956094692278,-28.114624712766386,Observatory Dr near Golden Grove Bvd
153.35946053582074,-28.051366640470633,153.3605873638515,-28.050095259085403,Bourton Rd near Willunga Pl
153.3926775835817,-28.085036048632553,153.3936954163803,-28.084133351337666,Christine Ave at Olympus Drive
153.48568126933,-28.21622303434134,153.4867003306228,-28.215320365628724,Simpson Dr at Sierra Vista Bvd
153.45656094904695,-28.128360476610023,153.4575808503964,-28.127370123192836,Avocado St near Doubleview Dr
153.37683497886403,-28.000815755011928,153.37785202109956,-27.999913044958333,Ross St at Benowa Village
153.38760067996714,-28.074448948564562,153.38870711863726,-28.073543250942734,Robina Town Centre Dr at Eastlake Apartments
153.54032337478318,-28.19252407936781,153.54153272649643,-28.19160042068718,Minjungbal Dr opp Lloyd St
153.53512560321627,-28.167717734053802,153.53614419673178,-28.166815065916275,McLean St at Queen Elizabeth Park
153.3789907810585,-28.338256432650024,153.38001101890458,-28.337353767320014,Kyogle Rd at Sylvan St
153.426752502912,-28.04970227061806,153.42788999609564,-28.048337229049576,Sunshine Boulevard near Markeri Street
153.4537941970513,-28.136026054243555,153.45487580378463,-28.13476594555963,Doubleview Dr at Attadale Court
153.37845750408292,-27.99546335527872,153.37947449588052,-27.994560644691536,Warrungen Way near Yangoora Cr
153.37554155511944,-27.899084761752547,153.37655764484438,-27.8981820382178,Hansford Rd near Tarni St
153.54395584635844,-28.178093366321345,153.54513085467931,-28.177032433664497,Powell St opp The Tweed Hospital
153.41361634490946,-28.02981035109754,153.4146336550506,-28.0289076488727,Rudd St at Rosemont Avenue
153.4586716789851,-28.142405690762786,153.45982032103842,-28.141406309133476,Ware Dr near Aethalia St
153.4068070914739,-28.064396002103237,153.40841421179937,-28.06333309846806,Manly Dr near Pipers Pt
153.44072944633578,-28.086669265105,153.44196055491727,-28.08574173496387,Burleigh St at Sandpiper Dr
153.4183798815449,-28.01384374328805,153.41944111849926,-28.012708256457955,Salerno St at Fiesta Avenue
153.35696943697417,-28.026372410565912,153.35820256337269,-28.025348589167457,Michelmore Rd near Hickey Way
153.32836746965373,-27.99541285860311,153.32960853125053,-27.994422140935303,Birribi Ave near Nerang River Dr
153.39525673325699,-28.075533458284934,153.39674486721157,-28.074606141769216,Glen Eagles Dr near Karrinyup Pl
153.5155222746854,-28.188633591123878,153.51673722551166,-28.18761160867521,Kennedy Dr after Limosa Rd
153.43066670356228,-28.030423143399783,153.4318992968062,-28.029355856476588,Surf Pde at Broadbeach Mall
153.42466045520874,-27.978209144705662,153.42583454391055,-27.977293855315978,Tedder Ave at Lennie Avenue
153.3241407186526,-27.92747558399409,153.32549528369236,-27.926501416246346,Pacific Pines Bvd near Capricorn Dr
153.46178137659513,-28.110994852518346,153.46295752466915,-28.11007754751214,Townson Ave near Nineteenth Ave
153.37246504705905,-28.092036351291238,153.37452594849822,-28.090207648662325,Somerset Dr at Somerset College
153.38880046488092,-27.97709358011984,153.390466833064,-27.975678419700607,Nerang Rd at Wardoo Street
153.53155248529026,-28.231007532182478,153.53262651335118,-28.230110867394973,Lochlomond Dr opp Stonehaven Way
153.39994328878217,-27.945850204205804,153.4011057111127,-27.944846795652968,Wilson St near Saltash St
153.4179253056404,-28.05946924890002,153.4189428943192,-28.058566551070182,Rio Vista Bvd near Karabella Ct
153.38787786452315,-27.918420361754595,153.38917713662426,-27.91726563818888,Oxley Dr at Thyme Court
153.39480514017774,-28.073056349304974,153.3958228597841,-28.072153650665236,Glen Eagles Dr near Princeville Ct
153.49194793919165,-28.14520450942892,153.4934521606482,-28.144296690587705,Toolona St near Atkin St
153.39960830932836,-28.332599431915014,153.40062849063267,-28.33169676805502,Wardrop St at Greville St
153.4187875981978,-28.03652544676058,153.4206005017006,-28.03522285233636,Nerang Broadbeach Rd at Rawle Court
153.4219305961908,-28.090421021630174,153.42311080467985,-28.089453678011385,Treeview Dr at Treetop Court
153.38396473953236,-27.963913412657668,153.38573245397782,-27.962728316676536,"Griffith University, platform 3"
153.33764236653798,-27.92236827697441,153.3390379346867,-27.921151922907555,Gold Coast Hwy at Discovery Drive
153.56595024874647,-28.24175458030454,153.56710515020475,-28.240804619286923,Kingscliff St before Shell St
153.38969463162007,-28.00549857367485,153.390946369573,-28.00452642573179,Benowa Rd at Benowa State High School
153.38652022133408,-28.08327985839359,153.3880006790467,-28.082084341199412,Christine Ave at The Crestway
153.5102301972383,-28.189659534404875,153.51124900271216,-28.188756865565196,"Tweed Regional Museum, Kennedy Dr"
153.4892095609213,-28.15475223815818,153.49022803903122,-28.153849561811928,Inland Dr at John Flynn Hospital
153.32697489235477,-27.93553626387683,153.32842010777145,-27.934625736111123,Pacific Pines Bvd near Papara St
153.55612351352423,-28.229180828415586,153.5571426864217,-28.228278171554447,Chinderah Bay Dr opp Homestead Holiday Park
153.39368314642246,-27.97071233567714,153.3951441275189,-27.96962693569769,Queen Street station (Southport)
153.38081578178338,-27.978930156240462,153.38183261817986,-27.978027443729825,Currumburra Rd at Green Glen Road
153.32482623050026,-28.053045354102196,153.32584376946832,-28.052142645868056,Worongary Rd near Harry Mills Dr hail 'n' ride
153.366048945035,-27.952246722049033,153.36758705230653,-27.95122727838132,Parkwood Bvd near Casper St
153.3186817560215,-27.94101536173274,153.3196982439477,-27.9401126382376,Santa Isobel Bvd near Chatham Ave
153.39753123909412,-27.92830063199928,153.39864496383007,-27.927146367948843,Morala Ave near Kropp St
153.2732809504686,-27.96310946214171,153.27429764950503,-27.962206737828634,
153.55461556419272,-28.237440695036227,153.55578093613053,-28.236450804791243,Wommin Bay Rd at Walsh St
153.3173405255679,-27.946722878365957,153.3183794737646,-27.945589121563536,Pitcairn Way near Easter Cr
153.40384162565059,-28.0734569517776,153.4049073743653,-28.07231504794039,Ron Penhaligon Way near Great Southern Dr
153.3575869723921,-28.00140258816207,153.36102542699527,-27.999538608227468,Nerang Broadbeach Rd at Lakeview Drive
153.47357105266528,-28.138484121334763,153.47460714723866,-28.13742587856584,Currumbin Creek Rd at Currumbin RSL
153.45856084398855,-28.13671034135429,153.45957915596702,-28.135807658615853,Murtha Dr near Foothill St
153.54028518278417,-28.179333658008186,153.54154611637003,-28.178410042054736,Wharf St at River Tce
153.3999935826452,-27.938499106236552,153.40118841354732,-27.93718389377981,Government Rd near Ashton St
153.4228180837452,-27.983251093419153,153.42487743794695,-27.98143056824091,Main Beach station
153.39521253212234,-28.063111611576353,153.39664686970258,-28.06182918837258,Tullamarine Dr near Moorabbin Pl
153.39066255563418,-28.001915883093865,153.39184324474905,-28.000919516695348,Benowa Rd at Collins Crescent
153.37908942654042,-27.943360099957335,153.3807875731662,-27.942084899358907,Allied Dr at Central St
153.38315347138175,-27.97713899263191,153.38432123106344,-27.975988807380773,Nerang Rd at Aquinas Catholic College
153.35227196410546,-27.950176005415837,153.3534012385354,-27.949039394556134,Daintree Dr near Wardley Dr
153.39992767773833,-27.95870435653647,153.40094432222313,-27.957801643433825,Brooke Ave near Deakin Ave
153.37441397179603,-27.895499362045896,153.3754300281679,-27.894596637924437,Esplanade at Tarni St
153.4263061683651,-28.046260649279585,153.42732363159365,-28.045357950690626,Sunshine Bvd at Lindon Park
153.41815273172224,-28.046715268716596,153.41925706819654,-28.04551213077452,Markeri St near Intrepid Dr
153.50133735233035,-28.241109631630525,153.50235664762087,-28.240206968339518,"The Pavilions Marketplace, Terranora Rd"
153.34644114881303,-27.95257249908776,153.34816009330368,-27.9505403520053,Greenacre Dr at Parkwood station
153.3965120815919,-27.93618332396534,153.39757691796194,-27.93500667586506,Labrador Park Shopping Centre
153.4771020078643,-28.136975601929272,153.47819499217493,-28.135794397666146,Duringan St at Fielding Street
153.44086582433752,-28.098260344986226,153.44188377561983,-28.097357654983956,Stockland Burleigh Heads
153.33732830844485,-27.892674600593686,153.33952610738552,-27.891401581469577,Helensvale Rd at Monterey Keys Drive
153.39961578599664,-27.947654219190927,153.40074921568828,-27.946747780796127,Wilson St near Heydon Ave
153.33815141290538,-28.00492447528819,153.3394042852443,-28.00329452415143,Cayuga St at PCYC Nerang
153.45622583704284,-28.138144341407408,153.45724416291293,-28.13724165856272,Guineas Creek Rd at Doubleview Drive
153.37748583426193,-27.92497135995475,153.3785021657017,-27.924068640015566,Coombabah High School
153.33516283843835,-27.913005416476334,153.33648315770773,-27.91160558365991,Ridgevale Dr at Dubbo Court
153.36826816863805,-28.090962627436586,153.36950313167392,-28.090050372566687,Swanton Dr near Somerset Dr
153.4147105697313,-28.09969369475388,153.41617852871806,-28.09872830548112,Coolibah Cr near Willow St
153.35004513021684,-27.95665389114739,153.35108016961675,-27.955587908758876,Greenacre Dr at Fairview Ct
153.3667453657002,-27.98466425760631,153.36831033443886,-27.983751442384662,Southport Nerang Rd at Ashmore Road
153.43474351052882,-28.079894846565338,153.43576128942908,-28.078992153404847,Christine Ave at Hillstar Ave
153.31860915676324,-27.919477263148146,153.31962544320604,-27.91857453682219,Studio Dr near Hepburn Ct
153.39769313550755,-28.32709133238508,153.3987132644537,-28.32618866758498,Murwillumbah St at Queen St
153.53130099131076,-28.167840206264707,153.53344180636577,-28.166784594381838,Marine Pde at Kirra Beach
153.4195847713943,-28.09615061220494,153.42077992774605,-28.095086687770262,Mattocks Rd near Bushtree Ct
153.36435762115397,-28.076711350662176,153.36537537881077,-28.07580864930805,Railway Street near The Link Way
153.38217192601596,-27.90539936099152,153.3831880739472,-27.904496638978813,Marsupial Dr near Kangaroo Ave
153.3471973462871,-27.94888516234474,153.34822775398675,-27.947825337580593,Napper Rd at Daintree Dr
153.55418146649683,-28.248144501219745,153.5552057342733,-28.24705089873438,"Chinderah Golf Club, Tweed Coast Rd"
153.40113993487407,-27.903750360072607,153.4021560650873,-27.902847639897725,Bayview St at Cassia Street
153.41293559281104,-28.076831569014892,153.41415150655814,-28.075915231015642,Lake St near Central Park Dr
153.35216041182238,-28.01479335533717,153.35317758814355,-28.013890644633115,Pappas Way near Meister Ct
153.4003140016836,-28.10249834706465,153.4013319982776,-28.101595652905527,Bridgman Dr near Old Coach Rd
153.28065243824105,-27.987114660283666,153.28166936173182,-27.986211939686655,
153.41485827558543,-27.977211747850365,153.4159987246042,-27.976210252076342,Bauer St near Chester Tce
153.42827483483296,-27.997312703635778,153.42977950040455,-27.995868736131783,"Cypress Avenue station, platform 2"
153.4241251289662,-27.981249646719355,153.4252678714118,-27.980272353116316,Tedder Avenue at Cronin Avenue
153.3944371808309,-28.085642348496926,153.39545501913096,-28.08473965147329,Christine Ave at Goldwater Drive
153.36921480218152,-27.96637333031194,153.37164845727347,-27.964978764222703,Production Ave near Mercantile Ct hail 'n' ride
153.31206991521054,-27.90690236425749,153.31308608475942,-27.905999635712877,Movie World
153.36968997723318,-27.97976195676302,153.3707068227311,-27.978859243207264,Mitchell Ave at Coachwood Drive
153.43366806960674,-28.042954045638336,153.43486570423096,-28.04143562438137,Mermaid Beach
153.41456711909228,-28.073290120106904,153.41562118178862,-28.072082179784157,Bond University
153.40780264086328,-27.94532965697421,153.40881915909745,-27.944426942996063,Gold Coast Hwy at Whiting Street
153.49615194888335,-28.19962503472636,153.49717085106843,-28.198722365243725,Scenic Dr at Warringa Dr
153.42857067379532,-27.98325800463605,153.42967262898918,-27.982130095299446,Main Beach Pde at Breaker Street
153.3087520588268,-27.904328133474845,153.3098514413786,-27.90314706601266,Califorina Dr near Riversdale Rd
153.54201131317018,-28.220856575771524,153.54315108718592,-28.219881424076885,Cominan Av opp Worendo Pl
153.4578972103004,-28.103698891221757,153.45907919130943,-28.102779308816988,Townson Ave near Boodera St
153.3814650664107,-27.93324890367092,153.38274193604275,-27.932014096394393,Brisbane Rd at Centre View Drive
153.38715420128926,-27.922798828496184,153.3883208017776,-27.921057171242445,Oxley Dr at Limetree Parade
153.54035950588852,-28.18835503230395,153.541378294059,-28.187452367666097,Minjungbal Dr opp Dry Dock Rd
153.40412817830654,-27.93727965770837,153.4051446216545,-27.93637694226192,Brisbane Rd at Loder Street
153.46078573595034,-28.159584339705507,153.46180426400497,-28.158681660264612,Galleon Way near Jutland Pl
153.39929515813293,-28.06930434930537,153.4003128418284,-28.068401650664846,Killarney Ave near Huntingdale Cr
153.3590332722436,-28.044562353042824,153.36005072772167,-28.043659646927434,Merridown Dr near Tarbert Cl
153.49582260051034,-28.146491038252538,153.49684099944156,-28.145588361717575,Coolangatta Rd near Cabarita Ave
153.38821501546042,-27.950778210275704,153.38924598435278,-27.949741789573736,Government Rd at Galaxy Court
153.40089633304476,-28.327649032171372,153.40191646691613,-28.326746367798656,Tumbulgum Rd at Sunnyside Lane
153.40232058926807,-28.089335249048744,153.40348060967708,-28.0879314505531,Christine Ave at Varsity Sound Avenue
153.3919253085743,-27.935785919757844,153.39432269002126,-27.934396077843726,Brisbane Rd at Treasure Island Caravan Park
153.461138410307,-28.140744321669047,153.46224058997143,-28.139510677948834,Galleon Way at Aegean Way
153.3665982015438,-27.97443441573017,153.3676167992341,-27.973431583932022,Breakspear Rd at Mahogany Hill Park
153.40771075416632,-27.94248635716588,153.40872724579438,-27.94158364280441,Gold Coast Hwy at Grand Hotel
153.4396980863073,-28.08510434592314,153.44071591365014,-28.084201654047032,Burleigh St near Corella Ave
153.40081482494253,-27.943767288876394,153.40310017470856,-27.942844711229526,Imperial Pde near Turpin Rd
153.40499885770495,-28.322536832281173,153.40601894225557,-28.32163416768886,Charles St at George St
153.39017317150328,-28.09376234691006,153.39123882564093,-28.092197853003206,Gemvale Rd near Langport Pde
153.40287443150703,-27.981451423952272,153.40389446812569,-27.980447076010876,Shirley St near Melinda St
153.40688759634057,-27.939567629443165,153.4081834049196,-27.938629370665392,Marine Pde at Parker Street
153.38297791528606,-27.90770636079771,153.38399408467706,-27.906803639172615,Kangaroo Ave at Kangaroo Park
153.36028506942804,-27.974851174879465,153.3613159303387,-27.97381682495886,Macquarie Ave near Watford Cr (Hail n Ride)
153.47557777696676,-28.151144339304718,153.47659622298715,-28.150241660665383,Cannon Dr near The Cross Rd
153.40917809452105,-28.048688015490942,153.41104788712835,-28.04694113939911,Markeri St near Orpheus Rd
153.52562986484148,-28.193503713367537,153.5266350341161,-28.192533386208705,"Taranora Slipways Park, Dry Dock Rd"
153.3155745098565,-27.90747572698941,153.31668948842432,-27.906035272819274,Entertainment Dr at Movie World
153.4099083519118,-28.02827035140979,153.41092564804856,-28.027367648560453,Bermuda St at Rudd Street
153.42106033855825,-28.089031644194705,153.42286446197903,-28.087792354683923,Mattocks Rd at Bluemoon Cl
153.5125917684478,-28.189108622426634,153.51370523233115,-28.18810837755292,Kennedy Dr opp Limosa Rd
153.32134962147944,-27.993551371944548,153.32302737911985,-27.992611628156777,Beaudesert Nerang Rd at Billabirra Crescent
153.4912739641288,-28.212146827322997,153.49276033483582,-28.211063571772492,Yvonne Cres after Peninsula Dr
153.33859354936087,-27.98533935791942,153.33961045060641,-27.984436642050873,Nerang Bicentennial Centre
153.40634463020038,-28.328316731823246,153.40736476975997,-28.327414068146787,232 Tweed Valley Way
153.4246548849064,-28.039852422860545,153.42575221483526,-28.038634276802348,Sunshine Bvd at Bordeaux Street
153.34959690033142,-28.00514511168017,153.3506181003631,-28.00413788802119,Pappas Way near Dawnann Ct
153.52997762659683,-28.224243154900353,153.53139657082153,-28.222918645173422,Amaroo Dr opp Glen Ayr Dr
153.35694725967974,-28.0727333578206,153.35798073945514,-28.071592642125413,Mudgeeraba Rd near Scullin St
153.3952558016947,-27.94420930844004,153.39646119915747,-27.94313369152194,Whiting St at Brown Street
153.37741859969165,-28.08783008106929,153.37855250035042,-28.086839218843398,Swanton Dr near Chute St
153.38721705207738,-27.987720169680994,153.38827434848247,-27.986633529862864,Cotlew St at Parkleigh Court
153.40512194446978,-27.94805941239184,153.4064010537102,-27.946404586967233,Muir St near Grace Ave
153.37601202865426,-27.986092164809993,153.3774359714278,-27.984963834754115,Cotlew St near Patonga St
153.3557408314582,-28.080043035827803,153.35739506804708,-28.078769363606135,Cobai Dr at Chippewa Circuit
153.42378493464577,-28.09532600328568,153.42504706537804,-28.0942619964885,Treeview Dr near Oakland Ct
153.41172068477704,-27.988258257017975,153.4129843130894,-27.987312743110675,Ferry Rd at The Southport School
153.42387155157473,-28.029000439960207,153.42508294700866,-28.02789416004845,Sunshine Bvd at Sonder Street
153.52616483347668,-28.18254913264053,153.52718556478607,-28.18128236730634,Ducat St before Compass Way
153.40371785464274,-27.965937187095093,153.40522714484734,-27.964799812172938,Johnston St near Maid St
153.36214143375554,-28.069153107232193,153.36357856827658,-28.067852892746924,Highfield Dr near Breakwater Road
153.3907309457213,-28.11422834681626,153.3917490542409,-28.113325653153915,Observatory Dr near Willow Tree Dr
153.55639572385073,-28.251245725009067,153.55741907539507,-28.250172274950618,Tweed Coast Rd opp 140
153.53488170028888,-28.205385933349177,153.5361931990919,-28.20433996616735,"Tweed Heads Homemaker Centre, Greenway Dr"
153.4274678952468,-28.05347821418363,153.42857670228977,-28.0519291856755,Sunshine Bvd near Cadence Ave
153.54327056070227,-28.219013630063003,153.54428963924494,-28.21811096990702,Cominan Av at Tooloona Av
153.3278502649319,-27.91805317788411,153.3289108358084,-27.91684532197676,Lindfield Rd near Brookton Ct
153.3910459357125,-27.951302726849082,153.39249506396374,-27.950175272572064,Government Rd near Morinda Way
153.403779138908,-27.920806330891025,153.40503886140584,-27.91972566894857,Bayview St at Madang Crescent
153.38722127250614,-28.070888213192895,153.38834102937324,-28.0694108865896,Robina Town Centre Dr at Leabrook Crescent
153.53875078216572,-28.214411630704642,153.53976981778197,-28.213508969265405,"Club Banora, Leisure Dr"
153.41207192838866,-27.97329955756948,153.41319077297314,-27.972267242415853,Queen St at Garden Street
153.44297104399894,-28.09412334512995,153.44398895595813,-28.093220654840245,West Burleigh Rd at George Street West
153.48915937866641,-28.15100083840883,153.49017782128612,-28.1500981615613,Cabarita Ave near Mirreen Dr
153.41229440108737,-28.078982403841394,153.41343939689148,-28.077891296144905,Varsity Pde at Assembly Drive
153.35945464100718,-27.987361656779985,153.3604715589581,-27.9864589431903,Southport Nerang Rd at Central Park Plaza
153.39183962082527,-27.98605140363442,153.39325007687822,-27.984750396409776,Wardoo St at Petra Street
153.5295028040044,-28.220514199729692,153.53064759629942,-28.21960610025955,Ash Dr after Oakland Pde
153.35246327885747,-28.01077094073409,153.3536457218081,-28.00985605928404,Pappas Way near Mercator Ct
153.39752149957417,-27.911257859780367,153.39853770038755,-27.910355140189957,
153.4623038716056,-28.13092434149728,153.46332212834963,-28.130021658472852,Murtha Dr at Boya Court
153.38696032328374,-27.955025374969463,153.38829667454692,-27.954061625236157,Musgrave Ave at Keith Hunt Park
153.42845371031254,-28.006804144268873,153.42969857132252,-28.005497813724034,Surfers Paradise
153.41916427484307,-28.064858863365252,153.42035972689231,-28.063935136688183,Cottesloe Dr near Kirup St
153.3680414058298,-28.016258354450287,153.3690585941346,-28.01535564551997,Birmingham Rd near The Boulevard
153.45286004566523,-28.093916344531383,153.45387795429093,-28.093013655438796,Tweed St at George St
153.40944355589573,-27.98482525428981,153.41046044406477,-27.983922545680482,Benowa Rd at Centro Southport
153.35971208901717,-28.04844981607749,153.36103541076156,-28.04737138355396,Gooding Dr at Bourton Road
153.33283843950466,-28.005357227206492,153.33417355983818,-28.004304772266426,Mortensen Rd near The Linkway
153.35377955135948,-27.924191643139253,153.3570367547161,-27.92275725885461,Gold Coast Hwy at Marble Arch Place
153.32554539624982,-27.910508922526923,153.3268386045361,-27.909381077368014,Discovery Dr at Hession Oval
153.43385254689767,-28.083061196606852,153.43498775529469,-28.081511703155698,Dunlin Dr at Courser Court
153.39832046063805,-27.923031389863358,153.39956754054512,-27.92148860941195,Morala Ave near Broadwater St
153.39047327612988,-27.947352776978626,153.39149042441647,-27.94636372283842,Central St at Central Street
153.34242225744669,-28.015985108475302,153.3434632419709,-28.014928991144657,Alexander Dr at Kahlua Court
153.40936643809073,-28.085782964137284,153.4113972633321,-28.084547834059336,Christine Ave at Regensberg Close
153.4849184407354,-28.137808239563594,153.4859367592176,-28.13690556040653,Wild
153.40759213804773,-27.96644202774351,153.40861886229916,-27.965391972198017,Johnston St near Kate St
153.46921651072145,-28.154203560724497,153.4703580918962,-28.152576639044845,Currumbin Creek Rd near Bienvenue Dr
153.41538614537563,-28.053961376208957,153.41647485484458,-28.05280062333298,Barrier Reef Dr near Deloraine Ct
153.35291740087948,-27.957693320205596,153.3542363984129,-27.956767779865448,Greenacre Dr at Jamieson Drive
153.41561147046787,-28.017670516380537,153.41680152933165,-28.016640483519826,Monaco St at Pacific Boulevard
153.51612481089953,-28.207964532779133,153.5171437890503,-28.207061867190912,Champagne Dr opp Burgundy Ct
153.3642194627633,-27.975042955781742,153.36535953532024,-27.974135044194895,Macquarie Ave near Breakspear Rd (Hail n Ride)
153.5385660962634,-28.193345650411093,153.5396182037019,-28.192241949366668,Oxley St at Parry St
153.46998175032928,-28.15987974199234,153.47112394966632,-28.158885557905336,Clives Cct near Robinson Pl
153.39132915972166,-27.96243715676179,153.39234584024058,-27.961534443208507,Smith St at Kumbari Avenue
153.45874560449218,-28.153251529257528,153.46000039471582,-28.152242470282825,Galleon Way at Brigantine Court
153.3108387817234,-27.90321189014578,153.31247291726206,-27.90190020945941,California Dr near Nevada Pl
153.37400215267246,-28.042158701907603,153.37506804830863,-28.040909197957145,Gooding Dr at Merrimac Primary School
153.33347569525003,-28.145385447629916,153.3344941047176,-28.14448275234025,
153.43146320673213,-28.08264069714847,153.43294748734286,-28.08089130317187,Christine Ave at Burleigh Waters Library
153.42909018127563,-28.077938405059722,153.4305618161123,-28.076577094998537,Honeyeater Dr near Manakin Ave
153.33077587801935,-27.915061362891358,153.33179212194878,-27.91415863707899,Discovery Dr at Helensvale Primary School
153.43238844200573,-28.02148730017418,153.43351155743434,-28.020487699799613,Armrick Av at Broadbeach Boulevard
153.46192194938908,-28.103087395719978,153.46332265143764,-28.10189790407532,Twenty Seventh Avenue
153.54422001431806,-28.223496937919943,153.5453834840963,-28.22202106176116,Pioneer Pde opp Banora Point Public School
153.37505930174592,-27.998620196150288,153.3761916955027,-27.99698880367564,Warrungen Way near Mowla Dr
153.31425684623972,-27.92168236319405,153.31527315372998,-27.920779636776313,Village Way near Drama St
153.46454183388397,-28.10843330013459,153.4659918669069,-28.107220999597455,Gold Coast Hwy at Twenty First Avenue
153.3874144980227,-27.93858182631189,153.38846250334512,-27.937306173604473,Olsen Ave at Blanford Street
153.37736850081336,-27.996146355290772,153.37838549915023,-27.995243644679498,Warrungen Way near Merrina Dr
153.31762675301613,-27.94164636173777,153.31864324695326,-27.94074363823257,Santa Isobel Bvd near Amanu Cr
153.40858804885517,-28.05191655999471,153.4102473525335,-28.050554139637764,Barrier Reef Dr near Hayman Ct
153.35214535182067,-28.074192775544418,153.353265651236,-28.073022224406657,Old Coach Rd at Mudgeeraba State School
153.43505304552355,-28.048671188228628,153.436204950228,-28.046749011602362,Gold Coast Hwy at Annette Kellerman Park
153.54393232319507,-28.2058572308816,153.5449512767521,-28.204954569088436,Minjungbal Dr after Rivendell Rd
153.32551099394217,-27.899627899579084,153.32750601622948,-27.897030101240645,Discovery Dr at Kingaroy Avenue
153.37939453785398,-28.326367333415725,153.38041466210902,-28.32546466655432,Silkpod Av at Rous River Way
153.3188381414627,-27.90508742785938,153.32137181698582,-27.900291572023054,Helensvale Rd at St James Park Aged Care
153.4370107832064,-28.063993115320407,153.43861001764049,-28.062704384244277,Gold Coast Hwy at Miami State High School
153.55811725363156,-28.237977035946937,153.55935254684803,-28.23690336394421,Wommin Bay Rd before Phillip St
153.4011825735949,-28.010265889667135,153.40224222891857,-28.009205010212614,Ashmore Road Commercial Precinct
153.4715856775079,-28.12095926548503,153.47271542459526,-28.119432334284188,Gold Coast Hwy after Palm Beach Av
153.30842245684624,-28.00472835799582,153.30943954312397,-28.003825641974487,Dugandan St near Branston Ct
153.43825636957718,-28.06577028351254,153.4395864389853,-28.06391603302531,Gold Coast Hwy at Santa Monica Road
153.33847300027318,-27.91603936200428,153.33949999918212,-27.91496563794693,Mildura Dr at Halbury Court
153.4282486934006,-27.998405152309402,153.42926570655808,-27.997502447660846,Surfers Paradise Bvd at Cypress Ave
153.4334970785834,-28.029951726871744,153.4346349204656,-28.0290032727818,Old Burleigh Rd at Kurrawa SLSC
153.31970697027865,-27.945295938220923,153.3208630313968,-27.94421306178227,Archipelago St near Penrhyn St
153.40093628727485,-27.96346275083027,153.40407481326085,-27.96250324928197,Smith St at Southport State High School
153.5350486462924,-28.213654551477767,153.5363738547103,-28.212718948618203,Leisure Dr after Advocate Pl
153.54204200847892,-28.176410947102163,153.54322588940897,-28.175489352925347,"Tweed Heads Bowls Club, Florence St"
153.30901872751966,-27.919811710760644,153.3100742706783,-27.9188172891332,Universal St near Crestridge Cr
153.27421044578463,-27.96411756204035,153.2752271541889,-27.96321483792997,
153.35238485687952,-28.071563173036168,153.35355314462987,-28.070481826968596,Old Coach Rd at Sid Bigg Park
153.46867494541848,-28.115397342110086,153.46969305453615,-28.114494657860067,Gold Coast Hwy at Thirteenth Avenue
153.38644305270432,-27.915968103331846,153.3875009472782,-27.914842896411066,Pine Ridge Rd at Sage Court
153.35849003347244,-28.05546011596469,153.35957596871364,-28.05440588396545,Highfield Dr near Cabot Ct
153.41786855007308,-28.01800724449541,153.41928444784136,-28.01703075577044,Monaco St at Rio Vista Boulevard
153.42635976177843,-28.047661149184353,153.42737723818038,-28.046758450785862,Sunshine Bvd near Markeri St
153.42863634190988,-28.018463728443084,153.42995376911952,-28.016687666823113,Florida Gardens station
153.38524172226093,-28.32970663288573,153.3862618777015,-28.328803967084305,Dorset St opp Baker St
153.4601632088522,-28.10182914354975,153.46118119110324,-28.100926456420417,Tallebudgera Dr near Nyrang Ave
153.35762226146952,-28.04683535296327,153.35863973849587,-28.04593264700697,Merridown Dr near Islay Ct
153.38737961509338,-27.934217075062467,153.3885873848089,-27.933187924747376,"Harbour Town, stop A"
153.36704566065464,-28.342382032992855,153.36806593930953,-28.341479366977193,Riveroak Dr after Tulipwood Ct
153.37254386245593,-28.342071432732354,153.37356413750769,-28.34116876723768,Park Av after Kyogle Rd
153.53001289102085,-28.170203634266148,153.53103150892775,-28.169300965703922,Miles St near Winston St
153.4854626791547,-28.214149634492866,153.4864817207981,-28.21324696547721,Simpson Dr before Peninsula Dr
153.4049069883921,-28.101023433163988,153.40594440998987,-28.099740166777348,Scottsdale Dr near Reedy Creek Rd
153.5281686517232,-28.17852289576629,153.5294037479596,-28.177462604117498,Ducat St opp Caloola Dr
153.3257126020246,-27.903765441350743,153.3270703974443,-27.902693558133098,Discovery Dr at Ashford Road
153.37588005835,-28.090082349585824,153.37689894014355,-28.088862650363904,Somerset Dr at Clover Hill Drive
153.52168557669523,-28.187563974978467,153.52270272409916,-28.186569724703357,Kennedy Dr opp Rose St
153.42066648894172,-28.01366308091335,153.42170061053247,-28.01262201878349,Via Roma near Salerno St
153.4255839868112,-28.042329949580523,153.42660141314767,-28.0414272503897,Sunshine Bvd at Surfers Avenue
153.40339945836553,-27.984848869952863,153.40450624318905,-27.983949830006768,Ridgeway Ave near Gayle St
153.4008535489756,-27.978122520746957,153.40211345020083,-27.977113478773237,Blake St at Anne Street
153.34897051892173,-27.9954593692913,153.35093004292875,-27.992989574992027,"Nerang station, stop F"
153.41236626089238,-28.068893948599122,153.41338393906776,-28.06799125137109,Cottesloe Dr near University Dr
153.4260840064992,-28.101829345636897,153.42710199345956,-28.1009266543333,Marymount Catholic College
153.4179187427267,-28.02240303020425,153.41909925816339,-28.02134396977086,Rio Vista Bvd at Cristobel Court
153.4145135840096,-27.9731907324145,153.41612283155888,-27.970544565460205,Scarborough St at White Street
153.50413387817693,-28.154831954982043,153.50529302216324,-28.153507744403903,Golden Four Dr at Bilinga Beach SLSC
153.35279654837993,-27.985711357216154,153.35381345158603,-27.984808642754146,Southport Nerang Rd at Bellara Street
153.4831709565716,-28.13119774953395,153.4842012437926,-28.1301713502814,Duringan St near Woodgee St
153.3441455301688,-28.022404232516642,153.34527347147625,-28.021348767470585,Nabarlek Dr near Explorers Wy
153.5405264629816,-28.18996148361078,153.54171623869644,-28.189039916436464,Minjungbal Dr opp Agnes St
153.33951912776453,-28.02137482453222,153.34147897188194,-28.020452075554036,Explorers Wy near Delta Cove Dr
153.30995885958484,-28.03998318976689,153.31100913951997,-28.038788810147253,Worongary Rd at Gilston State School
153.3733388150461,-27.961477680391155,153.3745371824086,-27.959802319285842,Henry Cotton Dr near Suncrest Ct
153.38233305062033,-27.994996061987706,153.38359365067168,-27.993858137993993,Currumburra Rd at Tangerine Row
153.32859921268985,-28.004029643201054,153.32964618674117,-28.002960356386552,Mortensen Rd near The Domain
153.31998358224155,-28.050221695479305,153.32106481753377,-28.04906890407547,Worongary Rd near Glenrowan Rd hail 'n' ride
153.37502109629196,-28.33501803307125,153.37604130367146,-28.33411536689879,17 Countryside Dr
153.46585374675533,-28.110825887568748,153.4669168559418,-28.109283912332295,Nineteenth Avenue
153.47262801461443,-28.121980841419408,153.4736461853398,-28.12107815855075,Gold Coast Hwy at Palm Beach Hotel
153.41086296880184,-28.054754747622326,153.4118989307848,-28.05370815211841,Barrier Reef Dr near Halborne Dr
153.3831317262442,-28.02381368236841,153.3845225767876,-28.022453217741397,Nerang Broadbeach Rd at Nielsens Road
153.36510478059364,-27.95590129321289,153.3663152177936,-27.954974706847295,Parkwood Bvd near Davis Ct
153.42831904015725,-27.978206325926983,153.42948216059986,-27.97723907377606,Main Beach Pde at Main Beach Tourist Park
153.3188114672107,-28.001609354460758,153.31986883006937,-28.000531645381095,McLaren Rd at Beltana Way
153.36472534347783,-27.962611417333623,153.3658961570056,-27.961699482671875,Henry Cotton Dr at Parkwood East station
153.35240019714905,-28.08148661598637,153.35368590662003,-28.07950588353022,Old Coach Rd at Wallandra Road
153.3380297001285,-27.953165360057323,153.33904629983894,-27.952262639913,Smith St near Hammond Dr
153.4415977608942,-28.135926759959478,153.44277024042418,-28.13485324004022,Casuarina Dr at Ottelia Drive
153.4513792467133,-28.12017926591546,153.4526739529736,-28.119267234104782,Nineteenth Ave near Angelica St
153.31509299613793,-27.992939266666976,153.31637700410144,-27.991850733133102,Yarrimbah Dr at Yalkuri Drive
153.41780841250346,-27.974011232185696,153.41950437838744,-27.972179599475435,Broadwater Parklands station
153.39021571426494,-27.99680554252182,153.3913925867569,-27.995742557463476,Heeb St at Gold Coast TAFE Ashmore
153.4384931863725,-28.08507304599833,153.43951101358508,-28.08417035397186,Burleigh St at Avocet Ave
153.38740801582642,-28.07824745692765,153.38984829138704,-28.07592344320326,Robina Town Centre Drive at Scottsdale Dr
153.30631845627798,-27.91860808054856,153.30732554467198,-27.91762791906362,Universal St near Takahe St
153.3980717277447,-27.925437242525,153.3991922743093,-27.924358757450726,Morala Ave near Ocean St
153.54303442636663,-28.180320908044934,153.54415887354907,-28.17933779189118,Keith Compton Dr after Navigators Way
153.3061676916874,-27.997283858580563,153.30718470828302,-27.99638114138974,Yarraowee Drive near McLaren Rd
153.5412853364824,-28.203009031268003,153.542304263465,-28.202106368702044,Machinery Dr after Amber Rd
153.40458134806013,-28.324552032171187,153.4056014519004,-28.32364936779885,Charles St after Reynolds St
153.39483891344554,-27.96067928636742,153.3960810855993,-27.959185712924725,Kumbari Ave near Smith Street Mwy
153.4280625483183,-28.011042329759235,153.4300880233116,-28.009411212590344,Remembrance Drive at Surfers Paradise Bvd
153.33859619634356,-28.06045135298359,153.33961380362368,-28.059548646986634,Worongary Rd near Random Way hail 'n' ride
153.43369010122458,-28.076202772671326,153.43488719911713,-28.075158827232258,Honeyeater Dr at Quail Ct
153.4295643804863,-28.06178256609124,153.43117672308875,-28.060703234533342,Pacific Ave at Pizzey Park Sporting Complex
153.28694362264233,-27.901899671405346,153.28830517743313,-27.90078232826126,Tamborine Oxenford Rd near Charlies Xing Rd
153.3975596454838,-28.05909434776774,153.39899615563442,-28.058046451405783,Camberwell Cct near Kensington St
153.34906723578197,-27.950504419687665,153.3501450671774,-27.94937638020451,Daintree Dr near Highview Pl
153.33779076241663,-28.001244473307324,153.33893173568336,-28.000336326671093,New St at Nerang Mall
153.53930659105148,-28.169273735229424,153.540335009039,-28.168257564679624,Griffith St at Coolangatta East
153.3040940561898,-27.920375300611116,153.3055159453083,-27.91941369958776,Universal St near Guy Lane
153.51350625962928,-28.238699758671704,153.5146352406372,-28.237705241271822,Terranora Rd after Sunnycrest Dr
153.41856677517302,-28.05598507850461,153.41968582607828,-28.05495912148101,Rio Vista Bvd near Compass Ct
153.40607667339717,-27.959713356127722,153.40709332656365,-27.95881064384257,Walton St near Worendo St
153.52154113989826,-28.196006870778906,153.52256506034215,-28.195014429125173,Kirkwood Rd before Fraser Dr
153.37469098185016,-27.971265164066644,153.37575621629,-27.97025793583579,Crestwood Dr at Crestwood Plaza
153.53649511496462,-28.16882956143862,153.5376704853301,-28.16783273838312,Coolangatta Central
153.34462852068373,-27.888818134795372,153.3456804770507,-27.887789865062658,Helensvale Road at Dalley Park Drive
153.4269687943936,-27.996765318166567,153.42822220727524,-27.99560768184955,Ferny Ave at Palm Avenue
153.53593356276969,-28.208051225932625,153.53699213644512,-28.20685847396325,Glen Ayr Dr at Ash Dr
153.44142316024832,-28.069440646848665,153.44244083970895,-28.068537953121524,Miami
153.39863289505215,-27.95293652492788,153.39979310623468,-27.951872475069926,Wilson St at Robert Street
153.40440004919975,-27.94430709457537,153.40619294869072,-27.94328390590289,Imperial Pde near Coral Ave
153.39936479634153,-27.93336135822985,153.40038120362,-27.93245864174046,Hollywell Rd near Parr St
153.35436988612975,-28.076584029606604,153.35539421422794,-28.07557927024809,Rainbow Dr at Universe Court
153.31590886076677,-27.918592363324628,153.3169251392028,-27.917689636645726,Village Way near Mews Ct
153.36898842196683,-27.993645338131326,153.3701825815559,-27.99179666157254,Ashmore Rd at Reed Street
153.43375074633073,-28.074377039407036,153.43507575496605,-28.073198060538942,Mountain View Ave near Russell Ct
153.3746298056157,-28.333060833221065,153.37564999434775,-28.332158166748982,34 Tombonda Rd
153.42962191586568,-28.08612116447482,153.43087678268154,-28.085163734782142,Whistler Dr near Cuckoo Cr
153.3055736916706,-27.904957029227234,153.3067451081532,-27.90395187060804,California Dr near Oregon Way
153.40949134774343,-28.02915135137551,153.41050865221698,-28.028248648594733,Bermuda St at Sophie Ave
153.54303116876864,-28.22532093975529,153.5440712330159,-28.22445046009778,Pioneer Pde after Banora Hills Dr
153.49015242313655,-28.204955834783465,153.4911713768158,-28.2040531651866,Scenic Dr opp Mt Bilinga Cct
153.4015420036951,-28.1020883470236,153.40255999626598,-28.101185652946608,Old Coach Rd near Bridgman Dr
153.40586057093378,-28.07886240502818,153.40798852506333,-28.07769159602766,University Dr near Shore Ave
153.43710650960463,-28.06028254882837,153.43872173941332,-28.058650541731456,Nobby Beach Shops
153.40528533991431,-27.92724223706652,153.40653266077447,-27.926320762974992,Marine Pde at Lands End
153.3709117052876,-28.333084233411103,153.37193189467618,-28.332181566558948,Hall Dr after Byangum Rd
153.36242688246995,-27.943005471865842,153.36358511635856,-27.942091528146516,Arundel Dr near Neri Cr
153.4324263054992,-28.038454349429568,153.433443694459,-28.037551650540653,Gold Coast Hwy at Peerless Avenue
153.34674299771592,-27.996438656804507,153.34776000225062,-27.995535943165766,Lawrence Dr near Leagues Club Dr
153.4027778113174,-27.989188086611094,153.40411908714373,-27.987987113373464,Benowa Rd at Golden Crescent
153.39505116087372,-27.96223985657243,153.39606783908812,-27.96133714339786,Smith St at Kumbari Avenue
153.45083979536514,-28.12845846072781,153.45201680068047,-28.12714123925972,Ironbark St near Boab St
153.39806246793313,-28.098029571685448,153.40047121579894,-28.096263057940753,Varsity Lakes station
153.30803755278387,-27.927493247495843,153.30931154730925,-27.926418452282462,Victoria Dr near Hawker St
153.41443254020194,-28.08479124505763,153.41557985775484,-28.08369665493023,Christine Ave at Pennsylvania Avenue
153.32223002546925,-28.00271186222778,153.3233969748488,-28.001688137697244,Gilston Rd near Alexander Dr (Hail n Ride)
153.4045054895161,-28.109782166642145,153.40565210923344,-28.108736133351098,Kingsmore Bvd near Tuckeroo Pl
153.54337741158906,-28.201067004784353,153.54457648689964,-28.200134594525586,"Tweed City Shopping Centre, Minjungbal Dr"
153.4029507802835,-27.936841357802802,153.40396721967767,-27.935938642167514,Brisbane Rd at Turpin Road
153.43580499690327,-28.051672145327245,153.43688705684468,-28.049556165465116,Tamborine Street
153.38884163771985,-28.09171233874154,153.39022636487798,-28.090724661549096,Gemvale Rd near Northampton Bvd
153.41519346577257,-28.093358691243047,153.41626553536278,-28.09245240845175,Yodelay St near Gainsborough Dr
153.36728448059677,-28.338210333256878,153.36830471936736,-28.337307666713166,"Aveo Mountain View, Ingram Pl"
153.36416546013385,-28.342456633133477,153.36518573983062,-28.341553966836567,Riveroak Dr opp Oakbank Tce
153.52126063927074,-28.213779905021717,153.52229416087414,-28.21274359484869,"Banora Central Shopping Centre, Leisure Dr"
153.45950473682308,-28.131148071922055,153.46090626540567,-28.13016792834557,Murtha Dr near Dongarra Cl
153.38258078159905,-28.07868866852952,153.3837421193145,-28.077643631452098,Robina Town Centre
153.36878924162866,-28.05118545211653,153.36980675833564,-28.050282747853704,Ghilgai Rd near Griffon St
153.38770273196252,-27.946965357972097,153.38871926800016,-27.946062641998214,Central St near Davebill Ct
153.40606704262828,-27.950960314705107,153.40714495983974,-27.949885685205658,Ahern St near Central St
153.49908215145052,-28.24125773177662,153.50010144850089,-28.240355068193416,Terranora Rd opp Terranora Public School
153.41233022561437,-27.99305674784321,153.41374417605,-27.99179735209542,Ferry Rd at York Street
153.42416236061538,-28.012300648510863,153.4255586356366,-28.010871351654558,Via Roma at Verona Avenue
153.3998856508951,-27.96443335616288,153.40090234906634,-27.96353064380741,Beale St near Dowling Dr
153.423829339062,-28.032703578770963,153.42494335964355,-28.03179972119661,Sunshine Bvd at Merrimac Boulevard
153.48824704639694,-28.136664039415155,153.48926535355574,-28.13576136055497,Lorikeet
153.42721994663694,-28.008132711922347,153.4286523493252,-28.00665058827067,Remembrance Dr at Markwell Avenue
153.30819711398212,-27.934758300304125,153.3093638848254,-27.933842699715314,Pitcairn Way at Blackheath Terrace
153.36195304784772,-27.928276582366884,153.36378105394917,-27.926798717169685,Gold Coast Hwy at Arundel Drive
153.3820196623727,-27.98308435590429,153.3830365375904,-27.982181644066006,Currumburra Rd near Koonan Ct
153.39219455759167,-27.98423435528429,153.39321144237056,-27.983331644685986,Wardoo St at Lilli Pilli Drive
153.38771092752006,-27.90514836071321,153.3887270724426,-27.90424563925712,Oxley Dr at Marsupial Drive
153.3143850383187,-27.94465587895021,153.31570896049558,-27.943717121169865,Pitcairn Way near Yaldara St
153.39262710558012,-27.912874622313858,153.39431489453025,-27.91160937691149,Lae Dr at The Runaway Brace
153.31454283337015,-27.891473947778426,153.31576616484566,-27.890333052247566,Siganto Dr at Tradewinds Street
153.43620091204266,-28.079594646497377,153.4372186879151,-28.078691953472813,Christine Ave at Barbet Place
153.3461798934031,-27.99735105677157,153.34719690656345,-27.996448343198715,Lawrence Dr near Tropical Dr
153.3975806311577,-28.08655558816859,153.39864236842683,-28.08539301167284,Christine Ave at Konda Way
153.4616253599797,-28.129648222149747,153.4629978477187,-28.12775238454357,KP McGrath Dr at Murtha Dr
153.37069339848208,-28.089179563574117,153.37478369990018,-28.08753844563434,Swanton Dr near Springsure Dr
153.5169553147458,-28.164967935555882,153.51797388520407,-28.16406526441421,Golden Four Dr at Archer Street
153.30075610060933,-27.901612790388537,153.30192390231682,-27.900415209621528,Oregon Way near Emerson Way
153.32963188173701,-27.914253362996558,153.3306481182312,-27.913350636973806,Helensvale State Primary School
153.28475264453417,-27.900353365813984,153.2857687554384,-27.89945063415639,Reserve Rd at Upper Coomera Village
153.41284095829616,-27.96844289617362,153.4146769496764,-27.966312622903654,"Southport bus station, stop B"
153.5301572891998,-28.192970415145105,153.5317422116071,-28.191840483948695,Dry Dock Rd opp Holden St
153.33710869687215,-27.95385036005538,153.33812530309532,-27.952947639914957,Smith St near Banyula Dr
153.38964908550335,-28.084589348825695,153.39066691445896,-28.08368665114451,Christine Ave at Scottsdale Drive
153.30904783531716,-27.923964363268944,153.31006416465303,-27.923061636701416,Palmerston Dr near Laysan Cr
153.44062296801238,-28.110191344215544,153.44164103194495,-28.109288655754632,Tallebudgera Creek Rd at Tsipura Drive
153.45370555181344,-28.092625544563372,153.45472344814266,-28.091722855406804,Tweed St at George Street
153.5166834882273,-28.195300130739703,153.51784880950746,-28.19438396926091,Kirkwood Rd opp Tweed Broadwater Village
153.3038263479274,-28.027864356670303,153.30484365204327,-28.026961643299966,Gilston Rd near Hinde Rd hail 'n' ride
153.3358682824483,-27.89016255498546,153.33715971836764,-27.889234445082305,Monterey Keys Dr at Parkgate Street
153.50834395379886,-28.19878983393529,153.50936284615176,-28.19788716603479,Jacaranda Av opp Poinsettia Av
153.54638384753224,-28.180776475551777,153.54749555185538,-28.179823324250584,Banks Av at Hicks St
153.50123731811647,-28.151835002155988,153.50253458652688,-28.150348998001057,Golden Four Dr at Short Street
153.39928330418263,-27.99637017251086,153.40043659222238,-27.995111627452236,Slatyer Ave at Bronberg Plaza
153.47042540728987,-28.149763569964982,153.4715361939251,-28.148401129785007,Currumbin Creek Rd near Nuban St
153.35091524062165,-28.006490141681624,153.3520407606783,-28.005573857858504,Pappas Way at Remount Place
153.30302187565775,-27.923467077363544,153.30411232322948,-27.92254892229648,Universal St near Buchanan Ct
153.53221451827534,-28.217047902438274,153.53337408267762,-28.216003397545236,Darlington Dr opp Kingston Dr
153.33978396274807,-27.98523053005026,153.34133613834436,-27.984272170131494,"City of Gold Coast, Nerang"
153.42150700973147,-28.101080345954298,153.42252499022769,-28.100177654015877,Reedy Creek Rd at Executive Drive
153.4133039181688,-27.996793228830143,153.41470688392576,-27.99550647117685,Ferry Rd at Southport Golf Club
153.4082717956746,-27.960481036708497,153.40959570693505,-27.959507663523258,Scarborough St near High St
153.51086414750696,-28.16091740459316,153.51191115296194,-28.15978369529193,Golden Four Dr at George Street
153.49180652769863,-28.204020834732937,153.49282547225357,-28.203118165237136,Scenic Dr after Mt Bilinga Cct
153.40282315600246,-28.069803349076953,153.4038408439586,-28.068900650893248,Ron Penhaligon Way near Kentwood Dr
153.36693976417075,-28.049383896330284,153.3682062360807,-28.04847210366935,Ghilgai Rd near Entry Dr
153.4091795792463,-27.958798881451862,153.41125062555736,-27.956905918517464,Gold Coast Hwy at Broadwater Tourist Park
153.37593100548415,-27.926768654696524,153.3770219961737,-27.925745345261205,Pine Ridge Rd at Pine Ridge Caravan Park
153.37682423232437,-28.072477149456276,153.3791684272583,-28.07010742720134,Robina
153.35646859715595,-27.95962065657306,153.35771740015915,-27.95839134348866,Uplands Dr at Greenacre Drive
153.42723491556623,-27.973319216077723,153.42847508610592,-27.972384784016704,Seaworld Dr at Southport Yacht Club
153.42496984198857,-27.976611780340193,153.42615075834948,-27.97557751957571,Tedder Ave at Montgomery Avenue
153.52710883491474,-28.230215877835178,153.529023907351,-28.228562973166035,Kintyre Cres at Glen Ayr Dr
153.52931405454697,-28.174000256449606,153.5303791474026,-28.17298654346554,"Kirra Park, Miles St"
153.40023838874316,-27.962251858913945,153.40144161353385,-27.96132114115913,Brooke Ave at Southport State High School
153.41725652045716,-28.026006326814425,153.4183244824759,-28.024409673081013,Rio Vista Bvd at Grant Place
153.33646945952572,-27.989401554951787,153.33776613735571,-27.98752834453449,Price St at Nerang State School
153.55551576244272,-28.233827791255205,153.55731756959813,-28.23199786698769,Waugh St after Chinderah Bay Dr
153.3595073011275,-27.936051353310354,153.36064769955308,-27.935089646445544,Arundel Dr near Arundel Pl
153.39187089592292,-28.06785270746691,153.39304730250353,-28.066764292540476,Cheltenham Dr near Thorngate Dr
153.47186443425895,-28.134440225405445,153.47301106764758,-28.133530774592916,Sarawak Ave at Salk Oval
153.38289521053667,-28.070567119058317,153.38402768754503,-28.06949388091943,Cheltenham Dr at Woody Views Way
153.46508185086904,-28.138454782304088,153.46612774847748,-28.137309517614025,Guineas Creek Rd at Riverside Drive
153.37403385252333,-27.94833887508391,153.37514425044702,-27.94718272485764,Napper Rd at Allied Drive
153.43773832261942,-28.079160387880787,153.43935517586667,-28.077817911871122,Christine Ave at Spoonbill Ct
153.4214732188383,-28.048433540333257,153.422695279974,-28.047333059660186,Markeri St near Rumrunner St
153.44253916289853,-28.13265543884555,153.4437998384621,-28.13172156124777,Nineteenth Ave at Kalmia Court
153.3067937842253,-27.92236643307224,153.30784521538203,-27.921278566571967,Pinevale Dr near Hiva Ct
153.39925984440652,-27.982003589328464,153.40036415376522,-27.981107410600874,Anne St at Pilliga Street
153.43088486499633,-28.014871880242474,153.43196613743515,-28.01335181963361,Old Burleigh Rd at Fern Street
153.4982107931043,-28.152213429499426,153.4994099048015,-28.151074270523953,Boyd St near Tugun St
153.37099038420843,-27.931152182797195,153.3723256181235,-27.92988781725975,Brisbane Rd at Computer Street
153.41660408427816,-28.06673729567586,153.41790021187026,-28.06535780444126,Cottesloe Dr near Vancouver Dr
153.42650736488403,-28.00445475201495,153.42752443507476,-28.003552047955296,Remembrance Dr at Bruce Bishop Car Park
153.48601641085574,-28.12937723607508,153.48748248970273,-28.128174463579757,Pacific Pde at Wallace Nicoll Park
153.40307280110062,-28.3296285161349,153.40494406851724,-28.328420698096803,
153.4374471221895,-28.056230447959006,153.43846467776817,-28.05532775201119,Gold Coast Hwy at Heron Avenue
153.3120937092746,-27.891008622507286,153.31319429273958,-27.88995137744753,Leo Graham Way near Cottonwood Pl
153.3291313954934,-27.92101192054213,153.33028680400136,-27.919678478945663,Lindfield Rd near Latrobe Ave
153.53172960809496,-28.2194543223204,153.5334839904728,-28.218497787155847,Ash Dr after Darlington Dr
153.52994000065806,-28.16816713440576,153.53095859929047,-28.167264465564315,Marine Pde at Kirra Beach Hotel
153.4199969498894,-27.998655856245733,153.42138104813628,-27.997688143984682,Thomas Dr near Parnoo St
153.4920076023717,-28.141902888282335,153.49331729879296,-28.140965211823584,Golden Four Drive at St Monica's Catholic Church
153.3664074153946,-28.046791216806195,153.36858758487574,-28.04586328322283,Gooding Dr at Jondique Avenue
153.47364943615946,-28.13146698193614,153.47507206193762,-28.130193718053743,Palm Beach Currumbin High School
153.39077063048137,-28.032574752185962,153.39178796948087,-28.031672047784287,Gooding Dr at Merrimac Golf Course
153.41562619985714,-28.04815552789599,153.41679280059108,-28.04724437210616,Rio Vista Bvd near Southerly St
153.3855904335685,-27.998593827150025,153.38712996446083,-27.99724907276727,Heeb St at The Crescent
153.45977073731635,-28.15928033979012,153.46078926263908,-28.15837766018001,Galleon Way at Jutland Place
153.4121983447243,-28.029830351177146,153.41321565523592,-28.028927648793076,Rudd St at Wyuna Street
153.31327618999256,-27.942955192777166,153.31440981106084,-27.94192480721081,Santa Isobel Bvd near Pitcairn Way
153.36005194006586,-28.062044085425686,153.36146556521433,-28.059680613904195,Highfield Dr near All Saints Anglican School
153.36045017954774,-28.064270351676363,153.3614678204174,-28.063367648293873,Highfield Dr near Outriggers Drive Reserve
153.30045884109217,-27.933260319652238,153.30166015974345,-27.932188680310915,Greenway Bvd near Brissendon St
153.4329308139505,-28.026981750426806,153.43406518824844,-28.025881249559166,Old Burleigh Rd at Queensland Avenue
153.38269896739718,-27.92242093984112,153.38454102851924,-27.92127606106243,Pine Ridge Rd at Coombabah Road
153.3121771460455,-27.92949206389756,153.31359385364456,-27.928576936135805,Victoria Dr near Feathertop Cr
153.40076388391108,-27.936036857977026,153.40178031605032,-27.935134141993267,Brisbane Rd at Billington Street
153.53905151033675,-28.187393332464936,153.54007028961095,-28.186490667505126,Minjungbal Dr after Dry Dock Rd
153.54517825296736,-28.178506032592143,153.54619694697976,-28.177603367377927,"The Tweed Hospital, Solander St"
153.38708890717345,-27.909495360461655,153.38810509278926,-27.908592639508676,Oxley Dr at Paradise Lake Resort
153.53195629561864,-28.226169988659983,153.53307600420118,-28.225196411229636,Glen Ayr Dr at Chestnut Dr
153.35868825718603,-28.04775825284982,153.35970574277928,-28.04685554712043,Jura Pde near Merridown Dr
153.5144739213435,-28.163532135827374,153.5154924786066,-28.162629464142725,Cahill Street
153.47350565894507,-28.13377584058508,153.47452394100904,-28.132873159385063,Thrower Dr near Sarawak Ave
153.31937483835623,-27.923422362855753,153.320391161613,-27.922519637114583,Village Way near Studio Dr
153.44677549447388,-28.131311129754234,153.44805150752734,-28.130115870282552,Saffron St at Maranta Street
153.3752867601284,-28.342592132556106,153.37630703983504,-28.341689467413914,Bellevue Av opp Redgum Way
153.4190169018221,-28.06029524878256,153.4200344981374,-28.059392551187642,Rio Vista Bvd near Cottesloe Dr
153.34857003120112,-28.019900976833263,153.34986817163156,-28.018619723255682,Hinkler Dr near Explorers Way
153.44396814669628,-28.074667336703097,153.44529485202867,-28.073494663256156,Gold Coast Hwy at Miami Hotel
153.36463318377054,-27.959784696015895,153.3657085148078,-27.95845650386657,Parkwood Bvd near Arnold Palmer Dr
153.3849548277581,-27.948866714350675,153.38621917424123,-27.947677285687394,Olsen Ave at McMillan Street
153.3612331282495,-27.882809400555782,153.36308788005266,-27.8805486000628,Helensvale Rd at Saltwater Park
153.4588759383095,-28.134386834986387,153.4600802598586,-28.133261465035414,Murtha Dr at Swanbourne Way
153.40929803836337,-28.06915390841863,153.4105409617119,-28.0680970913899,Pyrmont St near Cottesloe Dr
153.45911972700623,-28.127882331835625,153.46031037319227,-28.12687226798904,KP McGrath Dr near Seaview Pde
153.39393829022475,-27.955959657045174,153.3949549097373,-27.955056942925108,"Musgrave Ave near Kumbari Ave hail 'n' ride, Southport"
153.54566864318045,-28.222747029636153,153.54668775676652,-28.221844370333883,Terranora Rd before Pacific Dr
153.39988876657344,-27.939730357783244,153.400905233388,-27.938827642187064,Government Rd near Ferguson Ave
153.32740448439722,-27.9137433938353,153.3284555155653,-27.912634605972464,Discovery Dr at Lindfield Road Shops
153.38376034156317,-27.953053472967756,153.3849466609868,-27.95187852705984,Olsen Ave at Boea Street
153.436616235291,-28.053435348193005,153.43763376466674,-28.05253265177721,Gold Coast Hwy at Heron Avenue
153.38518535116563,-28.113004347194266,153.3862034487971,-28.112101652775923,Observatory Dr near Palomar St
153.40028803512203,-27.96534712313163,153.4014349638545,-27.964309876858096,Johnston St at Beale Street
153.3769101408346,-27.99303492467239,153.37798686055731,-27.9920414752814,Numeralla Ave near Talofa St
153.4091816838802,-27.965186438926114,153.4119721397672,-27.96253152801719,Scarborough St at Southport Transit Centre
153.49253760074652,-28.148689843876888,153.4937030908337,-28.1473062411048,Kaleena St near Cabarita Ave
153.3956386976324,-27.984069260023112,153.3967918007461,-27.98259363968225,Tongarra St near Lilli Pilli Dr
153.38582012796053,-27.9441124658581,153.38722486910098,-27.942757534250962,Olsen Ave at Paul Sharratt Park
153.54601443499735,-28.182313832277984,153.54703316494962,-28.18141116769209,Banks Av before Keith Compton Dr
153.53254566742973,-28.19248790589016,153.5345387340367,-28.19148279445263,Dry Dock Rd at Sunshine Av
153.3333890725511,-27.916283318753948,153.33442992810973,-27.915229680825373,Discovery Dr at Ridgevale Drive
153.33512388060944,-27.914555362724354,153.33614011935828,-27.913652637246006,Ridgevale Dr near Armidale Cr
153.47316590849354,-28.12328494129835,153.4741840914606,-28.122382258671788,Gold Coast Hwy at Fourth Avenue
153.38635575884155,-27.940816360068407,153.38771743966922,-27.939606039898386,Olsen Ave at Allied Drive
153.46745541851791,-28.113764665453978,153.4686501801557,-28.11267713455003,Gold Coast Hwy at Fifteenth Avenue
153.4257937755881,-28.044718349411156,153.4268112243707,-28.04381565055905,Sunshine Bvd at Gooding Park
153.381261051741,-28.034605929180163,153.38336974539814,-28.03291837035146,Gooding Dr at Palm Meadows Drive
153.4910098307116,-28.140026339006685,153.49202816924085,-28.139123660963435,Teemangum St at Kropp Lane
153.43043412021007,-28.036133197688347,153.43174429466063,-28.034793385753222,Broadbeach South station
153.45089301683308,-28.090618025630725,153.45373877659884,-28.088170078909503,Burleigh Heads
153.3999010585547,-28.111629946486275,153.40091914140655,-28.110727253483915,Bridgman Dr near Woodland Dr
153.33557360406425,-27.919249383800555,153.33671339871415,-27.918089616181202,Helensvale Community Centre
153.40779673603328,-27.946361356906884,153.40881326392744,-27.945458643063425,Frank St at Whiting Street
153.4067019834222,-27.971762303844173,153.40922813199117,-27.97007651524431,Southport Medical Precinct
153.34233718189114,-28.063562352602887,153.3433548180757,-28.062659647367354,Worongary Rd near Woodvale Dr (Hail n Ride)
153.3989767465289,-28.07658126649127,153.4002482539492,-28.075548733154946,Glen Eagles Dr near Oakmont St
153.32752243004572,-27.939499223804145,153.32905856792163,-27.938505776535813,Pacific Pines Bvd near Glade Dr
153.4309186430649,-28.072936347251968,153.43193635689343,-28.072033652718215,Lutana Ave near Anthony Dr
153.387744618851,-27.90183910748043,153.38906237621876,-27.90029889267904,Oxley Dr at Hansford Road
153.47749207159268,-28.216738830889046,153.47945162975682,-28.215743369421023,Marana St at Snowgum Dr
153.33354054141844,-28.010956527056056,153.33499635932992,-28.01001897304441,McLeod St at Aberdeen Court
153.403535503672,-28.08091734830606,153.40455329628892,-28.080014651664154,University Dr near Hillridge Cr
153.40198514333983,-27.953259302285893,153.4031458565602,-27.952256697575745,Ernest St near Robert St
153.32297962476633,-27.92721854340223,153.32403337558983,-27.92607245644031,Binstead Way at Pacific Pines Boulevard
153.36197225649966,-28.022084591699404,153.36345046034896,-28.02072118776992,Nielsens Rd at Hickey Way
153.3634911277498,-28.075301350798537,153.36450887221505,-28.074398649171687,Railway Street at Robert St
153.45846178855894,-28.150289946392803,153.45966621039014,-28.14932005312294,Galleon Way at Billabong Court
153.52578413219211,-28.224711330978426,153.5268032677568,-28.2238086689916,Fraser Dr opp Amaroo Dr
153.45182510263984,-28.129487504378226,153.45295389664693,-28.12853049537185,Hop St at Avocado Street
153.36202564002187,-27.986555550306974,153.363576661556,-27.985576149958565,Southport Nerang Rd at BP Central Park
153.35295233881666,-28.01872056400973,153.35411046176043,-28.01780883599616,Murev Way near Mayjohn Ave
153.5109572460047,-28.200477033639924,153.51197615394565,-28.199574366330154,Sunset Bvd opp Red Bass Av
153.38363764049535,-28.325866933225083,153.38465775946725,-28.324964266744974,Dorothy St at Frances St
153.45126052551066,-28.13154682307234,153.45247057081008,-28.130244576959946,Saffron St near Amadeus St
153.37242280638938,-27.985552562448856,153.37369569215358,-27.98440013755353,Cotlew St near McCowan St
153.39736902186613,-28.098182347511138,153.3983869780954,-28.097279652459058,Gemvale Rd at Kings Christian College
153.3897193465371,-28.114042546883063,153.39073745342512,-28.113139853087112,Observatory Dr near Southern Skies Dr
153.5418669451712,-28.2136610895949,153.5430412549271,-28.212755210381175,Darlington Dr before Leisure Dr
153.41250541515038,-28.00611137942723,153.41367918343178,-28.00518181996575,Bundall Rd at Pisa Court
153.5211602433297,-28.194027670417555,153.5223688583529,-28.193101329647625,Philp Pde opp Colonial Tweed Holiday and Home Park
153.40012333476767,-28.054926034661428,153.40120016719726,-28.053897865266986,Yarraville St near Markeri St
153.39209283387976,-28.010590053558996,153.39310996608233,-28.00968734641126,Benowa Gardens Shopping Centre
153.40216716186427,-28.068550349195878,153.40318483809685,-28.067647650774337,Ron Penhaligon Way near Bothwell St
153.4691007366068,-28.134845017223185,153.47023636200421,-28.133936782761715,"The Pines Shopping Centre, stop B"
153.40749242609226,-27.955033822254343,153.40905607708774,-27.953557177815423,Gold Coast Hwy at Southport Tourist Park
153.5369261477609,-28.192345152855896,153.53794705260842,-28.191362247030053,Lloyd St at Faulkner St
153.3906528232719,-27.945808174223078,153.39179777856134,-27.944898525774928,Usher Ave at Vona Place
153.33753415707017,-28.02119201742638,153.3386178413064,-28.020181982513648,Explorers Wy near Fallon Ct
153.4514155962283,-28.125549542538828,153.45243380372796,-28.124646857431337,Ironbark St near Kaffia Ct
153.42701459881798,-27.97591635385884,153.42803140114086,-27.97501364611142,Main Beach Pde near Stafford Ave
153.46046910589644,-28.123639242094157,153.4614872940589,-28.122736557876003,KP McGrath Dr near Angelica St
153.34680892985884,-28.023377686940925,153.34780666817923,-28.02243631283397,Mataranka Dr near Barrine Dr
153.41090510207653,-28.014130335432146,153.41232237108107,-28.012626269862206,Bundall Rd at Sorrento Shopping Village
153.3679837976028,-28.018008654338214,153.36900100236167,-28.017105945632036,Birmingham Rd at The Boulevard
153.40102692935025,-27.90493136000149,153.4020430706111,-27.904028639968853,Bayview St at Karema Crescent
153.24941007278102,-27.979475861930503,153.2504269271949,-27.97857313803984,
153.3706268859503,-28.334107126451162,153.37222541568684,-28.33312217383983,Tree St before Byangum Rd
153.5238102776765,-28.16724491552694,153.5255462217996,-28.1663154845917,Musgrave St at Coyne Street
153.39352996414195,-28.004164653903025,153.39454703582004,-28.003261946067244,Saint Kevins Ave at Paradise Palms hail 'n' ride
153.4545286179017,-28.12224971030683,153.45558538187393,-28.1211447893825,Ironbark St near Angelica St
153.4114784021737,-28.017597352021987,153.4124955977866,-28.016694647948263,Monaco St at Bill Compton Park
153.44244161668766,-28.071684527903848,153.4436780879362,-28.069598271757158,Gold Coast Hwy at Hythe Street
153.40181275537344,-28.057308870539835,153.40302424486373,-28.05639912945306,Yarraville St near Altona Cl
153.37209304937537,-28.012178514130763,153.37356734962304,-28.011097985000813,Riverside Home Caravan Park
153.52826343034113,-28.224303421738888,153.52942857116415,-28.222822177871624,Ash Dr at Amaroo Dr
153.509183972298,-28.194902734132672,153.51020282765262,-28.194000065837386,Lakes Dr at Riviera Av
153.40412982851413,-28.08364073648274,153.40693256854652,-28.082510864481563,Varsity Pde near University Dr
153.5339887053553,-28.209818237838622,153.53509539268575,-28.20836366201228,Greenway Dr before Doyle Dr
153.3827713279184,-28.328490633097346,153.38379147204424,-28.32758796687271,William St after Dorothy St
153.51877008161205,-28.213620633225304,153.51987611639592,-28.21272576669318,Botanical Cct before Leisure Dr
153.49390586024998,-28.143836232520147,153.49502404105868,-28.142923967033656,Golden Four Dr at Tugun Beach shops
153.3780329495124,-28.344847832263795,153.37905325045074,-28.343945167706227,O'Connor Dr opp Arbor Pl
153.39565537412014,-27.98012709811397,153.39668492620666,-27.979098401710026,Kindra Ave at Lara Avenue
153.47696086909443,-28.1292906489636,153.47811832902926,-28.128200051033904,Gold Coast Hwy at Thrower Drive
153.37862186203952,-27.92482389506052,153.38028413684583,-27.92349210454082,Pine Ridge Rd at Coombabah High School
153.46324032583124,-28.105556870480598,153.46432017345498,-28.104323329340406,Gold Coast Hwy at Twenty Fifth Avenue
153.34448703072852,-27.99914379600855,153.34583607154497,-27.99817320422004,Brendan Dr near OShea Dr
153.48413093204388,-28.139634039496023,153.4851492679092,-28.138731360474086,Conservation
153.40323304932295,-27.917517998155745,153.40449394929027,-27.916553001121326,Runaway Bay Retirement Village
153.4291465309234,-27.9904223527804,153.43016346903522,-27.989519647189855,Main Beach Pde at Esplanade Surfers Paradise
153.4029237027317,-27.9320543486009,153.4039622974948,-27.930993651199742,Burrows St at Oleander Ave
153.51293180395788,-28.16717833569646,153.51395039599237,-28.166275664273634,Gold Coast Airport
153.4597716334667,-28.106989901096263,153.4608830671386,-28.106039398722537,Townson Ave near Twentyfourth Ave
153.4401744636269,-28.1111137441821,153.44119253633048,-28.110211055788064,Tsipura Dr at Tallebudgera Creek Rd
153.37568409867671,-27.97150049558852,153.3772645083339,-27.969535704859776,Olsen Ave at Crestwood Plaza
153.3745417077504,-27.9583190128033,153.37637629196863,-27.956989986322622,Wintergreen Dr near Ballybunion Dr
153.44460608809283,-28.076520543203547,153.4459157279495,-28.075372151155147,Christine Avenue
153.54235412411015,-28.19567173624399,153.54372577651677,-28.194743163817968,Minjungbal Dr after Water St
153.400612101419,-28.114405395751326,153.4016415986183,-28.113375504160345,Observatory Dr near Grove Creek Cl
153.4141035900853,-28.041422451297255,153.41533381074814,-28.040331948649065,Rio Vista Bvd near Dunlop Ct
153.44489606064786,-28.08884072933845,153.44591733992453,-28.087839470442844,Burleigh St near Acanthus Ave
153.54282256532315,-28.171193919774236,153.543844534809,-28.17021848016452,Wharf St at Tweed Heads
153.39785534329596,-27.917904162498395,153.3991296585163,-27.91672083752565,Morala Ave at Folkstone Place
153.4589190053787,-28.102546343581558,153.45993699457685,-28.101643656388614,Tallebudgera Dr near Tarni Ave
153.47519219976576,-28.129208839235673,153.4762322004126,-28.12812566064471,Thrower Dr near Luzon Pde
153.427355982551,-27.993933948301667,153.4286220171328,-27.99288805137724,Ferny Ave at Ocean Avenue
153.38644603334654,-27.946653558059783,153.38746256661622,-27.94575084191051,Central St at Central Street Shops
153.41352970461855,-28.00252392494986,153.41456288960222,-28.00038537494064,Bundall Rd at City of Gold Coast
153.3768186705894,-27.981141348073937,153.37873552516908,-27.979976552913676,Southport Nerang Rd at Industrial Avenue
153.31036576325235,-27.939383362201465,153.31138223671778,-27.938480637768876,Pitcairn Way near Springwood Ave
153.41336984637908,-28.046852778568528,153.4143922546929,-28.04570042138326,Markeri St near Drayton Tce
153.37429154701846,-27.929716733528455,153.3754031518656,-27.928789666097302,Pine Ridge Rd at Lensgate Road
153.3379417593682,-27.885946819649796,153.3390093387342,-27.884932980255424,Monterey Keys Dr at Greengate Street
153.3034394475321,-28.006661358079654,153.30445655243858,-28.005758641890637,Dugandan St at Bent Street
153.43639433629795,-28.075068756233716,153.43758776453313,-28.07400374373139,Mountain View Ave near Doggett Dr
153.42036540641334,-28.094496587834907,153.42186319233247,-28.093539712370895,Treeview Dr near Redleaf Ct
153.42024263111253,-28.0865342525275,153.4215097691176,-28.085487847197278,Christine Ave at Silvabank Drive
153.33811808523348,-27.988883979824198,153.33936191521607,-27.987968020194877,Nerang St at Nerang State School
153.30108746614235,-28.002674358439847,153.3021045338285,-28.001771641530453,Dugandan St at Merloo Drive
153.42845813393868,-27.981021419735256,153.42964986779455,-27.97990558028198,Main Beach Pde at Woodroffe Avenue
153.54285684478447,-28.172641292710942,153.54387985516513,-28.171658707243047,Wharf St at Tweed Mall
153.40137059889366,-27.981219515323623,153.40239320122822,-27.98022658460159,Shirley St near Caroline Ave
153.546495364539,-28.21826312986976,153.54751443540786,-28.21736047010028,"Pioneer Parade Footbridge, Sexton Hill Dr"
153.53181621134345,-28.187053533022656,153.53283498860495,-28.186150866947404,
153.40062398393647,-27.900886551888437,153.40185301573518,-27.89982644799921,Bayview St at Runaway Bay Marina
153.36607210662623,-28.07981435037145,153.36708989333832,-28.07891164959878,Mudgereeba Shopping Centre
153.30593294404733,-27.930466239223794,153.30723105576868,-27.929557860778285,Pitcairn Way at McAuley Parade
153.39646232906907,-28.009652517304964,153.39761006857063,-28.008531282677584,Ashmore Rd at Sir Bruce Small Park
153.33880492906124,-27.99921521850944,153.33991446476705,-27.996942881352204,Station St at Centro Nerang
153.39815998265786,-27.95540909980439,153.3993420174996,-27.95450190017875,Wilson St at Jimmieson Avenue
153.40362960718755,-28.033203409358816,153.40490489611307,-28.031891390740867,Nerang Broadbeach Rd at Fairway Drive
153.38422828381007,-27.89640163718495,153.385250216472,-27.895383062767372,Brady Dr near Burrendong Rd
153.5103645551767,-28.198533133809995,153.51138344477377,-28.197630466160067,Sunset Bvd opp Poinsettia Av
153.39057192524436,-27.988223981736887,153.39166147785042,-27.987070718171,Cotlew St at Hermitage Close
153.3863458277692,-28.328566832902286,153.38736597219315,-28.327664167067745,Harwood St at William St
153.35204142136155,-28.01276135547645,153.35305857860445,-28.011858644493817,Pappas Way near Dearne Pl
153.41209115365064,-28.070427348513924,153.41310884630948,-28.069524651456284,University Dr near Cottesloe Dr
153.36271926421247,-28.34158573326378,153.3637395357521,-28.34068306670625,Riveroak Dr opp Matheson Way
153.39410013562662,-28.031523752074417,153.39511746433527,-28.030621047895824,Gooding Rd at Cararra Markets
153.4188850495267,-28.099842809160556,153.42002325144412,-28.098813690825313,Mattocks Rd at Viburnum Street
153.4042768977526,-28.082182948181387,153.4052947022083,-28.08128025178882,University Dr near Varsity Pde
153.55656336986019,-28.263961833099337,153.5576592300825,-28.263000266830232,Crescent St opp The Village Lane
153.37957839215406,-27.8963303319229,153.381250608848,-27.895183666960058,Argyll Ave near Wendoree Way
153.40066435430245,-28.32319263247913,153.40168444565847,-28.32228996749093,"Murwillumbah Hospital, Uki St"
153.51661338982314,-28.205197351548104,153.5177047107058,-28.204292548433042,Hillcrest Av opp Marie St
153.42551453483384,-28.036338037789957,153.42714320206198,-28.035216310234038,"Pacific Fair, stop A"
153.45751801276415,-28.099913297109545,153.45959228926299,-28.09886810339711,Gold Coast Hwy at Tallebudgera Tourist Park
153.41194358695893,-28.03668149725741,153.41417061202176,-28.035710603043103,Nerang Broadbeach Rd at Lakes Esp
153.35404795735843,-28.0529047099673,153.35510983928324,-28.0512438899445,Mudgeeraba Rd near Quambone St
153.4736750741711,-28.15679512261377,153.47477132702537,-28.155883277022628,Clives Cct near Bernoth St
153.488060228323,-28.132385019132812,153.48920677132043,-28.131376980818807,Pacific Pde at Currumbin Beach
153.36540301748494,-27.978764867607623,153.3665189815585,-27.977858132375676,Macquarie Ave at Lachlan Avenue
153.334625845921,-27.92197036226136,153.33564215404678,-27.92106763770898,Lindfield Rd at Helensvale Plaza
153.49159120216754,-28.146071838568847,153.4926095977848,-28.14516916140125,Chaffey St near Narrane St (Hail n Ride)
153.3924003723727,-27.9957843933414,153.3949223216436,-27.993589906516156,Benowa Rd at Sapium Road
153.31520280633876,-27.92638793800079,153.31625319296597,-27.92521706190077,Binstead Way at Jubilee Primary School
153.4019890435388,-28.051202850346677,153.40300655642227,-28.05030014962355,Markeri St at Ron Penhaligon Way
153.51685957284383,-28.21232594176395,153.51785852617522,-28.211382357945862,Port Dr after Botanical Cct
153.51485605988398,-28.210705946361436,153.515961040172,-28.20973465357489,Champagne Dr before Vintage Lakes Dr
153.50491169996127,-28.156467294884052,153.5060199005167,-28.155513504971207,Coolangatta Rd near Loongana Ave
153.4087815763343,-28.033023227014816,153.4102545241049,-28.031903272367767,Bermuda St at Hooker Boulevard
153.3986067585238,-27.962788256341405,153.39962344143768,-27.96188554362888,Smith St at Curtin Avenue
153.38555253824666,-27.945595358176874,153.38656906171616,-27.94469264179343,Olsen Ave at Central Street Shops
153.44881247269458,-28.087986434010286,153.4504994122852,-28.08619414123719,Burleigh Heads Primary School
153.30659911981155,-28.033872156158427,153.30761648015886,-28.032969443811854,Worongary Rd near Gilston Rd hail 'n' ride
153.428155124469,-28.085288821243335,153.42922157802835,-28.084224778647652,Christine Ave at Caningeraba State School
153.39081343800873,-28.009694353687063,153.39183056195355,-28.008791646283186,Benowa Rd at Benowa Gardens
153.33353085746376,-27.992980687070368,153.33457804108366,-27.991702512859735,Price St at Earle Plaza
153.47427715472193,-28.134681340474902,153.47529544523206,-28.133778659495235,Thrower Dr near Sarawak Dr
153.35084626871125,-27.947090682172444,153.35213892784842,-27.94575591793386,Napper Rd at Arundel Plaza
153.50655756933347,-28.1571531547227,153.50785103085266,-28.156242345268186,Golden Four Dr at Bilinga Beach
153.35382210896688,-28.023251727276723,153.3549798901101,-28.022293272359224,Michelmore Rd near Alison Rd
153.4343368393552,-28.045732514515443,153.43563155779754,-28.044458785571614,Gold Coast Hwy at Glenelg Avenue
153.36245352057998,-27.99175135634211,153.36347047938506,-27.99084864362817,Glenmore Dr near Lochinvar Ct
153.40339720880374,-27.925077751887112,153.40445739337127,-27.9236330480166,Bayview St at Clam Street
153.40355717527575,-27.923598541489735,153.40463252433833,-27.922465458017943,Bayview St at Oatland Esplanade
153.41222604580602,-27.96599663862001,153.41352225517636,-27.965064261464587,Scarborough St at Marshall Lane
153.4019112196611,-28.330465631928668,153.4029313802997,-28.329562968041362,"Murwillumbah Station, Coach Stop"
153.44063246365135,-28.08039128360941,153.44177203610752,-28.0794075162473,Burleigh Street at Omao Avenue
153.41537687559403,-28.002018352822585,153.41639392436585,-28.001115647147667,Home of The Arts (HOTA)
153.38753593342338,-27.90388236080555,153.3885520665393,-27.902979639164798,Oxley Dr at Crystal Reef Drive
153.39566562478257,-28.329311532349305,153.39668577517884,-28.328408867620723,King St before Brisbane St
153.40178607016682,-27.97459368687489,153.40312932824216,-27.973642713291948,Nerang St at Falconer Street
153.38100599955146,-28.000266459764994,153.38243130361423,-27.998871540353186,Ashmore Rd at Boree Street
153.2998830436232,-27.937660925179735,153.3010679577255,-27.93672607424811,McAuley Pde near Matthews Dr
153.3434644889834,-27.98407166491752,153.3445345114509,-27.982880234872432,Southport Nerang Rd at Parkridge Drive
153.33994350567517,-27.994665357243743,153.340960494292,-27.99376264272654,Railway Pde at View Street
153.42713333489047,-28.032129350159718,153.42815066506824,-28.031226649810502,The Star Casino
153.35644849569866,-27.952037445231404,153.35788250784282,-27.950598554920685,Uplands Dr at Brushwood Ridge Reserve
153.33679928274452,-27.91672733160554,153.33794671712812,-27.91573366826531,Mildura Dr near Burdekin Ave
153.31113001238066,-27.926081194607868,153.31268158556543,-27.925084705744094,Binstead Way at Palmerston Drive
153.4350407000821,-28.08502923405014,153.43621039992806,-28.08412546591791,Dunlin Dr near Razorbill St
153.38813858973367,-27.894907934338956,153.38940140942213,-27.89389906516834,Oxley Dr at Coombabah State Primary School
153.52734168808752,-28.187283504950052,153.52835541265898,-28.18630189479531,Kennedy Dr opp Kennedy Plaza
153.39418199621684,-28.103576347330407,153.39520000374497,-28.102673652639787,Bridgman Dr near Heulan Ct
153.3516784912689,-27.997869356472282,153.35269550869714,-27.996966643498027,Nerang Broadbeach Rd at Allambe Gardens
153.3804626759571,-27.899872597745883,153.38186692284782,-27.898836201406585,Hansford Rd at Numbat Ct
153.55045422884032,-28.239730238720227,153.5516005713564,-28.238726161202877,"Chinderah Tavern, Chinderah Bay Dr"
153.36870204655625,-28.014585636692637,153.36975894628716,-28.01214336317656,Birmingham Rd at Emerald Lakes Drive
153.4813916222563,-28.133486069600213,153.48341788283525,-28.131586230457813,Gold Coast Hwy at Currumbin Hill
153.3998786388373,-27.98098309224966,153.40107325926624,-27.980058707795525,Shirley St at Anne Street
153.46045285228175,-28.275501342028257,153.46150054550174,-28.274092757903585,"Tweed River Chapel, Riverside Dr"
153.41057550356436,-28.023623812480846,153.41191549474587,-28.02267118769136,Bermuda St at Albert Park
153.5160121038017,-28.209458532688576,153.5170310961482,-28.208555867281472,Champagne Dr before Bordeaux Pl
153.39929381457551,-27.949666192924056,153.40036518500207,-27.94854280658941,Wilson St at Stoke Avenue
153.51530851826192,-28.164197235724128,153.51632708168808,-28.163294564245934,Johnston Street
153.39012291451547,-28.090056566123515,153.39132628667232,-28.088569033309014,Scottsdale Dr at Laurel Oak Drive
153.43999526982122,-28.067387747070683,153.44101293013622,-28.066485052899512,Gold Coast Hwy at Riviera Road
153.5196661660211,-28.188214402873093,153.52077923451648,-28.187222597097545,Kennedy Dr after Gray St
153.40150094350398,-27.90999167895154,153.40276006075888,-27.908570321161797,Bayview St at St Francis Xavier Catholic School
153.37892805650475,-27.978680514284854,153.38024174300187,-27.977761785760368,Ashmore City Shopping Centre
153.3173848827987,-27.913894363567934,153.3184011171707,-27.912991636402428,Wet 'n' Wild
153.42381814484287,-28.086631678849624,153.42514205593403,-28.08548772101436,Christine Ave at Bermuda Street
153.31496727819982,-27.900145087535037,153.31602372231748,-27.89905591203036,Siganto Dr near Grey Gum St
153.3653005139299,-27.946122667219477,153.3665423854805,-27.945041032698693,Napper Rd at Arundel Primary School
153.41998960207914,-28.027507245423234,153.4210293967145,-28.026290754516435,TE Peters Dr at Summerland Key
153.31233465366486,-28.001467448053454,153.31406945024466,-28.00034635272866,McLaren Rd near Winchester Dr
153.5495464859703,-28.24088114345012,153.55085061459025,-28.239958756590177,Chinderah Rd opp Terrace St
153.30510447271686,-28.00131435836079,153.30612152725365,-28.000411641609503,Dugandan St at Burra Street
153.35087844946955,-27.889107306449358,153.35348255081655,-27.887462691512344,Helensvale Rd at Calmwater Crescent
153.52581976799823,-28.231028469145315,153.5268957346128,-28.229489430739896,Fraser Dr after Altitude Bvd
153.42591494596834,-28.00347088793479,153.42749779900234,-27.999719673827215,Surfers Paradise
153.32163647274575,-28.001479957633535,153.3226535272232,-28.00057724233675,McLaren Road at Crusader Way
153.31090195516927,-27.941116062064783,153.31191844480074,-27.940213337905544,Pitcairn Way near Belongil St
153.44248920544445,-28.09768083329188,153.44371720195173,-28.095073466428445,West Burleigh Rd at Dunlin Drive
153.43420270113612,-28.313202887114343,153.43537219950844,-28.3122273126207,"Condong Store, McLeod St"
153.46964663497346,-28.117624141900443,153.470664764981,-28.116721458069705,Gold Coast Hwy at Tenth Avenue
153.3098087687989,-27.938192362303454,153.31082523117126,-27.937289637666886,Pitcairn Way at Lennox Street
153.54394813175202,-28.204053730999416,153.54496706819512,-28.20315106897062,Minjungbal Dr before Soorley St
153.42616106251558,-27.96231355480187,153.42717773744332,-27.9614108451684,Sea World
153.4106639086944,-27.961222925547414,153.41191409111357,-27.96017707418696,North St at Norman Street
153.48420464825395,-28.136206439716926,153.48522295169914,-28.135303760253194,Kangaroo
153.30369793824397,-27.947072286520996,153.30489106212465,-27.946160713481994,McAuley Pde near Diamantina Cct
153.37537388017887,-28.340798016318534,153.377295516887,-28.339719184386606,Kyogle Rd before Ray St
153.40627202820104,-28.13930454430843,153.40729037175956,-28.138401855661726,
153.36904771763358,-27.949791358762525,153.37006428233087,-27.948888641207787,Parkwood Bvd near Peter Thomson Dr
153.37497988872985,-27.93221439398816,153.37641911238046,-27.930982605829286,Brisbane Rd at Pine Ridge Road
153.4068336317208,-28.05887717562462,153.4079920695277,-28.05796342439185,Ron Penhaligon Way near Vaucluse Pl
153.38703850582124,-28.08062344542948,153.38809049338317,-28.079440554478275,Robina Town Centre Dr at Christine Avenue
153.40488664819003,-28.064709313808525,153.40616005048338,-28.063734185481565,Ron Penhaligon Way near Tennyson Pl
153.54242539847294,-28.16884893343578,153.5434440014744,-28.167946266534305,Twin Towns Services Club
153.4115102898543,-27.998927653246547,153.41252731010593,-27.99802494672372,Slatyer Ave at Corporate Court
153.4026152385582,-28.052269350241723,153.4036327614028,-28.051366649728493,Ron Penhaligon Way near Markeri St
153.49199195107096,-28.15598613283782,153.49335874928138,-28.155067467183002,Inland Dr near Boyd St
153.43286086246215,-28.047608248801797,153.433878337496,-28.04670555116842,
153.36958783688434,-27.96373098101913,153.3709401660482,-27.962403019083993,Henry Cotton Dr near Longreef Cr
153.53826619426638,-28.169663333692622,153.53928480568143,-28.168760666277457,Coolangatta Transit Station
153.36184829200164,-28.33575773369318,153.36286850796304,-28.33485506627687,Castle Field Dr at McPherson Ct
153.3235574218013,-27.946951554223368,153.32505358125437,-27.945920446224807,Pitcairn Way at Pacific Pines Town Centre
153.3871445867644,-27.914370741077295,153.38844041033715,-27.91308825901294,Pine Ridge Rd at Sidney Nolan Drive
153.50252700660482,-28.153776084830632,153.5037247945365,-28.152855415212393,Coolangatta Rd near Kiewa Ave
153.35728566596774,-27.955868628602115,153.35837033410604,-27.954700371010695,Uplands Dr at Woodlands Way
153.51860753149475,-28.16639469013927,153.52051396703052,-28.16519360813892,Golden Four Dr at North Kirra Beach
153.49768413001087,-28.14749578756239,153.49893967028137,-28.14658301243977,Golden Four Dr at Shell Street
153.3567182743401,-28.044089353188454,153.35773572562542,-28.043186646781802,Merridown Dr near Longmorn Cr
153.49595448867555,-28.14899523807847,153.4969729112763,-28.148092561891634,Kitchener St near Morshead St
153.42858550348467,-28.06007624823646,153.42960309647387,-28.059173551733753,Sunshine Boulevard near Pacific Avenue
153.5199656034421,-28.19663470106045,153.52113399637398,-28.19563249877568,Acacia St opp Pacific Coast Christian School
153.40376389222615,-27.95735050773848,153.4054821065829,-27.956382492522895,Stevens St near William St
153.34478250624625,-27.994933326493904,153.34590719553358,-27.993871873489294,Nerang Broadbeach Rd at Paradise Street
153.43640230834274,-28.07039581132592,153.43759388983023,-28.069472988714267,Dawn Pde near Albion Ave
153.45475025538525,-28.09780306974697,153.4559086449428,-28.096480829639884,Burleigh Heads National Park
153.44756528980213,-28.085680664987784,153.4494603540849,-28.082497372314513,Second Avenue
153.4039662118,-27.973389863816255,153.40510498966384,-27.972481036181023,Nerang St at West End Shops
153.44776906006177,-28.0907883450541,153.44878693989483,-28.089885654916074,West Burleigh Rd at Stanley Street
153.4907869608534,-28.244192040267205,153.49188154047593,-28.243294659688072,Terranora Rd opp Bilambil Rd
153.42574280227976,-28.092858607866745,153.4268963969624,-28.09194669214137,Treeview Dr near Honeywood Ct
153.38448512119245,-27.95467597970819,153.38563987795354,-27.953640020275227,Musgrave Ave near Botanical Dr
153.2973819776728,-27.897122876993652,153.29861012186356,-27.896104422695316,Michigan Dr near Swindon Pl
153.38505460404593,-27.90052122523124,153.38615669479415,-27.89951537474342,Hansford Rd near Doreen Dr
153.31748467465283,-27.928965820829994,153.318928326138,-27.92802717927548,Manra Way near Mitaro Rise
153.37239900437783,-27.993510919542377,153.37353189535625,-27.992514080405865,Numeralla Ave near Yarran Dr
153.3931128596998,-27.976798170947855,153.39535054160254,-27.975475227007596,Nerang Rd at Orana Avenue
153.44577562945403,-28.079639809914095,153.44710116877192,-28.078433290103398,Gold Coast Hwy at Anzac Parade
153.40017510479507,-27.95720332782822,153.40145689373298,-27.956264672286846,Brooke Ave at Musgrave Avenue
153.5079551609521,-28.19727493406253,153.50897403899853,-28.196372265907538,Jacaranda Av opp Koala Pl
153.33359222041287,-28.01303016091468,153.33515398059217,-28.012075239253196,William Duncan Primary School
153.31051320119997,-28.015037816623018,153.31160779730152,-28.01414518284718,Gilston Rd at Worley Drive
153.31085174949763,-27.94232736198751,153.31186825047243,-27.941424637982834,Pitcairn Way near Beerwah St
153.38557463000038,-27.91903946138062,153.38671237159653,-27.917976538613765,Pine Ridge Rd near Siena Pl
153.38967289773208,-28.086212331122436,153.3911109022969,-28.08530616884493,Scottsdale Dr at Christine Avenue
153.3780222125387,-27.899562968143826,153.37977659084046,-27.898467432551776,Hansford Dr near Sanctuary Ct
153.37936049083928,-27.99829635504539,153.38037750912412,-27.997393644924887,Currumburra Rd at Milparinka Terrace
153.41676989147274,-27.998174933772592,153.4177938080675,-27.9971332661851,Thomas Dr near Anembo St
153.5114312515734,-28.165843047491002,153.5131570113501,-28.164110977172747,Airport Transit Centre
153.40241698522593,-28.106013346716576,153.40343501473512,-28.105110653253618,Woodland Dr near Navars St
153.33796376247258,-27.910009060416726,153.33902423790758,-27.908904939194603,Ridgevale Dr near Mildura Dr
153.37254315416868,-27.983054842786487,153.37450604480622,-27.982088057480297,Trinity Lutheran School
153.40244069574868,-27.912141959450437,153.40345690421253,-27.911239240519887,Runaway Bay Sporting Complex
153.56405076674162,-28.23881787775058,153.56562223182607,-28.237737821041723,Wommin Bay Rd after Kingscliff St
153.30553398325944,-27.94771171407319,153.30672101540299,-27.946771285340674,Harmsworth Rd near Wunburra Ccl
153.3960263815479,-27.985997795251638,153.39725721634227,-27.98435460429554,Coolibah St at Sussex Drive Park
153.42775309444514,-28.002148789679413,153.42897678140375,-28.000846115735136,"Cavill Avenue station, platform 1"
153.3096951628341,-27.921631311848483,153.31071783748914,-27.920628688019455,Pinehill Dr near Universal St
153.36593020392954,-28.333308633649956,153.36695039603472,-28.332405966320103,Golden Links Dr at Tamarisk Av
153.42884023352354,-28.028669525161884,153.4303920741944,-28.026905732826865,Broadbeach North station
153.55254672198257,-28.224784322945414,153.55359737805458,-28.22368997686259,Noarlunga St opp Bimbadeen Av
153.39639692485207,-28.06799348268267,153.3989310186084,-28.066371082871846,Cheltenham Dr at Tullamarine Drive
153.40167211431796,-28.066816684778196,153.40317508665717,-28.065731114359206,Cheltenham Dr near Belmore Cl
153.42574415284045,-28.070788347699626,153.4267618471184,-28.069885652270575,Bardon Ave near Landau Ct
153.54429961775085,-28.207011330777824,153.54531858219627,-28.20610866919221,Minjungbal Dr after Shallow Bay Dr
153.42354715808486,-28.069644347903832,153.42456484187414,-28.068741652066368,Miami Retirement Village
153.46185072963718,-28.160934339548618,153.46286927031798,-28.160031660421502,Galleon Way at Tierney Drive
153.435349614081,-28.066189119040086,153.4364006869846,-28.064960180865263,Hillcrest Parade near Cantala Avenue
153.3363616700033,-28.014816701041358,153.3377690281722,-28.01384939919067,Alexander Dr near Richard Cr
153.40447792705623,-28.053588525700984,153.4067550754307,-28.052500474973797,Ron Penhaligon Way near Essendon Pl
153.52185409820322,-28.23577499415151,153.52311500064295,-28.234845905930158,Terranora Rd opp Dobbys Cres
153.39703844079585,-28.07246029135425,153.3993702192683,-28.0710879032141,Killarney Ave at Robina State School
153.40917929188123,-28.08161596167993,153.41020730773474,-28.08059653813212,Varsity Pde near Main St
153.48335696991862,-28.216062034507587,153.4843760300344,-28.215159365462466,Simpson Dr at Bilambil Rd
153.29696472976195,-27.926575705023584,153.29845427122945,-27.92562609512586,Gaven Arterial Rd at Felling Drive
153.4284541622212,-28.005049451860856,153.42947123773746,-28.004146748109378,Surfers Paradise Boulevard at Laycock St
153.5414310611219,-28.17836362599071,153.5434044388691,-28.177454973949168,Brett St opp Tweed Heads Civic and Cultural Centre
153.39585899667267,-28.0599646211678,153.39713290328544,-28.05889787861678,Camberwell Cct near Caulfield Street
153.45959190276707,-28.12428834210717,153.46061009718844,-28.123385657862983,KP McGrath Dr near Exmouth Cr
153.52550317251954,-28.185073819010658,153.52667973042057,-28.183873481010565,Ducat St at Meridian Way
153.47155280693764,-28.144745339989846,153.47257119301665,-28.143842659980272,Currumbin Creek Rd near Traders Way
153.40127165031095,-28.093844166440718,153.40272184534902,-28.092320033775785,Varsity Sound Ave near Azzurra Dr
