min_x,min_y,max_x,max_y,name
144.4070219850702,-38.024595455677314,144.40844961693037,-38.023466544338966,St Laurence Park Retirement Village/Station Lake Rd
144.6071694399699,-37.880817389972115,144.6084846589907,-37.87942300909462,Eppalock Drive/Armstrong Road
144.73358412025303,-37.8852663393421,144.73476247914306,-37.88418096020601,Boardwalk Bvd/Dunnings Rd
144.65466891558967,-37.89264217496489,144.6558052847287,-37.891741624996,Deborah Street/Market Road
144.92129771666112,-37.836829160459864,144.92301578504825,-37.83571993805876,Leith Crescent/Howe Parade
144.8071487346971,-37.760307043141346,144.80827496884524,-37.75933895650594,Clare Street/Furlong Road
144.86635326437016,-37.84144736088916,144.86977619404823,-37.84018339127453,Graham St/Mason St
144.80137846965508,-37.773647829934596,144.80251313064198,-37.77274717002689,Chatsworth Avenue/Ballarat Road
144.87877771266963,-37.84262714764969,144.87991348761776,-37.841726452312045,Mirls St/Mason St
144.65655347866064,-37.86892480405924,144.65773042439264,-37.86804959569257,Melpomene Bvd/Thames Bvd
144.73328278596168,-37.88195060694117,144.73450751407134,-37.8807660925388,Rowland Dr/Boardwalk Bvd
144.84205355631778,-37.83532900607266,144.843299543184,-37.83436799378616,Murphy St/Chambers Rd
144.66144688414397,-37.889164592328065,144.66297461182887,-37.88786410776951,Werribee Village Shopping Centre/Tarneit Road
144.86242634857416,-37.836389616978586,144.86401415196016,-37.83524188262703,The Circle SC/The Broadway
144.9022195827391,-37.827780107184,144.90342261595487,-37.826523992526546,Canberra Street/Lorimer Street
144.70039824226347,-37.8936297726952,144.70168535524002,-37.892719827348785,Victoria University Sports Complex/Hoppers Lane
144.76250265642693,-37.7423173417852,144.76373494374025,-37.741349258166615,Main Road West/Opie Road
144.80463350727317,-37.788486785889205,144.8068181980569,-37.78739161533851,St Paul's Church/Glengala Rd
144.67154722363344,-37.875668198506375,144.67276817498825,-37.87474260119818,McVeigh Pl/Westmill Dr
144.8874977528895,-37.85000444962382,144.88863364739686,-37.84910375033793,
144.8189478989227,-37.79049243954934,144.82024719918414,-37.78943076045587,Krambruk St/Glengala Rd
144.67335345784446,-37.87132091430685,144.67458844100528,-37.870024285218555,Jillard Walk/Westmill Dr
144.65300268049435,-37.8321490790618,144.6541381198235,-37.8312485208991,Ballantine St/Davis Rd
144.81829840214695,-37.80498669259512,144.8196280959594,-37.80404290673906,121 Fairbairn Rd
144.65982114544335,-37.846793288537,144.66109415757583,-37.84572421144529,Sayers Rd/Babele Rd
144.6996998456177,-37.84245097893439,144.70081485310408,-37.84151982085433,Fairview Pde/Baden Powell Dr
144.6109905102689,-37.87725765182467,144.61288268652623,-37.876240748725436,Eppalock Drive/Manor Lakes Boulevard
144.81883411492322,-37.85828742871005,144.8199700853725,-37.85738677125145,Ford Rd/Grieve Pde
144.5980239100085,-37.86913404155044,144.59931388403785,-37.86785965851532,Finsbury Crescent/Kinglake Drive
144.91935809464263,-37.83696366458522,144.92090640907745,-37.83599103580617,Garden City/Centre Avenue
144.7935344681122,-37.78718466360182,144.7952385307934,-37.78624303652316,Sunshine College/Glengala Rd
144.75411554492064,-37.87706582704538,144.7555044553489,-37.87616357297812,Eva Court/Shane Avenue
144.61750946972808,-37.913594761275235,144.61864613059555,-37.9126942386855,
144.58163596630638,-38.16085540469662,144.58279643502436,-38.15981879459941,Quarry Park/Portarlington Road
144.70337037074904,-37.843820094255534,144.7045060295621,-37.84291950570557,Homestead Ave/Rose Grange Bvd
144.76838850023103,-37.778186920693386,144.77302453086998,-37.77621423059434,Deer Park Station/Mt Derrimut Rd
144.69007986144965,-37.81962589189758,144.69121513886304,-37.81872530806346,
144.78448800894705,-37.75793161325387,144.78566699183506,-37.75683738611135,Woolshed Avenue/Furlong Road
144.84463833318418,-37.849415302694666,144.8459572688452,-37.8479726967731,Ross Rd/Millers Rd
144.70787821820701,-37.838568914523975,144.70924578399766,-37.837463885512776,Carisbrook Cct/Morris Rd
144.9082790896183,-37.82835194543772,144.90940721373707,-37.8273937542298,Todd Road/Wharf Road
144.72601094180462,-37.71559391119118,144.72714465850197,-37.71469328877005,
144.77576112551463,-37.88062254727299,144.77703977558056,-37.87965395233853,May Ave/Merton St
144.8958482753493,-37.81867086670792,144.89714512559033,-37.81764743326746,204 Hyde Street
144.39427347947668,-38.031636720643505,144.3954864209219,-38.030454879018045,Lara Lake Primary School/Forest Rd
144.74819115805502,-37.748038016957906,144.74952494104267,-37.74698248294651,Rockbank Middle Rd/Westwood Dr
144.67302442935184,-37.87686548207285,144.67416057096383,-37.875964917888105,Rosella Ave/Heaths Rd
144.39547773398075,-38.034381175856716,144.39661606637463,-38.03348082410305,Newell St/Canterbury Rd East
144.59686561110152,-37.8757829694186,144.59834148976728,-37.874868130690935,Balcombe Drive/Manor Lakes Boulevard
144.67346972491896,-37.82526758616828,144.67460507539602,-37.82436701379272,
144.6515292830316,-38.11173086203398,144.6529048942501,-38.1102441136491,pier platform area
144.68709454955413,-37.88651608582371,144.68823085075977,-37.88561551413729,
144.67036548915044,-37.898965917467756,144.6715038136784,-37.897713282477106,Wattle Ave/Princes Hwy
144.68277227379428,-37.870565885669436,144.68390832652,-37.86966531429156,Derrimut Rd/Barber Dr
144.72594685292162,-37.71368323545202,144.7272518516492,-37.71201626430236,
144.84793949819365,-37.82387939095795,144.84941899483943,-37.82241730933113,Cypress Ave/Millers Rd
144.67152069347046,-37.869011023774576,144.67269860894012,-37.86804407608719,Oleander Dr/Westmill Dr
144.76892690470868,-37.74141125874121,144.7706701007274,-37.7403638420702,Oakwood Road/Main Road West
144.65422760553457,-37.889764125239004,144.65553269412834,-37.88874297462415,Wyndham Central College/Shaws Road
144.88187458597395,-37.81986385029679,144.88301001431282,-37.81896314966497,Francis St
144.6640591817926,-37.874903583206695,144.66526482608734,-37.872950116702214,Rosemary Close/Tarneit Road
144.65620339844764,-37.738063187298,144.6573374018686,-37.737162612662964,Reverence Dr/Lightsview Blvd
144.66218759723398,-37.72478819024097,144.66332140308126,-37.72388760972001,Alluvial Road/Frontier Avenue
144.8699677126341,-37.826597814513185,144.8714898861627,-37.82566518559818,Abbott St/The Avenue
144.74528957949582,-37.892630103638496,144.74642602081028,-37.89172949632272,Covent Gardens/Sommersby Road
144.84628483877552,-37.84079393823554,144.84742056151626,-37.83989326172604,Hendren Ave/Millers Rd
144.6759839460206,-37.87453928319787,144.67712005429462,-37.87363871676308,McKenzie Cres/Barber Dr
144.68882537535333,-37.84397788963351,144.68996102495984,-37.84307731032751,
144.7629845970009,-37.75863950347252,144.76422490290562,-37.757661996430876,Leighton Cres/Tamar Dr
144.82815251846284,-37.77901933757231,144.8292872818307,-37.77811866238926,Ballarat Road/Anderson Road
144.62106468481863,-37.8889353460661,144.6224963946915,-37.88764129339812,Amber Place/Greengables Drive
144.70383675365758,-37.84602489423397,144.70497244665353,-37.84512430572714,Laurel Ave/Thomas Carr Dr
144.5723534620314,-38.162476327240235,144.57349393830157,-38.16157587272019,Barongarook Dr/Clifton Springs Rd
144.72367269229926,-37.843326018136345,144.72539560598204,-37.842366482098676,Botanical Dr/Westmeadows Lane
144.6578063845593,-37.86326963897861,144.65898221852552,-37.86239516076804,Hope Way/Thames Bvd
144.69237205786573,-37.84950434989961,144.69376934371755,-37.848403950087054,Seasons Bvd/Sayers Rd
144.7098105007359,-37.85146493408478,144.71192919721813,-37.85047006628256,St James Wood Dr/Sayers Rd
144.84743819656686,-37.83238702352335,144.84884570375695,-37.831483476507955,Blackshaws Rd/Millers Rd
144.65343541136792,-37.830826621280835,144.65520588509048,-37.829423178521516,Leakes Rd/Davis Rd
144.8551328839517,-37.83582810638912,144.8564002178164,-37.834803493610366,Marion St/Mills St
144.72491583126114,-37.85293952596654,144.72687276827386,-37.85171277275748,Westbourne Grammar School/Sayers Rd
144.6655955866616,-37.862544002258595,144.66778416357803,-37.85921653673697,Hogans Road/Tarneit Road
144.6102250046325,-38.13739415763238,144.61142489765368,-38.13641564227175,Bellarine Estate Winery/Portarlington Road
144.89305218784727,-37.85821715060655,144.89418821243834,-37.85731644935523,
144.55455919653653,-38.15901582154228,144.5556996037989,-38.15811537841809,Kanyana Avenue/Jetty Road
144.66676641851458,-37.85303143818596,144.66921927278483,-37.851225036027095,Bethany Road/Tarneit Road
144.6723044784303,-37.90791657925028,144.67374822305152,-37.906992420892486,
144.8197511377144,-37.79339694699781,144.82090266165363,-37.79231605289974,Fairbairn Rd/Mayne St
144.64428618724722,-37.8963596073379,144.64597661315247,-37.89518049208947,Quarbing Street/Greaves Street
144.6846176757799,-37.96118417931117,144.68575512453523,-37.960283620649804,Farrants Road/Diggers Road
144.7192816184067,-37.884025549719034,144.72115747570143,-37.88292745128949,Hacketts Rd/Dunnings Rd
144.6554321669441,-37.82073468072005,144.65656743337328,-37.819834119240866,
144.78280609484398,-37.91474681348291,144.78394290545725,-37.91384618647843,Jansar St/Saltwater Prom
144.77544834260203,-37.88289171367674,144.7765846576998,-37.88199108628458,South Ave/Merton St
144.62432331789861,-37.891583534176085,144.6255151823775,-37.89043966555273,Valewood Drive/Honour Avenue
144.72627438509573,-37.9058537943133,144.7276167124672,-37.90431380489194,Grassbird Dr/The Boardwalk
144.85386424883055,-37.83239447055128,144.85533275015106,-37.83136222883562,First Ave/Blackshaws Rd
144.76835910683633,-37.759650500128345,144.7695536961106,-37.75864729973173,Stevenston St/Billingham Rd
144.8703400608825,-37.81063604763342,144.87147533940572,-37.80973535232826,Roberts St/Geelong Rd
144.76186119378235,-37.88177464330361,144.76310580547403,-37.88086915669402,Beleura Way/Seabrook Boulevard
144.5745846959431,-38.151059893895635,144.57687259550013,-38.14989510220215,Thamballina Rd/Beacon Point Rd
144.39553199842206,-38.02490984212661,144.39672850575934,-38.02341785780687,Haydn St/Forest Rd
144.7903660186925,-37.840312650731846,144.792461378885,-37.83883064830512,Maria St/Cherry Lane
144.69714019457098,-37.88649599894956,144.6989259003782,-37.88500190108386,Werribee Mercy Hospital/Princes Hwy
144.5772654848448,-38.14830238653619,144.57868721673916,-38.147379213595514,Cabarita Way/Dandarriga Dr
144.82351565347778,-37.79173863429333,144.82471944527424,-37.790484065403255,Bardsley St/Mayne St
144.61194574576973,-37.890997196856596,144.61313365457949,-37.88985740290776,Gillies Street/Haines Drive
144.73073883915305,-37.86262981583738,144.7319710719457,-37.8602568840442,Federation Bvd/Forsyth Rd
144.6682391990416,-37.84974501709871,144.66964680411522,-37.848577882985,Abbotswood Drive/Tarneit Road
144.66081731394505,-37.82805521652509,144.66481294911824,-37.82653615279234,West Tarneit
144.69349127006257,-37.87941675013411,144.69594197503145,-37.87802815672383,Heaths Rd/Mossfiel Dr
144.80879134067436,-37.76061710812691,144.81204686239283,-37.75763917553413,Ginifer Station/Mulhall Drive
144.75618510649542,-37.88442276168277,144.7573538615406,-37.88334671745864,Sandstone Ave/Point Cook Rd
144.75326507489393,-37.78847041408761,144.75439992540979,-37.7875697858737,
144.78818779165036,-37.77142902610274,144.78932240864853,-37.770528373858696,Deer Park Hotel/Ballarat Rd
144.735006896187,-37.86744756230038,144.73627360706345,-37.866374037665764,Forsyth Rd/Ashcroft Ave
144.67206543331312,-37.83729698479728,144.6732009670022,-37.836396415163684,Cadell Ave/Tarneit Rd
144.78654773473917,-37.74330268791948,144.78851936482204,-37.74237241207498,Washington Street/Main Road West
144.8725995665317,-37.80978914835995,144.87373483375623,-37.80888845160177,Lewis St/Geelong Rd
144.88076834441716,-37.81682971570114,144.8819227525808,-37.81585268416266,
144.8533463078752,-37.853485125655766,144.85528629447276,-37.852108573860626,Ganton Ct/Kororoit Creek Rd
144.89005007444237,-37.82169679399959,144.89118082428197,-37.82071060559517,Ballarat Street/Francis Street
144.7844942447108,-37.83002802049005,144.78562975558927,-37.829127379471366,Dohertys Rd/Fitzgerald Rd
144.74285319906565,-37.82504180806113,144.74398860123995,-37.824141191900104,Network Dr/Dohertys Rd
144.64518201317134,-37.91946556984204,144.6463187871486,-37.91856503011878,Riparian Street/Newmarket Road
144.74869108498785,-37.90210811993758,144.74995041498966,-37.90120528002369,Fuchsia Crescent/Bougainvillea Drive
144.89651888271942,-37.86689941305996,144.89830822033485,-37.86591328748859,Williamstown Botanic Gardens/Osborne St
144.80465981348644,-37.78357788178006,144.8068191892881,-37.78258151892063,Yallourn St/Forrest St
144.86021697566312,-37.83346068395835,144.86199390565562,-37.83214639662387,The Broadway/Blackshaws Rd
144.77492602834215,-37.85368522930794,144.7762344712117,-37.85265907056664,Barwise St/Bladin St
144.68750731429503,-37.951342233755874,144.6888385849114,-37.95042966626735,Cayleys Road/Diggers Road
144.8196738613083,-37.795309944254385,144.82111933947584,-37.79421285558685,Bambara Ct/Wright St
144.83851068942744,-37.820255428058445,144.84012510357084,-37.81872087228065,Conifer Ave/Geelong Rd
144.8218803533671,-37.800917134018604,144.82301544692749,-37.800016465942974,6 Boreham St
144.8562050204932,-37.82952203531303,144.85748287905778,-37.8285444645144,Cyclamen Ave/Kyle Rd
144.68734197743694,-37.841345619163036,144.68850512281298,-37.84026648070532,Katawa St/Poplar Bvd
144.8266468276074,-37.86853035735789,144.8278476697644,-37.86752584259578,McBain St/Blyth St
144.74764091181953,-37.878470621690994,144.7491343873955,-37.877334177987365,Lancaster Dr/Palmers Rd
144.86630215113058,-37.81210484633678,144.86743744915816,-37.81120415362493,Kororoit St/Geelong Rd
144.6283810754503,-37.8962414381668,144.62965592727164,-37.89479406155595,Iramoo Primary School/McGrath Road
144.65091919086768,-37.72622358649827,144.6520530094491,-37.72532301346266,Leakes Road/Western Freeway
144.67965607956174,-37.860529401415484,144.68089281942855,-37.85958629835805,The Grange Primary Campus/Bethany Rd
144.88109674209352,-37.85072543271288,144.88327028397345,-37.848755069428236,Newport Workshops Garden Platform
144.72599812307658,-37.884543876306736,144.72820907213128,-37.883440624697336,Rowland Dr/Dunnings Rd
144.76939888077763,-37.74669678817609,144.77055811853236,-37.745645311459704,Woodland Drive/Oakwood Road
144.83232309460863,-37.78037987346607,144.83360510535476,-37.77938902642235,Foundry Road/Hampshire Road
144.82340737136138,-37.785414835663225,144.8245422289329,-37.78451416429832,Kororoit St/Forrest St
144.8601072401213,-37.81384264438258,144.8612425601683,-37.812941955579085,Tottenham Pde/Geelong Rd
144.66938990431967,-38.11582827678155,144.67063119824422,-38.114929823132755,Dylene Holiday Park/Mercer Street
144.68803213867443,-37.94509946856285,144.6891566582008,-37.94414883123245,Diggers Road/K Road
144.73068721112827,-37.71187465958803,144.73179699193935,-37.71094724005174,
144.68027640078947,-37.83359485658883,144.68191159674194,-37.832625543729364,Tarneit Senior College/Leakes Rd
144.81527652260885,-37.790661362887434,144.81738388164618,-37.789612338081064,Simmie St/Glengala Rd
144.78475524640288,-37.88120175291847,144.78622264903274,-37.879908547234926,Nelson Ave/Victoria St
144.63642564647557,-37.910712105736735,144.63767105222206,-37.909774793950675,Delmont Street/Westleigh Drive
144.3990248123042,-38.03697467692768,144.40016318805078,-38.03607432303209,Skylark Ct/Blackbird Cct
144.78491399316974,-37.82368172110411,144.78604940713015,-37.822781078857275,Fitzgerald Rd/William Angliss Dr
144.87340587272564,-37.808941148660836,144.87454112756208,-37.808040451300876,Ormond Rd/Geelong Rd
144.84325568707644,-37.82819116008295,144.8444748145111,-37.82729013986567,Glade Ave/Chambers Rd
144.84641510523437,-37.827365155674045,144.8479890920509,-37.82639914464065,Altona Gate SC/Duosa Rd
144.41393384781608,-38.03792810582394,144.41525795280847,-38.03702169420931,
144.84265034146046,-37.831867363440054,144.84386006091265,-37.83097463643969,Blackshaws Rd/Chambers Rd
144.9196839524899,-37.83957694919397,144.92086904326672,-37.838503250687474,Cumberland Road/The Boulevard
144.78662310639288,-37.874026117767386,144.78775929390736,-37.873125482194,Victoria St/Queen St
144.8732531891708,-37.83195091428365,144.87484650970617,-37.831015185831184,Watt St/Aloha St
144.75278395720312,-37.88028219612686,144.75407324175617,-37.87937190389631,Daniela Way/Shane Avenue
144.85182992294475,-37.81648784173851,144.85296527734602,-37.81558715822313,Francis St/Geelong Rd
144.7901957628638,-37.78817782543097,144.79133063743492,-37.78727717453048,Murray St/Fitzgerald Rd
144.63182312512777,-37.8942831377774,144.63342037944508,-37.89294086240856,Buckingham Drive/Ballan Road
144.81236840346745,-37.873432392954285,144.81406120120184,-37.872036007210966,Myrtle Gr/Maidstone St
144.71649272811496,-37.822604600014735,144.71762807219417,-37.82170399994641,
144.85485900904274,-37.83770593686709,144.85602618998908,-37.83664806259047,Cresser St/Mills St
144.8117785665859,-37.86773150113621,144.8129617311764,-37.86685159832428,Linnet St/Maidstone St
144.679393920124,-37.89472955384425,144.68257745180293,-37.892569191909224,Wyndham Law Courts/Princes Hwy
144.87861251501377,-37.857428279674,144.87980198560163,-37.856269220118506,Myrtle St/Kororoit Creek Rd
144.89994387864806,-37.83042605299441,144.90159571773583,-37.82907904696356,Westgate Landing/Lorimer Street
144.7275528432063,-37.89670999151297,144.72906994955486,-37.89520960881389,Sneydes Rd/Boardwalk Bvd
144.89187580157008,-37.85648485039822,144.89301179871572,-37.85558414956354,
144.64797348840168,-37.90025186637499,144.64928711334903,-37.89929193294813,Mambourin Street/Greaves Street North
144.65516934734697,-37.86038693153761,144.6564491522958,-37.859380168356694,Hogans Road Bridge/Hogans Rd
144.75176484104574,-37.903356968950675,144.75292095942288,-37.902294230974455,Point Cook Road/LincolnHeath Boulevard
144.71397725154955,-37.87697380079501,144.71515964709343,-37.87575389901228,184 Old Geelong Rd
144.3957723166138,-38.03660807579142,144.3969106837416,-38.035707724168326,Magpie Cl/Blackbird Cct
144.7640378891678,-37.87089237547666,144.76517881134015,-37.869899324489765,Ascot St/Central Ave
144.84173693632746,-37.831074094177374,144.843154760498,-37.830129806040816,Irwin Ave/Blackshaws Rd
144.68450998697793,-37.86875758636172,144.6856460133361,-37.86785701359929,Derrimut Rd/Cameron Dr
144.6756399243317,-37.87738168287008,144.67677607598364,-37.87648111709089,Barber Dr/Heaths Rd
144.7307449835983,-37.85376990209049,144.73188081670926,-37.85286929787068,Sayers Rd/Forsyth Rd
144.85083343517465,-37.84386469059966,144.85195046333183,-37.84290630899273,Fourth Ave/McIntosh Rd
144.7615433091089,-37.75191413270554,144.7628032904852,-37.75094356715175,Chester Cres/Tamar Dr
144.66301229037717,-37.880202365913924,144.66451210347452,-37.87879013434489,Cassowary Avenue/Tarneit Road
144.64989014208473,-37.85036957666048,144.6510258582337,-37.849469023300394,Mulgra View/Davis Rd
144.61548870090175,-37.88252622581944,144.61744269821023,-37.881325772777174,Dartmouth Court/Hindmarsh Drive
144.63623572660606,-37.905196868032185,144.637372273715,-37.90429633192865,St. Andrews Drive/Walls Road
144.6924748538116,-37.83310913809156,144.69643012354894,-37.83131843197759,Tarneit Railway Station (Bay A)
144.7855923004336,-37.87485371739002,144.7867284998668,-37.87395308257136,Queen St/Victoria St
144.65641940757132,-38.118353986638226,144.65756739214305,-38.11735341325417,Fisher Street/Stevens Street
144.57276046965023,-38.16147602745296,144.57390093068273,-38.160575572507454,Bullimah Reserve/Clifton Springs Rd
144.67938774485572,-37.862246900669824,144.68057655542825,-37.861107399073276,Budgeree Pl/Bethany Rd
144.79667515726777,-37.81472352536477,144.79781044303041,-37.813822874596674,Hume Rd/Boundary Rd
144.6785934097753,-37.76160059268136,144.67972779053815,-37.76070000727966,Highline Blvd/Altezze Dr
144.67567041837708,-37.72129959483174,144.67680418193632,-37.720399005129316,Cobblefield Street/Frontier Avenue
144.75633638786672,-37.840750912745214,144.7575547126988,-37.83958748642188,Amherst Dr/Leakes Rd
144.67237741890733,-37.839159984754474,144.67351298140792,-37.83825941520648,Houghton Ave/Tarneit Rd
144.84782695799885,-37.78721157634559,144.85058044156378,-37.78626542360208,Caroline Chisholm College/Churchill Ave
144.68846117897752,-37.973532279587374,144.68959882133728,-37.9726317203736,Finch Road/Beach Road
144.79124886304174,-37.79660939309759,144.79272853512435,-37.795670107069526,Diosma Ave/The Avenue
144.75212637373818,-37.75409300503454,144.75360142542326,-37.75305029439674,Billungah Pl/Westwood Dr
144.84896336085617,-37.82473384025909,144.85009883943508,-37.82383315970251,Millers Rd/West Gate Fwy
144.8165631057101,-37.79535402786945,144.81797869591247,-37.79424107210863,Fairbairn Rd/Wright St
144.7267345480172,-37.871642199468,144.72787065229116,-37.87074160049316,Graham Ct/Old Geelong Rd
144.88667099667757,-37.81743238543058,144.8879119054574,-37.816530514515755,Simpson Street/Fehon Street
144.66258637284244,-37.88251254435389,144.66404992428886,-37.88130625566289,Purchas Street/Tarneit Road
144.65216231696436,-37.90291077713095,144.65335058302225,-37.90178702254998,Werribee Street North/Cottrell Street
144.8863909123235,-37.845024192764285,144.8878783850722,-37.844073307477835,Home Rd/North Rd
144.79440686722765,-37.83841186114556,144.79584563010982,-37.83722933886593,78 Cherry Lane
144.79050794970232,-37.785991049177376,144.7918777800012,-37.78450731434244,Sirius College/Fitzgerald Rd
144.68052698331053,-37.92266368300393,144.68168071583375,-37.92163151662705,Main Drive/K Road
144.931146690027,-37.84309746270721,144.93228251025332,-37.8421967372547,Station Pier
144.85449694351772,-37.82822700138632,144.855748456999,-37.82725619840976,Kyle Rd/Marigold Ave
144.8675547932905,-37.83132088606581,144.8689124043092,-37.83039521405203,Truman St/Aloha St
144.84212489283624,-37.818991891414704,144.84401511363194,-37.817888009717024,Lilac Ave/Geelong Rd
144.83183765994542,-37.78311451605638,144.83308595615532,-37.781949771885,Sunshine Plaza Shopping Centre/Hampshire Road
144.83431045771718,-37.869304869717375,144.83544084371917,-37.86832452978296,Mount St/Blyth St
144.69979954023484,-37.88721285240567,144.70111965894776,-37.88630084761665,Wyndham Private Medical Centre/Hoppers Lane
144.74838157498135,-37.86702270655936,144.74951762532402,-37.866122093401884,Palmers Rd/Overton Rd
144.70189984081145,-37.872316746408046,144.70331165996387,-37.87140515366685,Spring Dr/Morris Rd
144.63694979738455,-37.89670691490677,144.63829260013253,-37.895594885124495,Cambridge Crescent/Ballan Road
144.63731446056522,-37.91592420525989,144.6384347361658,-37.914969494521166,Princes Highway/Westleigh Drive
144.69183833081559,-37.87273894764745,144.69322146903835,-37.871831752317995,Stella Way/Mossfiel Dr
144.8348856377707,-37.782047947345205,144.83650236043033,-37.78109515287404,Neil St/Hertford Rd
144.73325480826307,-37.72309481809085,144.73442499467663,-37.72211358171791,
144.75148298690604,-37.73062821156358,144.75280331061055,-37.72952948846812,Arbour Bvd/Inglewood Dr
144.7453862522316,-37.868059604045456,144.74690423959015,-37.866481196331634,Overton Rd/Kendall St
144.5958585776121,-38.14742898751416,144.59699922253583,-38.146353212441994,Scotchmans Road/Portarlington Road
144.75044239334804,-37.88240447817126,144.7516197075665,-37.88125482171022,The Strand/Willowgreen Way
144.74057407120927,-37.729149161814306,144.74205142845057,-37.72808343774976,Commercial Rd/Caroline Springs Bvd
144.8359819839552,-37.820853809630876,144.83727421553556,-37.8195265894325,Old Geelong Rd/Geelong Rd
144.75883588089403,-37.87351306573123,144.76032791280983,-37.87209513453153,Carinza Ave/Point Cook Rd
144.68871079200156,-37.890304757768654,144.69008050887618,-37.88924334216188,Frederick Ct/Princes Hwy
144.77007834813244,-37.7644261308044,144.77139865088296,-37.76351276922859,Welwyn Pde/Runcorn Cres
144.73753877511618,-37.91103336702986,144.73870642280252,-37.91007863289983,Adventure Way/Fongeo Dr
144.7089940603857,-37.83028916613569,144.71027284556007,-37.82903823375942,Fortitude Dr/Morris Rd
144.73161668793674,-37.85315960240932,144.73275251237072,-37.85225899755185,Silverbush Way/Sayers Rd
144.79849033309708,-37.791655527681506,144.79962526720064,-37.79075487227996,Ralph St/Hilma St
144.69029937925274,-37.87031468460264,144.69153152450124,-37.86881771527277,Julier Cres/Mossfiel Dr
144.8223391133757,-37.779971635760084,144.82347388691855,-37.77907096420144,Bazentin St/Sydney St
144.57047793288837,-37.79057635513206,144.57161266744012,-37.789675844828544,Toorongo Rd/Walhalla Dr
144.61457487552877,-37.87768641204363,144.61588958577622,-37.875859642818966,Manor Lakes Central Shopping Centre/Manor Lakes Boulevard
144.76137237130717,-37.757214419460794,144.76252262891026,-37.756178980344394,Warrington Cres/Tamar Dr
144.6583301503997,-37.86131582212195,144.66002378387412,-37.85968929166594,Thames Bvd/Hogans Rd
144.87453740808786,-37.81732894834927,144.8756727921999,-37.81642825161245,
144.88170399406107,-37.84362623806407,144.88429802856888,-37.84129214097274,Mason Street/Melbourne Road
144.664519244377,-37.896769003761115,144.66575975427406,-37.89576789622758,Glenluss Street/Tarneit Road
144.65754405085414,-37.83577588024885,144.6586795494631,-37.83487531971206,Connell St/Hummingbird Bvd
144.65948347736614,-37.89042588343874,144.66161922828482,-37.88932471781241,Ventosa Way/Shaws Road
144.61007482854734,-37.896305812582256,144.61142588405855,-37.89368858724455,Ribblesdale Avenue/Haines Drive
144.8025727471218,-37.87678638508728,144.80384935408642,-37.87582221449563,Hobsons Bay Mens Shed/Queen St
144.87254939027125,-37.845847445582734,144.87368521001704,-37.84494675437898,Challis St/Woods St
144.6500317011322,-37.90267846187576,144.65150380090725,-37.90174373832458,Ballan Road/Greaves Street
144.66745761611918,-37.86443752244115,144.6688065815859,-37.86351417766617,Medina Dr/Wilmington Ave
144.81758923300603,-37.86971911548288,144.81882916896637,-37.86871048449353,Grieve Pde/Blyth St
144.88097546907733,-37.82313126717076,144.8821946341043,-37.82224213267133,
144.7778783462073,-37.817110119460125,144.77901365409352,-37.81620948050125,111 William Angliss Dr
144.83893504041788,-37.83079029734106,144.84007545884003,-37.82979120243919,Misten Ave/Blackshaws Rd
144.65254505173974,-37.83592567862476,144.65368054857822,-37.835025121336145,Hummingbird Bvd/Davis Rd
144.88415037687548,-37.82094265087693,144.88528582341098,-37.82004194908482,Powell Street/Francis Street
144.8850971432595,-37.83188451889688,144.88709897069947,-37.82944106800034,Platform 2
144.78260000720547,-37.86959947041386,144.783786791324,-37.86864052955656,Rosebery St/Alma Ave
144.74116942117814,-37.881059426871786,144.74321838387823,-37.87998747419931,Creswick Drive/The Strand
144.77586778528286,-37.75979022323461,144.7770022150175,-37.75888957672679,Billingham Rd/Station Rd
144.75028021848746,-37.751988353477955,144.75160898099602,-37.75107814652457,Carinya Bvd/Westwood Dr
144.7836695169257,-37.8336952199577,144.78480508337447,-37.83279458000371,83 Fitzgerald Rd
144.74058520325735,-37.91097584481193,144.7418132994928,-37.90995395511639,Ivory Ave/Alamanda Bvd
144.82465231589984,-37.831791932483625,144.8257878843948,-37.83089126747792,Grieve Pde/Dohertys Rd
144.7461554231912,-37.79559361134119,144.74729037711361,-37.79469298862009,Metropolitan Remand Centre/Middle Road
144.79586660359968,-37.78256592758245,144.79700139669825,-37.78166527237899,West St/Forrest St
144.80239362804787,-37.8345544307458,144.803729874099,-37.833635269324496,55 Cherry Lane
144.64311788250478,-37.90848871417248,144.644981014184,-37.90747208638443,Anne Street/Lyall Drive
144.66376355248175,-37.90180166724405,144.6650645508229,-37.90070083276461,Werribee RSL/Synnot St
144.80924085032603,-37.788867331143045,144.81037574997018,-37.787966668818484,Collenso St/Glengala Rd
144.8673453889739,-37.829482889625744,144.86852351236354,-37.82829801027582,Brunel St/Saltley St
144.89200972170684,-37.865468763365314,144.89350798008854,-37.86430693657317,Forster St/Osborne St
144.702289818621,-37.86981874029157,144.7037535796037,-37.86888235986131,Roberts Ave/Morris Rd
144.87034412006597,-37.83414832613007,144.87153918291585,-37.83314457372798,Fittis St/Blackshaws Rd
144.65109223418256,-38.11542418444884,144.653812766591,-38.11451261589927,Portarlington Town Centre/Newcombe Street
144.67599723457934,-37.864080633960704,144.67714756617062,-37.863021365993355,Eleanor Dr/Dowling Ave
144.74620155814196,-37.83888143799083,144.74780943861415,-37.83789996240929,Leakes Rd/Palmers Rd
144.80533651497683,-37.79887962648083,144.80663218284906,-37.797811473536186,The Avenue SC/The Avenue
144.86727234281304,-37.81314434654187,144.86840765747561,-37.812243653419834,Ballard Street
144.77860400315325,-37.76083592943082,144.78001749614302,-37.75974197034858,Station Waters Reserve/Furlong Road
144.8636636679656,-37.841317912048794,144.8656043731947,-37.83997703703475,Hansen St/Mason St
144.56608192743388,-38.158609570078916,144.56766097474912,-38.15757452853644,Bunganowee Drive/Bay Shore Avenue
144.82553662758372,-37.86447570417449,144.82704427067378,-37.86346609490037,Sugar Gum Dr/Civic Pde
144.71498817648487,-37.84258883558081,144.71618712115622,-37.84159476438039,Stony Brook Dr/Westmeadows Lane
144.64093840404337,-37.917692673675205,144.64220469280554,-37.91678952633833,Dutchelm Avenue/Newmarket Road
144.8279848321153,-37.86780561849525,144.83129893646043,-37.86646086802223,Railway Street North
144.76773840770363,-37.74416252193896,144.76887259259766,-37.743261878022416,Leckie Drive/Evergreen Avenue
144.90651320323673,-37.82948895669715,144.9076487970468,-37.82858824326469,Fishermans Bend/Wharf Road
144.87437844096016,-37.84603076279664,144.8756648582896,-37.84501063713531,Jack St/Woods St
144.6335204147091,-37.911855063461324,144.63477608519915,-37.910880836450346,51 Westleigh Drive
144.7555031181456,-37.883084317595056,144.7566365806749,-37.88209588204366,Mark Court/Shane Avenue
144.74193274666104,-37.723478824747474,144.74306965412129,-37.72249587502393,St Vincents Way/Taylors Rd
144.67762563517218,-37.89254007687853,144.6787798656252,-37.891503922722315,Derrimut Road
144.844999874966,-37.83613563821163,144.84613552532596,-37.83523496174998,Bayside Secondary College/McArthurs Rd
144.61320229163218,-37.88120683725586,144.61434520884254,-37.88021496257702,Bonney Street/Hindmarsh Drive
144.84551845899855,-37.845730633242184,144.846683236689,-37.84421416665367,Berkeley Crescent
144.5570767429742,-38.15754746079937,144.55919105410172,-38.156522639756176,Clifton Street/Bay Shore Avenue
144.6834209047026,-37.8925447841919,144.68455729561185,-37.89164421576909,Harriet St/Princes Hwy
144.80766673472445,-37.83146195179768,144.8088947670404,-37.830155247979725,Dohertys Rd/Cherry Lane
144.9161846197606,-37.839922558676676,144.91732038052174,-37.83902184128519,Sandridge Life Saving Club/The Boulevard
144.67649703663722,-37.83309497669463,144.6784684624928,-37.832148823395535,Monument Dr/Leakes Rd
144.90255820510538,-37.86315253722285,144.9039968928008,-37.86221566294231,Cole St/Nelson Pl
144.6339592262846,-37.895603728890514,144.63626578489692,-37.893938646353355,Kimberley Road/Ballan Road
144.9071129766799,-37.865030850210594,144.90827342272476,-37.86397924946493,Nelson Pl/Ann St
144.77505304842953,-37.8860827064338,144.77632034728381,-37.8849418935852,Chiarella Pl/Merton St
144.82254716557836,-37.86818976875425,144.82435123685838,-37.86722063171327,Altona PS/Blyth St
144.72990616464912,-37.857910814894915,144.7313180369507,-37.856907084281985,Waterways Bvd/Forsyth Rd
144.775038188733,-37.91319020895209,144.7780490760906,-37.90945612884639,Citybay Dr/Saltwater Prom
144.79732634421214,-37.82945132443393,144.79846185608616,-37.828550675527495,Hume Rd/Dohertys Rd
144.88122269113265,-37.832274249156,144.88235830915428,-37.83137355080574,
144.77664319406938,-37.75544999957542,144.7782238966767,-37.75374470090482,Robert Bruce Reserve/Station Rd
144.70015858375908,-37.89062840585671,144.7014212141909,-37.88971449354347,Victoria University Werribee Campus/Hoppers Lane
144.784432732431,-37.88376491635373,144.78556906786972,-37.88286428360763,South Ave/Victoria St
144.7818610746565,-37.758847005282824,144.78331852770486,-37.75790869492424,Clare Brennan Drive/Furlong Road
144.7699744441946,-37.75237142199692,144.77110875610646,-37.75147077796446,Birchwood Bvd/Neale Rd
144.7409724630309,-37.730920282193566,144.74238383731338,-37.72986481736583,College St/Caroline Springs Bvd
144.86385136136926,-37.83787474602296,144.86500933909943,-37.83682235365909,Hansen St/The Broadway
144.5616576831092,-38.15809599980249,144.56318851761694,-38.15700789943019,Bukatilla Avenue/Bay Shore Avenue
144.39891761536532,-38.023660077910556,144.40005578498952,-38.022759722049216,Peak St/Station Lake Rd
144.60148088198713,-37.87762468301899,144.60264051895564,-37.87652031692083,Manor Lakes College/Manor Lakes Boulevard
144.786460294559,-37.87053216310352,144.7876439048272,-37.86943793640166,Kurrajong Dr/Victoria St
144.72125165185096,-37.85243376463299,144.72264854822348,-37.85138583514318,Al-Taqwa College/Sayers Rd
144.7582322293243,-37.88321243720377,144.7593741707517,-37.882227662711074,Andrew Chirnside Avenue/Seabrook Boulevard
144.76384887079988,-37.793156489378156,144.76498303036314,-37.792171810245485,
144.71018988122196,-37.82302801389224,144.7113437070613,-37.820571285955964,Dohertys Rd/Morris Rd
144.6356430402226,-37.90889368638873,144.63760335779511,-37.906591847528354,Flemington Crescent/Walls Road
144.7912826725857,-37.78685192586284,144.79241752771293,-37.785951274098586,Fitzgerald Rd/Glengala Rd
144.70162124004898,-37.87397759139209,144.70275736026272,-37.87307700856896,Bellbridge Dr/Morris Rd
144.79419323833338,-37.791185526414786,144.79532816196487,-37.790284873546646,Allison St/Hilma St
144.76563293448078,-37.7599966416168,144.76717226321932,-37.758770958262865,VUSC Deer Park Campus/Billingham Rd
144.8402058208076,-37.78638020014357,144.84141708221202,-37.78535979974439,Cornwall Road/Devonshire Road
144.69286929124107,-37.76327789709808,144.69400370907053,-37.76237730286302,Clara Ave/Kirkpatrick Bvd
144.61723981885683,-37.88492822915272,144.61841227993182,-37.88374257068688,Lakeview Grove/Evergreen Drive
144.66067484363356,-38.11652880800451,144.66207555818008,-38.115539691125164,Batman Street/Newcombe Street
144.6513447783309,-37.84148122406951,144.65267072065168,-37.840502375562394,Riley Tce/Davis Rd
144.63087299160148,-37.88391649386996,144.63214930994113,-37.88289250613298,Aneta Way/Halladale Avenue
144.82216598149307,-37.778578610174165,144.82572668456336,-37.77617018942547,Albion
144.66808946301018,-38.11744961156788,144.6693191397525,-38.11642998835778,Mercer Street/Newcombe Street
144.78332236661623,-37.88819746230458,144.78456973397184,-37.88721373766797,Altona Green Park/Victoria St
144.81725154705168,-37.81095948035581,144.81862295555052,-37.810020318480916,Industrial Dr/Fairbairn Rd
144.7571851522593,-37.87633713836951,144.75963379423465,-37.874451558081155,Point Cook Road/Seabrook Boulevard
144.66694257428827,-37.9233665765595,144.66807942602875,-37.92246602340141,Werribee Zoo Bus Loop/Main Drive
144.87115067535112,-37.81200051674333,144.87229952497168,-37.810967183192645,Albion Street
144.6471788477291,-37.88885747283453,144.64831515259024,-37.88795692712635,Stewart Drive/Shaws Road
144.66544731491715,-37.86682463821676,144.6667027927834,-37.86485676166944,Knightsbridge Dr/Tarneit Rd
144.57191357018908,-38.1593282037063,144.57361192496623,-38.1582967969679,Clifton Springs Road/Bay Shore Avenue
144.76120701437011,-37.75374861719926,144.76245858661144,-37.75275268278809,Aycliffe Dr/Tamar Dr
144.8615068526193,-37.838248842924706,144.86264254767036,-37.837348157036956,Mitchell Ave/McIntosh Rd
144.72710686806164,-37.84632876388439,144.72837673250183,-37.84542393612374,Vanderbilt Ave/Marquands Rd
144.55852174327197,-37.79302429382278,144.55966375605573,-37.79197760611559,Woodend Ave/Eynesbury Rd
144.84591803545686,-37.85101526287045,144.84751556157585,-37.85004113748902,Millers Rd/Kororoit Creek Rd
144.63675974467293,-37.892500756756775,144.63811305600376,-37.891592443289255,Edinburgh Court/Westminster Drive
144.88865727641326,-37.8599167492011,144.88979332387302,-37.85901605076066,
144.65982409485449,-37.83607744414538,144.66122120679455,-37.835081155041195,Felix Way/Hummingbird Bvd
144.77496910898984,-37.76459782425297,144.77673519039305,-37.76334677490921,Sassella Park/Station Rd
144.8712621122697,-37.83170199690603,144.87250259024034,-37.830803102234675,Vernon St/Aloha St
144.3927812206914,-38.03931893711793,144.39412548042532,-38.03840646294446,Flinders Memorial Park/Forest Road South
144.65906417571347,-37.90063949931095,144.66225850345472,-37.897898915861425,Werribee Station/Manly Street (Bay 7)
144.77272516279479,-37.741766377356434,144.77422573452031,-37.74081152290511,Jacinta Way/Main Road West
144.6663893825175,-37.72649589146045,144.66752321779722,-37.72559530850056,Nugget Place/Frontier Avenue
144.80761215303093,-37.78859453067289,144.80874704726546,-37.78769386928863,Links St/Glengala Rd
144.9005981226648,-37.85989187658917,144.90211337842234,-37.858751023223014,Ferguson Street Pier/Ferguson St
144.76932118261504,-37.84245727744512,144.77262911956313,-37.841478823394176,Interchange Dr/Leakes Rd
144.87766831548186,-37.842313647349876,144.87880408480572,-37.84141295261183,Elizabeth St/Mason St
144.62220644163554,-37.884822072689815,144.62474866871955,-37.882717127719424,Macquarie Drive/Ballan Road
144.69040640806531,-37.878726387473655,144.69154259224803,-37.877825812487366,Mossfiel Reserve/Heaths Rd
144.8091693560413,-37.77504153218021,144.81030404425476,-37.774140867781306,Carrington Dr/Ballarat Rd
144.6845629676931,-37.83419047749915,144.68590913350926,-37.83313122247868,Wilandra Dr/Leakes Rd
144.62582684440022,-37.90195327606731,144.62745665299593,-37.900982024265105,McGrath Road/Black Forest Road
144.7828902741647,-37.74292652154986,144.7842355267081,-37.74187647839538,Moffat Street/Main Road West
144.6634288624718,-37.87763955295757,144.66488563888626,-37.87671644718478,Heaths Road/Tarneit Road
144.65681342308366,-37.87203823469403,144.65808177626897,-37.87113106530687,Brentwood Dr/Thames Bvd
144.84196098787774,-37.78662189577702,144.8436191100488,-37.7855824029005,Thomson St/Devonshire Rd
144.75126424966314,-37.90921130421827,144.75240095064234,-37.908310695742976,Atlantis Dr/Point Cook Rd
144.8321653678016,-37.78544903827782,144.83330023249147,-37.78454836168378,Clarke St/Devonshire Rd
144.83694507681076,-37.778592774970384,144.83808732549315,-37.77739102498129,Victoria University/Ballarat Road
144.88775346095375,-37.86420179311852,144.88900074234243,-37.86330410677601,Osborne St/Victoria St
144.86158277901794,-37.83480124321119,144.86271842127175,-37.833900556750486,Jeffrey Ave/The Broadway
144.88338495175748,-37.81120055140039,144.88452024852896,-37.810299848561364,
144.68180874330372,-37.87497944815433,144.68332039235264,-37.873430535594764,Pacific Werribee Shopping Centre/Derrimut Rd
144.63216086261443,-37.88732881576018,144.63357123658244,-37.8862340840406,McGrath Road/Heaths Road
144.74423444579662,-37.89479366137305,144.74590014642794,-37.893179239030985,Royan Mews/Sommersby Road
144.39033016618737,-38.01759117529845,144.39146823416854,-38.01669082466129,
144.63954466072994,-37.88931477515746,144.64075154227237,-37.88792922474515,Robina Grove/Greaves Street
144.61273100612505,-37.88884682106528,144.61411649620518,-37.88791937906319,Greens Road/Haines Drive
144.84422373320604,-37.851456785618836,144.84559956920575,-37.850338814426124,Kororoit Creek Rd/Millers Rd
144.872530320108,-37.841957345875215,144.87366608018016,-37.84105665408647,Madigan Reserve/Mason St
144.61169930820017,-37.87258424827877,144.61302849425266,-37.87165085071177,GP Super Clinic/Ballan Road
144.79987237958701,-37.772423129572644,144.80100702071024,-37.771522470388796,Sunshine Mosque/Ballarat Rd
144.78606461382114,-37.87308671766929,144.78720078647922,-37.87218608229208,Banksia Ct/Victoria St
144.66571194982234,-37.921731230814565,144.66795702236186,-37.920110694884,Safari Station
144.82275528261803,-37.86414095391108,144.82388461870434,-37.86316934568808,McIntyre Dr/Civic Pde
144.84815051160066,-37.82904568981198,144.84981958581645,-37.826417285977726,Altona Gate SC/Millers Rd
144.69612992994294,-37.95356038355344,144.69726727037053,-37.95265981640759,O'Connors Road/Whites Road
144.81097858420873,-37.79514137027995,144.81247331753,-37.793983029655905,Dalpura Dr/Wright St
144.83041343588832,-37.792639039367394,144.83160986780663,-37.791600060448644,Leith Ave/Hampshire Rd
144.8632324035878,-37.81459662646864,144.86436540016365,-37.81361097318145,Sanderson Street
144.7997497681188,-37.7835312943844,144.80274977917512,-37.78226399910716,Ardeer
144.8858140330863,-37.81352285192941,144.8869493671998,-37.81262214803236,Hamilton Street
144.77498500669415,-37.87194545274751,144.77624529758413,-37.87082524716886,Central Square SC/Central Ave
144.86477449972088,-37.844990143368754,144.8659103005685,-37.84408945659292,Thorpe St/Woods St
144.77743692349054,-37.75078148636786,144.77900177245485,-37.749455713714426,Brimbank Shopping Centre/Station Rd
144.81803797740136,-37.79591260341918,144.81931782873804,-37.79464319647623,Killeen St/Fairbairn Rd
144.83957726321896,-37.86400633446641,144.840713337074,-37.863105665495176,Sussex St/Millers Rd
144.83208930799367,-37.869080443641955,144.83326488928918,-37.86809605627184,Davies St/Blyth St
144.6444032815819,-37.886955950629776,144.64558131777142,-37.88587264890537,Shaws Rd/Heaths Rd
144.70068567205624,-37.8505748311888,144.70310223425832,-37.849423970406875,Thomas Carr Dr/Sayers Rd
144.7766873335484,-37.87388609062457,144.7779293686776,-37.87252240915079,Central Square Shopping Centre/Merton St
144.74730893060774,-37.83374910877633,144.74844446969735,-37.83284849118492,National Dr/Palmers Rd
144.76609671209974,-37.74105700855835,144.76724068844536,-37.740030891400046,Entally Drive/Main Road West
144.63630953565155,-37.90401666814663,144.63744606466946,-37.90311613181418,Thomas Chirnside Primary School/Walls Road
144.81092250654092,-37.871103604560915,144.81311566231392,-37.869301380229146,Maidstone St/Blyth St
144.77470960436904,-37.851373950161886,144.77596009398678,-37.85046944984615,Chirnside Cres/Bladin St
144.82752194340236,-37.78864722109926,144.8290460554049,-37.78760387813575,Graham St/Durham Rd
144.76719442974348,-37.73396253449857,144.76851877056305,-37.73294746522057,Allandale Rd/Gillespie Rd
144.82657115152634,-37.787852936423185,144.82770604876757,-37.78695226353838,Durham Rd/Anderson Rd
144.7852076118435,-37.88640561638747,144.78634398845713,-37.885504983573895,Tatman Dr/Victoria St
144.7164145870063,-37.895655316243904,144.7176733155541,-37.89461488373425,Sneydes Rd/Hacketts Rd
144.86745967031044,-37.83388668645985,144.8689466291335,-37.83282681302953,Truman St/Blackshaws Rd
144.67384502045027,-37.84001860296907,144.67522677962432,-37.83897749682743,Tarneit Gardens Shopping Centre/Wickford Rd
144.76427507838156,-37.911902197368235,144.76544322209415,-37.910802202508506,Casino Dr/Saltwater Prom
144.75937987623007,-37.789403086551225,144.76068662380433,-37.78850011339985,
144.68500891475773,-37.87813708580192,144.68614508555632,-37.87723651415909,Geddes Cres/Heaths Rd
144.60418399430992,-37.87713927998598,144.60542640913445,-37.87607701993178,Manor Lakes Community Centre/Manor Lakes Boulevard
144.72534159466034,-37.71914617658729,144.72672250493181,-37.718079023184046,
144.77012417553706,-37.91251117660096,144.7713391285804,-37.9114363232281,Warunda Pde/Saltwater Prom
144.76439721805133,-37.740863653960965,144.7656221800678,-37.73985944603002,Opie Road/Main Road West
144.75468298691467,-37.891187406656584,144.75581941339013,-37.89028679330467,Newminster Way/Point Cook Rd
144.8340100396564,-37.77825013439211,144.83561076092207,-37.77712556474502,Lynch Street/Ballarat Road
144.85279760687683,-37.842808362017514,144.85405479240183,-37.84184783778542,Second Ave/McIntosh Rd
144.62453188868957,-37.89840988509669,144.6259249083154,-37.897473115085276,Wyndham Vale Reserve/Honour Avenue
144.83733280978643,-37.786072557139335,144.8387352904527,-37.78501524265689,K Wheelahan Gardens/Devonshire Rd
144.58077333437973,-38.15172110909403,144.58267017072814,-38.15066709184178,Gwinganna Dr/Thamballina Rd
144.7486807688104,-37.75016505019431,144.74985023138476,-37.74907044945919,Earlington Bvd/Westwood Dr
144.75685639190604,-37.8796353690845,144.75815250185022,-37.87833453098733,Seabrook PS/Point Cook Rd
144.73845319223568,-37.73586436261835,144.74000530915245,-37.73469343720914,Creekside College/The Crossing
144.7629227242693,-37.877191994552796,144.7641615771809,-37.876287605423556,Mintaro Way/Seabrook Boulevard
144.70037720606481,-37.74216592175985,144.70175729610776,-37.7412398783616,Neale Rd/Hopkins Rd
144.7972091127659,-37.759152447721846,144.79881278632425,-37.75806765146677,Persini Crescent/Furlong Road
144.88239135172662,-37.81650257299207,144.88402970297335,-37.81530634010681,Yarraville Oval
144.70584175283383,-37.84986092978764,144.70731484531484,-37.84869187009876,Wyndham Village SC/Morris Rd
144.66952732973942,-37.83695561488444,144.6711243721372,-37.8358972838064,Toucan Rd/Hummingbird Bvd
144.88462758647182,-37.84576314911413,144.88576341381489,-37.84486245084761,
144.67752313394925,-38.11668756860589,144.67951256583106,-38.11543853014319,Sunset Boulevard/The Esplanade
144.62881963641507,-37.89390112542127,144.63008926725203,-37.89237077437807,Ballan Road/McGrath Road
144.84871870311576,-37.831854425706204,144.85005929785407,-37.830804874251,Valerian Ave/Blackshaws Rd
144.8409210033292,-37.81958133826947,144.8420563969631,-37.81868066169213,
144.89157301873118,-37.84596300629408,144.89284488271798,-37.845054393714655,Newport Park/Douglas Pde
144.71702005525705,-37.875783752772975,144.7181727468652,-37.87458474718156,212 Old Geelong Rd
144.69175116946673,-37.97459358055137,144.6928888308476,-37.97369301940959,O'Connors Road/Beach Road
144.82854533713868,-37.775425227437374,144.82973066247956,-37.77431727213381,Phoenix Street/McIntyre Road
144.39683850373973,-38.02339696209166,144.39896078958563,-38.021922493508654,Flinders Ave/Station Lake Rd
144.54885742021125,-37.790806818973,144.55016968157443,-37.78989248107313,St Arnaud Rd/Eynesbury Rd
144.73802931007154,-37.88061970152414,144.73933588970954,-37.87962279831156,Wakefield Court/The Strand
144.6519541316554,-37.838360307404734,144.65323956832785,-37.83736809248697,Isabella Way/Davis Rd
144.70684832480302,-37.836588195907524,144.70798387550758,-37.835687604053575,Morris Rd/Leakes Rd
144.6503547680612,-37.84695757707206,144.65149043225716,-37.84605702288881,Santarosa Ave/Davis Rd
144.7974018400711,-37.799143285603314,144.79865575863158,-37.798131914381855,Dresden Way/The Avenue
144.8475824324321,-37.817649815113924,144.84892767292473,-37.81640188492263,Geelong Rd/Millers Rd bus stop
144.83756728527118,-37.78240981025957,144.83935792005482,-37.78135829059613,Rawson Ave/Hertford Rd
144.8119022881205,-37.86573550908457,144.81556357907346,-37.864003824429005,Westona Station/Maidstone St
144.83442313671938,-37.78573674644712,144.83598546168983,-37.784701052582996,Martin St/Devonshire Rd
144.67301715976518,-37.83270897438171,144.67473214431146,-37.83133472570534,Tarneit Rd/Leakes Rd
144.7278679043571,-37.89494141979734,144.72939028974633,-37.89353428045049,Tom Roberts Pde/Boardwalk Bvd
144.89530486188443,-37.85332798583012,144.89659843959842,-37.852416814197824,Braw St/Douglas Pde
144.6299262782384,-37.9256596971561,144.63111592224348,-37.924539402264585,Geelong Road/Ison Road
144.6784810120678,-37.87029215239907,144.67975648925676,-37.86938344761512,Barber Dr/Dowling St
144.81766809359115,-37.808407638925075,144.81906800708978,-37.80749766113682,Somerville Rd/Fairbairn Rd
144.82942022997904,-37.777450138071124,144.83055497031432,-37.77654946189043,Harvester Road/Ballarat Road
144.7310958104673,-37.73720518719264,144.7323631881716,-37.736260612433185,Bushy Park Ave/The Grange
144.83964880164038,-37.868455589163275,144.8424497869672,-37.86712253383734,Platform 1
144.8683453942848,-37.8455266443757,144.8694812060041,-37.84462595558599,Woods St/Maddox Rd
144.72600453249606,-37.71681601109564,144.72713826781057,-37.715915388865575,
144.83727933544083,-37.86575739083308,144.83855526437748,-37.86475740904379,Seves St/Civic Pde
144.88747136005648,-37.8657181250822,144.88878064217246,-37.864650374939544,Gellibrand St/Victoria St
144.64199287489296,-37.89426748202042,144.64420743242164,-37.89249161816157,Manorvale Primary School/Greaves Street
144.66055644062538,-37.9033384878707,144.66188735977684,-37.902312012034315,Bridge St/Synnot St
144.6479317784878,-37.858764275383976,144.6490676218311,-37.85786372457689,Hogans Rd/Davis Rd
144.5548522459896,-38.157872621731975,144.55605875571362,-38.156617478129775,Yarramundi Drive/Jetty Road
144.82201799825802,-37.78196523551121,144.82315280203642,-37.78106456445032,King Edward Ave/Sydney St
144.6791295575286,-37.85883852684182,144.6804272414463,-37.85792737318461,The Grange P-12 College/Bethany Rd
144.7374690730198,-37.72402961412116,144.73860292728529,-37.7231289858401,Taylors Rd/Caroline Springs Bvd
144.67319868726247,-38.1161120691175,144.67494081343574,-38.114900830305324,Oxley Street/The Esplanade
144.66901515339342,-37.832148603793975,144.6703375451497,-37.83108469617548,Homewood Ent/Leakes Rd
144.84721827322622,-37.83373489815671,144.8486783214837,-37.832401902038335,Walker Cl/Millers Rd
144.66184098512812,-37.860932132924894,144.66294171314297,-37.86000396666526,Harmony Dr/Hogans Rd
144.7804740349962,-37.844543218151614,144.78160976530452,-37.84364258180978,Westside Hotel/Leakes Rd
144.86243281895457,-37.79626794234865,144.8638217784808,-37.79533485780731,Ashley Street/Barkly Street
144.89398638395207,-37.85903121602368,144.8952469135297,-37.857979583986804,Richard St/Ferguson St
144.827890319598,-37.796185903999586,144.8292207825849,-37.79523929511076,Cannon St/Wright St
144.6867886050845,-37.869128794642485,144.68817089446168,-37.86810660504302,Sier Ave/Cameron Dr
144.7093409322783,-37.87875771472293,144.71051696745627,-37.87766598495922,Nevada Ct/Old Geelong Rd
144.87034196076954,-37.80565175767451,144.87148363276785,-37.803884742227815,Hansen Reserve/Roberts St
144.61296987582708,-37.90046102035125,144.6150050238079,-37.89953137961693,Vaughan Chase/Black Forest Road
144.67758280682853,-37.86653478432219,144.67871879348638,-37.865634215638785,Carruthers Dr/Dowling Ave
144.39357466912764,-38.03527220126222,144.39484753175202,-38.03426859872341,
144.7824823456067,-37.842237921409776,144.78377905516817,-37.84125117825209,Fitzgerald Rd/Cherry Lane
144.74725175797226,-37.86350341722395,144.74878583664895,-37.86117103546599,Williams Landing Bvd/Palmers Rd
144.74044075232942,-37.733862412540844,144.74186104915992,-37.73275128742162,Caroline Springs Library/Caroline Springs Bvd
144.73292476844696,-37.72457794319792,144.73412373365483,-37.723597856725256,
144.90193228822307,-37.86858240660886,144.9031666132679,-37.86764529297024,Thompson St/Osborne St
144.4086730199344,-38.02349073681369,144.41037957114415,-38.02177186369072,The Centreway/Waverley Rd
144.7937351141044,-37.7943763260314,144.79487008619395,-37.79347567393004,Luzon Way/Callaway Bvd
144.8582842342899,-37.814692643780575,144.85941956599999,-37.813791956181085,Cemetery Rd/Geelong Rd
144.88087234156478,-37.82123520140515,144.88242194363815,-37.8197489321341,Williamstown Rd/Francis St
144.84911410003238,-37.81961194069609,144.85024950025883,-37.818711259265555,Stenhouse Ave/Millers Rd
144.89680910600467,-37.85567195188957,144.89794509428046,-37.854771248072204,John St/Douglas Pde
144.61580283562455,-37.90079496718274,144.61801486452637,-37.89988263263854,Clitheroe Drive/Black Forest Drive
144.719681401696,-37.81925260305286,144.72102399499786,-37.818325997078375,Truganina Community Centre/Everton Rd
144.7048928929842,-37.85530619940748,144.70625400825165,-37.854306999997405,Albert Pl/Morris Rd
144.8785377294265,-37.82044169009331,144.879873771514,-37.819442509451754,Severn St/Francis St
144.73590606123403,-37.72806468902402,144.73733933762438,-37.727050710386266,
144.6390090558971,-37.89152892455222,144.64141091478078,-37.89001858320885,Gerald Street/Greaves Street
144.7027647976703,-37.86723611532857,144.70421840144812,-37.866115684426696,206 Morris Rd
144.65491090143226,-37.7377406869058,144.65604489888412,-37.73684011305514,Carnation Dr/Lightsview Bvd
144.6460604032626,-38.11545452942777,144.64765779722188,-38.11454747066625,Sproat Street/Newcombe Street
144.8167451774416,-37.81751270921551,144.81823122434525,-37.81658009097721,Leslie Rd/Little Boundary Rd
144.65831681084913,-38.117852808250575,144.65958688915185,-38.11695009170801,Fenwick Street/Gellibrand Street
144.73143499099913,-37.721981312397205,144.73256880930677,-37.72108068756402,
144.84780405052197,-37.839187738808576,144.84893974976958,-37.83828706115303,Seventh Ave/Mason St
144.7037425282904,-37.96634768498147,144.70488007202218,-37.965447114979575,Quay Boulevard/Duncans Road
144.7978442165435,-37.79385212731756,144.79897918375434,-37.79295147264388,Mekong Cl/Callaway Bvd
144.7382470557262,-37.7262584141927,144.73938094457884,-37.72535778576855,The Avenue/Caroline Springs Bvd
144.6945880446861,-37.84198313971127,144.6958418576701,-37.841071559476006,Baden Powell College Tarneit Campus/Baden Powell Dr
144.62005078102348,-37.8863737485566,144.62134491879462,-37.885362851297245,Hydefield Drive/Oaktree Drive
144.77951332392297,-37.74257021978403,144.78087947740968,-37.74149408019357,Kings Road/Main Road West
144.87336148177127,-37.82951067145917,144.87467762211514,-37.82836952855927,Watt St/Montgomery Cres
144.6487228719653,-37.859572275578,144.64985872835342,-37.85867172438286,Davis Rd/Hogans Rd
144.41253207166946,-38.029515566603266,144.41378243156151,-38.02845993333344,
144.73616687865703,-37.880190301756556,144.7373031216502,-37.87928969820464,Central Park/The Strand
144.70049348571496,-37.83612910900581,144.70163361181426,-37.83487879093346,Kulin Dr/Leakes Rd
144.67526390128143,-37.72356429452844,144.67639769903204,-37.722663705432595,Nettle Way/Frontier Avenue
144.7362195425935,-37.824495318087784,144.7390516569215,-37.82354428186073,Dunmore Dr/Dohertys Rd
144.75719095870022,-37.91115607322633,144.75834454284762,-37.910017926729566,Parliament St/Saltwater Prom
144.87971573545246,-37.81352071661958,144.88503191095975,-37.811786496859426,Somerville Road
144.89381368118146,-37.85128993429876,144.89520051908144,-37.85023936552018,Yarra St/Douglas Pde
144.62303907896805,-37.89018199050077,144.62431741695931,-37.88904470953509,Olympic Way/Greens Road
144.71596400311196,-38.17208989259824,144.7172071936195,-38.171028207392,St Leonards Shops/Murradoc Road
144.8913783288293,-37.84757633532365,144.8926955706124,-37.84666656468034,Wilkins St/Douglas Pde
144.67066967809723,-37.7268489928063,144.67180352221692,-37.72594840715471,Featherwood Drive/Frontier Avenue
144.79168564502754,-37.75856786752799,144.79312545762124,-37.75740103252906,Cairnlea Drive/Furlong Road
144.6575123469573,-37.83083802331346,144.659039352614,-37.829758476152996,Yanga Ave/Leakes Rd
144.70407063728882,-37.85088702090432,144.7057649640292,-37.84966077873222,Wyndham Village Shopping Centre/Sayers Rd
144.77113560884712,-37.770037121000605,144.77227019145408,-37.76913647896076,Miles St/Ballarat Rd
144.8339778676628,-37.86536333096767,144.83525953270944,-37.864373368810305,Mount St/Civic Pde
144.7728177599861,-37.84938114123036,144.7742838387817,-37.84845235886892,Old Geelong Rd/Bladin St
144.7413662046654,-37.88889168955449,144.7426199943735,-37.88788931041445,Lennon Boulevard/Shaftesbury Boulevard
144.65079356683722,-37.844693513229444,144.6520796339718,-37.843680686744705,Sayers Rd/Davis Rd
144.8708409578569,-37.80228278599792,144.8721891398217,-37.80074441316473,Sunshine Road
144.87163794948472,-37.82931301155942,144.8728882465778,-37.828204388437264,Moresby St/Brunel St
144.83080891614748,-37.79041178113977,144.83201128572222,-37.78913541872327,Corio St/100 Hampshire Rd
144.7944737185782,-37.79810294711114,144.795861380918,-37.79719005289572,Acacia Cl/The Avenue
144.7987170001888,-37.78286972842296,144.79985180010877,-37.78196907153852,Ukrainian Catholic Church/Forrest St
144.88699261903048,-37.868244949287735,144.88856023035385,-37.867087954660825,Williamstown
144.77116252050018,-37.76276711557329,144.77278237836634,-37.761829084546875,Kynoch St/Dumfries St
144.9036691608514,-37.868366775590445,144.90706796959114,-37.866129301152185,Thompson St/Hanmer St
144.6508137532347,-37.8799656441079,144.6521420446977,-37.879031555168616,River Run Dr/Heaths Rd
144.82967096310307,-37.788857154277416,144.83086083458088,-37.78787204567309,Watt St/Durham Rd
144.7096508502649,-37.84326042760144,144.71092694818753,-37.842226572391304,Taronga Rd/Andrew Rd
144.88206934322,-37.8384845489269,144.88320505706693,-37.83758385103482,
144.65605794418502,-37.83672487969714,144.65719345613243,-37.835824320263804,Ningaloo St/Yanga Ave
144.74779355786313,-37.82681955143251,144.7494190345839,-37.82523854895145,Dohertys Rd/Palmers Rd
144.5818303811987,-38.15044085184607,144.58300141678407,-38.14948874808907,Narawi Ave/Dandarriga Dr
144.86972117454852,-37.80808490063469,144.87100662731478,-37.80714059870208,Beaumont Pde/Roberts St
144.82942911266562,-37.77971493790036,144.83056388762776,-37.77881426206122,Harvester Road/Foundry Road
144.8865033916384,-37.818902451717776,144.88763880864767,-37.81800174824401,Blackwood Street/Fehon Street
144.57401958782785,-38.15418270854156,144.57519241573695,-38.152795991402485,Connie St/Beacon Point
144.7983901743706,-37.78772574371055,144.79965132704967,-37.78671375628573,Lorna Cres/Glengala Rd
144.77450928656964,-37.767721930118086,144.77598771097885,-37.76677407010572,Trinarcia Ct/Station Rd
144.6552507156202,-37.83956910924241,144.65653757955812,-37.83837869080795,Isabella Way/Moorookyle Ave
144.88867173333617,-37.81335345277299,144.88980706694957,-37.81245274718878,Somerville Road
144.81445919893923,-37.82145633021785,144.81559460135665,-37.820555669743676,Lincoln St/Pipe Rd
144.861758464111,-37.813515172696135,144.86394453927215,-37.81249432814065,Cromwell Pde/Geelong Rd
144.7513054883213,-37.72466226793518,144.75249190816896,-37.72362773197626,Jacaranda Dr/Taylors Rd
144.6401420024874,-37.90925563107024,144.64137039679315,-37.908309168776896,Glendene Court/Lyall Drive
144.6706679054919,-37.85411031858517,144.6718771963156,-37.853192980930196,Clearview Court Reserve/Bethany Rd
144.65767860053168,-37.84582101878507,144.65924378671778,-37.844746072899525,Lucia Ave/Sayers Rd
144.87516742428403,-37.82272646160988,144.87645137674724,-37.82170883837489,Cranbrook St/Benbow St
144.78202566066457,-37.84111751888767,144.78316133963588,-37.8402168810737,Westgate Dr/Fitzgerald Rd
144.865975128406,-37.85611004183946,144.8688906699438,-37.85510335845531,Maddox Road/Kororoit Creek Road
144.85859884150668,-37.83983924194675,144.8597345587835,-37.838938558014895,Mason St/McIntosh Rd
144.706277665756,-37.84813726054135,144.7075130341622,-37.84694433884045,Royal Oaks Dr/Morris Rd
144.7435907717065,-37.89818273450538,144.74483152908974,-37.89719956547697,Hemsley Promenade/La Rochelle Boulevard
144.68339981558066,-37.84117505455962,144.68462918144567,-37.84013074542505,Yaringa St/Poplar Bvd
144.87294549090322,-37.82320931847013,144.87448810002707,-37.82154204095318,Wembley Ave/Benbow St
144.67616152105003,-37.840218262546124,144.67737488278223,-37.839159337295484,Camelot Dr/Wickford Rd
144.76756475180477,-37.87139921861435,144.76982585555717,-37.870216083066815,Skehan Bvd/Central Ave
144.57995093519222,-38.14852579309267,144.5812616657173,-38.147617006941466,Gumarooka Ave/Dandarriga Dr
144.65752924621341,-37.87589951598629,144.65872585594096,-37.87499958341306,Bethany Catholic Primary School/Thames Bvd
144.7453628536042,-37.88952720357071,144.74699065249268,-37.88807819672411,Hyde Park Terrace/Shaftesbury Boulevard
144.76030100911157,-37.75605266831214,144.76157069293043,-37.755144631679016,Redditch Cres/Tamar Dr
144.84710654187884,-37.8458388042683,144.84829175407336,-37.84477749562024,Berkeley Cres/McIntosh Rd
144.73655103523913,-37.73005918328131,144.73776916610854,-37.729156816680785,
144.89312172038282,-37.86483199413291,144.89577174061696,-37.86307653891206,Platform 2
144.64622961454296,-37.89829752817949,144.647411984382,-37.89710157160704,Edgar Street/Greaves Street
144.77391363364066,-37.771874722758184,144.77520016574317,-37.77096627724487,Canterbury St/Station Rd
144.65713967394777,-37.86629066510624,144.6583833257909,-37.86532603479422,Prominence Bvd/Thames Bvd
144.74633873366884,-37.88552720450825,144.74747506663698,-37.884626595453014,Emmanuel College/Palmers Rd
144.71435321096536,-37.818789592794374,144.71620959076907,-37.81784020758496,Bemin Sec Col Junior Campus/Everton Rd
144.77356410672354,-37.77458497417709,144.77485779361257,-37.773681925830346,Poole St/Station Rd
144.75886042547506,-37.86762743736727,144.76172462708575,-37.8660218948676,Aircraft Railway Station/Triholm Avenue
144.5478837592445,-37.78470701048405,144.54908903886326,-37.783805589078334,Cobram Dr/St Arnoud Rd
144.8678639045985,-37.81810634633531,144.86899929569014,-37.81720565362642,Angliss Reserve/Roberts St
144.7527781396763,-37.91043270459278,144.75391486062892,-37.90953209536845,Point Cook Rd/Saltwater Prom
144.6742757317746,-37.89714893435209,144.6767220615956,-37.89526846508805,Sneydes Rd/Princes Hwy
144.77017710707463,-37.759847818679624,144.7713837957324,-37.75883928121258,Murphy St/Billingham Rd
144.65159058694297,-37.73483281045622,144.6528770145057,-37.73392238956797,Nash Blvd/Leakes Rd
144.8938903476751,-37.86618564027258,144.89563795376995,-37.86493085930929,Fearon Reserve/Osborne St
144.65454236146428,-37.90146469251599,144.65589963761497,-37.900470407092946,Wedge Street/Cottrell Street
144.6565180305732,-37.89454654965289,144.65773067190875,-37.89365524955807,Centre Avenue/Market Road
144.7777994123581,-37.865334774751645,144.7790736892557,-37.864309825250416,Hall Ave/Merton St
144.77682364693237,-37.86338309044599,144.77824635429107,-37.862463809666046,Linden St/Railway Ave
144.7472918712059,-37.85908581354903,144.7487450234524,-37.85775398664738,Delaney Bvd/Palmers Rd
144.7967097701747,-37.826093424504315,144.79784523012367,-37.825192775457126,Hume Rd/Pipe Rd
144.7429340131284,-37.85432290562339,144.74443298665759,-37.85324419394104,Palmers Rd/Sayers Rd
144.72655254758297,-37.8513132502879,144.72770695825406,-37.849654049635475,Westbourne Grammar School/Marquands Rd
144.71094170093883,-37.818105195691004,144.71249309422413,-37.816744804473984,Morris Rd/Everton Rd
144.76970028356786,-37.74493563167959,144.7708803167757,-37.74380696810998,Evergreen Avenue/Oakwood Road
144.746823369339,-37.724032517026586,144.74795723096483,-37.72313188293473,The Entrance/Taylors Rd
144.73895263924697,-37.85398243912415,144.7406751589774,-37.85290615955977,Wetlands Bvd/Sayers Rd
144.6200638842095,-37.88174721084843,144.6215695245288,-37.88014878942127,Evergreen Drive/Ballan Road
144.85822871386648,-37.832853127128324,144.859993884891,-37.83190447303154,Macdonald Ave/Blackshaws Rd
144.82998367119512,-37.86509213300895,144.83327555030743,-37.86392390538947,Civic Centre/Civic Pde
144.81755984859984,-37.7988308104998,144.81895205250856,-37.79781388888378,Talintyre Rd/Fairbairn Rd
144.86379986823863,-37.833446346062814,144.8657308310766,-37.832508953990974,Hansen St/Blackshaws Rd
144.63483880890124,-38.12250071813072,144.6361945932517,-38.12154358095465,Ventura Street/Portarlington Road
144.7641593005136,-37.759672476504825,144.76539189852784,-37.75868402347073,Billingham Rd/Tamar Dr
144.77845559146996,-37.74574812510093,144.7795898088299,-37.744847474860485,Robyn Ave/Station Rd
144.75295768337912,-37.90031346476221,144.75431321160906,-37.89906563536102,Point Cook Village/Point Cook Rd
144.77944723948525,-37.91432380633529,144.78070786222523,-37.91338329311473,Tidal Way/Saltwater Prom
144.77533708316213,-37.74209217209803,144.776727116948,-37.74104492769081,Gum Road/Main Road West
144.65033495938795,-37.84808967697894,144.65147064093048,-37.84718912298194,Lansdowne Pde/Davis Rd
144.80353106422362,-37.75992167468243,144.80510743400325,-37.75889142425633,Cox Street/Furlong Road
144.80157953155643,-37.79944682007415,144.80270366703058,-37.798471779490875,Peter Dr/The Avenue
144.3939417901285,-38.03317332336507,144.39521700896114,-38.0322127763843,Saintfield St/Forest Rd South
144.86989166091703,-37.824340303111356,144.87140364303698,-37.823370397246755,Footscray Hockey Club/Fogarty Ave
144.77714134387776,-37.84355241720917,144.77827705642343,-37.84265178275221,Laverton Market/Leakes Rd
144.84560415731556,-37.7861619422187,144.84673904297566,-37.78526125774294,Devonshire Rd/Duke St
144.8049109199373,-37.871351023517846,144.8060470803604,-37.870450376443614,Port Phillip Ret Village/Bell Ave
144.70414691451822,-37.83634607083267,144.70538209079595,-37.835172728987025,Montmarte Dr/Leakes Rd
144.76655760987944,-37.743937221593484,144.767691790422,-37.743036578367864,Fernhill Court/Evergreen Avenue
144.6451351492312,-37.8887706721794,144.64627145108844,-37.88787012778144,Templeton Court/Shaws Road
144.55151054992328,-37.79315805427174,144.55274755217212,-37.79224044506365,Bridgewater Ave/Eynesbury Rd
144.70338765273738,-37.863536634677516,144.70481284130204,-37.86218006553297,Lydhurst Ct/Morris Rd
144.91456699196482,-37.83913051808928,144.9160637145165,-37.83771898214201,Perce White Reserve/Todd Road
144.84625830256928,-37.839167804511746,144.84781919009976,-37.83763659583898,Bayside Sec Col/Millers Rd
144.8138125710428,-37.77602367888089,144.8154321328016,-37.77470522122716,Perth Ave/Ballarat Rd
144.8134464620181,-37.87058563692203,144.81458793880674,-37.86956206304246,Mulga St/Blyth St
144.68808086226437,-37.845723889263006,144.68921653804884,-37.84482331069801,Inverell Pkwy/Derrimut Rd
144.76927819095246,-37.76203592603357,144.77049590997615,-37.76106487394815,Dumfries St/Winnington St
144.87669767484743,-37.80750632616924,144.87793602422204,-37.80622047330131,Edgar St/Geelong Rd
144.8556586821217,-37.83309837705487,144.85782226184276,-37.83118913791053,Kyle Rd/Blackshaws Rd
144.82304146731977,-37.79903623451047,144.82417653297466,-37.798135565451076,17 Couper-Angus Gr
144.54708032283213,-37.780620672243835,144.54844227952722,-37.77969632785949,Wandin Way/St Arnoud Rd
144.6576684034139,-37.896435743999454,144.65956940121342,-37.89495085602039,Dewan Avenue/Market Road
144.73233318765747,-37.88391443166029,144.7337732144406,-37.88277176835306,Point Cook Shopping Centre/Boardwalk Bvd
144.84471259518907,-37.78691957269113,144.84585650426365,-37.7858769272377,Duke St/Devonshire Rd
144.73353038783796,-37.76690876363916,144.7378794065496,-37.764889015926116,Caroline Springs Station/Christies Rd
144.66597591538098,-37.722205991655976,144.66710968493373,-37.721305408305035,Timbertop Parade/Fields Street
144.77759289581462,-37.889258357884174,144.77875840839505,-37.888217341819185,Featherby Way/Victoria St
144.8545217463989,-37.8399318362926,144.85621577052783,-37.838327829107776,Mason St/Mills St
144.84162773091185,-37.78112940179616,144.84284077183867,-37.780238898062755,Osbert St/Cornwall Rd
144.79002997617894,-37.793821870248436,144.79192102929997,-37.792751630742764,Parry Dr/Callaway Bvd
144.7171993451989,-37.89046361366545,144.71851785312282,-37.8893964863227,Breasley Pkwy/Hacketts Rd
144.73329737918405,-37.734227299873275,144.73502392566286,-37.733199300849456,Heathcote Retreat/The Crossing
144.71793098323812,-37.852146653186104,144.71935511599045,-37.851120446351906,Doubell Bvd/Sayers Rd
144.63842064003563,-37.88792777885283,144.63960486064178,-37.886777920979654,Greaves Street/Heaths Road
144.88607765083094,-37.821209421416995,144.88788395061977,-37.8198626335394,Buninyong Street/Francis Street
144.67511491968142,-37.855875487514545,144.6762653801084,-37.85484841234869,Provence Gr/Bethany Rd
144.66173869791223,-37.744671126001144,144.6631369090582,-37.74326907410251,Griegs Rd/Innovation Ave
144.77332546833776,-37.770707972584255,144.7753131161559,-37.76889598616829,Station Rd/Ballarat Rd
144.7266221848296,-37.90164814334083,144.7281622055183,-37.89992865712775,Pangana Dr/The Boardwalk
144.6553414514905,-37.84234954768834,144.65650324491753,-37.8413353521733,Edmund Dr/Moorookyle Ave
144.75461283024688,-37.75991194551833,144.7560271682862,-37.758789954376894,Burnside Hub Shopping Centre/Westwood Dr
144.75194428636206,-37.90639121910959,144.75316191800403,-37.90484598079447,Violet Way/Point Cook Rd
144.81652850524463,-37.815164651095905,144.81788939768697,-37.81403554896228,Boundary Rd/Fairbairn Rd
144.8066845583822,-37.79741765393639,144.8078305447577,-37.79610604600873,The Avenue/Link Rd
144.6215611348016,-37.90146409763689,144.62337126358932,-37.900501602593586,Olive Way/Black Forest Drive
144.67110094959486,-37.87337778752225,144.67238594991406,-37.87236481238296,William Wright Wynd/Westmill Dr
144.8773511719314,-37.81272601912415,144.87889692686437,-37.81167568006789,Kingsville Street
144.67893615942518,-37.75507929329,144.6800704408882,-37.75417870667101,Fuji Dr/Altezze Dr
144.6074168575416,-37.87837924142055,144.60870324340038,-37.877402158216356,Manor Lakes Boulevard/Armstrong Road
144.8619827557819,-37.80011962566588,144.864937407229,-37.7987078152421,Tottenham Station
144.82457096651538,-37.79906593496609,144.82570603377886,-37.79816526499545,Boreham St/Ardonyne St
144.9230658340312,-37.83969767078582,144.9242105677641,-37.83855312917005,Barak Road/The Boulevard
144.66222010690964,-37.738995195464504,144.6633593924259,-37.737959404481145,Innovation Av/Lightsview Blvd
144.41291042374738,-38.0363365950363,144.41416077377335,-38.03543680496291,
144.81636903797718,-37.86347822097385,144.8176510622939,-37.86248547882258,Altona P-9 College/Civic Pde
144.89083448382007,-37.85877525122997,144.89283652319529,-37.85763525011827,Verdon St/Ferguson St
144.7167508471702,-37.89335478631243,144.71803965495516,-37.8923056136989,Snowsill Cct/Hacketts Rd
144.77614222373666,-37.877823273456976,144.77740737581124,-37.87685232638826,Trafalgar Ave/Merton St
144.6237962618503,-37.88363694075033,144.62495153773835,-37.88256215911836,Ballan Road/Macquarie Drive
144.6798825021772,-37.749427994024686,144.68101669813598,-37.74852740593634,Griegs Rd/Innovation Ave
144.74550186120138,-37.730458594743844,144.7469078396375,-37.72942450469103,Lake St/Commercial Rd
144.57086937373376,-38.17012077180453,144.57212542882877,-38.16908752816601,Drysdale Primary School/Clifton Springs Road
144.77884429687757,-37.74163897869018,144.78034700337346,-37.740539520727175,Main Rd West/Kings Rd
144.8118868439776,-37.86354874294975,144.8134555565057,-37.86243315628002,Fenfield St/Civic Pde
144.38781558621784,-38.022534045235666,144.38931181078752,-38.02157675504724,
144.82174188594507,-37.7835895353041,144.8228767143494,-37.78268886465745,Ridley St/Sydney St
144.63152152744541,-38.109037756615095,144.63294501005345,-38.107961147639024,
144.4134217483554,-38.02300226465726,144.41619536639018,-38.0205468812092,Lara Station/Hicks Street
144.64858339866876,-37.85609917579896,144.64971920164996,-37.85519862416189,Aspire St/Davis Rd
144.91554176096955,-37.837207484444484,144.9169513389093,-37.83616041526916,Pye Street/Williamstown Road
144.82169545065037,-37.79291122606413,144.8229361458181,-37.79183087392553,49 Mayne St
144.881157648735,-37.857667539597294,144.8823326509514,-37.85654046013889,Adeline St/Kororoit Creek Rd
144.47289479314344,-38.02688702281964,144.4743669108578,-38.02592677747509,Avalon Airport/Outside Terminal
144.84091422200814,-37.7825869014479,144.84261668002105,-37.78150039697409,Hertford Rd/Cornwall Rd
144.77614487477283,-37.76115262321509,144.77727932552747,-37.76025197674632,Furlong Rd/Station Rd
144.69397496936622,-37.835388453920835,144.69682702946753,-37.834404246223514,Sunset Views Bvd/Leakes Rd
144.81823354709326,-37.80191723284832,144.81936865320193,-37.80101656711321,Warmington Rd/Fairbairn Rd
144.39173414097684,-38.04661537357612,144.39287265937932,-38.04571502638361,250 Forest Road South
144.82039029202937,-37.86896971237581,144.82176020579595,-37.86785098762751,Rayner St/Blyth St
144.804188362831,-37.77440083072631,144.80532303746566,-37.77350016923519,Sunshine Motor Inn/Ballarat Rd
144.75367748261124,-37.78744011429396,144.75481231769243,-37.786539485667326,
144.8440042898204,-37.847289437061804,144.84514011047176,-37.8463887628998,Altona North Park & Ride/Millers Road
144.69984137890063,-37.88478063417495,144.70307107569124,-37.88211400926869,Hoppers Crossing Station
144.41184963065993,-38.03337678464586,144.41307397172946,-38.03203151520877,
144.7698831742093,-37.85915083307364,144.77112862434456,-37.85821786656723,Ulm St/Bladin St
144.78007709557622,-37.77132292363839,144.7812117047237,-37.770422276323025,Deer Park Bowls Club/Ballarat Rd
144.7592123655043,-37.724499503460855,144.7604838324713,-37.723581195924424,Taylors Rd/Watervale Bvd
144.802023402816,-37.78810275284317,144.80327149664515,-37.78711194709841,Evelyn Cres/Glengala Rd
144.82484720472794,-37.79713322606109,144.82602019280276,-37.79625517381955,Moira St/Ardoyne St
144.70733929618495,-37.841853869794676,144.70868420281434,-37.840866929809536,Bellevue Dr/Morris Rd
144.69688478049892,-37.87970142406352,144.69803181762376,-37.878510375869126,Wright St/Heaths Rd
144.5907980620155,-37.8509522572715,144.59193373831096,-37.85005174268914,Anniversary Avenue/Stanmore Crescent
144.70962209732244,-37.826980297518,144.71075750298763,-37.8260797024431,Durell Rd/Morris Rd
144.7348645657744,-37.85357642770679,144.73612393705517,-37.85252517226407,Marsh Dr/Sayers Rd
144.6228504195722,-37.89382116453918,144.62398678075047,-37.89292063542159,Whitehaven Street/Honour Avenue
144.85818856780168,-37.85458039332857,144.85940662859645,-37.853516906626204,Techno Park Dr/Kororoit Creek Rd
144.66488849875248,-37.8762073466021,144.6663800024419,-37.87515445255366,
144.81036438388742,-37.87577532482352,144.81150061640966,-37.87487467513793,Apex Park/Queen St
144.87199030469313,-37.856731260067775,144.87317219614013,-37.85557503978488,Hobsons Bay Caravan Park/Kororoit Creek Rd
144.80206073905583,-37.82988842583354,144.80319626124182,-37.828987774127924,Cyanamid St/Dohertys Rd
144.8490453076362,-37.81862244075152,144.850180692655,-37.81772175921011,Corrigan Ave/Millers Rd
144.70445838960117,-37.86152869151077,144.70593050997505,-37.8604696080436,
144.87061872535836,-37.841743339935356,144.87238257130505,-37.84073786057909,Laurie St/Mason St
144.85534711076716,-37.83457732003246,144.85659889130264,-37.83367297993229,May St/Mills St
144.7883333008198,-37.874666318238845,144.78946949948022,-37.873765681722524,Harvey Cl/Queen St
144.60764078020358,-37.874848174548546,144.6094220703242,-37.87015523431055,Wyndham Vale Station (Bay 5)
144.62022307603604,-37.91262896223811,144.62135972428723,-37.91172843772262,
144.70952180501226,-37.825981697562895,144.7106571952979,-37.825081102398244,Dominique St/Morris Rd
144.81538600452234,-37.8701899877122,144.8165293963475,-37.86918621197026,Rankin St/Blyth St
144.73822247699877,-37.71034421540289,144.73935612330612,-37.70944358455838,
144.77253038898183,-37.75200090329162,144.77379143490288,-37.750966663948994,Brimbank Shopping Centre/Neale Rd
144.86330791220146,-37.8434334430571,144.864443688088,-37.84253275690458,Bayside Sec Col/Blenheim Rd
144.82456931291784,-37.79579469123355,144.82599898438357,-37.79485250896862,Ardoyne St/Wright St
144.85667489617722,-37.792672545262064,144.85897741808537,-37.7915336190151,Melon Street/South Road
144.75469512807842,-37.757397459778645,144.75594816817923,-37.75629514022717,Torowatta Pl/Westwood Dr
144.6625103462788,-37.89460229733208,144.6636676542497,-37.89355500234243,Conquest Drive/Tarneit Road
144.87494697586317,-37.808457049148636,144.87608222442438,-37.8075563508131,Bishop St/Geelong Rd
144.71076440281237,-37.8423103201079,144.712786001904,-37.84125258088423,Cabarita St/Westmeadows Lane
144.6150746761614,-38.13454377043863,144.61624122709367,-38.13356142932259,Church Road/Portarlington Road
144.66501111931072,-37.83650411086904,144.66627347935668,-37.835485889116605,Rifflebird Dr/Hummingbird Bvd
144.74432769853885,-37.87117343800676,144.74896943119532,-37.86902955343873,Williams Landing Station (Bay 4)
144.65536486817342,-37.84503438267033,144.6566943321511,-37.844018017038,Tyler Cres/Moorookyle Ave
144.6540530728757,-37.72932162873864,144.65529172993837,-37.728285471205844,195 Westcott Pde
144.76521486132464,-37.75184037937644,144.76685713721625,-37.75089302079905,Aycliffe Dr/Neale Rd
144.78965519203533,-37.7713050265586,144.79078980826333,-37.77040437340284,
144.78154856025355,-37.81509112073581,144.78268384004667,-37.814190479225566,Boundary Rd/William Angliss Dr
144.76522244368422,-37.73191215477054,144.7664284566179,-37.73073724487355,Gillespie Rd/Kurung Dr
144.8765886686623,-37.82287166941312,144.87801173560905,-37.82191743081689,Highgate St/Benbow St
144.7642672593782,-37.72959555026631,144.765530241579,-37.72859224971968,Dragon Way/Kurung Dr
144.729854354803,-37.740748501339894,144.73109664152466,-37.73965809865378,Wavetree Ave/St Georges Ave
144.6888166077029,-37.87885658695838,144.68995279261065,-37.877956013002624,Woodville Park Dr/Heaths Rd
144.76948021006098,-37.86514823894679,144.77426103463984,-37.86284813093726,Laverton Station/Railway Ave
144.67950359377886,-37.840586213285974,144.68073210328726,-37.83954428669833,Josebury Rd/Wickford Rd
144.66888955602485,-37.84754568299445,144.67002524429097,-37.84664511696652,Kingdom Hall of Jehovah's Witnesses/Tarneit Road
144.7203855314109,-37.843054870176644,144.72159327105464,-37.84205872973593,Cornell Rd/Westmeadows Lane
144.77800849842396,-37.77105442302691,144.77914310187626,-37.7701537769345,Deer Park Reserve/Ballarat Rd
144.64957905592044,-37.88924313496035,144.65132944257863,-37.888287565240894,Galvin Park/Shaws Road
144.82999457939667,-37.79481577626703,144.83127041482476,-37.79356242376875,Chapman St/Hampshire Rd
144.65867878566397,-37.731965949819745,144.6607809185785,-37.73041944990844,Rockbank Caravan Park/Westcott Pde
144.69584282729627,-37.84989075327486,144.69791027233146,-37.84896044669566,Silkwood Bvd/Sayers Rd
144.75582685976522,-37.73065516034354,144.75697463995758,-37.72960923954593,Inglewood Park/Inglewood Dr
144.8129822419412,-37.78977813219993,144.81411715835455,-37.78887746776159,Day St/Glengala Rd
144.64925124891852,-37.73025099873237,144.65274639193558,-37.72828498496316,Rockbank Station
144.88209050039248,-37.817970850504715,144.88322589989423,-37.81707014945703,
144.78561988451338,-37.87692531723966,144.78675611578709,-37.87602468272173,GF Sterling Reserve/Victoria St
144.81837368893466,-37.861696728310626,144.8195097113612,-37.86079607165088,Belmar Ave/Grieve Pde
144.7634859360741,-37.76686041889419,144.7646204642281,-37.76595978106716,Avon Cl/Ballarat Rd
144.78512047353016,-37.878380316976006,144.78625672677035,-37.87747968298538,Trafalgar Ave/Victoria St
144.64151317590603,-38.117292189977626,144.64313782298763,-38.11635531013571,Lincoln Drive/Portarlington Road
144.74632035095195,-37.882032139838024,144.74844179729342,-37.88027819030134,Tivoli Street/The Strand
144.85059657656367,-37.8320466702108,144.85213782158667,-37.831031728762014,Fifth Ave/Blackshaws Rd
144.89180411329372,-37.82190419589221,144.8933522841421,-37.82094460438903,Stephen Street/Francis Street
144.76760869221772,-37.76262464338264,144.76892350838835,-37.76162355628567,Salmond St/Dumfries St
144.76021974480705,-37.72949473235264,144.76147965530208,-37.72850916749921,Tenterfield Park/Tenterfield Dr
144.56899962433815,-38.17443416218211,144.57034397445227,-38.17345753737687,Drysdale Village Shopping Centre/High Street
144.73657649775933,-37.88561042998549,144.73883850070152,-37.88462877027148,Juniper Ave/Dunnings Rd
144.73570737236238,-37.87891863331008,144.7375219757394,-37.87770415598803,Lancaster Drive/Boardwalk Boulevard
144.82424858215296,-37.78945075624306,144.82545911616418,-37.78855404372755,Armstrong St/Mernda St
144.89715483218123,-37.85810541615253,144.89832056111354,-37.85628918372824,Williamstown SC/Douglas Pde
144.55380028558704,-38.162752047600165,144.55530989608533,-38.16071001263813,Jetty Road Reserve/Jetty Road
144.8106441492709,-37.7889356315606,144.81177905102516,-37.78803496840089,Bell St/Glengala Rd
144.68550089633857,-37.97143657880618,144.68663850397658,-37.970536021154764,Rivercoast Road/Beach Road
144.6168691889326,-37.87788132576453,144.61801671244407,-37.876861673581686,Wyndham Christian College/Ballan Road
144.83388812149107,-37.83014392378356,144.83557437715876,-37.82919677638332,Knapp St/Blackshaws Rd
144.71797439013375,-37.88616184951104,144.7191927129678,-37.88527275033013,St Laurent Bvd/Hacketts Rd
144.62699726513384,-37.88340309343797,144.62826793684206,-37.88246850588426,Nautilus Close/Halladale Avenue
144.7428607022426,-37.733036615108055,144.74399469806187,-37.73213598485324,Caroline Springs Square SC/Main St
144.7466058583847,-37.856058520913415,144.74811354011715,-37.85503667825194,Cresswell Ave/Palmers Rd
144.80048676387253,-37.759514131329375,144.80163213625502,-37.7584985685344,Levenia Street/Furlong Road
144.77177913729216,-37.818581717480335,144.77291446300944,-37.817681082481016,Opp 60-68 William Angliss Dr
144.68638425006668,-37.878584867028955,144.6889332473398,-37.877546833512184,McIntosh Ave/Heaths Rd
144.69486081689737,-37.86431898999153,144.69599678341518,-37.863418409969526,
144.7259619823753,-37.721237525516486,144.72733181590087,-37.72025760003504,
144.7646972129502,-37.743916577074245,144.7659391900978,-37.743019022823546,Delamare Drive/Evergreen Avenue
144.7552727048762,-37.888820307020126,144.7564090954285,-37.887919692941125,Newminister Way/Point Cook Rd
144.77715221628958,-37.8469641706967,144.778299383905,-37.84594542924004,Tarran St/Old Geelong Rd
144.74688032380257,-37.88678370457982,144.74801667650323,-37.88588309538141,Palmers Rd/Dunnings Rd
144.83547550203724,-37.79704920751032,144.83659409460776,-37.79608899226034,Central Avenue/Wright Street
144.65209606749457,-37.8599756766374,144.65323193282367,-37.859075123323485,Yellowfin Dr/Hogans Rd
144.80480338333055,-37.82397302711547,144.80593881696666,-37.823072372846006,Stanley Rd/Pipe Rd
144.6616309840988,-37.852410165330134,144.66287031459683,-37.85141033465735,Amelie Pde/Bethany Rd
144.6712386965711,-37.865868042258825,144.67246990466248,-37.86488305772655,Delaware Ct/Wilmington Ave
144.57285310601165,-38.17101197321098,144.57406909764003,-38.16996812663619,Christian College Bellarine Campus/Collins Street
144.779638594178,-37.82381501948443,144.78077400612258,-37.82291438047696,Opp 16 William Angliss Dr
144.87922051325154,-37.81642944978602,144.88035588703556,-37.81552875017572,High Street
144.75638938793284,-37.88247830419585,144.7576208147964,-37.88108419564284,Allington Pl/Point Cook Rd
144.6267217114236,-38.12750844787754,144.6278616889015,-38.12660795208313,Point Richards Road/Portarlington Road
144.6680150265185,-37.9000066208934,144.6691627714982,-37.898802079038184,Tower Rd/Princes Hwy
144.39513166772866,-38.02655838185558,144.39643273351425,-38.02558471766934,Fisher St/Forest Rd
144.77099141674933,-37.87162775785685,144.77235118550448,-37.870704542240745,Uniting Church/Central Ave
144.7509544318036,-37.8872846836603,144.7525407686512,-37.88614221593382,Willowgreen Way/Dunnings Rd
144.7754687349891,-37.88388161360714,144.7766050653128,-37.88298098635421,Brown Ave/Merton St
144.57490478716088,-38.14922619457996,144.5761411152507,-38.14821320537165,Centaurus Avenue/Beacon Point (West) Road
144.7693045546042,-37.8619692376259,144.77058834045562,-37.86077416241719,Wright St/Bladin St
144.85386713571683,-37.79228502312929,144.85532796502216,-37.791224676233085,Rochester Street/South Road
144.66618429036973,-38.11721394138973,144.66732780877794,-38.11621615836006,Simson Street/Newcombe Street
144.8689681819791,-37.8289772699699,144.87038361467594,-37.82803183025486,Edwards Reserve/Brunel St
144.88960792826373,-37.85311384999848,144.89074387202234,-37.852213149963276,
144.87541507720658,-37.84279687811242,144.8774494271214,-37.841164206521896,Oxford St/Mason St
144.73230795002337,-37.91095557229127,144.7340523500325,-37.91004702760873,Yellowbox Dr/Featherbrook Rd
144.77381034426753,-37.760312888166844,144.77554366077285,-37.759278612585305,Porter Ct/Billingham Rd
144.7333547798515,-37.867155801879086,144.73449082045585,-37.866255198082094,Ashcroft Ave/Forsyth Rd
144.77008716557305,-37.73376542254395,144.77313602324944,-37.73271892212913,Copperfield College/Gillespie Rd
144.65313514767007,-37.891472721676585,144.6549118557802,-37.89010557826787,Willow Street/Market Road
144.7304073877589,-37.909756270085566,144.73165711757312,-37.90857422976524,Bottletree Rd/Featherbrook Rd
144.84582681361164,-37.84255487909288,144.84710689030808,-37.840983920683755,Hobbs St/Millers Rd
144.677351324262,-37.87730088342329,144.6784874760531,-37.876400316537676,Glendale Ct/Heaths Rd
144.89606490359148,-37.854606840926,144.89747589711757,-37.85352925893883,Union St/Douglas Pde
144.74441742683877,-37.88651400383667,144.74555377346738,-37.88561339612453,Emmanuel College/Dunnings Rd
144.7779079823684,-37.74696852484011,144.77904221793156,-37.746067875121284,Gladstone St/Station Rd
144.75374899032718,-37.895872839874954,144.75507971397985,-37.89470136015412,Sanctuary Lakes SC/Point Cook Rd
144.829518484357,-37.868872337030474,144.83119772117985,-37.86783486369916,Pier St/Blyth St
144.57126289358288,-38.16818548635293,144.57253660134123,-38.16699671367479,Nash Avenue/Clifton Springs Road
144.7680463982751,-37.769421894777,144.76941070843947,-37.76805850527236,St Peter Chanel/Ballarat Rd
144.8485423896517,-37.820995140420926,144.84967781063955,-37.82009445954069,Eames Ave/Millers Rd
144.86187610453229,-37.848088539210075,144.86343420955134,-37.846603578131294,
144.68847676145958,-37.81970849138167,144.6896120388533,-37.818807908579394,
144.84625782368215,-37.836127163978865,144.8482202453861,-37.83448951481713,McArthurs Rd/Millers Rd
144.62745319844632,-37.89050966424412,144.6286884045139,-37.889089835601304,Whiton Grove/Ballan Road
144.8455369186048,-37.84346113780956,144.84667268168715,-37.842560462152036,Douglas St/Millers Rd
144.6610738915165,-37.891831451114435,144.66237290773296,-37.8904789479729,Shaws Road/Tarneit Road
144.67663096447555,-37.872101783591475,144.67776703583957,-37.8712012163695,Johnson Ave/Barber Dr
144.8687466769268,-37.847770644321415,144.869882523362,-37.84686995564027,Revo St/Jubilee St
144.81245484114973,-37.81604383002952,144.81359015914632,-37.815143169931964,Somerleigh Rd/Boundary Rd
144.6561901901408,-37.8774163754176,144.65777690646698,-37.87611492456722,Latham St/Heaths Rd
144.87264756098634,-37.83440469610916,144.8747889825341,-37.83331644095411,Watt St/Blackshaws Rd
144.66706393952936,-37.85685599061027,144.66842096530004,-37.855636309447824,Good News Christian School/Tarneit Road
144.74890548410397,-37.743792982432296,144.75009991652198,-37.74262051733532,
144.8254281689668,-37.7856283362517,144.8265630313272,-37.784727663709866,Anderson Rd/Forrest St
144.6462637898617,-37.884616653247214,144.647625009855,-37.88359744650736,Riverbend Cres/Heaths Rd
144.68016471864559,-37.877884584276956,144.68130088166907,-37.876984015684044,Derrimut Rd/Heaths Rd
144.6524320101298,-37.834855484071426,144.6541280814898,-37.83239051441851,Riverdale Village Shopping Centre/Davis Rd
144.77461036084128,-37.76305442259985,144.7757448394593,-37.76215377736154,Station Rd/Dumfries St
144.64990764961493,-37.84938677674143,144.65104335070353,-37.84848622321943,Edith St/Davis Rd
144.6641249812875,-37.85278645212405,144.6654545197285,-37.85174254784657,Stan Dr/Bethany Rd
144.69339152467717,-37.87529272290607,144.6947169731611,-37.8743744771748,Dean St/Mossfiel Dr
144.8835813278259,-37.85791714689658,144.8847624724182,-37.85680245266742,Bayside College/Kororoit Creek Rd
144.70819143112382,-37.83569379639962,144.7093269691866,-37.834793203561475,Monfort Dr/Morris Rd
144.8495022138213,-37.817792540950286,144.8506375864698,-37.81689185901135,Geelong Rd/Millers Rd
144.76020413902629,-37.84111404166613,144.76138736326473,-37.839834358257086,Banfield Ct/Leakes Rd
144.49795216702535,-37.96360631522483,144.50070577114096,-37.961727677018274,Little River
144.61260315548734,-37.87792543262168,144.61387214247625,-37.87688296738822,Manor Lakes Boulevard/Hindmarsh Drive
144.74376850533417,-37.89623086444166,144.7449254991877,-37.89473673549369,Santa Cruz View/La Rochelle Boulevard
144.57710803617502,-38.165484218694885,144.5784065660457,-38.164572481321265,Oakden Road/Portarlington Road
144.8955187228774,-37.820412165476455,144.8968386766521,-37.8195030345212,Kent Street/Hyde Street
144.84538841117816,-37.81833823969027,144.8465237891135,-37.81743756027135,
144.81755634469457,-37.77611033462135,144.81869105560037,-37.7752096653402,Maylands St/Ballarat Rd
144.81918302149762,-37.831331130880116,144.82031857879775,-37.8304304690814,Westgate Dr/Dohertys Rd
144.3983639301977,-38.03470117686558,144.39950227015734,-38.03380082309417,Loretta Cl/Canterbury Rd East
144.89654417776802,-37.85936435152994,144.8976802225172,-37.85846364843183,Electra St/Ferguson St
144.613595372259,-37.91347646000043,144.61473202806522,-37.912575939960284,Rushton St/Ison Rd
144.83979647033786,-37.86306813460345,144.84093252995507,-37.862167465358134,Cherry Lake Reserve/Millers Rd
144.72586087036277,-37.90825179349967,144.7270750325465,-37.907235906396245,Wildcherry Pl/The Boardwalk
144.60725895670535,-37.876811460727275,144.6083950436192,-37.875910939233435,Clarence Street/Manor Lakes Boulevard
144.7353521386887,-37.71073817556124,144.7368029624776,-37.709818124563654,
144.70684976298776,-37.84463958800709,144.70814433477315,-37.843724711255064,Andrew Rd/Morris Rd
144.62718338776028,-37.89874774220471,144.62905010716173,-37.89721305774424,Gentzen Drive/Honour Avenue
144.86827145113332,-37.81200934692189,144.8694067491552,-37.81110865303982,Somerville Rd/Geelong Rd
144.57452545736274,-38.16941054711328,144.57567034469238,-38.16825465284125,Wathaurong Reserve/Collins Street
144.75509957034623,-37.76279951661992,144.75623402995694,-37.7618988833414,Westwood Dr/Western Hwy
144.6249147297526,-37.88737245532769,144.62691257976383,-37.885524745276186,Bolton Road/Ballan Road
144.74726517769525,-37.866726006236206,144.74840122261025,-37.86582539372504,Overton Rd/Palmers Rd
144.83700537487633,-37.869612525726005,144.8382532275745,-37.86858357424356,Millers Rd/Blyth St
144.66294694447177,-38.116793840657884,144.66440075178085,-38.11583645963417,Guyett Court/Newcombe Street
144.78991514682406,-37.79028942518394,144.79105005347475,-37.78938877477749,Hilma St/Fitzgerald Rd
144.7031200630702,-37.84483459409871,144.70425573724103,-37.84393400586236,Duck Haven Cres/Rose Grange Bvd
144.7446902984248,-37.82503160863211,144.74582570188053,-37.82413099132911,Jessica Way/Dohertys Rd
144.8542645635988,-37.84141057901573,144.8554478387523,-37.84012422090639,Hendren Ave/Mills St
144.8887400455328,-37.81690549135984,144.8909643173233,-37.814575800890054,Yarraville Station/Birmingham Street
144.74022814282034,-37.886588739875215,144.74203167219574,-37.884949117546064,Carranballac P-9 College/Dunnings Rd
144.74961737337222,-37.885549662496395,144.7508079240361,-37.88466763740626,Aviemore Way/Willowgreen Way
144.77659989924828,-37.757924223601435,144.777734301052,-37.75702357635998,Solomon Dr/Station Rd
144.657046909992,-37.90538428130822,144.65819059174888,-37.90425451864998,Wedge St/Synnot St
144.65995564642446,-37.84974080033602,144.661202656575,-37.848841999570354,Evadene Dr/Babele Rd
144.65356086890444,-38.112415277799585,144.65486246666578,-38.11130363189471,
144.6375625474014,-38.12001134716269,144.6387253524073,-38.118957952650426,Hereford Street/Portarlington Road
144.6354415814187,-37.90305571446169,144.63675881947546,-37.90206328513129,Walls Road/Black Forest Road
144.8874123212712,-37.85856075388742,144.8907161945273,-37.85589217145467,North Williamstown Station/Ferguson St
144.41248724097917,-38.0195563830677,144.4136253593737,-38.01865601689216,
144.64897692269818,-37.8531869061505,144.65050877603073,-37.85225199397053,Bethany Rd/Davis Rd
144.66961624647482,-37.8957812109899,144.67075715472404,-37.8947792885489,Conquest Drive
144.7564416579676,-37.725032919925106,144.75757554233502,-37.72413228003623,Tarago Tce/Taylors Rd
144.7315231143357,-37.891074703296766,144.7327441899876,-37.88998219653515,Juniper Ave/Boardwalk Bvd
144.76054686855184,-37.725794295139586,144.7626217389082,-37.72462510637375,Gilson College/Taylors Rd
144.4132923059546,-38.02537700019942,144.414469093236,-38.024304499294345,
144.85042241866645,-37.82782048576522,144.851689881399,-37.8268307140859,Millers Rd/Marigold Ave
144.7055049287095,-37.85265769184189,144.7067248768935,-37.85096660806649,Alexandra Ave/Morris Rd
144.84887930669635,-37.84484376047239,144.85013269227508,-37.8438937392676,Paproth Gr/McIntosh Rd
144.68927489339762,-37.840276046197445,144.69073500607092,-37.839359353817045,Watagan St/Derrimut Rd
144.89241779363408,-37.84909083417839,144.893576705892,-37.847999165675006,Dowman St/Douglas Pde
144.77293870173284,-37.82316611748454,144.7740740985687,-37.82226548247683,Norwest Ave/William Angliss Dr
144.89925257421447,-37.85969865228755,144.9003886260704,-37.85879794767422,Maclean St/Ferguson St
144.61078065722512,-37.89255788925667,144.6120735422818,-37.891575710548985,Vaughan Chase/Haines Drive
144.8733521520965,-37.82696911269218,144.8746403480909,-37.82597068710998,Muir St/The Avenue
144.68385047947712,-37.869769186074095,144.684986520837,-37.8688686138869,Cameron Dr/Derrimut Rd
144.88064402407602,-37.82800294931456,144.88177957621096,-37.82710225064719,The avenue
144.7401382808144,-37.73598621403643,144.74127231949052,-37.73508558592486,
144.73357856597033,-37.72622726340042,144.73481243191492,-37.72532553601595,
144.6641506206757,-37.831610581081776,144.66577337911042,-37.83048571828818,Cottesloe Boulevard Wetlands/Leakes Rd
144.61351817169455,-37.87452136296031,144.61465422862918,-37.873620837000416,
144.8946902936549,-37.82221876295936,144.89585590343066,-37.82123493692889,Hyde Street/Francis Street
144.8006072613831,-37.78785102861371,144.80174213891422,-37.786950371347785,Ralph St/Glengala Rd
144.71360903906185,-37.8517972614569,144.7150079609771,-37.8507497383099,Wisdom Ave/Sayers Rd
144.66571872394076,-37.73421469065441,144.66685267637413,-37.733314109306576,Elizabeth St/Westcott Pde
144.74536938751623,-37.89158250374356,144.7465058127898,-37.89068189621768,Oldfield Place/Sommersby Road
144.7554761355926,-37.88653457611318,144.75688003662034,-37.88534538888924,Homestead Run/Point Cook Rd
144.76987484250353,-37.88859730376239,144.77112416038545,-37.8875523961921,Half Moon Tce
144.63148899537057,-37.902644218662125,144.6331679102281,-37.90160608207252,St. Andrews Drive/Black Forest Road
144.67606170834839,-37.86244855974521,144.67752649306814,-37.86141613938824,Dowling Ave/Hogans Rd
144.59338421012114,-37.85321414089718,144.59456109371777,-37.852186058856525,Stanmore Crescent/Welcome Parade
144.6508887677419,-37.860007576244904,144.65202463257657,-37.859107023715964,Casabene Dr/Hogans Rd
144.76085650835788,-37.79157018279568,144.7623963899638,-37.79054691624567,
144.7043340994387,-37.85924188565888,144.70553240758173,-37.85739881425574,Evrah Dr/Morris Rd
144.6394630377643,-37.8983539063911,144.64188177107468,-37.897090495735895,Werribee Sports Centre/Ballan Road
144.7543629160208,-37.89297854718622,144.7556412829701,-37.89201815252291,Lumen Christi PS/Point Cook Rd
144.72312890282745,-37.884341806030164,144.72429099539553,-37.88312649386582,Waterhaven Bvd/Dunnings Rd
144.73784612387237,-37.73102421380078,144.7389710730842,-37.73007228600583,St Catherine Catholic Church/College St
144.8417354861013,-37.85985923831913,144.84310051745047,-37.85892736179361,Noordenne Ave/Millers Rd
144.79591477882337,-37.876120787327366,144.7972192187681,-37.87503921269868,Altona Sports Centre/Queen St
144.78485882539846,-37.88465891641507,144.78599517490218,-37.8837582835463,Roach Dr/Victoria St
144.8745489798526,-37.82885709136757,144.87567072379912,-37.827888308257336,Hudsons Rd/Stephenson St
144.59594894262935,-37.87263337846093,144.5971403620069,-37.871542721280704,Ampelon Street/Kinglake Drive
144.7297403885475,-37.85317630182231,144.7308762117602,-37.8522756981389,Forsyth Rd/Sayers Rd
144.8978269774426,-37.85934575190247,144.8989630228424,-37.85844504805932,Coxs Gdn/Ferguson St
144.82271111789333,-37.831627431915045,144.82384668240152,-37.83072676804649,Altona Memorial Park/Dohertys Rd
144.67635811608162,-37.857430157751416,144.67778378126627,-37.8564894424442,The Grange Secondary Campus/Bethany Rd
144.8314106949765,-37.790555117541395,144.83437370683814,-37.78638632923968,Sunshine Station
144.72502265389437,-37.745077922097444,144.72619114532915,-37.744010777432926,Naracoorte Dr/Rockbank Middle Rd
144.59208251158447,-38.15127532568493,144.5932140872445,-38.15030497402928,Reservoir Road/Portarlington Road
144.66905061337812,-37.72230579263495,144.67018438693614,-37.72140520732605,Aintree Town Centre/Fields Street
144.66226177764747,-37.88493320210047,144.66355562033795,-37.884007597258666,Swan Street/Tarneit Road
144.6442778222696,-37.90042073145718,144.64595328076982,-37.89944626900559,Edgar Street/Ballan Road
144.74027027020762,-37.866922714252766,144.7419904271891,-37.86594098612434,Ross St/Overton Rd
144.8180543399589,-37.80285843272244,144.81918946033628,-37.801957767239095,Felstead Ave/Fairbairn Rd
144.81411233964374,-37.79002253252114,144.81524726065177,-37.78912186744038,Carter St/Glengala Rd
144.79590876688056,-37.78736662722763,144.79704363341742,-37.786465972733836,Allison St/Glengala Rd
144.5668014244323,-37.791856441717876,144.56822708015085,-37.790606958414386,Walhalla Dr/Eynesbury Rd
144.62384143013648,-37.91309584989737,144.62501446997751,-37.91199524976636,
144.76635010053545,-37.79320824550033,144.76749470011126,-37.79219935424562,
144.77328634645343,-37.77674559899433,144.77457795397763,-37.77575110075312,Wood St/Station Rd
144.87143427374997,-37.8480553450871,144.8725701265385,-37.84715465487459,Challis St/Jubilee St
144.8188969718839,-37.81980968931311,144.82024412770005,-37.81876191050895,Pipe Rd/Little Boundary Rd
144.8780859878021,-37.82216403739009,144.8792353157161,-37.82080056255158,St Leonards Ave/Severn St
144.832346294488,-37.79674562697959,144.8336235075811,-37.79570477302511,Hampton Avenue/Wright Street
144.8808213143632,-37.82926204926977,144.8819568859238,-37.82836135069196,Hudson Road
144.6713174393009,-37.92768137763149,144.67245436101564,-37.926780822329434,Werribee Park Mansion/Main Drive
144.8380406984163,-37.86813856240163,144.83929650042592,-37.867191737302626,Seaholme Station/Millers Rd
144.79892341429584,-37.83623273065174,144.8001801856159,-37.83525686925575,James St/Cherry Lane
144.6348276011372,-37.91411699157666,144.635966198045,-37.91308250837916,Beldale Avenue/Westleigh Drive
144.70085332860393,-37.87850282026112,144.70232046499257,-37.877090979995565,Franklin Bvd/Morris Rd
144.77454874050667,-37.7788083213748,144.7756834597941,-37.777907678586594,Deer Park Station/Tilburn Rd
144.76114759792316,-37.74449121124821,144.76235880197544,-37.743300188188684,Stephen Calleja Reserve/Opie Road
144.82890936254338,-37.824048982886346,144.83035134094274,-37.82309991734831,Clelland Rd/Grieve Pde
144.81975107802086,-37.863841782854614,144.82098992057354,-37.862840417134585,Glenwood Ave/Civic Pde
144.62216841250202,-37.894777664242824,144.62330478782076,-37.89387713571795,Wyndham Vale Shopping Centre/Honour Avenue
144.82126875947884,-37.823128165778954,144.82357874602246,-37.82142743393727,Geelong Rd/Little Boundary Rd
144.61188827600967,-37.879708616176686,144.61308702597069,-37.878801283292916,Tyrrell Place/Hindmarsh Drive
144.7721338130833,-37.856418460176975,144.77326608837961,-37.85543163927616,Laverton College/Bladin St
144.86366862504363,-37.85583137996389,144.86485217542062,-37.854720419507466,Southey St/Kororoit Creek Rd
144.85218134552366,-37.83962674006966,144.85331705476733,-37.83872605989199,Second Ave/Mason St
144.89941733702128,-37.86776554625755,144.90079706229614,-37.8668508537664,Cole St/Osborne St
144.74713524601898,-37.83174690887589,144.7482707542861,-37.83084629108538,Shiny Dr/Palmers Rd
144.76274320426336,-37.74538709137893,144.76393019488015,-37.74419280835303,Wintersun Drive/Evergreen Avenue
144.66442001489156,-37.87146743600581,144.66583138211553,-37.87052646419618,Golden Square Cres/Tarneit Rd
144.77179527880207,-37.89119519238162,144.77316962473844,-37.890261307745696,Signature Bvd
144.77717733005446,-37.8700011189465,144.77915779072836,-37.86823951533518,Cameron Ave/Merton St
144.7579296576154,-37.76432241737681,144.7590641426875,-37.76342178258451,Allandale Dr/Ballarat Rd
144.87411319118502,-37.81955644805457,144.87524860910275,-37.818655751907144,
144.60991536715218,-37.89879110452851,144.61123883385974,-37.8977996950191,Haines Drive Reserve/Haines Drive
144.6897646625182,-37.837773503226714,144.69134743312932,-37.836423196876765,Tarneit Central Shopping Centre/Derrimut Rd
144.64653491528344,-37.906120671303036,144.6476714850362,-37.90522012865779,Galvin Road/Princes Highway
144.76802018274626,-37.75193220111249,144.76957055638442,-37.75034529922502,Concord Circuit/Oakwood Road
144.7015689251279,-37.87592339122645,144.70270507518381,-37.875022808734606,Gambier Ct/Morris Rd
144.731676515621,-37.88789475420651,144.73301038990834,-37.886644445805366,Point Cook Secondary College/Boardwalk Bvd
144.67728861542938,-37.86542968431287,144.67842458488562,-37.864529115648104,Smith Ct/Dowling St
144.8219513078652,-37.78955320433049,144.82357289217975,-37.788394894922575,Ryder St/Glengala Rd
144.8746249996521,-37.81242826181972,144.8760991001786,-37.81135653778887,Bishop Street
144.63980404900778,-37.9075108181608,144.64106365392402,-37.90645678180558,Werribee Racecourse/Bulban Road
144.8301791752365,-37.82872177706829,144.83144622213376,-37.82781692294858,Grieve Pde/Blackshaws Rd
144.86397049250857,-37.8138800213905,144.86598771432128,-37.81188690170796,Stooke Street
144.87588093762415,-37.84481543938032,144.87712366146593,-37.8438664604029,Ford St/Jack St
144.59081164924496,-37.855717219033814,144.5919549530506,-37.854519580919906,Memory Crescent/Welcome Parade
144.78729698429643,-37.75798678015105,144.78872501555344,-37.756905519497174,Cairnlea Park Primary School/Furlong Road
144.69059526203853,-37.84169381159457,144.69174653827602,-37.84065258833526,Parklea Way/Baden Powell Dr
144.7255302466252,-37.87188539907266,144.72666635368327,-37.870984800888515,Dunlop Rd/Old Geelong Rd
144.83831943731056,-37.866379679689985,144.83960266161836,-37.8654699203313,Civic Pde/Millers Rd
144.57355034599402,-38.15657017667605,144.574703152959,-38.155548522903096,Tarkarri Ave/Beacon Point
144.60903092216557,-37.887633602467204,144.61019067701676,-37.88651459740638,Wyndham Vale Square Shopping Centre/Greens Road
144.74856310959322,-37.74549385205157,144.74987609282013,-37.744415747975715,Lexington Dr/Westwood Dr
