min_x,min_y,max_x,max_y,name
-60.63858584385035,-32.95938714845758,-60.63622248547723,-32.95714226473291,6797
-60.79751770790677,-32.92910510011815,-60.79612569084537,-32.92809929921175,Parada 6
-60.68746138786282,-32.95852725998144,-60.685965912484946,-32.95738683968995,4663
-60.677015389941644,-32.96222046088507,-60.67557194025532,-32.96105063870268,4182
-60.71451448581493,-32.940847323312674,-60.71300746013407,-32.93970674387356,8943
-60.631549964617896,-32.96432953475854,-60.63048083565022,-32.96342826520496,6871
-60.715142578870584,-32.89434218197693,-60.71377531975142,-32.89335391734381,2954
-60.66473096512008,-32.987344920555415,-60.663197942885816,-32.98500037939326,5454
-60.6784929954398,-32.91658745337792,-60.67742440482256,-32.91568614658579,2997
-60.7312729729051,-32.912956745305735,-60.72998859152343,-32.9112893369331,4155
-60.70156004545,-32.97725322672971,-60.700171352384025,-32.97604117325727,3134
-60.650803641991835,-32.93855095166335,-60.649668156879365,-32.9376529483188,4511
-60.68918793417646,-32.93899305517569,-60.68811906608491,-32.938091744788046,8477
-60.7353476355337,-32.9695765675243,-60.73427836472273,-32.968675232439566,El Algarrobo y El Jilguero
-60.66266279402521,-32.96722514464015,-60.6615936062394,-32.966323855323466,6050
-60.64061319579619,-33.00210083498396,-60.63954360447124,-33.00119956497956,3581
-60.654991686941,-32.983133141015905,-60.653922313324614,-32.98223185894772,5098
-60.70389593424054,-32.97539790853758,-60.69585890972038,-32.97191519817515,3463
-60.637683186995474,-33.02859283433012,-60.636515610220094,-33.0275115656686,Avenida Filippini y Enzo Bordabehere
-60.70115258008533,-32.9595432476172,-60.69706073384223,-32.9582757916067,7259
-60.69127703232963,-32.901807057379465,-60.6895714942076,-32.900569369319655,Bulevar Rondeau y Washington
-60.64886854756794,-32.998107670224314,-60.64624533029554,-32.996431069143675,5374
-60.750250826650685,-32.905635169064034,-60.748815271719195,-32.90464113004743,Avenida Santa Coloma y Manuel Acevedo
-60.681167408139196,-32.97454330263296,-60.67976228845947,-32.97244431822232,4569
-60.67422149355853,-32.91763669043626,-60.67240251965917,-32.914224157797165,1766
-60.75253607834526,-33.00915641581311,-60.7513304179772,-33.00797828422554,
-60.724502311065926,-32.79195964725616,-60.723153887409886,-32.790804852680786,Avenida San martín y Doctor Illia
-60.73498207711459,-32.97469616056307,-60.733905927807335,-32.97299623935797,6016
-60.66142944781817,-32.94141282558315,-60.659908555634544,-32.940434407528436,7516
-60.674343564521905,-33.00610797233107,-60.67327263583415,-33.005154127639805,2236
-60.69582847866209,-32.960550326952635,-60.69453128691189,-32.95914025196891,6757
-60.72645133525544,-32.89149839559761,-60.72497876312288,-32.89054340459025,3187
-60.64587212425284,-32.95733312916981,-60.64423697805053,-32.95510056064811,5954
-60.66166115950191,-32.991712654748305,-60.65987952667605,-32.9905114329129,Avenida José Uriburu y Manuel Dorrego
-60.658194049318105,-32.94346934491395,-60.6571251509468,-32.9425680550497,9128
-60.678197639530616,-32.97379684915407,-60.67712836073231,-32.9728955508096,3827
-60.63579509949693,-32.95774585144753,-60.63460909832012,-32.95668144856688,8918
-60.65270511334773,-32.94445496191181,-60.65138808946926,-32.94327523816282,9099
-60.74941025228223,-32.92163837536111,-60.74834154797219,-32.92073702460282,4732
-60.68792006907679,-32.8949495579494,-60.686851731184326,-32.89404824201436,5131
-60.66540449188779,-32.99987564316492,-60.6643349083768,-32.99897435679872,7133
-60.689578775556974,-33.028777248815615,-60.688508824705174,-33.02787595114807,2553
-60.72542263649474,-32.95374106556259,-60.72435356376267,-32.95283973440126,7901
-60.65034737365188,-32.981224139651054,-60.64927802661426,-32.98032286031253,3320
-60.63447260476251,-32.97080693524444,-60.63340339550535,-32.96990566471909,5519
-60.685563591535086,-32.99237590868273,-60.6841703086834,-32.99128639108365,Avenida José Uriburu y Nahuel Huapi
-60.687936984267886,-33.01478653563063,-60.68657873673227,-33.013526813010074,5106
-60.6914627145606,-32.95221045494588,-60.69039368570065,-32.95130914501785,7110
-60.66290329551875,-32.945346624977155,-60.66160580658203,-32.94421867507083,7477
-60.677088724057796,-32.95140944121015,-60.67564367930249,-32.950430059127875,9637
-60.720922735986726,-32.887372568939156,-60.71985446427059,-32.88647123102469,9029
-60.69014877666687,-32.87940585978031,-60.68908062359387,-32.87850454018348,5497
-60.83057496115515,-32.918925731554516,-60.82935623689656,-32.91784536846541,Garita 13
-60.714098991645756,-32.922361531110646,-60.712707707523876,-32.92121776866723,7567
-60.648877680819375,-33.01566063668734,-60.64780791944724,-33.01475936327621,5577
-60.64245922870084,-32.974268537594256,-60.64138997156614,-32.9733672623693,9179
-60.65745438508403,-33.015821639450145,-60.656384615181636,-33.01492036051344,4259
-60.673654490717844,-32.94936964946223,-60.672585509545364,-32.94846835050145,5547
-60.69930388956776,-32.86430166377856,-60.69823591069181,-32.86340033618526,
-60.665660647297784,-32.99246684378253,-60.664591152966736,-32.991565556181115,1222
-60.66229744856044,-32.971452883808865,-60.6592660639868,-32.969934884360796,9033
-60.67872332206295,-32.95752898371821,-60.671778135681684,-32.955372413512016,3271
-60.650259995053844,-33.00483972853929,-60.649046501877585,-33.003700371503164,2759
-60.578478757545284,-33.0755501846865,-60.576906099773446,-33.073474456677005,
-60.695594207098345,-32.96024648644346,-60.692633865107176,-32.958092380449905,3038
-60.70871363795763,-32.894257431250644,-60.70566640585878,-32.89327134198945,2093
-60.651257682883205,-32.96817846038506,-60.649947217754054,-32.96710863954077,4788
-60.69318208166831,-32.911771372175565,-60.69152471578977,-32.910765428229645,2119
-60.84724232230617,-32.92046442166739,-60.845317868202045,-32.91947453780874,San José y El Mortero
-60.659882920025005,-32.93343391880516,-60.65862518145435,-32.93236038121349,5553
-60.67907556591384,-32.99232811928679,-60.67752842211998,-32.990940681730265,Avenida José Uriburu y Avenida Francia
-60.705638816737824,-32.959768295669406,-60.70342307687686,-32.95862962819237,6350
-60.6995184670898,-32.860536864118,-60.69845053316972,-32.85963553584581,
-60.70534174913401,-32.95708655899714,-60.704272651125684,-32.95618524096663,6599
-60.62822641650808,-32.95655293423417,-60.62715738376035,-32.955651665729356,9697
-60.63379132032344,-32.95682873603144,-60.63272227994435,-32.9559274639321,6509
-60.701800656485695,-32.96862514527967,-60.700558547432884,-32.96691225452335,4534
-60.67876756681702,-32.927905760937,-60.67528966880012,-32.92399348282934,Estación Junín
-60.714056463884454,-32.923698762273375,-60.712663759257865,-32.92254028082551,6809
-60.65178064452874,-32.94308184286883,-60.65071175573689,-32.94218055709478,6627
-60.679614800525634,-32.934000052480386,-60.67854599973677,-32.933098747483314,3896
-60.652783961085106,-32.99557023940365,-60.65171443918089,-32.99466896055993,2003
-60.72825805633449,-32.89030947102815,-60.72718974392204,-32.88940812893574,3837
-60.69095823538929,-32.90580465813407,-60.68988976487158,-32.90490334182968,7664
-60.68227186948469,-32.9286697537144,-60.68120313077739,-32.927768446249296,8944
-60.781503780823925,-32.92443728504484,-60.78043501942689,-32.9235359149192,Garita 2
-60.67005974639934,-32.992039645227536,-60.66899025386467,-32.991138354736115,6087
-60.695737751933,-32.95815115587613,-60.69466864832779,-32.9572498440876,3741
-60.70552613718915,-32.890596388175055,-60.70423286240678,-32.889682511824695,7155
-60.64095135556391,-32.94504229126905,-60.63981084347095,-32.94414180871955,5603
-60.65682350373906,-32.978031291752536,-60.65531116259524,-32.9767980040244,5962
-60.63662900225342,-33.01819809401011,-60.635477599418785,-33.01728490544188,Avenida Filippini y General López
-60.65456295136392,-32.94416287682236,-60.65314924681583,-32.94321202336261,City Tour Paseo del Siglo
-60.68177716055715,-33.010222847667656,-60.68070743970571,-33.00932155229602,7702
-60.642690811975285,-32.991122377721716,-60.64151368865839,-32.98985872191504,8453
-60.67168462427554,-32.98242751015039,-60.670433872745804,-32.981264189913944,2716
-60.73189228123676,-32.88221114449421,-60.73052110259571,-32.878864770425736,9595
-60.63173360684108,-32.97132793431322,-60.63066439342707,-32.9704266656503,8035
-60.72777442752053,-32.93548346761748,-60.72670557273646,-32.934582132346385,2855
-60.637942689068836,-32.98457463538089,-60.636873311198734,-32.983673364582636,4025
-60.69457994629811,-32.87406266157514,-60.69351185396207,-32.873161338388684,9827
-60.69247808937764,-32.98117165317778,-60.69140871088375,-32.980270346785936,7772
-60.768816533772416,-33.000418075667376,-60.76774686648053,-32.99951672429654,Avenida 9 de Julio y Lavalle
-60.63924014584276,-32.96071783752582,-60.63817105442445,-32.95981656243774,5672
-60.63550426891257,-32.95143751317087,-60.6341782308934,-32.95035968656417,1369
-60.62428125789228,-32.99686593003236,-60.62321174237697,-32.99596466993115,8605
-60.73145345152486,-32.888410423802,-60.72992754833641,-32.88749427614938,5006
-60.695907529428546,-32.9159707742911,-60.69452626907216,-32.914986024960854,3952
-60.71777533008944,-32.920944244630476,-60.7167039711601,-32.91984885532998,2239
-60.66647231423282,-32.93711054804039,-60.66540348603109,-32.936209251923295,5245
-60.792400254694975,-32.8511400110109,-60.79039234067891,-32.8499978899802,Garita 10
-60.68714175314878,-32.968898825406235,-60.68587264396041,-32.96772687466232,2633
-60.675027103577726,-32.98462394735677,-60.67395769668565,-32.98372265260689,3262
-60.684208598256475,-32.99974594920113,-60.68313900200602,-32.998844650762564,3712
-60.649930539921314,-32.97956671720922,-60.64674136055966,-32.97726775766045,5443
-60.60492419496162,-33.02082862193663,-60.60385440531004,-33.0199273780268,Frigoríficos Paladini
-60.716210979972246,-32.880747441309325,-60.7148664187254,-32.87960725860088,Chumbicha y Oncativo
-60.765752233437645,-32.99630103950281,-60.76421998567353,-32.99469099425873,Avenida San Martín y Estanislao López
-60.63617914677876,-32.977671035305065,-60.635109853488956,-32.9767697646585,8009
-60.69527345168443,-32.9747420545307,-60.69420414857658,-32.97384074543304,3358
-60.68394449861986,-32.900121856308196,-60.68287610164174,-32.89922054365554,Avenida Colombres y Washington
-60.63875676142427,-33.02965273238924,-60.63768683884364,-33.02875146757428,Soldado Aguirre y Buenos Aires
-60.86527905159934,-32.914615710890175,-60.86421034864197,-32.91371428907411,Minimercado Garita 18
-60.642617203198625,-32.977983738585706,-60.64135839744838,-32.9769420613755,7199
-60.679556706199996,-33.00135494759845,-60.67848709406304,-33.00045365236521,8462
-60.632947436597505,-32.94296983675649,-60.631878563670256,-32.942068563207066,Galpón 11
-60.74011539895458,-32.97272370726875,-60.73903609833061,-32.97133279265887,Avenida Las Talas y Las Torcacitas
-60.70628139521112,-32.97144530688663,-60.70487960584571,-32.97030859302787,2691
-60.701895749929584,-32.967495302546965,-60.70056125213843,-32.96546335966018,9041
-60.7218305131886,-32.91683086709931,-60.720761887068875,-32.91592953286453,3035
-60.633371959946125,-32.99386904721572,-60.631593440659714,-32.992955152974375,4254
-60.65669899015488,-32.98355774153688,-60.65562961011055,-32.98265645842671,6799
-60.664691351167384,-33.00974454222243,-60.663621649097394,-33.008843257741205,5574
-60.63110645473066,-32.995902732333725,-60.63003694553779,-32.99500146762978,4585
-60.649177645508786,-32.97662883960397,-60.64810835475743,-32.97572756035963,3646
-60.677586355098285,-32.95981704996779,-60.6765172451646,-32.95891574999589,8750
-60.75483548486783,-32.9267281766749,-60.753766715386014,-32.92582682328904,
-60.695474194635466,-32.96525925527921,-60.69440500562544,-32.964357944684515,6274
-60.64508384685437,-32.96051173943994,-60.64401475341217,-32.95961046052363,5532
-60.68963772558572,-33.02050064943253,-60.68856787467632,-33.01959935053116,3413
-60.68850574720988,-32.95781985359937,-60.68743665305175,-32.95691854636435,7688
-60.69213042572403,-32.93740305622714,-60.691061574537,-32.93650174373662,6706
-60.714367792422216,-32.91927746506295,-60.71308870371964,-32.91802763504512,6686
-60.64938597938285,-32.94355569949914,-60.64798176504602,-32.94175953904599,5881
-60.70566665684038,-32.95834635900895,-60.70459754341929,-32.95744504095484,2137
-60.86447432108603,-32.91396686432503,-60.86297078165443,-32.912991336034274,Garita 18
-60.70239425229911,-32.92777323801292,-60.70102084642098,-32.926776561337235,5891
-60.65882373414423,-32.940906845302116,-60.65775486612059,-32.94000555466151,1764
-60.68045302531196,-32.97129475005621,-60.67938377495069,-32.97039344990748,2906
-60.735149257134935,-32.906676172002314,-60.73408074312098,-32.90577482796157,2133
-60.69837893594053,-32.95532945691828,-60.697309864319955,-32.954428143045476,6857
-60.632970836156474,-32.95951143557013,-60.63190176411143,-32.95861016439342,7693
-60.71533314223303,-32.89751307000974,-60.71394345751825,-32.896399129643534,3004
-60.717034971690644,-32.89438630562316,-60.71563193181974,-32.893412594664596,Avenida Baigorria y Avenida Casiano Casas
-60.70324266855526,-32.862092927157214,-60.701685131631976,-32.86092487209221,Parada Rivadavia
-60.65141706987213,-32.93069114364534,-60.65034833039342,-32.92978985631827,City Tour Museo Macro
-60.66944666384829,-32.9733051409234,-60.66784940752182,-32.97081822574386,9301
-60.723369519198215,-32.91574884537594,-60.72079296341334,-32.91468323109986,9199
-60.81583843500962,-32.92976964369562,-60.81303280154507,-32.9287006473618,Avenida Fuerza Aérea y Candelaria
-60.70088366932984,-32.86082516453002,-60.69981573092949,-32.85992383543379,
-60.73588332948841,-32.91599362570153,-60.73470287300871,-32.91493287424786,2199
-60.677074307549866,-32.9353284515715,-60.67600549271284,-32.93442714839222,6309
-60.76339923976084,-32.918701279899494,-60.76233056049197,-32.917799920064496,9308
-60.72194734791197,-32.922602066719584,-60.72087865234557,-32.92170073324425,5286
-60.69435815620836,-32.942331456579794,-60.693289244052465,-32.94143014338398,9326
-60.7392113325652,-32.93878750482671,-60.73793604960632,-32.93687258963394,Mercado de Concentracion Fisherton
-60.72921357717693,-32.87705397228323,-60.72814542307936,-32.87615262768067,Lorenzo Battle y Talcahuano
-60.62543487532223,-33.0162509290096,-60.62436512494704,-33.015349670953896,Vélez Sarsfield y Monteagudo
-60.65398215540445,-32.994552139864766,-60.65291264486141,-32.993650860098846,5554
-60.70650080507375,-32.84974606710667,-60.705432995184864,-32.848844732857174,Parada Tierra del Fuego
-60.640936788659886,-33.0033800850217,-60.6396602134275,-33.002444813993215,6692
-60.68783273089418,-33.021492648785795,-60.686762869368096,-33.02059135117786,6701
-60.65059231860619,-32.98866573919293,-60.64952288166,-32.98776446077064,3529
-60.7065835367476,-32.96579929782875,-60.70500756683164,-32.964421402314606,9311
-60.6518269336852,-32.952330048740784,-60.65057226882709,-32.95140755129866,5171
-60.65589433794184,-32.991534940700795,-60.654824862323764,-32.99063365926281,Avenida José Uriburu y Paraguay
-60.66223564468107,-32.94952269846899,-60.66085375565394,-32.94843210133592,9748
-60.66019306422788,-32.94582044538925,-60.65912413603683,-32.944919154574386,4935
-60.64111462872062,-33.024088233558395,-60.640044771546975,-33.02318696640513,Coronel Aguirre
-60.75819007060268,-33.02839850842801,-60.756861432547616,-33.0263611291576,3209
-60.80922289651374,-32.9295667095146,-60.80757220721033,-32.92853929110211,Parada 10
-60.71835887214665,-32.96010006288529,-60.7172897281116,-32.959198737078545,7797
-60.69100959989565,-32.88322475977897,-60.689941400365,-32.8823234401848,2339
-60.693234210080135,-32.915870707725446,-60.69086077519086,-32.91398402806535,3425
-60.67977749169739,-32.961729148074284,-60.6782663118996,-32.960730352368174,3412
-60.71365355146568,-32.932138143641716,-60.71238524502341,-32.930923356448275,9370
-60.69286044526319,-32.89067065983087,-60.691792154997316,-32.889769340132915,2725
-60.64538683335677,-33.002236948221025,-60.644169363666904,-33.00061635136772,3192
-60.627494805381666,-32.96631823188596,-60.62532395706288,-32.96519078577498,6908
-60.74486835994602,-32.873215177443484,-60.743800240308474,-32.872313822520454,Club Logaritmo
-60.654864769265664,-32.94274130663103,-60.65375153017697,-32.941652092935286,8327
-60.72539832354588,-32.96311091031584,-60.723798475691346,-32.96200098887404,Colombres y Uriarte
-60.73741900772273,-32.931596770912435,-60.736350192533145,-32.93069542905146,3154
-60.72907109324221,-32.77656699381958,-60.72786260886223,-32.77550040617848,Avenida San Martín y Gurel
-60.812246980226185,-32.9253755111772,-60.81101142052107,-32.924343088800526,Yrigoyen y Aráoz
-60.68597783268869,-32.90566815655701,-60.684909367572736,-32.904766843406755,6553
-60.781398735229445,-32.999900679563616,-60.780329065022066,-32.99899932040037,Avenida San Sebastián y Batalla de Salta
-60.646176276431575,-32.95949411338007,-60.64513522245874,-32.95858678646479,4513
-60.67974474092605,-32.94070935203774,-60.6786758593364,-32.939808047925986,8856
-60.71608494965184,-32.96642561193135,-60.714602849521135,-32.96536158741515,6009
-60.86658590499641,-32.91366479860543,-60.8653114946154,-32.912655901161415,Garita 19
-60.718422302265985,-32.883842345653115,-60.71701959398787,-32.882516554482294,Avenida del Deporte y Avenida Salvat
-60.667071905770236,-32.93566534833751,-60.666003094493604,-32.93476405162615,8470
-60.683933875247476,-32.95138370797343,-60.678348780290946,-32.949192717606834,5879
-60.642852962384076,-32.96323353851896,-60.64178383788275,-32.96233226144462,9154
-60.772654807650866,-32.91005113307749,-60.77119599313493,-32.908900766731655,Avenida Jorge Newbery y Aduana
-60.69264444788463,-32.94105515612705,-60.69157555237637,-32.9401538438367,9342
-60.69131044899953,-32.94132415568323,-60.69024155126163,-32.940422844280526,6417
-60.662556767009704,-32.97934574373078,-60.66148743325506,-32.97844445623284,6064
-60.722221369932385,-32.92109528723957,-60.72052203943806,-32.91996051579355,7180
-60.6428061894644,-32.94008513948981,-60.641418110370374,-32.93897626014461,9006
-60.692034026802794,-32.92095465738343,-60.690965373458084,-32.92005334258033,4352
-60.67860817262017,-33.00153577745885,-60.67695882313342,-32.99910510408512,3401
-60.805299362649585,-32.903338593805344,-60.804230837598354,-32.90243720615879,Tucumán y Vieytes
-60.69358133262234,-32.905179159013635,-60.69251286763823,-32.90427784095014,8417
-60.71550843902065,-32.82143427198902,-60.714440961236704,-32.820532927974874,
-60.65389266030011,-32.94958083190401,-60.65269014270783,-32.948473068053225,7115
-60.635445627266954,-32.974479935296436,-60.634376373000805,-32.97357866466711,8615
-60.73014072725863,-32.93529386837194,-60.72907187299809,-32.93439253159194,4860
-60.77231585120832,-32.853392887353266,-60.771247949042916,-32.85249151261079,Avenida 25 de Mayo y Los Naranjos
-60.6507821465307,-32.94347834251695,-60.64971325373504,-32.94257705744668,1935
-60.721388238729034,-32.940996268577024,-60.71541907098392,-32.9397648326704,5482
-60.68650676955755,-32.96663808924628,-60.685004976391824,-32.96466066379006,2733
-60.64721927078472,-32.9521215854433,-60.64594502977277,-32.95107441449807,8685
-60.68464416056924,-32.958522673403216,-60.682997858544525,-32.95622921628452,9647
-60.648353022708,-32.99135611807958,-60.64592989935904,-32.9900249436437,Avenida José Uriburu y Avenida San Martín
-60.64066605090594,-33.0091868747932,-60.63926556174257,-33.006744455358266,3203
-60.698551847890926,-32.906202206267814,-60.6969478507379,-32.90524049391709,2793
-60.66029731028752,-32.93684664607054,-60.65922848997709,-32.9359453538931,9034
-60.73581177766777,-32.91434110845293,-60.73463721927112,-32.91323299155145,2396
-60.67759855087162,-32.9424980512219,-60.67652964939109,-32.94159674874181,8452
-60.703643796637735,-32.98167885668408,-60.70257440362241,-32.980777543279665,3076
-60.627339101483265,-32.95926929273161,-60.62605569776967,-32.958192907158086,7792
-60.71257960416455,-32.95743396446178,-60.71118486696781,-32.956331464090226,3468
-60.813022821575174,-32.91268939546325,-60.811954178671996,-32.91178800450092,Juan Elorza y Buenos Aires
-60.69960153185205,-32.95457385736063,-60.69853246840829,-32.953672542603144,8188
-60.69340862028233,-32.88647256030795,-60.69234037997811,-32.88557123965586,6180
-60.634831820375624,-32.95990164428212,-60.633248166823314,-32.95802913798827,1569
-60.632145648476246,-32.9616106351493,-60.63107655179177,-32.96070936481424,9087
-60.75362877543407,-32.988906971742026,-60.75233322723113,-32.98775082831672,Avenida Manuel Belgrano y Ruta Provincial 14
-60.714975091201254,-32.91359646517658,-60.713906509056976,-32.912695134787256,2638
-60.70493659919424,-32.89890036306784,-60.70386820106499,-32.89799903689595,9980
-60.6908610397887,-32.87321066045376,-60.689792960471884,-32.87230933951003,4626
-60.64041632394667,-32.947998300210244,-60.63913657755134,-32.94690979981019,9660
-60.65368547437343,-32.971180572162396,-60.65248562815047,-32.970103627810765,8456
-60.71344767794232,-32.89242661409908,-60.71226171825483,-32.891249885920715,2161
-60.753496350601495,-32.90571529782594,-60.75198155291112,-32.9047175026146,Avenida Santa Coloma y Manuel Gálvez
-60.713515756112955,-32.82829852727417,-60.712171040014645,-32.82699977286509,Parada 15
-60.585403900403634,-33.06857763579412,-60.58415669852825,-33.06761446383018,Avenida Alberdi y Gobernador Oroño
-60.76493841806302,-32.994642658219725,-60.7636023846826,-32.9934549418604,Avenida Manuel Belgrano y Eduardo Carriego
-60.64889933855487,-32.97549253959583,-60.647830061711375,-32.97459126036776,4707
-60.684725849315946,-32.91551834221257,-60.683473352241364,-32.91455885709898,7456
-60.700451164359876,-32.893377062045786,-60.69938283589982,-32.892475737918,7994
-60.65169703653058,-32.958374741737885,-60.6506279637352,-32.95747345822573,6353
-60.680749619042565,-32.93700765262621,-60.67968078121972,-32.9361063473375,8216
-60.6885657571734,-32.892925458301164,-60.68749744308763,-32.89202414166263,Álvarez Thomas y Freyre
-60.82024511768184,-32.944878795313734,-60.8191760825648,-32.943977404650404,Kentucky Club
-60.691799866752426,-32.894907926764304,-60.689135512403226,-32.89359230754945,2440
-60.687986174014625,-32.88974210111306,-60.68612008188463,-32.885665549512154,Rambla Catalunya
-60.713077147257756,-32.93967556269659,-60.712008253000924,-32.938774237267204,5795
-60.71245249292697,-32.96422522099432,-60.71104203568369,-32.96217416254215,Puma Energy
-60.71853121672112,-32.8822093650231,-60.71710598177381,-32.8810105348363,Avenida del Deporte y Colastiné
-60.67299008728141,-32.94615696052228,-60.67173501533088,-32.94503213950768,1815
-60.77738269219294,-33.000624372227335,-60.77549650559144,-32.999151827150655,1 de Mayo y Italia
-60.67614297934613,-32.91260867670474,-60.67427962450741,-32.91155042412921,1795
-60.68243345777416,-32.978170203380415,-60.68113554282676,-32.977142896197066,5288
-60.824290482385145,-32.91987571331553,-60.822702518627445,-32.918749485599044,Garita 12
-60.6589103446269,-32.936236924189224,-60.65669046977305,-32.935284587032164,4019
-60.67405180937764,-33.00922526229279,-60.67245309306792,-33.008247738120474,9086
-60.8119447173085,-32.917491242112156,-60.8101067952772,-32.91643992174501,Funes
-60.64864124958878,-32.94642294840185,-60.647487253002765,-32.94538075149961,4376
-60.687317948969266,-32.97478985199552,-60.68624865129263,-32.9738885479682,2982
-60.71766634584428,-32.88921776778231,-60.716598054413446,-32.88831643218155,7889
-60.64883113381393,-32.94144816846113,-60.647494865595455,-32.9403467313409,8542
-60.65655534884766,-32.94349544438291,-60.65548645141743,-32.942594155580736,4108
-60.67449071546709,-32.93680815063697,-60.67342188479594,-32.93590684932671,7272
-60.68506530373831,-32.984165325251844,-60.68372439471759,-32.98319717404634,5851
-60.6380963619552,-32.980066435756505,-60.63702703831232,-32.979165164207046,6773
-60.64041021840045,-32.98928183584391,-60.63934078186689,-32.98838056411964,6996
-60.72279337431217,-32.96018526427247,-60.721724225945586,-32.959283935691346,2849
-60.64743933282432,-33.00780123678892,-60.6463696674424,-33.00689996317464,2448
-60.70561729758883,-32.98171375730599,-60.70454790267107,-32.980812442657786,2966
-60.63748604774054,-32.97774683572529,-60.63641675252705,-32.97684556423827,4762
-60.65537878995677,-32.96611876560891,-60.65375576725973,-32.96487010269975,1289
-60.71858360953979,-32.88088385269643,-60.71718768970991,-32.87974114705908,Avenida del Deporte y Oncativo
-60.782504655658016,-33.00376243857052,-60.78135154728832,-33.002700161307786,
-60.64882882638181,-32.94025354211689,-60.64775997388413,-32.93935225784671,9416
-60.71743375910393,-32.92662666971801,-60.716093239756226,-32.925632629733656,5367
-60.75293762667393,-33.00315091579026,-60.75160445326275,-33.001479043818414,Ruta Provincial 14 y Malvinas Argentinas
-60.6381730948015,-32.985510835388304,-60.63710370546605,-32.98460956457524,3861
-60.68384680857965,-33.00147974896036,-60.682777191682874,-33.00057845100331,8003
-60.72721649414317,-32.94659306664082,-60.726147506113975,-32.94569173332303,9795
-60.65672742824223,-32.989873441089934,-60.65565797202327,-32.988972158873686,4766
-60.756564197086966,-33.02821056988034,-60.75549420316761,-33.02730923008355,3148
-60.69018210892392,-32.91809555700031,-60.689113491337146,-32.917194242963454,3328
-60.71832370410171,-32.91553586609062,-60.71725509615617,-32.91463453387319,2223
-60.661934379700895,-32.948281345773026,-60.66086542056362,-32.94738005419061,8487
-60.7040380879395,-32.885176393634836,-60.70215461094887,-32.884205606524574,3662
-60.8049882375911,-32.91084512217432,-60.80390435823403,-32.909209677734154,Tucumán y Vélez Sarsfield
-60.83295338906128,-32.93037046840753,-60.83160160968184,-32.929379030979916,Av. Fuerza Aérea y Los Girasoles
-60.731024822664565,-32.917839469908074,-60.7299561775919,-32.91693813005578,8913
-60.69501287648648,-32.9788741541495,-60.69394352377458,-32.977972845814215,6579
-60.66502176552768,-32.940826288668234,-60.66313933210796,-32.93980151177547,1104
-60.64543490515189,-32.98244310431804,-60.64419114800271,-32.98107584282545,8763
-60.633566511342586,-32.949429764410084,-60.63231879049264,-32.948348535615104,9699
-60.68924419903422,-32.92751613401959,-60.687969701980784,-32.92651896546464,4933
-60.630067963594094,-32.958775210637455,-60.628799335255756,-32.957692089315955,1587
-60.62929632761439,-32.96735287575618,-60.62806536997352,-32.96623892428361,6610
-60.657727785107745,-32.982655041934315,-60.65665841515757,-32.9817537580293,2369
-60.67436922070784,-32.9937982096834,-60.67309747640243,-32.992624790385904,3620
-60.673373483912805,-32.94825654945246,-60.67230451635045,-32.94735525051123,4726
-60.6383897513213,-32.96168223717943,-60.63732064894601,-32.96078096278413,8381
-60.64293660223938,-32.98643973687042,-60.64186719802767,-32.98553846309312,2371
-60.70075228315884,-32.86314136432142,-60.69968431710055,-32.862240035642415,
-60.79446018817824,-32.929009886915466,-60.7922860154172,-32.92794031406464,Parada 5
-60.67853296737959,-32.945183051327156,-60.677464032883044,-32.94428174863653,1847
-60.65494715852832,-32.94676555372863,-60.65376394045189,-32.94585844628285,8777
-60.813685792838825,-32.9078658960111,-60.81261720740823,-32.90696450395304,Suipacha e Hipólito Bouchard
-60.62373056679199,-32.99837682974286,-60.62266103347732,-32.99747557022063,3479
-60.689836726674535,-32.88776255907833,-60.688768473586315,-32.886861240885445,9834
-60.63614454869346,-33.01115233287541,-60.63507485157459,-33.010251067088106,6138
-60.703607211950654,-32.90299845132409,-60.70176688503471,-32.90195104924566,5966
-60.66592508833306,-33.00184795453249,-60.66427472260954,-32.999929491956195,1309
-60.752996385286835,-32.926910176092356,-60.75192761496723,-32.9260088238716,2931
-60.76380299891841,-32.99494407451918,-60.76273340133504,-32.99404272544475,
-60.716324133564434,-32.9704238614996,-60.71525486669417,-32.96952253846419,Avenida Presidente Perón y Bulevar Seguí
-60.6242380259837,-33.024717228006004,-60.62316817428581,-33.023815971957475,
-60.74687995068282,-32.92152717458371,-60.745811249571894,-32.92062582538024,9852
-60.68707641116321,-32.90201395717092,-60.68600798909807,-32.90111264279282,9015
-60.63245115562992,-32.962779035164644,-60.631382044638066,-32.96187776479887,8033
-60.70459865929776,-32.929422877840096,-60.70320729690997,-32.92685078652486,3948
-60.63502711855821,-32.97306133526246,-60.63395788170957,-32.97216006470109,4822
-60.69697845982348,-32.92613885858068,-60.695909740436896,-32.925237541383076,5466
-60.64324897360281,-33.029983633984436,-60.6418611265602,-33.028899865777646,
-60.73577218291608,-32.977414467090775,-60.73470281734037,-32.976513132873066,5426
-60.644487432650855,-32.95819073941389,-60.64341836761574,-32.9572894605497,6001
-60.69155335089255,-32.93615017631022,-60.69024733028433,-32.93430837328013,9166
-60.63665891783701,-32.95623153700929,-60.63558988243045,-32.955330262954284,8593
-60.63286277604355,-32.95829434355681,-60.63159492241708,-32.957195056434,7835
-60.673350756718925,-32.9603535485719,-60.67228164354443,-32.95945225139179,5640
-60.63406685433817,-33.094881926144836,-60.63299614593087,-33.093980673818606,Estacionamiento General Motors
-60.64150036756249,-32.98077883681248,-60.640431032704655,-32.979877563151085,2162
-60.74165586276363,-32.92385767279111,-60.74058713749168,-32.92295632717278,1059
-60.71009060588599,-32.98186631468028,-60.70767152471097,-32.98092606330206,3732
-60.64798241715179,-32.971998639550904,-60.646913183114556,-32.97109736041268,3238
-60.69026715553853,-33.004798285067224,-60.68912597521503,-33.003584871244556,El Gaucho
-60.671189644577254,-32.97507664681541,-60.67012035568648,-32.97417535314824,6480
-60.70170522199492,-32.903974783771666,-60.6999634689501,-32.90290635132162,3302
-60.63855608514011,-33.002016609155945,-60.63723741253719,-33.00107719100304,7116
-60.65764685851148,-33.0114077398312,-60.65657714175412,-33.01050646013236,8525
-60.65305872351035,-32.93950614354048,-60.65198987675511,-32.938604856423154,5674
-60.70336855563362,-32.95828915828592,-60.70229944462634,-32.95738784167785,2559
-60.66136703825629,-32.974649643686476,-60.66029776200856,-32.973748356277135,2281
-60.70752586315775,-32.94062398089333,-60.70610913734864,-32.939508418906904,1824
-60.64634421180408,-32.93598363355901,-60.6449953898319,-32.934991065539094,4228
-60.66377770902535,-32.93290962720711,-60.661487295692716,-32.93070924241425,8984
-60.75147050842875,-32.9348944347287,-60.750218691751634,-32.93387336517592,
-60.73096903182238,-32.919366969780405,-60.729900368434116,-32.91846563018346,2270
-60.64563167820315,-32.96805705101833,-60.64402214774084,-32.96578013877996,4239
-60.65759572477214,-32.95604584381299,-60.656526675492955,-32.95514455615066,City Tour Parque Independencia
-60.64596536761734,-32.963903539481166,-60.64489623264912,-32.96300226048241,7554
-60.71251773573582,-32.961077097981864,-60.70941060934537,-32.95869731255995,9800
-60.66061538888395,-33.00972066975626,-60.65816217387046,-33.007908330233555,4170
-60.6499418263186,-32.94017194248342,-60.64887297394721,-32.9392706574802,6874
-60.738962864814944,-32.94080729539215,-60.737385079435505,-32.93935579054192,Avenida Mendoza y Bulevar Wilde
-60.60188843282683,-33.053984635289915,-60.60042926741097,-33.053082564593424,Acceso a Alvear
-60.66932376032255,-32.94935555719861,-60.6682384376995,-32.94806744272378,7389
-60.65265237374903,-32.9976781392088,-60.65158282651699,-32.99677686075477,5319
-60.66561446482864,-33.00813066499054,-60.66404602057977,-33.007182493843466,6624
-60.648025448154094,-32.94392424159155,-60.64695655211198,-32.94302295837202,7457
-60.72928267074096,-32.87597637238255,-60.72821452951532,-32.87507502758133,Lorenzo Battle y Garcilazo de la Vega
-60.688603050876154,-32.94180605478635,-60.68753414938529,-32.940904745177406,8631
-60.64653038186805,-32.96623373949625,-60.645461218398395,-32.965332460467344,6606
-60.66360271861751,-32.97124814465245,-60.66253348164704,-32.97034685531118,3785
-60.68658704770138,-32.89147155777527,-60.68551875255985,-32.890570242188495,1184
-60.63676821781175,-32.93960123824522,-60.635699382455556,-32.938699961718314,City Tour Parque España
-60.65144774163657,-32.93623730755285,-60.64906591227673,-32.9350753222955,4722
-60.778699123887456,-32.9981831788616,-60.77762947636432,-32.99728182110239,Luis Galante e Italia
-60.704680555018925,-32.89155596351655,-60.70361224524028,-32.89065463644727,3122
-60.63652902782969,-33.01089017935943,-60.63511155851899,-33.006387987646114,2981
-60.696551622685185,-32.907835612563986,-60.69343097665311,-32.90669280737154,3068
-60.67324778044141,-32.97021219914068,-60.671933215441655,-32.96891780099821,7099
-60.63761274784297,-33.027477832173986,-60.63654285242502,-33.026576567789526,Avenida Filippini y Avenida Levalle
-60.650475102601554,-32.969424240544505,-60.64940589766446,-32.96852295941912,6428
-60.69048792379344,-32.95380555452048,-60.68941887646791,-32.95290424544327,8443
-60.780865313285965,-32.917840765114185,-60.77891852408973,-32.91520382988762,Aeropuerto Internacional Rosario
-60.68826925792635,-32.97353262962126,-60.686731680494795,-32.97103982006428,4444
-60.63769811088258,-32.95500953743596,-60.636629089384726,-32.95410826252762,1948
-60.802306324151886,-32.92929628987596,-60.80091737473024,-32.9282832095064,Parada 8
-60.80299642751381,-32.91427569231913,-60.801927772734494,-32.913374307644986,Buenos Aires y Catamarca
-60.685174127582144,-32.95476865275734,-60.68410507267982,-32.953867347206355,5618
-60.675481178120116,-32.99847896768581,-60.674229242316876,-32.99723586034965,8549
-60.70442107318052,-32.93180417520426,-60.703199018852196,-32.930118549548865,8530
-60.85852518627116,-32.92077830845478,-60.85745641397096,-32.91987689150947,San José y La Querencia
-60.737567877418954,-32.92920072052286,-60.73613442564833,-32.928229979782,8008
-60.66994478317981,-32.9531580924807,-60.66608071833334,-32.950744472949616,4379
-60.70340696458491,-32.85987516539778,-60.70233903567415,-32.858973834566065,Avenida San Martín y Juan B. Justo
-60.771948656173265,-32.8634815847856,-60.770000538510395,-32.86231441632056,Garita 4
-60.67148163590426,-32.92376465061303,-60.67041296435898,-32.92286334935067,3635
-60.64096218788701,-32.96758923758989,-60.63989301238007,-32.966687962373655,6948
-60.65008876728066,-32.96358434084101,-60.649019632985336,-32.96268305912258,5956
-60.68794776077366,-32.94349245445579,-60.68687883948792,-32.94259114550792,
-60.64377084148929,-32.950310645465954,-60.64133181445626,-32.94756441338528,1992
-60.67632365922377,-32.94396685070763,-60.675254741039105,-32.94306554925605,
-60.712638845681376,-32.95605906137577,-60.71156975457751,-32.955157738588056,7791
-60.86212208805714,-32.92086620950938,-60.861053312184566,-32.91996479045488,San José y Julio Maiztegui
-60.649770757633554,-32.93278866007154,-60.64832529600103,-32.9318609084635,Balcarce
-60.676054454737425,-32.95985374947459,-60.67498534552561,-32.958952450489114,4595
-60.687976596886365,-32.94949245403192,-60.68690760337523,-32.94859114593183,9355
-60.69155171671309,-32.92239280919958,-60.690244481487646,-32.92125319079606,4711
-60.693661845433354,-32.873751048702445,-60.69212485257846,-32.87246145111428,4876
-60.74511551832115,-32.91624977441628,-60.74404688193371,-32.91534842554766,4905
-60.655830592238395,-32.93412954482467,-60.6547618080267,-32.93322825513894,9339
-60.69957850338074,-32.96645475649554,-60.69850929687971,-32.96555344346823,2980
-60.64294728785312,-33.033560107619486,-60.64182300891574,-33.03248559231626,Rosario y García González
-60.654387674595874,-32.947913043363506,-60.6533187256695,-32.94701175660011,1339
-60.695370608961206,-32.967644255074106,-60.69430139129974,-32.966742944889646,9985
-60.713631555479964,-32.89107456637788,-60.712563244778224,-32.89017323358597,5758
-60.6312218092054,-32.951133136747316,-60.62993359088562,-32.95008796297947,6661
-60.67880361440741,-32.9939487479007,-60.67743998228884,-32.99268265220295,Avenida Francia y Pasaje Julio Marc
-60.65615151419898,-32.98758094106946,-60.65508208606656,-32.98667965889412,7715
-60.71862466991832,-32.89317016779869,-60.717556330339335,-32.892268832165165,5514
-60.70184546080569,-32.94096445155644,-60.700514541547356,-32.940026048588905,1642
-60.64533148536485,-32.944391580416216,-60.64287128157572,-32.9424468287889,6633
-60.813551556816186,-32.91659220109557,-60.806345624637004,-32.91384450635838,General Paz y Candelaria
-60.729086861436876,-32.9771010819906,-60.72748724202465,-32.975719618129894,Milicic
-60.65662407366274,-33.030540238118334,-60.65555412660316,-33.029638961845194,
-60.649864205236526,-32.93396052019448,-60.648535794067485,-32.932858779636554,8091
-60.72811261818833,-32.927177680999975,-60.726975080084266,-32.92628931853273,1312
-60.647195926014355,-33.00668833679038,-60.64612627425239,-33.00578706317317,4918
-60.69464153480314,-32.927558232662065,-60.69329776400498,-32.926566366766636,6844
-60.64349721614018,-32.98870953688862,-60.64242778412681,-32.98780826307495,2329
-60.689687335990286,-32.88932465891811,-60.688619064270576,-32.88842334104567,Álavez Thomas y Godoy Cruz
-60.68957883227854,-33.021612549333426,-60.688508967983545,-33.02071125063026,2037
-60.72355677771525,-32.944088865674104,-60.72248782254228,-32.943187534289756,4100
-60.7248637690821,-32.88826492985723,-60.72352222352883,-32.885621963955536,2848
-60.66045116427301,-32.970056700993226,-60.65909853263368,-32.96881159909601,6710
-60.73253555626008,-32.978859746764925,-60.73144164297721,-32.977716453115676,2091
-60.726647892351636,-32.87834226504304,-60.72536980674221,-32.87735773457968,2698
-60.63710075081837,-32.969159392890504,-60.63590644667252,-32.96807040713201,8072
-60.728484617087275,-32.917068069168806,-60.72741598316947,-32.916166730795084,6801
-60.63255432413368,-32.990736233179526,-60.63148487613456,-32.989834966784,Estación Policial Sur
-60.695393744055394,-32.973468354660895,-60.694324456205585,-32.97256704530283,9002
-60.70035863245014,-32.87139026360196,-60.699290567809385,-32.87048893636187,Parada Ciudadela
-60.67139601972359,-32.9572538273102,-60.66817391557127,-32.95524722420442,1576
-60.687370445704545,-32.91684319659309,-60.68623585443948,-32.91567970310568,6355
-60.624793062418135,-32.96653810305659,-60.62374563662075,-32.965630096830765,Ciudad Universitaria de Rosario
-60.66327400766253,-32.981590772476586,-60.66207819196389,-32.98028822680958,7985
-60.65586471260081,-32.96840324256072,-60.65460428917059,-32.96731605746747,8262
-60.646218054133286,-32.97138871244755,-60.644942646032185,-32.970356787435996,8103
-60.803097308057986,-32.91103099258379,-60.802028692190284,-32.91012960738031,Vélez Sarsfield y Gurmendi
-60.70372072522778,-32.94887976356827,-60.70226539742774,-32.94777524065456,7405
-60.69528862250222,-32.96989735488537,-60.69421937775876,-32.96899604507838,3881
-60.728917253634776,-32.9064778700683,-60.72784874662183,-32.90557652989559,Carrefour
-60.68501673483323,-32.97258815142054,-60.68394746542892,-32.97168684854314,4451
-60.68636654255848,-32.89364540360122,-60.68457995827608,-32.89229552985273,1650
-60.647002523815786,-32.95656234034762,-60.645933476450494,-32.95566105961596,9959
-60.66655438299897,-32.938461908721244,-60.66247378780067,-32.936217868629065,9458
-60.64270742346041,-33.006551635343214,-60.641637776806846,-33.00565036462033,9751
-60.67497069286173,-32.91970309341128,-60.673285238821954,-32.917806639204734,1658
-60.706020847732795,-32.94895409806018,-60.70452235289098,-32.94779620167196,9362
-60.75575962942687,-32.990576259089416,-60.75411789141209,-32.98886700428012,Avenida Manuel Belgrano y Avenida de las Campanillas
-60.74836606259478,-32.941078551225615,-60.746839836561776,-32.93999964804672,6667
-60.71220392130042,-32.968166747137495,-60.70875217678466,-32.96653421053734,8236
-60.68866116346495,-32.9099071310095,-60.687127932875356,-32.90888856948139,6660
-60.647353679239764,-32.96415185399896,-60.64628602028296,-32.963184445908496,7508
-60.64100706831229,-32.950591309892246,-60.63987793547369,-32.949481689881196,7177
-60.640125762371405,-32.94679293881913,-60.639056837895566,-32.945891661144444,4591
-60.76048316222685,-32.93924877751695,-60.75941423802649,-32.938347422447016,Estadio Mundialista de Jockey
-60.668684376095314,-32.96386644682022,-60.667615224168586,-32.962965153143436,5477
-60.62977922953524,-32.9752204333939,-60.62870997073317,-32.97431916656961,7463
-60.87689329801138,-32.935044961235484,-60.87572360124312,-32.93374743828412,Bulevar Tierra de Sueños y Chiara Lubich
-60.627362010264996,-32.9721775328235,-60.62629279000368,-32.97127626714004,7579
-60.723111390532345,-32.962859264179215,-60.72204220972543,-32.961957935784596,3986
-60.68714547561439,-32.946009554018396,-60.68607652464726,-32.94510824594534,6916
-60.73392906448207,-32.90675433568329,-60.73233023795545,-32.9057762647294,Avenida Pujato y Sánchez de Loria
-60.65099621639488,-32.971680740550305,-60.6499269838711,-32.97077945941328,8490
-60.632581783208714,-32.95074013607635,-60.63151281705916,-32.949838863887216,7218
-60.63872477484074,-32.99874813461178,-60.637655225426876,-32.99784686535176,5276
-60.72651321094096,-32.86617227222202,-60.725445189315565,-32.86527092774186,Asunción y Orsetti
-60.688670973001685,-32.92885215574285,-60.68760222725965,-32.92795084422089,9605
-60.68980720525017,-33.01712244973063,-60.68873739501182,-33.016221150233065,3548
-60.65372520484391,-32.93718852947857,-60.65127015177729,-32.9360612117991,6604
-60.62809931811412,-32.997515904332495,-60.62655507790695,-32.996089395778235,7999
-60.713964157986865,-32.94924313482116,-60.70958022263719,-32.94561976241186,8339
-60.645721989936455,-32.95101544033258,-60.64465301032992,-32.95011415963101,
-60.64637594749478,-32.97713723865884,-60.64530665277179,-32.97623596130473,8954
-60.63409086959213,-32.96499223553978,-60.6330217306757,-32.96409096442375,6511
-60.647370140925354,-32.97598353906463,-60.646300859341075,-32.975082260898944,4853
-60.69981839138792,-32.884949922801766,-60.698654604208556,-32.88318777697998,3340
-60.80501239753204,-32.90916419329821,-60.80394380271601,-32.9082628066659,Tucumán y Varela
-60.705618806845266,-32.88855345588579,-60.70444959075114,-32.88749104411646,6635
-60.649645111056394,-32.93765334256906,-60.64857628920944,-32.93675205739456,8334
-60.70987667288055,-32.83982921947413,-60.708666631226194,-32.838118080386856,Avenida San Martín y Julio Roca
-60.65750251222216,-32.9373461451326,-60.65643368804276,-32.93644485483103,9201
-60.701056833728245,-32.954794657806005,-60.699987766531926,-32.95389334215777,3354
-60.68263380958164,-32.93531575335045,-60.68156499068042,-32.93441444661329,9069
-60.64526612096188,-32.93958024100999,-60.64419727930444,-32.93867895895362,6763
-60.77523100951072,-32.996008977955924,-60.77416139074143,-32.995107622008035,Urquiza y Alberdi
-60.66691464501527,-33.00424081826398,-60.661192810487236,-33.00284477495493,9494
-60.71464604581812,-32.88929149214149,-60.71288178258031,-32.887708027388236,3928
-60.63737960741549,-32.995215984786185,-60.63610382356855,-32.99227045517572,8341
-60.650607477017964,-32.9475106477255,-60.649356423020166,-32.946495852159615,6808
-60.6689351693777,-32.99193398761334,-60.667400130514395,-32.99080561188382,Avenida José Uriburu y Santiago
-60.653340516522164,-33.03719422417849,-60.6521515841836,-33.036194875809386,Suipacha y Ricchieri
-60.6759768941646,-32.91653415257617,-60.674908306098054,-32.915632847387556,8969
-60.64232452180694,-32.98972433643431,-60.6412550784602,-32.98882306352925,4114
-60.7220140801692,-32.961206163954095,-60.72094492008866,-32.96030483600972,Aceros Coco
-60.656912397930604,-32.93500724511083,-60.65584360233436,-32.93410595485282,4412
-60.68012191414129,-32.98605524888438,-60.679052486121535,-32.985153951079305,2544
-60.7030223480546,-32.95705185826563,-60.70195325220536,-32.95615054169813,6845
-60.65090172560964,-32.98980753921066,-60.649832274656525,-32.98890626075291,8826
-60.645144774527864,-32.94849184032741,-60.64407582573855,-32.947590559636204,9537
-60.741163254859075,-32.937151722920134,-60.73973104110292,-32.935352499401105,4260
-60.72480871060072,-32.848939307884486,-60.72365749139775,-32.84757359199755,Punta de Línea Rosario Bus
-60.65482606271063,-33.01465390918849,-60.650956793058214,-33.012903414503896,6564
-60.64380249170079,-33.01121624267864,-60.641484662404835,-33.010204233145565,4942
-60.83789749111898,-32.91780994956835,-60.836478511725865,-32.91684635070525,Garita 14
-60.65483867045928,-33.012396019891,-60.65369892990733,-33.011210879844,4209
-60.623011859385564,-33.05864714411054,-60.62154263418663,-33.05704675622998,
-60.67965584849459,-33.01832483786882,-60.67845624725007,-33.017100262170345,4908
-60.630069915192905,-32.976509541362816,-60.628766685658626,-32.975491558125285,5506
-60.67437259888907,-32.97487919194126,-60.673161099613736,-32.97344310751119,7225
-60.719742560526235,-32.92483746586561,-60.71867383973156,-32.92393613409825,7046
-60.72218055909123,-32.799514391258924,-60.72088013901767,-32.79837310874813,Avenida San Martín y Ricchieri
-60.63659047260136,-33.00524113577034,-60.63533018746343,-33.00329127795958,5529
-60.73472016685367,-32.75790538258835,-60.733653433400974,-32.757004017375635,Avenida San Martín y Rosario
-60.757432006039096,-32.93009137723533,-60.75636319421451,-32.92919002272864,3681
-60.760750753185945,-32.99338969549334,-60.75942964907504,-32.99223840456457,
-60.643311504465125,-33.00336513576967,-60.642241895802,-33.00246386419388,2241
-60.733845698648324,-32.76116835862512,-60.73239159866081,-32.759880341382555,Avenida San Martín y Bulevar Cabral
-60.65694763712802,-32.99133304105563,-60.65587816313746,-32.99043175890797,Avenida José Uriburu y Presidente Roca
-60.672239086069986,-32.948686749057494,-60.67117011419337,-32.947785450906174,6784
-60.62868879645988,-33.002975431033,-60.627619203808905,-33.0020741689305,5416
-60.71567577504843,-32.944133863193535,-60.71460682521001,-32.94323253677029,2202
-60.68354540424961,-32.98419915011238,-60.682475996012805,-32.98329784985132,5903
-60.67000359731397,-32.934073349394595,-60.668934802949515,-32.933172050569105,7296
-60.64993963209009,-32.97435324001516,-60.64887036817605,-32.97345195994845,4794
-60.62886513833133,-32.986876604422186,-60.62762775943338,-32.9853224950237,Plaza de la Resistencia
-60.69701888340263,-32.92449284446012,-60.69493031900287,-32.92348795621813,9518
-60.69647615484774,-32.941972657278505,-60.69540724541283,-32.94107134268524,8606
-60.702560156623235,-32.86471673068986,-60.700883038653124,-32.863156069436826,Avenida San Martín y San Jorge
-60.62997737806975,-33.01641403048317,-60.62890762219902,-33.01551276948033,Vélez Sarsfield y A. Thomas
-60.7326543488882,-32.99362611864545,-60.731317650425495,-32.99252098117527,Avenida José Uriburu y Las Palmeras
-60.689278276838834,-33.005113299303794,-60.68744881829297,-33.00290645277286,2000
-60.65798272931741,-33.01028764914811,-60.65648056500369,-33.00874275114412,3198
-60.71974614762671,-32.94643617958612,-60.71772855737748,-32.94530822158084,2247
-60.64290057298937,-33.03483284826841,-60.64175002684027,-33.03361715121536,Rosario y Avenida La Plata
-60.65312689411897,-32.934614643915545,-60.652058106146434,-32.933713356048095,9056
-60.663254485703675,-32.96580594493325,-60.66218531456087,-32.9649046550304,9900
-60.63260247168005,-32.99861663262602,-60.63153292858824,-32.99771536733748,8498
-60.720701110366974,-32.96030876657893,-60.71919819291433,-32.95898913355087,3766
-60.64788763105196,-32.99356849982827,-60.64656873519323,-32.992195782599076,8176
-60.71842247979975,-32.96652368872149,-60.71703942049159,-32.96543461107124,8975
-60.63541535320758,-32.96218633617417,-60.63434624706007,-32.961285063789354,5899
-60.66603612143589,-32.997016020621686,-60.66444577843709,-32.995814978666814,Bulevar Oroño y Andrade
-60.70173490169377,-32.91616826080854,-60.700666298565984,-32.91526693915525,2735
-60.6829130303751,-32.90547595559261,-60.68184456988669,-32.90457464437111,8403
-60.712041996533536,-32.96454166057511,-60.71097280372547,-32.963640339388675,3624
-60.675974223540095,-32.99221892273034,-60.671710303116654,-32.990827265183704,Avenida José Uriburu y Omar Carrasco
-60.69322040128645,-32.94661712892768,-60.69149249856879,-32.942100684578,Rosario Oeste
-60.6276913466227,-32.96158943369564,-60.626622253645834,-32.96068816626788,3391
-60.671073729359314,-32.938715644673174,-60.669891254435704,-32.937539861501556,9907
-60.67227676581262,-32.97853194691478,-60.67120743445103,-32.97763065304886,8466
-60.68985807370011,-32.94552105491794,-60.68878912656124,-32.944619745045784,6308
-60.63331977618167,-32.96613593520571,-60.63225062408625,-32.96523466475783,7509
-60.80102730234247,-32.92684469081548,-60.799958497906175,-32.92594330914863,Plaza Los Pinos
-60.643041248358685,-32.958589135427395,-60.64143527706389,-32.955641704030064,7921
-60.68002101551262,-33.01943574644057,-60.678951184750524,-33.01853445352309,5487
-60.68051385374134,-32.976009449735216,-60.67944454652133,-32.975108150228486,9336
-60.67566204391131,-32.94146325067638,-60.67459315635163,-32.9405619492873,4593
-60.72817275367725,-32.92601483967738,-60.72699704281029,-32.924871660327796,1842
-60.69509986834554,-32.87770706147757,-60.69403173191461,-32.87680573848624,9667
-60.6469168179546,-32.95559414038971,-60.645847782311705,-32.954692859573875,4677
-60.660118445420196,-32.97591784319229,-60.65904915484481,-32.975016556771315,6017
-60.67071863078816,-33.005986844431575,-60.669648969475915,-33.00508555553206,6069
-60.657486120483355,-32.946288068993894,-60.65614888066502,-32.94518073097923,9770
-60.62788815440203,-32.97946873246906,-60.626818845866644,-32.97856746749445,4374
-60.63163035073264,-32.97035066829467,-60.63004848688651,-32.969144228081234,4579
-60.670549521478605,-32.93638087631981,-60.66928728113271,-32.93525072371622,5578
-60.646599474247886,-32.948408758599165,-60.64522159228268,-32.94734145445431,5619
-60.72021930601036,-32.916441524535536,-60.7187673467547,-32.914606282617136,2139
-60.71983817620072,-32.94822448827624,-60.71866011989915,-32.9470468117324,7274
-60.72168072866522,-32.91941586686577,-60.72061207159233,-32.9185145330981,2276
-60.687386483921074,-32.97006316204866,-60.68621741623348,-32.96884253721537,2453
-60.64553231392625,-32.93839344118201,-60.64446348634004,-32.937492158781566,4598
-60.62698007147824,-33.032071628371924,-60.62591012879099,-33.031170371591536,3213
-60.71505343946129,-32.82287616508188,-60.71397106394176,-32.82141083486019,Avenida San Martín y Presidente Perón
-60.71091442736304,-32.836488769456146,-60.709846772894956,-32.83558743050774,Avenida San martín y Pablo Ricchieri
-60.659096510682424,-32.97021694327427,-60.658027289582634,-32.969315656689346,6165
-60.64950601786472,-32.93879424244166,-60.648437182401146,-32.93789295752195,
-60.732894048965946,-32.764325758637675,-60.73152055176664,-32.76341004145629,Avenida San Martín y Lavalle
-60.76560814489433,-32.91942128052824,-60.76453945535825,-32.91851991943577,5284
-60.6954976306818,-32.902711747460756,-60.69409286919551,-32.90163495220865,5814
-60.639638055587255,-32.94949584533719,-60.63845514321892,-32.9485893546761,8349
-60.63559183322099,-32.97545873527342,-60.63452256704676,-32.97455746469013,9503
-60.653805032018376,-33.0005683200223,-60.65270716774172,-32.99949887976253,9958
-60.713292420069095,-32.9351415630917,-60.71222358018954,-32.93424023687212,5032
-60.65053690874069,-32.953832241690186,-60.64946789152518,-32.95293095827342,4607
-60.68114772005966,-32.92727185574908,-60.679078624728604,-32.925908685492786,6748
-60.64750180412844,-32.95325974074794,-60.64643279613778,-32.95235845921566,7534
-60.636304621000384,-33.006553633259806,-60.63523497926759,-33.00565236670372,2646
-60.66600498796043,-32.99818245826021,-60.66440031222462,-32.99699474090641,1092
-60.66231349480031,-33.009892078711935,-60.66097209637722,-33.00876335588344,2191
-60.71336366761603,-32.96918486274262,-60.71209629169557,-32.9672085376154,9633
-60.669991452717575,-32.9930916451296,-60.66892194754646,-32.99219035483404,5283
-60.67880431433618,-32.91971275325205,-60.67773568592617,-32.91881144671166,9888
-60.69910167250152,-32.948791842415076,-60.69749992895456,-32.94763766094826,5597
-60.65600394250452,-32.97569544188013,-60.65493465776092,-32.97479415808346,5704
-60.67930762985161,-32.98931447633803,-60.67632553140245,-32.98656009349602,5165
-60.581532432672375,-33.07162445655399,-60.57996366764912,-33.07046064263054,Linea A 910
-60.849250676431254,-32.920528693997646,-60.84796092666809,-32.91959180609799,San José y Los Tizones
-60.632922091860216,-32.982205051901346,-60.63178100665674,-32.9808771478424,2387
-60.862111888726524,-33.01936459045105,-60.86076981440028,-33.01841370972729,Barrio La Antonella
-60.67279800125059,-32.93455115025705,-60.67172919901258,-32.93364984970663,5747
-60.64242198609787,-32.96719873809263,-60.64135281416903,-32.96629746187094,8572
-60.637699214143645,-32.9920695563455,-60.63612690936154,-32.98981225349522,4518
-60.64595001600413,-33.030096502373745,-60.644604085082804,-33.028988197587175,
-60.676414996301865,-32.93863310335927,-60.675293302970026,-32.937733296623044,8478
-60.639814704559065,-32.98702423581325,-60.63874529570831,-32.98612296415031,3475
-60.712776939057036,-32.952768099439155,-60.710466362424675,-32.95160434368037,8432
-60.6848659568496,-32.91294172597387,-60.68327264094733,-32.91160917381523,9703
-60.691124478616224,-32.89633745886988,-60.690056121644545,-32.8954361410939,9890
-60.721603789583135,-32.96279486371055,-60.7205346106748,-32.96189353625327,3810
-60.73608120742793,-32.90829272313777,-60.734914689432536,-32.907185676857125,3455
-60.71372527550406,-32.929815177498654,-60.71248522716302,-32.928895922514975,8165
-60.67195624985798,-32.93635243395626,-60.67060287035245,-32.935242738883495,8899
-60.713446849156526,-32.90137381866179,-60.71146946979688,-32.899819076910134,2355
-60.80668062486962,-32.91361559348161,-60.80561197537827,-32.91271420648251,Buenos Aires y Presidente Perón
-60.68319224832007,-32.941721353066484,-60.682123351942,-32.94082004689721,1738
-60.7148477339187,-32.95396786222286,-60.71377866633993,-32.95306653774095,8351
-60.635230191887686,-32.96862093564927,-60.63416100838003,-32.96771966431428,9225
-60.646194841168324,-32.992687837477014,-60.64512535909841,-32.99178656248656,Laprida y Moussy
-60.69570127432455,-32.89533506039738,-60.694632925935686,-32.89443373956641,2695
-60.687893923222184,-33.02021844889739,-60.686824077040086,-33.0193171510663,3006
-60.66225842395826,-32.938995046547696,-60.66118957630615,-32.93809375341593,9285
-60.69576564543615,-32.957070255963046,-60.694696554824645,-32.95616894400072,4691
-60.715358001980356,-32.88204936757265,-60.714289798277534,-32.88114803239119,Chumbicha y Colastiné
-60.79846111171475,-32.911917091114326,-60.79739248853405,-32.91101570884976,Bulevar Mitre y Urquiza
-60.716202065391805,-32.89580524223345,-60.714912935617626,-32.894801357225724,3780
-60.73023041535027,-32.93330806854332,-60.729161584906414,-32.932406731420556,3402
-60.684887324914655,-32.90444215629751,-60.68381887534688,-32.90354084366623,6101
-60.73515247983824,-32.93005438031241,-60.731446250905186,-32.92861743181723,1932
-60.696631904865136,-32.88370566158742,-60.6949935951838,-32.882793838311606,1662
-60.664053201066295,-32.96830594500995,-60.66298399919819,-32.967404654953675,5884
-60.7283580870929,-32.7784604791192,-60.72729111316262,-32.77755912084477,
-60.671996821155346,-32.93749175191788,-60.670709480347455,-32.93639794810192,9414
-60.65002460462609,-32.98638313917394,-60.64895519564014,-32.98548186078966,2743
-60.65218170880762,-33.00351923863455,-60.65111209145853,-33.00261796132902,5332
-60.63492394021215,-32.943443637366926,-60.63385506005538,-32.942542362596654,9876
-60.65248459616175,-33.00140403888537,-60.65141500410433,-33.00050276107822,8053
-60.68470297282626,-33.028630647271775,-60.68363302743642,-33.027729352691885,2402
-60.6610738977348,-33.01768734048314,-60.660004102530465,-33.01678605948042,Flor de Nacar y 5 de Agosto
-60.65837401995998,-32.93857724532511,-60.657305180304895,-32.93767595463852,9246
-60.70513527715265,-32.89521576339646,-60.70406692310653,-32.89431443656735,4410
-60.69506944844921,-32.940997056902134,-60.69400055181152,-32.940095743061626,5338
-60.67857170962741,-32.96880954963389,-60.67750249063542,-32.96790825032977,2032
-60.66574204125865,-32.92501934867797,-60.66467335900525,-32.9241180512857,1480
-60.80526258026242,-32.929401911879374,-60.803949019305584,-32.92837868782738,Parada 9
-60.64590167495312,-33.011383296449715,-60.64392869684595,-33.01036119455506,2042
-60.66977445931124,-33.00423979106275,-60.66835699310106,-33.0031541683112,6026
-60.6458801115471,-32.98468153482119,-60.644714888711604,-32.98347436442527,1021
-60.79731808171891,-32.92370894697894,-60.795964617660644,-32.92259685280853,Garita 8 Bis
-60.681837753344176,-32.94829044703422,-60.680669542840704,-32.94712785296231,7387
-60.63096969143443,-32.952210635443954,-60.62990070883364,-32.9513093645196,7915
-60.690786862771695,-32.877048560153426,-60.68971873748895,-32.876147239810365,8007
-60.69146474962276,-32.87481296053038,-60.690396650637766,-32.87391163943342,9305
-60.74002864631167,-32.92917764964566,-60.73795536429897,-32.927836714716605,8305
-60.693586215328345,-32.90229855922298,-60.692517784932186,-32.9013972407408,3665
-60.63727597093792,-32.9483994377756,-60.63620702932939,-32.94749816218794,
-60.662849011680855,-32.998018581102286,-60.66139978682693,-32.997010818050455,8377
-60.733486880313016,-32.910637871197316,-60.73241831994309,-32.90973652876657,5560
-60.69925878027405,-32.92235420609779,-60.696078620599245,-32.91927990420018,2974
-60.70133105442351,-32.92038779816972,-60.7000179458126,-32.91933370168761,7697
-60.727403063992554,-33.090627156290445,-60.72633233626586,-33.089725843673335,
-60.77180482710885,-32.925241540071916,-60.77036047405564,-32.924182259046724,Garita 1
-60.669803238709484,-32.95758654763306,-60.66873416155426,-32.9566852523306,1955
-60.653971623739096,-32.967616107332724,-60.65266637532312,-32.96662359224386,5033
-60.71364525390985,-32.95517046772747,-60.71134257173609,-32.95397520860524,2933
-60.72913669359511,-32.94265510794442,-60.72632342732401,-32.94167757106199,8513
-60.84075497914959,-32.93062532525334,-60.83834222377532,-32.929582775664656,Barrio Miraflores
-60.84414543044207,-32.9169004993809,-60.84281767204866,-32.91596080076375,Garita 15
-60.675652212081815,-32.92247215746809,-60.67387678172339,-32.92007008313706,1020
-60.64692464529398,-32.98933184379772,-60.645713399187144,-32.98802813314742,6286
-60.69012511536872,-32.93620136899064,-60.68893498030643,-32.93442463073303,2491
-60.744696812084406,-32.93732629940918,-60.74337756593592,-32.935892496353006,3350
-60.661934177263085,-33.04278904819583,-60.66074952476013,-33.04188475175193,Vos 2000
-60.769699827258385,-33.00869759502344,-60.76811606721365,-33.007123505247264,Santa Fe y San Juan
-60.68869364580372,-32.8778341744571,-60.687343152624784,-32.87667672548426,7874
-60.74741271949821,-32.91630487512597,-60.7463440807564,-32.91540352483796,5824
-60.77096089486108,-32.993838076801964,-60.769891305391546,-32.99293672316198,Urquiza y Doctor Chiavarini
-60.67370842898551,-32.9557243490208,-60.67263937127776,-32.95482305094288,6044
-60.61813292474736,-33.03360953861298,-60.61702747675792,-33.032390161336224,
-60.72595215134293,-32.88962027035539,-60.724883848913855,-32.8887189296085,8258
-60.65556246244185,-32.97903204149654,-60.6544931378237,-32.97813075846707,4101
-60.67226987742394,-32.9970440455755,-60.67120032283988,-32.996142754388124,7798
-60.665184691386685,-32.96662714549542,-60.66411550887766,-32.965725854468225,3119
-60.6955229232144,-32.936773157351055,-60.69445407704623,-32.935871842612734,1374
-60.638217354392104,-32.94558913828498,-60.63714844587509,-32.944687861678595,7330
-60.67221918502752,-32.998307745467955,-60.6711496152363,-32.99740645449568,7898
-60.63175954507555,-32.97767213386358,-60.63069025519267,-32.976770866099926,2330
-60.631687337471035,-32.99300363273278,-60.630617862797344,-32.99210236723073,7090
-60.6552443495559,-32.933159374508406,-60.65391735111045,-32.93207932540851,4938
-60.77102127019411,-33.00632057591866,-60.769951530058606,-33.00541922404529,San Juan y Avenida de las Américas
-60.70527671515549,-32.89713216997481,-60.70393998505329,-32.89623052993603,9028
-60.65846859738328,-33.04259127774265,-60.65723800439979,-33.04167642227816,Dielfe SRL
-60.64464074322029,-32.993906237727835,-60.64344195954462,-32.992389862103074,3184
-60.62675502619398,-32.974860532431215,-60.62568577407477,-32.97395926753229,4504
-60.7495791212806,-32.916468875786514,-60.74851047897377,-32.915567524177426,3527
-60.7494528435978,-32.92019067547878,-60.7483841566566,-32.91928932448514,8983
-60.76798465865748,-32.997011781913905,-60.76600552772234,-32.99483586354602,Leandro N. Alem y Avenida Manuel Belgrano
-60.63061335186583,-32.94598811657603,-60.62892574289564,-32.94438118361395,Galpón 15
-60.734609690274404,-32.97224255026449,-60.73327130524036,-32.97107861718086,3639
-60.73632235922621,-32.87403214660629,-60.735163441202474,-32.87284495260358,2531
-60.698774091520924,-32.876626364823466,-60.697299610254234,-32.87541323514484,1919
-60.72191154451521,-32.893315074899725,-60.71983455919672,-32.89167786603842,3458
-60.709182134163605,-32.902687770238835,-60.70701336839945,-32.90120053330337,3911
-60.69934698251632,-32.936318184436914,-60.697009499823935,-32.9346969115179,6291
-60.64642175308183,-32.94949658697586,-60.644136446517564,-32.94846308626616,8736
-60.724790239848005,-32.88558965246424,-60.72360075633744,-32.88440904755973,5636
-60.679284397483876,-32.96674855001072,-60.678215202778865,-32.96584724995295,3871
-60.67240387382474,-32.94365902727002,-60.67107032815289,-32.942514072775914,5163
-60.649124308521735,-32.952846225194364,-60.647822092447115,-32.95176657477771,9376
-60.65153482660844,-32.939783960382776,-60.650249474951565,-32.93868903964065,8797
-60.65053298473057,-33.0162030371844,-60.64946321553587,-33.015301762779146,6493
-60.730018554092034,-32.9412397114991,-60.72863204695046,-32.94011098842479,4394
-60.71940969944998,-32.8087383307819,-60.718068600214025,-32.80764486896198,Avenida San Martín y La Pampa
-60.597775190314714,-33.05879666910778,-60.596579912286764,-33.05772103085486,
-60.67823813083202,-33.005520146875675,-60.67716846943119,-33.00461885308799,4685
-60.64947687338908,-33.01439173697319,-60.64840712687747,-33.01349046299037,2216
-60.66445081342875,-32.97033304499162,-60.6633815868357,-32.96943175497204,9555
-60.7052247495706,-32.94054886015392,-60.704155850688984,-32.939647539809854,1988
-60.64565356071256,-32.96277683946133,-60.64458443955396,-32.96187556050224,7847
-60.700432051177984,-32.94140650652588,-60.69783099333738,-32.94021961825343,7876
-60.64951595314474,-32.96127334082229,-60.64844684712132,-32.96037205914131,4001
-60.86177277154566,-32.91438604788887,-60.860558329950194,-32.913341452117535,Garita 17
-60.657618140604605,-32.97529542665601,-60.65637076058221,-32.97424067334946,8512
-60.62907060094611,-32.95391323470065,-60.628001599322204,-32.953011965262874,7127
-60.66969985768021,-32.9441290485713,-60.66863094258342,-32.9432277513924,8402
-60.67616690350497,-33.00112164653027,-60.675097296758445,-33.000220353433356,9173
-60.668041320453895,-32.96151859041912,-60.66676548123348,-32.96042450960941,7216
-60.68669353002082,-32.93845885441927,-60.685624670240834,-32.93755754554444,
-60.66561963280579,-32.95687084633975,-60.66455056745839,-32.955969553623895,5271
-60.63256927816237,-32.999693332537426,-60.63149972210595,-32.99879206742609,8471
-60.68859845042386,-32.9084565571913,-60.687529949837305,-32.90755524277246,Bulevar Rondeau y Berón de Astrada
-60.713589152421704,-32.96636180443594,-60.711200172659694,-32.965159469445304,5052
-60.66097543692633,-33.007620341178786,-60.65990576333887,-33.00671905878482,8199
-60.6458939382243,-32.94690925824599,-60.64471546415598,-32.945857041705516,
-60.66445640430714,-32.95221004630182,-60.66338739595712,-32.95130875366185,8076
-60.72913287471195,-32.87852406807422,-60.72697790437297,-32.87736467274796,Lorenzo Battle y Cullen y Ugarte
-60.69787563184226,-32.941667847141176,-60.6965754742387,-32.94020945288809,9275
-60.713816460380556,-32.928216239778905,-60.71155580446313,-32.92700238499734,1761
-60.733728639462655,-32.878551210956026,-60.73239456353199,-32.87760358920875,5451
-60.64523314972186,-32.980150691791934,-60.64350037868574,-32.97805031038251,5518
-60.68267887283614,-32.91256075500673,-60.68161032742574,-32.911659444957,1372
-60.73223794434224,-32.87864385027973,-60.73090915683962,-32.87763234904308,
-60.66207351690518,-32.96489073416248,-60.66053808669772,-32.96388726631093,4516
-60.642269848689374,-32.96099653849096,-60.64120075157749,-32.960095261472595,2519
-60.63960230857238,-32.94530880239579,-60.63848959467539,-32.94360640285386,8060
-60.88222195828307,-32.91091567753272,-60.88054824391278,-32.909938722894815,Garita 7
-60.64483591969935,-33.071969131306034,-60.64376548056827,-33.07106786865747,Parque Industrial Micro
-60.67850544057716,-33.007118146845755,-60.67743575968605,-33.006216853117884,7058
-60.65736457469925,-33.01410723954501,-60.65629482556642,-33.01320596041856,3380
-60.64147020142378,-32.986398236396845,-60.640400798843416,-32.9854969635667,3685
-60.67441087754599,-32.96374534866693,-60.67334172271728,-32.96284405129674,7209
-60.659541425788525,-32.93947204563725,-60.658472574476185,-32.938570754326406,5256
-60.63823918958331,-32.968045336671025,-60.637170010684066,-32.96714406329254,3033
-60.65830049699655,-32.9347635455766,-60.65723170326826,-32.93386225438704,4835
-60.718394940428176,-32.93265325998641,-60.71691666233953,-32.93168144035006,1099
-60.660821179587664,-32.94833324541043,-60.65975222067699,-32.94743195455321,9957
-60.63387779055332,-32.968486235218045,-60.632808609714566,-32.9675849647455,4864
-60.66993224442657,-32.92705517791492,-60.66880535786524,-32.926053021959994,1925
-60.621548936673086,-33.05974182459325,-60.62047866359705,-33.058840575370205,
-60.71150853872804,-32.971579759898646,-60.7104392615311,-32.97067844006514,2315
-60.66976837306017,-32.96329384720982,-60.6686992272036,-32.96239255275383,6024
-60.71492111983525,-32.951623462415235,-60.713852080423344,-32.9507221375486,7359
-60.719833928067054,-32.88703777371409,-60.718083171564096,-32.886105426271904,2305
-60.747798017109396,-32.89923257647727,-60.74672958314501,-32.898331223486686,Barrio Palos Verdes
-60.648197042545036,-32.96753877223902,-60.64685438250126,-32.96547063412794,1740
-60.66185160282742,-32.93550734666829,-60.66078279743701,-32.93460605329534,9552
-60.652094315750574,-32.988096439720316,-60.65102488451542,-32.987195160243274,3954
-60.659381496239874,-33.01754703994747,-60.65831170402558,-33.01664576001612,9870
-60.68245247831585,-32.961246745946845,-60.680994525575784,-32.960251254444685,8845
-60.70723600392609,-32.848463046966344,-60.705984898322455,-32.84694115267982,Parada Intendente Monti
-60.632742552669804,-32.95192058880277,-60.63149854770044,-32.950910110925754,9245
-60.65227835113842,-32.96076394175354,-60.651209249127305,-32.95986265821006,8852
-60.65613067643292,-32.981317341515094,-60.655061323832584,-32.980416058448505,9262
-60.685314762593784,-32.92733185478247,-60.68424603766792,-32.92643054518124,4656
-60.68185265272745,-32.975756950181356,-60.68078334753507,-32.97485564978233,2503
-60.65619597371704,-33.01401873917398,-60.65512622654875,-33.01311746078962,2352
-60.66129188777811,-32.999454941870695,-60.66022231248696,-32.998553658092916,5972
-60.62831917387143,-32.95781128679507,-60.626962726733915,-32.95675671267708,1567
-60.629710765794144,-32.94803093533442,-60.62864183447403,-32.9471296646291,City Tour Monumento a la Bandera
-60.6744810511551,-32.97596044780741,-60.673411749108276,-32.97505915215625,8672
-60.65771257691151,-32.9546839344169,-60.65653872802897,-32.95289366549628,1041
-60.68994710992242,-32.88496315931537,-60.68887889033838,-32.88406184064842,8142
-60.62827205976648,-32.96390733881483,-60.62720243980235,-32.9629320610917,5499
-60.714353633202755,-32.899247903527026,-60.71299446685144,-32.89816439609864,2192
-60.70699702535122,-32.902232479698725,-60.70361510176826,-32.900624272620405,5922
-60.8560216976393,-32.91524080727115,-60.85463730189692,-32.91411969244244,Garita 16 Bis
-60.66268506873213,-32.94641074614995,-60.66161613153228,-32.94550945381369,1657
-60.71042412546558,-32.88988939593141,-60.70930517288938,-32.888579403898746,9418
-60.668886041850605,-32.94154924849603,-60.66781715841307,-32.940647951467646,1361
-60.695875630963236,-32.954659156172035,-60.69480656929752,-32.95375784379172,6685
-60.6814256992385,-33.00008354828787,-60.680356101024316,-32.9991822516758,7970
-60.63123083647078,-32.976278133791645,-60.630161563797486,-32.97537686617189,2462
-60.712043091403544,-32.94072956582572,-60.7095017468214,-32.939612191754435,7673
-60.70099684083782,-32.95597945770145,-60.69992775942237,-32.955078142262316,5700
-60.63712306748334,-32.96444743656734,-60.636053932784144,-32.9635461633962,8259
-60.62728404004886,-32.97712583244069,-60.62621476021985,-32.97622456752283,9889
-60.677141551374035,-32.94003694866581,-60.675856149989606,-32.93895035134545,6712
-60.73416388634694,-32.96974036410786,-60.732999211646145,-32.968703935890595,9094
-60.69449147117606,-32.96142515524381,-60.69342232908492,-32.96052384471993,4792
-60.64343482821548,-32.972064830858145,-60.64197416276552,-32.96952412024129,7766
-60.64409213141038,-32.956073873688666,-60.64285116836128,-32.95507452615882,8902
-60.65135464823052,-32.95626320475275,-60.64975877315561,-32.955054042702635,8367
-60.64358927830248,-32.982427137372255,-60.64251992196443,-32.98152586259133,9549
-60.716387373407514,-32.91545405566564,-60.715075924897306,-32.914505843611416,4684
-60.60651350323348,-33.04826931738673,-60.60522659859609,-33.047344482698456,Avenida San Martín y Malvinas Argentinas
-60.63677766088707,-32.979973735333765,-60.635708339380585,-32.979072464629795,6048
-60.73089624857959,-32.921190003602064,-60.729500011463095,-32.91955361136003,7146
-60.72846464170524,-32.92116616886683,-60.727395958551554,-32.92026483109702,1200
-60.644573664294896,-32.9468277402621,-60.64350473597158,-32.94592645970148,9430
-60.68989721674524,-32.88610365921723,-60.68882898351557,-32.885202340746545,7034
-60.68962440456886,-33.00045265087684,-60.688554795693015,-32.99955134908687,
-60.64987488721591,-32.95029804173085,-60.64880591305,-32.94939675823274,7907
-60.644211894483874,-32.9570290896766,-60.643160604588324,-32.95609611017353,6754
-60.681535309419885,-32.9353580529964,-60.680466490842335,-32.93445674696732,8789
-60.638662942625935,-32.99991826144721,-60.63732585880179,-32.998917537763724,3485
-60.64586671352838,-32.99119676789491,-60.644424169073865,-32.9895738413598,Avenida José Uriburu y Francisco Laprida
-60.79898412421208,-32.91396609112518,-60.79791547603669,-32.91306470883889,Bulevar Mitre y Maipú
-60.651328831435265,-32.94093404287758,-60.650259968830404,-32.940032757086016,9253
-60.679041125442254,-32.938179451995246,-60.677972274820256,-32.93727814796846,1103
-60.66731119921836,-32.934560648494184,-60.66624240104543,-32.933659351469466,3044
-60.63315050538022,-32.954387435998626,-60.63208149488761,-32.95348616396492,5122
-60.67751054294595,-32.91173087993268,-60.67605105059657,-32.910126220406696,5316
-60.622360845636564,-33.02809152714719,-60.62129095463319,-33.02719027281626,
-60.643594662999824,-32.95999637172611,-60.642354834847886,-32.958889128306424,4549
-60.63004860279807,-32.97076513380361,-60.62897939747028,-32.969863866159926,3981
-60.65286726552383,-32.96311544177433,-60.651798134741846,-32.962214158189276,9715
-60.63273670046387,-32.97020483472169,-60.63166749980415,-32.96930356524183,3206
-60.661650409390916,-32.93661154652375,-60.66058159087355,-32.935710253439865,9926
-60.655727635073575,-32.97447974187865,-60.654658365191885,-32.973578458084965,5346
-60.70318729207099,-32.89224063621928,-60.701122110558856,-32.89026299047011,3449
-60.653304593620234,-33.0174990379878,-60.652234806645914,-33.01659776197575,
-60.63048364830481,-32.99487733220441,-60.6294141519637,-32.99397606775912,4805
-60.6947082955815,-32.89029940784945,-60.692989206203606,-32.8891765905083,8463
-60.63960335325131,-32.978525636358235,-60.63853404701604,-32.97762436360532,9730
-60.701135126697615,-32.95362175791549,-60.70006607356256,-32.95272044204828,3532
-60.74772073714219,-32.90909548926285,-60.746086852846524,-32.906107609556976,Autódromo Juan Manuel Fangio
-60.81362270776463,-32.91053984575743,-60.81251778784385,-32.908846154125094,Suipacha y Varela
-60.68166717810351,-32.90379709334471,-60.6802504263211,-32.90244120683035,6310
-60.68257340843522,-32.95175115214488,-60.68150439182702,-32.950849847818844,5828
-60.71935494251354,-32.955116263558295,-60.718285857744554,-32.954214936405506,3364
-60.68808756189264,-33.02660874849728,-60.68701763836964,-33.0257074514664,3314
-60.68774130215894,-33.01673984910012,-60.68667149810331,-33.01583855086357,3220
-60.686761110292956,-33.001580849882906,-60.68569148996926,-33.00067955008079,2255
-60.689988590648575,-32.88174725956047,-60.68892040961217,-32.880845940403304,9247
-60.65615357489241,-32.94784984393882,-60.655084625372794,-32.946948556024815,8415
-60.660379658157375,-32.93150058958777,-60.655401709908034,-32.930028644004004,Rosario Norte
-60.75062279312346,-32.927170589502424,-60.749093509464046,-32.92619601086818,Avenida Eva Perón y Manuel Acevedo
-60.699415224921,-32.87498783650856,-60.698030388813024,-32.87311250843848,1268
-60.63572005176904,-32.94771949181396,-60.63468234698697,-32.94679560792989,9268
-60.727312681955055,-32.94456146681759,-60.72624371830207,-32.94366013314625,2754
-60.68027468267233,-32.98082514931097,-60.67920531759044,-32.97992385065272,2713
-60.65857290526578,-32.985945341969476,-60.65750349499949,-32.98504405799411,5849
-60.68876161342572,-32.93556955528698,-60.68769278683567,-32.93466824467679,6544
-60.68505468576404,-32.92410111257796,-60.683333910104416,-32.923027588138105,6578
-60.636644555877915,-33.0021411916114,-60.635397579611755,-33.00026749610976,5731
-60.65613336698547,-32.94653704402705,-60.65506443327969,-32.94563575593658,9505
-60.712596634232746,-32.95855516327777,-60.71118784850396,-32.95743603025963,9710
-60.648481645774396,-32.968610546802815,-60.64719745455148,-32.96756755309853,6472
-60.670016295223085,-32.97591253917339,-60.666188353778296,-32.97424521806795,7670
-60.72108425561697,-32.89063426875466,-60.72001594464036,-32.8897329312092,2562
-60.625397605942176,-32.99943951714317,-60.62423649024784,-32.99777218263639,3826
-60.655016507578466,-32.936732344373745,-60.65394769268675,-32.93583105558988,4652
-60.6837794617875,-33.01030094830154,-60.68270973847513,-33.00939965166211,4697
-60.682309871118804,-33.02849814651722,-60.68123992914417,-33.027596853446425,
-60.66057934648182,-32.9262163469286,-60.65951065378263,-32.92531505303505,1459
-60.62907215253011,-32.97908193288402,-60.62800284773842,-32.9781806670795,4365
-60.742419633713865,-32.852299878189676,-60.741351766540724,-32.85139852177428,
-60.652488862706335,-32.93231073405992,-60.65139463633977,-32.931418365900434,5380
-60.676099945856365,-32.981663325225234,-60.67458157622536,-32.97926604197362,3013
-60.67511777943215,-32.99728791674994,-60.673738055748586,-32.995811974206184,7862
-60.645179402215106,-32.977469804318616,-60.64345811936508,-32.97531365451789,1987
-60.636211445272906,-32.95898762146594,-60.63490221841467,-32.95789718057017,City Tour Plaza López
-60.756724607105646,-32.905808961797895,-60.75528309648497,-32.90482433855083,Avenida Santa Coloma y Álvarez Condarco
-60.74015051568044,-32.91611507288102,-60.73908188457499,-32.915213727082886,2333
-60.6476707676492,-32.93675098633017,-60.64632893270368,-32.93569051324271,4503
-60.63841526983027,-32.981352635767436,-60.63734593043724,-32.98045136419612,7101
-60.72753554851519,-32.93898896728966,-60.726466651741845,-32.93808763267423,2593
-60.68367553581052,-32.97283465097464,-60.68260626445176,-32.97193334898906,3116
-60.63382881276825,-32.95557123613443,-60.632759787499516,-32.954669963829105,8131
-60.63909111686568,-32.989111735427045,-60.63802168340181,-32.98821046453651,8863
-60.64285671040805,-33.03597345500353,-60.641722987587286,-33.03496684497002,AF Temporelli y Rosario
-60.64297934894222,-33.032392844241635,-60.64186054811609,-33.0313452556911,Rosario y Pellegrini
-60.675709912026306,-32.95278044987484,-60.674640888236716,-32.95187915008885,6349
-60.801078289085574,-32.9246362909903,-60.80000951116304,-32.92373490897378,Mitre y Dorrego
-60.684001461992864,-32.927314554364585,-60.682932738268995,-32.92641324559914,6358
-60.70616574397609,-32.972783058124364,-60.70509645628367,-32.97188174183938,8406
-60.762978070729204,-32.9072355805969,-60.76190952952356,-32.906334219367096,Julio Irazusta
-60.63734259550419,-32.95247733750296,-60.63627360476316,-32.95157606246059,9145
-60.64948642378167,-32.97300313996582,-60.64841717648451,-32.97210185999777,8143
-60.64352989354523,-32.998014552242054,-60.64203910199441,-32.99658184794271,9322
-60.72524308318378,-32.87830147094932,-60.72417491707297,-32.87740012901455,9765
-60.734500168346,-33.09091045848966,-60.733429431911624,-33.09000914147412,
-60.65191631436951,-33.012463323952495,-60.648001085066326,-33.006840724530605,7934
-60.70220018447743,-32.96359876285419,-60.699617848587515,-32.96175396374467,2711
-60.65957681172692,-32.96656481061044,-60.656958958196775,-32.96436791128289,4400
-60.72778878695284,-32.78117497803616,-60.72640791278648,-32.78006392163233,Avenida San Martín y Alvear
-60.66765404308968,-32.94226967275847,-60.66411009021788,-32.940835887939585,8869
-60.67335381575113,-32.98485327081695,-60.67073821632354,-32.98233539488495,6965
-60.65542129095458,-33.03727100269149,-60.65434940866858,-33.0362702972672,Cementerio Villa Gobernador Gálvez
-60.667636237422045,-32.94736967381089,-60.66514110546033,-32.94597749726112,4181
-60.691867583691156,-32.90767288978794,-60.69056771501997,-32.906702409671986,2125
-60.6365137268861,-33.006299398323826,-60.63527757687511,-33.00461550148659,9017
-60.64337032918662,-32.9536276695148,-60.64233386958833,-32.95271493027158,4146
-60.62595611942023,-33.02352002865493,-60.62488628084906,-33.02261877130854,Villa Diego
-60.63863678784646,-33.000909634426996,-60.63756721242121,-33.00000836553653,6810
-60.69988032590857,-32.90366626112268,-60.69881187435126,-32.90276493884112,3221
-60.75597595004166,-32.94129163650319,-60.754536449755896,-32.94020516309613,7207
-60.631597770913224,-32.96573057182208,-60.63035223241136,-32.96456942818399,6863
-60.634749381801896,-32.953137007950204,-60.63344491708723,-32.95203169197,9629
-60.65686742538785,-32.97279964236819,-60.65579817487749,-32.971898357595435,7694
-60.78059544568732,-33.00168227918917,-60.7795257545643,-33.00078092077479,1 de Mayo y San Lorenzo
-60.64436829464749,-32.93526224103013,-60.64329950561892,-32.93436095893348,City Tour Parque de las Colectividades
-60.629686177503146,-32.96320854158636,-60.62861412212523,-32.96222375831942,9596
-60.63805642078548,-33.006405833841015,-60.636986779482285,-33.005504566122504,7972
-60.652179921890664,-32.97251754087308,-60.6511106783752,-32.97161625909053,6835
-60.66945856391688,-32.94518094841786,-60.66838963634677,-32.94427965154582,1301
-60.652984366075714,-32.929959644205354,-60.65191563418966,-32.92905835575829,Parque Sunchales
-60.67430913730767,-32.92381925151608,-60.67324046295525,-32.922917948447626,8266
-60.8144672722485,-32.91833152092389,-60.81274107500593,-32.914650182713686,Oficinas Funescoop
-60.6312582821039,-32.958134831120965,-60.62966974940099,-32.95500537670466,8127
-60.63790288106958,-32.96582247783797,-60.636614717302024,-32.96470482215117,La Paz y Buenos Aires
-60.62352806231147,-32.99271778158016,-60.622404668004314,-32.9909140321852,3749
-60.727988006415124,-32.966807065423886,-60.72650279223058,-32.96577713372451,2809
-60.7139983966148,-32.92493235995808,-60.712640501703035,-32.923765339991846,3512
-60.64721182820711,-32.9406603415633,-60.64614297205902,-32.93975905840029,8493
-60.69171237763739,-32.87946936027342,-60.69064422262315,-32.878568039690364,8205
-60.66053668745448,-32.966269144023876,-60.65946751281037,-32.96536785593974,9687
-60.64234858833131,-32.984170236843255,-60.641279211935775,-32.98326896312029,7484
-60.63164876072802,-32.94706423603713,-60.63057983953992,-32.946162963926405,8482
-60.656412506591835,-32.93647934484312,-60.65534369367322,-32.935578055120516,5945
-60.65202337736129,-32.94852334255464,-60.65095442290435,-32.947622057408964,6313
-60.65091191019752,-32.937429642995504,-60.64984309006815,-32.93652835696811,5671
-60.64141132512865,-32.940519839689955,-60.64034247513813,-32.939618560273644,8022
-60.687146212767104,-32.918324905307266,-60.682938247567655,-32.91424552955104,Estación Génova
-60.710587462439605,-32.94907632660599,-60.70906860097336,-32.94793318516406,8271
-60.7471374934244,-32.934785171608965,-60.745625409811204,-32.93379572880377,
-60.69123250936236,-32.88478895973713,-60.690164290898295,-32.88388764022667,2434
-60.727850952363546,-32.879864752989356,-60.7266823442776,-32.87873854700799,6932
-60.72523427288935,-32.78991403826223,-60.723775420652686,-32.78830466207755,Avenida San Martín y Barragán
-60.6580372919057,-32.98376314195419,-60.6569679083596,-32.98286185800939,4315
-60.6468021940286,-32.96729051924266,-60.64573010560061,-32.96630598066338,7771
-60.63483134656652,-32.96633941298424,-60.63358845176788,-32.96525308702361,9527
-60.72092670404565,-32.80382555425654,-60.71957329292793,-32.80258114582818,Avenida San Martín y Laprida
-60.651893766227325,-33.01335377630437,-60.64963274482174,-33.01041041786551,7328
-60.6416856211604,-32.953114120995856,-60.64034927935466,-32.952036478889625,6594
-60.66103232523145,-33.00567884133739,-60.65996267503372,-33.0047775586262,5129
-60.675165563949186,-32.96143974907526,-60.67409643631397,-32.96053845088839,8032
-60.65523015454707,-32.977743141482215,-60.654160845718486,-32.97684185848138,9698
-60.787664502624196,-32.85380555503296,-60.785831561414774,-32.85250635267829,Parada A
-60.67136033713625,-32.981308380751294,-60.66983473794209,-32.97889304083483,8020
-60.62896904591568,-32.965946163287285,-60.62635087662083,-32.96390902208039,5599
-60.69750492754351,-32.88084347402497,-60.69594757428862,-32.87978522460518,7371
-60.63439218512385,-32.964041158412776,-60.63303571433483,-32.96293084135287,5613
-60.65448729135158,-32.951861062403154,-60.653283111243624,-32.95077643757301,7849
-60.78721824569056,-32.92432729162075,-60.78587315384944,-32.923227308145776,Garita 5
-60.65150520148547,-32.98576783969781,-60.65043579878059,-32.98486656026578,3983
-60.6852023988312,-32.949989953111334,-60.68413340143072,-32.949088646852395,7615
-60.693096750666584,-32.87488446104435,-60.69202864959377,-32.87398313891942,9183
-60.62718623867924,-33.02683253327862,-60.62502331355745,-33.02528962568219,
-60.713760658304565,-32.934806000668246,-60.70597904134302,-32.9322699722692,1750
-60.65391042753368,-33.003683731596965,-60.652586513232215,-33.00181005392629,4262
-60.69155601348878,-32.91751555655352,-60.68973328835676,-32.916145443077745,3133
-60.636744825676836,-32.95143366322721,-60.63568207365614,-32.950473236646886,4817
-60.70293962541195,-32.8969031060989,-60.69885003005509,-32.895358895243334,2364
-60.72318683760166,-32.96663291558584,-60.72182346168886,-32.965605283975144,2902
-60.7692902860639,-32.91004388790203,-60.76813451354422,-32.90879921160708,Mensajería y Avenida Jorge Newbery
-60.6567655502068,-33.003772897043184,-60.65569734885113,-33.002779102634484,2742
-60.66662906052712,-32.9614112463367,-60.66555993973701,-32.960509953626946,2231
-60.71366102869014,-32.993115984372835,-60.712169970512946,-32.99204691497074,Avenida José Uriburu y Calle 1910
-60.701982164424784,-32.876621763739216,-60.700914035834586,-32.875720436224604,4793
-60.63037534357643,-32.977512333423135,-60.629306056691945,-32.976611066540364,7367
-60.74566088741403,-32.879195753653974,-60.743765314791496,-32.87804024420855,Ruta Nacional 34 y Cullen y Ugarte
-60.67311331469745,-32.95338824899858,-60.67204428556587,-32.95248695096509,4487
-60.65130004104537,-32.99644272279763,-60.64988443710356,-32.99374585620688,7773
-60.644172591756536,-32.98462183740318,-60.64310320851035,-32.983720562560386,6217
-60.72080641017144,-32.93222716988381,-60.71922609198522,-32.931259830480435,1675
-60.640595636826376,-32.94292722258936,-60.63928456204966,-32.94181697732664,7238
-60.71015231732256,-32.88493136572352,-60.70908408293596,-32.8840300342403,7301
-60.68256977843733,-32.93014015370348,-60.68150102182471,-32.92923884626024,5831
-60.71834328781443,-32.879501768695924,-60.71727511244312,-32.87860043126795,Avenida del Deporte y Jeannette Campbell
-60.65518090765482,-32.95557155470041,-60.65260966069415,-32.95417545975471,1245
-60.621484372848826,-33.01609562772672,-60.62041462742093,-33.015194372236735,Vélez Sarsfield y Cervantes
-60.68709299367207,-32.99880505018925,-60.68602340659009,-32.99790374977444,6473
-60.75751809234459,-32.927808277426706,-60.75644930790898,-32.92690692253726,2942
-60.72936386352076,-32.874767172495176,-60.7282957367355,-32.873865827468734,3904
-60.64548664949569,-32.973775002075016,-60.644189750617564,-32.972726397633835,Gaboto y Sarmiento
-60.692671981878135,-32.913437458128705,-60.69160341838261,-32.91253614183504,9142
-60.71997175256758,-32.80669543577767,-60.718713549265246,-32.80575046339225,Avenida San Martín y Avenida Francia
-60.69553883805329,-32.96290296112044,-60.693398632650904,-32.96170637746685,3521
-60.63690856573152,-32.975449556917184,-60.635699335559025,-32.97441744308733,8223
-60.668063553192745,-32.92685754929194,-60.666994847070896,-32.92595625067175,1121
-60.676188712075,-32.925270784542555,-60.67469868553876,-32.924295115752045,7873
-60.720883842391274,-32.88844246884977,-60.71981555786608,-32.88754113111408,3305
-60.7878082533242,-32.92875464073326,-60.78462965035419,-32.92765726063243,Parada 3
-60.718967414199795,-32.810418483529574,-60.71758198141543,-32.80905121665074,Avenida San Martín y Pueyrredón
-60.69878366799873,-32.879565299803325,-60.69682382724557,-32.87842370118887,1493
-60.67268402555099,-32.96786476369993,-60.67132517267378,-32.96669273626072,4335
-60.62944902475482,-32.99585988125419,-60.62807357273487,-32.99463631877803,8119
-60.71350016589592,-32.93631522657456,-60.71215693200215,-32.935135673432555,3342
-60.675228222815846,-32.937983450788515,-60.67415937744711,-32.937082149175154,9185
-60.80547634832633,-32.900942494031725,-60.804407851921574,-32.90004110593237,Tucumán y 20 de Agosto
-60.658869111317465,-32.937108745590876,-60.65780028894728,-32.936207454372784,5113
-60.646920960580836,-32.97927393868136,-60.64585163968569,-32.978372661282236,9531
-60.69649724358083,-32.87348906222554,-60.69542915667913,-32.87258773773827,8128
-60.726703982484324,-32.9280594678179,-60.72563521777273,-32.92715813214597,Apeadero Km 9
-60.67285515616682,-32.92704885081679,-60.67178644409629,-32.92614754914693,1522
-60.78342655785684,-32.853829790725236,-60.78235864239315,-32.852928409238835,Garita 7
-60.6787265927939,-32.93000246901604,-60.67343033080273,-32.92759385335031,4926
-60.644928013442744,-32.971500955540286,-60.64362428583836,-32.97041334432359,1150
-60.78361358212764,-32.924526985683265,-60.78254481812296,-32.92362561428078,Garita 3
-60.77310670223736,-32.994931377381995,-60.77203709801504,-32.994030022581974,Urquiza y Avenida 9 de Julio
-60.70036259410069,-32.88167166286186,-60.699294406158906,-32.88077033710194,9051
-60.65536671131206,-33.00373173964924,-60.654297088953726,-33.00283046031435,2118
-60.64932897997688,-32.965741040439156,-60.64825982028924,-32.96483975952443,4128
-60.648617405086405,-32.956735836099575,-60.64700225509855,-32.954635477383604,5644
-60.70507487060507,-32.894128563455745,-60.70400652965411,-32.89322723650804,2342
-60.63474659986348,-33.00315063299786,-60.633677000404624,-33.00224936696566,9052
-60.63775233456069,-32.942322538369346,-60.63668346570652,-32.94142126159423,8511
-60.68084284926457,-32.92539605349394,-60.67977415099761,-32.924494746469755,7762
-60.69869412485104,-32.9534674571527,-60.6976250754094,-32.952566142811065,3441
-60.673829579908364,-32.93093645084876,-60.67276082035467,-32.93003514911495,4877
-60.68253783230355,-32.93909985304667,-60.68146896795858,-32.938198546917036,4063
-60.71616894864081,-32.956331562468264,-60.71509985161767,-32.955430237495534,6157
-60.8712524858973,-32.91295108799605,-60.86979101395678,-32.91180841152084,Garita 1
-60.712893867471855,-32.94304726239546,-60.71182493278687,-32.942145937568355,7017
-60.64691228060723,-32.938322596239736,-60.64557981905462,-32.93723470351707,8620
-60.65172637455766,-32.98128654009305,-60.65065702570833,-32.98038525987055,3923
-60.729038533835215,-32.88543098301377,-60.72757056772589,-32.883224905571,7925
-60.68234447802508,-32.913445654836075,-60.681275922236836,-32.912544345127664,5400
-60.72314463676733,-32.88736486963743,-60.72207636348976,-32.886463530326466,5717
-60.72607241287483,-32.78692259714443,-60.72467828283145,-32.78555680303167,Avenida José de San Martín y Sáenz Peña
-60.727087602179616,-32.947936566503444,-60.72601859807755,-32.94703523346039,2047
-60.766230144905485,-32.90994937308791,-60.7647754838072,-32.90874304962312,Avenida Jorge Newbery y Saladillo
-60.683947031906065,-32.93894505350788,-60.68287816835588,-32.93804374645585,
-60.679493138620124,-33.014340948875805,-60.6775604597612,-33.01305037036417,3578
-60.67479354948498,-32.95906094912779,-60.6737244507782,-32.95815965083588,4777
-60.66398200874258,-33.00275934249869,-60.66291239152223,-33.001858057464915,5938
-60.73590148752971,-32.91166705508772,-60.7346525097305,-32.91074304501225,9276
-60.657467795036474,-33.01746913933543,-60.656398005229214,-33.01656786062816,3327
-60.876250919081706,-32.931981033729706,-60.874775687927176,-32.93034136655344,Bulevar Tierra de Sueños y Fortaleza
-60.70662091108435,-32.850742267072846,-60.70555308917426,-32.84984093289101,Parada Silvestre Begnis
-60.68511133705872,-32.93972845382295,-60.68404246320311,-32.938827146140774,7098
-60.662256843782934,-32.942736172637,-60.660960296403125,-32.94160051351525,7576
-60.66978133527029,-32.997123164325295,-60.66865096748587,-32.99609343552009,8712
-60.73647405009759,-32.984004567500826,-60.735302746643036,-32.982886332498026,1928
-60.641434045807735,-32.93944127166424,-60.640049883970924,-32.93825983927678,7040
-60.64903671651377,-32.93661515251358,-60.64782458455931,-32.93558774748711,5311
-60.652796127229905,-32.95675974221015,-60.65172707303573,-32.95585845775344,9473
-60.68380656480373,-32.9610372518683,-60.682737435458456,-32.96013594809541,7581
-60.72746173608442,-32.90661602224371,-60.725435888309896,-32.905547640785386,9442
-60.75667897857811,-32.90962904318546,-60.75509232083184,-32.908511656081366,Avenida Jorge Newbery y Álvarez Condarco
-60.68523936293024,-32.94402115355396,-60.684170437331616,-32.943119846409765,
-60.75995942256657,-32.90589677441861,-60.75851778102357,-32.90491212593029,Avenida Santa Coloma y Vicente Sierra
-60.80793155826075,-32.9176051629839,-60.806605243525574,-32.91605363633193,Presidente Perón y Pedro A. Ríos
-60.69803439605727,-32.965335256086554,-60.69696520420335,-32.96443394387718,3552
-60.677708382249115,-32.94770635088111,-60.67663941801363,-32.94680504908257,6605
-60.72329809885633,-32.947618465338124,-60.72222910140126,-32.9467171346257,5138
-60.69041248419752,-32.90520519053732,-60.688755852702656,-32.90325269071955,1315
-60.67281911029195,-32.95241692084561,-60.67071231221028,-32.951147085614636,1974
-60.66905456506817,-32.937802022010246,-60.66786463368404,-32.93689437800776,6762
-60.67481411903986,-32.95400224949959,-60.67374508122327,-32.953100950464105,2195
-60.72011109103555,-32.972611945982145,-60.718766112945055,-32.97133545412729,Avenida Presidente Perón y Calle 1712
-60.722662160952154,-32.797845620599595,-60.7213942398087,-32.79683887897797,Avenida San Martín y Falucho
-60.730454288115446,-32.88126430308028,-60.729226408911025,-32.879627996474255,7278
-60.648596931120906,-32.97427803958551,-60.64752766914536,-32.97337676037807,5044
-60.68885750367226,-32.97562612318773,-60.6874060971571,-32.97454317604004,2357
-60.668736360930666,-32.970493366941284,-60.66746411737987,-32.96913893623089,2227
-60.68842660887341,-32.88488395883674,-60.687358391387576,-32.88398264112704,6921
-60.820705764022534,-32.93150512260142,-60.81947073338957,-32.93037797744258,Miguel Galindo y Rioja
-60.696315157029076,-32.886152141727685,-60.69462388277924,-32.88382320879015,Bulevar Rondeau y Ricardo Nuñez
-60.63662108041416,-32.9500162374456,-60.63555211985325,-32.94911496251796,6221
-60.72846299803663,-32.91389846939072,-60.727394402220085,-32.91299713057316,5648
-60.76178608330728,-32.92604497887202,-60.760717316945794,-32.92514362109194,3701
-60.7026609792692,-32.87905476377878,-60.70159282099013,-32.878153436185016,2660
-60.79424536883713,-32.92389449054483,-60.79275853211308,-32.92280470857696,Garita 6
-60.804658984308794,-32.92362769214759,-60.803590215939415,-32.92272630781652,Houssay y Jujuy
-60.65391935482438,-32.96127154224776,-60.652850245441165,-32.960370257715844,9097
-60.6910820897164,-32.88152305992475,-60.690013910544224,-32.88062174003903,4223
-60.66188776170736,-33.011668241180416,-60.66081803855776,-33.01076695878319,6658
-60.65458340706373,-32.969903241839276,-60.65351419320182,-32.96900195812435,3030
-60.62606618275052,-33.03399582793387,-60.62499621751886,-33.033094572029576,
-60.643439036671076,-32.93618075712309,-60.64241146199777,-32.9352934426861,Roca
-60.63502353913983,-32.99772291012909,-60.63361195637546,-32.996335890061864,8269
-60.680868746720606,-32.9154047885934,-60.67971814879482,-32.9136459112151,3421
-60.71782459173839,-32.9450955586462,-60.71636018773291,-32.94331926948338,7557
-60.685299218490385,-32.903346256508,-60.68423078177112,-32.90244494345574,5036
-60.67473779196836,-32.99539368987829,-60.67349760486269,-32.99422611018491,8095
-60.63205571399257,-32.97249433433415,-60.63098648627555,-32.97159306562939,4543
-60.65540228316494,-32.949272443593365,-60.65433331710034,-32.94837115637026,6988
-60.62932481630178,-32.95644793460077,-60.6282557839665,-32.955546665362775,6580
-60.633512449904764,-32.96176003558449,-60.63244335036311,-32.96085876437905,4757
-60.802551583027636,-32.92354039151582,-60.80148281722081,-32.922639008448265,Houssay y Julio Roca
-60.87831790322901,-32.936771604314444,-60.87723689576753,-32.93563849561625,Bulevar Tierra de Sueños y Amistad
-60.710624822692964,-32.901853145293444,-60.70931107978583,-32.90091665483255,3621
-60.64295898435547,-33.0000545358943,-60.641889415911706,-32.99915326406925,2324
-60.66138989370852,-32.950643645427014,-60.66032090655611,-32.94974235453662,8992
-60.72313716330202,-32.89178766931609,-60.7220688369551,-32.890886330647774,9759
-60.622858913277334,-33.027137623364595,-60.62077005552587,-33.02584000331814,3358
-60.75874617581682,-33.002688792371146,-60.75738012269745,-33.00170780690945,Santa Fe y Martín Miguel de Güemes
-60.69310919590233,-32.89567011904944,-60.69137960024467,-32.89433331706964,Plaza Almirante Brown
-60.69719706655567,-32.92360338598078,-60.696034134193376,-32.922348713732866,2813
-60.63118953100955,-32.97537443384341,-60.63012026925871,-32.97447316612011,2920
-60.701383829082175,-32.87463892845449,-60.69930927111306,-32.873725871351304,6100
-60.70718330623456,-32.92056268360337,-60.70552269749088,-32.91953411702532,3876
-60.706997234382975,-32.91628722391571,-60.70567026407414,-32.9153235754021,9609
-60.704430558040684,-32.88364443198719,-60.70315724135227,-32.88222046697073,5567
-60.6445433711824,-32.964586438970315,-60.64347422908424,-32.963685160993265,6410
-60.68493557091206,-32.92873945455991,-60.683866829349704,-32.927838145403825,4960
-60.68392807414772,-32.95624625188756,-60.682701123124716,-32.95511714815788,6626
-60.63231350430993,-33.004043632139705,-60.63124389595846,-33.00314236782383,5001
-60.629687095719156,-32.969613233768655,-60.62861790454922,-32.96871196619484,7223
-60.67921965866918,-32.94369195165451,-60.67815074159336,-32.9427906483092,4278
-60.63599286701713,-32.964442536199506,-60.63492373325049,-32.96354126376405,4690
-60.6594922948888,-33.00074774119696,-60.658422705376495,-32.999846458766655,4297
-60.65948431989703,-32.93849614568926,-60.658415480367694,-32.93759485427439,5112
-60.643061740069925,-33.00928113526115,-60.64199206019731,-33.00837986470241,3431
-60.68108272882996,-33.02448375128344,-60.679881567410945,-33.023302448752844,3999
-60.66670358996868,-32.94968504720718,-60.66563461029531,-32.948783752756476,9632
-60.679561654816716,-32.92640055301178,-60.678492945445626,-32.92549924695194,5419
-60.68999275075288,-32.9158198764152,-60.68844924802042,-32.91476162269361,5146
-60.6142504440818,-33.06095932615786,-60.612952354830405,-33.059978273382576,
-60.644736105738524,-32.986905137421246,-60.64366669452832,-32.986003862542304,7503
-60.71273583139404,-32.95367956157812,-60.711666768864795,-32.952778238385676,8440
-60.71375156878745,-32.82652107106906,-60.71268403147017,-32.825619728894836,Avenida San Martín y Florida
-60.80881337129683,-32.92121499357776,-60.80774462895089,-32.92031360638637,Presidente Perón y San José
-60.6629820084852,-32.93637634696982,-60.661913191779085,-32.935475052993816,6403
-60.72778750965113,-32.9325110678361,-60.72671869060582,-32.93160973212778,4688
-60.7033356670178,-32.95970647626507,-60.70121513386879,-32.95877962405946,6529
-60.650233472970925,-32.93128214321942,-60.64916472729476,-32.93038085674419,8970
-60.63537857147582,-32.991658411002874,-60.63357117324225,-32.98788562380243,6951
-60.68553081271482,-32.897302507887986,-60.6838438866738,-32.89615189122454,1359
-60.63079913228026,-32.97301417568191,-60.629529267904296,-32.971982824051295,4083
-60.667990935993096,-32.95684260086758,-60.66580679928731,-32.95513325842913,7018
-60.71786884896884,-32.81859863994204,-60.715095729202794,-32.81265656603268,Parada 8
-60.64163872220814,-32.95196855884601,-60.64031136859965,-32.95079259994572,5771
-60.660094373168995,-32.96788000958271,-60.658623244856024,-32.96653969970528,5743
-60.66210399654283,-32.95459658650145,-60.65844425518801,-32.953097821961336,6728
-60.67675892854118,-33.004493622154826,-60.675294047267656,-33.0021840994637,5803
-60.66805219568182,-32.967158646379325,-60.666983004582185,-32.966257353584304,4404
-60.63185923013335,-32.96046295478826,-60.63032892686785,-32.958337965801036,1476
-60.70878454480435,-32.966905178022884,-60.707379958896205,-32.96561272212078,8306
-60.664681784056924,-32.94883084661829,-60.663612816207326,-32.94792955334535,4786
-60.629804589837654,-33.00180613148209,-60.628735010431,-33.00090486848142,9574
-60.68964311755903,-33.01917114953032,-60.688573282703004,-33.01826985043335,3788
-60.69827925330709,-32.95822045667794,-60.69721014695343,-32.95731914328582,
-60.66104169515386,-32.934282746495604,-60.65997290511064,-32.93338145346803,4298
-60.715127177670205,-32.9266262257242,-60.712580987937244,-32.92542058814782,7619
-60.708517083364505,-32.896039664406054,-60.70744871689428,-32.89513833555778,4670
-60.65915887890739,-32.988223691241096,-60.65800522305986,-32.98721230869832,8583
-60.72659747438597,-32.785084691545265,-60.72521922356474,-32.783882808435045,Avenida San Martín y General Salvio
-60.64118348264938,-32.99792451232625,-60.63963475294972,-32.996509613244505,1261
-60.665935589046676,-32.96897450235598,-60.66466101317494,-32.96785649768625,2704
-60.699699723232214,-32.927695182546636,-60.698371575456044,-32.926716216861315,3634
-60.6323071012278,-32.95601900935627,-60.63103429782368,-32.95494129057066,7502
-60.85709140042076,-32.92079947351708,-60.85571450273666,-32.919838926715876,San José y Las Carretas
-60.728864891727,-32.91590864132436,-60.727496106251095,-32.91496205885309,2185
-60.69616512354278,-32.95340825635429,-60.69509607671793,-32.95250694360948,9955
-60.677858620968756,-32.937510251665124,-60.67678977929388,-32.93660894829858,9879
-60.63564585623397,-32.979274235015495,-60.63457654403381,-32.97837296494803,8068
-60.71040393797142,-32.97152655256736,-60.7084981667873,-32.970423248455766,2956
-60.67433502149099,-32.951901766750645,-60.67289580499998,-32.95073251827903,4164
-60.759851850885745,-32.93130483378815,-60.75871464934411,-32.930139065645136,2677
-60.68731218026273,-32.896851557618454,-60.68624381999847,-32.89595024234531,8532
-60.69548718800002,-32.96415665536296,-60.694418012260876,-32.963255344600775,2492
-60.65718907022737,-32.98022044193618,-60.656119730037986,-32.97931915802742,4433
-60.6663408319482,-32.923432248985115,-60.66527216831562,-32.92253095097853,City Tour Puerto Norte
-60.65732000423624,-32.95265164396897,-60.65625099602887,-32.951750355994655,6778
-60.68075126871014,-32.92863675323083,-60.67968253155209,-32.92773544673289,6336
-60.72819917895216,-32.93140177069483,-60.72434779727037,-32.92997380392769,Av. Eva Perón y Rodo
-60.73287958613179,-32.966994242122176,-60.72894644558817,-32.96583034365811,7756
-60.699730317225395,-32.91610147502141,-60.69687771452357,-32.91505597616357,3289
-60.66110724992642,-32.93810485740391,-60.65976625167032,-32.936974142612755,7049
-60.785026449859245,-33.00210738051271,-60.78395675039187,-33.00120601945128,Avenida Córdoba y Batalla de Salta
-60.72563365340893,-32.96151405042675,-60.72447174359935,-32.96042274956296,2260
-60.64678905653538,-32.99519793748847,-60.6457195437313,-32.994296662475094,5544
-60.6287518167457,-33.02289752961422,-60.62768198352325,-33.02199627034926,
-60.63853320266685,-32.98679243541296,-60.63746379760069,-32.98589116455058,2400
-60.671329152801,-32.97792944484218,-60.66851567988758,-32.976617758169674,2500
-60.645363253740534,-32.96163753944935,-60.64429414652599,-32.96073626051421,8376
-60.695189923321095,-32.88686726084564,-60.69412167693913,-32.885965939118165,8921
-60.63653666787985,-32.954870097294084,-60.63550281341586,-32.95395426267697,9590
-60.70763275074252,-32.957211059712456,-60.70656364951692,-32.95630974025134,7494
-60.625483104769366,-33.02594111289301,-60.62402529231129,-33.024959887439934,
-60.65139402841685,-32.97902101750127,-60.64988332400715,-32.97775950118867,6321
-60.6635255315472,-32.947848151982996,-60.66222637146453,-32.94666874808212,6145
-60.67864118021779,-32.99875353447141,-60.677145205447474,-32.997389634539026,9387
-60.649054472908894,-32.964584940433674,-60.64798532735723,-32.96368365952992,9523
-60.73426838675613,-32.75936063864512,-60.73301531314696,-32.758453561320344,Avenida San Martín y Porteau
-60.70670480449487,-32.89967296357129,-60.70563639576417,-32.89877163639251,9425
-60.63240855359867,-32.94583043637419,-60.63133964666917,-32.94492916358937,7635
-60.68120130747507,-32.944805685101244,-60.67959905209407,-32.943577691476634,8389
-60.63982325982297,-32.963002237550626,-60.6387541404442,-32.96210096241291,8908
-60.66956490780804,-33.00225134433093,-60.66849529245611,-33.00135005563272,7410
-60.63044084462725,-32.961081034630894,-60.62937175564094,-32.96017976533262,6950
-60.63877319477099,-32.952263737984154,-60.637704205496206,-32.951362461979414,1629
-60.63688457135722,-32.946071651726335,-60.6352947962808,-32.94436262875542,City Tour Ex Aduana
-60.6859605279371,-32.963944129430146,-60.68445177851789,-32.962354570873714,5589
-60.85275223230406,-32.92068011178257,-60.85056220502366,-32.91965756585909,San José y La Taba
-60.70135965850084,-32.875672763610446,-60.70029154175861,-32.8747714363534,9328
-60.71041072623046,-32.886400165699165,-60.70934247402806,-32.88549883426468,8342
-60.642790415901196,-32.93889734025528,-60.64172158436543,-32.93799605970831,7253
-60.63446895052037,-32.99498883349691,-60.63339944974769,-32.99408756646664,8494
-60.653375041387065,-32.95907444223033,-60.65230595887855,-32.95817315773328,6882
-60.86245737990656,-32.91949050970747,-60.861388620335106,-32.9185890902568,Julio Maiztegui y Miramar
-60.627707149406774,-32.955366811815345,-60.626388450640526,-32.95430368787508,4709
-60.637021202712624,-33.000927821379214,-60.63569668970182,-32.99816402991993,9947
-60.76698597279413,-33.00699537462891,-60.765916227459044,-33.00609402533502,Santa Fe y Alberdi
-60.702790490235486,-32.893774734313716,-60.70070168589237,-32.892278517540184,3063
-60.626151257488274,-33.029809428264265,-60.625081342781044,-33.02890817169919,2641
-60.69463624304264,-32.956743355627815,-60.693567157218276,-32.95584204433592,8220
-60.64846809088227,-32.93437384242429,-60.64739930938365,-32.9334725575393,5745
-60.75640701431952,-32.91489297801512,-60.75533838593405,-32.91399162194883,5929
-60.64643450987231,-32.95428224032795,-60.64536549039404,-32.95338095963563,6806
-60.643457976649366,-32.96556363854727,-60.64238882361743,-32.964662361416295,4276
-60.64226751506825,-32.95541203889336,-60.641198485198565,-32.954510761070225,6752
-60.65236082241108,-32.98918413972799,-60.65129137785489,-32.98828286023558,7300
-60.68910844668256,-32.89114305860258,-60.68804015357838,-32.89024174136117,Álvarez Thomas y Baigorria
-60.648267323796205,-32.97308333956494,-60.64719807647011,-32.972182060398644,7107
-60.616023133823056,-33.00018151642977,-60.61479880610611,-32.999253442639166,3128
-60.687126520411034,-32.925494448802255,-60.68571228079644,-32.92444945035282,3316
-60.64712557034557,-32.93405111529662,-60.645722932937204,-32.93308268497824,9705
-60.63657128163315,-32.966832336215425,-60.63550211863443,-32.96593106374812,6416
-60.64197480806456,-32.95426723888086,-60.64090579220227,-32.95336596108271,8968
-60.651895537669304,-32.94193424298885,-60.65082666259631,-32.941032956974766,6226
-60.70882170560856,-32.91637756303512,-60.70775309465039,-32.915476236928704,2086
-60.64602472836343,-32.94076224117085,-60.64495587190284,-32.93986095879273,7604
-60.699989655587096,-32.891944062002835,-60.69892134467264,-32.89104273796096,Sarratea
-60.639553579293995,-32.966252737228224,-60.63848442097322,-32.96535146273535,7000
-60.64282089702302,-33.00216303569712,-60.64175130324417,-33.00126176426643,2225
-60.68784519590146,-32.899423357602856,-60.68677680435971,-32.8985220423609,9188
-60.67445537860351,-32.94730584986798,-60.6733864216596,-32.94640455009572,8257
-60.679180454634675,-32.97624164929201,-60.678111145628165,-32.975340350671694,5695
-60.664242680759806,-32.998104542918874,-60.663173119504926,-32.99720325704472,2602
-60.65984917006492,-32.99142536177458,-60.65868433467844,-32.9896742381441,4613
-60.729044389521476,-32.92908546847687,-60.72797561073531,-32.92818413148698,6893
-60.68989286947182,-33.00224096346737,-60.68847172969992,-33.00131003659846,4920
-60.6572964044881,-32.98589744156084,-60.65622699577729,-32.98499615840275,5026
-60.76820901626737,-32.99755327568749,-60.767139383985615,-32.99665192427646,Avenida San Martín y Doctor Chiavarini
-60.769373687009235,-32.907657544555455,-60.76821020954055,-32.9065291554331,Mensajería y 16 de Enero
-60.72184352047772,-32.951753798519135,-60.71968453473196,-32.94970154376824,3339
-60.801061529006944,-32.914639891706585,-60.799992871241585,-32.913738508257524,Buenos Aires y Belgrano
-60.75382149118837,-33.01629000965607,-60.75267620845515,-33.01506878990815,Estanislao López y Venezuela
-60.644442826872506,-32.95267014733525,-60.64312817454214,-32.951563752673856,6800
-60.63417737019363,-32.97592194839152,-60.632951030802296,-32.974887951606455,3845
-60.80546222576113,-32.91383669309716,-60.804393574486916,-32.91293530686695,Buenos Aires y Tucumán
-60.69140250677953,-32.93429855621958,-60.690333693481534,-32.933397243744174,2624
-60.64903878608204,-32.93551743017073,-60.64771191487971,-32.93449456923604,6981
-60.705211917756394,-32.88531206413496,-60.70414368250271,-32.88441073582886,6636
-60.674557565341985,-33.00430373847261,-60.67296903806711,-33.003297462041786,4216
-60.665150721506045,-32.955023446322215,-60.66408167875818,-32.95412215364143,1821
-60.69611757080879,-32.87805396177582,-60.695049429451245,-32.877152638187965,7065
-60.73820081468799,-32.91606977227667,-60.73713218556767,-32.91516842768725,7677
-60.63700080313186,-33.0201143325068,-60.63593099713615,-33.01921306745671,Avenida Filippini y Bulevar San Diego
-60.71971044460805,-32.88888476844913,-60.71864215564944,-32.887983431514726,2775
-60.64289664424117,-32.968359137843976,-60.641152058811144,-32.96734606276692,4074
-60.6794077199128,-32.937236952180534,-60.67833888034965,-32.93633564778316,1652
-60.75784067724249,-32.99171217291233,-60.756771123011596,-32.99081082705158,
-60.646413853887516,-32.987164943118366,-60.64520568549624,-32.98570511559283,9525
-60.70743293652573,-32.971467558619935,-60.706363663733875,-32.97056624134385,3349
-60.72963025086245,-32.8895812192914,-60.72797774657669,-32.88857528111536,3459
-60.69107895708973,-32.92434228635849,-60.688471634744,-32.92248614638183,4461
-60.69204725794189,-32.942764455813716,-60.6909783423192,-32.941863144150034,7866
-60.65091328724858,-32.98344383967401,-60.64984391301751,-32.982542560289566,3794
-60.639369017671534,-32.97263573670728,-60.638299782595766,-32.971734463256254,5629
-60.72312749126864,-32.796236076199406,-60.72206030898765,-32.795334723764526,
-60.6704189184708,-32.93756514927597,-60.669350081792686,-32.93666385068771,1882
-60.65048917731084,-32.94861284205146,-60.64942022295499,-32.947711557912115,8844
-60.81202515439601,-32.92403473260328,-60.81089754568898,-32.922876966942546,Yrigoyen y Houssay
-60.65560602178275,-32.93905654439656,-60.65453717848242,-32.93815525556708,6231
-60.759835353262865,-32.93509224063505,-60.75845964156958,-32.93403809377858,
-60.70064462233447,-32.86520016352103,-60.69944057613654,-32.86376793596599,
-60.696158519510064,-32.89241640560422,-60.69246495479127,-32.89091070224388,1262
-60.73987783171166,-32.91991146404158,-60.738723568744255,-32.91873373518844,6575
-60.71947435124946,-32.9932945329891,-60.718018949100205,-32.99217086673136,Avenida José Uriburu y Calle 1912
-60.62847376672763,-32.98059172538744,-60.6271764349596,-32.97962227378405,9837
-60.83412423128976,-32.91834561295544,-60.83279916736432,-32.91736908643935,Garita 13 Bis
-60.75659326724988,-33.02326967024644,-60.75552333300463,-33.02236832971746,2188
-60.630313979357986,-32.95369307065272,-60.62914442363803,-32.95261312925117,7481
-60.74119821167289,-32.8740006655755,-60.740053889091946,-32.87277293420885,Calle 1326 y Liliana Gómez
-60.69920289553751,-32.96517595646875,-60.698133704722956,-32.964274643495,5943
-60.656744027721594,-32.93997144469818,-60.655675172543454,-32.93907015526543,8870
-60.64086925318231,-32.97843313677667,-60.639799947084875,-32.97753186318688,2328
-60.68314025465113,-32.94277705297369,-60.68207134561094,-32.94187574699002,7476
-60.628647300792906,-32.970522433363236,-60.6275780994756,-32.969621166600305,9713
-60.76505876300099,-33.00548937414428,-60.76398903725241,-33.00458802581967,Santa Fe y Avenida 9 de Julio
-60.67869608315742,-32.9644068499916,-60.67762691710536,-32.963505549972105,3695
-60.71947991718919,-32.95410436105169,-60.71743668457721,-32.953132339463444,2441
-60.6247445805896,-32.96557982659892,-60.62361071825009,-32.964682573381346,4369
-60.66448300158441,-32.936404302723474,-60.66319890107392,-32.93525599732892,7449
-60.697823350986276,-32.882791913912975,-60.69555993108162,-32.881176321222114,3026
-60.6779180093661,-32.92255711381639,-60.67617879458718,-32.9215091869226,Avenida Carballo y Estrada
-60.657786389322375,-32.96675404310145,-60.65671721094279,-32.96585275686217,6005
-60.68009803956611,-32.985118102325735,-60.67816617266941,-32.98387758661672,2786
-60.68410686229399,-32.92278675402033,-60.68271383766194,-32.92171074568467,9702
-60.71847196652605,-32.81176161563004,-60.717180834131526,-32.810739283939185,Avenida San Martín y Chubut
-60.849717219025635,-32.91604360094613,-60.84848488378423,-32.915125999052755,Garita 15 Bis
-60.68738755011955,-32.9366898413679,-60.686255945304886,-32.93493845847451,3170
-60.73387916936695,-32.87617042542816,-60.73252963385258,-32.87521547476633,Elsa Massa y Forteza
-60.813846171685505,-32.90433399631425,-60.812777628561506,-32.90343260364989,Suipacha y Alsina
-60.717261349233986,-32.956362362809884,-60.71619225102438,-32.95546103715396,2993
-60.63865017560532,-32.98229573577578,-60.63758082466215,-32.981394464187744,4992
-60.687306744302425,-32.924163455646394,-60.68623805595904,-32.92326214431732,3671
-60.70521050497877,-32.89984686308622,-60.704142095280446,-32.8989455368776,6960
-60.67958230987525,-32.918921253558054,-60.67851369038703,-32.91801994640567,9545
-60.653701915342594,-33.009476861061025,-60.6523701836565,-33.00847823845595,6207
-60.700976548224624,-32.95720775760635,-60.6999074520356,-32.95630644235742,2613
-60.724918445871666,-32.95532996528978,-60.723849354385806,-32.95442863467408,2689
-60.85508658446162,-32.920677607446144,-60.85401781578088,-32.91977619251812,San José y Cimarrón
-60.63349354899426,-32.97821103439051,-60.63242425127377,-32.977309765573025,7689
-60.80576873772973,-32.899159994248784,-60.80470026251813,-32.89825860571535,Avenida Obeid y Tucumán
-60.87406120855772,-32.912354318604656,-60.87267069473701,-32.91138788165427,Garita 3
-60.65722129760756,-32.96816554281706,-60.656152102657686,-32.96726425714653,6939
-60.65618441311747,-32.93757894469008,-60.65511558714762,-32.93667765527356,9786
-60.64886437650058,-32.981791339129636,-60.64779502376573,-32.98089006083395,2833
-60.652822502652555,-32.9858775401162,-60.65175309761335,-32.98497625984739,2173
-60.643959021172904,-32.972923138178636,-60.642889779093885,-32.972021861784945,8100
-60.677079848627606,-32.991966247484015,-60.676010351635625,-32.99106495247963,Avenida José Uriburu y Suipacha
-60.692406263813396,-32.877120460663555,-60.691338136447044,-32.87621913930025,9841
-60.6544230721782,-32.98072004100634,-60.65335372808748,-32.97981875895725,6184
-60.728348232288624,-32.91960636894294,-60.72727956796814,-32.91870503102093,2482
-60.649723720056606,-32.95598970909134,-60.64840861441643,-32.95401006404012,9323
-60.708544643552855,-32.845148430189475,-60.70699709613097,-32.8433504346138,Avenida San martín y Chile
-60.63486044441215,-32.99395093369951,-60.633790955855844,-32.99304966626402,6589
-60.67147819706023,-32.96342497061169,-60.66990502644454,-32.96096384822969,6449
-60.638964665413496,-32.96398563720026,-60.63789553485378,-32.963084362763304,7307
-60.727691832010464,-32.94125237378106,-60.726292728404864,-32.93959571048304,4696
-60.645431885869314,-33.000147536690584,-60.644362314397554,-32.999246263272966,3443
-60.70502698540869,-32.91888110552736,-60.703879811099924,-32.91776289444025,7877
-60.747862452442625,-32.98685325750286,-60.74664645039212,-32.98574584247988,
-60.680190219624556,-32.98696044884085,-60.679120780638264,-32.98605915112284,4752
-60.65677847148694,-32.95046445730178,-60.655476629114624,-32.94940054262541,6912
-60.63738800749266,-32.963482952664194,-60.636041392216576,-32.96238974706243,7707
-60.66664225938881,-32.94591269005621,-60.66432583572711,-32.944828655130834,1738
-60.64596190214533,-32.97037659470455,-60.64356258095487,-32.969239971460176,1180
-60.725526976455825,-32.960372365116534,-60.72445782380163,-32.95947103484731,3633
-60.62863231799241,-32.98175469089905,-60.62732008122484,-32.98065920896552,5805
-60.65434754104106,-32.940635121066634,-60.652979059418186,-32.93954447877733,9291
-60.6915349178366,-32.95901285731344,-60.688858329299265,-32.957702071544354,2549
-60.73381134477098,-32.96873247384563,-60.73265632899372,-32.96665975294853,5727
-60.73993768772105,-32.91729272303341,-60.73882160878367,-32.91620057688392,9016
-60.69212021355603,-32.88543225997319,-60.69105198670452,-32.8845309399906,4522
-60.626841834610595,-32.992840831161125,-60.6257723656583,-32.99193956880237,3574
-60.7146428541422,-32.95734006191488,-60.71357374611648,-32.956438738048945,9079
-60.68686606327786,-32.89404965767831,-60.685797736983375,-32.893148342285464,Avenida Puccio y Avenida Carrasco
-60.6571903726829,-32.94741664430498,-60.656121427582164,-32.946515355658654,5133
-60.64826751193918,-32.93788814210567,-60.64719868832681,-32.936986857857924,4454
-60.712904883848054,-32.83029367514399,-60.71152541421121,-32.82909772482196,Parada 16
-60.735614614357125,-32.91980385572522,-60.73446218562198,-32.91859454369819,9721
-60.662425183665384,-32.977801451207895,-60.660626454074595,-32.975598419103534,4409
-60.68097781743211,-32.923078885478176,-60.679137740936,-32.921229050459615,Estación Carballo
-60.6716634834728,-32.992022264395686,-60.67023961744402,-32.99088243547705,Avenida José Uriburu y Martín Rodríguez
-60.663739561956156,-32.99177242731202,-60.6623427391177,-32.990637772610405,Avenida José Uriburu y Vuelta de Obligado
-60.755076836116054,-33.020386083450106,-60.75281698780357,-33.01797047766496,Soldini
-60.68652900570821,-32.98425375106049,-60.68545959455386,-32.98335244890321,2064
-60.66783619282563,-32.96602053861118,-60.66640130676951,-32.96509936139159,1718
-60.73819960315734,-32.91415057241476,-60.7371309970983,-32.91324922754915,7661
-60.68029228027375,-32.947215151743265,-60.67922331998869,-32.94631384822046,8412
-60.62906894259625,-32.994021731804004,-60.62799945767241,-32.993120468159496,2868
-60.686803511533604,-32.98520285107948,-60.68573408872846,-32.984301548884225,4723
-60.63306189687376,-32.95297983607132,-60.63199290339407,-32.9520785638922,4950
-60.64089328661449,-32.98397853638402,-60.63982391365275,-32.98307726357953,3800
-60.68842228908227,-32.92155011347038,-60.68657580675595,-32.920453787332846,3451
-60.62258662270878,-33.02428132749652,-60.6215167775609,-33.02338007246693,
-60.71423736292709,-32.825510971294904,-60.71316983733043,-32.82460962866895,Parada 14
-60.634671374501615,-32.99895163327666,-60.63360182576647,-32.99805036668686,4491
-60.6671063087554,-32.964224553115336,-60.665073004126214,-32.96265999637084,1791
-60.669898265720185,-32.995253444943536,-60.66882873454389,-32.99435215502012,7390
-60.698325546735234,-32.95712595677165,-60.697256453525284,-32.956224643192115,4683
-60.684613147302365,-32.941462753538794,-60.68354425295955,-32.94056144642494,6252
-60.679244478488755,-32.996781047828996,-60.67817492177424,-32.99587975213466,7229
-60.75462065544905,-32.87384745209402,-60.7527251467549,-32.87269194576977,Ruta Nacional 34 y Av. del Límite
-60.67917002407642,-32.97117044965486,-60.67810077618637,-32.97026915030881,8245
-60.65343787937265,-32.96537874179551,-60.652368720893,-32.9644774581681,9237
-60.68585675274174,-32.94228875387598,-60.68478784752003,-32.94138744608775,6446
-60.669761346170745,-32.998982196904834,-60.668678950053966,-32.997416203010104,6251
-60.69299114698133,-32.907607358650814,-60.69192265327933,-32.90670604131295,7587
-60.65106424961249,-33.00368324117936,-60.6483809276265,-33.001407902385786,1206
-60.76084462541938,-33.00309344700671,-60.75951957583263,-33.002170353096304,Santa Fe y Estanislao López
-60.68160272424681,-32.95784419183593,-60.68011607644577,-32.956687707926264,1226
-60.70690025932637,-32.927912662156025,-60.704784457722425,-32.92688869109315,3218
-60.68305349084273,-32.92565442813693,-60.6812024722562,-32.92447288437937,4589
-60.6589766396826,-32.975038142887485,-60.65790736058251,-32.97413685707616,7095
-60.66709074453531,-32.94486464337849,-60.66454071030182,-32.9434630147763,5882
-60.65225478828877,-32.983530940101964,-60.65118541197717,-32.9826296598616,2913
-60.65000796037039,-32.94582814209661,-60.64893903989546,-32.944926857866996,6514
-60.69008186980179,-32.94176302405592,-60.68894443394842,-32.94064987573998,2857
-60.69579065512676,-32.875459161859084,-60.69472254513328,-32.87455783810469,7100
-60.712951112298136,-32.95142678896728,-60.71152252339209,-32.9495150833239,6404
-60.69579856717272,-32.92743535811248,-60.69472983308779,-32.92653404185131,6548
-60.8373566369621,-32.93050572935746,-60.83580606638488,-32.92950627110873,Av. Fuerza Aérea y Almafuerte
-60.63830364716751,-33.00912932635891,-60.63722525739764,-33.007488573568075,7717
-60.665843757061495,-32.95362157889209,-60.6633795010063,-32.95152894304802,7467
-60.63736967490762,-32.98226203536133,-60.63630032535999,-32.98136076460223,2859
-60.641474329528755,-32.946255731687685,-60.64041186993757,-32.945320268247286,9224
-60.6235686800573,-32.95854127191629,-60.6224980200859,-32.9575959280583,Parque Urquiza
-60.72185176337352,-32.9251804665035,-60.720783036884036,-32.92427913346032,7917
-60.64765920115221,-32.96987805267281,-60.6463652004611,-32.96877564735325,5446
-60.80753507378265,-32.921704793156174,-60.80646632646521,-32.92080340680794,Tucumán y San José
-60.652352015506956,-32.97144694100607,-60.651282784758855,-32.97054565895755,8759
-60.716539592199695,-32.91366546566424,-60.71547100805836,-32.912764134299614,2908
-60.63962597111276,-32.99100684318743,-60.63816887425726,-32.989411235775286,Avenida Uriburu y Leandro Alem
-60.764603919751146,-32.867875250340504,-60.76270848245103,-32.86671974752473,Garita 2
-60.64995942991626,-32.951617745864986,-60.648704770220014,-32.95059735403274,4035
-60.739321735790675,-32.936147371177185,-60.738252864465004,-32.93524602878671,8048
-60.70983228759398,-32.863313667181174,-60.70876431266439,-32.862412332782654,Granadero Baigorria
-60.67112579708578,-32.933964349762796,-60.67005700317759,-32.9330630502009,1014
-60.813917261562416,-32.902643896457604,-60.81284873868457,-32.90174250350654,Suipacha y Alfonsín
-60.646729920244084,-32.961755175702464,-60.64566667909717,-32.960793824172136,8424
-60.729081264505986,-32.881842746078746,-60.72788514197335,-32.879410497209165,2164
-60.65810612566505,-32.94881198349966,-60.65680907674014,-32.94766881655657,7163
-60.69270710964753,-32.93469365660611,-60.691638290613405,-32.933792343357645,6010
-60.65275905870644,-32.945376043019884,-60.651690141559094,-32.94447475694375,8255
-60.630983150685125,-32.962052234737904,-60.629914049583014,-32.96115096522564,5778
-60.679878011705505,-32.96907225003281,-60.6788087885572,-32.96817094993086,2897
-60.664271361447135,-32.94509924675551,-60.6632024388171,-32.94419795320814,9925
-60.64845745849974,-32.962230240410186,-60.64738834176644,-32.96132895955341,7848
-60.71347536482997,-32.89432207478907,-60.710893387708516,-32.89317588115325,6091
-60.69678227750146,-32.9789319547073,-60.6957129227594,-32.978030645256425,4510
-60.7086280183197,-32.885192665223386,-60.707559781939,-32.88429133474045,9749
-60.62827983354221,-32.962737823658045,-60.6269152664285,-32.9616476759795,6684
-60.61523363348296,-33.01042591200372,-60.61367794112209,-33.007298074848826,
-60.671072764358314,-32.945152148938305,-60.67000383590516,-32.94425085102537,8090
-60.805117773961854,-32.92187879241263,-60.80404902628631,-32.920977407551476,Catamarca y San José
-60.79033315407918,-32.852654332433374,-60.78880794578788,-32.85148176697115,
-60.764551817354025,-32.99795487453245,-60.763482182899374,-32.997053525431475,Estanislao López y Lavalle
-60.667343085176434,-32.970756225792584,-60.665120036884694,-32.96949242121885,2878
-60.70527212023528,-32.917386636587814,-60.70393361381991,-32.915371533309326,9568
-60.66034313305382,-32.94062894581235,-60.6592742672108,-32.939727654151284,5369
-60.65338642863506,-32.94702149360878,-60.65208397261146,-32.94592970638978,9408
-60.65988947075854,-32.94692514521159,-60.65882052950621,-32.94602385475204,1488
-60.81400305254715,-32.90113729659215,-60.812934547699804,-32.90023590337199,Suipacha y Menchaca
-60.8175411722036,-32.92084689623534,-60.816472428043134,-32.91994550372879,Alberdi y Córdoba
-60.73593137243442,-32.94082271757562,-60.73045715687778,-32.939586055904805,5377
-60.725697262783406,-32.92108348664073,-60.72417263354071,-32.920066613843716,2442
-60.626510780203205,-32.967241732901435,-60.62544162006548,-32.966340467062096,La Paz y Esmeralda
-60.71942438649656,-32.926682223174936,-60.71753581155296,-32.92567477717936,5444
-60.727727320956525,-32.93439486768128,-60.72665847930045,-32.93349353228256,5976
-60.68863104442438,-32.94073175487279,-60.687562155837085,-32.93983044509095,9691
-60.71341219349574,-32.93939919271209,-60.71205107846619,-32.93740626141833,8937
-60.812446163011096,-32.91961999478925,-60.81137743723619,-32.91871860517488,Sarmiento y Angelomé
-60.76935521547431,-32.997352476054516,-60.76828558477854,-32.99645112390941,Pérez
-60.69837808881391,-32.964111056284004,-60.697308911446655,-32.963209743679755,
-60.71972082521136,-32.95030510341496,-60.718573978985475,-32.94864989651191,7288
-60.72481743378731,-32.88397675202487,-60.72365056205191,-32.88278114797015,3100
-60.66415169050957,-32.98459551504053,-60.662651346842786,-32.98263853492899,7362
-60.69982291444378,-32.9712783910383,-60.698392886419605,-32.97013810881793,6325
-60.76314322378718,-32.90598907500499,-60.76170157980268,-32.90500442534389,Avenida Santa Coloma y Julio Irazusta
-60.631745721697115,-32.95367528601811,-60.630437276979904,-32.95255781392557,1175
-60.701394811408065,-32.971496051668446,-60.700202989393716,-32.97019704794327,Bulevar Seguí y Avenida Rouillón
-60.702317077212406,-32.88333462413239,-60.6989656388509,-32.881853459655076,9585
-60.67717191344972,-32.936303351532395,-60.67610308681299,-32.93540204843131,7903
-60.66596985964596,-32.93613845902308,-60.66468854290143,-32.93499824102671,5047
-60.64176877407528,-32.981842236822935,-60.64069942619183,-32.980940963140625,5335
-60.71462494945028,-32.89000786676783,-60.713556650807774,-32.88910653319603,2394
-60.66809913299471,-32.94012684834579,-60.66703026726905,-32.939225551617874,8055
-60.7363058532082,-32.877144241248246,-60.73492801932105,-32.87440143590941,Elsa Massa y Morrow
-60.68116037318671,-32.97919554971179,-60.68009102707595,-32.97829425025189,8226
-60.685380460151066,-33.026490047642675,-60.68431054011154,-33.025588752321006,2358
-60.71227689376612,-32.9164616677486,-60.71088810508395,-32.91545123162562,2607
-60.67276374351403,-32.97480074734046,-60.67169445674952,-32.97389945262319,9886
-60.63085278543474,-32.96783083427814,-60.629783614833485,-32.966929565685405,2359
-60.67612012006041,-32.95408934991177,-60.675051080202586,-32.95318805005192,5742
-60.65951218477035,-32.97739145335175,-60.657996114675875,-32.976298146037095,9981
-60.66830294116793,-32.95068357220768,-60.66676151035107,-32.948272625985595,1444
-60.64674716958792,-32.9725491112495,-60.645462731369946,-32.97154478823691,9279
-60.64851536656824,-32.95053982483115,-60.647244135665005,-32.949423375209804,5811
-60.63311889470627,-33.033692254642375,-60.63120290270565,-33.032655245857185,3082
-60.6670570329394,-32.991884180909594,-60.664045967363194,-32.990330112128,Avenida José Uriburu y Bulevar Oroño
-60.626854125512665,-32.95813713367104,-60.62578507475593,-32.95723586629247,4279
-60.627113802891465,-32.97096953282953,-60.626044597377216,-32.97006826713399,3107
-60.74825627853922,-32.90943487588352,-60.74718772171521,-32.90853352408041,Avenida Newbery y Alberto Bello
-60.651989216082214,-32.93833934327862,-60.65092038418335,-32.937438056685,6759
-60.646799933761244,-32.973678497061556,-60.64559456842333,-32.97261400292965,6304
-60.724770669466274,-32.892713669761825,-60.72370233079069,-32.891812330202065,2316
-60.65367023802593,-32.94188034356693,-60.65260136223948,-32.94097905639669,1939
-60.65585306981364,-32.98023674150344,-60.65478373045185,-32.979335458460156,6257
-60.63052058226855,-33.03363002941651,-60.62945061800032,-33.03272877054698,3355
-60.6913933950305,-32.91570705755819,-60.69032480523042,-32.91480574240556,9728
-60.6473488631323,-32.946457041189404,-60.64627993713385,-32.94555575877424,6303
-60.76085379167947,-32.91085307968053,-60.75978520857356,-32.90995172028345,Alejandro Gruning Rosas y Malabia
-60.66846120491545,-32.93543514880076,-60.6673923953482,-32.93453385116291,7157
-60.666061983113536,-32.948586547080076,-60.664993017150536,-32.947685252883545,7030
-60.68936453440893,-32.905741557631195,-60.68829606585212,-32.90484024233256,4580
-60.69645267145914,-32.948713027154675,-60.69493932891995,-32.947563272501384,1421
-60.68090468859102,-32.91348539617634,-60.67888511418614,-32.91246500455283,1442
-60.71387113932181,-32.945161743648406,-60.71177280328161,-32.943153157912164,6915
-60.64987228717,-32.96711423284494,-60.64823005090669,-32.96588857967825,1667
-60.70901749374075,-32.95986039574311,-60.706333493728465,-32.95865048590462,3653
-60.63877467837572,-32.95086455280014,-60.63693555030452,-32.94982223225712,9050
-60.708319075274844,-32.949005363789034,-60.706797908618896,-32.94788054346097,2700
-60.731755802480876,-32.88407523536869,-60.730402898298635,-32.883031464054014,Calderón y Avenida Salvat
-60.64531288207584,-32.9726810265518,-60.644124220598364,-32.971605073399594,9394
-60.64068640749153,-32.970861537263936,-60.63961719277562,-32.96996026269961,7088
-60.68951793306872,-32.97201275289703,-60.68844866719291,-32.971111447066676,4655
-60.726348238407965,-32.887439870636776,-60.72527996184875,-32.8865385293271,3058
-60.67219256211079,-32.944707749329794,-60.671123638152565,-32.94380645063391,7704
-60.72142642466713,-32.801797175358026,-60.72028467690215,-32.80049392451933,Fábrica Militar Fray Luis Beltrán
-60.7052184602113,-32.93360985072397,-60.70326504221904,-32.932608649900125,4784
-60.656655183010564,-32.932542345205626,-60.65558641725443,-32.93164105475802,7992
-60.697391512038315,-32.884848361690345,-60.69632328822163,-32.88394703827344,9345
-60.64675836256592,-32.99619973740616,-60.64568883770075,-32.99529846255741,7262
-60.65230048962181,-33.00033173890326,-60.65123091064429,-32.999430461060335,5058
-60.63409453791108,-32.95061920295733,-60.63281976186505,-32.94956879685491,8696
-60.6551286784828,-33.00965770013378,-60.653850523115345,-33.00869049911492,7738
-60.63794874860551,-33.011022233472445,-60.63687905166232,-33.01012096649109,3667
-60.693939624581645,-32.90381755922575,-60.69287117567886,-32.902916240738016,6780
-60.65832089113308,-32.933787145653646,-60.65725210913173,-32.932885854309994,7029
-60.62773647605232,-33.03278002856811,-60.62666652421685,-33.03187877139536,2639
-60.68331608522274,-32.954016930466224,-60.68212441107236,-32.95284566955986,7573
-60.6347603495253,-32.97821783480314,-60.63369105074258,-32.97731656516041,3394
-60.742300016905794,-32.91618697354511,-60.74123138334939,-32.91528562641879,7044
-60.67491186009096,-32.944200150238466,-60.67384294017206,-32.94329884972523,4285
-60.675571076438956,-32.94687565025659,-60.67450212382401,-32.9459743497071,8790
-60.63101345844723,-32.96333933465488,-60.62994434182092,-32.962438065308675,6020
-60.66962000196759,-33.001279844418804,-60.66855039829656,-33.00037855554482,2343
-60.7282019096643,-32.779797287064724,-60.72682088982445,-32.7786736126604,Avenida San Martín y Moreno
-60.66623574666787,-32.95913434637458,-60.66516665359628,-32.95823305358908,7032
-60.72760963760272,-32.93717006744412,-60.72654076265432,-32.93626873251972,3252
-60.651199456716576,-32.96175914133246,-60.65013034354931,-32.96085785863112,7187
-60.728647500425375,-32.88753814655764,-60.72670473688963,-32.88593821647525,Villa del Parque y Nicolasa Ciuni
-60.640248049979355,-33.01110273421489,-60.639178350288205,-33.010201465748665,3637
-60.629168927870964,-32.9609121750435,-60.62743686520833,-32.958806242729814,6569
-60.62659011867624,-32.95701853366543,-60.62552108159237,-32.95611726629811,8520
-60.71701756124387,-32.958372362588044,-60.71594843901453,-32.95747103737578,3015
-60.64097892999641,-32.94941948327249,-60.63971046904049,-32.94834401665984,7996
-60.68513396479901,-32.97755395109937,-60.68406463546318,-32.97665264886435,6423
-60.651193194320264,-32.98459913968121,-60.65012380594581,-32.98369786028237,9902
-60.711095137607074,-32.888564052247375,-60.70982296213892,-32.88751364757397,3074
-60.64760580515325,-33.00231584311641,-60.64628919283806,-33.00138015702148,6715
-60.67989711196384,-33.002288847639846,-60.67882748829917,-33.0013875523238,9231
-60.77829455481057,-32.85363168916959,-60.77722664543998,-32.852730310794485,Avenida 25 de Mayo y Los Arrayanes
-60.66300163800263,-32.94128274662207,-60.661932762261706,-32.940381453341615,5930
-60.6783196241153,-33.00440194698254,-60.6772499761479,-33.00350065298112,Avenida Arijón y Avenida Francia
-60.81990952702416,-32.92982619629943,-60.81884067322239,-32.928924803664685,Av. Fuerza Aérea y Galindo
-60.65648762663979,-32.97068972526219,-60.65524337536339,-32.96960377476218,4803
-60.64047999945219,-32.941782787049725,-60.63924250308285,-32.94067531296533,7962
-60.70138631157077,-32.980262195493715,-60.69999260458857,-32.97808789817134,3348
-60.630447245305554,-32.997586185256395,-60.628885350803415,-32.996156214832446,6441
-60.67261139412156,-32.98600461671893,-60.671279309155054,-32.98505418344673,9878
-60.651216641772635,-32.99246783912047,-60.65014715849353,-32.99156656084311,4309
-60.75733899188544,-32.92665549579044,-60.75611881215304,-32.92545550415606,4134
-60.67132505521744,-32.92698775033018,-60.670256345045836,-32.92608644963348,8515
-60.64782882043681,-33.00017138935041,-60.64643309407128,-32.998378707149755,9943
-60.72726708841784,-32.782864429388624,-60.725910008748954,-32.78162967068022,Avenida San Martín y Belgrano
-60.77531329111552,-32.90988128419935,-60.774244709135886,-32.90897991576467,Avenida Newbery y Alberto J. Paz
-60.66690896791572,-32.96262054633942,-60.665839832348404,-32.96171925362424,4553
-60.67558930604608,-32.951794449907375,-60.67452029421693,-32.95089315005631,5609
-60.67931831337885,-33.01633026751693,-60.678026483096296,-33.01509913258551,3668
-60.81002263992261,-32.89927149552619,-60.80895416032479,-32.898370104437944,Avenida Obeid e Yrigoyen
-60.67901493894688,-32.909279650392165,-60.67755416219395,-32.908109349485706,Parque Leandro N. Alem
-60.75271601609385,-32.941197172329765,-60.751350390754205,-32.94014142031333,9171
-60.690679849351724,-32.943162091926105,-60.689398750550474,-32.942113207853076,7856
-60.63026935935817,-32.96573781025147,-60.62896374060468,-32.96467798947874,6039
-60.632742989622116,-32.97496895748853,-60.63155481256136,-32.9739185424839,8952
-60.667735150793995,-32.94310884801355,-60.666666249469834,-32.942207551950105,8719
-60.63440440638974,-32.94766656557154,-60.63290731196453,-32.945572387455705,7313
-60.72309197342052,-32.88947394915426,-60.72192862982683,-32.88837995072639,3094
-60.6330436080988,-32.971452534731746,-60.6319743921692,-32.970551265231784,5634
-60.73571346020656,-32.917951259925395,-60.73450674350163,-32.91630053992777,3886
-60.72593571545388,-32.91695376837848,-60.72486708480314,-32.916052431585385,2023
-60.641839735644695,-32.97546063730683,-60.64077046462235,-32.97455936265671,7104
-60.688190681450976,-32.93028775548622,-60.68712191881043,-32.92938644447752,3767
-60.68669279258322,-32.932233454868324,-60.685624007678356,-32.931332145095425,Ludueña
-60.69780999958022,-32.913031047009326,-60.69607106876221,-32.911950875194016,Sorrento
-60.641179194334725,-32.98524093638581,-60.64010980593248,-32.98433966357774,3858
-60.63863170182863,-33.003227434257894,-60.63756209843904,-33.00232616570562,2579
-60.724304657712686,-32.89078386975482,-60.72323634254429,-32.88988253020904,7844
-60.67576982516204,-32.941018758995185,-60.66973270721614,-32.93757707168984,Terminal de Ómnibus Mariano Moreno
-60.677374590376495,-33.00696806038545,-60.67595181471077,-33.0055551398089,5964
-60.63849310178775,-32.95344753780752,-60.637424098479464,-32.95254626215603,6700
-60.64140095359915,-32.973400506811096,-60.64024494946924,-32.97232749306347,7437
-60.645841973960124,-32.99821887505588,-60.64428238791553,-32.995405341262135,3493
-60.690630165442535,-32.92747165646641,-60.68956143481858,-32.92657034349733,8191
-60.6732107714764,-32.93370096005998,-60.67132042388528,-32.932735072190056,Parada Cruce Alberdi
-60.69265825464315,-32.896889487734214,-60.690936241834955,-32.89583891287559,6307
-60.71998949939105,-32.92097707132694,-60.71862607479502,-32.919753548436105,2515
-60.655629894035435,-33.01742003874531,-60.65456010623045,-33.01651876121827,3708
-60.6681953620696,-32.97816884563031,-60.667126038194496,-32.97726755433332,5190
-60.668702069254095,-32.99591494451144,-60.66763253101011,-32.9950136554522,5708
-60.725850330838085,-32.91951936816658,-60.72478166941899,-32.918618031797266,3308
-60.680903672604686,-32.9459020520335,-60.67983472765769,-32.9450007479302,7691
-60.68994260090151,-32.88345955942236,-60.68887439935929,-32.882558240541435,9239
-60.62547033355351,-32.992753830718634,-60.62440086671557,-32.99185256924484,3781
-60.64564660603453,-33.00347613651982,-60.64457699423236,-33.00257486344373,7028
-60.710556331728085,-32.9163848169904,-60.70920217167273,-32.91542588321621,9736
-60.702046591462505,-32.88112636343481,-60.7009784087969,-32.880225036528984,3042
-60.72409402962234,-32.95404087480346,-60.72237577076181,-32.952818924094856,3630
-60.72708185617509,-32.89035567065638,-60.72601354408156,-32.889454329307505,Nuevo Alberdi
-60.74254659146098,-32.94089129216203,-60.74111090758143,-32.939851907208315,Mercado de Concentración Fisherton
-60.681065687690634,-32.992278245291416,-60.679590313333485,-32.991108454550634,Avenida José Uriburu y Crespo
-60.65177897079625,-32.964060341353914,-60.65070982946958,-32.963159058609655,9875
-60.70954299520758,-32.947865360990484,-60.70847400505157,-32.94696403897331,8099
-60.68627852638762,-32.90459985672998,-60.68521007387377,-32.90369854323377,9743
-60.64728763072863,-32.95769244035849,-60.64621856953765,-32.95679115960508,9165
-60.652676885091374,-32.949766242676404,-60.651607915174225,-32.948864957287206,6811
-60.686543961728944,-32.94373945399045,-60.685475038532765,-32.94283814597327,6602
-60.7332298265664,-32.92125374241207,-60.73189037676354,-32.92029995776869,6126
-60.623562942502986,-33.02749542758414,-60.622493057766604,-33.02659417237933,3356
-60.69937898018627,-32.86273136391558,-60.69831102007327,-32.86183003604824,
-60.72172347211199,-32.926642166357766,-60.72065472814558,-32.92574083360611,4889
-60.694170786389016,-32.94865484776259,-60.69272551483298,-32.94748785214248,1354
-60.65454249942936,-32.96863844191738,-60.6534733008362,-32.96773715804626,1477
-60.68151617683769,-32.94712467864375,-60.68036352321275,-32.945920620754876,1927
-60.76927239497089,-32.99395837627426,-60.76820280528193,-32.99305702368969,Leandro N. Alem y 25 de Mayo
-60.64410703198567,-32.9912984368997,-60.64303756828127,-32.99039716306388,Buenos Aires y Bulevar José Uriburu
-60.86610378217378,-32.919656010769096,-60.86503501806745,-32.91875458919522,Mar del Plata y Miramar
-60.63892063399986,-32.94215433876181,-60.637851766267204,-32.94125306120177,4582
-60.67498939226762,-32.949542849877666,-60.67392040799545,-32.94864155008601,9443
-60.67358646501649,-32.97831714735041,-60.672517135247,-32.977415852613255,5540
-60.84366551488742,-32.92810494075846,-60.84240338180973,-32.926389558714746,Barrio Cantegril
-60.6448012396344,-32.959330639433475,-60.643732160632176,-32.958429360530104,4411
-60.62627401146783,-32.95584143364698,-60.62520498880081,-32.954940166316554,7458
-60.65469914116073,-32.97555544146855,-60.65362985910487,-32.97465415849504,4328
-60.82012620865938,-32.943386295385736,-60.819057191587234,-32.942484904578386,Barrio Kentucky
-60.772966866328765,-32.92817652707965,-60.77149673707955,-32.927190373295275,Parada 1
-60.63522192935976,-32.94162043759564,-60.634153070907736,-32.94071916236792,
-60.670316472970285,-32.94663134858871,-60.66924752729327,-32.945730051374966,1517
-60.645055669673454,-33.0094304083495,-60.643123933063286,-33.00841719232602,3801
-60.65851619667229,-32.96792794325228,-60.65744700359281,-32.96702665671135,5787
-60.66276280090144,-32.95175164578948,-60.66169379936304,-32.95085035417417,6913
-60.68925725990513,-32.943265854889376,-60.68818834035626,-32.94236454507435,6772
-60.70157617002888,-32.877581763541386,-60.70050803023055,-32.87668043642244,7036
-60.672288793830745,-32.9499732489806,-60.67121980643263,-32.94907195098308,7413
-60.69057298957127,-32.898197258560195,-60.68950461068959,-32.897295941403584,7742
-60.681831589457126,-33.02640458529737,-60.68051801393746,-33.02519211478042,2516
-60.709736788116146,-32.88387462501599,-60.70765450525815,-32.88236333080099,6168
-60.679727587974085,-32.91526685386816,-60.67865901228813,-32.914365546095546,8688
-60.7525320518509,-33.00496061050901,-60.75130904588899,-33.00342368900122,17 de Agosto y Ruta Provincial 14
-60.819132486418845,-32.92071901361302,-60.81765811616336,-32.91975188670386,Garita 10
-60.74109915528401,-32.87639645301522,-60.739827141437246,-32.87466964641619,Calle 1326 y Matilde Espinosa
-60.6649438204735,-32.97638101284142,-60.66343128263314,-32.975395487560526,2102
-60.678356929582556,-33.00341924236185,-60.676958668891324,-33.00223655752931,4947
-60.64203380834794,-32.93768994009653,-60.64096499191872,-32.936788659867055,9781
-60.70194949661103,-32.96518275733882,-60.70088030364914,-32.96428144262494,
-60.672586217196375,-32.98703694639983,-60.671516783067304,-32.98613565356382,5186
-60.732166485572805,-32.911594970715605,-60.73109791468347,-32.910693629248264,7904
-60.73955654664543,-32.9213047723215,-60.73848785361009,-32.9204034276424,7644
-60.7530065941272,-33.01137826999578,-60.75193680612761,-33.01047692996811,
-60.68528893035869,-32.93860335396082,-60.68422006990312,-32.937702046002904,5227
-60.62594880336846,-32.95451683363618,-60.6248797969002,-32.95361556632734,9236
-60.687900062857004,-32.977058052017256,-60.68683073740485,-32.97615674794645,3372
-60.672127951261736,-32.95952444823948,-60.67105884900174,-32.95862315172418,6369
-60.647812042521174,-32.94300154158896,-60.64674315774491,-32.94210025837463,4825
-60.66049481367684,-32.9357573271425,-60.659189287142986,-32.93468197281042,5986
-60.66095812410307,-32.988918342524194,-60.65988867616195,-32.988017057439436,5573
-60.64123949552425,-32.96971071373787,-60.63875234193053,-32.96760335691298,8046
-60.6470246633197,-33.03689201080474,-60.64567163500612,-33.0359288884229,Suipacha y Marcos Paz
-60.63880580344178,-32.97030973669196,-60.63773659682556,-32.9694084632716,7810
-60.677290048113704,-32.95867564995534,-60.67622095214919,-32.95777435000836,4438
-60.67377606252597,-32.94467664983995,-60.672707137737184,-32.94377535012372,8887
-60.67796143574849,-32.98977494792453,-60.67689196451461,-32.988873652039146,6900
-60.68154058811227,-32.9816480496562,-60.68047121215036,-32.98074675030749,6645
-60.81355126840184,-32.92045129506242,-60.812482531845355,-32.91954990490171,San José y Candelaria
-60.65316530049248,-32.9689026414529,-60.65209609977324,-32.96800135851068,9812
-60.76213526653642,-32.99322963608044,-60.76092583640375,-32.992121063889755,Avenida Manuel Belgrano y Mariano Moreno
-60.71599134920539,-32.82035571436728,-60.71457534489926,-32.81882898591686,Avenida San Martín y Remedios de Escalada
-60.7609967851445,-32.90975637980379,-60.75992821510853,-32.90885502016019,Avenida Jorge Newbery y Malabia
-60.660913364919516,-33.02109582690596,-60.65984173532637,-33.02014397306737,5130
-60.717677663978144,-32.9421695639654,-60.71660873628004,-32.94126823599842,4861
-60.73951184061941,-32.970165068780545,-60.73844255963656,-32.96926373118333,Los Aromos y Guillermo Enrique Hudson
-60.62903115808624,-32.98887602461869,-60.62767658565811,-32.986516523266296,7621
-60.69817089622986,-32.93349204136385,-60.69686300240813,-32.932523258056335,7132
-60.67684411317535,-32.919643352629606,-60.67577548708724,-32.918742047334106,7663
-60.65067878121277,-32.9658601408678,-60.6496096190532,-32.96495885909581,7740
-60.637790216256725,-33.022769967465784,-60.63642918484994,-33.020807920742214,Avenida Filippini y Guido y Spano
-60.677888103027335,-32.94445203136877,-60.67660315870612,-32.94271470874777,9105
-60.646159924952265,-32.94192461751498,-60.644871074247575,-32.94084248237697,9823
-60.65865647159789,-32.94714304479805,-60.657587528666994,-32.9462417551656,
-60.66117296987838,-33.00391032466742,-60.65834734365554,-33.0028363210457,2694
-60.73108453390828,-32.916802453631895,-60.72986554660915,-32.91483754403633,2026
-60.67580436882585,-32.923932187941894,-60.67454622813884,-32.92275821212818,1423
-60.690808529292916,-32.92144595695799,-60.68973987096811,-32.92054464300577,4941
-60.63775137343125,-33.02719727065294,-60.636594231438764,-33.025436329271095,Avenida Filippini y Mosconi
-60.730278809222874,-32.932286068632216,-60.72920999103379,-32.93138473133164,2319
-60.651599408229465,-32.97028684084625,-60.65053019203642,-32.969385559117356,5118
-60.67683187955675,-32.98343224843025,-60.675676716892134,-32.9823039515481,7254
-60.768409701954056,-32.86534264060414,-60.766949297066894,-32.86440465949076,Garita 3
-60.639967288130805,-32.98066019335295,-60.63871801273663,-32.979667606227004,7665
-60.648762554641266,-33.03018742368267,-60.6474092462047,-33.029086476240316,
-60.67817736920585,-32.96212274999052,-60.677108231056984,-32.96122144997318,5003
-60.69834020156427,-32.87867288752861,-60.696603095062855,-32.877185112314066,1835
-60.693305933512576,-32.88868426011578,-60.69223766674788,-32.88778293984799,2826
-60.780580630956024,-32.999241579360984,-60.77951096929557,-32.99834022060297,Julián Carrara y Luis Galante
-60.64188051489797,-32.97201453756894,-60.64081128536904,-32.97111326239463,5147
-60.67049850079628,-32.979043488603054,-60.668471696497335,-32.97799051195091,6456
-60.70412621078904,-32.940520122550794,-60.70268928863946,-32.939456676946236,1747
-60.67658876138175,-32.960923549568484,-60.67551963888126,-32.9600222503952,2087
-60.66291263124793,-32.94016544667401,-60.661843769016436,-32.93926415328963,4758
-60.65256813054305,-32.940706643295115,-60.65149926972248,-32.93980535666852,9556
-60.652367414108284,-32.954607242226814,-60.651298386157386,-32.953705957736794,8772
-60.697844978006636,-32.89581416104344,-60.69677662225337,-32.89491283892037,2706
-60.63207457873517,-32.966639934763016,-60.631005421532905,-32.96573866520055,La Paz y Ayacucho
-60.71236558707256,-32.890291973520995,-60.711234913228374,-32.88912422623257,6652
-60.69559806654355,-32.92018651018494,-60.69375803192808,-32.91920049006721,6590
-60.84464055401145,-32.920507542625764,-60.842796910237915,-32.91932655694396,José Hernández y San José
-60.64200323930638,-32.942838839714994,-60.64093436096036,-32.94193756024858,9868
-60.70152296700777,-32.94882199199194,-60.70005472174436,-32.94769503639371,4340
-60.84403990362783,-32.918426644331,-60.84285079394876,-32.91734675568392,José Hernández y Martín Fierro
-60.69586555734399,-32.92579605825203,-60.6947968429165,-32.92489474171172,4011
-60.64397765707696,-32.96228023895312,-60.64290854318974,-32.96137896101046,6735
-60.630471845894206,-32.954901983936736,-60.62907275405887,-32.953793715649944,9114
-60.66920721230858,-32.93661724895517,-60.66813838795503,-32.9357159510085,6007
-60.70605177347545,-32.852729720051386,-60.704532045838114,-32.850717148604325,Hogar Escuela
-60.69093305223558,-32.92009838826374,-60.6871901135159,-32.918836091631356,8618
-60.730003748235085,-32.93879006807673,-60.728934852021666,-32.937888731887114,2872
-60.66588193498616,-33.00698814280471,-60.664812265278464,-33.00608685715891,7601
-60.68999874344253,-32.940482655326406,-60.68892985681877,-32.93958134463734,5679
-60.71540563524225,-32.920899664785246,-60.71433696501599,-32.91999833517858,2293
-60.67366535828144,-32.97719454745679,-60.67259604198204,-32.97629325250689,4660
-60.713830675759304,-32.92118890431258,-60.712421629928365,-32.919722595877325,2382
-60.70170090855993,-32.97094840309632,-60.70044909539422,-32.969221196690334,7164
-60.628753103601646,-32.984148865593376,-60.62738350372945,-32.98169303041148,8794
-60.67383086198506,-32.972520105992096,-60.67256493344601,-32.971218794127005,2096
-60.64901338913805,-32.969797718632975,-60.6477100109955,-32.96874658106093,7202
-60.7049503364943,-32.920494716620176,-60.70190139287056,-32.91939845367557,2690
-60.67740981434469,-32.986259748001835,-60.67634038591844,-32.98535845196183,8953
-60.70829745852921,-32.941846661031555,-60.70722854173003,-32.94094533893222,Barrio Vila
-60.66891678307817,-32.96501124681224,-60.667847617185735,-32.964109953151414,5402
-60.66642786274131,-32.92684488870714,-60.6649785398276,-32.925599511368816,1759
-60.642878080230865,-32.9463419724995,-60.641802166390754,-32.9453664772112,5074
-60.65283211465149,-33.016381240657964,-60.65131516481627,-33.01479759412086,5348
-60.649119748883194,-33.009429832646475,-60.64781008143276,-33.0078514858607,7728
-60.69357547018293,-32.893919688963976,-60.69184262623387,-32.892772318096206,1197
-60.68842220174302,-32.881379392630436,-60.68700599265971,-32.87988490763561,1725
-60.63736070137181,-32.99801845857269,-60.63577659907923,-32.996350073843566,9651
-60.63784012999661,-33.02605029322786,-60.636658403325754,-33.02403782129999,Avenida Filippini y Mitre
-60.66706907921145,-32.94050755046006,-60.66588972323678,-32.93945094948946,9927
-60.785413059980165,-33.004787870923295,-60.78376193487368,-33.00321112927673,1 de Mayo y Avenida Córdoba
-60.652715325279836,-32.994482468748096,-60.6515135765231,-32.99355693054645,7891
-60.635175709438904,-32.99388128064346,-60.63393933133734,-32.991899004026365,5168
-60.786344765200546,-33.00457058073713,-60.78527503505042,-33.003669219226865,1 de Mayo y Lisandro de la Torre
-60.64790387255896,-32.947988241258805,-60.64683492770713,-32.94708695870477,6588
-60.693378756161685,-32.90911165866555,-60.69231024409895,-32.908210341298236,3951
-60.66121770120336,-33.00168494168569,-60.66014809906173,-33.00078365827792,7312
-60.63012560862007,-32.97172663375934,-60.62905639164825,-32.97082536620419,3890
-60.64252372144243,-32.95645453890137,-60.64145467882438,-32.95555326106221,8959
-60.65798118729144,-32.932650752188025,-60.6566619135411,-32.93156734775758,4436
-60.64576933306017,-32.9747804386322,-60.64470006720642,-32.97387916133137,8333
-60.630167325435465,-32.993618170922915,-60.626877840984534,-32.99198105348611,3663
-60.71817832755656,-32.91382412594698,-60.716871374156554,-32.91270797408329,Schweitzer y Colombia
-60.760303239982356,-32.91892657892806,-60.759234560270826,-32.91802522103593,5736
-60.68767709410151,-32.93455868351351,-60.685736703072976,-32.933508317047696,6634
-60.70080796680365,-32.9334573448698,-60.69946603165536,-32.93185895401482,2852
-60.73494752906633,-32.885351373477484,-60.733879271189394,-32.88445002648643,Barrio Cristalería (RN34)
-60.66236142935458,-33.0389222151347,-60.66119567125084,-33.038017184858774,Deposito Rosario Bus
-60.648905638628094,-32.95890124079577,-60.64783656163801,-32.957999959167815,5916
-60.68195283200185,-32.93765060451735,-60.6807409640448,-32.93590279514011,1144
-60.64791278228493,-32.93297954234491,-60.64684401798103,-32.93207825761872,
-60.67308491215555,-32.988205343205756,-60.671790385119316,-32.98702505686,7660
-60.807488653273346,-32.92064925569242,-60.80622484724828,-32.91963504396642,Tucumán y Sarmiento
-60.738629516262506,-32.87638116697522,-60.73730658691054,-32.875433933176005,Elsa Massa y Pasaje 1323
-60.67132842969045,-32.92594158648615,-60.669945775728294,-32.92415136781843,3839
-60.69523451613502,-32.935614057343074,-60.69416568412563,-32.93471274262068,
-60.62617006682964,-33.03135432815879,-60.625100133439695,-33.0304530718047,2640
-60.73940632025905,-32.93355947139033,-60.7383374799966,-32.93265812857357,8336
-60.63410510040061,-32.986756742227165,-60.63297540018071,-32.98562555710987,2499
-60.69072432651903,-32.93762345576377,-60.68965547374216,-32.93672214419998,4395
-60.65129566685807,-32.950044502623584,-60.6500022336617,-32.948988497298714,7339
-60.64116405318505,-32.99105621335171,-60.63963734719793,-32.98990148629067,6751
-60.72548025131236,-32.96461904747912,-60.72428334613292,-32.963525452544005,Colombres y Julio Vanzo
-60.666106495263215,-32.995128979809145,-60.664508304931324,-32.993944619365955,9578
-60.86054488785749,-32.92092470904018,-60.859476112384385,-32.92002329092411,San José y La Yerra
-60.65192580609899,-32.953304742177934,-60.650856794166735,-32.95240345778569,8917
-60.690748402819615,-32.948998427121005,-60.68920180104637,-32.94798467339114,1230
-60.68941872801747,-32.93795455532415,-60.688349872243855,-32.93705324463958,
-60.675803429538426,-33.000204192884425,-60.67460727256667,-32.998713543562594,5927
-60.69460037248883,-32.895098260064685,-60.693532027771546,-32.894196939899096,2576
-60.68806972829638,-32.938085654884915,-60.687000871965104,-32.93718434507882,7290
-60.65777701155736,-32.970446042831846,-60.65670778870787,-32.969544757131764,5458
-60.657084391347624,-32.933901545246165,-60.65601560891732,-32.93300025471747,5631
-60.62761257457682,-32.94962563453349,-60.6265436256916,-32.948724365430024,Estación Fluvial
-60.67857404334824,-32.94118585162881,-60.67750515691434,-32.940284548334894,4253
-60.762846908021906,-32.994459765204134,-60.76159419439514,-32.99334753482455,
-60.717744802624935,-32.88785952809855,-60.7149638035875,-32.885997527986056,Mini Terminal Rucci
-60.62116863163949,-32.999593317136096,-60.616987484575,-32.99759463497814,9931
-60.64498884850849,-32.93720508528293,-60.64373834988627,-32.93611531471916,7988
-60.80523053292737,-32.90737008659569,-60.80401960827673,-32.90382041084622,Tucumán y Bouchard
-60.766323953014854,-32.90607208922325,-60.76494204533504,-32.90509710996206,Avenida Santa Coloma y Saladillo
-60.68119972653861,-33.00324328797692,-60.679900256752084,-33.00041382342349,4977
-60.80055066744361,-32.923495431764835,-60.79899713404142,-32.922414767025856,Garita 9
-60.689757665313515,-33.01051035019262,-60.68868793494844,-33.00960904977107,2090
-60.77109236126052,-33.004835976047794,-60.770022638992195,-33.003934623916194,Avenida de las Américas y Juan XXIII
-60.66262392761983,-33.0225379406322,-60.66155407264531,-33.02163665933139,9945
-60.72625805623421,-32.915758630298775,-60.724348530100066,-32.91476360092261,9083
-60.71206444539452,-32.92067396271306,-60.710664153030955,-32.91968793647803,3738
-60.65303940119906,-33.018771037810104,-60.65196959906712,-33.017869762153445,3707
-60.71211078174492,-32.9620816607744,-60.71104161851408,-32.96118033918936,4299
-60.67425907278696,-32.96270972201086,-60.672836125657454,-32.96171507715549,3034
-60.84383588626298,-32.923808567734234,-60.84258891187139,-32.9227100322836,José Hernández y Juan M. de Rosas
-60.68238284127339,-32.90732425528992,-60.68131435898848,-32.906422944673814,9292
-60.63285194962379,-32.994943932972724,-60.631782450644465,-32.994042666990794,5198
-60.69431029943721,-32.96612935484658,-60.69324110082383,-32.965228045117165,8056
-60.75613453662788,-32.91862247766176,-60.755065863625745,-32.917721122302225,5510
-60.630748729062205,-33.02480853012854,-60.629678871206565,-33.02390726983496,
-60.81142220189676,-32.929635585740215,-60.81036219945026,-32.92865601368433,Vivero Inclusivo Municipal
-60.735592126457085,-32.921340482122154,-60.73419709107681,-32.92024303472621,7009
-60.689124057428515,-33.00684651836052,-60.68700630996959,-33.00557022755212,3239
-60.65764991822863,-32.97156154271026,-60.6565806820366,-32.97066025725335,6503
-60.733631252348765,-32.91173370704136,-60.73229924623005,-32.91076019231668,3199
-60.723223755941156,-32.907214168230524,-60.722155244316085,-32.906312831733345,Paso del Bosque
-60.62217836034234,-32.96542102722711,-60.620658337919345,-32.964156772561424,Avenida Belgrano y Puerto Rosario
-60.65025423354302,-32.94135304249938,-60.649185366722755,-32.940451757464245,9478
-60.71871628175621,-32.890470085492844,-60.71700762152307,-32.88945121512199,9725
-60.67527008089703,-32.97825116837225,-60.67371303096223,-32.97583594739332,3123
-60.672078839375786,-32.965654633930995,-60.67080295686267,-32.964415766172216,7124
-60.78772272035977,-33.00622332433831,-60.78608212137946,-33.00451012165382,Nicolás Avellaneda y 1 de Mayo
-60.71038137922495,-32.92062396157287,-60.70900521942223,-32.91963103774465,4132
-60.736947021836606,-32.98111751321297,-60.73543197784271,-32.979555528870776,4231
-60.65776714679726,-32.97629574240628,-60.656697853468,-32.975394457557364,8807
-60.71022565934219,-32.95847816043984,-60.709156540916986,-32.95757683952395,5040
-60.686173903516426,-32.900797056970916,-60.68510549674496,-32.89989574299285,4772
-60.73425944367731,-32.97099526708205,-60.73319015657926,-32.97009393288179,9988
-60.879643372310404,-32.91137647627891,-60.87774092846746,-32.910452823965805,Garita 6
-60.63843562931542,-32.949817980557896,-60.63709496935051,-32.948884819487,1165
-60.65148807672178,-32.99148508104466,-60.64911552239783,-32.990254140533736,Avenida José Uriburu y Bartolomé Mitre
-60.704895582322024,-32.856896569179106,-60.70338528797212,-32.855530872361165,Hospital Eva Perón
-60.700855302761845,-32.93586682026704,-60.69958599522453,-32.934743879757725,1659
-60.65752891310355,-32.94229825821951,-60.654919609242405,-32.940274528010946,4207
-60.66833120759048,-32.9686791655178,-60.667096587941614,-32.96740833456741,1619
-60.69831963176725,-32.971245855750276,-60.6972503684934,-32.97034454421347,8639
-60.68575024148427,-32.957041852777046,-60.68468115877764,-32.95614054718668,5591
-60.68654141472695,-32.92735505041788,-60.68545128430278,-32.92619604948261,5867
-60.68471859985971,-32.937164960582834,-60.683521195989016,-32.93540523911873,9130
-60.71323330763415,-32.9427818539129,-60.711880496023014,-32.94081436817187,8186
-60.64038967417104,-32.965348537565475,-60.6393205260961,-32.96444726239807,4152
-60.6852435799358,-32.93022105455129,-60.684174820325964,-32.92931974541245,4470
-60.65002682859332,-32.95716284128456,-60.64895777167264,-32.956261558679074,7790
-60.71629266526648,-32.85918456951548,-60.71522473499113,-32.85828323044839,Almirante Brown y Liniers
-60.71662406767883,-32.942850063584736,-60.71555513257947,-32.94194873637908,8841
-60.66840402766386,-32.93922124850914,-60.66733517259985,-32.938319951454524,5157
-60.627641341138514,-32.99387183134816,-60.62657185913032,-32.99297056861536,9176
-60.65203916976398,-32.94725974265097,-60.650970230501656,-32.946358457312655,5520
-60.667795542255604,-32.92505494933583,-60.66672685800804,-32.924153650627815,8994
-60.62910258133113,-32.9506520349465,-60.628033618937124,-32.94975076501703,
-60.654107727149544,-32.973267641442526,-60.65303847311612,-32.972366358521064,6877
-60.7689827217131,-32.91535838186001,-60.76791407853905,-32.91445701810399,8011
-60.78994663819812,-32.928797120825045,-60.78873776256025,-32.927819578859335,Parada 4
-60.74175063669604,-32.92163364378637,-60.73968996124084,-32.920429413906994,Sarratea y Avenida Juan José paso
-60.70431287905326,-32.85954342421634,-60.70271610636344,-32.857756425215264,Avenida San Martín y Alvear
-60.688090314112756,-32.9855499514646,-60.68702088614916,-32.984648648499096,2015
-60.67567426932895,-32.9456874503754,-60.674605330934014,-32.94478614958827,4713
-60.73540803414031,-32.987763672640426,-60.733894666409995,-32.9868514274738,Las Palmeras y Calle 1909
-60.711834627995664,-32.88660566613362,-60.71076637226268,-32.88570433383024,2824
-60.720028716730056,-32.91753196648267,-60.718960083527634,-32.91663063348117,3719
-60.67008958022476,-32.9478513484278,-60.66902062003884,-32.94695005153589,6260
-60.6765352528321,-32.94289105085305,-60.67546634743073,-32.94198974911064,4499
-60.70009380435391,-32.90512459057285,-60.69838409283651,-32.90410210990302,2415
-60.76242613412431,-33.000863473666975,-60.761356466129335,-32.99996212629694,Estanislao López y Pasaje Merlo
-60.689971153778856,-32.925572656393626,-60.688902446482324,-32.92467134357013,6281
-60.640714343938726,-32.96030713803504,-60.63964525632831,-32.95940586192851,6622
-60.63420526961037,-32.95185890325527,-60.63291503159309,-32.95077639674389,Buenos Aires y San Juan
-60.64624797476964,-32.96507313948843,-60.64517882549682,-32.96417186047517,7700
-60.653130843396085,-32.94280744332555,-60.65206195686938,-32.94190615663808,1899
-60.726837792616976,-32.95584343360667,-60.72513680730356,-32.9549250663159,5065
-60.655051083608406,-32.97099407246009,-60.65382331844459,-32.97007462665798,4800
-60.639774830697924,-32.97477183668509,-60.638705569569346,-32.97387056327847,3656
-60.65231668692014,-32.93346914373606,-60.65124791334534,-32.93256785622758,4013
-60.65317297538885,-32.948122242955556,-60.652104024876685,-32.94722095700805,
-60.683211539370696,-32.92023754751149,-60.681400284776274,-32.918440057611065,Estación Juan José Paso
-60.77562718303248,-32.86101990254049,-60.77420311801915,-32.86009419760546,Ruta Nacional 34 y Alfredo Schilla
-60.62770647666606,-33.01632742974721,-60.62663672360297,-33.01542617021627,Vélez Sarsfield y Rivadavia
-60.67172538052079,-32.94779704895687,-60.67065641974261,-32.9468957510068,7953
-60.61515411489273,-33.05884950770329,-60.61334608708534,-33.056828350798426,
-60.673388423319885,-32.93705648936145,-60.67206037660577,-32.93598301034394,7949
-60.62835729397184,-32.96940873334886,-60.62728810629669,-32.96850746661469,9932
-60.705594697481935,-32.88739987089616,-60.70409325459311,-32.88528363326766,5974
-60.65422489977772,-32.935485644207795,-60.65315610048758,-32.93458435575582,6843
-60.63249311501582,-33.00304828326208,-60.63136998516976,-33.001905116506855,2485
-60.664107187006714,-32.95016672657014,-60.66280361449596,-32.94906297344778,8348
-60.6796360013389,-32.917497153677964,-60.67856739892335,-32.91659584628574,7235
-60.70429411202126,-32.96465727522464,-60.702787291876035,-32.96329282495626,3978
-60.70659487619141,-32.88313574753166,-60.705272227134536,-32.88218645262185,7246
-60.70230894006122,-32.95576855813237,-60.70123986019882,-32.954867241831394,Avenida Alfredo Rouillón y La Paz
-60.65374424656659,-32.9666114158231,-60.6509964202737,-32.96541189159653,5375
-60.72768034583404,-32.888595170970845,-60.72661205442254,-32.887693828993044,6133
-60.650135694892185,-32.93493414292422,-60.64906690537356,-32.934032857039405,
-60.649388342009935,-33.00045730754511,-60.64785267240432,-32.99813315925894,9618
-60.77781134212434,-33.00125937836746,-60.77674165812758,-33.00035802159653,
-60.64399817094451,-32.974205402589064,-60.642675107734505,-32.97298866226723,1256
-60.67376027288696,-32.99619784611468,-60.67269072737667,-32.995296553848966,Esteban de Luca y Casaccia
-60.65517602724839,-32.95415014416017,-60.653853873621365,-32.95306375578838,8946
-60.667344982188766,-32.948351547509695,-60.66627601807516,-32.94745025245396,4269
-60.71835683668636,-32.88530078446674,-60.71687266228708,-32.88409641522558,
-60.64054791699589,-33.00561843470863,-60.639478283271565,-33.00471716525491,9221
-60.67964417747952,-32.930165252766514,-60.678575422782856,-32.92926394719719,7023
-60.6800286454216,-32.97465924967755,-60.678959354841126,-32.97375795028612,8151
-60.70119797660434,-32.8953705621387,-60.70012962365528,-32.89446923782509,4739
-60.651881594970135,-32.934835643496626,-60.6508128052954,-32.933934356466985,5449
-60.66266895162261,-32.92739745720015,-60.66114984564352,-32.926071242760095,4855
-60.80827811326283,-32.9192083909887,-60.807026287038504,-32.91819140874586,Banco Santa Fe
-60.67282497826935,-32.94735334934173,-60.67175602199396,-32.946452050621964,4826
-60.64031327344152,-32.981830236350525,-60.63924392682578,-32.98092896361301,2050
-60.723711566640006,-32.94223836585625,-60.7226426336175,-32.9413370341076,8851
-60.81469348590801,-32.919442413298995,-60.81257921310181,-32.91846758683516,Elorza y Sarmiento
-60.65646066455294,-32.967233590668826,-60.65419213012035,-32.96611152970371,7838
-60.68720231012561,-32.91848285602299,-60.68613369013579,-32.917581543940756,6827
-60.640108411537085,-32.98816283582655,-60.63903898873026,-32.987261564136986,4771
-60.69655071687784,-32.93565515775815,-60.69548188338266,-32.934753842205616,1379
-60.7961585978491,-32.84874279325453,-60.794959601846976,-32.84744040599324,Garita 11
-60.6199462529138,-33.05586037547586,-60.61777555911327,-33.0543720577604,Punta de Línea 35/9
-60.647876745031695,-32.960030540380735,-60.64680765523453,-32.95912925958285,5115
-60.71998752570311,-32.919027866361795,-60.7189188745546,-32.91812653360204,2541
-60.64400229043808,-32.967818238561286,-60.642933109828654,-32.966916961402305,9974
-60.645866596192754,-32.952045740305145,-60.64479760407361,-32.951144459658465,7182
-60.657874919020074,-32.9882710415762,-60.65680548124528,-32.98736975838739,8168
-60.654166055531036,-32.99239582472149,-60.651507272087215,-32.989492069917944,Avenida José Uriburu y Entre Ríos
-60.646866996750425,-32.96868313942858,-60.64579780351599,-32.96778186053498,5057
-60.81837212659226,-32.929834102476235,-60.81699037666523,-32.92887069776769,Avenida Fuerza Aérea y Alberdi
-60.687572974420235,-33.02871464818107,-60.68650302584213,-33.027813351782605,2496
-60.650745824947286,-33.00692862712544,-60.649306938909156,-33.00583161642579,6223
-60.73357346619108,-32.90828127139438,-60.73250493406502,-32.907379928569505,8346
-60.750415244066836,-32.98816988270795,-60.7492327588398,-32.98708511722339,
-60.63847312529344,-32.97395823632023,-60.637403874973984,-32.97305696364332,7148
-60.78065585178971,-33.00268997913486,-60.77958614846191,-33.001788620829124,Avenida Manuel Belgrano y San Lorenzo
-60.627400939863406,-32.96048553368036,-60.62633186040513,-32.95958426628316,6725
-60.655241678258456,-32.93184204479944,-60.65417292200667,-32.93094075516419,9971
-60.67906718930899,-32.98200224883975,-60.67799781095391,-32.981100951123935,5614
-60.6506428737745,-33.014381337351644,-60.649573126491916,-33.01348006261196,5376
-60.63913864473418,-32.977142036306944,-60.63806935553321,-32.97624076365662,9063
-60.65867529548667,-32.95111164451764,-60.65760630477825,-32.95021035544597,9731
-60.64500131291178,-32.9548788398198,-60.64393228735472,-32.9539775601438,8701
-60.70545217644081,-32.93517769538646,-60.702917862578424,-32.93398818146499,4008
-60.673143947134925,-32.94215824981901,-60.672075053128296,-32.94125695014467,4029
-60.753876279738684,-32.942562475235135,-60.75280732051543,-32.941661124728796,Ovsaldo Pugliese y Osvaldo Fresedo
-60.646760847397076,-32.94387924118472,-60.64569195286912,-32.94297795877888,8720
-60.72660054847838,-32.88123379177673,-60.72378006786127,-32.88001945414836,9916
-60.69711683105437,-32.92762656857762,-60.69581546694716,-32.926308486608235,5958
-60.652492092533926,-32.951014742526496,-60.65142310773171,-32.950113457437126,9091
-60.78400155889872,-32.92862942508953,-60.782935940157714,-32.92763997459927,Parada 2
-60.69232025551685,-32.89241335953338,-60.69125194474375,-32.89151204043041,9163
-60.643404881735016,-32.94244618217618,-60.64203301765926,-32.9413241175816,6240
-60.714625593628874,-32.91661058956861,-60.7130546229925,-32.91456654010093,8361
-60.81240584116686,-32.89933679624056,-60.81133735908026,-32.89843540372358,Avenida Obeid y Candelaria
-60.68922687996804,-32.87548260887527,-60.68793931859421,-32.874373091095755,4836
-60.64996425348441,-33.037026304693214,-60.648710545388354,-33.036063494899125,Suipacha y Crespo
-60.78254756753092,-32.9221626855281,-60.78147883271978,-32.92126131443592,Aeroclub Rosario
-60.73570133715902,-32.91311644565655,-60.732274337978986,-32.91197035963402,6947
-60.63010999722513,-33.00301093149483,-60.629040403043504,-33.00210966846868,6562
-60.62909093727953,-32.99004375719157,-60.6277954605031,-32.98889164284255,8256
-60.65634251918869,-32.97180404227051,-60.65527328107669,-32.97090275769309,4368
-60.63351671168732,-32.98446900537701,-60.63237808813866,-32.98327269417504,7572
-60.63672587624637,-33.00322367008572,-60.63539443444874,-33.00201881836391,9700
-60.63066222621541,-32.978825064168966,-60.62938717542017,-32.977861135067194,4575
-60.64559461161188,-33.036827378214255,-60.644247191452095,-33.035876521969115,Suipacha y San Lorenzo
-60.65636847352687,-33.03340124567059,-60.65525232406591,-33.03239095427147,
-60.63241249241462,-33.00185778792371,-60.63113440475581,-33.0009244122174,6452
-60.784861440685454,-33.000596880571464,-60.783791759565666,-32.99969551939253,Avenida San Sebastián y Bartolomé Mitre
-60.633621721560786,-32.973649934761674,-60.63255247870716,-32.972748665201856,3072
-60.68562881840278,-32.91995935541464,-60.68456018185882,-32.919058044549075,6381
-60.68053766167338,-32.94326840525279,-60.67915106863785,-32.941162627096084,8169
-60.686396568795935,-32.944923353857995,-60.68532763146581,-32.94402204610574,4986
-60.64184002968922,-33.029944989939814,-60.63951019239891,-33.0288789372074,Soldado Aguirre y Cafferata
-60.68658194574723,-32.949714406455875,-60.6852170532758,-32.94870199301718,1906
-60.65053034588458,-32.976604940043885,-60.64946105438149,-32.9757036599197,2464
-60.64927307162306,-32.94774524172015,-60.64820412864291,-32.946843958243456,8745
-60.799597913494786,-32.929145692734416,-60.79808168437101,-32.92817240754152,Parada 7
-60.7786932021077,-32.91842901453666,-60.77729866633228,-32.91732648954535,Fisherton Plaza Open Mall
-60.68543600757843,-32.934806254281796,-60.68436719268334,-32.933904945681945,3770
-60.659400380476995,-32.948571344935,-60.658331419787835,-32.94767005502864,
-60.677855828471145,-32.984855581046304,-60.67608166290224,-32.98357207252419,1969
-60.66950752211567,-32.95499144889212,-60.66810967909453,-32.95406385125559,1881
-60.772500860551354,-32.999804419145974,-60.7711900493205,-32.99858898053207,San Martín y Alberdi
-60.78019358138047,-32.85795218943948,-60.77912561886993,-32.857050810524576,Garita 6
-60.876428469952465,-32.93365961278816,-60.875359530287724,-32.93275818717616,Bulevar Tierra de Sueños y Lealtad
-60.67423150723493,-33.00823244118389,-60.673066489925596,-33.00714955881107,8316
-60.644729759059686,-32.95381036168656,-60.64366364040728,-32.95284583821324,8021
-60.69192501320419,-32.92894063074528,-60.68943708805324,-32.92643563328773,7940
-60.65918568788683,-32.949816344775854,-60.658116712378025,-32.948915055187776,5654
-60.67568506959285,-32.92727048032373,-60.67433203149198,-32.92624331899081,4462
-60.75935708291369,-32.9094848793171,-60.758288517339494,-32.908583520646864,Avenida Jorge Newbery y Vicente Sierra
-60.703459609493414,-32.916182203525274,-60.70207359370618,-32.91521899672225,4605
-60.67569408653363,-32.91528185257591,-60.674625513729055,-32.91438054738781,5350
-60.70198493029525,-32.8851008589599,-60.69991164709192,-32.88405520924688,5034
-60.664710870928964,-32.935294179477296,-60.66188220951223,-32.93384813746431,6726
-60.71147254073817,-32.92802118542137,-60.70699684372665,-32.926940677890066,7091
-60.67048975867129,-32.96085864761732,-60.669420641592396,-32.95995735234635,5093
-60.636510747827614,-32.961222536600715,-60.63544165243992,-32.96032126336285,7281
-60.7241920600054,-32.94110576608873,-60.72312314025205,-32.94020443387512,3336
-60.63730657472407,-33.020997411173184,-60.636187124973745,-33.0198308885241,Avenida Filippini y Jean Juares
-60.72554390118501,-32.96674688004858,-60.72401399861319,-32.96429566935545,4997
-60.66566184151374,-32.99071234056485,-60.664047697189,-32.988366415938394,2921
-60.64927595668683,-32.9490081575157,-60.648085545371494,-32.947961042464314,9665
-60.63844756941264,-32.99786603458527,-60.63737803085501,-32.99696476537828,5732
-60.69613440873822,-32.97117806929831,-60.69184793190409,-32.969891206414246,6461
-60.68676289035712,-32.89856785731953,-60.685694509904145,-32.897666542644224,8304
-60.643039129301954,-33.031226776596846,-60.64190606791242,-33.030176723359865,Rosario y Bolívar
-60.706988589626214,-32.89717826384094,-60.70592021063278,-32.896276936122874,2740
-60.77027823955452,-32.99860618699138,-60.76907713621187,-32.99756561478832,Avenida 9 de Julio y Avenida San Martín
-60.69368888307309,-32.98004985364381,-60.692619517188156,-32.979148546319905,6854
-60.647742579350194,-32.949127141124315,-60.646673620915955,-32.94822585883927,7320
-60.70114370888155,-32.87989948486314,-60.699825103960436,-32.878091936109705,7920
-60.68442707756325,-32.9465043531155,-60.68335812269873,-32.94560304684821,8860
-60.65339031614917,-32.9880800401408,-60.652320884116676,-32.987178759822775,9999
-60.639556197401504,-32.985853535813696,-60.63848680286592,-32.984952264149854,3017
-60.72789408984835,-32.929210868107646,-60.726825310408564,-32.92830953185621,6644
-60.70089835908165,-32.869583749990255,-60.6993958384161,-32.86860275032751,Avenida San Martín y Viamonte
-60.6718367452408,-32.94192604941639,-60.67076785502256,-32.941024750547314,8476
-60.655083290756366,-32.95055424339774,-60.65401430950897,-32.94965295656588,1865
-60.81250195115326,-32.92216108528433,-60.81017371017395,-32.91983811889211,Plaza San José
-60.723817167745196,-32.974492885046104,-60.72204753660075,-32.972966515109626,3179
-60.734977404271135,-32.75646485947309,-60.7337749923709,-32.7553081405639,Avenida San Martín y Borghi
-60.76735600782123,-32.92550786236818,-60.765251894087115,-32.924527038197866,Garita 0
-60.66574259247641,-33.00612577483384,-60.664134306337786,-33.00485112471151,6263
-60.644140249243826,-32.93865670434638,-60.64296264953226,-32.937751295663645,9022
-60.62955732265952,-32.97409353340279,-60.628488077608914,-32.973192266560744,9683
-60.74162247019486,-32.925096072691375,-60.74055373006046,-32.924194727272564,1783
-60.71204942925836,-32.96997426018517,-60.71098017100073,-32.9690729397786,6463
-60.66500135031851,-32.94320314712736,-60.66393244994561,-32.9423018528363,7593
-60.648856409940066,-32.97074573992469,-60.647787190326156,-32.96984446003893,5542
-60.61638502518297,-33.05817532301175,-60.61531477508773,-33.057274076951664,
-60.632170486962906,-32.96799983469611,-60.631101313305166,-32.967098565267406,6343
-60.655586400161404,-32.98528844105245,-60.654517000104185,-32.98438715891116,8162
-60.683675792590556,-32.94904895269198,-60.68260680767152,-32.94814764727171,8299
-60.814939374035454,-32.921306195418964,-60.81387062621157,-32.92040480454516,Córdoba y Juan Elorza
-60.69813238197187,-32.962990256286965,-60.69706321828871,-32.96208894367678,2617
-60.67847099397444,-33.0127119511612,-60.67721370231076,-33.01149154892718,4629
-60.67817092814341,-33.0103294767298,-60.676562123540975,-33.00922998529262,2756
-60.64851007512403,-32.996459298127405,-60.647012783697804,-32.99426198033666,9259
-60.673465274854415,-32.9893774429437,-60.67210517798656,-32.988152125615784,4308
-60.737973300889365,-32.921447619901,-60.7365779994818,-32.92034847989386,6768
-60.62914276177057,-32.991901164809406,-60.627903535368034,-32.9902683346952,4465
-60.73926220927047,-32.93174087147665,-60.73819339098519,-32.93083952848722,3771
-60.67826877448073,-32.94637995115623,-60.677199825781926,-32.94547864880748,9266
-60.69544230202426,-32.96648805518035,-60.69437309823667,-32.965586744783366,2655
-60.6641267678598,-32.94617424663137,-60.663057832404476,-32.94527295333229,8002
-60.696969086584076,-32.96382885585722,-60.69589991367664,-32.96292754410654,5656
-60.6494488906601,-32.984103139152076,-60.648379509606166,-32.98320186081149,3376
-60.71607488142997,-32.93307960482162,-60.7146887166117,-32.93208856946389,1786
-60.72825845133749,-32.924765378395094,-60.72696994620688,-32.92360442165492,1286
-60.723773350856625,-32.79422829783136,-60.72246784700549,-32.793070402194445,Avenida San Martín y Lisandro de la Torre
-60.757553336703864,-32.932257844926774,-60.75642326649902,-32.93119595488952,3304
-60.66832046908501,-32.96272534678565,-60.66725133117893,-32.961824053178006,7364
-60.74011065068591,-32.91449033411721,-60.738922545593915,-32.91331976590352,4341
-60.684436057577706,-32.97639945095999,-60.683366742684534,-32.9754981490037,4527
-60.6931046389171,-32.90625735878429,-60.69203616134354,-32.90535604117949,9626
-60.72662023695137,-32.95374296593785,-60.725551163305916,-32.952841634026015,4601
-60.631839350686704,-32.978598133822764,-60.63077004958153,-32.97769686614074,5641
-60.65244211987944,-32.95556124218212,-60.65137308038623,-32.95465995778147,9358
-60.684573350865215,-32.975276851084885,-60.68350404939701,-32.97437554887882,3097
-60.64187856450715,-32.94166735206005,-60.64063663482152,-32.94062064785915,9025
-60.658228898686716,-33.00380860547749,-60.656914500189565,-33.00282339402324,9664
-60.71842923990093,-32.89431879705416,-60.71708035910046,-32.893390703018454,López Buchardo y Avenida Baigorria
-60.730791488980614,-32.90664482635117,-60.729373909357086,-32.90565917277531,8956
-60.73495911162889,-32.932397770087,-60.733890288627244,-32.93149642987691,7533
-60.615041403395445,-33.005004626412834,-60.61397179687492,-33.00410337355063,
-60.65345091264339,-33.02064003780818,-60.65238108762275,-33.019738762155384,2110
-60.63186617560143,-32.94952203593071,-60.63079722466651,-32.94862076403285,Rioja y Juan M. de Rosas
-60.74579297802945,-32.92745104089194,-60.744310920589996,-32.92642385824963,5455
-60.68958768218062,-32.93032135592884,-60.68851891808062,-32.92942004403489,8753
-60.719271818013,-32.89152037941633,-60.717967583708614,-32.89059332068674,8665
-60.768422251904504,-33.00344697532727,-60.767352548348505,-33.002545624636674,Juan XXIII y Borzone
-60.62460348092034,-32.96748373225971,-60.62353431934858,-32.966582467703816,Estación Siberia
-60.70794355821295,-32.95843255972247,-60.70687444204648,-32.95753124024132,6559
-60.68965546746573,-33.02743314893719,-60.68858553279639,-33.026531851026505,2473
-60.62452314814766,-33.02836802783554,-60.62345325212183,-33.02746677212794,2642
-60.70326516168013,-32.933548102583096,-60.701017186745595,-32.93184388232256,2911
-60.685031025315,-32.91123395046375,-60.68121557998174,-32.90787629885322,Portal Rosario Shopping
-60.70938133976387,-32.84145208954046,-60.707978759060666,-32.840438409802054,Avenida San Martín e Ybarlucea
-60.622067619834816,-33.05711481959786,-60.619952656042976,-33.05559703782674,Belgrano y Buenos Aires
-60.64002892312665,-32.940609448197065,-60.638662876136884,-32.93948425159428,7092
-60.68927209412559,-32.899037758085306,-60.68820370613541,-32.89813644187845,8695
-60.62692986810932,-33.00286488969777,-60.62484872962878,-33.00182831075582,3383
-60.67619390584668,-32.958813743026525,-60.674954895976875,-32.957739256994145,2246
-60.63841991431631,-33.00531053403848,-60.637350285951406,-33.00440926592505,6384
-60.7534278185362,-32.909525485740446,-60.75177718034834,-32.90842251324223,Avenida Jorge Newbery y Manuel Gálvez
-60.65736236532684,-33.01255483965649,-60.656292634938815,-33.01165356030712,8447
-60.65623904604306,-33.00943143951933,-60.65516935422267,-33.00853016044425,4143
-60.6270762980253,-32.95355643407438,-60.62600730224321,-32.952655165889155,5877
-60.650682643419906,-32.95958374132217,-60.649613556846006,-32.95868245864143,6475
-60.655493759039075,-32.94525704391274,-60.654424841226145,-32.94435575605086,9057
-60.656081697335324,-32.951583843646056,-60.6550127029299,-32.95068255631756,9969
-60.67396142380548,-32.93822805036482,-60.672892576457585,-32.93732674959887,San Lorenzo y Constitución
-60.69488252272916,-32.9533533559508,-60.69381347753169,-32.95245204401294,3450
-60.64017702835355,-32.95805067010774,-60.63854087395388,-32.957074130316464,Avenida Pellegrini y San Martín
-60.70991025192492,-32.9572657604278,-60.7088411483343,-32.95636443953598,7150
-60.698712078366576,-32.97895495531805,-60.69764272189408,-32.97805364464567,9398
-60.65424926183018,-32.9956005398754,-60.65317973843565,-32.9946992600882,5651
-60.6400197366145,-32.95913513789373,-60.63895066365261,-32.95823386206984,7329
-60.63599640342962,-32.95388053696315,-60.634927396837895,-32.95297926300043,7310
-60.64994309410649,-32.96804784047156,-60.64887390615957,-32.967146559492036,9740
-60.655446128181495,-32.97335374186898,-60.65437687208401,-32.97245245809464,8421
-60.684909664198386,-32.910982155832855,-60.683841136063215,-32.91008084413088,9469
-60.62693805928644,-32.963741033293935,-60.62586894098218,-32.962839766669575,8017
-60.71795167856337,-32.87798346868222,-60.716883521694214,-32.87708213128163,Cullen y Ugarte y Vedia
-60.628630093536,-32.985913532246194,-60.62756070673264,-32.98501226771732,7201
-60.647103818888475,-32.950910748094785,-60.64583868100097,-32.94987035170853,6972
-60.71699511673889,-32.87937075783623,-60.715617881469925,-32.8781851421123,Chumbicha y Jeannette Campbell
-60.82839546110828,-32.93022855108276,-60.826677042777874,-32.92918534962369,Barrio Cadaques
-60.65183695123617,-32.96935072994893,-60.65050154798362,-32.968241469888774,8938
-60.72829316155605,-32.92348336341831,-60.72702858914328,-32.921512509430826,1846
-60.66932053763055,-33.007208943894256,-60.66825086263371,-33.00630765606935,2784
-60.69046408148114,-32.90759905023119,-60.688368536958315,-32.90647236486039,1264
-60.77738341732962,-32.99717537853143,-60.77631378292231,-32.996274021432555,Sarmiento y Urquiza
-60.65906858211192,-32.932239246006645,-60.657999818152774,-32.931337953956984,5693
-60.65886936512277,-32.9460533449454,-60.657800435142086,-32.945152055018234,4287
-60.726357040375994,-32.904428169414224,-60.72528855988087,-32.90352683054969,7909
-60.75639467820555,-33.022250412713746,-60.75522411805529,-33.021094987281764,
-60.73683673448553,-32.96931106800817,-60.73576746577075,-32.96840973195571,Las Casuarinas y Las Corbatitas
-60.68206590685946,-32.984660344640474,-60.680003319301576,-32.98334850987528,4294
-60.677405599290566,-32.93393405177819,-60.676336800972095,-32.9330327481855,8858
-60.676574528642675,-32.988683847559294,-60.67550507162056,-32.987782552404376,5268
-60.75721723507874,-33.02516795689023,-60.75585718591963,-33.02312508766777,3977
-60.69293751502879,-32.93557405661584,-60.69186868523212,-32.93467274334791,7007
-60.66150876330258,-32.94558304583062,-60.66043983696197,-32.94468175413303,4097
-60.6359159099678,-33.092877352814824,-60.6346488898962,-33.091836146992634,Portería 2 General Motors
-60.69850915595809,-32.90326226804226,-60.69645565124744,-32.90211105019651,7535
-60.67775108901327,-32.96543874961466,-60.67668191124964,-32.964537450349034,3125
-60.65478831411792,-32.93783424422046,-60.65371948614732,-32.93693295574315,5317
-60.684962251210315,-32.92546025480505,-60.683893549051426,-32.92455894515867,8330
-60.60984243805677,-33.044192021870124,-60.60877236221453,-33.04329077809327,
-60.703061570866964,-32.87762856400847,-60.70199342939228,-32.87672723595533,2436
-60.70504864713395,-32.973711290241,-60.703824856197365,-32.972093909567405,5767
-60.68984239181496,-33.0148950499028,-60.68877260844702,-33.01399375006091,3910
-60.64316639196393,-32.980332559260546,-60.64194241221087,-32.97911994068472,5413
-60.62846638906715,-33.00176443104779,-60.62739681120164,-33.00086316891572,2256
-60.71492166164074,-32.95856826191402,-60.71385253861792,-32.95766693804978,5999
-60.64289389898465,-32.969308038093665,-60.641824701282225,-32.96840676186989,8587
-60.634375306008906,-33.0041929328015,-60.633305694259256,-33.00329166716201,4301
-60.63437671886637,-32.96986036146051,-60.632746930509555,-32.968648265127904,9255
-60.65253459545565,-32.98470204010793,-60.65146520481028,-32.98380075985564,8157
-60.69479621528995,-32.95456436228462,-60.692826897437946,-32.95350590666735,7986
-60.76055301360601,-32.941383981823876,-60.759088956474514,-32.9402335033307,9776
-60.74064693141773,-32.90964037920915,-60.73920206537674,-32.9083271208641,7118
-60.68336091734477,-32.9365608534928,-60.68229208291722,-32.935659546470916,6395
-60.68893219460643,-32.99884465077252,-60.68786260565553,-32.99794334919118,9064
-60.656095936076746,-32.94140174438559,-60.655027064188374,-32.94050045557802,8567
-60.67061547442349,-32.95987023206807,-60.66939612173486,-32.958666367990304,1431
-60.65652289737242,-33.03447043780163,-60.65545290289351,-33.033569162161946,
-60.63251403708542,-32.97984972957896,-60.63123056490458,-32.97890516947258,9670
-60.64977106388871,-32.996226938380794,-60.648701536377615,-32.99532566158278,7569
-60.667475947996444,-32.959276446763155,-60.666406852267556,-32.958375153200485,4363
-60.67991363694384,-32.93977570856143,-60.678561294923895,-32.938517403566784,1404
-60.632695162389254,-32.963885835164355,-60.63162603787871,-32.962984564799164,5109
-60.65627736522789,-33.01260733930225,-60.655207635037875,-33.011706060661346,9252
-60.84091571891343,-32.917379013314864,-60.83938538363627,-32.91640498705185,Parada 14 Bis
-60.66591555248716,-33.00988574260617,-60.66484584777749,-33.008984457357435,6926
-60.683871663492525,-32.94420065310448,-60.68280273676949,-32.94329934685923,1159
-60.68645758679286,-32.93025374961155,-60.68506786151551,-32.927888203848376,9739
-60.81224660412119,-32.9264715942346,-60.81117779612619,-32.92557020572952,Yrigoyen y Leloir
-60.66098590764273,-33.019333740335824,-60.65991609262257,-33.018432459627775,2217
-60.69405091550926,-32.935584156969114,-60.69298208475154,-32.93468284299465,4193
-60.64426456278501,-32.95146091892028,-60.64305172064883,-32.950368202069036,4096
-60.6361827704239,-32.981594235022925,-60.635113429843834,-32.98069296494062,9354
-60.68096135895614,-33.004455116717665,-60.67836058376391,-33.00263868683223,6078
-60.72095938604645,-32.96658892435178,-60.719597613581435,-32.96554337530896,Avenida Rivarola y Benitez
-60.740277108003404,-32.927551318910034,-60.73786169170009,-32.925716103612984,3159
-60.673527686186944,-32.96523594827614,-60.67245851407644,-32.964334651687544,7411
-60.82006739039533,-32.950287085219216,-60.8189308110218,-32.9493887147063,Estancia Damfield
-60.642527550381295,-32.944891522200926,-60.639853784522806,-32.943057114296906,8039
-60.702826771282034,-32.935590324116205,-60.701071229749594,-32.93439837447882,1528
-60.64024743900978,-32.97612103674141,-60.63917816125744,-32.97521976322214,3955
-60.70176436285602,-32.96983135869505,-60.70049544118585,-32.968075741062954,3104
-60.814962068367876,-32.92036179549395,-60.81389333187914,-32.919460404470165,Juan Elorza y San José
-60.6495810370946,-32.97200725469888,-60.64830326474884,-32.97105524443554,9402
-60.654106414934816,-32.97850644816894,-60.652562498035266,-32.97729545581122,2551
-60.68540679949499,-32.96169255667362,-60.68390136681917,-32.959613365755686,3368
-60.654513369014445,-32.96359024227243,-60.65344423125106,-32.96268895769118,8253
-60.687766617503954,-32.913644364948034,-60.68597063111525,-32.91172639943367,Bulevar Rondeau y República de Siria
-60.719857477881455,-32.94434546449382,-60.71878852237652,-32.943444135470045,7126
-60.677143968421476,-32.945443850863725,-60.6760750318413,-32.94454254909996,
-60.69830766070735,-32.89290266140024,-60.69723933955258,-32.89200133856357,3934
-60.634456192506704,-33.00194993298991,-60.6333866077614,-33.00104866697361,9218
-60.69422011325296,-32.96842875465188,-60.693150887008095,-32.96752744531185,6707
-60.62851703826199,-32.97674993287099,-60.62744776200657,-32.97584866709254,4151
-60.67384704534878,-32.92518635126928,-60.672778354914186,-32.924285048694415,3379
-60.64826760197956,-32.93906011277258,-60.64700569735198,-32.93800038712751,8767
-60.730324227655224,-32.773087058706615,-60.72898915785435,-32.77187532245,Avenida San Martín y Napoleón Peña
-60.65142976176352,-32.94596894254687,-60.650360838502195,-32.94506765741675,7279
-60.681014396904644,-32.91667215417824,-60.679945803357455,-32.91577084578548,3256
-60.63530866247945,-32.95545708501384,-60.63402413817176,-32.95443811457052,8243
-60.624406006692716,-33.002783151149295,-60.62125478770334,-32.999974733020125,3723
-60.65499602001301,-32.97202654181933,-60.65392678025254,-32.97112525814426,7277
-60.66384902218403,-32.93859904708866,-60.66278017808019,-32.937697752874975,4819
-60.65096978833504,-32.96702414087799,-60.6499006119309,-32.966122859085615,5616
-60.67496908405726,-32.94817974996955,-60.67390011620578,-32.94727844999414,7561
-60.77607352827677,-33.000109391656736,-60.77264036222943,-32.99805373922423,Morelli y Avenida Belgrano
-60.65574924903856,-32.993384240520335,-60.654679751227086,-32.992482959443265,8499
-60.661638359380206,-32.940429141375915,-60.66038684230661,-32.939351358647805,1668
-60.6878568257032,-32.954287953647565,-60.68678777455844,-32.95338664631617,2595
-60.68043152656279,-33.02123974644147,-60.67936167370032,-33.020338453522186,6424
-60.64734293387051,-33.01020533629114,-60.6460088480935,-33.00779792474565,5415
-60.73112458541328,-32.91421046690371,-60.729783305323764,-32.91309902434609,3680
-60.66352116186432,-32.928588347705514,-60.66245243839987,-32.92768705225816,1854
-60.621591104787,-32.99996993787974,-60.62051949705267,-32.9987835620737,2917
-60.683511698129216,-32.91671855497275,-60.682443102132595,-32.91581724499098,5937
-60.63534095155241,-32.950251043926585,-60.63420174736862,-32.949351856059316,6092
-60.63989411795795,-32.939424939275554,-60.63882528230899,-32.93852366068803,4145
-60.80713348102324,-32.922837981236775,-60.80541092012184,-32.921899719039274,Estación YPF
-60.71981364917331,-32.922944166024564,-60.71874495108446,-32.92204283393928,3245
-60.68914825789332,-32.92630885607842,-60.688079542367916,-32.92540754388531,8124
-60.67195804297685,-33.00502535331142,-60.67054392947739,-33.00322754722292,5467
-60.67823688784609,-32.915339653385985,-60.677168312416306,-32.914438346577725,7446
-60.65715923286023,-32.974021342374215,-60.65608996740508,-32.97312005758942,8649
-60.632732008116584,-32.99765894145337,-60.631299831398934,-32.99602299934518,8000
-60.65373944214207,-32.938296449865696,-60.652401159394394,-32.93717025014664,8773
-60.69214221963692,-32.89874540011353,-60.6904306822768,-32.89763519820257,1109
-60.65878154864144,-32.99160940906306,-60.65735659224798,-32.98964486518352,Avenida José Uriburu y España
-60.66473930949086,-32.96442454308968,-60.66323429449183,-32.96341595737676,1822
-60.81264891046726,-32.92862846698797,-60.811415090172765,-32.92760083298159,Yrigoyen y Matheu
-60.75782791703476,-32.941303881676546,-60.756178879338805,-32.94026301890236,8830
-60.67680014049896,-32.97404564868871,-60.67573085976411,-32.973144351274954,8237
-60.76775164269422,-33.001961175228296,-60.76668195755884,-33.001059824735634,Avenida 9 de Julio y Lamadrid
-60.68276928134765,-32.98044845013539,-60.68169991891483,-32.97954714982829,8345
-60.688222291186975,-32.91136596094322,-60.686635309047205,-32.91046253892087,6875
-60.67817156822641,-32.978560648801704,-60.67710223203656,-32.97765935116196,9485
-60.71033969833775,-32.89421858789218,-60.70925700149349,-32.89318841199136,3921
-60.751340548679146,-33.00394967001632,-60.75027085157578,-33.00304832994757,Hernandarias y Antártida Argentina
-60.73050291096123,-32.930468649200954,-60.729025368825916,-32.92929206939282,6571
-60.6984208707822,-32.961839022710954,-60.69705179745338,-32.9604085799144,9769
-60.67780405556504,-32.97648274883413,-60.67673474469795,-32.975581451129536,2991
-60.735979337722014,-32.91066728664681,-60.734737960897114,-32.909593813342006,6194
-60.62067420803959,-33.06045007398166,-60.61652428799745,-33.0576903847815,
-60.695143000107485,-32.889018355675816,-60.69346970075368,-32.88784654313298,1867
-60.86618429041499,-32.921022610694145,-60.865115509826275,-32.920121189270134,San José y Mar del Plata
-60.763448025934515,-32.99944407408464,-60.762378374319,-32.99854272587928,Estanislao López y Lamadrid
-60.82098092855181,-32.93001679660761,-60.81991207169463,-32.92911540335657,San Marino
-60.66978610396911,-32.93519384924387,-60.6687172962944,-32.93429255071983,6351
